0,0,0,0,0
Voltage [V],Current [A],Time [s],Power [W],Cycle
-0.08088740706443787,-1.0578723049547989e-05,0.0992250015042373,8.556854775307397e-07,0
-0.07409553229808807,-1.0135720003745519e-05,0.10125000153493602,7.510115689019034e-07,0
-0.06867136061191559,-1.0057969120680355e-05,0.10327500156563474,6.906944245097522e-07,0
-0.06483005732297897,-1.0180259778280742e-05,0.10525500159565127,6.599868249887577e-07,0
-0.06224798783659935,-1.0413801646791399e-05,0.10728000162634999,6.482381982422293e-07,0
-0.060527950525283813,-1.0675423254724592e-05,0.1093050016570487,6.461614905984344e-07,0
-0.0596243292093277,-1.0930176358669996e-05,0.11128500168706523,6.517044335253505e-07,0
-0.05923613905906677,-1.120006709243171e-05,0.11331000171776395,6.634487317581624e-07,0
-0.059114810079336166,-1.1448379154899158e-05,0.11533500174846267,6.767687594580948e-07,0
-0.059393152594566345,-1.1691087820508983e-05,0.1173600017791614,6.943705629199661e-07,0
-0.059892438352108,-1.1929701031476725e-05,0.11934000180917792,7.14498883586799e-07,0
-0.0604993999004364,-1.2146036169724539e-05,0.12136500183987664,7.348278994373297e-07,0
-0.061141740530729294,-1.2355123544693924e-05,0.12339000187057536,7.554137579947803e-07,0
-0.062081970274448395,-1.2566691111715045e-05,0.1253700019005919,7.801649440456683e-07,0
-0.06283322721719742,-1.2780301403836347e-05,0.1273950019312906,8.030275820115163e-07,0
-0.06374677270650864,-1.2979231541976333e-05,0.12942000196198933,8.273841230115129e-07,0
-0.06461407989263535,-1.3187602235120721e-05,0.13140000199200585,8.521047844123867e-07,0
-0.06555958837270737,-1.3385497368290089e-05,0.13342500202270458,8.77547697629056e-07,0
-0.06659446656703949,-1.3582326573668979e-05,0.1354500020534033,9.045077929128109e-07,0
-0.0674440860748291,-1.3785854207526427e-05,0.13743000208341982,9.297743377874573e-07,0
-0.06844297051429749,-1.3980886251374613e-05,0.13945500211411854,9.568933854665798e-07,0
-0.06945643573999405,-1.4185420695866924e-05,0.14148000214481726,9.852687610072627e-07,0
-0.07037835568189621,-1.4371681572811212e-05,0.1434600021748338,1.011455317478261e-06,0
-0.0714191347360611,-1.4575925888493657e-05,0.1454850022055325,1.0410000149331695e-06,0
-0.07248969376087189,-1.4769602785236202e-05,0.14751000223623123,1.0706439828714928e-06,0
-0.07341689616441727,-1.4967376046115533e-05,0.14949000226624776,1.0988582930314503e-06,0
-0.07440956681966782,-1.5176919077930506e-05,0.15151500229694648,1.1293079742459613e-06,0
-0.07538734376430511,-1.537129719508812e-05,0.1535400023276452,1.158801265749407e-06,0
-0.07638654112815857,-1.5569175957352854e-05,0.15556500235834392,1.1892754995978714e-06,0
-0.07740124315023422,-1.5772842743899673e-05,0.15754500238836044,1.2208376363909861e-06,0
-0.07844915986061096,-1.5956529750837944e-05,0.15957000241905916,1.2517763532440807e-06,0
-0.07942693680524826,-1.616176450625062e-05,0.16159500244975789,1.2836794480992723e-06,0
-0.08046957105398178,-1.636268825677689e-05,0.1635750024797744,1.3166985053128614e-06,0
-0.08147527277469635,-1.655822416068986e-05,0.16560000251047313,1.349085830156774e-06,0
-0.08246733248233795,-1.675785460975021e-05,0.16762500254117185,1.3819755677929504e-06,0
-0.08353789150714874,-1.6958383639575914e-05,0.16960500257118838,1.4166676126194989e-06,0
-0.08435865491628647,-1.7154314264189452e-05,0.1716300026018871,1.4471148773382886e-06,0
-0.08548631519079208,-1.7352893337374553e-05,0.17365500263258582,1.483434909310997e-06,0
-0.0864870548248291,-1.7554079022374935e-05,0.17563500266260235,1.5182005948075235e-06,0
-0.08743473887443542,-1.7744448996381834e-05,0.17766000269330107,1.5514812644693834e-06,0
-0.08854812383651733,-1.7945130821317434e-05,0.1796850027239998,1.5890076662285202e-06,0
-0.08948090672492981,-1.8142462067771703e-05,0.1816650027540163,1.623403956046857e-06,0
-0.09041804075241089,-1.834614340623375e-05,0.18369000278471503,1.6588223421544175e-06,0
-0.09150287508964539,-1.8543323676567525e-05,0.18571500281541375,1.696767430123822e-06,0
-0.09253433346748352,-1.8735232515609823e-05,0.18769500284543028,1.7336522531902795e-06,0
-0.09355121850967407,-1.8939783331006765e-05,0.189720002876129,1.7718398089248966e-06,0
-0.09448616951704025,-1.9134509784635156e-05,0.19174500290682772,1.8079465351365028e-06,0
-0.09549839794635773,-1.932983286678791e-05,0.19372500293684425,1.8459680713490967e-06,0
-0.09652023762464523,-1.9533072190824896e-05,0.19575000296754297,1.8853367693977686e-06,0
-0.09756225347518921,-1.9722196157090366e-05,0.1977750029982417,1.924141900565453e-06,0
-0.09846153110265732,-1.9922175852116197e-05,0.1998000030289404,1.9615679372957475e-06,0
-0.09952743351459503,-2.0131643395870924e-05,0.20178000305895694,2.0036507996220795e-06,0
-0.10054555535316467,-2.0324940123828128e-05,0.20380500308965566,2.0435823922701187e-06,0
-0.10157328844070435,-2.0526673324638978e-05,0.20583000312035438,2.0849617103316665e-06,0
-0.10252872854471207,-2.0721490727737546e-05,0.2078100031503709,2.124548097865971e-06,0
-0.10360735654830933,-2.09133249882143e-05,0.20983500318106962,2.166774318664586e-06,0
-0.10456373542547226,-2.1114004994160496e-05,0.21186000321176834,2.207759231981498e-06,0
-0.1055896058678627,-2.1312798708095215e-05,0.21384000324178487,2.250410015528867e-06,0
-0.10658352822065353,-2.151571970898658e-05,0.2158650032724836,2.2932213187904426e-06,0
-0.10753989219665527,-2.171429878217168e-05,0.2178900033031823,2.3351533501607055e-06,0
-0.10850898176431656,-2.191214844060596e-05,0.21987000333319884,2.3776649155587097e-06,0
-0.10954540967941284,-2.211005994467996e-05,0.22189500336389756,2.4220555746763423e-06,0
-0.1105446070432663,-2.230443715234287e-05,0.22392000339459628,2.465635240326972e-06,0
-0.11153262108564377,-2.2504187654703856e-05,0.2259000034246128,2.5099510345323074e-06,0
-0.11255725473165512,-2.2702646674588323e-05,0.22792500345531153,2.555347584834401e-06,0
-0.11353503912687302,-2.2893171262694523e-05,0.22995000348601025,2.5991770950482276e-06,0
-0.11451157182455063,-2.3090746253728867e-05,0.23193000351602677,2.6441576481163465e-06,0
-0.11560478806495667,-2.3294182028621435e-05,0.2339550035467255,2.6929189765653033e-06,0
-0.11655402183532715,-2.3491011234000325e-05,0.2359800035774242,2.7379718363015892e-06,0
-0.11763948202133179,-2.369301910221111e-05,0.23796000360744074,2.7872344947056345e-06,0
-0.11858808994293213,-2.3894826881587505e-05,0.23998500363813946,2.8336418794044915e-06,0
-0.11958014219999313,-2.4082899471977726e-05,0.24201000366883818,2.879836543447236e-06,0
-0.12052224576473236,-2.4281478545162827e-05,0.2440350036995369,2.92645832475119e-06,0
-0.12162382900714874,-2.4485329049639404e-05,0.24601500372955343,2.9779994735171147e-06,0
-0.12257057428359985,-2.4683893570909277e-05,0.24804000376025215,3.0255190105416083e-06,0
-0.12348412722349167,-2.4882472644094378e-05,0.25006500379095087,3.0725904176184013e-06,0
-0.12455809861421585,-2.5083580112550408e-05,0.2520450038209674,3.124363045256637e-06,0
-0.12558242678642273,-2.527648030081764e-05,0.2540700038516661,3.1742817367958875e-06,0
-0.12654593586921692,-2.5475410438957624e-05,0.25609500388236484,3.2238096556503107e-06,0
-0.12758173048496246,-2.567598676250782e-05,0.25807500391238136,3.2757868230697364e-06,0
-0.12860141694545746,-2.587502240203321e-05,0.2601000039430801,3.327564544396925e-06,0
-0.12956491112709045,-2.607710484880954e-05,0.2621250039737788,3.3786777721878276e-06,0
-0.1306426078081131,-2.6277528377249837e-05,0.26410500400379533,3.432964833955613e-06,0
-0.13170604407787323,-2.647426663315855e-05,0.26613000403449405,3.4868209281161485e-06,0
-0.1326124519109726,-2.6669344151741825e-05,0.26815500406519277,3.536687118820041e-06,0
-0.1336662620306015,-2.6867373890127055e-05,0.2701350040952093,3.591261438471864e-06,0
-0.1346893459558487,-2.7063701054430567e-05,0.272160004125908,3.6451921941658657e-06,0
-0.13568852841854095,-2.7260179194854572e-05,0.27418500415660674,3.6988935993755435e-06,0
-0.1366303265094757,-2.7458681870484725e-05,0.27616500418662326,3.751688669484149e-06,0
-0.13762980699539185,-2.7651385607896373e-05,0.278190004217322,3.8056548643699336e-06,0
-0.13869324326515198,-2.785171636787709e-05,0.2802150042480207,3.862844873561992e-06,0
-0.13965675234794617,-2.8052396373823285e-05,0.2822400042787194,3.917706573145462e-06,0
-0.1406518965959549,-2.826012860168703e-05,0.28422000430873595,3.974840685872871e-06,0
-0.14170509576797485,-2.84534089587396e-05,0.28624500433943467,4.031993041423549e-06,0
-0.14276137948036194,-2.864463567675557e-05,0.2882700043701334,4.089347703926016e-06,0
-0.14365321397781372,-2.8848515285062604e-05,0.2902500044001499,4.144181939187328e-06,0
-0.14475975930690765,-2.9044946131762117e-05,0.29227500443084864,4.204539411115983e-06,0
-0.14569471776485443,-2.9244227334856987e-05,0.29430000446154736,4.26072944780323e-06,0
-0.14676621556282043,-2.9439455829560757e-05,0.2962800044915639,4.320717520333445e-06,0
-0.14772164821624756,-2.9639635613420978e-05,0.2983050045222626,4.378415825343537e-06,0
-0.14875653386116028,-2.983821468660608e-05,0.3003300045529613,4.438629393384687e-06,0
-0.14967812597751617,-3.0039900593692437e-05,0.30231000458297785,4.4963160254147595e-06,0
-0.1506478488445282,-3.0236426027840935e-05,0.3043350046136766,4.555052537840939e-06,0
-0.15172554552555084,-3.0430453989538364e-05,0.3063600046443753,4.617077232152883e-06,0
-0.1527688056230545,-3.0633767892140895e-05,0.3083400046743918,4.6798841326162405e-06,0
-0.15375247597694397,-3.08290145767387e-05,0.31036500470509054,4.7400373231028725e-06,0
-0.15479448437690735,-3.102829577983357e-05,0.31239000473578926,4.803009046333508e-06,0
-0.15577010810375214,-3.1220690289046615e-05,0.3143700047658058,4.863250301398556e-06,0
-0.15680715441703796,-3.142650530207902e-05,0.3163950047965045,4.9279008696909675e-06,0
-0.15777066349983215,-3.161913264193572e-05,0.31842000482720323,4.9885715362073995e-06,0
-0.15872672200202942,-3.18123638862744e-05,0.32040000485721976,5.0494722388040765e-06,0
-0.15979045629501343,-3.2018040656112134e-05,0.3224250048879185,5.116177326112449e-06,0
-0.16081105172634125,-3.2218373235082254e-05,0.3244500049186172,5.181070484845381e-06,0
-0.1618102490901947,-3.2408897823188454e-05,0.3264750049493159,5.244091829508793e-06,0
-0.16287490725517273,-3.261746678617783e-05,0.32845500497933244,5.312566877697391e-06,0
-0.163780078291893,-3.2810959964990616e-05,0.33048000501003116,5.37378159189833e-06,0
-0.16479355096817017,-3.3013042411766946e-05,0.3325050050407299,5.44033648729788e-06,0
-0.1658613085746765,-3.321608528494835e-05,0.3344850050707464,5.50926337108959e-06,0
-0.16681334376335144,-3.340285184094682e-05,0.33651000510144513,5.572041406820159e-06,0
-0.16780540347099304,-3.3607735531404614e-05,0.33853500513214385,5.63955962059378e-06,0
-0.1688477098941803,-3.38008176186122e-05,0.3405150051621604,5.707190647453531e-06,0
-0.1697966307401657,-3.399893830646761e-05,0.3425400051928591,5.772905173180955e-06,0
-0.17088860273361206,-3.420102075324394e-05,0.3445650052235578,5.844564648585125e-06,0
-0.17179687321186066,-3.439760621404275e-05,0.34654500525357435,5.909401193545413e-06,0
-0.1728227585554123,-3.459573053987697e-05,0.34857000528427307,5.9789295861412605e-06,0
-0.17387905716896057,-3.479605948086828e-05,0.3505950053149718,6.050306015728448e-06,0
-0.1747981756925583,-3.498964724713005e-05,0.3525750053449883,6.116126506924477e-06,0
-0.1758631467819214,-3.519427264109254e-05,0.35460000537568703,6.189375535363417e-06,0
-0.1768837571144104,-3.539425233611837e-05,0.35662500540638575,6.260668333468115e-06,0
-0.1778813898563385,-3.558534081093967e-05,0.3586050054364023,6.329969881961432e-06,0
-0.17886072397232056,-3.578090399969369e-05,0.360630005467101,6.399798393769314e-06,0
-0.17990273237228394,-3.597283284761943e-05,0.3626550054977997,6.471610920458183e-06,0
-0.18083056807518005,-3.61780657840427e-05,0.36468000552849844,6.542100187589676e-06,0
-0.181910440325737,-3.638349880930036e-05,0.36666000555851497,6.618538288990757e-06,0
-0.18287889659404755,-3.6579076549969614e-05,0.3686850055892137,6.6895411578876424e-06,0
-0.1838923692703247,-3.677625863929279e-05,0.3707100056199124,6.762873334077799e-06,0
-0.18494896590709686,-3.6975172406528145e-05,0.37269000564992893,6.8385199008240026e-06,0
-0.1859264373779297,-3.7179721402935684e-05,0.37471500568062766,6.9126931431517935e-06,0
-0.18695418536663055,-3.737620136234909e-05,0.3767400057113264,6.987637277797122e-06,0
-0.18795770406723022,-3.7575253372779116e-05,0.3787200057413429,7.0625583536920115e-06,0
-0.1890096515417099,-3.776180528802797e-05,0.3807450057720416,7.137345659076065e-06,0
-0.18988750874996185,-3.7968438846291974e-05,0.38277000580274034,7.209732263647659e-06,0
-0.1909143179655075,-3.8169120671227574e-05,0.38475000583275687,7.2870316402905665e-06,0
-0.19193586707115173,-3.8363847124855965e-05,0.3867750058634556,7.363398262094341e-06,0
-0.19298499822616577,-3.856277544400655e-05,0.3888000058941543,7.4420371506576325e-06,0
-0.19397521018981934,-3.876042683259584e-05,0.39078000592417084,7.518561941899891e-06,0
-0.19496196508407593,-3.895783447660506e-05,0.39280500595486956,7.595295964979085e-06,0
-0.19597545266151428,-3.915711567969993e-05,0.3948300059855683,7.673833470248472e-06,0
-0.1970137357711792,-3.935063796234317e-05,0.3968100060155848,7.752616189940411e-06,0
-0.1979880928993225,-3.955672582378611e-05,0.3988350060462835,7.831760707192794e-06,0
-0.19891592860221863,-3.974935316364281e-05,0.40086000607698224,7.906779495883546e-06,0
-0.19994056224822998,-3.99463351641316e-05,0.40284000610699877,7.986892712472712e-06,0
-0.2009499967098236,-4.015001468360424e-05,0.4048650061376975,8.068145318569642e-06,0
-0.20192062854766846,-4.03496487706434e-05,0.4068900061683962,8.147426441445973e-06,0
-0.20301973819732666,-4.05440223403275e-05,0.40891500619909493,8.231236800999853e-06,0
-0.2040291726589203,-4.073974196217023e-05,0.41089500622911146,8.31209584687949e-06,0
-0.2049681544303894,-4.093802999705076e-05,0.4129200062598102,8.390992454511415e-06,0
-0.20603874325752258,-4.1140461689792573e-05,0.4149450062905089,8.476529023599116e-06,0
-0.2070528119802475,-4.134201299166307e-05,0.4169250063205254,8.559980042847763e-06,0
-0.20798715949058533,-4.153307236265391e-05,0.41895000635122415,8.63834574562532e-06,0
-0.20900774002075195,-4.17358533013612e-05,0.42097500638192287,8.723116376355144e-06,0
-0.21002431213855743,-4.1928939026547596e-05,0.4229550064119394,8.806096577750175e-06,0
-0.21104896068572998,-4.213091597193852e-05,0.4249800064426381,8.891686028615446e-06,0
-0.21200531721115112,-4.2327388655394316e-05,0.42700500647333683,8.973631458606551e-06,0
-0.21301817893981934,-4.252243888913654e-05,0.42898500650335336,9.05805249624362e-06,0
-0.21399657428264618,-4.2729105189209804e-05,0.4310100065340521,9.143882132653738e-06,0
-0.21514563262462616,-4.2920681153191254e-05,0.4330350065647508,9.234197099383201e-06,0
-0.21604181826114655,-4.312799865147099e-05,0.43501500659476733,9.317451246628069e-06,0
-0.21697986125946045,-4.332589378464036e-05,0.43704000662546605,9.400846422333384e-06,0
-0.21814320981502533,-4.351396637503058e-05,0.43906500665616477,9.492276296832252e-06,0
-0.21908779442310333,-4.371711838757619e-05,0.4410450066861813,9.577887046067764e-06,0
-0.2200559377670288,-4.392163464217447e-05,0.44307000671688,9.665216499444521e-06,0
-0.22102658450603485,-4.4109008740633726e-05,0.44509500674757874,9.74926354788911e-06,0
-0.22211143374443054,-4.430477201822214e-05,0.44707500677759526,9.840596434687447e-06,0
-0.2232034057378769,-4.451107088243589e-05,0.449100006808294,9.935022613999736e-06,0
-0.22406697273254395,-4.47075508418493e-05,0.4511250068389927,1.0017485575419469e-05,0
-0.22505903244018555,-4.490157516556792e-05,0.4531500068696914,1.010550506180298e-05,0
-0.22613301873207092,-4.5104752643965185e-05,0.45513000689970795,1.0199673874543205e-05,0
-0.22710739076137543,-4.530083606368862e-05,0.45715500693040667,1.028815467773314e-05,0
-0.22817081212997437,-4.55081753898412e-05,0.4591800069611054,1.0383637337253379e-05,0
-0.22918643057346344,-4.570117744151503e-05,0.4611600069911219,1.0474089730825318e-05,0
-0.23016920685768127,-4.588992305798456e-05,0.46318500702182064,1.0562447193016326e-05,0
-0.23106132447719574,-4.6095505240373313e-05,0.46521000705251936,1.0650888493286175e-05,0
-0.232135608792305,-4.6291395847219974e-05,0.4671900070825359,1.0745881356839988e-05,0
-0.23313108086585999,-4.649021866498515e-05,0.4692150071132346,1.0838314927058166e-05,0
-0.234151691198349,-4.668844849220477e-05,0.4712400071439333,1.0932179173876754e-05,0
-0.23513691127300262,-4.689220440923236e-05,0.47322000717394985,1.1026088107569173e-05,0
-0.23617860674858093,-4.7087356506381184e-05,0.4752450072046486,1.1121026255150835e-05,0
-0.23724204301834106,-4.7286986955441535e-05,0.4772700072353473,1.1218461393490593e-05,0
-0.23810097575187683,-4.747913044411689e-05,0.4792500072653638,1.1304827286594873e-05,0
-0.23922614753246307,-4.7684148739790544e-05,0.48127500729606254,1.1407295201385046e-05,0
-0.24021820724010468,-4.787887883139774e-05,0.48330000732676126,1.1501378437544564e-05,0
-0.2411097139120102,-4.807847653864883e-05,0.4852800073567778,1.1592187723558913e-05,0
-0.2422165870666504,-4.8273235734086484e-05,0.4873050073874765,1.1692578406174298e-05,0
-0.24327287077903748,-4.8470763431396335e-05,0.48933000741817523,1.1791621768807376e-05,0
-0.24422210454940796,-4.8672496632207185e-05,0.49135500744887395,1.188689956119161e-05,0
-0.24519087374210358,-4.887444447376765e-05,0.4933350074788905,1.1983567744183017e-05,0
-0.2462918609380722,-4.907455877400935e-05,0.4953600075095892,1.2086664405165561e-05,0
-0.24718397855758667,-4.926718247588724e-05,0.4973850075402879,1.2178058176712421e-05,0
-0.24827410280704498,-4.946903572999872e-05,0.49936500757030444,1.2281880462595084e-05,0
-0.24928943812847137,-4.966574488207698e-05,0.5013900076010032,1.2381145635884973e-05,0
-0.2502672076225281,-4.986467683920637e-05,0.5034150076317019,1.2479493431547927e-05,0
-0.2512977421283722,-5.007131039747037e-05,0.5053950076617184,1.258280724829319e-05,0
-0.252265602350235,-5.025903374189511e-05,0.5074200076924171,1.2678625420439954e-05,0
-0.2532719075679779,-5.045761281508021e-05,0.5094450077231159,1.2779495849001813e-05,0
-0.25426924228668213,-5.0650560297071934e-05,0.5114250077531324,1.2878879588132386e-05,0
-0.2552274763584137,-5.085652446723543e-05,0.5134500077838311,1.2979982396132419e-05,0
-0.2562837600708008,-5.104915180709213e-05,0.5154750078145298,1.3083068573546686e-05,0
-0.25724074244499207,-5.124954259372316e-05,0.5174550078445463,1.318347038677559e-05,0
-0.2582821249961853,-5.1454713684506714e-05,0.5194800078752451,1.328983279150469e-05,0
-0.25929561257362366,-5.165539914742112e-05,0.5215050079059438,1.3394018364665597e-05,0
-0.2602941691875458,-5.184195106266998e-05,0.5234850079359603,1.3494157580919088e-05,0
-0.26123690605163574,-5.204590706853196e-05,0.525510007966659,1.3596311735234248e-05,0
-0.2622646391391754,-5.224133201409131e-05,0.5275350079973578,1.370105408882551e-05,0
-0.2633178234100342,-5.2438372222241014e-05,0.5295150080273743,1.3807958036725701e-05,0
-0.26433438062667847,-5.2636387408711016e-05,0.531540008058073,1.3913606864107524e-05,0
-0.2653549909591675,-5.283567224978469e-05,0.5335650080887717,1.4020209332163153e-05,0
-0.26630422472953796,-5.3034600568935275e-05,0.5355900081194704,1.4123338188351021e-05,0
-0.26730215549468994,-5.323872028384358e-05,0.537570008149487,1.423082468765026e-05,0
-0.2684239447116852,-5.3437364840647206e-05,0.5395950081801857,1.4343868265524035e-05,0
-0.26930180191993713,-5.3627540182787925e-05,0.5416200082108844,1.4441993203758623e-05,0
-0.27041518688201904,-5.382966628530994e-05,0.5436000082409009,1.4556359268338807e-05,0
-0.27142152190208435,-5.402820170274936e-05,0.5456250082715997,1.4664416731793016e-05,0
-0.2723778784275055,-5.422222602646798e-05,0.5476500083022984,1.476893488870602e-05,0
-0.2733568847179413,-5.4422074754256755e-05,0.5496300083323149,1.4876648814710547e-05,0
-0.2743191719055176,-5.462078843265772e-05,0.5516550083630136,1.4983529451673139e-05,0
-0.27530407905578613,-5.481761763803661e-05,0.5536800083937123,1.5091513739871887e-05,0
-0.2764475643634796,-5.50217846466694e-05,0.5556600084237289,1.5210638352503654e-05,0
-0.277402400970459,-5.521337880054489e-05,0.5576850084544276,1.5316323844962593e-05,0
-0.2784229815006256,-5.541300561162643e-05,0.5597100084851263,1.542825423629993e-05,0
-0.2793222665786743,-5.560871068155393e-05,0.5616900085151428,1.553275110908938e-05,0
-0.28047847747802734,-5.580421566264704e-05,0.5637150085458416,1.5651881445914728e-05,0
-0.28148478269577026,-5.601049633696675e-05,0.5657400085765403,1.5766102390093323e-05,0
-0.2823905646800995,-5.6206961744464934e-05,0.5677200086065568,1.5872315665972202e-05,0
-0.28346890211105347,-5.6409407989121974e-05,0.5697450086372555,1.5990312951410894e-05,0
-0.2844109833240509,-5.660588794853538e-05,0.5717700086679542,1.609933625337399e-05,0
-0.2854216694831848,-5.679790410795249e-05,0.5737500086979708,1.621135261363764e-05,0
-0.28638797998428345,-5.700164911104366e-05,0.5757750087286695,1.632458714468472e-05,0
-0.28744423389434814,-5.7195320550817996e-05,0.5778000087593682,1.6440465098071545e-05,0
-0.28840774297714233,-5.739075277233496e-05,0.5798250087900669,1.65519374748283e-05,0
-0.28936877846717834,-5.7601177104515955e-05,0.5818050088200835,1.6667982257005383e-05,0
-0.29046323895454407,-5.7793164160102606e-05,0.5838300088507822,1.6786789651375075e-05,0
-0.2914695739746094,-5.799104110337794e-05,0.5858550088814809,1.690262404474563e-05,0
-0.29239243268966675,-5.8196506870444864e-05,0.5878350089114974,1.701621821789028e-05,0
-0.2934037148952484,-5.8392757637193426e-05,0.5898600089421961,1.713265201373044e-05,0
-0.29437434673309326,-5.8587836974766105e-05,0.5918850089728949,1.724675623595174e-05,0
-0.29543840885162354,-5.878525917069055e-05,0.5938650090029114,1.7367423433319127e-05,0
-0.2965083420276642,-5.897588562220335e-05,0.5958900090336101,1.7486842065452674e-05,0
-0.29744330048561096,-5.918077295063995e-05,0.5979150090643088,1.7602924431727915e-05,0
-0.29849928617477417,-5.938205140409991e-05,0.5998950090943254,1.772549995571757e-05,0
-0.2994844913482666,-5.958213296253234e-05,0.6019200091250241,1.7843924783728787e-05,0
-0.3005408048629761,-5.978316767141223e-05,0.6039450091557228,1.7967281329224483e-05,0
-0.3015229105949402,-5.997627886245027e-05,0.6059250091857393,1.8084222169259794e-05,0
-0.30253204703330994,-6.017612395226024e-05,0.607950009216438,1.8205205961807484e-05,0
-0.3035026788711548,-6.037435377947986e-05,0.6099750092471368,1.8323778107186967e-05,0
-0.3044944405555725,-6.056649363017641e-05,0.6119550092771533,1.8442160594333212e-05,0
-0.3055795729160309,-6.076976569602266e-05,0.613980009307852,1.856999904759787e-05,0
-0.306507408618927,-6.0970090999035165e-05,0.6160050093385507,1.8687784595374434e-05,0
-0.30755653977394104,-6.115886935731396e-05,0.6180300093692495,1.8809810236021995e-05,0
-0.3085681200027466,-6.136574666015804e-05,0.620010009399266,1.893551307948979e-05,0
-0.30958348512649536,-6.155987648526207e-05,0.6220350094299647,1.905792110626402e-05,0
-0.3104970157146454,-6.176021270221099e-05,0.6240600094606634,1.9176361733938248e-05,0
-0.31163647770881653,-6.195924652274698e-05,0.62604000949068,1.9308761347841107e-05,0
-0.31248825788497925,-6.215211760718375e-05,0.6280650095213787,1.9421806954931196e-05,0
-0.3135659694671631,-6.234859756659716e-05,0.6300900095520774,1.9550398440888045e-05,0
-0.31454840302467346,-6.255238258745521e-05,0.6320700095820939,1.967575204827243e-05,0
-0.3156143128871918,-6.275415944401175e-05,0.6340950096127926,1.9806110913735044e-05,0
-0.3165421485900879,-6.29516871413216e-05,0.6361200096434914,1.9926862305084947e-05,0
-0.3175124526023865,-6.3144056184683e-05,0.6381000096735079,2.0049024146461588e-05,0
-0.31858330965042114,-6.334990030154586e-05,0.6401250097042066,2.0182220904090692e-05,0
-0.3196538984775543,-6.354392826324329e-05,0.6421500097349053,2.0312064393923765e-05,0
-0.3206329345703125,-6.37452321825549e-05,0.6441300097649219,2.0438820859558504e-05,0
-0.3216094374656677,-6.394424417521805e-05,0.6461550097956206,2.0565072398359176e-05,0
-0.32258009910583496,-6.414527160814032e-05,0.6481800098263193,2.0691988072524606e-05,0
-0.32363420724868774,-6.433434464270249e-05,0.6501600098563358,2.0820794627304882e-05,0
-0.32464271783828735,-6.453822425100952e-05,0.6521850098870345,2.09518645253046e-05,0
-0.32563477754592896,-6.473260873463005e-05,0.6542100099177333,2.1079188645268913e-05,0
-0.32662805914878845,-6.492748070741072e-05,0.6561900099477498,2.120713700888197e-05,0
-0.32769739627838135,-6.513152038678527e-05,0.6582150099784485,2.1343429646401846e-05,0
-0.32858237624168396,-6.532239785883576e-05,0.6602400100091472,2.146378871026094e-05,0
-0.32961010932922363,-6.552762351930141e-05,0.662265010039846,2.1598567152281145e-05,0
-0.3306198716163635,-6.57336859148927e-05,0.6642450100698625,2.173286279805219e-05,0
-0.3316798806190491,-6.592374120373279e-05,0.6662700101005612,2.1865578612415178e-05,0
-0.3326647877693176,-6.612266588490456e-05,0.6682950101312599,2.1996682613343276e-05,0
-0.3336956202983856,-6.632754957536235e-05,0.6702750101612764,2.2133212798422465e-05,0
-0.3346417546272278,-6.652227602899075e-05,0.6723000101919752,2.2261131172138238e-05,0
-0.3356909155845642,-6.671770825050771e-05,0.6743250102226739,2.2396528568316768e-05,0
-0.3366745710372925,-6.691447197226807e-05,0.6763050102526904,2.2528401147450285e-05,0
-0.33768928050994873,-6.711171590723097e-05,0.6783300102833891,2.266290705850091e-05,0
-0.338667094707489,-6.730294262524694e-05,0.6803550103140878,2.2793292044157205e-05,0
-0.33962374925613403,-6.750651664333418e-05,0.6823350103441044,2.2926816281630766e-05,0
-0.3406868875026703,-6.770675099687651e-05,0.6843600103748031,2.3066802260044176e-05,0
-0.3416646420955658,-6.791023770347238e-05,0.6863850104055018,2.3202527059581687e-05,0
-0.34264740347862244,-6.810623017372563e-05,0.6883650104355183,2.3336422929744497e-05,0
-0.34364160895347595,-6.831019709352404e-05,0.6903900104662171,2.3474226037147657e-05,0
-0.34475499391555786,-6.850493082311004e-05,0.6924150104969158,2.3617417009107015e-05,0
-0.34570080041885376,-6.870228389743716e-05,0.6943950105269323,2.3750434533947352e-05,0
-0.3467819392681122,-6.890033546369523e-05,0.696420010557631,2.3893391948323715e-05,0
-0.34782394766807556,-6.909891089890152e-05,0.6984450105883298,2.403425596842054e-05,0
-0.3486797511577606,-6.929688242962584e-05,0.7004250106183463,2.4162419721570532e-05,0
-0.34976524114608765,-6.949922681087628e-05,0.702450010649045,2.4308413824972782e-05,0
-0.3507786989212036,-6.969290552660823e-05,0.7044750106797437,2.4446786724661995e-05,0
-0.35173505544662476,-6.989323446759954e-05,0.7065000107104424,2.458390070080507e-05,0
-0.3528205156326294,-7.009431283222511e-05,0.708480010740459,2.4730711596380496e-05,0
-0.3537762761116028,-7.02872421243228e-05,0.7105050107711577,2.4865958776897502e-05,0
-0.3548396825790405,-7.048301631584764e-05,0.7125300108018564,2.501017113672871e-05,0
-0.3558664917945862,-7.067940896376967e-05,0.7145100108318729,2.5152433310051542e-05,0
-0.35686665773391724,-7.088053098414093e-05,0.7165350108625717,2.5294898190715738e-05,0
-0.3577445149421692,-7.108541467459872e-05,0.7185600108932704,2.5430417192227276e-05,0
-0.3588678240776062,-7.128094875952229e-05,0.7205400109232869,2.5580438979517107e-05,0
-0.35979998111724854,-7.147942233132198e-05,0.7225650109539856,2.5718294805081483e-05,0
-0.3608633875846863,-7.167625153670087e-05,0.7245900109846843,2.5865334938905953e-05,0
-0.3618541955947876,-7.187883602455258e-05,0.7265700110147009,2.6009658389954116e-05,0
-0.3628332316875458,-7.207971066236496e-05,0.7285950110453996,2.615291435872913e-05,0
-0.3637967109680176,-7.227058813441545e-05,0.7306200110760983,2.6291802263024577e-05,0
-0.3648108243942261,-7.246502354973927e-05,0.7326000111061148,2.643602498092739e-05,0
-0.36585935950279236,-7.266565080499277e-05,0.7346250111368136,2.658540846136822e-05,0
-0.3668585419654846,-7.287543849088252e-05,0.7366500111675123,2.6734977109860517e-05,0
-0.367841899394989,-7.306291809072718e-05,0.7386300111975288,2.687560256583359e-05,0
-0.3689068555831909,-7.326628838200122e-05,0.7406550112282275,2.7028436067255343e-05,0
-0.3699131906032562,-7.346382335526869e-05,0.7426800112589262,2.7175237291261452e-05,0
-0.3709266781806946,-7.365539931925014e-05,0.744705011289625,2.7320752599562046e-05,0
-0.37185603380203247,-7.386180368484929e-05,0.7466850113196415,2.7465957367712405e-05,0
-0.37291789054870605,-7.405290671158582e-05,0.7487100113503402,2.76156537598847e-05,0
-0.37384575605392456,-7.426374941132963e-05,0.7507350113810389,2.776318754607772e-05,0
-0.37489455938339233,-7.445676601491868e-05,0.7527150114110555,2.791343648827528e-05,0
-0.37593692541122437,-7.465320231858641e-05,0.7547400114417542,2.806489535175146e-05,0
-0.37688612937927246,-7.48500315239653e-05,0.7567650114724529,2.8209938664983808e-05,0
-0.37789586186408997,-7.505026587750763e-05,0.7587450115024694,2.8361184906909847e-05,0
-0.37897729873657227,-7.524613465648144e-05,0.7607700115331681,2.8516576852481712e-05,0
-0.3800121545791626,-7.544962136307731e-05,0.7627950115638669,2.8671773176365024e-05,0
-0.3808450400829315,-7.56415756768547e-05,0.7647750115938834,2.8807718920587826e-05,0
-0.381939172744751,-7.583943079225719e-05,0.7668000116245821,2.8966049458227505e-05,0
-0.3829740285873413,-7.603695848956704e-05,0.7688250116552808,2.9120180314277933e-05,0
-0.38395804166793823,-7.623800047440454e-05,0.7708050116852974,2.9272193362831714e-05,0
-0.38493674993515015,-7.643587014172226e-05,0.7728300117159961,2.9422975430819752e-05,0
-0.38595736026763916,-7.663654832867905e-05,0.7748550117466948,2.9578439892960322e-05,0
-0.3868997395038605,-7.683406147407368e-05,0.7768350117767113,2.9727078369342708e-05,0
-0.3878915011882782,-7.703230949118733e-05,0.77886001180741,2.9880178168536706e-05,0
-0.3889263868331909,-7.723334420006722e-05,0.7808850118381088,3.0038085502776327e-05,0
-0.38994574546813965,-7.743085734546185e-05,0.7828650118681253,3.0193833389813296e-05,0
-0.3909033536911011,-7.763330359011889e-05,0.784890011898824,3.034711873149687e-05,0
-0.39194536209106445,-7.78276807977818e-05,0.7869150119295227,3.050419853099437e-05,0
-0.39301595091819763,-7.802731124684215e-05,0.7889400119602215,3.066597792726784e-05,0
-0.3940120041370392,-7.823303167242557e-05,0.790920011990238,3.082475359896886e-05,0
-0.3950713872909546,-7.842481863917783e-05,0.7929450120209367,3.09834018978215e-05,0
-0.3960277736186981,-7.86139426054433e-05,0.7949700120516354,3.1133304665421826e-05,0
-0.3970133066177368,-7.882178033469245e-05,0.796950012081652,3.129329564417315e-05,0
-0.3980047404766083,-7.901775825303048e-05,0.7989750121123507,3.144944236654077e-05,0
-0.3986256718635559,-7.914593879831955e-05,0.7996500121225836,3.154960302875201e-05,0
-0.39895710349082947,-7.904653466539457e-05,0.8016300121526001,3.153617651109326e-05,0
-0.39850282669067383,-7.863941573305055e-05,0.8036100121826166,3.1338029458923694e-05,0
-0.3979119658470154,-7.831344555597752e-05,0.8056350122133153,3.116185707343223e-05,0
-0.3971126079559326,-7.802976324455813e-05,0.8076600122440141,3.098660278023045e-05,0
-0.3962685763835907,-7.779046427458525e-05,0.8096400122740306,3.082591653430847e-05,0
-0.39545679092407227,-7.755625119898468e-05,0.8116650123047293,3.0670146215251715e-05,0
-0.3944147825241089,-7.733840902801603e-05,0.813690012335428,3.0503411777545522e-05,0
-0.3934940993785858,-7.713492959737778e-05,0.8157150123661268,3.035213965255079e-05,0
-0.3924108147621155,-7.691993960179389e-05,0.8176950123961433,3.018421617059265e-05,0
-0.3914600610733032,-7.672060746699572e-05,0.819720012426842,3.0033053684611066e-05,0
-0.39051079750061035,-7.652622298337519e-05,0.8217450124575407,2.9884316366947383e-05,0
-0.38950634002685547,-7.632023334736004e-05,0.8237250124875573,2.9727214761125775e-05,0
-0.3884553611278534,-7.61227638577111e-05,0.825750012518256,2.9570295724397474e-05,0
-0.3874633014202118,-7.59220783947967e-05,0.8277750125489547,2.9417019145532063e-05,0
-0.38650503754615784,-7.572527101729065e-05,0.8297550125789712,2.92681987177309e-05,0
-0.38543635606765747,-7.552422175649554e-05,0.8317800126096699,2.9109780828669336e-05,0
-0.38445860147476196,-7.532809104304761e-05,0.8338050126403687,2.8960532534173626e-05,0
-0.3835037648677826,-7.51292027416639e-05,0.8357850126703852,2.881233210294304e-05,0
-0.3825030028820038,-7.49330356484279e-05,0.8378100127010839,2.866211115058791e-05,0
-0.3815038204193115,-7.47365556890145e-05,0.8398350127317826,2.851228152033966e-05,0
-0.3804577589035034,-7.453533908119425e-05,0.8418150127617992,2.835754806594388e-05,0
-0.3794769048690796,-7.433974678860977e-05,0.8438400127924979,2.8210217020092736e-05,0
-0.3784705400466919,-7.414221181534231e-05,0.8458650128231966,2.8060642946008824e-05,0
-0.3775235116481781,-7.394549174932763e-05,0.8478450128532131,2.7916161715757547e-05,0
-0.3764793276786804,-7.374960841843858e-05,0.8498700128839118,2.7765202993939708e-05,0
-0.3754587173461914,-7.354858098551631e-05,0.8518950129146106,2.7614455879454436e-05,0
-0.3744179308414459,-7.335455302381888e-05,0.8538750129446271,2.7465259960977395e-05,0
-0.37349602580070496,-7.315281982300803e-05,0.8559000129753258,2.732228748000853e-05,0
-0.3724040687084198,-7.295388786587864e-05,0.8579250130060245,2.7168324669351023e-05,0
-0.3714619576931,-7.275460666278377e-05,0.8599500130367232,2.7025568622149115e-05,0
-0.37056764960289,-7.255090895341709e-05,0.8619300130667398,2.688501980742104e-05,0
-0.369427889585495,-7.235955126816407e-05,0.8639550130974385,2.673163631635128e-05,0
-0.36836445331573486,-7.21581673133187e-05,0.8659800131281372,2.658050385463597e-05,0
-0.36743229627609253,-7.195375656010583e-05,0.8679600131581537,2.6438133998570642e-05,0
-0.36643028259277344,-7.176731014624238e-05,0.8699850131888525,2.6297715737810812e-05,0
-0.36549538373947144,-7.156768697313964e-05,0.8720100132195512,2.6157659213594045e-05,0
-0.3644086718559265,-7.136792555684224e-05,0.8739900132495677,2.6007090965281515e-05,0
-0.3633613586425781,-7.116456981748343e-05,0.8760150132802664,2.5858454776095385e-05,0
-0.36246925592422485,-7.097334309946746e-05,0.8780400133109652,2.5725654863718687e-05,0
-0.36148184537887573,-7.076857582433149e-05,0.8800200133409817,2.558155538381424e-05,0
-0.36037808656692505,-7.056672620819882e-05,0.8820450133716804,2.543070176620277e-05,0
-0.3594573736190796,-7.038285548333079e-05,0.8840700134023791,2.529963637984932e-05,0
-0.3583315908908844,-7.018201722530648e-05,0.8860500134323956,2.5148433884275524e-05,0
-0.35740190744400024,-6.997799209784716e-05,0.8880750134630944,2.5010267854871752e-05,0
-0.35639557242393494,-6.97846626280807e-05,0.8901000134937931,2.4870944783746e-05,0
-0.3554345369338989,-6.958595622563735e-05,0.8920800135238096,2.473325212816197e-05,0
-0.3544257581233978,-6.938610022189096e-05,0.8941050135545083,2.4592221174369764e-05,0
-0.35346221923828125,-6.918962753843516e-05,0.896130013585207,2.445591929800539e-05,0
-0.3523560166358948,-6.899349682498723e-05,0.8981550136159058,2.4310273715033755e-05,0
-0.35132360458374023,-6.878707063151523e-05,0.9001350136459223,2.416652160302027e-05,0
-0.35045039653778076,-6.859633140265942e-05,0.902160013676621,2.4039611541099015e-05,0
-0.34932273626327515,-6.84002079651691e-05,0.9041850137073197,2.3893747807369938e-05,0
-0.34827759861946106,-6.81964957038872e-05,0.9061650137373363,2.3751311758012225e-05,0
-0.34744569659233093,-6.799639231758192e-05,0.908190013768035,2.362505389454767e-05,0
-0.3463037610054016,-6.779255636502057e-05,0.9102150137987337,2.3476817237377302e-05,0
-0.34535080194473267,-6.759129610145465e-05,0.9121950138287502,2.3342708313121244e-05,0
-0.34437674283981323,-6.739539821865037e-05,0.914220013859449,2.3209407720930966e-05,0
-0.34330618381500244,-6.720277451677248e-05,0.9162450138901477,2.3071128061133254e-05,0
-0.3423048257827759,-6.699852383462712e-05,0.9182250139201642,2.2933918028915194e-05,0
-0.3413577675819397,-6.680771184619516e-05,0.9202500139508629,2.2805331373074687e-05,0
-0.34033000469207764,-6.661158840870485e-05,0.9222750139815616,2.2669922195681265e-05,0
-0.33927372097969055,-6.641013897024095e-05,0.9242550140115782,2.2531214959212002e-05,0
-0.33834588527679443,-6.620882777497172e-05,0.9262800140422769,2.2401484446661624e-05,0
-0.33726105093955994,-6.60102377878502e-05,0.9283050140729756,2.226268216910061e-05,0
-0.33628731966018677,-6.581591151189059e-05,0.9302850141029921,2.2133056473325717e-05,0
-0.3353411853313446,-6.561413465533406e-05,0.9323100141336909,2.2003121689810178e-05,0
-0.3342849016189575,-6.541695620398968e-05,0.9343350141643896,2.1867900768862344e-05,0
-0.33325624465942383,-6.522241164930165e-05,0.9363150141944061,2.1735775973877325e-05,0
-0.3322579860687256,-6.502434553112835e-05,0.9383400142251048,2.160485809160964e-05,0
-0.3312373757362366,-6.482366734417155e-05,0.9403650142558035,2.1472021456682162e-05,0
-0.33029526472091675,-6.462158489739522e-05,0.9423900142865023,2.134420349037035e-05,0
-0.3292123079299927,-6.442644371418282e-05,0.9443700143165188,2.1209978226867897e-05,0
-0.3282540738582611,-6.422547448892146e-05,0.9463950143472175,2.108227364646829e-05,0
-0.32717639207839966,-6.402549479389563e-05,0.9484200143779162,2.0947630387701133e-05,0
-0.32624080777168274,-6.38336714473553e-05,0.9504000144079328,2.0825148536017394e-05,0
-0.32513517141342163,-6.363674037856981e-05,0.9524250144386315,2.0690542491177705e-05,0
-0.32427871227264404,-6.34381576674059e-05,0.9544500144693302,2.0571644077335347e-05,0
-0.32322460412979126,-6.32354203844443e-05,0.9564300144993467,2.043924372074294e-05,0
-0.32223039865493774,-6.303574627963826e-05,0.9584550145300454,2.0312033653199345e-05,0
-0.3212454617023468,-6.284101982600987e-05,0.9604800145607442,2.018739242785287e-05,0
-0.3201786279678345,-6.264154944801703e-05,0.9624600145907607,2.0056485356045352e-05,0
-0.31920427083969116,-6.244000542210415e-05,0.9644850146214594,1.9931116401989118e-05,0
-0.31826215982437134,-6.225368269952014e-05,0.9665100146521581,1.981299151297038e-05,0
-0.31709539890289307,-6.203965313034132e-05,0.9684900146821747,1.96724885571627e-05,0
-0.3162209689617157,-6.184881931403652e-05,0.9705150147128734,1.9557893572622704e-05,0
-0.31515753269195557,-6.165233935462311e-05,0.9725400147435721,1.943019915569017e-05,0
-0.314257949590683,-6.146039959276095e-05,0.9745200147735886,1.9314419157045104e-05,0
-0.31319481134414673,-6.125657819211483e-05,0.9765450148042873,1.9185242450467377e-05,0
-0.3121242821216583,-6.106115324655548e-05,0.9785700148349861,1.9058668622601695e-05,0
-0.31125667691230774,-6.0859587392769754e-05,0.9805500148650026,1.8942952930127693e-05,0
-0.31016871333122253,-6.065838897484355e-05,0.9825750148957013,1.8814334461072038e-05,0
-0.30911242961883545,-6.0464713897090405e-05,0.9846000149264,1.869039461893738e-05,0
-0.3081846237182617,-6.0269634559517726e-05,0.9866250149570988,1.8574174648362113e-05,0
-0.3072127103805542,-6.006471812725067e-05,0.9886050149871153,1.8452644854116684e-05,0
-0.3061220049858093,-5.9866521041840315e-05,0.990630015017814,1.83264594528533e-05,0
-0.3051370680332184,-5.9680547565221786e-05,0.9926550150485127,1.8210747302668806e-05,0
-0.3040773570537567,-5.9464644436957315e-05,0.9946350150785292,1.8081851918531357e-05,0
-0.303181529045105,-5.927253369009122e-05,0.996660015109228,1.7970337394539355e-05,0
-0.30206099152565,-5.9073601732961833e-05,0.9986850151399267,1.784383071244981e-05,0
-0.3010760545730591,-5.887369843549095e-05,1.0006650151699432,1.7725460843081697e-05,0
-0.3000625967979431,-5.867644358659163e-05,1.002690015200642,1.76066060334607e-05,0
-0.29904913902282715,-5.847961438121274e-05,1.0047150152313407,1.748827833108861e-05,0
-0.29802265763282776,-5.8278365031583235e-05,1.0066950152613572,1.736827322920849e-05,0
-0.2970578968524933,-5.8079647715203464e-05,1.008720015292056,1.7253018000212058e-05,0
-0.2961729168891907,-5.788212001789361e-05,1.0107450153227546,1.7143116321429765e-05,0
-0.2950138747692108,-5.768705887021497e-05,1.0127250153527712,1.701848276134169e-05,0
-0.29405319690704346,-5.748636249336414e-05,1.0147500153834699,1.6904048669730883e-05,0
-0.2930397391319275,-5.7281482440885156e-05,1.0167750154141686,1.678575067156707e-05,0
-0.2920573055744171,-5.70899028389249e-05,1.0187550154441851,1.6673523198641673e-05,0
-0.2911127209663391,-5.689762474503368e-05,1.0207800154748838,1.656362235604846e-05,0
-0.2900778353214264,-5.670009704772383e-05,1.0228050155055826,1.6447441414118528e-05,0
-0.28902867436408997,-5.649591548717581e-05,1.0248300155362813,1.6328939560244084e-05,0
-0.28800588846206665,-5.6293571105925366e-05,1.0268100155662978,1.621287996106456e-05,0
-0.2870374321937561,-5.609945219475776e-05,1.0288350155969965,1.6102642705459642e-05,0
-0.286088228225708,-5.5908581998664886e-05,1.0308600156276952,1.599478716660975e-05,0
-0.2850343883037567,-5.5699343647575006e-05,1.0328400156577118,1.587622834550728e-05,0
-0.28404700756073,-5.5507218348793685e-05,1.0348650156884105,1.576665926999489e-05,0
-0.2830621004104614,-5.531108763534576e-05,1.0368900157191092,1.5656472642048072e-05,0
-0.2820107340812683,-5.510839764610864e-05,1.0388700157491257,1.5541159674221537e-05,0
-0.28105658292770386,-5.491077899932861e-05,1.0408950157798245,1.5433035911449622e-05,0
-0.28000742197036743,-5.4712898418074474e-05,1.0429200158105232,1.5320017634571628e-05,0
-0.27906903624534607,-5.4510877816937864e-05,1.0449000158405397,1.5212298137260664e-05,0
-0.277937650680542,-5.431223689811304e-05,1.0469250158712384,1.5095415526666586e-05,0
-0.2770383954048157,-5.411470920080319e-05,1.0489500159019371,1.4991852204788731e-05,0
-0.2760826349258423,-5.391846934799105e-05,1.0509300159319537,1.488595308876163e-05,0
-0.27498289942741394,-5.372385203372687e-05,1.0529550159626524,1.4773140600643584e-05,0
-0.273969441652298,-5.352702282834798e-05,1.0549800159933511,1.4664768557592304e-05,0
-0.27305901050567627,-5.332570071914233e-05,1.0569600160233676,1.4561063072890835e-05,0
-0.27206385135650635,-5.312145731295459e-05,1.0589850160540664,1.4452428266232675e-05,0
-0.2709433436393738,-5.292533023748547e-05,1.061010016084765,1.4339765937762365e-05,0
-0.2700130343437195,-5.2735489589395e-05,1.0629900161147816,1.4239269561634174e-05,0
-0.26898062229156494,-5.252921982901171e-05,1.0650150161454803,1.4129342238097982e-05,0
-0.2680099904537201,-5.233799674897455e-05,1.067040016176179,1.4027106009059502e-05,0
-0.2670036554336548,-5.2134164434392005e-05,1.0690650162068778,1.3920012476961903e-05,0
-0.26594674587249756,-5.1937699026893824e-05,1.0710450162368943,1.3812662044307596e-05,0
-0.26504096388816833,-5.174820762476884e-05,1.073070016267593,1.3715394828353795e-05,0
-0.2640203535556793,-5.1545077440096065e-05,1.0750950162982917,1.3608949569789033e-05,0
-0.2629603445529938,-5.1339080528123304e-05,1.0770750163283083,1.3500142304709198e-05,0
-0.26195773482322693,-5.1144415920134634e-05,1.079100016359007,1.3397675343295454e-05,0
-0.26094427704811096,-5.0950035074492916e-05,1.0811250163897057,1.329512006808945e-05,0
-0.25986966490745544,-5.0747403292916715e-05,1.0831050164197222,1.3187710688653768e-05,0
-0.2589244842529297,-5.0551123422337696e-05,1.085130016450421,1.3088923560534982e-05,0
-0.2579038739204407,-5.0350441597402096e-05,1.0871550164811197,1.2985573941574902e-05,0
-0.25688326358795166,-5.015061469748616e-05,1.0891350165111362,1.288285357443214e-05,0
-0.2559269070625305,-4.994698247173801e-05,1.091160016541835,1.2782776741098335e-05,0
-0.2549062967300415,-4.975715637556277e-05,1.0931850165725336,1.268341246751228e-05,0
-0.25394901633262634,-4.956150223733857e-05,1.0951650166025502,1.258609474113939e-05,0
-0.25282227993011475,-4.935859396937303e-05,1.0971900166332489,1.2478952261481702e-05,0
-0.25188732147216797,-4.915931640425697e-05,1.0992150166639476,1.2382608534471096e-05,0
-0.250798761844635,-4.896507380180992e-05,1.1011950166939641,1.2280379883125104e-05,0
-0.24990320205688477,-4.876285311183892e-05,1.1032200167246629,1.2185993134078074e-05,0
-0.24883979558944702,-4.857127714785747e-05,1.1052450167553616,1.2086466676991233e-05,0
-0.2478644996881485,-4.83723015349824e-05,1.107225016785378,1.198977631873267e-05,0
-0.24683427810668945,-4.816641376237385e-05,1.1092500168160768,1.1889121970023661e-05,0
-0.2458493560552597,-4.796923531102948e-05,1.1112750168467755,1.1793205611679823e-05,0
-0.24480734765529633,-4.777170397574082e-05,1.1133000168774743,1.1694864143275085e-05,0
-0.24382056295871735,-4.7570854803780094e-05,1.1152800169074908,1.1598752598685066e-05,0
-0.24283038079738617,-4.737664858112112e-05,1.1173050169381895,1.1504489615857586e-05,0
-0.24183832108974457,-4.71822677354794e-05,1.1193300169688882,1.1410480414355162e-05,0
-0.2407001107931137,-4.6980279876152053e-05,1.1213100169989048,1.130815857128129e-05,0
-0.23987561464309692,-4.678265759139322e-05,1.1233350170296035,1.1222018744372992e-05,0
-0.2388550043106079,-4.6583030780311674e-05,1.1253600170603022,1.1126590017832526e-05,0
-0.23781797289848328,-4.638275640900247e-05,1.1273400170903187,1.10306531066331e-05,0
-0.23674243688583374,-4.6186218241928145e-05,1.1293650171210174,1.0934237857135017e-05,0
-0.23585745692253113,-4.5983433665242046e-05,1.1313900171517162,1.0845535724849894e-05,0
-0.23483900725841522,-4.5791082811774686e-05,1.1333700171817327,1.0753532428805048e-05,0
-0.2337091863155365,-4.5585573388962075e-05,1.1353950172124314,1.06537672644615e-05,0
-0.23279564082622528,-4.5394350308924913e-05,1.1374200172431301,1.0567606870056333e-05,0
-0.23185262084007263,-4.5196484279586e-05,1.1394000172731467,1.0478923332979157e-05,0
-0.23070447146892548,-4.4994387280894443e-05,1.1414250173038454,1.0380406336706895e-05,0
-0.2297695130109787,-4.479545896174386e-05,1.143450017334544,1.0292630790743169e-05,0
-0.22877682745456696,-4.460590935195796e-05,1.1454300173645606,1.0204798427266941e-05,0
-0.2277996838092804,-4.4395143049769104e-05,1.1474550173952593,1.0113199549405174e-05,0
-0.2267933487892151,-4.419761535245925e-05,1.149480017425958,1.0023725194281859e-05,0
-0.22575847804546356,-4.400989200803451e-05,1.1515050174566568,9.935606238679082e-06,0
-0.224732905626297,-4.380190512165427e-05,1.1534850174866733,9.843729409956745e-06,0
-0.22376009821891785,-4.361063110991381e-05,1.155510017517372,9.758319100543309e-06,0
-0.2227751910686493,-4.341275416663848e-05,1.1575350175480708,9.671284604289188e-06,0
-0.22179119288921356,-4.32105953223072e-05,1.1595150175780873,9.583729481987585e-06,0
-0.22065547108650208,-4.301209264667705e-05,1.161540017608786,9.490853565368796e-06,0
-0.2197490632534027,-4.28184139309451e-05,1.1635650176394847,9.409306351321634e-06,0
-0.21876753866672516,-4.2619285522960126e-05,1.1655450176695012,9.32371619359238e-06,0
-0.21772925555706024,-4.2422656406415626e-05,1.1675700177002,9.236653398121827e-06,0
-0.21661588549613953,-4.2220573959639296e-05,1.1695950177308987,9.145647014422516e-06,0
-0.21567688882350922,-4.202176205581054e-05,1.1715750177609152,9.063122903079008e-06,0
-0.21470312774181366,-4.181955591775477e-05,1.173600017791614,8.978789456315622e-06,0
-0.21364685893058777,-4.162728146184236e-05,1.1756250178223127,8.893537930142106e-06,0
-0.21270538866519928,-4.142679972574115e-05,1.1776050178523292,8.811703536819142e-06,0
-0.21157710254192352,-4.1225921449949965e-05,1.179630017883028,8.722461010001348e-06,0
-0.2106635570526123,-4.1032595618162304e-05,1.1816550179137266,8.644072548023504e-06,0
-0.20966683328151703,-4.0837316191755235e-05,1.1836350179437432,8.56223076564134e-06,0
-0.2086009383201599,-4.0632632590131834e-05,1.1856600179744419,8.47600528471981e-06,0
-0.2076088786125183,-4.0436152630718425e-05,1.1876850180051406,8.394904303068084e-06,0
-0.2066357433795929,-4.024235386168584e-05,1.1896650180351571,8.315508705554085e-06,0
-0.20556055009365082,-4.004004586022347e-05,1.1916900180658558,8.230653852802543e-06,0
-0.2046327292919159,-3.9836559153627604e-05,1.1937150180965546,8.151863825205672e-06,0
-0.20359072089195251,-3.9642181945964694e-05,1.1957400181272533,8.070780400108897e-06,0
-0.2026365101337433,-3.944017953472212e-05,1.1977200181572698,7.992020339964373e-06,0
-0.20167796313762665,-3.92488764191512e-05,1.1997450181879685,7.91563345165484e-06,0
-0.20064309239387512,-3.904574259649962e-05,1.2017700182186672,7.834258539376939e-06,0
-0.19951605796813965,-3.885069600073621e-05,1.2037500182486838,7.751337715385456e-06,0
-0.1985519379377365,-3.865768667310476e-05,1.2057750182793825,7.67555860513476e-06,0
-0.1975598782300949,-3.845420724246651e-05,1.2078000183100812,7.597008500256517e-06,0
-0.19664137065410614,-3.825317617156543e-05,1.2097800183400977,7.522156994249618e-06,0
-0.1955614984035492,-3.804934021900408e-05,1.2118050183707965,7.4409859864948665e-06,0
-0.19464795291423798,-3.785076114581898e-05,1.2138300184014952,7.367573173279441e-06,0
-0.1935506910085678,-3.765930523513816e-05,1.2158100184315117,7.288984551163567e-06,0
-0.19257819652557373,-3.745990397874266e-05,1.2178350184622104,7.213960750247425e-06,0
-0.19152191281318665,-3.726517752511427e-05,1.2198600184929091,7.137098080932857e-06,0
-0.1906462162733078,-3.706909774336964e-05,1.2218400185229257,7.067083225438834e-06,0
-0.18962344527244568,-3.6865218135062605e-05,1.2238650185536244,6.990509673490816e-06,0
-0.18856000900268555,-3.6667337553808466e-05,1.2258900185843231,6.913993499250634e-06,0
-0.18760769069194794,-3.64730331057217e-05,1.2278700186143396,6.842621513495413e-06,0
-0.1865188181400299,-3.6262470530346036e-05,1.2298950186450384,6.763633146157806e-06,0
-0.18555530905723572,-3.606879181461409e-05,1.231920018675737,6.692755812481811e-06,0
-0.18462127447128296,-3.587551327655092e-05,1.2339000187057536,6.623382983428263e-06,0
-0.1835569143295288,-3.5677236155606806e-05,1.2359250187364523,6.548803380529086e-06,0
-0.18252204358577728,-3.5477605706546456e-05,1.237950018767151,6.475445095089293e-06,0
-0.18151572346687317,-3.5284279874758795e-05,1.2399750187978498,6.404651588474476e-06,0
-0.18056990206241608,-3.507333531160839e-05,1.2419550188278663,6.333188722219406e-06,0
-0.1795102059841156,-3.488326910883188e-05,1.243980018858565,6.261902823125748e-06,0
-0.17847532033920288,-3.468819340923801e-05,1.2460050188892637,6.19098643070198e-06,0
-0.17750157415866852,-3.448641291470267e-05,1.2479850189192803,6.1213925794455595e-06,0
-0.1764412522315979,-3.428472700761631e-05,1.250010018949979,6.049240165642306e-06,0
-0.17551343142986298,-3.409104829188436e-05,1.2520350189806777,5.9834368667497934e-06,0
-0.1745375096797943,-3.389364428585395e-05,1.2540150190106942,5.915712267625739e-06,0
-0.17343655228614807,-3.369879414094612e-05,1.256040019041393,5.844602672006342e-06,0
-0.17247304320335388,-3.349531107232906e-05,1.2580650190720917,5.7770382336875875e-06,0
-0.17153622210025787,-3.329685205244459e-05,1.2600450191021082,5.711616208907563e-06,0
-0.17046038806438446,-3.309604653622955e-05,1.262070019132807,5.641564935962616e-06,0
-0.16950401663780212,-3.289782034698874e-05,1.2640950191635056,5.576312687443404e-06,0
-0.16847534477710724,-3.2706273486837745e-05,1.2660750191935222,5.51020070206935e-06,0
-0.16745567321777344,-3.250696317991242e-05,1.2681000192242209,5.443475403557607e-06,0
-0.16644933819770813,-3.230628135497682e-05,1.2701250192549196,5.377359151164849e-06,0
-0.16542191803455353,-3.2114232453750446e-05,1.2721050192849361,5.312397928706905e-06,0
-0.1644366830587387,-3.190386632923037e-05,1.2741300193156349,5.24616595592802e-06,0
-0.16340894997119904,-3.1713694625068456e-05,1.2761550193463336,5.182301538389695e-06,0
-0.16240975260734558,-3.1506358936894685e-05,1.2781800193770323,5.116939960499297e-06,0
-0.16148224472999573,-3.1305113225243986e-05,1.2801600194070488,5.055219955139075e-06,0
-0.16038283705711365,-3.11169060296379e-05,1.2821850194377475,4.990617669472933e-06,0
-0.15934795141220093,-3.0923576559871435e-05,1.2842100194684463,4.927608575153869e-06,0
-0.158369243144989,-3.072074832743965e-05,1.2861900194984628,4.865221661464305e-06,0
-0.15734243392944336,-3.052536703762598e-05,1.2882150195291615,4.8029355462896745e-06,0
-0.1564217507839203,-3.0330640583997592e-05,1.2902400195598602,4.74437190254673e-06,0
-0.1554051786661148,-3.012797787960153e-05,1.2922200195898768,4.682043785228231e-06,0
-0.154401957988739,-2.9920520319137722e-05,1.2942450196205755,4.619786921316715e-06,0
-0.15334567427635193,-2.9730696041951887e-05,1.2962700196512742,4.55907363125838e-06,0
-0.15231451392173767,-2.9524242563638836e-05,1.2982500196812907,4.496970654988127e-06,0
-0.1513330042362213,-2.9332833946682513e-05,1.3002750197119894,4.439025883913681e-06,0
-0.15039804577827454,-2.9134955184417777e-05,1.3023000197426882,4.381840323574042e-06,0
-0.1493876874446869,-2.8938417017343454e-05,1.3042800197727047,4.323043196530912e-06,0
-0.14831402897834778,-2.873604535125196e-05,1.3063050198034034,4.261958662948699e-06,0
-0.14738619327545166,-2.853746627806686e-05,1.3083300198341021,4.206028520450846e-06,0
-0.14639383554458618,-2.8340895369183272e-05,1.3103100198641187,4.14893237586254e-06,0
-0.14532358944416046,-2.8139953428762965e-05,1.3123350198948174,4.089399039059345e-06,0
-0.1442316174507141,-2.7945226975134574e-05,1.314360019925516,4.0305852866509865e-06,0
-0.1433478593826294,-2.774629683699459e-05,1.3163400199555326,3.977372257378195e-06,0
-0.14230459928512573,-2.7547368517844006e-05,1.3183650199862313,3.920117238291479e-06,0
-0.14129827916622162,-2.7350190066499636e-05,1.32039002001693,3.864534791265487e-06,0
-0.14029908180236816,-2.7145655622007325e-05,1.3224150200476288,3.808510558690921e-06,0
-0.13924434781074524,-2.6952890038955957e-05,1.3243950200776453,3.753037595089154e-06,0
-0.13825073838233948,-2.674464303709101e-05,1.326420020108344,3.6974666476499263e-06,0
-0.13725869357585907,-2.6557270757621154e-05,1.3284450201390428,3.6452162891314446e-06,0
-0.13626539707183838,-2.6350982807343826e-05,1.3304250201690593,3.590727135475893e-06,0
-0.13528884947299957,-2.6161160349147394e-05,1.332450020199758,3.5393132845148068e-06,0
-0.1342896670103073,-2.5962930521927774e-05,1.3344750202304567,3.486553294401425e-06,0
-0.13321197032928467,-2.576881342974957e-05,1.3364550202604732,3.432714410024672e-06,0
-0.13225559890270233,-2.557102379796561e-05,1.338480020291172,3.3819110669551955e-06,0
-0.13135632872581482,-2.5368941351189278e-05,1.3405050203218707,3.3323709995527356e-06,0
-0.13030748069286346,-2.5161423764075153e-05,1.3424850203518872,3.278721741342179e-06,0
-0.12918666005134583,-2.4969329388113692e-05,1.344510020382586,3.2257042673723224e-06,0
-0.12822315096855164,-2.47665484494064e-05,1.3465350204132847,3.1756448807981853e-06,0
-0.1272689551115036,-2.4576327632530592e-05,1.3485150204433012,3.1278035382701415e-06,0
-0.12620335817337036,-2.4376391593250446e-05,1.350540020474,3.0763824792173202e-06,0
-0.12515419721603394,-2.4176761144190095e-05,1.3525650205046986,3.0258231322849135e-06,0
-0.12423785775899887,-2.3982092898222618e-05,1.3545450205347151,2.9794838462524786e-06,0
-0.12322719395160675,-2.378240242251195e-05,1.3565700205654139,2.9306387159540423e-06,0
-0.12220659106969833,-2.3586273528053425e-05,1.3585950205961126,2.882398083900876e-06,0
-0.12112175673246384,-2.338314152439125e-05,1.3606200206268113,2.8322071793580904e-06,0
-0.12032054364681244,-2.3177359253168106e-05,1.3626000206568278,2.7887124656386653e-06,0
-0.11922328919172287,-2.2979327695793472e-05,1.3646250206875266,2.739671031306952e-06,0
-0.11813845485448837,-2.2787402485846542e-05,1.3666500207182253,2.692068519825238e-06,0
-0.1171702966094017,-2.258714630443137e-05,1.3686300207482418,2.6465426320501753e-06,0
-0.11618289351463318,-2.2392694518202916e-05,1.3706550207789405,2.6016480427140795e-06,0
-0.11515515297651291,-2.2193413315108046e-05,1.3726800208096392,2.5556859053722455e-06,0
-0.11404984444379807,-2.1992915208102204e-05,1.3746600208396558,2.508288558349697e-06,0
-0.11322814226150513,-2.179800321755465e-05,1.3766850208703545,2.4681474093340245e-06,0
-0.11215044558048248,-2.1601525077130646e-05,1.3787100209010532,2.422620662618168e-06,0
-0.11110067367553711,-2.139868047379423e-05,1.3806900209310697,2.3774078164061005e-06,0
-0.11007355898618698,-2.1205065422691405e-05,1.3827150209617685,2.3341170196105763e-06,0
-0.10916000604629517,-2.1004034351790324e-05,1.3847400209924672,2.292800516838023e-06,0
-0.10818130522966385,-2.0803718143724836e-05,1.3867200210224837,2.2505733824181923e-06,0
-0.10714735835790634,-2.060862425423693e-05,1.3887450210531824,2.2081596482321646e-06,0
-0.10616957396268845,-2.0409694116096944e-05,1.3907700210838811,2.1668885290148016e-06,0
-0.10513532161712646,-2.0216793927829713e-05,1.3927500211138977,2.1254991316695462e-06,0
-0.10417118668556213,-2.0009732907055877e-05,1.3947750211445964,2.0844376221891537e-06,0
-0.10313631594181061,-1.981290552066639e-05,1.3968000211752951,2.0434300835046925e-06,0
-0.10214892029762268,-1.961452107934747e-05,1.3987800212053116,2.0036021504103046e-06,0
-0.101152203977108,-1.9414694179431535e-05,1.4008050212360104,1.96383910579103e-06,0
-0.10008164495229721,-1.921996590681374e-05,1.402830021266709,1.92356580388099e-06,0
-0.09914668649435043,-1.902558869915083e-05,1.4048550212974078,1.8863240781251639e-06,0
-0.0980677381157875,-1.8820384866558015e-05,1.4068350213274243,1.8456725743319418e-06,0
-0.09705552458763123,-1.8623175492393784e-05,1.408860021358123,1.8074820669017962e-06,0
-0.09607774019241333,-1.842599522206001e-05,1.4108850213888218,1.770327981731731e-06,0
-0.09515582025051117,-1.8222863218397833e-05,1.4128650214188383,1.7340114968595157e-06,0
-0.09413646161556244,-1.8027436453849077e-05,1.414890021449537,1.6970390797647547e-06,0
-0.09311585873365402,-1.7832007870310917e-05,1.4169150214802357,1.6604427257892781e-06,0
-0.09210983663797379,-1.763740146998316e-05,1.4188950215102523,1.6245781681185076e-06,0
-0.09111747145652771,-1.7433796529076062e-05,1.420920021540951,1.588523457617e-06,0
-0.09003263711929321,-1.723521745589096e-05,1.4229450215716497,1.5517320788783389e-06,0
-0.0890638530254364,-1.7036225472111255e-05,1.4249250216016662,1.5173118815563127e-06,0
-0.08801998198032379,-1.6834204870974645e-05,1.426950021632365,1.4817464093962673e-06,0
-0.08707788586616516,-1.6637375665595755e-05,1.4289750216630637,1.4487474993212608e-06,0
-0.08610723912715912,-1.6441992556792684e-05,1.4309550216930802,1.415774584814718e-06,0
-0.08512946218252182,-1.6239515389315784e-05,1.432980021723779,1.3824612111972391e-06,0
-0.08402322232723236,-1.6043737559812143e-05,1.4350050217544776,1.3480465279478641e-06,0
-0.08298678696155548,-1.5849222108954564e-05,1.4369850217844942,1.3152760186621875e-06,0
-0.08206765353679657,-1.565077945997473e-05,1.4390100218151929,1.2844227463020181e-06,0
-0.08095426857471466,-1.5450448699994013e-05,1.4410350218458916,1.2507797736591663e-06,0
-0.0799408033490181,-1.525279731140472e-05,1.4430150218759081,1.2193208703934367e-06,0
-0.07898443937301636,-1.5050487490952946e-05,1.4450400219066069,1.188754316763514e-06,0
-0.07797810435295105,-1.4848755199636798e-05,1.4470650219373056,1.1578777824687028e-06,0
-0.07702887803316116,-1.4654377991973888e-05,1.4490900219680043,1.1288102949955978e-06,0
-0.0759713426232338,-1.4454640222538728e-05,1.4510700219980208,1.0981384248420661e-06,0
-0.07504476606845856,-1.4256517715693917e-05,1.4530950220287195,1.0698770369250852e-06,0
-0.07388142496347427,-1.4060738976695575e-05,1.4551200220594183,1.0388274316377322e-06,0
-0.07292536646127701,-1.3859676982974634e-05,1.4571000220894348,1.0107220230183513e-06,0
-0.07192586362361908,-1.3667081475432497e-05,1.4591250221201335,9.830166383348484e-07,0
-0.07092667371034622,-1.3470602425513789e-05,1.4611500221508322,9.55425022916215e-07,0
-0.0699613019824028,-1.32665409182664e-05,1.4631300221808488,9.28144475444739e-07,0
-0.06894969940185547,-1.3072742149233818e-05,1.4651550222115475,9.013616415476378e-07,0
-0.06797192245721817,-1.2876264008809812e-05,1.4671800222422462,8.752244187454897e-07,0
-0.06698979437351227,-1.2672674529312644e-05,1.4691600222722627,8.489398608811004e-07,0
-0.06598781049251556,-1.247560248884838e-05,1.4711850223029614,8.232376928140825e-07,0
-0.06492438912391663,-1.2278072063054424e-05,1.4732100223336602,7.971463283132352e-07,0
-0.06385444849729538,-1.2083557521691546e-05,1.4751900223636767,7.71588901432959e-07,0
-0.06288318336009979,-1.1871807146235369e-05,1.4772150223943754,7.465370255924618e-07,0
-0.06186972185969353,-1.1677429938572459e-05,1.4792400224250741,7.224793423355361e-07,0
-0.060882940888404846,-1.1487863957881927e-05,1.4812200224550907,6.994149422817619e-07,0
-0.0598427914083004,-1.1285522305115592e-05,1.4832450224857894,6.753571572387539e-07,0
-0.05883646011352539,-1.1087993698311038e-05,1.485270022516488,6.523782989696983e-07,0
-0.057887233793735504,-1.08901140265516e-05,1.4872950225471868,6.303985766954308e-07,0
-0.05680176988244057,-1.0687514077289961e-05,1.4892750225772033,6.070697152335685e-07,0
-0.05592453479766846,-1.0494004527572542e-05,1.491300022607902,5.86872321369121e-07,0
-0.0548182874917984,-1.0293673767591827e-05,1.4933250226386008,5.642815679386323e-07,0
-0.053964320570230484,-1.0092550837725867e-05,1.4953050226686173,5.446376487783869e-07,0
-0.05279849097132683,-9.896863957692403e-06,1.497330022699316,5.225394823146723e-07,0
-0.05186353623867035,-9.69443135545589e-06,1.4993550227300148,5.027874919169887e-07,0
-0.05071725696325302,-9.504530680715106e-06,1.5013350227600313,4.820437248489502e-07,0
-0.049865152686834335,-9.306377251050435e-06,1.50336002279073,4.6406392258491153e-07,0
-0.04885169118642807,-9.108497579290997e-06,1.5053850228214287,4.449655109158514e-07,0
-0.047917041927576065,-8.9062787083094e-06,1.5073650228514452,4.2676253028473956e-07,0
-0.0468318909406662,-8.715890544408467e-06,1.509390022882144,4.0818163542652105e-07,0
-0.04583270475268364,-8.509956387570128e-06,1.5114150229128427,3.900343185697159e-07,0
-0.04479658603668213,-8.308390533784404e-06,1.5133950229428592,3.7218753137302843e-07,0
-0.04387000948190689,-8.113845979096368e-06,1.515420022973558,3.5595450003768976e-07,0
-0.042778030037879944,-7.913515219115652e-06,1.5174450230042567,3.3852459174854945e-07,0
-0.04175804927945137,-7.718908818787895e-06,1.5194250230342732,3.223265748385367e-07,0
-0.04074396565556526,-7.51810648580431e-06,1.521450023064972,3.0631747245249325e-07,0
-0.0398375540971756,-7.323028967221035e-06,1.5234750230956706,2.917315626368519e-07,0
-0.03886846452951431,-7.126870059437351e-06,1.5254550231256871,2.7701049611169825e-07,0
-0.03786058723926544,-6.921666681591887e-06,1.5274800231563859,2.620583652395266e-07,0
-0.03675433620810509,-6.727989784849342e-06,1.5295050231870846,2.472827985570493e-07,0
-0.020931433886289597,-3.949848178308457e-06,1.5415650233699125,8.267598600514487e-08,0
-0.02104562520980835,-4.099718353245407e-06,1.5435900234006112,8.628113592817552e-08,0
-0.02118092030286789,-4.247866854711901e-06,1.5455700234306278,8.997372930684688e-08,0
-0.02152380906045437,-4.3421796362963505e-06,1.5475950234613265,9.346024539783584e-08,0
-0.02168082445859909,-4.392709797684802e-06,1.5496200234920252,9.523757002117251e-08,0
-0.021858632564544678,-4.40289159087115e-06,1.5516000235220417,9.624118950637603e-08,0
-0.021916350349783897,-4.380706286610803e-06,1.5536250235527405,9.600909375686318e-08,0
-0.021866388618946075,-4.329475814301986e-06,1.5556500235834392,9.467000067185524e-08,0
-0.021724579855799675,-4.25587404606631e-06,1.5576300236134557,9.245707556999282e-08,0
-0.021509535610675812,-4.156998784310417e-06,1.5596550236441544,8.941511338466098e-08,0
-0.021231189370155334,-4.042947693960741e-06,1.5616800236748531,8.583658810411331e-08,0
-0.020771313458681107,-3.9166538954305e-06,1.5636600237048697,8.135404577115132e-08,0
-0.02026054635643959,-3.7748238810308976e-06,1.5656850237355684,7.647999422902171e-08,0
-0.019718129187822342,-3.6244437069399282e-06,1.5677100237662671,7.14672492474312e-08,0
-0.01906586065888405,-3.4682593650359195e-06,1.5696900237962836,6.612534978264451e-08,0
-0.01835494674742222,-3.3001222163875354e-06,1.5717150238269824,6.05735675417782e-08,0
-0.017698336392641068,-3.128313892375445e-06,1.573740023857681,5.536595160903297e-08,0
-0.01687043532729149,-2.95020117846434e-06,1.5757650238883798,4.9771178183781784e-08,0
-0.016012433916330338,-2.768887952697696e-06,1.5777450239183963,4.433663536429506e-08,0
-0.015228906646370888,-2.5870665467664367e-06,1.579770023949095,3.939819492865517e-08,0
-0.014393867924809456,-2.40045278587786e-06,1.5817950239797938,3.455180035966683e-08,0
-0.013450532220304012,-2.2117499156593112e-06,1.5837750240098103,2.9749213503830247e-08,0
-0.012595323845744133,-2.0240090634615626e-06,1.585800024040509,2.549304962101967e-08,0
-0.011588996276259422,-1.8331287492401316e-06,1.5878250240712077,2.1244122248847977e-08,0
-0.010747130028903484,-1.6407240082116914e-06,1.5898050241012243,1.7633074257794756e-08,0
-0.009783314540982246,-1.4479290939561906e-06,1.591830024131923,1.4165545759212849e-08,0
-0.008841220289468765,-1.252400011253485e-06,1.5938550241626217,1.1072744390025221e-08,0
-0.007879885844886303,-1.057405256688071e-06,1.5958350241926382,8.332232714484698e-09,0
-0.006892797537147999,-8.614055673206167e-07,1.597860024223337,5.937494172913121e-09,0
-0.0009868638589978218,6.724617662712262e-08,1.6119450244368636,-6.636282136909136e-11,0
-0.000597893085796386,9.716992366293198e-08,1.6139700244675623,-5.809722550542967e-11,0
-0.0002090773923555389,1.3602027593151433e-07,1.6159500244975789,-2.8438764599241887e-11,0
8.012949547264725e-05,1.774077418303932e-07,1.6179750245282776,1.4215592845811065e-11,0
0.0004369835078250617,2.2248092079735216e-07,1.6200000245589763,9.722049319417666e-11,0
0.0006250300211831927,2.7058297291659983e-07,1.6219800245889928,1.6912248129387366e-10,0
0.0009365790756419301,3.2116631132339535e-07,1.6240050246196915,3.0079764698659396e-10,0
0.0012648848351091146,3.7533055774474633e-07,1.6260300246503903,4.747499306443755e-10,0
0.0015336113283410668,4.318728201724298e-07,1.6280100246804068,6.623250494190427e-10,0
0.0017573432996869087,4.910302777716424e-07,1.6300350247111055,8.629087685853975e-10,0
0.002099923323839903,5.532806426344905e-07,1.6320600247418042,1.1618469260972968e-09,0
0.0023602715227752924,6.173715405566327e-07,1.6340400247718208,1.4571644661477316e-09,0
0.002720849122852087,6.833689667473664e-07,1.6360650248025195,1.8593438537589088e-09,0
0.0030277434270828962,7.518686970797717e-07,1.6380900248332182,2.27646550561266e-09,0
0.0032539579551666975,8.215438356273808e-07,1.6400700248632347,2.6732690994578773e-09,0
0.0036772179882973433,8.933765798246895e-07,1.6420950248939334,3.2851404296549058e-09,0
0.0040269349701702595,9.681116353021935e-07,1.6441200249246322,3.8985225992271196e-09,0
0.004460434895008802,1.043555016622122e-06,1.6461000249546487,4.654709211002803e-09,0
0.03210420906543732,7.1925724114407785e-06,1.6582050251381588,2.3091184841519139e-07,0
0.03267858549952507,7.10786298441235e-06,1.6601850251681753,2.322749082550284e-07,0
0.03329610079526901,7.016019935690565e-06,1.662210025198874,2.3360610696036987e-07,0
0.033717188984155655,6.962910902075237e-06,1.6642350252295728,2.3476978276510848e-07,0
0.0341084860265255,6.9493494265771005e-06,1.6662150252595893,2.37031787809848e-07,0
0.03431670367717743,6.966794899199158e-06,1.668240025290288,2.390774361354887e-07,0
0.034702107310295105,7.012230980762979e-06,1.6702650253209868,2.433391919790128e-07,0
0.035031963139772415,7.081150670273928e-06,1.6722450253510033,2.48066609268211e-07,0
0.03543722629547119,7.1699341788189486e-06,1.674270025381702,2.540825800184405e-07,0
0.035772666335105896,7.2788270699675195e-06,1.6762950254124007,2.6038305208488457e-07,0
0.036305464804172516,7.401997663691873e-06,1.6782750254424172,2.687329656597325e-07,0
0.03691460192203522,7.5367297540651634e-06,1.680300025473116,2.782153786652739e-07,0
0.037499841302633286,7.682398063479923e-06,1.6823250255038147,2.880887082041544e-07,0
0.03803326189517975,7.834046300558839e-06,1.6843050255338312,2.9795433464811837e-07,0
0.038834474980831146,7.996021849976387e-06,1.68633002556453,3.1052131047908717e-07,0
0.03954104706645012,8.162799531419296e-06,1.6883550255952287,3.2276564046584735e-07,0
0.04030471295118332,8.329121556016617e-06,1.6903350256252452,3.357028534507631e-07,0
0.041082654148340225,8.50202195579186e-06,1.692360025655944,3.4928562757139217e-07,0
0.04196051508188248,8.676855031808373e-06,1.6943850256866426,3.640853064255031e-07,0
0.04280269145965576,8.854490261001047e-06,1.6964100257173413,3.789960146741546e-07,0
0.043611351400613785,9.03477211977588e-06,1.6983900257473579,3.940186217400142e-07,0
0.04450131580233574,9.213166777044535e-06,1.7004150257780566,4.099980442848466e-07,0
0.04531494528055191,9.39650180953322e-06,1.7024400258087553,4.2580196532760486e-07,0
0.04629241302609444,9.581776794220787e-06,1.7044200258387718,4.4356356888191573e-07,0
0.04712776094675064,9.765240065462422e-06,1.7064450258694706,4.602138993927446e-07,0
0.04808413237333298,9.953669177775737e-06,1.7084700259001693,4.78613546344533e-07,0
0.048995811492204666,1.0144763109565247e-05,1.7104500259301858,4.970509009493309e-07,0
0.049954041838645935,1.0332214515074156e-05,1.7124750259608845,5.161358761718792e-07,0
0.050874724984169006,1.0523126547923312e-05,1.7145000259915832,5.353611690992062e-07,0
0.05192263796925545,1.0713961273722816e-05,1.7164800260215998,5.562971324321328e-07,0
0.05273750424385071,1.0905238013947383e-05,1.7185050260522985,5.751150360407522e-07,0
0.08075768500566483,1.3601069440483116e-05,1.7305650262351264,1.0983908816147094e-06,0
0.07835248857736588,1.3387429135036655e-05,1.7325900262658251,1.0489383883832546e-06,0
0.0758957788348198,1.3363553080125712e-05,1.7345700262958417,1.0142372690165959e-06,0
0.0742558017373085,1.348969635728281e-05,1.7365950263265404,1.001688218202885e-06,0
0.07317810505628586,1.3686174497706816e-05,1.7386200263572391,1.0015283152118497e-06,0
0.07277128845453262,1.3917327123635914e-05,1.7406450263879378,1.0127818266302e-06,0
0.07270829379558563,1.4161710168991704e-05,1.7426250264179544,1.0296737836149814e-06,0
0.07295685261487961,1.4387685041583609e-05,1.744650026448653,1.0496802170481233e-06,0
0.07345645129680634,1.4626541087636724e-05,1.7466750264793518,1.0744138030447238e-06,0
0.0739445611834526,1.4850231309537776e-05,1.7486550265093683,1.0980938376565396e-06,0
0.07473398745059967,1.5065377738210373e-05,1.750680026540067,1.1258957508259576e-06,0
0.07547624409198761,1.5274115867214277e-05,1.7527050265707658,1.1528328974831658e-06,0
0.07630538195371628,1.5491241356357932e-05,1.7546850266007823,1.1820650886340978e-06,0
0.07733902335166931,1.569684172864072e-05,1.756710026631481,1.213978408998802e-06,0
0.0781954675912857,1.5891570001258515e-05,1.7587350266621797,1.2426487470080583e-06,0
0.0790385752916336,1.6099360436783172e-05,1.7607150266921963,1.272470512029834e-06,0
0.08001542836427689,1.6304489690810442e-05,1.762740026722895,1.304610726871134e-06,0
0.08105030655860901,1.6500267520314083e-05,1.7647650267535937,1.3373517408205157e-06,0
0.08198773860931396,1.670163510425482e-05,1.7667450267836102,1.3693292932757863e-06,0
0.08305582404136658,1.6898127796594054e-05,1.768770026814309,1.4034879289024412e-06,0
0.08408355712890625,1.7089003449655138e-05,1.7707950268450077,1.4369041978351538e-06,0
0.08497414737939835,1.7292577467742376e-05,1.7727750268750242,1.4694220263136037e-06,0
0.08602484315633774,1.7495269275968894e-05,1.774800026905723,1.5050277954431186e-06,0
0.08700975775718689,1.769945265550632e-05,1.7768250269364216,1.5400250879904031e-06,0
0.08796054869890213,1.789338784874417e-05,1.7788050269664382,1.573912213257805e-06,0
0.08902956545352936,1.808680644899141e-05,1.7808300269971369,1.6102605185957977e-06,0
0.09003588557243347,1.8281883967574686e-05,1.7828550270278356,1.6460256129530604e-06,0
0.09102793782949448,1.8483966414351016e-05,1.7848800270585343,1.6825573456080082e-06,0
0.09213852882385254,1.86867946467828e-05,1.7868600270885509,1.7217737671880104e-06,0
0.09309768676757812,1.888077713374514e-05,1.7888850271192496,1.7577566755258567e-06,0
0.09402551501989365,1.9076203898293898e-05,1.7909100271499483,1.7936498961615866e-06,0
0.09511003643274307,1.9274084479548037e-05,1.7928900271799648,1.8331588770575816e-06,0
0.09603103250265121,1.9477216483210213e-05,1.7949150272106635,1.870417209160334e-06,0
0.09708018600940704,1.9676497686305083e-05,1.7969400272413623,1.910198055400165e-06,0
0.0981411263346672,1.9875989892170765e-05,1.7989200272713788,1.9506520350340994e-06,0
0.09904288500547409,2.006980503210798e-05,1.8009450273020775,1.987771391877356e-06,0
0.1000349372625351,2.026523361564614e-05,1.8029700273327762,2.0272313733517787e-06,0
0.10106050968170166,2.0464010958676226e-05,1.8049500273627928,2.0681033776157477e-06,0
0.10203331708908081,2.066099114017561e-05,1.8069750273934915,2.1081094603802274e-06,0
0.10306819528341293,2.085361848003231e-05,1.8090000274241902,2.149344821865759e-06,0
0.10405434668064117,2.1059704522485845e-05,1.8109800274542067,2.191353795374609e-06,0
0.10506658256053925,2.1259882487356663e-05,1.8130050274849054,2.2337031985852213e-06,0
0.10610859096050262,2.1458463379531167e-05,1.8150300275156042,2.2769273133795974e-06,0
0.10706309974193573,2.1652474970323965e-05,1.8170100275456207,2.3181810874075615e-06,0
0.10808556526899338,2.1853873477084562e-05,1.8190350275763194,2.3620882680877467e-06,0
0.10914897918701172,2.2047548554837704e-05,1.8210600276070181,2.406467418336611e-06,0
0.11009108275175095,2.2246829757932574e-05,1.8230850276377168,2.4491775758446704e-06,0
0.11109213531017303,2.244917232019361e-05,1.8250650276677334,2.4939264889963398e-06,0
0.11207519471645355,2.2648542653769255e-05,1.827090027698432,2.538339827965093e-06,0
0.11308865249156952,2.2843971237307414e-05,1.8291150277291308,2.5833939247832676e-06,0
0.1141008734703064,2.3052905817166902e-05,1.8310950277591473,2.630356689767451e-06,0
0.11517267674207687,2.3244982003234327e-05,1.833120027789846,2.6771867981339017e-06,0
0.11610763520002365,2.343550841032993e-05,1.8351450278205448,2.7210414612336738e-06,0
0.1171245202422142,2.3637270714971237e-05,1.8371250278505613,2.7685039923263456e-06,0
0.11812029778957367,2.3831616999814287e-05,1.83915002788126,2.8149976968251298e-06,0
0.11913376301527023,2.4032648070715368e-05,1.8411750279119588,2.863099799885996e-06,0
0.12013325840234756,2.4230039343819954e-05,1.8431550279419753,2.9108335775901705e-06,0
0.12119637429714203,2.4432261852780357e-05,1.845180027972674,2.961101552435353e-06,0
0.12215988337993622,2.4627339371363632e-05,1.8472050280033727,3.008472905563893e-06,0
0.12311221659183502,2.4828657842590474e-05,1.8491850280333892,3.0567111020015616e-06,0
0.12425818294286728,2.501959534129128e-05,1.851210028064088,3.1088894550746816e-06,0
0.12521454691886902,2.5218176233465783e-05,1.8532350280947867,3.157682511193609e-06,0
0.12617309391498566,2.5411929527763277e-05,1.8552150281248032,3.206301770867473e-06,0
0.1271558403968811,2.56191888183821e-05,1.857240028155502,3.257629484487755e-06,0
0.128133624792099,2.5818466383498162e-05,1.8592650281862007,3.3082136842905747e-06,0
0.1292116343975067,2.6008352506323718e-05,1.8612450282162172,3.3605817353285776e-06,0
0.13026760518550873,2.6215979232802056e-05,1.863270028246916,3.415092832250154e-06,0
0.131188303232193,2.6415258616907522e-05,1.8652950282776146,3.465372957391663e-06,0
0.132151797413826,2.6609635824570432e-05,1.8673200283083133,3.5165112027443182e-06,0
0.1332928091287613,2.6808338589034975e-05,1.8693000283383299,3.5733587586074447e-06,0
0.1342715173959732,2.7013451472157612e-05,1.8713250283690286,3.627137119269089e-06,0
0.13521361351013184,2.720922748267185e-05,1.8733500283997273,3.679057968751249e-06,0
0.1361972838640213,2.7410244001657702e-05,1.8753300284297438,3.733200783075861e-06,0
0.1372976303100586,2.7600784960668534e-05,1.8773550284604426,3.7895223697972935e-06,0
0.13825400173664093,2.7801466785604134e-05,1.8793800284911413,3.843664037258079e-06,0
0.1392209231853485,2.799899630190339e-05,1.8813600285211578,3.898046113414149e-06,0
0.1402880698442459,2.82014279946452e-05,1.8833850285518565,3.956323900220258e-06,0
0.14127299189567566,2.8397207643138245e-05,1.8854100285825552,4.011758485228888e-06,0
0.1422966867685318,2.859505548258312e-05,1.8873900286125718,4.068981653133918e-06,0
0.14327850937843323,2.8790866053896025e-05,1.8894150286432705,4.1251123719163564e-06,0
0.14424914121627808,2.8988393751205876e-05,1.8914400286739692,4.1815509038507694e-06,0
0.14529798924922943,2.918453719757963e-05,1.8934200287039857,4.2404545719776615e-06,0
0.1462760865688324,2.938940451713279e-05,1.8954450287346845,4.29896707935455e-06,0
0.14731095731258392,2.9583083232864738e-05,1.8974700287653832,4.3579123112911546e-06,0
0.14835141599178314,2.97758451779373e-05,1.8994500287953997,4.417288794499106e-06,0
0.14930933713912964,2.9980594263179228e-05,1.9014750288260984,4.476382656472483e-06,0
0.15031567215919495,3.017917333636433e-05,1.9035000288567971,4.536402725264458e-06,0
0.15131548047065735,3.037556234630756e-05,1.9054800288868137,4.5962928109979364e-06,0
0.15223553776741028,3.057808498851955e-05,1.9075050289175124,4.655071212124849e-06,0
0.15327756106853485,3.077631481573917e-05,1.9095300289482111,4.7173184736339145e-06,0
0.15432670712471008,3.097209264524281e-05,1.9115550289789098,4.779821070701774e-06,0
0.15530727803707123,3.117664164165035e-05,1.9135350290089264,4.8419593517019235e-06,0
0.15633222460746765,3.137100429739803e-05,1.915560029039625,4.904298889982662e-06,0
0.15737423300743103,3.156713501084596e-05,1.9175850290703238,4.967853660573906e-06,0
0.1583234667778015,3.176795144099742e-05,1.9195650291003403,5.029612204567567e-06,0
0.15933692455291748,3.19614919135347e-05,1.921590029131039,5.092645825625561e-06,0
0.16036468744277954,3.215586912119761e-05,1.9236150291617378,5.156665901071781e-06,0
0.16127263009548187,3.2355608709622175e-05,1.9255950291917543,5.2180741149410485e-06,0
0.1623702049255371,3.255863339290954e-05,1.927620029222453,5.286551976102158e-06,0
0.16337652504444122,3.2762814953457564e-05,1.9296450292531517,5.352674857769953e-06,0
0.16434095799922943,3.295678106951527e-05,1.9316250292831683,5.416148973535009e-06,0
0.16535349190235138,3.3151569368783385e-05,1.933650029313867,5.481727757171363e-06,0
0.1663740873336792,3.3351901947753504e-05,1.9356750293445657,5.548892247399847e-06,0
0.16736459732055664,3.354224463691935e-05,1.9376550293745822,5.6137842668856075e-06,0
0.16836534440517426,3.3750460715964437e-05,1.939680029405281,5.6824079422766564e-06,0
0.1693502515554428,3.3943790185730904e-05,1.9417050294359797,5.7483894066986995e-06,0
0.17035844922065735,3.413976446609013e-05,1.9436850294659962,5.815997331201617e-06,0
0.17142000794410706,3.4345153835602105e-05,1.945710029496695,5.887446543340492e-06,0
0.1724192202091217,3.4538828913355246e-05,1.9477350295273936,5.955157948176978e-06,0
0.17340412735939026,3.473985998425633e-05,1.9497600295580924,6.0240351051573694e-06,0
0.17439493536949158,3.493609619908966e-05,1.9517400295881089,6.092678238702582e-06,0
0.17543819546699524,3.513351839501411e-05,1.9537650296188076,6.163761067627758e-06,0
0.1764659285545349,3.5334902349859476e-05,1.9557900296495063,6.23540635355177e-06,0
0.17745579779148102,3.553361602826044e-05,1.9577700296795228,6.3056461807111134e-06,0
0.1783929318189621,3.573206049622968e-05,1.9597950297102216,6.37434703185493e-06,0
0.179427832365036,3.592853681766428e-05,1.9618200297409203,6.446579481240891e-06,0
0.18039007484912872,3.613223452703096e-05,1.9638000297709368,6.517896490797388e-06,0
0.18138337135314941,3.632079460658133e-05,1.9658250298016355,6.587988175967008e-06,0
0.1824539303779602,3.651972656371072e-05,1.9678500298323343,6.6631676478774195e-06,0
0.18342116475105286,3.6715136957354844e-05,1.9698300298623508,6.734333184712452e-06,0
0.1845165491104126,3.69172339560464e-05,1.9718550298930495,6.8118406122714276e-06,0
0.18543723225593567,3.711301542352885e-05,1.9738800299237482,6.882134860811042e-06,0
0.18659377098083496,3.731923789018765e-05,1.9758600299537648,6.963537328060973e-06,0
0.18753552436828613,3.7518228054977953e-05,1.9778850299844635,7.0360005716592344e-06,0
0.18837057054042816,3.7715057260356843e-05,1.9799100300151622,7.104406854098336e-06,0
0.18946844339370728,3.7907255318714306e-05,1.9818900300451787,7.1822286585646305e-06,0
0.19047600030899048,3.8106612919364125e-05,1.9839150300758774,7.2583952142033815e-06,0
0.19146806001663208,3.8304493500618264e-05,1.9859400301065762,7.334087060483071e-06,0
0.1924697458744049,3.850039138342254e-05,1.9879200301365927,7.410160545632464e-06,0
0.19341647624969482,3.870410728268325e-05,1.9899450301672914,7.486012047006746e-06,0
0.1945512890815735,3.8905138353584334e-05,1.9919700301979901,7.569044818586798e-06,0
0.1955718845129013,3.9101967558963224e-05,1.9939950302286888,7.647245483668769e-06,0
0.1965285688638687,3.930403181584552e-05,1.9959750302587054,7.724365123348083e-06,0
0.19757740199565887,3.950052632717416e-05,1.998000030289404,7.804411369184195e-06,0
0.19854091107845306,3.9691753045190126e-05,2.000025030320103,7.880436811893011e-06,0
0.19956709444522858,3.9899729017633945e-05,2.0020050303501193,7.96267298920118e-06,0
0.2005678415298462,4.009031181340106e-05,2.004030030380818,8.040827306672344e-06,0
0.2014956772327423,4.028539115097374e-05,2.006055030411517,8.117332172551377e-06,0
0.202508807182312,4.048920891364105e-05,2.0080350304415333,8.199421400856884e-06,0
0.20353686809539795,4.068850466865115e-05,2.010060030472232,8.281610807742232e-06,0
0.20456461608409882,4.088883724762127e-05,2.0120850305029307,8.364409293684844e-06,0
0.20556969940662384,4.108819121029228e-05,2.0140650305329473,8.446487116261668e-06,0
0.2065986841917038,4.128039290662855e-05,2.016090030563646,8.528474857426001e-06,0
0.20762640237808228,4.147826984990388e-05,2.0181150305943447,8.611983945802822e-06,0
0.20853376388549805,4.166780490777455e-05,2.0200950306243612,8.689144190264855e-06,0
0.20961052179336548,4.187227750662714e-05,2.02212003065506,8.776869936840716e-06,0
0.21063826978206635,4.207086021779105e-05,2.0241450306857587,8.861733204518674e-06,0
0.21163929998874664,4.226459714118391e-05,2.026125030715775,8.944849753266546e-06,0
0.21267233788967133,4.247222386766225e-05,2.028150030746474,9.03266714530923e-06,0
0.21364298462867737,4.267150507075712e-05,2.0301750307771727,9.116467701914292e-06,0
0.21460336446762085,4.286321563995443e-05,2.032155030807189,9.198590288235367e-06,0
0.21570560336112976,4.306235859985463e-05,2.034180030837888,9.288792043934979e-06,0
0.2166334092617035,4.326269117882475e-05,2.0362050308685866,9.372144283905032e-06,0
0.2176540195941925,4.34623216278851e-05,2.0382300308992853,9.459749003204801e-06,0
0.2186770886182785,4.366210487205535e-05,2.040210030929302,9.547901976367018e-06,0
0.21965239942073822,4.3856329284608364e-05,2.0422350309600006,9.633147957150215e-06,0
0.2206016182899475,4.4053856981918216e-05,2.0442600309906993,9.718352142125061e-06,0
0.22175288200378418,4.426620216690935e-05,2.046240031020716,9.816157905874305e-06,0
0.22269278764724731,4.445837112143636e-05,2.0482650310514146,9.90055859928854e-06,0
0.22371338307857513,4.4647847971646115e-05,2.0502900310821133,9.988321116914851e-06,0
0.22469459474086761,4.4847642129752785e-05,2.05227003111213,1.0077022773428263e-05,0
0.22566895186901093,4.5045708247926086e-05,2.0542950311428285,1.016541776650674e-05,0
0.22673237323760986,4.524358519120142e-05,2.0563200311735272,1.0258185444179078e-05,0
0.2276809960603714,4.544406692730263e-05,2.0583000312035438,1.0346750423042444e-05,0
0.2286950796842575,4.5641099859494716e-05,2.0603250312342425,1.0437894969244298e-05,0
0.2296728491783142,4.584072667057626e-05,2.062350031264941,1.0528370302835587e-05,0
0.23065249621868134,4.603208799380809e-05,2.0643300312949577,1.0617416001929827e-05,0
0.23171405494213104,4.623788845492527e-05,2.0663550313256565,1.071396862585268e-05,0
0.23266330361366272,4.643261490855366e-05,2.068380031356355,1.0803165580045102e-05,0
0.23372827470302582,4.663363142753951e-05,2.0703600313863717,1.0899598216695613e-05,0
0.2346688210964203,4.682942744693719e-05,2.0723850314170704,1.0989406531593097e-05,0
0.23578932881355286,4.703045851783827e-05,2.074410031447769,1.1089280247714725e-05,0
0.23671001195907593,4.722728772321716e-05,2.076435031478468,1.1179171841757454e-05,0
0.23774240911006927,4.7431054554181173e-05,2.0784150315084844,1.1276373176342155e-05,0
0.23880831897258759,4.762689786730334e-05,2.080440031539183,1.1373699417569828e-05,0
0.2398431897163391,4.7819521569181234e-05,2.082465031569882,1.1469186583861705e-05,0
0.24081073701381683,4.802163675776683e-05,2.0844450315998984,1.1564125740247627e-05,0
0.24169884622097015,4.821423135581426e-05,2.086470031630597,1.1653324090131229e-05,0
0.24267661571502686,4.8413159674964845e-05,2.088495031661296,1.1748741745991678e-05,0
0.2437896728515625,4.8612215323373675e-05,2.0904750316913123,1.1851156070274982e-05,0
0.24468927085399628,4.8812420573085546e-05,2.092500031722011,1.194387559864691e-05,0
0.24578124284744263,4.901345164398663e-05,2.0945250317527098,1.2046587061302063e-05,0
0.24673141539096832,4.9213023885386065e-05,2.0965050317827263,1.2142399038910835e-05,0
0.24776534736156464,4.9409216444473714e-05,2.098530031813425,1.2241891675227761e-05,0
0.2487930953502655,4.9606744141783565e-05,2.1005550318441237,1.2341815425282983e-05,0
0.24974015355110168,4.980469748261385e-05,2.1025350318741403,1.243823279687415e-05,0
0.25074154138565063,4.9998299800790846e-05,2.104560031904839,1.2536650758712166e-05,0
0.25176212191581726,5.0198632379760966e-05,2.1065850319355377,1.2638114205200672e-05,0
0.25268933176994324,5.039381358074024e-05,2.1085650319655542,1.2733979079056343e-05,0
0.25376051664352417,5.059578688815236e-05,2.110590031996253,1.2839213020723189e-05,0
0.2547454237937927,5.080382834421471e-05,2.1126150320269517,1.2942042781894075e-05,0
0.25575020909309387,5.098658584756777e-05,2.114595032056968,1.3039829991458437e-05,0
0.2567937672138214,5.119152774568647e-05,2.116620032087667,1.3145665259245692e-05,0
0.2578643262386322,5.13855557073839e-05,2.1186450321183656,1.3250501700882251e-05,0
0.258806437253952,5.158868953003548e-05,2.1206700321490644,1.335148493986874e-05,0
0.259794145822525,5.179168510949239e-05,2.122650032179081,1.3455176593729764e-05,0
0.2607762813568115,5.198409780859947e-05,2.1246750322097796,1.3556219716215345e-05,0
0.26188963651657104,5.217637226451188e-05,2.1267000322404783,1.3664451167106316e-05,0
0.26281777024269104,5.23840899404604e-05,2.128680032270495,1.3767469714344384e-05,0
0.26385948061943054,5.2575633162632585e-05,2.1307050323011936,1.3872579259529942e-05,0
0.26485151052474976,5.277631862554699e-05,2.1327300323318923,1.3977887707911606e-05,0
0.2658041715621948,5.297795723890886e-05,2.134710032361909,1.4081762034945551e-05,0
0.26683562994003296,5.317032628227025e-05,2.1367350323926075,1.4187737507646674e-05,0
0.26782768964767456,5.33619022462517e-05,2.1387600324233063,1.4291794993818649e-05,0
0.2689022719860077,5.356743713491596e-05,2.140740032453323,1.440440555004654e-05,0
0.2698689103126526,5.3766063501825556e-05,2.1427650324840215,1.4509788969038545e-05,0
0.27088236808776855,5.3962892707204446e-05,2.1447900325147202,1.4617596165393716e-05,0
0.27185145020484924,5.4165328037925065e-05,2.1467700325447368,1.472492297793131e-05,0
0.27293071150779724,5.436391074908897e-05,2.1487950325754355,1.483758084109524e-05,0
0.27392277121543884,5.455898281070404e-05,2.150820032606134,1.4944947766203543e-05,0
0.27490487694740295,5.475334546645172e-05,2.1528000326361507,1.5051961697913553e-05,0
0.2759140133857727,5.495649384101853e-05,2.1548250326668494,1.5163266777285921e-05,0
0.276813268661499,5.515122029464692e-05,2.156850032697548,1.5266589560431615e-05,0
0.2778981328010559,5.534735100809485e-05,2.158875032728247,1.5380925500634197e-05,0
0.2789115607738495,5.554967719945125e-05,2.1608550327582634,1.549344716818247e-05,0
0.27989649772644043,5.5752920161467046e-05,2.162880032788962,1.5605047091216476e-05,0
0.28088855743408203,5.594519461737946e-05,2.164905032819661,1.5714365011444686e-05,0
0.28198733925819397,5.614573819912039e-05,2.1668850328496774,1.58323873254571e-05,0
0.2829440236091614,5.634060289594345e-05,2.168910032880376,1.594123687594421e-05,0
0.2840074300765991,5.6535332987550646e-05,2.170935032911075,1.6056454630319038e-05,0
0.28489184379577637,5.673668420058675e-05,2.1729150329410913,1.6163818572763854e-05,0
0.2859202027320862,5.693459388567135e-05,2.17494003297179,1.6278750626260146e-05,0
0.2869408130645752,5.714052531402558e-05,2.176965033002489,1.639594879254344e-05,0
0.2879526913166046,5.733566649723798e-05,2.1789450330325053,1.6509959476310957e-05,0
0.28893202543258667,5.753628647653386e-05,2.180970033063204,1.6624075787534474e-05,0
0.2899669110774994,5.772786244051531e-05,2.1829950330939027,1.673916995498302e-05,0
0.2908497452735901,5.7929901231545955e-05,2.1849750331239193,1.6848897016919374e-05,0
0.29197958111763,5.8121164329349995e-05,2.187000033154618,1.697019321495255e-05,0
0.29290738701820374,5.831729504279792e-05,2.1890250331853167,1.7081566508955585e-05,0
0.29383614659309387,5.8513895055511966e-05,2.1910050332153332,1.7193497445264325e-05,0
0.29492005705833435,5.872076144441962e-05,2.193030033246032,1.7317930315697075e-05,0
0.29603344202041626,5.8918987633660436e-05,2.1950550332767307,1.744199070955084e-05,0
0.2969268262386322,5.9105936088599265e-05,2.197035033306747,1.7550138014651214e-05,0
0.2979533076286316,5.9316498663974926e-05,2.199060033337446,1.7673546973880636e-05,0
0.2989168167114258,5.9503523516468704e-05,2.2010850333681447,1.778660383265629e-05,0
0.2999374270439148,5.9706304455175996e-05,2.2031100333988434,1.7908155336586115e-05,0
0.30097073316574097,5.9902999055339023e-05,2.20509003342886,1.8029049544512074e-05,0
0.30202144384384155,6.0099962865933776e-05,2.2071150334595586,1.815147755973058e-05,0
0.3029920756816864,6.0295740695437416e-05,2.2091400334902573,1.8269131628075312e-05,0
0.3039496839046478,6.050453521311283e-05,2.211120033520274,1.839033435282328e-05,0
0.3049333691596985,6.0695703723467886e-05,2.2131450335509726,1.850814542991592e-05,0
0.3059682250022888,6.0890783061040565e-05,2.2151700335816713,1.8630644812186016e-05,0
0.30692118406295776,6.109073001425713e-05,2.217150033611688,1.8750039191246272e-05,0
0.3079380989074707,6.129249231889844e-05,2.2191750336423866,1.8874293561982336e-05,0
0.30909430980682373,6.1486178310588e-05,2.2212000336730853,1.9005027847570494e-05,0
0.30999696254730225,6.168350228108466e-05,2.223180033703102,1.9121698346415833e-05,0
0.31099987030029297,6.18854392087087e-05,2.2252050337338005,1.9246363567385072e-05,0
0.3121061325073242,6.2084014643915e-05,2.2272300337644992,1.937680170104039e-05,0
0.3129684627056122,6.228504935279489e-05,2.2292100337945158,1.94932561454874e-05,0
0.3140331506729126,6.248397403396666e-05,2.2312350338252145,1.962203923245101e-05,0
0.31503233313560486,6.268115248531103e-05,2.233260033855913,1.974658971107615e-05,0
0.31606659293174744,6.287307041930035e-05,2.2352400338859297,1.9872077154586094e-05,0
0.3171020746231079,6.307621515588835e-05,2.2372650339166285,2.0001598685305717e-05,0
0.3180513381958008,6.327619485091418e-05,2.239290033947327,2.0125078448271494e-05,0
0.31897851824760437,6.347168528009206e-05,2.2412700339773437,2.0246104121322047e-05,0
0.32004255056381226,6.367125024553388e-05,2.2432950340080424,2.037750932616742e-05,0
0.3210132122039795,6.386842869687825e-05,2.245320034038741,2.0502609454405712e-05,0
0.3220837712287903,6.406455941032618e-05,2.24734503406944,2.0634154896988742e-05,0
0.3230820298194885,6.426728214137256e-05,2.2493250340994564,2.0763603965216412e-05,0
0.3240964412689209,6.446382030844688e-05,2.251350034130155,2.0892494752566826e-05,0
0.3251027464866638,6.465399928856641e-05,2.253375034160854,2.101919274005975e-05,0
0.3260609805583954,6.485969061031938e-05,2.2553550341908704,2.1148214319114886e-05,0
0.3270297646522522,6.505711644422263e-05,2.257380034221569,2.1275613479708293e-05,0
0.3280646502971649,6.525499338749796e-05,2.259405034252268,2.1407856585813328e-05,0
0.32912930846214294,6.54557443340309e-05,2.2613850342822843,2.154340386753442e-05,0
0.3300416171550751,6.565109652001411e-05,2.263410034312983,2.1667594063469377e-05,0
0.3310765027999878,6.5847925725393e-05,2.2654350343436818,2.1800700965796463e-05,0
0.3320784568786621,6.605216913158074e-05,2.2674150343736983,2.193450239870373e-05,0
0.3331391215324402,6.624894012929872e-05,2.269440034404397,2.20701137171298e-05,0
0.33409547805786133,6.644331733696163e-05,2.2714650344350957,2.219841186944238e-05,0
0.3351244628429413,6.663836393272504e-05,2.2734450344651123,2.2332145917686912e-05,0
0.3360724449157715,6.684012623736635e-05,2.275470034495811,2.2463124643070514e-05,0
0.3371073007583618,6.704221596010029e-05,2.2774950345265097,2.2600420459168574e-05,0
0.33813318610191345,6.723771366523579e-05,2.2794750345565262,2.2735302347834342e-05,0
0.3391271233558655,6.744182610418648e-05,2.281500034587225,2.2871352480579275e-05,0
0.34019768238067627,6.763900455553085e-05,2.2835250346179237,2.3010632588327598e-05,0
0.34112548828125,6.78382784826681e-05,2.2855500346486224,2.314136587155957e-05,0
0.34213244915008545,6.803733413107693e-05,2.287530034678639,2.327777975990805e-05,0
0.34311676025390625,6.823438889114186e-05,2.2895550347093376,2.3412362454233726e-05,0
0.3441016674041748,6.842912262072787e-05,2.2915800347400364,2.3546575192797195e-05,0
0.34515610337257385,6.863412272650748e-05,2.293560034770053,2.3689486358676338e-05,0
0.3460857570171356,6.882452726131305e-05,2.2955850348007516,2.3819188618578015e-05,0
0.34717774391174316,6.902310997247696e-05,2.2976100348314503,2.396328759801669e-05,0
0.3482542037963867,6.922908505657688e-05,2.299590034861467,2.4109319895930514e-05,0
0.3491475582122803,6.941851461306214e-05,2.3016150348921656,2.4237304871874144e-05,0
0.3501967191696167,6.962094630580395e-05,2.3036400349228643,2.438102698177659e-05,0
0.35113632678985596,6.981016485951841e-05,2.305620034952881,2.4512884861365575e-05,0
0.35217368602752686,7.000865298323333e-05,2.3076450349835795,2.4655205374927297e-05,0
0.35325855016708374,7.02180914231576e-05,2.3096700350142783,2.4805141171644392e-05,0
0.354256808757782,7.041462959023193e-05,2.311650035044295,2.4944861968496847e-05,0
0.3551784157752991,7.06173523212783e-05,2.3136750350749935,2.5081759323717766e-05,0
0.3562560975551605,7.081138028297573e-05,2.3157000351056922,2.5226986002107373e-05,0
0.357161283493042,7.100191578501835e-05,2.3176800351357087,2.5359135372242034e-05,0
0.35828304290771484,7.120573718566447e-05,2.3197050351664075,2.551180819136689e-05,0
0.3592394292354584,7.14057168806903e-05,2.321730035197106,2.565174897636792e-05,0
0.36028915643692017,7.159871165640652e-05,2.3237100352271227,2.579623942465699e-05,0
0.3612377643585205,7.180358079494908e-05,2.3257350352578214,2.5938164999303806e-05,0
0.3622726798057556,7.200460822787136e-05,2.32776003528852,2.6085302381074517e-05,0
0.3632718324661255,7.220178667921573e-05,2.329785035319219,2.6228875354286987e-05,0
0.36437034606933594,7.23997873137705e-05,2.3317650353492354,2.6380335558864876e-05,0
0.3652988076210022,7.25936988601461e-05,2.333790035379934,2.651839163440948e-05,0
0.3663836419582367,7.278876728378236e-05,2.335815035410633,2.666861365108273e-05,0
0.367267370223999,7.299584831343964e-05,2.3377950354406494,2.680899324734691e-05,0
0.3682606816291809,7.318453572224826e-05,2.339820035471348,2.6950987009790282e-05,0
0.36932408809661865,7.338696741499007e-05,2.341845035502047,2.7103574818717474e-05,0
0.37026867270469666,7.358533184742555e-05,2.3438250355320633,2.7246343153680902e-05,0
0.37130820751190186,7.379113230854273e-05,2.345850035562762,2.739925306775859e-05,0
0.37237876653671265,7.398235175060108e-05,2.347875035593461,2.7549456890374035e-05,0
0.37331464886665344,7.41821204428561e-05,2.3498550356234773,2.769327224530862e-05,0
0.3743842840194702,7.437776366714388e-05,2.351880035654176,2.7845865797493027e-05,0
0.37531208992004395,7.457669562427327e-05,2.3539050356848747,2.7989535494076997e-05,0
0.3762935996055603,7.47653903090395e-05,2.3558850357148913,2.813373784530315e-05,0
0.3774104118347168,7.497245678678155e-05,2.35791003574559,2.8295385792159733e-05,0
0.378373920917511,7.51699844840914e-05,2.3599350357762887,2.8442361764554128e-05,0
0.3793693780899048,7.536145130870864e-05,2.3619150358063052,2.8589826914937437e-05,0
0.3802937865257263,7.557204662589356e-05,2.363940035837004,2.8739579766859803e-05,0
0.38135725259780884,7.57737725507468e-05,2.3659650358677027,2.889687771892406e-05,0
0.38237813115119934,7.5964089774061e-05,2.367945035897719,2.9047006682407376e-05,0
0.3834412693977356,7.616462971782312e-05,2.369970035928418,2.9204662302210593e-05,0
0.3844047486782074,7.636286318302155e-05,2.3719950359591166,2.9354247230217734e-05,0
0.385396808385849,7.655724039068446e-05,2.3740200359898154,2.9504916105397997e-05,0
0.3864741921424866,7.676626410102472e-05,2.376000036019832,2.9668179902240296e-05,0
0.3874022960662842,7.696069951634854e-05,2.3780250360505306,2.981475169950079e-05,0
0.38841578364372253,7.715893298154697e-05,2.3800500360812293,2.9969747419141034e-05,0
0.38940101861953735,7.735355757176876e-05,2.382030036111246,3.0121554112291782e-05,0
0.39047127962112427,7.755328988423571e-05,2.3840550361419446,3.028233233992551e-05,0
0.39139196276664734,7.774381811032072e-05,2.3860800361726433,3.042830556317165e-05,0
0.39247679710388184,7.794888369971886e-05,2.38806003620266,3.059312821228864e-05,0
0.39349740743637085,7.814518176019192e-05,2.3900850362333586,3.0749926426279495e-05,0
0.39447516202926636,7.834270945750177e-05,2.3921100362640573,3.090425300705975e-05,0
0.3954184949398041,7.854567229514942e-05,2.394090036294074,3.105841152298305e-05,0
0.3963450789451599,7.874442235333845e-05,2.3961150363247725,3.120996429412494e-05,0
0.39743706583976746,7.894300506450236e-05,2.3981400363554712,3.137487630140972e-05,0
0.3983006775379181,7.910669955890626e-05,2.399445036375255,3.150825203210089e-05,0
0.39875495433807373,7.904269295977429e-05,2.4014250364052714,3.151866542193318e-05,0
0.39837509393692017,7.86304590292275e-05,2.403405036435288,3.1324416502071656e-05,0
0.39772969484329224,7.829612877685577e-05,2.4054300364659866,3.1140695405829956e-05,0
0.39695173501968384,7.801804167684168e-05,2.4074550364966854,3.096939700646031e-05,0
0.39606642723083496,7.778406143188477e-05,2.409435036526702,3.0807655306830384e-05,0
0.3952174186706543,7.755399565212429e-05,2.4114600365574006,3.065068996922771e-05,0
0.3942967355251312,7.734035170869902e-05,2.4134850365880993,3.0495048203105527e-05,0
0.39319050312042236,7.712916703894734e-05,2.415510036618798,3.0326455993302803e-05,0
0.39229804277420044,7.692341023357585e-05,2.4174900366488146,3.0176903278148707e-05,0
0.3913848102092743,7.672430365346372e-05,2.4195150366795133,3.002872702384963e-05,0
0.3903285264968872,7.653132342966273e-05,2.421540036710212,2.9872358705156955e-05,0
0.3892967402935028,7.632478809682652e-05,2.4235200367402285,2.971299120968691e-05,0
0.3883301615715027,7.613030902575701e-05,2.4255450367709273,2.956369520446065e-05,0
0.3873523473739624,7.593347982037812e-05,2.427570036801626,2.941301165269687e-05,0
0.3863922655582428,7.573494804091752e-05,2.4295500368316425,2.926339815546592e-05,0
0.38538965582847595,7.553352043032646e-05,2.431575036862341,2.9109837442156672e-05,0
0.3843405246734619,7.533529424108565e-05,2.43360003689304,2.8954406515048492e-05,0
0.38333138823509216,7.514071330660954e-05,2.4355800369230565,2.8803793944797698e-05,0
0.3823992609977722,7.494058081647381e-05,2.437605036953755,2.865722272296341e-05,0
0.38135719299316406,7.4742354627233e-05,2.439630036984454,2.8503534558341204e-05,0
0.3803599178791046,7.454026490449905e-05,2.4416100370144704,2.8352129037761964e-05,0
0.3793517053127289,7.43490454624407e-05,2.443635037045169,2.8204437184550487e-05,0
0.3783239722251892,7.415676373057067e-05,2.445660037075868,2.8055281421914338e-05,0
0.37743309140205383,7.395627471851185e-05,2.4476400371058844,2.7913545395587486e-05,0
0.3764183521270752,7.375259883701801e-05,2.449665037136583,2.7761831719319563e-05,0
0.3753834664821625,7.355997513514012e-05,2.451690037167282,2.7613198460570577e-05,0
0.3743349611759186,7.336240378208458e-05,2.4536700371972984,2.7462112571538695e-05,0
0.3733922243118286,7.315546099562198e-05,2.455695037227997,2.731568030171251e-05,0
0.372371643781662,7.29565363144502e-05,2.457720037258696,2.716694535202834e-05,0
0.3713010549545288,7.276215183082968e-05,2.4597450372893945,2.701666373554866e-05,0
0.3703133463859558,7.25591235095635e-05,2.461725037319411,2.686961183765834e-05,0
0.3693740963935852,7.236709643620998e-05,2.46375003735011,2.67305308547525e-05,0
0.3682606816291809,7.217096572276205e-05,2.4657750373808085,2.6577729030900603e-05,0
0.36728230118751526,7.196708611445501e-05,2.467755037410825,2.6432236997877114e-05,0
0.36637648940086365,7.176995859481394e-05,2.4697800374415237,2.6294825474413273e-05,0
0.3653273284435272,7.157697837101296e-05,2.4718050374722225,2.6149026286342294e-05,0
0.3642735481262207,7.137541251722723e-05,2.473785037502239,2.600017476662303e-05,0
0.36329326033592224,7.117701898096129e-05,2.4758100375329377,2.585813128658525e-05,0
0.362301230430603,7.09780870238319e-05,2.4778350375636364,2.5715448262344717e-05,0
0.3613467216491699,7.078045018715784e-05,2.479815037593653,2.557628363198186e-05,0
0.3603099584579468,7.058057963149622e-05,2.4818400376243517,2.5430885714962208e-05,0
0.35930365324020386,7.038864714559168e-05,2.4838650376550504,2.5290898066046737e-05,0
0.35830816626548767,7.018548785708845e-05,2.485845037685067,2.5148033452522013e-05,0
0.35729098320007324,6.998798926360905e-05,2.4878700377157656,2.5006077496191048e-05,0
0.35624897480010986,6.97883588145487e-05,2.4898950377464644,2.4862031280665185e-05,0
0.35525476932525635,6.959929305594414e-05,2.491875037776481,2.4725480799790353e-05,0
0.3542720079421997,6.939189916010946e-05,2.4939000378071796,2.458360745037462e-05,0
0.35322996973991394,6.919787119841203e-05,2.4959250378378783,2.4442761949481544e-05,0
0.3521951138973236,6.900279549881816e-05,2.497950037868577,2.430244741993999e-05,0
0.3512182831764221,6.879455759190023e-05,2.4999300378985936,2.4161906409308695e-05,0
0.35023242235183716,6.859582936158404e-05,2.5019550379292923,2.4024483480540853e-05,0
0.3492189347743988,6.840004789410159e-05,2.503980037959991,2.3886591864096017e-05,0
0.348224401473999,6.819484406150877e-05,2.5059600379900075,2.374710875693159e-05,0
0.3472134470939636,6.800849223509431e-05,2.5079850380207063,2.3613463020610154e-05,0
0.3461642861366272,6.780746480217203e-05,2.510010038051405,2.3472522647978358e-05,0
0.345200777053833,6.761011900380254e-05,2.5119900380814215,2.3339065616814758e-05,0
0.3442087173461914,6.741555989719927e-05,2.5140150381121202,2.32050234013903e-05,0
0.34327375888824463,6.721312820445746e-05,2.516040038142819,2.3072503165381605e-05,0
0.3421473503112793,6.70111330691725e-05,2.5180200381728355,2.2927681620973916e-05,0
0.3411825895309448,6.682156526949257e-05,2.520045038203534,2.279835467515652e-05,0
0.3401477336883545,6.660932558588684e-05,2.522070038234233,2.2657011140549133e-05,0
0.33911624550819397,6.641689833486453e-05,2.5240500382642495,2.2523049201618678e-05,0
0.3381921648979187,6.62251259200275e-05,2.526075038294948,2.239681870553137e-05,0
0.3372572064399719,6.602199573535472e-05,2.528100038325647,2.2266393845297473e-05,0
0.3361298441886902,6.583070353372023e-05,2.5300800383556634,2.2127664121621236e-05,0
0.3351374864578247,6.562658381881192e-05,2.532105038386362,2.199392834585038e-05,0
0.3341454267501831,6.542975461343303e-05,2.534130038417061,2.1863053277465343e-05,0
0.3332030177116394,6.522916373796761e-05,2.5361100384470774,2.173455420029745e-05,0
0.33216845989227295,6.50311922072433e-05,2.538135038477776,2.1601310960438387e-05,0
0.3310765027999878,6.482735625468194e-05,2.540160038508475,2.1462814394569013e-05,0
0.3301629424095154,6.463613681262359e-05,2.5421850385391735,2.13404571160398e-05,0
0.32915911078453064,6.442625453928486e-05,2.54416503856919,2.1206488655328834e-05,0
0.3281717002391815,6.423407467082143e-05,2.546190038599889,2.1079805498014012e-05,0
0.32718679308891296,6.40421494608745e-05,2.5482150386305875,2.0953745504624383e-05,0
0.3262099325656891,6.384079460985959e-05,2.550195038660604,2.0825501304622303e-05,0
0.3251027464866638,6.364638829836622e-05,2.5522200386913028,2.069161563975552e-05,0
0.3242177665233612,6.344255234580487e-05,2.5542450387220015,2.0569202624098285e-05,0
0.3230671286582947,6.32487572147511e-05,2.556225038752018,2.0433594384575236e-05,0
0.32209092378616333,6.304714770521969e-05,2.5582500387827167,2.0306914046456896e-05,0
0.3210917115211487,6.285907147685066e-05,2.5602750388134154,2.0183526845132197e-05,0
0.3200807273387909,6.265378760872409e-05,2.562255038843432,2.005426990833053e-05,0
0.31910762190818787,6.245420809136704e-05,2.5642800388741307,1.992961382219524e-05,0
0.31808701157569885,6.225597462616861e-05,2.5663050389048294,1.9802816921570508e-05,0
0.31710922718048096,6.205809768289328e-05,2.568285038934846,1.9679195396513083e-05,0
0.3160743713378906,6.185706297401339e-05,2.5703100389655447,1.9551432292319593e-05,0
0.31506088376045227,6.165883678477257e-05,2.5723350389962434,1.942628760905193e-05,0
0.3141004741191864,6.146313535282388e-05,2.57431503902626,1.930559995517371e-05,0
0.3130981922149658,6.12630756222643e-05,2.5763400390569586,1.9181358226859693e-05,0
0.3120633363723755,6.107080116635188e-05,2.5783650390876574,1.905795796690573e-05,0
0.31103214621543884,6.0871458117617294e-05,2.580345039117674,1.8932980261585704e-05,0
0.31011489033699036,6.066628702683374e-05,2.5823700391483726,1.8813518948478927e-05,0
0.309072881937027,6.0471906181192026e-05,2.5843950391790713,1.8690226319646535e-05,0
0.30798089504241943,6.0272977862041444e-05,2.58642003920977,1.8562925668823456e-05,0
0.3069882094860077,6.006708645145409e-05,2.5884000392397866,1.8439887318773122e-05,0
0.306018203496933,5.9872661950066686e-05,2.5904250392704853,1.8322124448538583e-05,0
0.3051117956638336,5.968354162178002e-05,2.592450039301184,1.8210152555798455e-05,0
0.3040390610694885,5.947687168372795e-05,2.5944300393312005,1.8083292222071095e-05,0
0.30302777886390686,5.928428072365932e-05,2.5964550393618993,1.7964783909234813e-05,0
0.30202144384384155,5.908289676881395e-05,2.598480039392598,1.784430178859383e-05,0
0.30099308490753174,5.888666055398062e-05,2.6004600394226145,1.772447762004529e-05,0
0.300015926361084,5.868398511665873e-05,2.602485039453313,1.7606130157334435e-05,0
0.2989453673362732,5.848715591127984e-05,2.604510039484012,1.7484464308351435e-05,0
0.2979247570037842,5.828402572660707e-05,2.6064900395140285,1.7364254201801717e-05,0
0.2969255745410919,5.808614514535293e-05,2.608515039544727,1.7247262020161176e-05,0
0.2959834635257721,5.78879116801545e-05,2.610540039575426,1.7133864595366127e-05,0
0.29504263401031494,5.7697834563441575e-05,2.6125200396054424,1.7023321086289192e-05,0
0.2940136194229126,5.750021227868274e-05,2.614545039636141,1.6905845529641313e-05,0
0.29297876358032227,5.730128032155335e-05,2.61657003966684,1.678805826017815e-05,0
0.29195940494537354,5.71035998291336e-05,2.6185500396968564,1.667193302635258e-05,0
0.29093754291534424,5.689676618203521e-05,2.620575039727555,1.6553405352830175e-05,0
0.2899811863899231,5.67023889743723e-05,2.622600039758254,1.6442626025931373e-05,0
0.28894633054733276,5.6510114518459886e-05,2.6246250397889526,1.632839022891854e-05,0
0.2879154682159424,5.630288433167152e-05,2.626605039818969,1.6210471304261252e-05,0
0.28691938519477844,5.6107699492713436e-05,2.628630039849668,1.609838664314272e-05,0
0.285870224237442,5.5907017667777836e-05,2.6306550398803665,1.5982151677134283e-05,0
0.2849216163158417,5.569878703681752e-05,2.632635039910383,1.5869788429361898e-05,0
0.28387898206710815,5.55105616513174e-05,2.6346600399410818,1.5758281735549435e-05,0
0.2828797996044159,5.5313030316028744e-05,2.6366850399717805,1.5646938931311192e-05,0
0.2819426655769348,5.5106742365751415e-05,2.638665040001797,1.5536941833861357e-05,0
0.2808956801891327,5.491902265930548e-05,2.6406900400324957,1.5426516225208005e-05,0
0.27996787428855896,5.472184420796111e-05,2.6427150400631945,1.5320358400052565e-05,0
0.278896689414978,5.452127879834734e-05,2.644695040093211,1.5205804159530104e-05,0
0.27794092893600464,5.4330983402905986e-05,2.6467200401239097,1.510080399701034e-05,0
0.2768775224685669,5.412785321823321e-05,2.6487450401546084,1.4986785895606657e-05,0
0.27591028809547424,5.39248576387763e-05,2.650725040184625,1.4878423006622205e-05,0
0.27483630180358887,5.3724386816611513e-05,2.6527500402153237,1.4765411789342993e-05,0
0.2739013433456421,5.352650987333618e-05,2.6547750402460224,1.4660982958910555e-05,0
0.2728196084499359,5.333976150723174e-05,2.656755040276039,1.4552132849215927e-05,0
0.2718244791030884,5.313320070854388e-05,2.6587800403067376,1.4442904605679787e-05,0
0.27089664340019226,5.293917638482526e-05,2.6608050403374364,1.4341045187019888e-05,0
0.2698853313922882,5.274040813674219e-05,2.662785040367453,1.42338625277492e-05,0
0.2689553499221802,5.253606286714785e-05,2.6648100403981516,1.4129855171967406e-05,0
0.2677777409553528,5.234203126747161e-05,2.6668350404288503,1.4016030889817989e-05,0
0.26683562994003296,5.21455513080582e-05,2.668860040459549,1.391429103185602e-05,0
0.26581162214279175,5.1938237447757274e-05,2.6708400404895656,1.3805787147225853e-05,0
0.264801561832428,5.174419129616581e-05,2.6728650405202643,1.3701942670980632e-05,0
0.26382380723953247,5.1544564485084265e-05,2.674890040550963,1.3598683244958523e-05,0
0.2627507448196411,5.134655657457188e-05,2.6768700405809795,1.3491345983892601e-05,0
0.26179686188697815,5.115930980537087e-05,2.6788950406116783,1.3393346763349804e-05,0
0.2608119547367096,5.095652522868477e-05,2.680920040642377,1.3290070951483732e-05,0
0.2597271203994751,5.0756349082803354e-05,2.6829000406723935,1.3182800389267054e-05,0
0.2588278353214264,5.0555165216792375e-05,2.6849250407030922,1.308508397737944e-05,0
0.25777867436408997,5.0354134145891294e-05,2.686950040733791,1.2980221948879415e-05,0
0.25672581791877747,5.0160655518993735e-05,2.6889300407638075,1.2877535315455706e-05,0
0.2557303309440613,4.99587258673273e-05,2.690955040794506,1.2775961499595246e-05,0
0.25472402572631836,4.9765047151595354e-05,2.692980040825205,1.2676353150914421e-05,0
0.253709614276886,4.957117198500782e-05,2.6949600408552215,1.2576682923569511e-05,0
0.25273990631103516,4.9366833991371095e-05,2.69698504088592,1.2476968997851556e-05,0
0.25168362259864807,4.9169655540026724e-05,2.699010040916619,1.2375197028241611e-05,0
0.2507753372192383,4.896816608379595e-05,2.7009900409466354,1.2280008362671596e-05,0
0.249742329120636,4.8769692511996254e-05,2.703015040977334,1.2179856598443185e-05,0
0.24867890775203705,4.857356543652713e-05,2.705040041008033,1.2079221198377666e-05,0
0.24781128764152527,4.837539745494723e-05,2.7070200410380494,1.1987969533481038e-05,0
0.24663770198822021,4.817115404875949e-05,2.709045041068748,1.188082273670659e-05,0
0.24565991759300232,4.797957808477804e-05,2.711070041099447,1.1786659198453594e-05,0
0.2447178214788437,4.778484799317084e-05,2.7130950411301455,1.1693803900586464e-05,0
0.24372264742851257,4.7577970690326765e-05,2.715075041160162,1.1595828975922615e-05,0
0.2426837533712387,4.737858398584649e-05,2.717100041190861,1.149801259109969e-05,0
0.24173453450202942,4.718350464827381e-05,2.7191250412215595,1.1405882532324811e-05,0
0.24069155752658844,4.698264456237666e-05,2.721105041251576,1.130832589643654e-05,0
0.23971472680568695,4.678564437199384e-05,2.7231300412822748,1.1215207959060529e-05,0
0.23876550793647766,4.658846592064947e-05,2.7251550413129735,1.112371872952515e-05,0
0.23770517110824585,4.6393892262130976e-05,2.72713504134299,1.1028068098547367e-05,0
0.23667433857917786,4.6196211769711226e-05,2.7291600413736887,1.0933457865460036e-05,0
0.23568227887153625,4.599832755047828e-05,2.7311850414043874,1.0840990661376091e-05,0
0.23471878468990326,4.5799290091963485e-05,2.733165041434404,1.0749953710045997e-05,0
0.2336910218000412,4.5601522288052365e-05,2.7351900414651027,1.065666633913231e-05,0
0.23264187574386597,4.540259396890178e-05,2.7372150414958014,1.0562544624562447e-05,0
0.23167279362678528,4.5205062633613124e-05,2.739195041525818,1.0472783146402956e-05,0
0.23057925701141357,4.5001226681051776e-05,2.7412200415565167,1.037634941271912e-05,0
0.22963717579841614,4.4810003601014614e-05,2.7432450415872154,1.0290042674453853e-05,0
0.22867149114608765,4.460900163394399e-05,2.745225041617232,1.0200806922172232e-05,0
0.2276744693517685,4.441844794200733e-05,2.7472500416479306,1.0112946564625673e-05,0
0.22670382261276245,4.421251287567429e-05,2.7492750416786293,1.002314567623134e-05,0
0.225626140832901,4.401358455652371e-05,2.751300041709328,9.930615227711015e-06,0
0.22462011873722076,4.380901373224333e-05,2.7532800417393446,9.840385866297032e-06,0
0.2236705720424652,4.36164227721747e-05,2.7553050417700433,9.755710231898322e-06,0
0.22262142598628998,4.341994281276129e-05,2.757330041800742,9.666209585220081e-06,0
0.22160391509532928,4.321843880461529e-05,2.7593100418307586,9.577375243410651e-06,0
0.22059449553489685,4.302278102841228e-05,2.7613350418614573,9.490588677470938e-06,0
0.2196238487958908,4.282315421733074e-05,2.763360041892156,9.40498594679016e-06,0
0.21856538951396942,4.2620551539584994e-05,2.7653400419221725,9.315377448549603e-06,0
0.2176111936569214,4.242563954903744e-05,2.7673650419528713,9.23229406392433e-06,0
0.21654777228832245,4.222776260576211e-05,2.76939004198357,9.144327920997911e-06,0
0.21557898819446564,4.203106800559908e-05,2.7713700420135865,9.061015113379827e-06,0
0.2145993411540985,4.18348063249141e-05,2.773395042044285,8.977721874635879e-06,0
0.21354305744171143,4.1634477383922786e-05,2.775420042074984,8.890753595550659e-06,0
0.21262237429618835,4.1438663174631074e-05,2.7774000421050005,8.810786951850085e-06,0
0.21145902574062347,4.1233462980017066e-05,2.779425042135699,8.719187909666474e-06,0
0.210566908121109,4.103698302060366e-05,2.781450042166398,8.64103063326696e-06,0
0.20953914523124695,4.083894964423962e-05,2.7834300421964144,8.557358600595906e-06,0
0.2085542380809784,4.0631417505210266e-05,2.785455042227113,8.473854319949255e-06,0
0.2075621783733368,4.044649540446699e-05,2.787480042257812,8.395162693718324e-06,0
0.20658254623413086,4.024691224913113e-05,2.7894600422878284,8.314309610487139e-06,0
0.20559236407279968,4.0048285882221535e-05,2.791485042318527,8.233621771589253e-06,0
0.20447896420955658,3.9844802813604474e-05,2.793510042349226,8.147424008459869e-06,0
0.2035154551267624,3.965252835769206e-05,2.7955350423799246,8.069902355642552e-06,0
0.2024790346622467,3.944984928239137e-05,2.797515042409941,7.98776740026973e-06,0
0.2014956772327423,3.9252212445717305e-05,2.79954004244064,7.909151129633285e-06,0
0.20055358111858368,3.905433550244197e-05,2.8015650424713385,7.832486843221379e-06,0
0.19947773218154907,3.885451951646246e-05,2.803545042501355,7.75061143814767e-06,0
0.19856946170330048,3.865577309625223e-05,2.8055700425320538,7.67585605544773e-06,0
0.19746321439743042,3.845824539894238e-05,2.8075950425627525,7.594088756560351e-06,0
0.1964615434408188,3.8263577152974904e-05,2.809575042592769,7.5173214250403e-06,0
0.19547909498214722,3.806703898590058e-05,2.8116000426234677,7.441310329613961e-06,0
0.1944727748632431,3.786951128859073e-05,2.8136250426541665,7.364588943007148e-06,0
0.19346767663955688,3.7664231058442965e-05,2.815605042684183,7.286811275292399e-06,0
0.19236020743846893,3.747305163415149e-05,2.8176300427148817,7.2083239856978376e-06,0
0.1915109008550644,3.727342118509114e-05,2.8196550427455804,7.138266469107046e-06,0
0.19039936363697052,3.707657378981821e-05,2.821635042775597,7.059356055420568e-06,0
0.18948397040367126,3.687415664899163e-05,2.8236600428062957,6.987061607137868e-06,0
0.18844908475875854,3.667522832984105e-05,2.8256850428369944,6.911413212077038e-06,0
0.18754702806472778,3.6480880226008594e-05,2.827665042867011,6.841880667573207e-06,0
0.18641501665115356,3.628016929724254e-05,2.8296900428977096,6.763168363652138e-06,0
0.1854015439748764,3.6084042221773416e-05,2.8317150429284084,6.690037140771421e-06,0
0.18438932299613953,3.588810795918107e-05,2.833695042958425,6.617383930205764e-06,0
0.18342457711696625,3.568127431208268e-05,2.8357200429891236,6.544822651688236e-06,0
0.18238256871700287,3.5484448744682595e-05,2.8377450430198223,6.47174491156204e-06,0
0.1814761608839035,3.5289369407109916e-05,2.839770043050521,6.4041792800161815e-06,0
0.18044964969158173,3.509031739667989e-05,2.8417500430805376,6.332035481797303e-06,0
0.1793564409017563,3.4892560506705195e-05,2.8437750431112363,6.258205466431826e-06,0
0.17834298312664032,3.4697131923167035e-05,2.845800043141935,6.187990013116192e-06,0
0.1774483621120453,3.448767893132754e-05,2.8477800431719515,6.119782139410164e-06,0
0.1763017624616623,3.4298220271011814e-05,2.8498050432026503,6.046836683077695e-06,0
0.17533114552497864,3.409929195186123e-05,2.851830043233349,5.978667919510515e-06,0
0.17432045936584473,3.3894542866619304e-05,2.8538100432633655,5.908512282504393e-06,0
0.17333988845348358,3.370388367329724e-05,2.8558350432940642,5.84222743637853e-06,0
0.17231214046478271,3.350845508975908e-05,2.857860043324763,5.77391362018443e-06,0
0.1713489443063736,3.330542676849291e-05,2.8598400433547795,5.7068497164544955e-06,0
0.1703423112630844,3.311234468128532e-05,2.861865043385478,5.640433324350042e-06,0
0.16926461458206177,3.291026223450899e-05,2.863890043416177,5.570542852918747e-06,0
0.1683848798274994,3.271814057370648e-05,2.8658700434461934,5.509240168682797e-06,0
0.16729478538036346,3.250854933867231e-05,2.867895043476892,5.438510784640141e-06,0
0.16627417504787445,3.231382288504392e-05,2.869920043507591,5.372954242853804e-06,0
0.16531656682491302,3.21209809044376e-05,2.8719000435376074,5.310130286170214e-06,0
0.16430434584617615,3.19170139846392e-05,2.873925043568306,5.244104104109399e-06,0
0.1633479744195938,3.172053402522579e-05,2.875950043599005,5.181484980528437e-06,0
0.16227741539478302,3.152300632791594e-05,2.8779750436297036,5.115471992367588e-06,0
0.16129496693611145,3.131770790787414e-05,2.87995504365972,5.051388661515355e-06,0
0.16031472384929657,3.113074853899889e-05,2.881980043690419,4.990717355251499e-06,0
0.15932264924049377,3.092621409450658e-05,2.8840050437211175,4.927246360515486e-06,0
0.15827134251594543,3.072128311032429e-05,2.885985043751134,4.862298721683466e-06,0
0.15726718306541443,3.0530456569977105e-05,2.888010043781833,4.801438902461274e-06,0
0.15618234872817993,3.032592030649539e-05,2.8900350438125315,4.736373460812056e-06,0
0.1552104651927948,3.0127415811875835e-05,2.892015043842548,4.67609022321801e-06,0
0.1542481929063797,2.9931561584817246e-05,2.8940400438732468,4.616889285324075e-06,0
0.1532989740371704,2.9736133001279086e-05,2.8960650439039455,4.558518680928929e-06,0
0.15225385129451752,2.9535374778788537e-05,2.898045043933962,4.496874559497513e-06,0
0.15126490592956543,2.934142503363546e-05,2.9000700439646607,4.438327897552264e-06,0
0.1503085345029831,2.9141443519620225e-05,2.9020950439953594,4.38020766873557e-06,0
0.14924509823322296,2.8944066798430867e-05,2.904075044025376,4.319760092600782e-06,0
0.14830301702022552,2.8744285373250023e-05,2.9061000440560747,4.262864242943318e-06,0
0.1472395807504654,2.8550957722472958e-05,2.9081250440867734,4.203831045081181e-06,0
0.14625126123428345,2.835202576534357e-05,2.91010504411679,4.1465195267283974e-06,0
0.14518409967422485,2.8151696824352257e-05,2.9121300441474887,4.087178757745317e-06,0
0.14416350424289703,2.7959769795415923e-05,2.9141550441781874,4.030778391531868e-06,0
0.14319036900997162,2.7762911486206576e-05,2.916135044208204,3.975381540501099e-06,0
0.14220795035362244,2.755630703177303e-05,2.9181600442389026,3.918725942303556e-06,0
0.14117306470870972,2.7356325517757796e-05,2.9201850442696013,3.861976312510948e-06,0
0.14025238156318665,2.715529262786731e-05,2.9222100443003,3.8085944631036355e-06,0
0.1392209231853485,2.6960733521264046e-05,2.9241900443303166,3.7534982105845525e-06,0
0.13820403814315796,2.675883297342807e-05,2.9262150443610153,3.698178772926046e-06,0
0.137190580368042,2.656795913935639e-05,2.928240044391714,3.6448737335227285e-06,0
0.13620473444461823,2.635663258843124e-05,2.9302200444217306,3.5898981425616476e-06,0
0.13513509929180145,2.616799611132592e-05,2.9322450444524293,3.5362147527715024e-06,0
0.1342857927083969,2.5969067792175338e-05,2.934270044483128,3.487276854370364e-06,0
0.1331438571214676,2.5765690224943683e-05,2.9362500445131445,3.430543377945896e-06,0
0.13210183382034302,2.5563151211827062e-05,2.9382750445438433,3.3769391533090788e-06,0
0.13113120198249817,2.5374727556481957e-05,2.940300044574542,3.3274185244598978e-06,0
0.1300978660583496,2.5179862859658897e-05,2.9422800446045585,3.275846425683515e-06,0
0.1290971338748932,2.4973363906610757e-05,2.944305044635257,3.2239897035581545e-06,0
0.1281479001045227,2.4782140826573595e-05,2.946330044665956,3.175779307019967e-06,0
0.12711891531944275,2.458307244523894e-05,2.9483100446959725,3.1249735044580553e-06,0
0.12610669434070587,2.4377273803111166e-05,2.950335044726671,3.0741374163486363e-06,0
0.12514318525791168,2.4182547349482775e-05,2.95236004475737,3.026281002964544e-06,0
0.12408782541751862,2.398445394646842e-05,2.9543400447873864,2.9761787340438887e-06,0
0.1231091171503067,2.378328463237267e-05,2.956365044818085,2.927939174025856e-06,0
0.12213847041130066,2.3590309865539894e-05,2.958390044848784,2.8812843635056583e-06,0
0.12104649841785431,2.3389628040604293e-05,2.9604150448794826,2.8312325736112084e-06,0
0.12007368355989456,2.3188855266198516e-05,2.962395044909499,2.784371269349715e-06,0
0.11913376301527023,2.2995620383881032e-05,2.964420044940198,2.7395547892024004e-06,0
0.11806320399045944,2.2793186872149818e-05,2.9664450449708966,2.691036671279286e-06,0
0.11716175079345703,2.2592796085518785e-05,2.968425045000913,2.6470115446989434e-06,0
0.11603626608848572,2.239707828266546e-05,2.970450045031612,2.598873335212014e-06,0
0.11515840142965317,2.2199548766366206e-05,2.9724750450623105,2.5564645483943613e-06,0
0.1139817163348198,2.19952726183692e-05,2.974455045092327,2.507058924293987e-06,0
0.11303868889808655,2.180133742513135e-05,2.9764800451230258,2.464394598761634e-06,0
0.11203236877918243,2.160521034966223e-05,2.9785050451537245,2.420482893445168e-06,0
0.11106234043836594,2.140579090337269e-05,2.980485045183741,2.3773772366628544e-06,0
0.11004112660884857,2.1209451006143354e-05,2.9825100452144397,2.3339118834711915e-06,0
0.10905620455741882,2.101437348756008e-05,2.9845350452451385,2.2917478137053507e-06,0
0.10799401998519897,2.0811925423913635e-05,2.986515045275155,2.2475634901605998e-06,0
0.10699358582496643,2.0609859348041937e-05,2.9885400453058537,2.2051227549952116e-06,0
0.10600154101848602,2.0415482140379027e-05,2.9905650453365524,2.164072567515556e-06,0
0.1050671935081482,2.021988620981574e-05,2.992545045366569,2.1244466971194476e-06,0
0.103988878428936,2.0012015738757327e-05,2.9945700453972677,2.0810270717755896e-06,0
0.10295400023460388,1.9822542526526377e-05,2.9965950454279664,2.040810047926442e-06,0
0.10196908563375473,1.963003887794912e-05,2.998575045457983,2.0016571153395283e-06,0
0.10092706978321075,1.9426082872087136e-05,3.0006000454886816,1.9606176216455736e-06,0
0.10000638663768768,1.92282041098224e-05,3.0026250455193804,1.9229432145552742e-06,0
0.09902860969305038,1.9030325347557664e-05,3.004650045550079,1.8845466611750513e-06,0
0.09795493632555008,1.8825303413905203e-05,3.0066300455800956,1.8440313972182447e-06,0
0.09693031013011932,1.8628961697686464e-05,3.0086550456107943,1.805711034758863e-06,0
0.09591683745384216,1.8439837731420994e-05,3.010680045641493,1.768690918359933e-06,0
0.09488661587238312,1.8231436115456745e-05,3.0126600456715096,1.7299192754892368e-06,0
0.09401838481426239,1.8039876522379927e-05,3.0146850457022083,1.6960800528828936e-06,0
0.09296923130750656,1.7836742699728347e-05,3.016710045732907,1.6582682578235238e-06,0
0.09201192855834961,1.7641588783590123e-05,3.0186900457629235,1.6232366068114762e-06,0
0.09099939465522766,1.7440983356209472e-05,3.0207150457936223,1.5871189276069628e-06,0
0.08995737880468369,1.7245554772671312e-05,3.022740045824321,1.5513649033821139e-06,0
0.08889147639274597,1.7047721485141665e-05,3.0247200458543375,1.5153971319465786e-06,0
0.08793758600950241,1.684349263086915e-05,3.0267450458850362,1.481176081927476e-06,0
0.08690270781517029,1.665016679908149e-05,3.028770045915735,1.4469445804144278e-06,0
0.08598698675632477,1.6456413504783995e-05,3.0307500459457515,1.4150374100924655e-06,0
0.08483295887708664,1.625405639060773e-05,3.03277504597645,1.3788796973702728e-06,0
0.08382662385702133,1.605582656338811e-05,3.034800046007149,1.3459057340427065e-06,0
0.08297079801559448,1.586035250511486e-05,3.0367800460371654,1.315946104158013e-06,0
0.08183538168668747,1.5651661669835448e-05,3.038805046067864,1.28085970678188e-06,0
0.08083619177341461,1.5455883840331808e-05,3.040830046098563,1.249394790144682e-06,0
0.07982055097818375,1.5269775758497417e-05,3.0428100461285794,1.2188419143565775e-06,0
0.07890918105840683,1.5065378647705074e-05,3.044835046159278,1.188796691425216e-06,0
0.07781720161437988,1.4865046978229657e-05,3.046860046189977,1.1567563577121256e-06,0
0.07696789503097534,1.4669268239231315e-05,3.0488850462206756,1.1290626980183763e-06,0
0.07580640912055969,1.446357782697305e-05,3.050865046250692,1.0964318980985748e-06,0
0.07483390718698502,1.426685594196897e-05,3.052890046281391,1.0676445734113916e-06,0
0.07384185492992401,1.4072828889766242e-05,3.0549150463120895,1.0391637893317625e-06,0
0.07276787608861923,1.3865690561942756e-05,3.056895046342106,1.0089768526945877e-06,0
0.07177923619747162,1.3672865861735772e-05,3.058920046372805,9.814278681858783e-07,0
0.07082286477088928,1.3474286788550671e-05,3.0609450464035035,9.542875911097042e-07,0
0.06975913047790527,1.3278401638672221e-05,3.06292504643352,9.262897524501667e-07,0
0.06880307197570801,1.3080278222332709e-05,3.0649500464642188,8.999633239934433e-07,0
0.067811019718647,1.2882748706033453e-05,3.0669750464949175,8.735923265352087e-07,0
0.06686209887266159,1.267941843252629e-05,3.068955046524934,8.477725288834207e-07,0
0.06585545837879181,1.2481035810196772e-05,3.0709800465556327,8.219443343226236e-07,0
0.0647277981042862,1.2283507203392219e-05,3.0730050465863314,7.950843742737167e-07,0
0.06389804184436798,1.2099803825549316e-05,3.074985046616348,7.731537711535939e-07,0
0.06282220035791397,1.1891950634890236e-05,3.0770100466470467,7.470785054314967e-07,0
0.061801597476005554,1.1690917744999751e-05,3.0790350466777454,7.225173926015652e-07,0
0.06084460765123367,1.1496435035951436e-05,3.081015046707762,6.994960791503616e-07,0
0.059788938611745834,1.1293408533674665e-05,3.0830400467384607,6.752209095372411e-07,0
0.05888966843485832,1.1101833479187917e-05,3.0850650467691594,6.53783292608386e-07,0
0.05776914581656456,1.0898699656536337e-05,3.087090046799858,6.296085696693897e-07,0
0.05678578093647957,1.0699372978706378e-05,3.0890700468298746,6.075722501265093e-07,0
0.0557779036462307,1.0504341844352894e-05,3.0910950468605733,5.85910167261385e-07,0
0.05477157235145569,1.0304010174877476e-05,3.093120046891272,5.643668388034373e-07,0
0.053799379616975784,1.0101852240040898e-05,3.0951000469212886,5.434733834965575e-07,0
0.052865974605083466,9.908952051773667e-06,3.0971250469519873,5.238464075320564e-07,0
0.051809683442115784,9.713174222270027e-06,3.099150046982686,5.032364816739293e-07,0
0.05076829344034195,9.50798494159244e-06,3.1011300470127026,4.827041695411175e-07,0
0.04981844127178192,9.311811481893528e-06,3.1031550470434013,4.638999334446173e-07,0
0.04876929149031639,9.118134585150983e-06,3.1051800470741,4.446849634311634e-07,0
0.04775954782962799,8.917041668610182e-06,3.1071600471041165,4.2587387807077376e-07,0
0.046792320907115936,8.715371222933754e-06,3.1091850471348152,4.078124470881597e-07,0
0.04568607360124588,8.520293704350479e-06,3.111210047165514,3.892587652811879e-07,0
0.044698670506477356,8.319154403579887e-06,3.1131900471955305,3.718551415781275e-07,0
0.043701961636543274,8.12033158581471e-06,3.115215047226229,3.548744194392851e-07,0
0.042681362479925156,7.923852535896003e-06,3.117240047256928,3.3820082232205147e-07,0
0.04176440089941025,7.728576747467741e-06,3.1192200472869445,3.2277937766310287e-07,0
0.04072580114006996,7.522839950979687e-06,3.121245047317643,3.063736838521724e-07,0
0.03963382542133331,7.329163054237142e-06,3.123270047348342,2.9048276897612095e-07,0
0.03867373242974281,7.12959354132181e-06,3.1252500473783584,2.757279929499022e-07,0
0.03770681470632553,6.9246484599716496e-06,3.127275047409057,2.6110643638659344e-07,0
0.03659342974424362,6.743929588992614e-06,3.129300047439756,2.46783513614927e-07,0
0.020756250247359276,3.938402642233996e-06,3.141360047622584,8.17464708170698e-08,0
0.02092040330171585,4.067863756063161e-06,3.1433850476532825,8.5101350353274e-08,0
0.021164925768971443,4.213395641272655e-06,3.145365047683299,8.917620598284357e-08,0
0.021405724808573723,4.307045401219511e-06,3.1473900477139978,9.219542859653786e-08,0
0.021584151312708855,4.357289071776904e-06,3.1494150477446965,9.404838663844541e-08,0
0.02176816388964653,4.368918780528475e-06,3.151395047774713,9.51033400350985e-08,0
0.021741166710853577,4.345030447439058e-06,3.1534200478054117,9.446603132150726e-08,0
0.02183394879102707,4.293067831895314e-06,3.1554450478361105,9.37346231980079e-08,0
0.021671349182724953,4.218246431264561e-06,3.157425047866127,9.141509135071769e-08,0
0.021455682814121246,4.121641723031644e-06,3.1594500478968257,8.843263748281512e-08,0
0.021056009456515312,4.00822773372056e-06,3.1614750479275244,8.439728106508704e-08,0
0.020680846646428108,3.8814519029983785e-06,3.163455047957541,8.027171157139601e-08,0
0.0201567355543375,3.7406125557026826e-06,3.1654800479882397,7.539853809653353e-08,0
0.019664278253912926,3.5890548133465927e-06,3.1675050480189384,7.057617251819292e-08,0
0.018953051418066025,3.4324589250900317e-06,3.169485048048955,6.505557049763101e-08,0
0.018286820501089096,3.264000724811922e-06,3.1715100480796536,5.968819537006032e-08,0
0.017565976828336716,3.0931794299249304e-06,3.1735350481103524,5.43347181919491e-08,0
0.016759485006332397,2.9161492420826107e-06,3.175560048141051,4.88731594989111e-08,0
0.015929412096738815,2.7347819013812114e-06,3.1775400481710676,4.3563467901804246e-08,0
0.015096545219421387,2.5539379748806823e-06,3.1795650482017663,3.85556401253837e-08,0
0.014254370704293251,2.3667828372708755e-06,3.181590048232465,3.373699993901803e-08,0
0.013456878252327442,2.1785076569358353e-06,3.1835700482624816,2.9315912311148654e-08,0
0.012512922286987305,1.991230647035991e-06,3.1855950482931803,2.49161143418288e-08,0
0.011613651178777218,1.7985033764489344e-06,3.187620048323879,2.0887190857930974e-08,0
0.010686450637876987,1.606318846825161e-06,3.1896000483538955,1.716584706528857e-08,0
0.009729461744427681,1.4125396319286665e-06,3.1916250483845943,1.3743250311337918e-08,0
0.008758818730711937,1.219048272105283e-06,3.193650048415293,1.0677422839357776e-08,0
0.007796864490956068,1.0249934803141514e-06,3.1956300484453095,7.991735270122884e-09,0
0.006860355846583843,8.299322757920891e-07,3.1976550484760082,5.693630740498893e-09,0
