0,0,0,0,0
Voltage [V],Current [A],Time [s],Power [W],Cycle
-0.080865278840065,-1.0579607987892814e-05,0.0992250015042373,8.555229499595314e-07,0
-0.07417333126068115,-1.0131167073268443e-05,0.10125000153493602,7.514624113828458e-07,0
-0.06869205087423325,-1.0056918654299807e-05,0.10327500156563474,6.908303678391877e-07,0
-0.06488984823226929,-1.0182452570006717e-05,0.10525500159565127,6.607378019000162e-07,0
-0.062225859612226486,-1.0414502867206465e-05,0.10728000162634999,6.480513933459197e-07,0
-0.060512956231832504,-1.0673672477423679e-05,0.1093050016570487,6.458954754592543e-07,0
-0.0596279613673687,-1.0936694707197603e-05,0.11133000168774743,6.521328094874844e-07,0
-0.0592670701444149,-1.1202441783098038e-05,0.11331000171776395,6.639359029475958e-07,0
-0.059178322553634644,-1.145258192991605e-05,0.11533500174846267,6.777445875204996e-07,0
-0.05940670892596245,-1.1692139196384232e-05,0.1173600017791614,6.945915099614346e-07,0
-0.05984051898121834,-1.1926412298635114e-05,0.11934000180917792,7.136827015343104e-07,0
-0.06046299636363983,-1.2149888789281249e-05,0.12136500183987664,7.346186816849405e-07,0
-0.06118384748697281,-1.2361426342977211e-05,0.12339000187057536,7.563196240901657e-07,0
-0.06195557862520218,-1.2575828804983757e-05,0.1253700019005919,7.791427503042535e-07,0
-0.06276114284992218,-1.27792509374558e-05,0.1273950019312906,8.020403936006654e-07,0
-0.06360331177711487,-1.298413462791359e-05,0.12942000196198933,8.258339628952214e-07,0
-0.06461429595947266,-1.3187236618250608e-05,0.13140000199200585,8.520840097392401e-07,0
-0.06560169160366058,-1.3388998922891915e-05,0.13342500202270458,8.783409782212991e-07,0
-0.06652951240539551,-1.3588280125986785e-05,0.1354500020534033,9.04021651209827e-07,0
-0.06745174527168274,-1.379535660817055e-05,0.13743000208341982,9.305208798663451e-07,0
-0.06851362437009811,-1.398789208906237e-05,0.13945500211411854,9.583611843194862e-07,0
-0.0694771260023117,-1.418612191628199e-05,0.14148000214481726,9.856109798616795e-07,0
-0.07045304775238037,-1.4384472706296947e-05,0.1434600021748338,1.013429942469551e-06,0
-0.07134704291820526,-1.4580479728465434e-05,0.1454850022055325,1.0402741129548451e-06,0
-0.07245329022407532,-1.4776607713429257e-05,0.14751000223623123,1.0706138471884e-06,0
-0.07341710478067398,-1.4966644812375307e-05,0.14949000226624776,1.0988077304052886e-06,0
-0.07443026453256607,-1.5174467989709228e-05,0.15151500229694648,1.129439666615014e-06,0
-0.07550082355737686,-1.5369545508292504e-05,0.1535400023276452,1.1604133435786664e-06,0
-0.07637868821620941,-1.557092764414847e-05,0.15556500235834392,1.189287027769572e-06,0
-0.07745359092950821,-1.5765532225486822e-05,0.15754500238836044,1.2210970837788355e-06,0
-0.0784413069486618,-1.596633592271246e-05,0.15957000241905916,1.2524202569589335e-06,0
-0.07946190237998962,-1.616596637177281e-05,0.16159500244975789,1.2845784417120061e-06,0
-0.08039531111717224,-1.636707384022884e-05,0.1635750024797744,1.3158359934629287e-06,0
-0.08146741986274719,-1.65533201652579e-05,0.16560000251047313,1.3485562840255452e-06,0
-0.08230960369110107,-1.6756803233874962e-05,0.16762500254117185,1.379245833310009e-06,0
-0.08347853273153305,-1.6959113054326735e-05,0.16960500257118838,1.4157218742033838e-06,0
-0.08441504091024399,-1.7154663510154933e-05,0.1716300026018871,1.4481116220111984e-06,0
-0.08544991910457611,-1.7354645024170168e-05,0.17365500263258582,1.4829530134039752e-06,0
-0.08644258975982666,-1.7550422853673808e-05,0.17563500266260235,1.5171040028516113e-06,0
-0.08741261065006256,-1.7754606233211234e-05,0.17766000269330107,1.5519764819088675e-06,0
-0.08844748139381409,-1.7948634194908664e-05,0.1796850027239998,1.5875114889985593e-06,0
-0.08949601650238037,-1.8141730834031478e-05,0.1816650027540163,1.623612642104224e-06,0
-0.0904601439833641,-1.8344042473472655e-05,0.18369000278471503,1.659404723387283e-06,0
-0.09140223264694214,-1.8542974430602044e-05,0.18571500281541375,1.6948692628721874e-06,0
-0.09246007353067398,-1.8732675016508438e-05,0.18769500284543028,1.7320245094525896e-06,0
-0.09350767731666565,-1.8941533198812976e-05,0.189720002876129,1.7711787742375135e-06,0
-0.09452113509178162,-1.9138362404191867e-05,0.19174500290682772,1.8089797382420938e-06,0
-0.09549178928136826,-1.9335891920491122e-05,0.19377000293752644,1.8464189168388492e-06,0
-0.09644443541765213,-1.9540335415513255e-05,0.19575000296754297,1.8845566170207288e-06,0
-0.09747590124607086,-1.9727098333532922e-05,0.1977750029982417,1.922916689030984e-06,0
-0.0985250398516655,-1.9921475541195832e-05,0.1998000030289404,1.962764171600299e-06,0
-0.09956488758325577,-2.013420089497231e-05,0.20178000305895694,2.0046594486866057e-06,0
-0.10063048452138901,-2.032774136750959e-05,0.20380500308965566,2.0455904630379727e-06,0
-0.101486936211586,-2.0530524125206284e-05,0.20583000312035438,2.0835799922852376e-06,0
-0.1025066077709198,-2.073172254313249e-05,0.2078100031503709,2.1251385511444182e-06,0
-0.10352100431919098,-2.091752685373649e-05,0.20983500318106962,2.1654033877724485e-06,0
-0.10457015037536621,-2.112241054419428e-05,0.21186000321176834,2.208773646896617e-06,0
-0.10556747764348984,-2.1316820493666455e-05,0.21384000324178487,2.2503629708954195e-06,0
-0.10660421848297119,-2.151922308257781e-05,0.2158650032724836,2.2940399590789216e-06,0
-0.1076105460524559,-2.17139495362062e-05,0.2178900033031823,2.336649966546621e-06,0
-0.10849430412054062,-2.191214844060596e-05,0.21987000333319884,2.377343296849533e-06,0
-0.10953041911125183,-2.21153131860774e-05,0.22189500336389756,2.422299522047652e-06,0
-0.11054389178752899,-2.2312138753477484e-05,0.22392000339459628,2.466470651912747e-06,0
-0.11153283715248108,-2.250491888844408e-05,0.2259000034246128,2.510037453514629e-06,0
-0.1126207709312439,-2.2708249161951244e-05,0.22792500345531153,2.5574205271177222e-06,0
-0.11349864304065704,-2.2898424504091963e-05,0.22995000348601025,2.598940108983368e-06,0
-0.11446710675954819,-2.3093305571819656e-05,0.23193000351602677,2.6434238743203495e-06,0
-0.1154898852109909,-2.3300137399928644e-05,0.2339550035467255,2.6909301937180752e-06,0
-0.11661754548549652,-2.3501517716795206e-05,0.2359800035774242,2.7406893113165673e-06,0
-0.11753822863101959,-2.3692744434811175e-05,0.23800500360812293,2.784803212275153e-06,0
-0.11863019317388535,-2.3895479898783378e-05,0.23998500363813946,2.8347253963753664e-06,0
-0.11955802142620087,-2.4090604711091146e-05,0.24201000366883818,2.8802250342187708e-06,0
-0.12054293602705002,-2.4286731786560267e-05,0.2440350036995369,2.9275939560534565e-06,0
-0.1216091513633728,-2.4493368982803077e-05,0.24601500372955343,2.97861781602864e-06,0
-0.1225912794470787,-2.4684943127795123e-05,0.24804000376025215,3.026158761114777e-06,0
-0.12359046936035156,-2.4884224330889992e-05,0.25006500379095087,3.0754529647229745e-06,0
-0.12458810955286026,-2.507956014596857e-05,0.2520450038209674,3.1246149870034804e-06,0
-0.12557457387447357,-2.5283135983045213e-05,0.2540700038516661,3.174919027281272e-06,0
-0.12663087248802185,-2.5480663680355065e-05,0.25609500388236484,3.2266386734172117e-06,0
-0.12763407826423645,-2.5677814846858382e-05,0.25807500391238136,3.2773642298184955e-06,0
-0.1286863386631012,-2.588027564343065e-05,0.2601000039430801,3.330437916144926e-06,0
-0.12962129712104797,-2.607815622468479e-05,0.2621250039737788,3.380284436368974e-06,0
-0.13065771758556366,-2.62705834757071e-05,0.26410500400379533,3.4324544765769135e-06,0
-0.13161969184875488,-2.647636574693024e-05,0.26613000403449405,3.4848111008858873e-06,0
-0.1326259970664978,-2.66717943304684e-05,0.26815500406519277,3.537373316630935e-06,0
-0.13371115922927856,-2.6865182007895783e-05,0.2701350040952093,3.5921746291813026e-06,0
-0.1346886157989502,-2.7066153052146547e-05,0.272160004125908,3.6455026895961494e-06,0
-0.13573063910007477,-2.7258778573013842e-05,0.27418500415660674,3.699851436802593e-06,0
-0.13663798570632935,-2.7460509954835288e-05,0.27616500418662326,3.752148766697299e-06,0
-0.13770760595798492,-2.7661539206746966e-05,0.278190004217322,3.809204341274062e-06,0
-0.1387353539466858,-2.785942160699051e-05,0.2802150042480207,3.865086717395774e-06,0
-0.13977736234664917,-2.805379881465342e-05,0.2822400042787194,3.921286002115808e-06,0
-0.1406521201133728,-2.8255013603484258e-05,0.28422000430873595,3.97412756716225e-06,0
-0.1416187286376953,-2.8452359401853755e-05,0.28624500433943467,4.029386965233306e-06,0
-0.14260363578796387,-2.8649537853198126e-05,0.2882700043701334,4.08552826151095e-06,0
-0.1436459720134735,-2.8850705348304473e-05,0.2902500044001499,4.144287613031515e-06,0
-0.14470194280147552,-2.9049850127194077e-05,0.29227500443084864,4.203569751496674e-06,0
-0.1457439661026001,-2.9243876269902103e-05,0.29430000446154736,4.2621185117892434e-06,0
-0.14669939875602722,-2.9440187063300982e-05,0.2962800044915639,4.318857741451225e-06,0
-0.14766383171081543,-2.9640686989296228e-05,0.2983050045222626,4.376857415380395e-06,0
-0.14869871735572815,-2.9839966373401694e-05,0.3003300045529613,4.437164725662891e-06,0
-0.14969323575496674,-3.0039536795811728e-05,0.30231000458297785,4.496715463545443e-06,0
-0.15077561140060425,-3.024168108822778e-05,0.3043350046136766,4.559707955859634e-06,0
-0.15173910558223724,-3.043745891773142e-05,0.3063600046443753,4.618552792372656e-06,0
-0.1526722013950348,-3.063925032620318e-05,0.3083400046743918,4.677761796394978e-06,0
-0.15369465947151184,-3.083286719629541e-05,0.31036500470509054,4.738847024264971e-06,0
-0.15480804443359375,-3.102934715570882e-05,0.31239000473578926,4.803592553226377e-06,0
-0.15570329129695892,-3.121995905530639e-05,0.3143700047658058,4.861050379067501e-06,0
-0.1567707508802414,-3.142020068480633e-05,0.3163950047965045,4.9257684541649635e-06,0
-0.15771284699440002,-3.162578650517389e-05,0.31842000482720323,4.987792828168051e-06,0
-0.1587405800819397,-3.182261571055278e-05,0.32044500485790195,5.051540477617796e-06,0
-0.1597844511270523,-3.2019579521147534e-05,0.3224250048879185,5.116230939105563e-06,0
-0.16074609756469727,-3.2223277230514213e-05,0.3244500049186172,5.179766065550526e-06,0
-0.16177383065223694,-3.241345257265493e-05,0.3264750049493159,5.243648387342993e-06,0
-0.1628081053495407,-3.261892925365828e-05,0.32845500497933244,5.3106260703188126e-06,0
-0.16378650069236755,-3.2809210097184405e-05,0.33048000501003116,5.373705712298526e-06,0
-0.16482850909233093,-3.3005337172653526e-05,0.3325050050407299,5.44022051825817e-06,0
-0.165883868932724,-3.3213527785846964e-05,0.3344850050707464,5.5095884900208244e-06,0
-0.16679120063781738,-3.341195406392217e-05,0.33651000510144513,5.57281993397718e-06,0
-0.16775470972061157,-3.360878326930106e-05,0.33853500513214385,5.638031681404546e-06,0
-0.1688479334115982,-3.380118141649291e-05,0.3405150051621604,5.7072596290453454e-06,0
-0.16978877782821655,-3.4007345675490797e-05,0.3425400051928591,5.774065659423268e-06,0
-0.17083792388439178,-3.419962013140321e-05,0.3445650052235578,5.842592100883774e-06,0
-0.17178219556808472,-3.439577994868159e-05,0.34654500525357435,5.908582597861228e-06,0
-0.17281490564346313,-3.459362778812647e-05,0.34857000528427307,5.97829452207016e-06,0
-0.17382124066352844,-3.479605948086828e-05,0.3505950053149718,6.048294229166456e-06,0
-0.1748579740524292,-3.49881847796496e-05,0.3525750053449883,6.117963106341568e-06,0
-0.17581962049007416,-3.519567326293327e-05,0.35460000537568703,6.188089915981577e-06,0
-0.17682594060897827,-3.539039971656166e-05,0.35662500540638575,6.2579407184087336e-06,0
-0.1778220385313034,-3.5585708246799186e-05,0.3586050054364023,6.327923183026046e-06,0
-0.17888143658638,-3.578265750547871e-05,0.360630005467101,6.400853179458444e-06,0
-0.17991630733013153,-3.59794867108576e-05,0.3626550054977997,6.473296388651039e-06,0
-0.18085125088691711,-3.617841866798699e-05,0.36468000552849844,6.542912271216041e-06,0
-0.18191808462142944,-3.638203634181991e-05,0.36666000555851497,6.618550365931116e-06,0
-0.1828995943069458,-3.657697743619792e-05,0.3686850055892137,6.68991433405491e-06,0
-0.18389879167079926,-3.677625863929279e-05,0.3707100056199124,6.763109525938736e-06,0
-0.18494917452335358,-3.69828449038323e-05,0.37269000564992893,6.839946636488998e-06,0
-0.18589001893997192,-3.7169913412071764e-05,0.37471500568062766,6.909515908167137e-06,0
-0.18691062927246094,-3.7374098610598594e-05,0.3767400057113264,6.985616289797991e-06,0
-0.18784621357917786,-3.757013473659754e-05,0.3787200057413429,7.05740755392939e-06,0
-0.1889161467552185,-3.7765654269605875e-05,0.3807450057720416,7.134541884303708e-06,0
-0.18986539542675018,-3.7965284718666226e-05,0.38277000580274034,7.208293795598719e-06,0
-0.1909964680671692,-3.816656317212619e-05,0.38475000583275687,7.289678764138595e-06,0
-0.19197796285152435,-3.8364196370821446e-05,0.3867750058634556,7.365080265706145e-06,0
-0.1929628700017929,-3.8561025576200336e-05,0.3888000058941543,7.440846165396157e-06,0
-0.19392329454421997,-3.8762984331697226e-05,0.39078000592417084,7.517045627968705e-06,0
-0.1949041783809662,-3.8959238736424595e-05,0.39280500595486956,7.593318416270747e-06,0
-0.1959104984998703,-3.91557150578592e-05,0.3948300059855683,7.671015656104073e-06,0
-0.19699160754680634,-3.935027416446246e-05,0.3968100060155848,7.751673765065022e-06,0
-0.19785891473293304,-3.955742795369588e-05,0.3988350060462835,7.826789764544455e-06,0
-0.1989937126636505,-3.974409992224537e-05,0.40086000607698224,7.90882600000271e-06,0
-0.19990724325180054,-3.994653161498718e-05,0.40288500610768097,7.985601012622983e-06,0
-0.201005756855011,-4.0146969695342705e-05,0.4048650061376975,8.06977202904755e-06,0
-0.20202696323394775,-4.034964513266459e-05,0.4068900061683962,8.151716273719668e-06,0
-0.20298334956169128,-4.0546125092078e-05,0.40891500619909493,8.230188282937331e-06,0
-0.20399214327335358,-4.0743761928752065e-05,0.41089500622911146,8.3114073208654e-06,0
-0.20503167808055878,-4.093628012924455e-05,0.4129200062598102,8.393234209274844e-06,0
-0.20592382550239563,-4.114151670364663e-05,0.4149450062905089,8.472018506585624e-06,0
-0.20703066885471344,-4.133543552597985e-05,0.4169250063205254,8.557702864344491e-06,0
-0.20799356698989868,-4.153902409598231e-05,0.41895000635122415,8.639849791002713e-06,0
-0.2090427130460739,-4.174075729679316e-05,0.42097500638192287,8.725601149919349e-06,0
-0.20999473333358765,-4.1934417822631076e-05,0.4229550064119394,8.806006888162658e-06,0
-0.21099114418029785,-4.2133713577641174e-05,0.4249800064426381,8.889840436311462e-06,0
-0.21201887726783752,-4.2325289541622624e-05,0.42700500647333683,8.973760368650974e-06,0
-0.21310031414031982,-4.252536382409744e-05,0.42898500650335336,9.062168389846557e-06,0
-0.21398156881332397,-4.2724899685708806e-05,0.4310100065340521,9.142341062139863e-06,0
-0.215002179145813,-4.2925232264678925e-05,0.4330350065647508,9.22901847724613e-06,0
-0.2160569131374359,-4.311922748456709e-05,0.43501500659476733,9.316207187186451e-06,0
-0.21708619594573975,-4.3324493162799627e-05,0.43704000662546605,9.405149411989382e-06,0
-0.21810680627822876,-4.352482210379094e-05,0.43906500665616477,9.4930599428859e-06,0
-0.2191922664642334,-4.371930845081806e-05,0.4410450066861813,9.582934307583724e-06,0
-0.22003382444381714,-4.392408300191164e-05,0.44307000671688,9.664783968098278e-06,0
-0.22111152112483978,-4.4111111492384225e-05,0.44509500674757874,9.753474960588478e-06,0
-0.22206073999404907,-4.431003981153481e-05,0.44712000677827746,9.839520229715194e-06,0
-0.22307981550693512,-4.451125278137624e-05,0.449100006808294,9.929562058451965e-06,0
-0.2241162359714508,-4.470649582799524e-05,0.4511250068389927,1.0019451568443662e-05,0
-0.2251082956790924,-4.490753053687513e-05,0.4531500068696914,1.0109057662312758e-05,0
-0.22607363760471344,-4.5113160012988374e-05,0.45513000689970795,1.0198896187979783e-05,0
-0.22712093591690063,-4.530574005912058e-05,0.45715500693040667,1.0289882084635283e-05,0
-0.22810587286949158,-4.550081939669326e-05,0.4591800069611054,1.0379004124759809e-05,0
-0.22912707924842834,-4.570556848193519e-05,0.4611600069911219,1.0472383411654833e-05,0
-0.23016133904457092,-4.590078242472373e-05,0.46318500702182064,1.056458554606792e-05,0
-0.23118194937705994,-4.609410825651139e-05,0.46521000705251936,1.0656125801537537e-05,0
-0.23214328289031982,-4.629760587704368e-05,0.4671900070825359,1.0747678218259085e-05,0
-0.23320887982845306,-4.649231777875684e-05,0.4692150071132346,1.0842421349812356e-05,0
-0.23418664932250977,-4.669299960369244e-05,0.4712400071439333,1.093487712400601e-05,0
-0.23516690731048584,-4.6887085773050785e-05,0.47322000717394985,1.1026290954049833e-05,0
-0.23617075383663177,-4.709261338575743e-05,0.4752450072046486,1.1121898003451389e-05,0
-0.23714140057563782,-4.7285237087635323e-05,0.4772700072353473,1.1213287349512934e-05,0
-0.23813840746879578,-4.7482051741098985e-05,0.4792500072653638,1.1307300184976274e-05,0
-0.23919688165187836,-4.76869463454932e-05,0.48127500729606254,1.140656886134241e-05,0
-0.2402603030204773,-4.7885179810691625e-05,0.48330000732676126,1.1504907811506811e-05,0
-0.24121665954589844,-4.808096127817407e-05,0.48532500735746,1.1597928867276841e-05,0
-0.24224938452243805,-4.828130840905942e-05,0.4873050073874765,1.1696117246032657e-05,0
-0.24316510558128357,-4.8478817916475236e-05,0.48933000741817523,1.1788356877115522e-05,0
-0.24422138929367065,-4.867599636781961e-05,0.49135500744887395,1.1887719458202571e-05,0
-0.2452283352613449,-4.8878093366511166e-05,0.4933350074788905,1.1986293467018119e-05,0
-0.246141254901886,-4.9069305532611907e-05,0.4953600075095892,1.2077980440961152e-05,0
-0.24726179242134094,-4.927383997710422e-05,0.4973850075402879,1.2183537992221114e-05,0
-0.24826686084270477,-4.9466845666756853e-05,0.49936500757030444,1.2280978489476277e-05,0
-0.2492387592792511,-4.966364576830529e-05,0.5013900076010032,1.2378105452576639e-05,0
-0.250216543674469,-4.986642670701258e-05,0.5034150076317019,1.247740493602492e-05,0
-0.25127559900283813,-5.006582796340808e-05,0.5053950076617184,1.258032091107841e-05,0
-0.252250611782074,-5.026603685109876e-05,0.5074200076924171,1.2679638547549938e-05,0
-0.2532426714897156,-5.045341094955802e-05,0.5094450077231159,1.277695657463454e-05,0
-0.25429925322532654,-5.065275399829261e-05,0.5114250077531324,1.2880957515571984e-05,0
-0.255333811044693,-5.085477459942922e-05,0.5134500077838311,1.2984943408291113e-05,0
-0.25622594356536865,-5.105510354042053e-05,0.5154750078145298,1.3081642078471845e-05,0
-0.2572484016418457,-5.1250641263322905e-05,0.5174550078445463,1.3184145548109441e-05,0
-0.2582314610481262,-5.144771057530306e-05,0.5194800078752451,1.3285417469441644e-05,0
-0.2592877745628357,-5.165294714970514e-05,0.5215050079059438,1.3392977716058813e-05,0
-0.2602720558643341,-5.18488886882551e-05,0.5234850079359603,1.3494816853173172e-05,0
-0.26129329204559326,-5.205220804782584e-05,0.525510007966659,1.3600892799058538e-05,0
-0.2622995972633362,-5.2249735745135695e-05,0.5275350079973578,1.3705084643064833e-05,0
-0.26329880952835083,-5.244061321718618e-05,0.5295600080280565,1.3807551031021822e-05,0
-0.2642415165901184,-5.263754792395048e-05,0.531540008058073,1.3909025493009713e-05,0
-0.26529717445373535,-5.2841623983113095e-05,0.5335650080887717,1.401873353626664e-05,0
-0.26631778478622437,-5.3033199947094545e-05,0.5355900081194704,1.412368433003513e-05,0
-0.26739174127578735,-5.324274752638303e-05,0.537570008149487,1.4236670971386678e-05,0
-0.2683590054512024,-5.3437364840647206e-05,0.5395950081801857,1.4340398082569135e-05,0
-0.26940813660621643,-5.362963929655962e-05,0.5416200082108844,1.4448261189749646e-05,0
-0.27032601833343506,-5.383368625189178e-05,0.5436000082409009,1.4552646056685287e-05,0
-0.2713066041469574,-5.4027503210818395e-05,0.5456250082715997,1.4658018426665976e-05,0
-0.27244138717651367,-5.42278285138309e-05,0.5476500083022984,1.4773904823878192e-05,0
-0.27334967255592346,-5.442864858196117e-05,0.5496300083323149,1.4878053267540514e-05,0
-0.2743898034095764,-5.4613436077488586e-05,0.5516550083630136,1.4985369988823561e-05,0
-0.275381863117218,-5.481831612996757e-05,0.5536800083937123,1.5095970028819114e-05,0
-0.2763807475566864,-5.5014475947245955e-05,0.5556600084237289,1.520494198873918e-05,0
-0.27734458446502686,-5.521863204194233e-05,0.5576850084544276,1.5314588558399712e-05,0
-0.27833664417266846,-5.541931022889912e-05,0.5597100084851263,1.542522483147582e-05,0
-0.2793448269367218,-5.5611995776416734e-05,0.5616900085151428,1.5534923335768836e-05,0
-0.2803921103477478,-5.581997538683936e-05,0.5637150085458416,1.5651480698275228e-05,0
-0.28145551681518555,-5.601155135082081e-05,0.5657400085765403,1.5764760133065575e-05,0
-0.28240475058555603,-5.6208024034276605e-05,0.567765008607239,1.5873413008306823e-05,0
-0.2834557592868805,-5.641344250761904e-05,0.5697450086372555,1.5990715179983934e-05,0
-0.2843959927558899,-5.6606935686431825e-05,0.5717700086679542,1.609878567141159e-05,0
-0.28542375564575195,-5.680481990566477e-05,0.573795008698653,1.621344503625541e-05,0
-0.28635281324386597,-5.700365363736637e-05,0.5757750087286695,1.6323156584238793e-05,0
-0.2874649465084076,-5.7196022680727765e-05,0.5778000087593682,1.6441851600409074e-05,0
-0.28837135434150696,-5.739530024584383e-05,0.5798250087900669,1.6551160464731412e-05,0
-0.2894136607646942,-5.759861596743576e-05,0.5818050088200835,1.6669826302115353e-05,0
-0.2903768718242645,-5.7795616157818586e-05,0.5838300088507822,1.678251022506328e-05,0
-0.2913546562194824,-5.7994897360913455e-05,0.5858550088814809,1.6897083383073108e-05,0
-0.292400062084198,-5.819906073156744e-05,0.5878350089114974,1.701740897115233e-05,0
-0.2934529483318329,-5.8397661632625386e-05,0.5898600089421961,1.7136965981778677e-05,0
-0.2943665087223053,-5.858853546669707e-05,0.5918850089728949,1.7246502636484575e-05,0
-0.29538649320602417,-5.879146920051426e-05,0.5938650090029114,1.7366205917569884e-05,0
-0.29635775089263916,-5.898289236938581e-05,0.5958900090336101,1.7480037323733787e-05,0
-0.29747825860977173,-5.918322131037712e-05,0.5979150090643088,1.760572161432772e-05,0
-0.2984473407268524,-5.9378759033279493e-05,0.5998950090943254,1.772143272914283e-05,0
-0.2994338274002075,-5.9582489484455436e-05,0.6019200091250241,1.784101287236311e-05,0
-0.3005329370498657,-5.97877187828999e-05,0.6039450091557228,1.796817872533633e-05,0
-0.3014709949493408,-5.9978476201649755e-05,0.6059250091857393,1.8081770896056712e-05,0
-0.3024100065231323,-6.018207932356745e-05,0.607950009216438,1.81996630008157e-05,0
-0.3034091889858246,-6.037890489096753e-05,0.6099750092471368,1.8319514564820697e-05,0
-0.3044726252555847,-6.057538485038094e-05,0.6120000092778355,1.844354645126286e-05,0
-0.30553728342056274,-6.0779191699111834e-05,0.613980009307852,1.8570309120244247e-05,0
-0.3065566420555115,-6.096413926570676e-05,0.6160050093385507,1.868896181909962e-05,0
-0.3074558973312378,-6.11641225987114e-05,0.6180300093692495,1.8805270198064654e-05,0
-0.30855345726013184,-6.136793672339991e-05,0.620010009399266,1.8935289040926048e-05,0
-0.3095185160636902,-6.156023300718516e-05,0.6220350094299647,1.905403196891895e-05,0
-0.31051772832870483,-6.176266469992697e-05,0.6240600094606634,1.917840233814881e-05,0
-0.31154730916023254,-6.195778405526653e-05,0.62604000949068,1.9302780903949048e-05,0
-0.3125089406967163,-6.215491885086522e-05,0.6280650095213787,1.9423967849174252e-05,0
-0.31355810165405273,-6.235209730220959e-05,0.6300900095520774,1.955100526422962e-05,0
-0.3144890367984772,-6.254945765249431e-05,0.6320700095820939,1.9671118689400073e-05,0
-0.31552794575691223,-6.275276246014982e-05,0.6340950096127926,1.9800250229622552e-05,0
-0.3165128827095032,-6.295098864939064e-05,0.6361200096434914,1.9924798886831845e-05,0
-0.3174828588962555,-6.313967605819926e-05,0.6381000096735079,2.0045764864740556e-05,0
-0.3186040222644806,-6.334569479804486e-05,0.6401250097042066,2.0182193155795277e-05,0
-0.3195960819721222,-6.354638026095927e-05,0.6421500097349053,2.0309174154913186e-05,0
-0.3205065131187439,-6.373719224939123e-05,0.6441300097649219,2.042818524383141e-05,0
-0.32148027420043945,-6.394213414750993e-05,0.6461550097956206,2.0556134818702776e-05,0
-0.32259365916252136,-6.414071685867384e-05,0.6481800098263193,2.0691388552746817e-05,0
-0.3235357403755188,-6.434034730773419e-05,0.650205009857018,2.08164019022258e-05,0
-0.32452812790870667,-6.453900277847424e-05,0.6521850098870345,2.0944721748793063e-05,0
-0.3255983591079712,-6.473856046795845e-05,0.6542100099177333,2.1078769059379443e-05,0
-0.3266974687576294,-6.493223190773278e-05,0.656235009948432,2.1213195805039678e-05,0
-0.3276709020137787,-6.514054257422686e-05,0.6582150099784485,2.1344660342963867e-05,0
-0.3285887837409973,-6.533290434163064e-05,0.6602400100091472,2.1467659575883334e-05,0
-0.32958799600601196,-6.552973354700953e-05,0.662265010039846,2.1597813558566804e-05,0
-0.3306126296520233,-6.572563870577142e-05,0.6642450100698625,2.1729726248073894e-05,0
-0.33162206411361694,-6.592233694391325e-05,0.6662700101005612,2.186130144853386e-05,0
-0.33273544907569885,-6.611811113543808e-05,0.6682950101312599,2.1999839400686956e-05,0
-0.3336883783340454,-6.631914584431797e-05,0.6702750101612764,2.212992822928951e-05,0
-0.3347266912460327,-6.651947478530928e-05,0.6723000101919752,2.226584369831048e-05,0
-0.33566877245903015,-6.672050949418917e-05,0.6743250102226739,2.2395991519755546e-05,0
-0.33660033345222473,-6.691922317259014e-05,0.6763050102526904,2.2525032834257684e-05,0
-0.3376172184944153,-6.71152156428434e-05,0.6783300102833891,2.2659252423989657e-05,0
-0.338680624961853,-6.731204484822229e-05,0.6803550103140878,2.2797285416656203e-05,0
-0.33963140845298767,-6.750212196493521e-05,0.6823350103441044,2.2925840756516302e-05,0
-0.3406076431274414,-6.771445623598993e-05,0.6843600103748031,2.3064061344196807e-05,0
-0.34163540601730347,-6.791444320697337e-05,0.6863850104055018,2.3201978379453446e-05,0
-0.3426401615142822,-6.810585909988731e-05,0.6883650104355183,2.3335802562054336e-05,0
-0.34365516901016235,-6.830599159002304e-05,0.6903900104662171,2.3473707084276096e-05,0
-0.34474000334739685,-6.850737554486841e-05,0.6924150104969158,2.361723287465931e-05,0
-0.3457891643047333,-6.870280776638538e-05,0.6944400105276145,2.375668648292714e-05,0
-0.34673622250556946,-6.89095031702891e-05,0.696420010557631,2.3893420824001605e-05,0
-0.3476947546005249,-6.910137017257512e-05,0.6984450105883298,2.4026183944713536e-05,0
-0.34877246618270874,-6.929434312041849e-05,0.7004700106190285,2.4167958942619173e-05,0
-0.3497747480869293,-6.950410170247778e-05,0.702450010649045,2.4310779663992482e-05,0
-0.35074231028556824,-6.969815876800567e-05,0.7044750106797437,2.4446093228940643e-05,0
-0.35184141993522644,-6.98939329595305e-05,0.7065000107104424,2.4591580617338736e-05,0
-0.3528132736682892,-7.009284308878705e-05,0.708480010740459,2.4729685430872677e-05,0
-0.35382550954818726,-7.028864638414234e-05,0.7105050107711577,2.4869916122321513e-05,0
-0.3547747731208801,-7.048652332741767e-05,0.7125300108018564,2.500684032156423e-05,0
-0.35579967498779297,-7.068561535561457e-05,0.7145100108318729,2.5149918969839813e-05,0
-0.3568302094936371,-7.088438724167645e-05,0.7165350108625717,2.5293690749275503e-05,0
-0.35777947306632996,-7.10857639205642e-05,0.7185600108932704,2.543302715801699e-05,0
-0.35877862572669983,-7.128058496164158e-05,0.7205400109232869,2.5573950313533033e-05,0
-0.3599134385585785,-7.147872383939102e-05,0.7225650109539856,2.572615328081426e-05,0
-0.3607484698295593,-7.167519652284682e-05,0.7245900109846843,2.585671747034994e-05,0
-0.36186185479164124,-7.187554729171097e-05,0.7265700110147009,2.600901885714286e-05,0
-0.362903892993927,-7.207236194517463e-05,0.7285950110453996,2.6155340727171232e-05,0
-0.3637318015098572,-7.227444439195096e-05,0.7306200110760983,2.628851386180832e-05,0
-0.36488085985183716,-7.246391760418192e-05,0.732645011106797,2.6440696563646577e-05,0
-0.365883469581604,-7.266968168551102e-05,0.7346250111368136,2.6588635268485518e-05,0
-0.3668292760848999,-7.286843174370006e-05,0.7366500111675123,2.6730274065983432e-05,0
-0.36784273386001587,-7.306666520889848e-05,0.738675011198211,2.6877041884475726e-05,0
-0.36890709400177,-7.326903141802177e-05,0.7406550112282275,2.7029465460746797e-05,0
-0.3698554039001465,-7.346206984948367e-05,0.7426800112589262,2.7170343515521556e-05,0
-0.3708760142326355,-7.365504279732704e-05,0.744705011289625,2.731688870080684e-05,0
-0.3718860447406769,-7.386034121736884e-05,0.7466850113196415,2.746763015852409e-05,0
-0.3728815019130707,-7.405500946333632e-05,0.7487100113503402,2.761374315287551e-05,0
-0.3738807141780853,-7.425218791468069e-05,0.7507350113810389,2.7761461046826212e-05,0
-0.37481287121772766,-7.44538483559154e-05,0.7527150114110555,2.7906260675489942e-05,0
-0.37590762972831726,-7.464444206561893e-05,0.7547400114417542,2.805941528927951e-05,0
-0.37687116861343384,-7.484547677449882e-05,0.7567650114724529,2.820710229743499e-05,0
-0.377747118473053,-7.50462495489046e-05,0.7587450115024694,2.8348504519308364e-05,0
-0.3789551854133606,-7.525034015998244e-05,0.7607700115331681,2.85165066077446e-05,0
-0.37978309392929077,-7.544366962974891e-05,0.7627950115638669,2.8652230269365312e-05,0
-0.3808974027633667,-7.563755934825167e-05,0.7647750115938834,2.881014990710907e-05,0
-0.38188135623931885,-7.583627302665263e-05,0.7668000116245821,2.896045879555338e-05,0
-0.38288769125938416,-7.603205449413508e-05,0.7688250116552808,2.9111737806967065e-05,0
-0.38390612602233887,-7.623727287864313e-05,0.7708050116852974,2.9267956089347805e-05,0
-0.3848646581172943,-7.644356810487807e-05,0.7728300117159961,2.942042770395e-05,0
-0.385892391204834,-7.66418015700765e-05,0.7748550117466948,2.957548807412322e-05,0
-0.38693439960479736,-7.683267904212698e-05,0.7768800117773935,2.9729206535193502e-05,0
-0.38798731565475464,-7.70350598031655e-05,0.77886001180741,2.9888626064333672e-05,0
-0.38882574439048767,-7.723053568042815e-05,0.7808850118381088,3.0029220525618593e-05,0
-0.38997480273246765,-7.743261812720448e-05,0.7829100118688075,3.0196769979215065e-05,0
-0.39092156291007996,-7.763185567455366e-05,0.784890011898824,3.0347966351906277e-05,0
-0.39189469814300537,-7.782837928971276e-05,0.7869150119295227,3.050052920870131e-05,0
-0.39300093054771423,-7.802835898473859e-05,0.7889400119602215,3.0665217690113364e-05,0
-0.3939377963542938,-7.822937186574563e-05,0.790920011990238,3.0817506362972426e-05,0
-0.3948851227760315,-7.842551713110879e-05,0.7929450120209367,3.0969069961091656e-05,0
-0.3959985375404358,-7.861919584684074e-05,0.7949700120516354,3.1133086577954036e-05,0
-0.39696139097213745,-7.881812780397013e-05,0.796950012081652,3.1287753646883684e-05,0
-0.39798974990844727,-7.900934724602848e-05,0.7989750121123507,3.144491035087654e-05,0
-0.3986891806125641,-7.914068555692211e-05,0.7996500121225836,3.155253507780586e-05,0
-0.3988455832004547,-7.9043980804272e-05,0.8016300121526001,3.152634262236541e-05,0
-0.3985402584075928,-7.863467180868611e-05,0.8036100121826166,3.133908242243001e-05,0
-0.3979540765285492,-7.83120485721156e-05,0.8056350122133153,3.116459897057515e-05,0
-0.3970833420753479,-7.80322152422741e-05,0.8076600122440141,3.0985292817945105e-05,0
-0.39625388383865356,-7.778497820254415e-05,0.8096400122740306,3.082259971706313e-05,0
-0.39539897441864014,-7.755310070933774e-05,0.8116650123047293,3.0664416483457656e-05,0
-0.39439982175827026,-7.734086102573201e-05,0.813690012335428,3.0503221803179856e-05,0
-0.39347201585769653,-7.713002560194582e-05,0.8157150123661268,3.0348506656753364e-05,0
-0.3924408555030823,-7.692944927839562e-05,0.8176950123961433,3.0190258888194554e-05,0
-0.3914736211299896,-7.672725769225508e-05,0.819720012426842,3.0036697408160947e-05,0
-0.39046013355255127,-7.652482599951327e-05,0.8217450124575407,2.98798937798557e-05,0
-0.38941720128059387,-7.632424967596307e-05,0.8237250124875573,2.9721975698654814e-05,0
-0.38847601413726807,-7.612381159560755e-05,0.825750012518256,2.957227490959797e-05,0
-0.38749825954437256,-7.592313340865076e-05,0.8277750125489547,2.9420082055007374e-05,0
-0.38644567131996155,-7.572599861305207e-05,0.8297550125789712,2.9263984370395384e-05,0
-0.38548561930656433,-7.552422175649554e-05,0.8317800126096699,2.911350139644898e-05,0
-0.3845149278640747,-7.532913878094405e-05,0.8338050126403687,2.8965178364417574e-05,0
-0.38349655270576477,-7.512993761338294e-05,0.8357850126703852,2.8812072079731528e-05,0
-0.3824666142463684,-7.493478187825531e-05,0.8378100127010839,2.866005231426643e-05,0
-0.38146743178367615,-7.47425074223429e-05,0.8398350127317826,2.8511832351473497e-05,0
-0.3804877698421478,-7.45397264836356e-05,0.8418150127617992,2.8361454294402195e-05,0
-0.37941908836364746,-7.433554128510877e-05,0.8438400127924979,2.820432330741425e-05,0
-0.3784198760986328,-7.413521234411746e-05,0.8458650128231966,2.8054237869806764e-05,0
-0.3774864971637726,-7.394549174932763e-05,0.8478450128532131,2.7913424661506333e-05,0
-0.37647148966789246,-7.375030691036955e-05,0.8498700128839118,2.7764887906011086e-05,0
-0.37543660402297974,-7.354787521762773e-05,0.8518950129146106,2.7612564504812028e-05,0
-0.3745075464248657,-7.335710688494146e-05,0.8538750129446271,2.747279011230605e-05,0
-0.3733668327331543,-7.315281982300803e-05,0.8559000129753258,2.7312836642815613e-05,0
-0.3724176287651062,-7.29566891095601e-05,0.8579250130060245,2.717035716073542e-05,0
-0.37140414118766785,-7.276161340996623e-05,0.8599500130367232,2.7023964539957604e-05,0
-0.3703816831111908,-7.255529635585845e-05,0.8619300130667398,2.68731527829141e-05,0
-0.36940574645996094,-7.235149678308517e-05,0.8639550130974385,2.672705867665104e-05,0
-0.36854931712150574,-7.215641380753368e-05,0.8659800131281372,2.6593197034703326e-05,0
-0.36743250489234924,-7.195156649686396e-05,0.8679600131581537,2.643734430887116e-05,0
-0.3664367198944092,-7.176415965659544e-05,0.8699850131888525,2.6297023270541522e-05,0
-0.3654232621192932,-7.156557694543153e-05,0.8720100132195512,2.6151726582848873e-05,0
-0.3643939793109894,-7.136756175896153e-05,0.8739900132495677,2.6005909823070784e-05,0
-0.36341774463653564,-7.117052155081183e-05,0.8760150132802664,2.586463042660199e-05,0
-0.3623685836791992,-7.097019260982051e-05,0.8780400133109652,2.571736817946063e-05,0
-0.36142992973327637,-7.077332702465355e-05,0.8800200133409817,2.5579598613510723e-05,0
-0.36044156551361084,-7.057197944959626e-05,0.8820450133716804,2.5437074754206847e-05,0
-0.35941383242607117,-7.037130126263946e-05,0.8840700134023791,2.529241907961487e-05,0
-0.35840627551078796,-7.018055475782603e-05,0.8860500134323956,2.5153151244033337e-05,0
-0.3573726415634155,-6.997938908170909e-05,0.8880750134630944,2.5008719131124416e-05,0
-0.3563805818557739,-6.978396413614973e-05,0.8901000134937931,2.4869649743043502e-05,0
-0.3554496765136719,-6.958815356483683e-05,0.8920800135238096,2.4735086673804974e-05,0
-0.3542822599411011,-6.938364822417498e-05,0.8941050135545083,2.4581395695819075e-05,0
-0.35335445404052734,-6.918612052686512e-05,0.896130013585207,2.4447223845952548e-05,0
-0.3523409962654114,-6.899069558130577e-05,0.8981550136159058,2.430825041416099e-05,0
-0.35132378339767456,-6.878122803755105e-05,0.9001350136459223,2.4164481260890644e-05,0
-0.3503640294075012,-6.859178392915055e-05,0.902160013676621,2.4032093801665873e-05,0
-0.34932202100753784,-6.83963589835912e-05,0.9041850137073197,2.3892354349705144e-05,0
-0.348292738199234,-6.81964957038872e-05,0.9061650137373363,2.375234422429917e-05,0
-0.3474021553993225,-6.799498805776238e-05,0.908190013768035,2.3621605407617846e-05,0
-0.3463958203792572,-6.780271360184997e-05,0.9102150137987337,2.3486576602052642e-05,0
-0.3452988862991333,-6.759750976925716e-05,0.9121950138287502,2.334134483991928e-05,0
-0.3443760275840759,-6.739854870829731e-05,0.914220013859449,2.321044446909528e-05,0
-0.34337684512138367,-6.72020687488839e-05,0.9162450138901477,2.3075634352622085e-05,0
-0.34231245517730713,-6.700327503494918e-05,0.9182250139201642,2.2936055582133824e-05,0
-0.34134989976882935,-6.680876686004922e-05,0.9202500139508629,2.2805165871356888e-05,0
-0.340315043926239,-6.661228690063581e-05,0.9222750139815616,2.266916334261711e-05,0
-0.33930373191833496,-6.640978244831786e-05,0.9242550140115782,2.2533087020598988e-05,0
-0.33830949664115906,-6.621407374041155e-05,0.9262800140422769,2.240084995767922e-05,0
-0.3372674882411957,-6.601374479942024e-05,0.9283050140729756,2.2264289897895757e-05,0
-0.3362949788570404,-6.58162753097713e-05,0.9302850141029921,2.213368291374869e-05,0
-0.33525484800338745,-6.561553163919598e-05,0.9323100141336909,2.1997925086360108e-05,0
-0.3342913091182709,-6.542395567521453e-05,0.9343350141643896,2.1870659790363192e-05,0
-0.33326390385627747,-6.522679177578539e-05,0.9363150141944061,2.173773526321877e-05,0
-0.33227866888046265,-6.501699681393802e-05,0.9383400142251048,2.1603761155940607e-05,0
-0.3312794864177704,-6.482857133960351e-05,0.9403650142558035,2.147637581858164e-05,0
-0.33026599884033203,-6.462438614107668e-05,0.9423900142865023,2.1343237438326e-05,0
-0.32920506596565247,-6.442680751206353e-05,0.9443700143165188,2.120963141696527e-05,0
-0.3282390832901001,-6.422722799470648e-05,0.9463950143472175,2.108188643924671e-05,0
-0.327182799577713,-6.403354927897453e-05,0.9484200143779162,2.0950675919992334e-05,0
-0.3261665403842926,-6.383038271451369e-05,0.9504000144079328,2.0819335101398282e-05,0
-0.32527005672454834,-6.363358988892287e-05,0.9524250144386315,2.0698101392756588e-05,0
-0.32413527369499207,-6.343920540530235e-05,0.9544500144693302,2.0562884207040496e-05,0
-0.3232024610042572,-6.324017158476636e-05,0.9564300144993467,2.0439379090527983e-05,0
-0.32221537828445435,-6.303609552560374e-05,0.9584550145300454,2.031119936535741e-05,0
-0.3211519718170166,-6.283331458689645e-05,0.9604800145607442,2.0179042875380707e-05,0
-0.32017138600349426,-6.264374678721651e-05,0.9624600145907607,2.0056735233315052e-05,0
-0.31923210620880127,-6.243755342438817e-05,0.9644850146214594,1.9932071686191988e-05,0
-0.3182043433189392,-6.22445804765448e-05,0.9665100146521581,1.98064958557018e-05,0
-0.31714028120040894,-6.204658711794764e-05,0.9684900146821747,1.9677472086111585e-05,0
-0.3161559998989105,-6.185442180139944e-05,0.9705150147128734,1.955564657279041e-05,0
-0.3151354193687439,-6.165303784655407e-05,0.9725400147435721,1.9429055937130856e-05,0
-0.3141762316226959,-6.14560121903196e-05,0.9745200147735886,1.9308018320513074e-05,0
-0.3131798505783081,-6.125657819211483e-05,0.9765450148042873,1.918432600514497e-05,0
-0.31215208768844604,-6.106220826040953e-05,0.9785700148349861,1.906069578735351e-05,0
-0.311238557100296,-6.086152279749513e-05,0.9805950148656848,1.8942452538419155e-05,0
-0.31004294753074646,-6.0658952861558646e-05,0.9825750148957013,1.880688053932625e-05,0
-0.30917593836784363,-6.046190901543014e-05,0.9846000149264,1.8693367455356797e-05,0
-0.30814820528030396,-6.0265432693995535e-05,0.9866250149570988,1.8570684925095678e-05,0
-0.30716079473495483,-6.0067279264330864e-05,0.9886050149871153,1.845031323639834e-05,0
-0.3059856593608856,-5.9873877034988254e-05,0.990630015017814,1.8320547743043468e-05,0
-0.3050435781478882,-5.9667941968655214e-05,0.9926550150485127,1.8201322518839134e-05,0
-0.3040477931499481,-5.946610326645896e-05,0.9946350150785292,1.8080537465393768e-05,0
-0.3031308352947235,-5.9275684179738164e-05,0.996660015109228,1.7968287658070257e-05,0
-0.3021102547645569,-5.90722011111211e-05,0.9986850151399267,1.7846317727183937e-05,0
-0.30103158950805664,-5.887187217012979e-05,1.0006650151699432,1.7722293256689295e-05,0
-0.30009758472442627,-5.866978608537465e-05,1.002690015200642,1.7606661100519685e-05,0
-0.29898419976234436,-5.847471038578078e-05,1.0047150152313407,1.7483014491027514e-05,0
-0.298030287027359,-5.828202120028436e-05,1.0066950152613572,1.736980750685537e-05,0
-0.2970429062843323,-5.808700734633021e-05,1.008720015292056,1.7254333479513285e-05,0
-0.2961222231388092,-5.788527414551936e-05,1.0107450153227546,1.7141116066970627e-05,0
-0.29502901434898376,-5.7686327636474743e-05,1.0127250153527712,1.7019140384001686e-05,0
-0.29402393102645874,-5.749021511292085e-05,1.0147500153834699,1.6903499043057716e-05,0
-0.29307469725608826,-5.728988253395073e-05,1.0167750154141686,1.679021497947447e-05,0
-0.2920500636100769,-5.709612014470622e-05,1.0187550154441851,1.6674925520150045e-05,0
-0.2910691797733307,-5.690008038072847e-05,1.0207800154748838,1.656185972545522e-05,0
-0.2900771200656891,-5.669204256264493e-05,1.0228050155055826,1.644506443721351e-05,0
-0.2890493869781494,-5.650186722050421e-05,1.0248300155362813,1.6331830083207537e-05,0
-0.28806570172309875,-5.6300516007468104e-05,1.0268100155662978,1.6218247651063854e-05,0
-0.28701531887054443,-5.6094555475283414e-05,1.0288350155969965,1.6099996726639913e-05,0
-0.2859947085380554,-5.5902630265336484e-05,1.0308600156276952,1.5987856449245583e-05,0
-0.28510165214538574,-5.570665234699845e-05,1.0328400156577118,1.588205861961789e-05,0
-0.28403913974761963,-5.5502314353361726e-05,1.0348650156884105,1.5764829622930826e-05,0
-0.28307563066482544,-5.530654016183689e-05,1.0368900157191092,1.5655933736201475e-05,0
-0.2820705473423004,-5.511095514521003e-05,1.0388700157491257,1.554517728236636e-05,0
-0.2810843884944916,-5.491568299476057e-05,1.0408950157798245,1.5435941173339626e-05,0
-0.27997100353240967,-5.4709045798517764e-05,1.0429200158105232,1.531694645451158e-05,0
-0.27899476885795593,-5.451124161481857e-05,1.0449000158405397,1.5208351254486496e-05,0
-0.2779654860496521,-5.431153840618208e-05,1.0469250158712384,1.509673317117875e-05,0
-0.2769734263420105,-5.411295569501817e-05,1.0489500159019371,1.4987850748342593e-05,0
-0.276023268699646,-5.391884042182937e-05,1.0509300159319537,1.4882854577727943e-05,0
-0.2750036120414734,-5.371684892452322e-05,1.0529550159626524,1.477232748173002e-05,0
-0.27403295040130615,-5.352982771000825e-05,1.0549800159933511,1.4668936621847154e-05,0
-0.2730294466018677,-5.3329724323702976e-05,1.0569600160233676,1.4560585119530785e-05,0
-0.2719061076641083,-5.312215580488555e-05,1.0589850160540664,1.4444238615632745e-05,0
-0.2709854245185852,-5.292358036967926e-05,1.061010016084765,1.4341518893520996e-05,0
-0.2699791193008423,-5.272850103210658e-05,1.0630350161154638,1.4235594270701687e-05,0
-0.2688886821269989,-5.2526447689160705e-05,1.0650150161454803,1.4123767295951169e-05,0
-0.26801639795303345,-5.233169213170186e-05,1.067040016176179,1.4025751623925834e-05,0
-0.266938716173172,-5.2134513680357486e-05,1.0690650162068778,1.39167201501473e-05,0
-0.2659320533275604,-5.193002289161086e-05,1.0710450162368943,1.3809857616913293e-05,0
-0.26486894488334656,-5.1743656513281167e-05,1.073070016267593,1.3705287705079085e-05,0
-0.2639482617378235,-5.154787504579872e-05,1.0750950162982917,1.36059720146171e-05,0
-0.2629680037498474,-5.133871309226379e-05,1.0770750163283083,1.3500438896958764e-05,0
-0.2619570195674896,-5.1140912546543404e-05,1.079100016359007,1.3396721028654146e-05,0
-0.26092928647994995,-5.094513107906096e-05,1.0811250163897057,1.3293076702086898e-05,0
-0.2599145770072937,-5.075142689747736e-05,1.0831050164197222,1.3191035654574416e-05,0
-0.2589665949344635,-5.054867506260052e-05,1.085130016450421,1.3090418259410286e-05,0
-0.2579103112220764,-5.034799323766492e-05,1.0871550164811197,1.2985266605333159e-05,0
-0.256920725107193,-5.015097849536687e-05,1.0891350165111362,1.28848257598649e-05,0
-0.25586196780204773,-4.994803020963445e-05,1.091160016541835,1.2779801297273198e-05,0
-0.25488418340682983,-4.975750562152825e-05,1.0931850165725336,1.2682401188703974e-05,0
-0.2538747489452362,-4.9566613597562537e-05,1.0951650166025502,1.258371158314672e-05,0
-0.25290006399154663,-4.9355789087712765e-05,1.0971900166332489,1.2482082218635837e-05,0
-0.2518009543418884,-4.915581303066574e-05,1.0992150166639476,1.2377480632573068e-05,0
-0.2508585453033447,-4.896324753644876e-05,1.1011950166939641,1.2282849050321114e-05,0
-0.24983112514019012,-4.875759987044148e-05,1.1032200167246629,1.2181166034767584e-05,0
-0.24883908033370972,-4.857163003180176e-05,1.1052450167553616,1.2086519747422746e-05,0
-0.24779705703258514,-4.83681469631847e-05,1.1072700167860603,1.1985484471596739e-05,0
-0.24678483605384827,-4.816289583686739e-05,1.1092500168160768,1.188587235297989e-05,0
-0.2457415759563446,-4.796958455699496e-05,1.1112750168467755,1.1788121307007072e-05,0
-0.24477094411849976,-4.776785135618411e-05,1.1133000168774743,1.1692182074965344e-05,0
-0.24372395873069763,-4.756975977215916e-05,1.1152800169074908,1.159389016753892e-05,0
-0.24277256429195404,-4.737874769489281e-05,1.1173050169381895,1.1502260070830634e-05,0
-0.24175195395946503,-4.7180870751617476e-05,1.1193300169688882,1.1406067693712498e-05,0
-0.24088650941848755,-4.698137126979418e-05,1.1213100169989048,1.1317178532874736e-05,0
-0.2398463487625122,-4.677915421780199e-05,1.1233350170296035,1.121980933733828e-05,0
-0.23875437676906586,-4.65844277641736e-05,1.1253600170603022,1.1122236017978835e-05,0
-0.23777350783348083,-4.638604514184408e-05,1.1273400170903187,1.1029372667898459e-05,0
-0.23670604825019836,-4.6185166866052896e-05,1.1293650171210174,1.093230833663938e-05,0
-0.2357567995786667,-4.5988337660674006e-05,1.1313900171517162,1.084206330482357e-05,0
-0.23476476967334747,-4.5792909077135846e-05,1.1333700171817327,1.075056175216634e-05,0
-0.2337227314710617,-4.558977889246307e-05,1.1353950172124314,1.0655367649908224e-05,0
-0.23272356390953064,-4.539680230664089e-05,1.1374200172431301,1.056490562289787e-05,0
-0.23173366487026215,-4.5201235479908064e-05,1.1394000172731467,1.0474647954422818e-05,0
-0.2307894080877304,-4.4998239900451154e-05,1.1414250173038454,1.0385117151614815e-05,0
-0.22971169650554657,-4.479160634218715e-05,1.143450017334544,1.028915588207241e-05,0
-0.22872678935527802,-4.4602129491977394e-05,1.1454750173652428,1.0201701877108347e-05,0
-0.22764505445957184,-4.439613258000463e-05,1.1474550173952593,1.0106560018969526e-05,0
-0.2267569601535797,-4.420251934789121e-05,1.149480017425958,1.0023228918457604e-05,0
-0.22577917575836182,-4.400779289426282e-05,1.1515050174566568,9.936043206611352e-06,0
-0.2247331291437149,-4.380482278065756e-05,1.1534850174866733,9.84439489508306e-06,0
-0.22375938296318054,-4.361133323982358e-05,1.155510017517372,9.75844501594457e-06,0
-0.22271737456321716,-4.340925079304725e-05,1.1575350175480708,9.667994368383736e-06,0
-0.2217094898223877,-4.3216805352130905e-05,1.1595150175780873,9.581575866374377e-06,0
-0.22073325514793396,-4.302084562368691e-05,1.161540017608786,9.49613129373316e-06,0
-0.21972692012786865,-4.281666406313889e-05,1.1635650176394847,9.407973724743102e-06,0
-0.2186560481786728,-4.2611605749698356e-05,1.1655450176695012,9.317285319776654e-06,0
-0.21766430139541626,-4.242160503054038e-05,1.1675700177002,9.233669023044847e-06,0
-0.21662943065166473,-4.222302231937647e-05,1.1695950177308987,9.146749285439057e-06,0
-0.21557283401489258,-4.201883712084964e-05,1.1715750177609152,9.058119800151726e-06,0
-0.21464532613754272,-4.182130942353979e-05,1.173600017791614,8.976748600714787e-06,0
-0.21363186836242676,-4.16223774664104e-05,1.1756250178223127,8.891866263835424e-06,0
-0.21262365579605103,-4.14282621932216e-05,1.1776050178523292,8.808628560800103e-06,0
-0.21159064769744873,-4.122836980968714e-05,1.179630017883028,8.723537471541642e-06,0
-0.2106342911720276,-4.1029092244571075e-05,1.1816550179137266,8.642133762366963e-06,0
-0.209659606218338,-4.083658859599382e-05,1.1836350179437432,8.561783084336336e-06,0
-0.20862162113189697,-4.0630529838381335e-05,1.1856600179744419,8.476407002331026e-06,0
-0.2076224386692047,-4.0428447391605005e-05,1.1876850180051406,8.39385283905468e-06,0
-0.20658043026924133,-4.024107693112455e-05,1.1897100180358393,8.313018986929352e-06,0
-0.2055709958076477,-4.003258436569013e-05,1.1916900180658558,8.229538232808588e-06,0
-0.20460346341133118,-3.983936403528787e-05,1.1937150180965546,8.151271861724725e-06,0
-0.20363281667232513,-3.9644633943680674e-05,1.1957400181272533,8.072948475894965e-06,0
-0.20258457958698273,-3.944054333260283e-05,1.1977200181572698,7.990045889717519e-06,0
-0.2016201615333557,-3.924642442143522e-05,1.1997450181879685,7.912870431456406e-06,0
-0.2006138265132904,-3.90502973459661e-05,1.2017700182186672,7.834029577056048e-06,0
-0.19954605400562286,-3.8845944800414145e-05,1.2037500182486838,7.751554999042886e-06,0
-0.19850125908851624,-3.865278631565161e-05,1.2057750182793825,7.672626750936215e-06,0
-0.19759485125541687,-3.844930324703455e-05,1.2078000183100812,7.597384355972209e-06,0
-0.19664157927036285,-3.825280873570591e-05,1.2097800183400977,7.522092721316343e-06,0
-0.1954965442419052,-3.805809683399275e-05,1.2118050183707965,7.440226411469376e-06,0
-0.194582998752594,-3.78584663849324e-05,1.2138300184014952,7.366613917354423e-06,0
-0.19352857768535614,-3.766515146708116e-05,1.2158100184315117,7.289283191727722e-06,0
-0.19251322746276855,-3.745465073734522e-05,1.2178350184622104,7.210515696937092e-06,0
-0.19146409630775452,-3.726097565959208e-05,1.2198600184929091,7.134139032209034e-06,0
-0.19053472578525543,-3.7066536606289446e-05,1.2218400185229257,7.062462388088492e-06,0
-0.1894657015800476,-3.686976924655028e-05,1.2238650185536244,6.9855566973921115e-06,0
-0.18853788077831268,-3.666803604573943e-05,1.2258900185843231,6.913313808366492e-06,0
-0.18751852214336395,-3.646901677711867e-05,1.2278700186143396,6.8386161300668384e-06,0
-0.1865323781967163,-3.6267374525777996e-05,1.2298950186450384,6.765039621244376e-06,0
-0.1855545938014984,-3.6067394830752164e-05,1.231920018675737,6.692470797298481e-06,0
-0.18457680940628052,-3.5869863495463505e-05,1.2339450187064358,6.6207449578314665e-06,0
-0.18355651199817657,-3.5671222576638684e-05,1.2359250187364523,6.547685194878406e-06,0
-0.18250706791877747,-3.5475153708830476e-05,1.237950018767151,6.474466287366594e-06,0
-0.18141508102416992,-3.5277975257486105e-05,1.2399750187978498,6.3999567397055035e-06,0
-0.18055522441864014,-3.5073702747467905e-05,1.2419550188278663,6.332740270761743e-06,0
-0.17945238947868347,-3.488326910883188e-05,1.243980018858565,6.259885994407827e-06,0
-0.17848888039588928,-3.4687138395383954e-05,1.2460050188892637,6.1912684963293454e-06,0
-0.177524134516716,-3.448568168096244e-05,1.2479850189192803,6.122040793631826e-06,0
-0.17649763822555542,-3.428857962717302e-05,1.250010018949979,6.051853322304934e-06,0
-0.17548416554927826,-3.40882470482029e-05,1.2520350189806777,5.981947588291534e-06,0
-0.17446325719356537,-3.388706318219192e-05,1.2540150190106942,5.912047419489349e-06,0
-0.17344295978546143,-3.369774276507087e-05,1.256040019041393,5.844636243263011e-06,0
-0.17242950201034546,-3.350091355969198e-05,1.2580650190720917,5.776545841989318e-06,0
-0.17152898013591766,-3.330196705064736e-05,1.2600450191021082,5.712252444717476e-06,0
-0.17049536108970642,-3.309499879833311e-05,1.262070019132807,5.642543770385203e-06,0
-0.16948187351226807,-3.29006215906702e-05,1.2640950191635056,5.576058986904962e-06,0
-0.16833405196666718,-3.270079105277546e-05,1.2660750191935222,5.504656660429029e-06,0
-0.16743354499340057,-3.2501011446584016e-05,1.2681000192242209,5.441759562372652e-06,0
-0.16639867424964905,-3.230557922506705e-05,1.2701250192549196,5.375605553918162e-06,0
-0.16539233922958374,-3.210840077372268e-05,1.2721500192856183,5.31048351288697e-06,0
-0.16444651782512665,-3.190884672221728e-05,1.2741300193156349,5.247298731284337e-06,0
-0.16339395940303802,-3.1707390007795766e-05,1.2761550193463336,5.180795995710075e-06,0
-0.16232340037822723,-3.1519317417405546e-05,1.2781800193770323,5.116322780793952e-06,0
-0.16143032908439636,-3.130986442556605e-05,1.2801600194070488,5.054361717806962e-06,0
-0.16041067242622375,-3.1114803277887404e-05,1.2821850194377475,4.9911465162155895e-06,0
-0.1593044102191925,-3.0915871320758015e-05,1.2842100194684463,4.925034647165804e-06,0
-0.15832477807998657,-3.0716364562977105e-05,1.2861900194984628,4.863161602857314e-06,0
-0.1573060303926468,-3.0522915039910004e-05,1.2882150195291615,4.801438600940259e-06,0
-0.15638534724712372,-3.0326085834531114e-05,1.2902400195598602,4.742555463879228e-06,0
-0.1553383767604828,-3.0127612262731418e-05,1.2922200195898768,4.679974384561914e-06,0
-0.15440836548805237,-2.9929977245046757e-05,1.2942450196205755,4.62143886550227e-06,0
-0.15329499542713165,-2.9724040359724313e-05,1.2962700196512742,4.556546631019815e-06,0
-0.15232962369918823,-2.9535205612774007e-05,1.2982500196812907,4.499086756872017e-06,0
-0.1513180136680603,-2.9334236387512647e-05,1.3002750197119894,4.4387983826277505e-06,0
-0.1503116935491562,-2.9131804694770835e-05,1.3023000197426882,4.378850899814263e-06,0
-0.14929108321666718,-2.8932205168530345e-05,1.3042800197727047,4.319320249456752e-06,0
-0.14832045137882233,-2.873114135582e-05,1.3063050198034034,4.261415854523972e-06,0
-0.14719277620315552,-2.854026752174832e-05,1.3083300198341021,4.200921210106888e-06,0
-0.14626000821590424,-2.8342723453533836e-05,1.3103100198641187,4.1454069651749605e-06,0
-0.14527291059494019,-2.8141706934547983e-05,1.3123350198948174,4.088227675491597e-06,0
-0.1442951261997223,-2.7944877729169093e-05,1.314360019925516,4.032309658566263e-06,0
-0.14323170483112335,-2.7744546969188377e-05,1.3163850199562148,3.973898762164028e-06,0
-0.14229054749011993,-2.7539448637980968e-05,1.3183650199862313,3.91860322427435e-06,0
-0.14134038984775543,-2.7349837182555348e-05,1.32039002001693,3.86563664965501e-06,0
-0.14028409123420715,-2.715441041800659e-05,1.3224150200476288,3.809331788490742e-06,0
-0.13926690816879272,-2.694558133953251e-05,1.3243950200776453,3.752627801967409e-06,0
-0.1383356750011444,-2.6756901206681505e-05,1.326420020108344,3.7014339893652213e-06,0
-0.13730792701244354,-2.6559369871392846e-05,1.3284450201390428,3.646812019797701e-06,0
-0.13631774485111237,-2.635573582665529e-05,1.3304250201690593,3.592754471781317e-06,0
-0.13525958359241486,-2.615450466691982e-05,1.332450020199758,3.537647410313446e-06,0
-0.13421043753623962,-2.5961880965041928e-05,1.3344750202304567,3.484355403582048e-06,0
-0.13323453068733215,-2.5758577976375818e-05,1.3364550202604732,3.431932047855482e-06,0
-0.13224060833454132,-2.5567522243363783e-05,1.338480020291172,3.3810646950693433e-06,0
-0.13121286034584045,-2.5368592105223797e-05,1.3405050203218707,3.328685533073321e-06,0
-0.13023321330547333,-2.5165078113786876e-05,1.3424850203518872,3.2773289858417046e-06,0
-0.12920022010803223,-2.4964076146716252e-05,1.344510020382586,3.2253641329494168e-06,0
-0.12814392149448395,-2.4767598006292246e-05,1.3465350204132847,3.1738171345252507e-06,0
-0.12717978656291962,-2.4574133931309916e-05,1.3485150204433012,3.125333108352596e-06,0
-0.1261812299489975,-2.4363782358705066e-05,1.350540020474,3.0742520242310926e-06,0
-0.12525340914726257,-2.4174309146474116e-05,1.3525650205046986,3.0279146343757343e-06,0
-0.12416143715381622,-2.3979931938811205e-05,1.3545900205353973,2.977382812373498e-06,0
-0.12323267757892609,-2.377707278355956e-05,1.3565700205654139,2.930112344107054e-06,0
-0.12211309373378754,-2.358522397116758e-05,1.3585950205961126,2.8800646655235593e-06,0
-0.12110676616430283,-2.338243939448148e-05,1.3606200206268113,2.831771620098451e-06,0
-0.12019414454698563,-2.3177359253168106e-05,1.3626000206568278,2.785782868292702e-06,0
-0.11910124868154526,-2.2980028006713837e-05,1.3646250206875266,2.7369500303364995e-06,0
-0.11813060939311981,-2.2782847736380063e-05,1.3666500207182253,2.691351686809237e-06,0
-0.11711093038320541,-2.2591897504753433e-05,1.3686300207482418,2.6457581359036914e-06,0
-0.1161322221159935,-2.2394093321054243e-05,1.3706550207789405,2.600675819646958e-06,0
-0.11516158282756805,-2.2194462871993892e-05,1.3726800208096392,2.5559494743465085e-06,0
-0.1141170859336853,-2.1995838324073702e-05,1.3746600208396558,2.510100972211767e-06,0
-0.11311323940753937,-2.179800321755465e-05,1.3766850208703545,2.4656427565535727e-06,0
-0.11211404204368591,-2.160082476621028e-05,1.3787100209010532,2.4217557760171913e-06,0
-0.11113812774419785,-2.1402336642495357e-05,1.3806900209310697,2.3786156237979753e-06,0
-0.11012279987335205,-2.1199812181293964e-05,1.3827150209617685,2.3345826741932862e-06,0
-0.10911646485328674,-2.1000883862143382e-05,1.3847400209924672,2.291542205831525e-06,0
-0.10812193900346756,-2.081066122627817e-05,1.3867200210224837,2.250089043729476e-06,0
-0.10702531039714813,-2.060582301055547e-05,1.3887450210531824,2.2053446036933964e-06,0
-0.1061759889125824,-2.0410745491972193e-05,1.3907700210838811,2.1671310870531807e-06,0
-0.1051429808139801,-2.021021646214649e-05,1.3927500211138977,2.1249624017258533e-06,0
-0.10413479059934616,-2.000868335017003e-05,1.3947750211445964,2.0836000508385802e-06,0
-0.1031213253736496,-1.9809751393040642e-05,1.3968000211752951,2.0428078189728524e-06,0
-0.10210785269737244,-1.9613973563537e-05,1.3988250212059938,2.0027407234357933e-06,0
-0.10109904408454895,-1.9411327230045572e-05,1.4008050212360104,1.9624666273699827e-06,0
-0.10013088583946228,-1.921961666084826e-05,1.402830021266709,1.9244772417456243e-06,0
-0.09911029040813446,-1.901648283819668e-05,1.4048550212974078,1.884729136634978e-06,0
-0.09806796163320541,-1.8817461750586517e-05,1.4068350213274243,1.845390116990829e-06,0
-0.09706907719373703,-1.8624576114234515e-05,1.408860021358123,1.807870416533261e-06,0
-0.09611984342336655,-1.8421444110572338e-05,1.4108850213888218,1.770666323540511e-06,0
-0.09505922347307205,-1.822359445213806e-05,1.4128650214188383,1.7323207375084278e-06,0
-0.09407864511013031,-1.8023933080257848e-05,1.414890021449537,1.695667203746316e-06,0
-0.0930580422282219,-1.7835509424912743e-05,1.4169150214802357,1.6597375892253796e-06,0
-0.09205791354179382,-1.76297271536896e-05,1.4188950215102523,1.6229558980797722e-06,0
-0.09105965495109558,-1.743484790495131e-05,1.420920021540951,1.5876112343496981e-06,0
-0.09007474035024643,-1.7237318388652056e-05,1.4229450215716497,1.5526469781923622e-06,0
-0.08900448679924011,-1.7043534171534702e-05,1.4249250216016662,1.5169510121827582e-06,0
-0.08799071609973907,-1.6835605492815375e-05,1.426950021632365,1.4813769832855254e-06,0
-0.08697724342346191,-1.6631071048323065e-05,1.4289750216630637,1.4465247149628851e-06,0
-0.08603298664093018,-1.6439069440821186e-05,1.4309550216930802,1.4143022415914926e-06,0
-0.08502168953418732,-1.6238114767475054e-05,1.432980021723779,1.3805919523807663e-06,0
-0.08403676748275757,-1.6041285562096164e-05,1.4350050217544776,1.3480577849063913e-06,0
-0.08296620845794678,-1.5842706488911062e-05,1.4370300217851764,1.3144092890970613e-06,0
-0.08206352591514587,-1.5642739526811056e-05,1.4390100218151929,1.2836983605423358e-06,0
-0.08100351691246033,-1.5447296391357668e-05,1.4410350218458916,1.2512853344891282e-06,0
-0.07992581278085709,-1.5249766875058413e-05,1.4430600218765903,1.2188500122076347e-06,0
-0.07886114716529846,-1.5046314729261212e-05,1.4450400219066069,1.1865696401596663e-06,0
-0.07802735269069672,-1.4851556443318259e-05,1.4470650219373056,1.1588276326085831e-06,0
-0.07695679366588593,-1.4652276149718091e-05,1.4490900219680043,1.1275921923894366e-06,0
-0.07597900927066803,-1.4450620255956892e-05,1.4510700219980208,1.097943810394252e-06,0
-0.07484421133995056,-1.4257568182074465e-05,1.4530950220287195,1.067096446212936e-06,0
-0.07397349178791046,-1.4060389730730094e-05,1.4551200220594183,1.0400961242809832e-06,0
-0.07293302565813065,-1.3865889741282444e-05,1.4571000220894348,1.011281292273763e-06,0
-0.07188946008682251,-1.3663930076290853e-05,1.4591250221201335,9.82292555848645e-07,0
-0.07093309611082077,-1.3466749805957079e-05,1.4611500221508322,9.552382582863304e-07,0
-0.06991683691740036,-1.3267637768876739e-05,1.4631300221808488,9.276312661656965e-07,0
-0.06894184648990631,-1.3069240594631992e-05,1.4651550222115475,9.010175788147707e-07,0
-0.06789983808994293,-1.2875213542429265e-05,1.4671800222422462,8.742249149043877e-07,0
-0.06695277243852615,-1.2677790437010117e-05,1.4691600222722627,8.488132181524614e-07,0
-0.0658586323261261,-1.2476652045734227e-05,1.4711850223029614,8.216952397410195e-07,0
-0.06487371027469635,-1.2278422218514606e-05,1.4732100223336602,7.96546805634311e-07,0
-0.06386955827474594,-1.2082095963705797e-05,1.4751900223636767,7.716781322349801e-07,0
-0.06285391747951508,-1.187460838991683e-05,1.4772150223943754,7.463656558413898e-07,0
-0.061804771423339844,-1.1675678251776844e-05,1.4792400224250741,7.21612625563528e-07,0
-0.06089122220873833,-1.1482351510494482e-05,1.4812650224557729,6.991744173043617e-07,0
-0.05981073155999184,-1.1285035725450143e-05,1.4832450224857894,6.749662424198163e-07,0
-0.05887142941355705,-1.1089045074186288e-05,1.485270022516488,6.528279343487106e-07,0
-0.057872235774993896,-1.0890464182011783e-05,1.4872950225471868,6.30255510840512e-07,0
-0.056727513670921326,-1.06856869024341e-05,1.4892750225772033,6.061724498410153e-07,0
-0.05590240657329559,-1.0493304216652177e-05,1.491300022607902,5.86600958616567e-07,0
-0.0548175685107708,-1.0292623301211279e-05,1.4933250226386008,5.642165829697052e-07,0
-0.05375600606203079,-1.0099494829773903e-05,1.4953050226686173,5.429085052927746e-07,0
-0.05281205102801323,-9.893361493595876e-06,1.497330022699316,5.224887120383666e-07,0
-0.051791444420814514,-9.699334441393148e-06,1.4993550227300148,5.023425406403052e-07,0
-0.05082918331027031,-9.497952305537183e-06,1.5013350227600313,4.82773158810354e-07,0
-0.049807339906692505,-9.303575097874273e-06,1.50336002279073,4.633863272472639e-07,0
-0.0488152876496315,-9.108497579290997e-06,1.5053850228214287,4.4463392938906223e-07,0
-0.0478353314101696,-8.913221790862735e-06,1.5073650228514452,4.2636691829826435e-07,0
-0.04677408188581467,-8.710987458471209e-06,1.509390022882144,4.074484406888369e-07,0
-0.0458676740527153,-8.507154234393965e-06,1.5114150229128427,3.902033775393592e-07,0
-0.04476700723171234,-8.312777026731055e-06,1.5133950229428592,3.7213814927128136e-07,0
-0.0437907800078392,-8.104039807221852e-06,1.515420022973558,3.5488222437282375e-07,0
-0.042812999337911606,-7.912114597274922e-06,1.5174450230042567,3.38741357014612e-07,0
-0.04179240018129349,-7.718087545072194e-06,1.5194700230349554,3.225574033179142e-07,0
-0.04076031595468521,-7.5157158789807e-06,1.521450023064972,3.06342953852898e-07,0
-0.03973691910505295,-7.31987665858469e-06,1.5234750230956706,2.908693466411451e-07,0
-0.03873772919178009,-7.1254994509217795e-06,1.5255000231263693,2.760256680859856e-07,0
-0.03775157034397125,-6.917828613950405e-06,1.5274800231563859,2.611588935470859e-07,0
-0.03672507405281067,-6.720634701196104e-06,1.5295050231870846,2.4681580708331603e-07,0
-0.020738013088703156,-3.952013230446028e-06,1.5415650233699125,8.195690209971776e-08,0
-0.0209449902176857,-4.10127904615365e-06,1.5435900234006112,8.590124950168753e-08,0
-0.021225817501544952,-4.249494850228075e-06,1.5455700234306278,9.019900216469622e-08,0
-0.021458860486745834,-4.343039563536877e-06,1.5475950234613265,9.319668008235536e-08,0
-0.02164442464709282,-4.39360155723989e-06,1.5496200234920252,9.509697783502847e-08,0
-0.021821608766913414,-4.403987986734137e-06,1.5516000235220417,9.6102102860699e-08,0
-0.02192990854382515,-4.379719030112028e-06,1.5536250235527405,9.604683777800736e-08,0
-0.02184426039457321,-4.329316652729176e-06,1.5556500235834392,9.45707202927782e-08,0
-0.021776925772428513,-4.254744453646708e-06,1.5576300236134557,9.265525414771627e-08,0
-0.02144458517432213,-4.157412604399724e-06,1.5596550236441544,8.915398869985027e-08,0
-0.02118765190243721,-4.0431705201626755e-06,1.5616800236748531,8.566528956340276e-08,0
-0.020666643977165222,-3.913613909389824e-06,1.5637050237055519,8.088126532944124e-08,0
-0.02029489539563656,-3.772095396925579e-06,1.5656850237355684,7.655428150296679e-08,0
-0.019624629989266396,-3.6231065223546466e-06,1.5677100237662671,7.110212491290768e-08,0
-0.01904652640223503,-3.4639385830814717e-06,1.5697350237969658,6.597599767838186e-08,0
-0.018410706892609596,-3.295426495242282e-06,1.5717150238269824,6.067113129004536e-08,0
-0.017704755067825317,-3.126116780549637e-06,1.573740023857681,5.534713191304995e-08,0
-0.01681262068450451,-2.9485772756743245e-06,1.5757650238883798,4.95733112948621e-08,0
-0.016131805256009102,-2.7687881356541766e-06,1.5777450239183963,4.466555099952169e-08,0
-0.015163956210017204,-2.5858885237539653e-06,1.579770023949095,3.921230033819116e-08,0
-0.01435746531933546,-2.398510559942224e-06,1.5817950239797938,3.443653218243036e-08,0
-0.013443299569189548,-2.210487309639575e-06,1.5837750240098103,2.9716243097376662e-08,0
-0.012537511065602303,-2.0205068267387105e-06,1.585800024040509,2.5332126698361577e-08,0
-0.011595415882766247,-1.8288940282218391e-06,1.5878250240712077,2.1206786862739854e-08,0
-0.010657976381480694,-1.6392954194088816e-06,1.5898050241012243,1.7471571862329348e-08,0
-0.009818282909691334,-1.4435352113650879e-06,1.591830024131923,1.417303709528351e-08,0
-0.008712035603821278,-1.2480061286623823e-06,1.5938550241626217,1.0872673826693832e-08,0
-0.007813074626028538,-1.0552789717621636e-06,1.5958350241926382,8.244973357656446e-09,0
-0.006892080418765545,-8.565977509533695e-07,1.597860024223337,5.903740586104323e-09,0
-0.0009968527592718601,4.117259777558502e-08,1.6099200244061649,-4.1043017698982376e-11,0
-0.0008541111601516604,6.228130189356307e-08,1.6119450244368636,-5.319515501606696e-11,0
-0.0005329425912350416,9.79873817641419e-08,1.6139700244675623,-5.222164914571905e-11,0
-0.00027631805278360844,1.365852426715719e-07,1.6159500244975789,-3.774096829398537e-11,0
3.802376886596903e-05,1.7847291644557117e-07,1.6179750245282776,6.7862129237618016e-12,0
0.00031636987114325166,2.2362394247466e-07,1.6200000245589763,7.07478778652541e-11,0
0.0007067371625453234,2.7141010150444345e-07,1.6219800245889928,1.9181560502338856e-10,0
0.000972981215454638,3.224544116164907e-07,1.6240050246196915,3.1374208534332325e-10,0
0.0012513273395597935,3.767071348192985e-07,1.6260300246503903,4.713839368066253e-10,0
0.0015259496867656708,4.3307662167535455e-07,1.6280100246804068,6.608531351910422e-10,0
0.0017866084817796946,4.920494802718167e-07,1.6300350247111055,8.790997749089182e-10,0
0.0021720107179135084,5.536238631975721e-07,1.6320600247418042,1.2024769645578085e-09,0
0.002337715122848749,6.161861847431283e-07,1.6340400247718208,1.4404677625644841e-09,0
0.0027072918601334095,6.8186136559234e-07,1.6360650248025195,1.845997724807593e-09,0
0.002999912016093731,7.498587137888535e-07,1.6380900248332182,2.2495101658677714e-09,0
0.0034026915673166513,8.187706157514185e-07,1.6400700248632347,2.786023869784014e-09,0
0.003685071598738432,8.913736451177101e-07,1.6420950248939334,3.2847757034872237e-09,0
0.004027651622891426,9.660273008194054e-07,1.6441200249246322,3.890821425902702e-09,0
0.0044416021555662155,1.0431546115796664e-06,1.6461450249553309,4.6332777713810845e-09,0
0.03208351135253906,7.197157174232416e-06,1.6582050251381588,2.3091007390549367e-07,0
0.03271561115980148,7.112979346857173e-06,1.6601850251681753,2.32705466499478e-07,0
0.03326113149523735,7.020827524684137e-06,1.662210025198874,2.3352066750390083e-07,0
0.033753592520952225,6.968482466618298e-06,1.6642350252295728,2.3521131766763408e-07,0
0.03413806110620499,6.953137472009985e-06,1.6662150252595893,2.3736663189932052e-07,0
0.03451012074947357,6.9709344643342774e-06,1.668240025290288,2.405677901008428e-07,0
0.034688547253608704,7.01455519447336e-06,1.6702650253209868,2.4332472932653553e-07,0
0.035076431930065155,7.0828787102072965e-06,1.6722450253510033,2.484421129474939e-07,0
0.035395119339227676,7.173595804488286e-06,1.674270025381702,2.5391027959124587e-07,0
0.035916127264499664,7.280959835043177e-06,1.6762950254124007,2.6150388004312123e-07,0
0.03631269931793213,7.402096798614366e-06,1.6782750254424172,2.687901153703115e-07,0
0.03697241470217705,7.538990757893771e-06,1.680300025473116,2.7873469273672854e-07,0
0.03761475160717964,7.685327545914333e-06,1.6823250255038147,2.8908168665938314e-07,0
0.03816430643200874,7.838287274353206e-06,1.6843500255345134,2.9914279744053035e-07,0
0.038896940648555756,8.00143061496783e-06,1.68633002556453,3.112311717339407e-07,0
0.03957030922174454,8.164901373675093e-06,1.6883550255952287,3.230876721213702e-07,0
0.04034825414419174,8.333302503160667e-06,1.6903800256259274,3.362342072579558e-07,0
0.041168395429849625,8.507635357091203e-06,1.692360025655944,3.502456965537006e-07,0
0.041989780962467194,8.680261998961214e-06,1.6943850256866426,3.64482300033209e-07,0
0.04278199374675751,8.856910426402465e-06,1.6964100257173413,3.789162864779416e-07,0
0.043700508773326874,9.037031304615084e-06,1.6983900257473579,3.949228658121611e-07,0
0.04453771933913231,9.215715181198902e-06,1.7004150257780566,4.1044693624961757e-07,0
0.04546554014086723,9.399176633451134e-06,1.7024400258087553,4.273386425192739e-07,0
0.0463741198182106,9.583836799720302e-06,1.7044200258387718,4.4444199606840534e-07,0
0.04717843979597092,9.768487871042453e-06,1.7064450258694706,4.6086201692164847e-07,0
0.04816335439682007,9.957203474186826e-06,1.7084700259001693,4.795723197285082e-07,0
0.04907752200961113,1.0145360647584312e-05,1.7104500259301858,4.979091604772617e-07,0
0.05001899227499962,1.0335334081901237e-05,1.7124750259608845,5.169629956021583e-07,0
0.05093967914581299,1.0526756341278087e-05,1.7145000259915832,5.36229590470858e-07,0
0.051907528191804886,1.0716187716752756e-05,1.7164800260215998,5.562508160160169e-07,0
0.05286668986082077,1.0909536285907961e-05,1.7185050260522985,5.767510713524667e-07,0
0.08090828359127045,1.3604570995084941e-05,1.7305650262351264,1.1007224882079048e-06,0
0.07832466065883636,1.3386028513195924e-05,1.7325900262658251,1.0484561408655787e-06,0
0.07582667469978333,1.3354157090361696e-05,1.7346150262965239,1.0126013255806613e-06,0
0.07416777312755585,1.3491827303369064e-05,1.7365950263265404,1.0006587865124403e-06,0
0.07321450859308243,1.3683722499990836e-05,1.7386200263572391,1.0018470185609344e-06,0
0.0728219673037529,1.3921179743192624e-05,1.7406450263879378,1.0137676960884405e-06,0
0.0727602168917656,1.4155863027554005e-05,1.7426250264179544,1.029983664174955e-06,0
0.07295757532119751,1.439293828298105e-05,1.744650026448653,1.050073878873937e-06,0
0.07342147827148438,1.4626540178142022e-05,1.7466750264793518,1.0739022018764477e-06,0
0.07401882112026215,1.4848769751552027e-05,1.7486550265093683,1.0990884320960889e-06,0
0.07472756505012512,1.5067129425005987e-05,1.750680026540067,1.1259298942257892e-06,0
0.07554119825363159,1.5281821106327698e-05,1.7527050265707658,1.1544070778696323e-06,0
0.07640943676233292,1.5491972590098158e-05,1.7546850266007823,1.1837328999469e-06,0
0.07724695652723312,1.569649248267524e-05,1.756710026631481,1.2125062724392557e-06,0
0.07819619029760361,1.5899275240371935e-05,1.7587350266621797,1.2432627522901012e-06,0
0.07914263010025024,1.6093148587970063e-05,1.7607150266921963,1.2736541058460792e-06,0
0.08008037507534027,1.630273982300423e-05,1.762740026722895,1.3055295197818653e-06,0
0.08108671009540558,1.649221303523518e-05,1.7647650267535937,1.337299297219784e-06,0
0.08210016787052155,1.6694644727976993e-05,1.7667900267842924,1.3706331347056286e-06,0
0.0830376148223877,1.689934651949443e-05,1.768770026814309,1.4032814270358365e-06,0
0.08401291072368622,1.7096357623813674e-05,1.7707950268450077,1.4363147667496704e-06,0
0.08508346974849701,1.7300542822340503e-05,1.7728200268757064,1.4719902118571853e-06,0
0.08600911498069763,1.750454248394817e-05,1.774800026905723,1.5055502071864048e-06,0
0.08695338666439056,1.7692098481347784e-05,1.7768250269364216,1.538387880153111e-06,0
0.08808104693889618,1.7891379684442654e-05,1.7788500269671204,1.575891453787007e-06,0
0.08906254917383194,1.809402419894468e-05,1.7808300269971369,1.6114999199710157e-06,0
0.08996523916721344,1.8291691958438605e-05,1.7828550270278356,1.645616441813924e-06,0
0.0910572037100792,1.84843174793059e-05,1.7848800270585343,1.683130262154935e-06,0
0.09204895049333572,1.8684966562432237e-05,1.7868600270885509,1.7199315620749584e-06,0
0.09309841692447662,1.8884978999267332e-05,1.7888850271192496,1.7581616484837754e-06,0
0.09413328766822815,1.9080756828770973e-05,1.7909100271499483,1.7961343714902067e-06,0
0.09504280239343643,1.9278468244010583e-05,1.7928900271799648,1.8322796477636372e-06,0
0.0960817039012909,1.947651617228985e-05,1.7949150272106635,1.8713368598946567e-06,0
0.0970737636089325,1.9674045688589104e-05,1.7969400272413623,1.909833660405436e-06,0
0.09805899113416672,1.9871969925588928e-05,1.7989200272713788,1.9486253227517524e-06,0
0.09908641874790192,2.007996226893738e-05,1.8009450273020775,1.989651549822e-06,0
0.1001427099108696,2.027083610300906e-05,1.8029700273327762,2.0299764595144187e-06,0
0.10103049874305725,2.0463645341806114e-05,1.8049500273627928,2.067452294983712e-06,0
0.10206972062587738,2.0665194824687205e-05,1.8069750273934915,2.10929066243515e-06,0
0.10320451110601425,2.085887172142975e-05,1.8090000274241902,2.1527296582332233e-06,0
0.10412519425153732,2.1066558474558406e-05,1.811025027454889,2.1935594933747638e-06,0
0.1051340103149414,2.1260704670567065e-05,1.8130050274849054,2.235223144138321e-06,0
0.10609503835439682,2.1458814444486052e-05,1.8150300275156042,2.276673741527632e-06,0
0.10712991654872894,2.1657395336660556e-05,1.8170550275463029,2.3201549550792768e-06,0
0.10809061676263809,2.186005440307781e-05,1.8190350275763194,2.362866762893503e-06,0
0.10914970934391022,2.2051752239349298e-05,1.8210600276070181,2.406942347448897e-06,0
0.11007752269506454,2.2252785129239783e-05,1.8230850276377168,2.449531460092287e-06,0
0.1111142635345459,2.2448441086453386e-05,1.8250650276677334,2.4943419988199093e-06,0
0.1121758222579956,2.264749309688341e-05,1.827090027698432,2.5405011602251757e-06,0
0.11319642513990402,2.2845371859148145e-05,1.8291150277291308,2.586014425447333e-06,0
0.11424215883016586,2.304340341652278e-05,1.8310950277591473,2.632528153097982e-06,0
0.115230493247509,2.3244632757268846e-05,1.833120027789846,2.6784904979772943e-06,0
0.11619400233030319,2.344356289540883e-05,1.8351450278205448,2.7240014016997432e-06,0
0.11714664846658707,2.3633981982129626e-05,1.8371250278505613,2.768641779126192e-06,0
0.11822807043790817,2.383442006248515e-05,1.83915002788126,2.817897493994186e-06,0
0.11927007883787155,2.4035802198341116e-05,1.8411750279119588,2.8667520231276313e-06,0
0.12015538662672043,2.4230039343819954e-05,1.8431550279419753,2.911369745337334e-06,0
0.12120422720909119,2.443296034471132e-05,1.845180027972674,2.9613780770111056e-06,0
0.12224625051021576,2.462628617649898e-05,1.8472050280033727,3.0104711490685577e-06,0
0.12315265834331512,2.482276613591239e-05,1.8492300280340714,3.056989637072031e-06,0
0.12422911077737808,2.5029294192790985e-05,1.851210028064088,3.1093669609558172e-06,0
0.12516531348228455,2.522202703403309e-05,1.8532350280947867,3.156922920373407e-06,0
0.12623587250709534,2.541710637160577e-05,1.8552600281254854,3.2085505994253064e-06,0
0.12723040580749512,2.5623527108109556e-05,1.857240028155502,3.2600917521841306e-06,0
0.12828421592712402,2.582162051112391e-05,1.8592650281862007,3.3125063412372743e-06,0
0.12926200032234192,2.6017047275672667e-05,1.8612900282168994,3.363015573334385e-06,0
0.13032108545303345,2.6229819923173636e-05,1.863270028246916,3.4182986036255907e-06,0
0.13123896718025208,2.641736136865802e-05,1.8652950282776146,3.466987221650169e-06,0
0.1321953386068344,2.6607185645843856e-05,1.8673200283083133,3.5173459158272327e-06,0
0.13328513503074646,2.6810164854396135e-05,1.8693000283383299,3.573396442814762e-06,0
0.13420799374580383,2.7009948098566383e-05,1.8713250283690286,3.6249509454868833e-06,0
0.13525713980197906,2.7201873308513314e-05,1.8733500283997273,3.679247580965308e-06,0
0.13630133867263794,2.740512900345493e-05,1.8753300284297438,3.7353557696672432e-06,0
0.13725551962852478,2.7609892640612088e-05,1.8773550284604426,3.7896101612749943e-06,0
0.13824757933616638,2.780181785055902e-05,1.8793800284911413,3.843534018984805e-06,0
0.1392206996679306,2.7996804419672117e-05,1.8813600285211578,3.897734699772964e-06,0
0.14030306041240692,2.8199327061884105e-05,1.8833850285518565,3.956451888352747e-06,0
0.14135220646858215,2.8397207643138245e-05,1.8854100285825552,4.014007957904076e-06,0
0.142303928732872,2.859359301510267e-05,1.8873900286125718,4.068980622637917e-06,0
0.1433149129152298,2.8792965167667717e-05,1.8894150286432705,4.126461295575544e-06,0
0.1443854719400406,2.8992595616728067e-05,1.8914400286739692,4.186109600888034e-06,0
0.14534898102283478,2.9182068828959018e-05,1.893465028704668,4.241583968427423e-06,0
0.1463255137205124,2.9395041565294378e-05,1.8954450287346845,4.3012445578775144e-06,0
0.14727598428726196,2.9585184165625833e-05,1.8974700287653832,4.357187118312462e-06,0
0.14826804399490356,2.9786917366436683e-05,1.899495028796082,4.416447974559391e-06,0
0.14940127730369568,2.9982695195940323e-05,1.9014750288260984,4.4794529592808645e-06,0
0.1503092497587204,3.018022471223958e-05,1.9035000288567971,4.536366934046324e-06,0
0.15135839581489563,3.0374252673937008e-05,1.9055250288874959,4.59739815880341e-06,0
0.15238024294376373,3.057729554711841e-05,1.9075050289175124,4.659375724033168e-06,0
0.15342815220355988,3.077456494793296e-05,1.9095300289482111,4.721684634829797e-06,0
0.15434883534908295,3.096999353147112e-05,1.9115550289789098,4.7801824323511996e-06,0
0.15525493025779724,3.1170067813945934e-05,1.9135350290089264,4.8393067045849865e-06,0
0.15637576580047607,3.137520980089903e-05,1.915560029039625,4.906322459766188e-06,0
0.15733212232589722,3.156783350277692e-05,1.9175850290703238,4.966634242222455e-06,0
0.158442422747612,3.175954407197423e-05,1.9195650291003403,5.032059108123156e-06,0
0.15937334299087524,3.19635946652852e-05,1.921590029131039,5.094144935811808e-06,0
0.16039395332336426,3.216287586838007e-05,1.9236150291617378,5.1587308107781116e-06,0
0.16136178374290466,3.2355972507502884e-05,1.9255950291917543,5.221017438547049e-06,0
0.16239231824874878,3.256388663430698e-05,1.927620029222453,5.288125041734556e-06,0
0.1634272038936615,3.275721246609464e-05,1.9296450292531517,5.353419640684439e-06,0
0.16435563564300537,3.29516660713125e-05,1.9316250292831683,5.41579202264662e-06,0
0.16537562012672424,3.3161726605612785e-05,1.933650029313867,5.4841411018761044e-06,0
0.16640335321426392,3.3351901947753504e-05,1.9356750293445657,5.549868320179523e-06,0
0.16740968823432922,3.3548378269188106e-05,1.9377000293752644,5.616323546812126e-06,0
0.16835488379001617,3.374908919795416e-05,1.939680029405281,5.681823989940463e-06,0
0.16940093040466309,3.3947289921343327e-05,1.9417050294359797,5.7507024973924015e-06,0
0.17044293880462646,3.4143420634791255e-05,1.9437300294666784,5.819504953836346e-06,0
0.1714455485343933,3.43480751325842e-05,1.945710029496695,5.888824582206452e-06,0
0.17245560884475708,3.454548277659342e-05,1.9477350295273936,5.957562265073487e-06,0
0.17353330552577972,3.474476397968829e-05,1.9497600295580924,6.029373743108354e-06,0
0.17448408901691437,3.494157499517314e-05,1.9517400295881089,6.09674888184898e-06,0
0.17540322244167328,3.513631963869557e-05,1.9537650296188076,6.163023689367852e-06,0
0.17648804187774658,3.5329998354427516e-05,1.9557900296495063,6.235322229116921e-06,0
0.17744070291519165,3.553690476110205e-05,1.9577700296795228,6.305693360240169e-06,0
0.1784364879131317,3.57317112502642e-05,1.9597950297102216,6.37584106262328e-06,0
0.1795855462551117,3.592748907976784e-05,1.9618200297409203,6.452057751964667e-06,0
0.18050901591777802,3.612857835832983e-05,1.9638000297709368,6.52153412597045e-06,0
0.18140551447868347,3.632884909166023e-05,1.9658250298016355,6.590253559891077e-06,0
0.1825188845396042,3.652953091659583e-05,1.9678500298323343,6.667329235652056e-06,0
0.1834954172372818,3.6720251955557615e-05,1.9698300298623508,6.737997953643157e-06,0
0.18458864092826843,3.691968595376238e-05,1.9718550298930495,6.81495465370348e-06,0
0.18542367219924927,3.711476529133506e-05,1.9738800299237482,6.881956073132587e-06,0
0.186458557844162,3.731614560820162e-05,1.975905029954447,6.957914694408034e-06,0
0.18760637938976288,3.7517314922297373e-05,1.9778850299844635,7.038487616997733e-06,0
0.1885497272014618,3.771821138798259e-05,1.9799100300151622,7.111758467731187e-06,0
0.1895703375339508,3.7912235711701214e-05,1.981935030045861,7.187035320533903e-06,0
0.1905406415462494,3.811520218732767e-05,1.9839150300758774,7.262495077438422e-06,0
0.1915258765220642,3.8308346120174974e-05,1.9859400301065762,7.33703956877713e-06,0
0.19256076216697693,3.8505175325553864e-05,1.9879650301372749,7.414585908061726e-06,0
0.19351215660572052,3.8699567085132e-05,1.9899450301672914,7.488836686351651e-06,0
0.1945805549621582,3.8903384847799316e-05,1.9919700301979901,7.5698422135912075e-06,0
0.19560828804969788,3.91044159187004e-05,1.9939950302286888,7.649147853040338e-06,0
0.1965581476688385,3.9301474316744134e-05,1.9959750302587054,7.725024992353657e-06,0
0.19752101600170135,3.949807432945818e-05,1.998000030289404,7.801699771665298e-06,0
0.19859158992767334,3.970015677623451e-05,2.000025030320103,7.884117254570305e-06,0
0.19953709840774536,3.988730168202892e-05,2.0020050303501193,7.958996440946432e-06,0
0.20060424506664276,4.009696567663923e-05,2.004030030380818,8.0436215290253e-06,0
0.2015748918056488,4.02902951464057e-05,2.006055030411517,8.121511884954385e-06,0
0.202597975730896,4.048445771331899e-05,2.0080350304415333,8.202069181281486e-06,0
0.20357327163219452,4.069095302838832e-05,2.010060030472232,8.283590433820964e-06,0
0.20455104112625122,4.088498462806456e-05,2.0120850305029307,8.363066172101382e-06,0
0.20554715394973755,4.108453867956996e-05,2.0140650305329473,8.444809996923514e-06,0
0.20667076110839844,4.128529690206051e-05,2.016090030563646,8.53246373333505e-06,0
0.20764854550361633,4.147861909586936e-05,2.0181150305943447,8.612974924755799e-06,0
0.20860491693019867,4.167125007370487e-05,2.0201400306250434,8.69282766000274e-06,0
0.20960596203804016,4.188159800833091e-05,2.02212003065506,8.778632642226667e-06,0
0.2105533331632614,4.206945595797151e-05,2.0241450306857587,8.857864176315929e-06,0
0.21158820390701294,4.22704906668514e-05,2.0261700307164574,8.943937198467242e-06,0
0.2126370519399643,4.247363904141821e-05,2.028150030746474,9.031469390929339e-06,0
0.213579460978508,4.2676052544265985e-05,2.0301750307771727,9.114728299094814e-06,0
0.21467143297195435,4.286973489797674e-05,2.0322000308078714,9.202907421676466e-06,0
0.21565325558185577,4.306604387238622e-05,2.034180030837888,9.287332566111119e-06,0
0.21667695045471191,4.3263389670755714e-05,2.0362050308685866,9.374179340193231e-06,0
0.21766185760498047,4.346477362560108e-05,2.0382300308992853,9.460623367728294e-06,0
0.21863220632076263,4.366246866993606e-05,2.040210030929302,9.546021858719295e-06,0
0.21964597702026367,4.3864383769687265e-05,2.0422350309600006,9.634635429484756e-06,0
0.2206951230764389,4.4060514483135194e-05,2.0442600309906993,9.72394066666674e-06,0
0.22164838016033173,4.425962470122613e-05,2.046240031020716,9.810074121530978e-06,0
0.22274348139762878,4.445311788003892e-05,2.0482650310514146,9.901642235579048e-06,0
0.22374264895915985,4.465064557734877e-05,2.0502900310821133,9.990253719212609e-06,0
0.22470182180404663,4.484691453399137e-05,2.05227003111213,1.0077183398078237e-05,0
0.2257481813430786,4.504780736169778e-05,2.0542950311428285,1.0169460585396622e-05,0
0.2268044650554657,4.524954056250863e-05,2.0563200311735272,1.0262797841285366e-05,0
0.2277037352323532,4.544742114376277e-05,2.058345031204226,1.0348547551112608e-05,0
0.2288127839565277,4.565018753055483e-05,2.0603250312342425,1.0445346497003818e-05,0
0.22975921630859375,4.58459799119737e-05,2.062350031264941,1.053353641547461e-05,0
0.23078696429729462,4.604490823112428e-05,2.06437503129564,1.0626564592008687e-05,0
0.23173214495182037,4.624515349860303e-05,2.0663550313256565,1.071648861385746e-05,0
0.23279961943626404,4.64399709017016e-05,2.068380031356355,1.0811207552547308e-05,0
0.23381307721138,4.663294748752378e-05,2.070405031387054,1.0903392951494627e-05,0
0.23480048775672913,4.683463339461014e-05,2.0723850314170704,1.0996794764962054e-05,0
0.23577576875686646,4.702870501205325e-05,2.074410031447769,1.1088229077856754e-05,0
0.23678210377693176,4.72304382128641e-05,2.076435031478468,1.1183322522348351e-05,0
0.2378092259168625,4.74347107228823e-05,2.0784150315084844,1.1280411838598937e-05,0
0.23878762125968933,4.7629346227040514e-05,2.080440031539183,1.1373298287709163e-05,0
0.23980823159217834,4.781952520716004e-05,2.082465031569882,1.1467515775506645e-05,0
0.24081052839756012,4.801469185622409e-05,2.0844450315998984,1.156244331674335e-05,0
0.24176380038261414,4.8225087084574625e-05,2.086470031630597,1.1659080327349283e-05,0
0.2427772581577301,4.84142146888189e-05,2.088495031661296,1.1753870298011155e-05,0
0.2437969148159027,4.861732668359764e-05,2.0904750316913123,1.1852754252057967e-05,0
0.24475422501564026,4.8816975322552025e-05,2.092500031722011,1.1948160962678856e-05,0
0.24578909575939178,4.9013455281965435e-05,2.0945250317527098,1.204697285379767e-05,0
0.2467833161354065,4.9206442781724036e-05,2.0965050317827263,1.2143329124900994e-05,0
0.24776606261730194,4.9416568799642846e-05,2.098530031813425,1.2243748679544519e-05,0
0.24875812232494354,4.961024387739599e-05,2.1005550318441237,1.2340951115023552e-05,0
0.24982154369354248,4.9806374590843916e-05,2.1025800318748225,1.2442705386063457e-05,0
0.2508421540260315,5.0003505748463795e-05,2.104560031904839,1.2542987090797706e-05,0
0.25179141759872437,5.019968011765741e-05,2.1065850319355377,1.2639848619827457e-05,0
0.25284767150878906,5.039756069891155e-05,2.1086100319662364,1.2742905872442645e-05,0
0.25382110476493835,5.06046817463357e-05,2.110590031996253,1.2844536227133037e-05,0
0.2547318637371063,5.079927359474823e-05,2.1126150320269517,1.2940193639281389e-05,0
0.2558524012565613,5.099925328977406e-05,2.1146400320576504,1.3048281416480276e-05,0
0.2568298578262329,5.119854904478416e-05,2.116620032087667,1.3149316072081328e-05,0
0.25784364342689514,5.139466520631686e-05,2.1186450321183656,1.3251787729502218e-05,0
0.25880715250968933,5.158974090591073e-05,2.1206700321490644,1.3351793942571397e-05,0
0.2598832845687866,5.17887638125103e-05,2.122650032179081,1.3459034043352292e-05,0
0.2608412206172943,5.198129656491801e-05,2.1246750322097796,1.3558864845262782e-05,0
0.2618832290172577,5.218793376116082e-05,2.1267000322404783,1.3667144609111554e-05,0
0.26284733414649963,5.238372614257969e-05,2.128680032270495,1.3768922769237372e-05,0
0.26390302181243896,5.258824603515677e-05,2.1307050323011936,1.3878197040493884e-05,0
0.2649093270301819,5.277842137729749e-05,2.1327300323318923,1.3981496088775244e-05,0
0.2658560872077942,5.297503594192676e-05,2.134710032361909,1.4083735775212913e-05,0
0.2668648958206177,5.3175928769633174e-05,2.1367350323926075,1.4190788691272743e-05,0
0.2678997814655304,5.337100810720585e-05,2.1387600324233063,1.4298081408515499e-05,0
0.2688561677932739,5.357309055398218e-05,2.140785032454005,1.4403455823185692e-05,0
0.26992979645729065,5.3773557738168165e-05,2.1427650324840215,1.45150854950481e-05,0
0.2708188593387604,5.3963245591148734e-05,2.1447900325147202,1.461426461721229e-05,0
0.2719464898109436,5.4163578170118853e-05,2.146815032545419,1.4729594958964474e-05,0
0.2729162275791168,5.436632636701688e-05,2.1487950325754355,1.4837452699421319e-05,0
0.2739591598510742,5.4561438446398824e-05,2.150820032606134,1.4947605837041522e-05,0
0.2749512195587158,5.4764219385106117e-05,2.152845032636833,1.5057488908115993e-05,0
0.27593985199928284,5.496202356880531e-05,2.1548250326668494,1.5166212649157232e-05,0
0.2768639624118805,5.5153675930341706e-05,2.156850032697548,1.5270065259655164e-05,0
0.27799874544143677,5.5351905757561326e-05,2.158875032728247,1.538776035839469e-05,0
0.2789188027381897,5.555808456847444e-05,2.1608550327582634,1.5496194430265984e-05,0
0.2798900604248047,5.575046452577226e-05,2.162880032788962,1.5604000884829328e-05,0
0.28086787462234497,5.59483451070264e-05,2.164905032819661,1.5714092778847978e-05,0
0.28195732831954956,5.6150856835301965e-05,2.1668850328496774,1.583214557613526e-05,0
0.28298044204711914,5.634480476146564e-05,2.168910032880376,1.594447775845817e-05,0
0.2839367985725403,5.653988046105951e-05,2.170935032911075,1.605375264978736e-05,0
0.2849958837032318,5.673594932886772e-05,2.1729150329410913,1.6169512016722437e-05,0
0.28598514199256897,5.694194624084048e-05,2.17494003297179,1.6284550581019993e-05,0
0.2869415283203125,5.713456994271837e-05,2.176965033002489,1.63942808192874e-05,0
0.2879897356033325,5.732908539357595e-05,2.1789450330325053,1.651018814487681e-05,0
0.2890041172504425,5.753383447881788e-05,2.180970033063204,1.6627515045583834e-05,0
0.28994622826576233,5.7732060668058693e-05,2.1829950330939027,1.6739193240713785e-05,0
0.29099535942077637,5.7923985878005624e-05,2.1850200331246015,1.685561108965422e-05,0
0.2919740676879883,5.813053576275706e-05,2.187000033154618,1.6972608983534254e-05,0
0.29300087690353394,5.832009992445819e-05,2.1890250331853167,1.7087840418967973e-05,0
0.2939072847366333,5.8523230109130964e-05,2.1910500332160154,1.7200403655391865e-05,0
0.2949381470680237,5.872293695574626e-05,2.193030033246032,1.7319634216120174e-05,0
0.2960127294063568,5.8914083638228476e-05,2.1950550332767307,1.74393186982264e-05,0
0.2969905138015747,5.9115118347108364e-05,2.1970800333074294,1.755662937134861e-05,0
0.2979319989681244,5.9316073020454496e-05,2.199060033337446,1.767215620592324e-05,0
0.29896748065948486,5.9514029999263585e-05,2.2010850333681447,1.7792759612772838e-05,0
0.3000023663043976,5.971261271042749e-05,2.2031100333988434,1.7913925111346296e-05,0
0.3010971248149872,5.990592035232112e-05,2.20509003342886,1.8037500377479513e-05,0
0.30207210779190063,6.0104866861365736e-05,2.2071150334595586,1.8156003821364307e-05,0
0.3030356168746948,6.029783980920911e-05,2.2091400334902573,1.8272393082795213e-05,0
0.30402395129203796,6.0495036450447515e-05,2.211120033520274,1.8391940015220916e-05,0
0.3050982356071472,6.070130621083081e-05,2.2131450335509726,1.8519861423973646e-05,0
0.3060760200023651,6.0899539676029235e-05,2.2151700335816713,1.8639888724015152e-05,0
0.3071220815181732,6.109110108809546e-05,2.217150033611688,1.8762426128413013e-05,0
0.3080173134803772,6.129074608907104e-05,2.2191750336423866,1.8878610951563596e-05,0
0.3090093731880188,6.149037653813139e-05,2.2212000336730853,1.9001102711143237e-05,0
0.3100799322128296,6.168650725157931e-05,2.223225033703784,1.9127747987015935e-05,0
0.31112873554229736,6.189656414790079e-05,2.2252050337338005,1.925779973774907e-05,0
0.31207117438316345,6.208891863934696e-05,2.2272300337644992,1.9376161755961692e-05,0
0.3130917549133301,6.228644633665681e-05,2.229255033795198,1.950137279085884e-05,0
0.31406304240226746,6.249042780837044e-05,2.2312350338252145,1.962593387851608e-05,0
0.31511157751083374,6.268290599109605e-05,2.233260033855913,1.9752109389817567e-05,0
0.31608933210372925,6.287553696893156e-05,2.235285033886612,1.9874286486172912e-05,0
0.3171164393424988,6.30813738098368e-05,2.2372650339166285,2.0004140651408604e-05,0
0.3180806040763855,6.327724258881062e-05,2.239290033947327,2.012726354693687e-05,0
0.31912973523139954,6.347337330225855e-05,2.241315033978026,2.0256240816193555e-05,0
0.32012519240379333,6.367597234202549e-05,2.2432950340080424,2.0384282897489532e-05,0
0.32114240527153015,6.387088797055185e-05,2.245320034038741,2.051165058969146e-05,0
0.32213443517684937,6.40701618976891e-05,2.24734503406944,2.0639205414601375e-05,0
0.3231637477874756,6.426947948057204e-05,2.2493250340994564,2.0769565857291922e-05,0
0.3241257071495056,6.446697807405144e-05,2.251350034130155,2.0895404856043596e-05,0
0.32511061429977417,6.465679325629026e-05,2.253375034160854,2.102060977420602e-05,0
0.32609057426452637,6.485931953648105e-05,2.2553550341908704,2.115001275405752e-05,0
0.327201783657074,6.506586214527488e-05,2.257380034221569,2.128966614911923e-05,0
0.328222393989563,6.525673961732537e-05,2.259405034252268,2.141872330115209e-05,0
0.32916632294654846,6.545684300363064e-05,2.2613850342822843,2.1546188323194604e-05,0
0.3301137089729309,6.566300726262853e-05,2.263410034312983,2.16762588697828e-05,0
0.33117711544036865,6.585493247257546e-05,2.2654350343436818,2.1809646573787804e-05,0
0.3322334289550781,6.604791269637644e-05,2.2674600343743805,2.1943324510442785e-05,0
0.33316558599472046,6.62571910652332e-05,2.269440034404397,2.2074615887612576e-05,0
0.3341176211833954,6.645137909799814e-05,2.2714650344350957,2.220257670857914e-05,0
0.3352809548377991,6.66506530251354e-05,2.2734900344657945,2.2346694586830237e-05,0
0.3361073136329651,6.684484833385795e-05,2.275470034495811,2.246704240369598e-05,0
0.3371865451335907,6.704116094624624e-05,2.2774950345265097,2.2605377441209775e-05,0
0.33817148208618164,6.72425449010916e-05,2.2795200345572084,2.2739511068448764e-05,0
0.33920541405677795,6.74441980663687e-05,2.281500034587225,2.2877437130829938e-05,0
0.34029120206832886,6.76418057992123e-05,2.2835250346179237,2.3017911405486414e-05,0
0.3411690592765808,6.783477874705568e-05,2.2855500346486224,2.3143127651367983e-05,0
0.3421173393726349,6.80365992593579e-05,2.287530034678639,2.3276500318573706e-05,0
0.3432173728942871,6.823544390499592e-05,2.2895550347093376,2.3419589795348195e-05,0
0.34414517879486084,6.843192386440933e-05,2.2915800347400364,2.3550516673593452e-05,0
0.3452228903770447,6.862352893222123e-05,2.293560034770053,2.3690413005854165e-05,0
0.3461650013923645,6.882978050271049e-05,2.2955850348007516,2.382646106355692e-05,0
0.3471998870372772,6.903116445755586e-05,2.2976100348314503,2.39676125017151e-05,0
0.34825399518013,6.922324246261269e-05,2.299590034861467,2.410727074692769e-05,0
0.34919828176498413,6.942797335796058e-05,2.3016150348921656,2.424412900302493e-05,0
0.35025453567504883,6.962375482544303e-05,2.3036400349228643,2.438603591833899e-05,0
0.3512965440750122,6.98167277732864e-05,2.305665034953563,2.4526375185381435e-05,0
0.3522830307483673,7.002249185461551e-05,2.3076450349835795,2.4667735651096815e-05,0
0.3532806634902954,7.021738565526903e-05,2.3096700350142783,2.4806444592847393e-05,0
0.3543012738227844,7.041772187221795e-05,2.311695035044977,2.494908855902537e-05,0
0.3553215563297272,7.061781798256561e-05,2.3136750350749935,2.5092032990174607e-05,0
0.35634249448776245,7.08201332599856e-05,2.3157000351056922,2.523622294581902e-05,0
0.3572988510131836,7.100540824467316e-05,2.317725035136391,2.5370150781543754e-05,0
0.3583228588104248,7.120693771867082e-05,2.3197050351664075,2.5515073490489995e-05,0
0.35929009318351746,7.140466914279386e-05,2.321730035197106,2.565499023005264e-05,0
0.3603677749633789,7.16063950676471e-05,2.323755035227805,2.5804637263676655e-05,0
0.36130180954933167,7.180373359005898e-05,2.3257350352578214,2.594281887848644e-05,0
0.36231622099876404,7.20098614692688e-05,2.32776003528852,2.6090340882189977e-05,0
0.36341533064842224,7.220494444482028e-05,2.329785035319219,2.6240383759865323e-05,0
0.36423608660697937,7.240307604661211e-05,2.3317650353492354,2.6371813077525523e-05,0
0.3652209937572479,7.259579433593899e-05,2.333790035379934,2.6513508149968428e-05,0
0.36636292934417725,7.279507553903386e-05,2.335815035410633,2.6669417116311107e-05,0
0.3673937916755676,7.298817945411429e-05,2.3377950354406494,2.681540399714381e-05,0
0.36836132407188416,7.318873394979164e-05,2.339820035471348,2.695989894489011e-05,0
0.3693961799144745,7.339116564253345e-05,2.341845035502047,2.7110416227822285e-05,0
0.37038761377334595,7.358862058026716e-05,2.3438250355320633,2.725631357759729e-05,0
0.3713374733924866,7.379183080047369e-05,2.345850035562762,2.740167200645377e-05,0
0.37235093116760254,7.3992159741465e-05,2.347875035593461,2.7551049578836487e-05,0
0.3733929395675659,7.418479071930051e-05,2.3499000356241595,2.77000770778843e-05,0
0.374379426240921,7.438933971570805e-05,2.351880035654176,2.7849838321207738e-05,0
0.3753913342952728,7.458229811163619e-05,2.3539050356848747,2.7997548402934917e-05,0
0.37638339400291443,7.477947656298056e-05,2.3559300357155735,2.8145753190536018e-05,0
0.37744030356407166,7.498685590690002e-05,2.35791003574559,2.8303061656815643e-05,0
0.37843888998031616,7.517453923355788e-05,2.3599350357762887,2.844896918232937e-05,0
0.3794737458229065,7.537171040894464e-05,2.3619600358069874,2.8601585277961573e-05,0
0.3804118037223816,7.557670323876664e-05,2.363940035837004,2.8750269998450376e-05,0
0.3814007639884949,7.577762880828232e-05,2.3659650358677027,2.8901645520715454e-05,0
0.38248559832572937,7.596955401822925e-05,2.3679900358984014,2.905726032320123e-05,0
0.3834652304649353,7.616874790983275e-05,2.369970035928418,2.9208066471469573e-05,0
0.3843555152416229,7.636216469109058e-05,2.3719950359591166,2.9350219154809787e-05,0
0.38545462489128113,7.656284287804738e-05,2.3740200359898154,2.9511501882167846e-05,0
0.38644418120384216,7.676151290070266e-05,2.376000036019832,2.9664040000880205e-05,0
0.38753148913383484,7.696630927966908e-05,2.3780250360505306,2.9826868448285448e-05,0
0.38850218057632446,7.715998799540102e-05,2.3800500360812293,2.9976823589456317e-05,0
0.3894082307815552,7.734989776508883e-05,2.382030036111246,3.012068683983741e-05,0
0.3904362916946411,7.755994738545269e-05,2.3840550361419446,3.0282218241207623e-05,0
0.39152824878692627,7.77539680711925e-05,2.3860800361726433,3.044287495514858e-05,0
0.3924703598022461,7.795009878464043e-05,2.388105036203342,3.0593103316628456e-05,0
0.39351919293403625,7.815864955773577e-05,2.3900850362333586,3.075692869477435e-05,0
0.3945187032222748,7.835146243451163e-05,2.3921100362640573,3.0911117355232305e-05,0
0.39557501673698425,7.854969589971006e-05,2.394135036294756,3.107229727021283e-05,0
0.39653539657592773,7.875873416196555e-05,2.3961150363247725,3.1230625884733076e-05,0
0.3974592089653015,7.895175804151222e-05,2.3981400363554712,3.138010329759933e-05,0
0.39823710918426514,7.911443390185013e-05,2.399490036375937,3.150630345182242e-05,0
0.39875471591949463,7.904269295977429e-05,2.4014700364059536,3.151864657668663e-05,0
0.3984791934490204,7.863776409067214e-05,2.40345003643597,3.133551280948537e-05,0
0.39771613478660583,7.829192327335477e-05,2.405475036466669,3.113796110928817e-05,0
0.39700955152511597,7.802294567227364e-05,2.4075000364973675,3.0975854670017844e-05,0
0.396088570356369,7.778808503644541e-05,2.409480036527384,3.0810971392845323e-05,0
0.39521098136901855,7.755328988423571e-05,2.411505036558083,3.0649911803544774e-05,0
0.39434027671813965,7.734035170869902e-05,2.4135300365887815,3.0498415694286615e-05,0
0.39328402280807495,7.713442028034478e-05,2.4155550366194802,3.0335735104822757e-05,0
0.3923723101615906,7.693217776250094e-05,2.4175350366494968,3.018605631443464e-05,0
0.39131414890289307,7.673200161661953e-05,2.4195600366801955,3.0026317906222885e-05,0
0.39027929306030273,7.652887143194675e-05,2.421585036710894,2.9867633841162977e-05,0
0.3893040120601654,7.632259803358465e-05,2.4235650367409107,2.9712693625329797e-05,0
0.388359397649765,7.613381603732705e-05,2.4255900367716094,2.9567282937034353e-05,0
0.38736021518707275,7.593067857669666e-05,2.427615036802308,2.9412523992769675e-05,0
0.38638460636138916,7.5740426837001e-05,2.4295950368323247,2.9264935009058225e-05,0
0.3853546977043152,7.553421892225742e-05,2.4316200368630234,2.9107466099118073e-05,0
0.3844482898712158,7.533634197898209e-05,2.433645036893722,2.8962927838972752e-05,0
0.3833684027194977,7.514254684792832e-05,2.4356250369237387,2.8807278161365303e-05,0
0.38245701789855957,7.493777957279235e-05,2.4376500369544374,2.8660479703349756e-05,0
0.3814007639884949,7.474690210074186e-05,2.439675036985136,2.850852556699618e-05,0
0.3804490566253662,7.454940350726247e-05,2.4416550370151526,2.8362250236321773e-05,0
0.37943094968795776,7.435359293594956e-05,2.4436800370458513,2.821205438039917e-05,0
0.37844598293304443,7.415116124320775e-05,2.44570503707655,2.8062209102312427e-05,0
0.3773956000804901,7.395882857963443e-05,2.4476850371065666,2.7911736493061237e-05,0
0.37649044394493103,7.375575660262257e-05,2.4497100371372653,2.776833754681565e-05,0
0.3753628134727478,7.355822890531272e-05,2.451735037167964,2.7611023755970583e-05,0
0.374439001083374,7.336094131460413e-05,2.4537150371979806,2.7469197584376395e-05,0
0.3733358383178711,7.315791299333796e-05,2.4557400372286793,2.73124707769537e-05,0
0.37237951159477234,7.296038529602811e-05,2.457765037259378,2.7168952642301356e-05,0
0.37137317657470703,7.276496035046875e-05,2.4597900372900767,2.702295446868619e-05,0
0.370380163192749,7.256680692080408e-05,2.4617700373200933,2.6877305789704126e-05,0
0.3693961799144745,7.23726989235729e-05,2.463795037350792,2.6734198512468228e-05,0
0.3682970702648163,7.217656821012497e-05,2.4658200373814907,2.65824186135577e-05,0
0.36736398935317993,7.197001104941592e-05,2.467800037411507,2.643919037290587e-05,0
0.3663557767868042,7.177310908446088e-05,2.469825037442206,2.62944931310417e-05,0
0.3653280436992645,7.157593063311651e-05,2.4718500374729047,2.6148694714150716e-05,0
0.364355206489563,7.137614011298865e-05,2.473830037502921,2.600626826929596e-05,0
0.3633296489715576,7.118121720850468e-05,2.47585503753362,2.58622466617342e-05,0
0.36231622099876404,7.097878551576287e-05,2.4778800375643186,2.571676533915301e-05,0
0.36129438877105713,7.078300404828042e-05,2.479860037594335,2.5573502183002736e-05,0
0.36036062240600586,7.058512710500509e-05,2.481885037625034,2.5436100336166667e-05,0
0.35934004187583923,7.039005140541121e-05,2.4839100376557326,2.5293964019662942e-05,0
0.3583749830722809,7.019535405561328e-05,2.485890037685749,2.5156258821433172e-05,0
0.3573630750179291,6.999149627517909e-05,2.487915037716448,2.5012376334003928e-05,0
0.3562282919883728,6.979081081226468e-05,2.4899400377471466,2.486146133213671e-05,0
0.35527685284614563,6.959417805774137e-05,2.491920037777163,2.472520055676864e-05,0
0.3543012738227844,6.939645390957594e-05,2.493945037807862,2.4587252018946903e-05,0
0.3532235622406006,6.919717270648107e-05,2.4959700378385605,2.4442071840361304e-05,0
0.35225293040275574,6.900524749653414e-05,2.4979950378692592,2.4307300643821575e-05,0
0.3512403666973114,6.879711872898042e-05,2.4999750378992758,2.4164325210085554e-05,0
0.3503830134868622,6.860703433630988e-05,2.5020000379299745,2.403873943715288e-05,0
0.3492624759674072,6.840215064585209e-05,2.504025037960673,2.3890304496065884e-05,0
0.34826889634132385,6.820580892963335e-05,2.5060050379906897,2.3753961799990618e-05,0
0.34725698828697205,6.800988921895623e-05,2.5080300380213885,2.361690930390535e-05,0
0.34626492857933044,6.781166302971542e-05,2.510055038052087,2.3480800655830032e-05,0
0.34521543979644775,6.761559779988602e-05,2.5120350380821037,2.3341948331587377e-05,0
0.3442094326019287,6.741205288562924e-05,2.5140600381128024,2.320386447429365e-05,0
0.3432031273841858,6.722082616761327e-05,2.516085038143501,2.3070397766073586e-05,0
0.34225139021873474,6.701916572637856e-05,2.5180650381735177,2.2937402641152842e-05,0
0.34122616052627563,6.681596278212965e-05,2.5200900382042164,2.279935444201263e-05,0
0.3401912450790405,6.661668157903478e-05,2.522115038234915,2.2662411849405824e-05,0
0.33914583921432495,6.641689833486453e-05,2.5240950382649316,2.252501472379013e-05,0
0.3382357060909271,6.621742068091407e-05,2.5261200382956304,2.2397096039528932e-05,0
0.33719369769096375,6.602374196518213e-05,2.528145038326329,2.2262789688633818e-05,0
0.3361445367336273,6.583252979908139e-05,2.5301250383563456,2.2129245231314928e-05,0
0.33523809909820557,6.563043280038983e-05,2.5321500383870443,2.2001821534995206e-05,0
0.3341318964958191,6.542800110764802e-05,2.534175038417743,2.1861582094028983e-05,0
0.33319538831710815,6.523282354464754e-05,2.5361550384477596,2.1735275971980234e-05,0
0.3321763277053833,6.503189797513187e-05,2.5381800384784583,2.1602057053090457e-05,0
0.33116286993026733,6.483156175818294e-05,2.540205038509157,2.1469806053901232e-05,0
0.3301779329776764,6.463333556894213e-05,2.5422300385398557,2.1340501139605842e-05,0
0.3291589021682739,6.443393067456782e-05,2.5442100385698723,2.1209001883227413e-05,0
0.32812246680259705,6.424247840186581e-05,2.546235038600571,2.1079400486732772e-05,0
0.3271874785423279,6.404074520105496e-05,2.5482600386312697,2.0953329946304857e-05,0
0.32614269852638245,6.384299194905907e-05,2.5502400386612862,2.0821925676264234e-05,0
0.32513201236724854,6.36446347925812e-05,2.552265038691985,2.0692908186490527e-05,0
0.3241613805294037,6.344571011140943e-05,2.5542900387226837,2.0566648978382826e-05,0
0.3231115937232971,6.32491210126318e-05,2.5562700387527,2.0436524291989142e-05,0
0.32210588455200195,6.304924318101257e-05,2.558295038783399,2.030853224515433e-05,0
0.3211209774017334,6.28583729849197e-05,2.5603200388140976,2.0185142170800127e-05,0
0.32013264298439026,6.266000855248421e-05,2.562300038844114,2.005951414733127e-05,0
0.31918683648109436,6.245561235118657e-05,2.564325038874813,1.9935009326864806e-05,0
0.31807345151901245,6.225878314580768e-05,2.5663500389055116,1.980286604256077e-05,0
0.3171536922454834,6.206102261785418e-05,2.568330038935528,1.968288246778291e-05,0
0.3160964846611023,6.18591730017215e-05,2.570355038966227,1.9553467129887134e-05,0
0.3151329755783081,6.16644392721355e-05,2.5723800389969256,1.943249823519594e-05,0
0.31415241956710815,6.14693490206264e-05,2.574360039026942,1.9310744724044832e-05,0
0.31312745809555054,6.126237713033333e-05,2.576385039057641,1.9182932427712265e-05,0
0.31208544969558716,6.106904766056687e-05,2.5784100390883395,1.9058761201629255e-05,0
0.31107911467552185,6.0870119341416284e-05,2.5804350391190383,1.8935422834921137e-05,0
0.3101084530353546,6.067045978852548e-05,2.582415039149055,1.8814422429963324e-05,0
0.3091306984424591,6.0476108046714216e-05,2.5844400391797535,1.8695021519562387e-05,0
0.30802443623542786,6.027717608958483e-05,2.5864650392104522,1.8566843182857978e-05,0
0.3071220815181732,6.006562398397364e-05,2.5884450392404688,1.8447479465645892e-05,0
0.3059975206851959,5.9871963458135724e-05,2.5904700392711675,1.832067237674418e-05,0
0.3050554394721985,5.9680038248188794e-05,2.592495039301866,1.8205720295518847e-05,0
0.30401650071144104,5.948345278738998e-05,2.5944750393318827,1.8083951166656515e-05,0
0.302978515625,5.928568134550005e-05,2.5965000393625814,1.796228773187636e-05,0
0.3020007610321045,5.908780076424591e-05,2.59852503939328,1.784456079851563e-05,0
0.30108222365379333,5.8890316722681746e-05,2.6005050394232967,1.773082751054119e-05,0
0.30003803968429565,5.868923835805617e-05,2.6025300394539954,1.7609004027515545e-05,0
0.29911738634109497,5.848540604347363e-05,2.604555039484694,1.7494001794821513e-05,0
0.29800644516944885,5.829133442603052e-05,2.6065350395147107,1.737119335648487e-05,0
0.2970048189163208,5.80927990085911e-05,2.6085600395454094,1.725384124988882e-05,0
0.2960412800312042,5.78882682020776e-05,2.610585039576108,1.713731701733271e-05,0
0.29510945081710815,5.769746348960325e-05,2.6125650396061246,1.7027066763956964e-05,0
0.2940143346786499,5.749776028096676e-05,2.6145900396368233,1.6905165734520944e-05,0
0.29304373264312744,5.730373231926933e-05,2.616615039667522,1.6792499613221303e-05,0
0.29199641942977905,5.710287223337218e-05,2.6185950396975386,1.6673834231300828e-05,0
0.29098111391067505,5.689921817975119e-05,2.6206200397282373,1.6556597886590533e-05,0
0.29005327820777893,5.670063546858728e-05,2.622645039758936,1.6446205194128004e-05,0
0.28896844387054443,5.650696039083414e-05,2.6246700397896348,1.6328728411993832e-05,0
0.2879227101802826,5.631055682897568e-05,2.6266500398196513,1.6213088133959497e-05,0
0.2869415283203125,5.6110155128408223e-05,2.62867503985035,1.6100333666835276e-05,0
0.28598514199256897,5.5910870287334546e-05,2.6307000398810487,1.5989678178051476e-05,0
0.2848990559577942,5.570938446908258e-05,2.6326800399110653,1.5871551043231428e-05,0
0.2839653491973877,5.5514763516839594e-05,2.634705039941764,1.5764269207669754e-05,0
0.28287339210510254,5.532213253900409e-05,2.6367300399724627,1.5649159289796155e-05,0
0.28198713064193726,5.511916970135644e-05,2.638710040002479,1.554289650745151e-05,0
0.2808964252471924,5.491831689141691e-05,2.640735040033178,1.5426358895391512e-05,0
0.27994003891944885,5.4722542699892074e-05,2.6427600400638767,1.531903073317899e-05,0
0.27890390157699585,5.452091500046663e-05,2.644740040093893,1.5206095911177902e-05,0
0.27795594930648804,5.4326781537383795e-05,2.646765040124592,1.51004521349897e-05,0
0.27688536047935486,5.4133804951561615e-05,2.6487900401552906,1.4988858098132223e-05,0
0.2759324014186859,5.392960520111956e-05,2.650770040185307,1.4880925470706573e-05,0
0.27490127086639404,5.3724736062576994e-05,2.652795040216006,1.4768998220564006e-05,0
0.2738235592842102,5.35261606273707e-05,2.6548200402467046,1.4656723817804999e-05,0
0.27286407351493835,5.3336105338530615e-05,2.656800040276721,1.4553506968093314e-05,0
0.27183231711387634,5.31388031959068e-05,2.65882504030742,1.4444844001401604e-05,0
0.270925909280777,5.294197399052791e-05,2.6608500403381186,1.434335244250302e-05,0
0.2699267268180847,5.273674469208345e-05,2.6628750403688173,1.4235056877775088e-05,0
0.2689169645309448,5.253648487268947e-05,2.664855040398834,1.4127952039089554e-05,0
0.2678498327732086,5.234483614913188e-05,2.6668800404295325,1.402055560908598e-05,0
0.2668434977531433,5.214905468164943e-05,2.6689050404602312,1.3915636155771268e-05,0
0.2658858895301819,5.194079130887985e-05,2.6708850404902478,1.381032350006306e-05,0
0.26478803157806396,5.175014666747302e-05,2.6729100405209465,1.3702819469956287e-05,0
0.2637745440006256,5.15477113367524e-05,2.674935040551645,1.3596974052127743e-05,0
0.26275795698165894,5.134801904205233e-05,2.6769150405816617,1.349210057854499e-05,0
0.26179757714271545,5.115790918353014e-05,2.6789400406123605,1.3393016675935262e-05,0
0.260855495929718,5.0960730732185766e-05,2.680965040643059,1.329338668808514e-05,0
0.25986093282699585,5.0761464081006125e-05,2.6829450406730757,1.3190921407754295e-05,0
0.2587500512599945,5.0560418458189815e-05,2.6849700407037744,1.3082510867783387e-05,0
0.257793664932251,5.0358336011413485e-05,2.686995040734473,1.2982060000272036e-05,0
0.256822407245636,5.016028444515541e-05,2.6889750407644897,1.2882284999330643e-05,0
0.25575247406959534,4.9961523473029956e-05,2.6910000407951884,1.2777783236513573e-05,0
0.25484606623649597,4.9769249017117545e-05,2.693025040825887,1.2683497331557e-05,0
0.25379133224487305,4.957300188834779e-05,2.6950050408559036,1.2581198192621393e-05,0
0.252704918384552,4.9365782615495846e-05,2.6970300408866024,1.2474976066838414e-05,0
0.25182709097862244,4.916790567222051e-05,2.699055040917301,1.2381810654946601e-05,0
0.2507304251194,4.897438338957727e-05,2.7010350409473176,1.2279367967229192e-05,0
0.249757319688797,4.877214814769104e-05,2.7030600409780163,1.218120099683224e-05,0
0.24880093336105347,4.857041494688019e-05,2.705085041008715,1.2084364572517454e-05,0
0.2477589249610901,4.837638698518276e-05,2.7071100410394138,1.1985681632950551e-05,0
0.2467833161354065,4.81740316899959e-05,2.7090900410694303,1.1888547292069349e-05,0
0.24566063284873962,4.798413283424452e-05,2.711115041100129,1.1787812438758495e-05,0
0.244718536734581,4.778274887939915e-05,2.7131400411308277,1.16933243869225e-05,0
0.24371500313282013,4.7579796955687925e-05,2.7151200411608443,1.1595910364114428e-05,0
0.2426416575908661,4.738173447549343e-05,2.717145041191543,1.1496782592664012e-05,0
0.2417851984500885,4.718490527011454e-05,2.7191700412222417,1.1408611684583271e-05,0
0.24078817665576935,4.698154589277692e-05,2.7211500412522582,1.1312600771991104e-05,0
0.23976540565490723,4.678844925365411e-05,2.723175041282957,1.1218251515266418e-05,0
0.23875907063484192,4.659547266783193e-05,2.7252000413136557,1.112509174996273e-05,0
0.23773476481437683,4.639023609342985e-05,2.727180041343672,1.102857186735496e-05,0
0.23673927783966064,4.619656101567671e-05,2.729205041374371,1.0936540493527123e-05,0
0.2356615662574768,4.5999382564332336e-05,2.7312300414050696,1.0840286541987428e-05,0
0.234673872590065,4.5803681132383645e-05,2.733210041435086,1.0748927230216964e-05,0
0.23375597596168518,4.5601522288052365e-05,2.735235041465785,1.065962834778222e-05,0
0.2326854169368744,4.540679219644517e-05,2.7372600414964836,1.0565498373995858e-05,0
0.23176193237304688,4.520762013271451e-05,2.7392400415265,1.0477405399944573e-05,0
0.23065850138664246,4.500368231674656e-05,2.741265041557199,1.0380481920061304e-05,0
0.22963789105415344,4.48082537332084e-05,2.7432900415878976,1.0289672889113376e-05,0
0.22862443327903748,4.4613523641601205e-05,2.7453150416185963,1.0199741559142016e-05,0
0.22770312428474426,4.441165583557449e-05,2.747295041648613,1.0112672788419107e-05,0
0.22661176323890686,4.4214262743480504e-05,2.7493200416793115,1.0019472040608424e-05,0
0.22566252946853638,4.401533442432992e-05,2.7513450417100103,9.932611701597835e-06,0
0.2246645838022232,4.38079223386012e-05,2.753325041740027,9.842088639441956e-06,0
0.22367128729820251,4.361817263998091e-05,2.7553500417707255,9.756132823979767e-06,0
0.22272919118404388,4.341854219092056e-05,2.7573750418014242,9.670576784574021e-06,0
0.22162604331970215,4.321734013501555e-05,2.7593550418314408,9.578088096925258e-06,0
0.22065231204032898,4.301963053876534e-05,2.7613800418621395,9.492380941499316e-06,0
0.2196888029575348,4.283050657249987e-05,2.763405041892838,9.409382718977323e-06,0
0.2185875028371811,4.2625302739907056e-05,2.7653850419228547,9.317358483595137e-06,0
0.2176404595375061,4.24305435444694e-05,2.7674100419535534,9.234602995444484e-06,0
0.21656274795532227,4.222881034365855e-05,2.769435041984252,9.145187210906833e-06,0
0.21557876467704773,4.203106800559908e-05,2.7714150420142687,9.061005718704034e-06,0
0.21457865834236145,4.183025157544762e-05,2.7734400420449674,8.975879261183001e-06,0
0.2135651707649231,4.163377161603421e-05,2.775465042075666,8.891523544766154e-06,0
0.2124880999326706,4.144305057707243e-05,2.7774450421056827,8.806155072535687e-06,0
0.21156679093837738,4.1240469727199525e-05,2.7794700421363814,8.725113836974903e-06,0
0.2105676233768463,4.103733226656914e-05,2.78149504216708,8.641133525097433e-06,0
0.20960596203804016,4.084516331204213e-05,2.7834750421970966,8.561389750621454e-06,0
0.20866915583610535,4.0641574742039666e-05,2.7855000422277953,8.480643093271398e-06,0
0.20761285722255707,4.044684465043247e-05,2.787525042258494,8.397284983513182e-06,0
0.20654943585395813,4.0248265577247366e-05,2.789550042289193,8.313256549080726e-06,0
0.205502450466156,4.0045910282060504e-05,2.7915300423192093,8.229532694111266e-06,0
0.20452964305877686,3.9851107430877164e-05,2.793555042349908,8.150732778334276e-06,0
0.20353758335113525,3.9650425605941564e-05,2.7955800423806068,8.070351806677319e-06,0
0.20254583656787872,3.9457157981814817e-05,2.7975600424106233,7.991883072017635e-06,0
0.20156775414943695,3.9260619814740494e-05,2.799585042441322,7.913674962572125e-06,0
0.200504332780838,3.905958874383941e-05,2.8016100424720207,7.831616779777452e-06,0
0.19961155951023102,3.885634941980243e-05,2.8035900425020372,7.756176504561223e-06,0
0.198520228266716,3.865682447212748e-05,2.805615042532736,7.674161618273121e-06,0
0.1974853277206421,3.84638478863053e-05,2.8076400425634347,7.596045605223929e-06,0
0.19651347398757935,3.8265039620455354e-05,2.809620042593451,7.519595868088046e-06,0
0.19547981023788452,3.806878885370679e-05,2.81164504262415,7.441679621108697e-06,0
0.19452345371246338,3.787371315411292e-05,2.8136700426548487,7.3673254876532e-06,0
0.19351215660572052,3.767628732020967e-05,2.815650042684865,7.290819612230535e-06,0
0.1925821751356125,3.747129812836647e-05,2.817675042715564,7.21630409871582e-06,0
0.19147592782974243,3.727657167473808e-05,2.8197000427462626,7.1375661477323694e-06,0
0.19046618044376373,3.708059375640005e-05,2.821680042776279,7.0625990613683905e-06,0
0.18952035903930664,3.687450953293592e-05,2.823705042806978,6.9884702860803505e-06,0
0.18843552470207214,3.667557757580653e-05,2.8257300428376766,6.910981704248654e-06,0
0.18742918968200684,3.648225174401887e-05,2.8277550428683753,6.837838882156437e-06,0
0.18644459545612335,3.628134072641842e-05,2.829735042898392,6.764459894342855e-06,0
0.18543080985546112,3.608789120335132e-05,2.8317600429290906,6.691806891813206e-06,0
0.184424489736557,3.589071275200695e-05,2.8337850429597893,6.619126385570221e-06,0
0.18342839181423187,3.568382089724764e-05,2.835765042989806,6.545425880969216e-06,0
0.18243324756622314,3.5492503229761496e-05,2.8377900430205045,6.4750126284600536e-06,0
0.18149113655090332,3.5292523534735665e-05,2.8398150430512032,6.40528020806868e-06,0
0.180389866232872,3.509396992740221e-05,2.8417950430812198,6.330596540784518e-06,0
0.17942854762077332,3.4894663258455694e-05,2.8438200431119185,6.261098748180666e-06,0
0.1784079372882843,3.4703785786405206e-05,2.845845043142617,6.191430838247032e-06,0
0.1773960143327713,3.449571886449121e-05,2.8478250431726337,6.119403038104532e-06,0
0.17636673152446747,3.4301723644603044e-05,2.8498500432033325,6.049682884854183e-06,0
0.17539608478546143,3.4105243685189635e-05,2.851875043234031,5.981926213036344e-06,0
0.1744096279144287,3.389856283320114e-05,2.8538550432640477,5.912235730572493e-06,0
0.1733691543340683,3.370493504917249e-05,2.8558800432947464,5.8433960863597334e-06,0
0.17242705821990967,3.350740371388383e-05,2.857905043325445,5.777583050971865e-06,0
0.17143811285495758,3.3312007872154936e-05,2.8598850433554617,5.710947765011733e-06,0
0.17036443948745728,3.311514592496678e-05,2.8619100433861604,5.641643274052321e-06,0
0.16940093040466309,3.291691609774716e-05,2.863935043416859,5.576156213010601e-06,0
0.16833999752998352,3.27188718074467e-05,2.8659150434468756,5.5078947992494255e-06,0
0.16739541292190552,3.251975795137696e-05,2.8679400434775744,5.443658310391166e-06,0
0.16633912920951843,3.231697337469086e-05,2.869965043508273,5.37557720983327e-06,0
0.16533994674682617,3.212434967281297e-05,2.871990043538972,5.311438264179319e-06,0
0.16432584822177887,3.191742143826559e-05,2.8739700435689883,5.244857350894983e-06,0
0.16336296498775482,3.172858851030469e-05,2.875995043599687,5.183276293919785e-06,0
0.16229240596294403,3.153210855089128e-05,2.8780200436303858,5.1174217618088665e-06,0
0.16135433316230774,3.1327941542258486e-05,2.8800000436604023,5.054899116898877e-06,0
0.1603582501411438,3.113214916083962e-05,2.882025043691101,4.992296962565319e-06,0
0.15929482877254486,3.093006671406329e-05,2.8840500437217997,4.9269996811401005e-06,0
0.15827856957912445,3.073115294682793e-05,2.8860300437518163,4.8640829299412204e-06,0
0.15732499957084656,3.0530805815942585e-05,2.888055043782515,4.803259011890767e-06,0
0.15621161460876465,3.0326620617415756e-05,2.8900800438132137,4.737370372273966e-06,0
0.15528471767902374,3.0135819542920217e-05,2.8920600438432302,4.679632229748372e-06,0
0.15428459644317627,2.994241913256701e-05,2.894085043873929,4.619654052400541e-06,0
0.15335679054260254,2.9742437618551776e-05,2.8961100439046277,4.561204776094667e-06,0
0.1522834151983261,2.95488989650039e-05,2.898090043934644,4.499807249741078e-06,0
0.15134412050247192,2.9337923479033634e-05,2.900115043965343,4.440122226303167e-06,0
0.15035206079483032,2.914459582825657e-05,2.9021400439960416,4.38195004381079e-06,0
0.14929702877998352,2.8951375497854315e-05,2.904120044026058,4.322354340923265e-06,0
0.1482609063386917,2.874323217838537e-05,2.906145044056757,4.261497653870863e-06,0
0.14729739725589752,2.854710692190565e-05,2.9081700440874556,4.204914548782519e-06,0
0.14620636403560638,2.8356778784655035e-05,2.910150044117472,4.145941521866434e-06,0
0.1452561914920807,2.8154147003078833e-05,2.912175044148171,4.089564168375409e-06,0
0.14424985647201538,2.7958718419540673e-05,2.9142000441788696,4.033041119160235e-06,0
0.14324353635311127,2.776189285214059e-05,2.9162250442095683,3.9767117079967805e-06,0
0.14216987788677216,2.755862078629434e-05,2.918205044239585,3.918005751915327e-06,0
0.14127370715141296,2.7364380002836697e-05,2.9202300442702835,3.8658674069007326e-06,0
0.14032447338104248,2.7167550797457807e-05,2.9222550443009823,3.8122722587059874e-06,0
0.13921326398849487,2.6956711735692807e-05,2.924235044330999,3.7527318271227605e-06,0
0.13825471699237823,2.676969234016724e-05,2.9262600443616975,3.701036238462857e-06,0
0.1372840702533722,2.6576713935355656e-05,2.9282850443923962,3.6485594630051416e-06,0
0.1361970752477646,2.6371983040007763e-05,2.9302650444224128,3.5917869585327087e-06,0
0.1351929008960724,2.617395148263313e-05,2.9322900444531115,3.5385324288502275e-06,0
0.13416516780853271,2.597607090137899e-05,2.93431504448381,3.4850839114898557e-06,0
0.1332404464483261,2.577446139184758e-05,2.9362950445138267,3.4342007428149164e-06,0
0.1321810632944107,2.5573308448656462e-05,2.9383200445445254,3.380307102699348e-06,0
0.13115333020687103,2.53778780461289e-05,2.940345044575224,3.3283932193336465e-06,0
0.13017956912517548,2.5177303541568108e-05,2.9423250446052407,3.277570526775091e-06,0
0.1291121244430542,2.4978970031952485e-05,2.9443500446359394,3.225087887224771e-06,0
0.1281343400478363,2.4788794689811766e-05,2.946375044666638,3.1762958481603397e-06,0
0.12712614238262177,2.4587090592831373e-05,2.9483550446966547,3.1256619794787013e-06,0
0.12621447443962097,2.438638148305472e-05,2.9503800447273534,3.077914322367856e-06,0
0.12512962520122528,2.418464828224387e-05,2.952405044758052,3.0262159751806323e-06,0
0.12410902231931686,2.3988519387785345e-05,2.954430044788751,2.9771916881060167e-06,0
0.12306731939315796,2.378125827817712e-05,2.9564100448187673,2.9266957080916053e-06,0
0.12212491035461426,2.3592412617290393e-05,2.958435044849466,2.8812212759356595e-06,0
0.1211114451289177,2.3398384655592963e-05,2.960460044880165,2.833812179321157e-06,0
0.1200883612036705,2.3193240849650465e-05,2.9624400449101813,2.7852382846365508e-06,0
0.11911307275295258,2.3000873625278473e-05,2.96446504494088,2.739704733509263e-06,0
0.11804964393377304,2.2805796106695198e-05,2.9664900449715788,2.6922161100215956e-06,0
0.11708706617355347,2.2598644136451185e-05,2.9684700450015953,2.646008941437246e-06,0
0.11617259681224823,2.2398829969461076e-05,2.970495045032294,2.602130243108304e-06,0
0.11509489268064499,2.220024907728657e-05,2.9725200450629927,2.555135285033886e-06,0
0.11415279656648636,2.2003678168402985e-05,2.9745000450930092,2.511781397672143e-06,0
0.11314646899700165,2.1803438357892446e-05,2.976525045123708,2.466982062189314e-06,0
0.11213299632072449,2.160696021746844e-05,2.9785500451544067,2.422853190567429e-06,0
0.11103978753089905,2.1422236386570148e-05,2.980530045184423,2.378720576801444e-06,0
0.10998474061489105,2.120875069522299e-05,2.982555045215122,2.3326389439799907e-06,0
0.10902836918830872,2.1012621800764464e-05,2.9845800452458207,2.2909718873080523e-06,0
0.10814274847507477,2.0816311007365584e-05,2.986560045275837,2.2511330854484667e-06,0
0.107029989361763,2.0610208594007418e-05,2.988585045306536,2.2059104065603303e-06,0
0.10607361793518066,2.0419684005901217e-05,2.9906100453372346,2.165989759599085e-06,0
0.10503719002008438,2.02246355911484e-05,2.992590045367251,2.124338891674416e-06,0
0.10401099920272827,2.0021472664666362e-05,2.99461504539795,2.082453377362059e-06,0
0.10301180928945541,1.98281468328787e-05,2.9966400454286486,2.04253328011182e-06,0
0.10205544531345367,1.9629565940704197e-05,2.9986650454593473,2.00330409338837e-06,0
0.10096347332000732,1.942538256116677e-05,3.000645045489364,1.961254093945297e-06,0
0.09997141361236572,1.9234157662140206e-05,3.0026700455200626,1.922865931127272e-06,0
0.09902217984199524,1.9033126591239125e-05,3.0046950455507613,1.8847016842731424e-06,0
0.09803664684295654,1.8831515262718312e-05,3.006675045580778,1.8461786113288612e-06,0
0.09704521298408508,1.8634214939083904e-05,3.0087000456114765,1.8083613575546175e-06,0
0.09601747244596481,1.8436334357829764e-05,3.0107250456421752,1.7702102262075138e-06,0
0.09495342522859573,1.8233627997688018e-05,3.0127050456721918,1.731345432724499e-06,0
0.09406191110610962,1.8036724213743582e-05,3.0147300457028905,1.6965687496385638e-06,0
0.09297707676887512,1.7840595319285057e-05,3.016755045733589,1.658766400603601e-06,0
0.09202660620212555,1.764122316672001e-05,3.0187350457636057,1.6234618972875566e-06,0
0.09102152287960052,1.744203473208472e-05,3.0207600457943045,1.5876005634332365e-06,0
0.08995096385478973,1.724625690258108e-05,3.022785045825003,1.5513174312744888e-06,0
0.08897317945957184,1.70517414517235e-05,3.0247650458550197,1.517147652282415e-06,0
0.08791689574718475,1.6845244317664765e-05,3.0267900458857184,1.4809815885119895e-06,0
0.08695338666439056,1.665121817495674e-05,3.028815045916417,1.447879812400141e-06,0
0.08590485155582428,1.6457142919534817e-05,3.0307950459464337,1.413748419535623e-06,0
0.08489790558815002,1.625510776648298e-05,3.0328200459771324,1.3800246044840762e-06,0
0.0838773101568222,1.6051273632911034e-05,3.034845046007831,1.3463376569197011e-06,0
0.08289952576160431,1.585864811204374e-05,3.03687004603853,1.3146744077085874e-06,0
0.08193539828062057,1.5652409274480306e-05,3.0388500460685464,1.2824863879558232e-06,0
0.08095110207796097,1.5462888768524863e-05,3.040875046099245,1.2517378871210123e-06,0
0.07993049919605255,1.5269912182702683e-05,3.042900046129944,1.2205317034433099e-06,0
0.07884473353624344,1.5059637007652782e-05,3.0448800461599603,1.187373067020934e-06,0
0.07793925702571869,1.4865748198644724e-05,3.046905046190659,1.1586253697337857e-06,0
0.0768686905503273,1.4669969459646381e-05,3.0489300462213578,1.12766134277631e-06,0
0.07576896250247955,1.4470520909526385e-05,3.0509100462513743,1.096416356185251e-06,0
0.07489171624183655,1.426685594196897e-05,3.052935046282073,1.0684693268690998e-06,0
0.0737997442483902,1.407387935614679e-05,3.0549600463127717,1.0386486970663316e-06,0
0.0729091614484787,1.387226893712068e-05,3.0569400463427883,1.0114154955932476e-06,0
0.07186560332775116,1.3675317859451752e-05,3.058965046373487,9.827849686682707e-07,0
0.070852130651474,1.3472184946294874e-05,3.0609900464041857,9.545330079757056e-07,0
0.06980360299348831,1.3287171896081418e-05,3.0629700464342022,9.274924719403026e-07,0
0.06876810640096664,1.3082730220048688e-05,3.064995046464901,8.9967458378745e-07,0
0.06785456091165543,1.2886952390545048e-05,3.0670200464955997,8.744384959498425e-07,0
0.06683209538459778,1.269184303964721e-05,3.069000046525616,8.482224646320458e-07,0
0.06587758660316467,1.248593889613403e-05,3.071025046556315,8.225435209518919e-07,0
0.06487839668989182,1.2290511222090572e-05,3.0730500465870136,7.973886625883592e-07,0
0.06389782577753067,1.209578385896748e-05,3.07503004661703,7.728942896629716e-07,0
0.0628657415509224,1.1886346328537911e-05,3.077055046647729,7.472439762746196e-07,0
0.061816588044166565,1.1695471584971529e-05,3.0790800466784276,7.229741489504408e-07,0
0.060788847506046295,1.1494789760035928e-05,3.0811050467091263,6.987550218368865e-07,0
0.05983899533748627,1.1295798685750924e-05,3.083085046739143,6.75929244889833e-07,0
0.05889038369059563,1.1097980859631207e-05,3.0851100467698416,6.535643510145681e-07,0
0.057791274040937424,1.0901151654252317e-05,3.0871350468005403,6.29991442612714e-07,0
0.05681535601615906,1.070522193913348e-05,3.089115046830557,6.082209957038653e-07,0
0.055828578770160675,1.0502240002097096e-05,3.0911400468612555,5.863251332202102e-07,0
0.0548936203122139,1.0307513548468705e-05,3.0931650468919543,5.658167350926417e-07,0
0.05376937612891197,1.011427775665652e-05,3.095145046921971,5.438384049699524e-07,0
0.0528167299926281,9.908601896313485e-06,3.0971700469526695,5.233399509620321e-07,0
0.05175330489873886,9.714574844110757e-06,3.0991950469833682,5.027613538688826e-07,0
0.05079786852002144,9.513467375654727e-06,3.1011750470133848,4.832638649180222e-07,0
0.049762062728405,9.323368431068957e-06,3.1032000470440835,4.6395004470688433e-07,0
0.04877714440226555,9.120936738327146e-06,3.105225047074782,4.448932483693121e-07,0
0.047751884907484055,8.92435127752833e-06,3.1072050471047987,4.2615459507849114e-07,0
0.04676448553800583,8.717122000234667e-06,3.1092300471354974,4.0765172571300654e-07,0
0.04577957093715668,8.523795258952305e-06,3.111255047166196,3.902156897110068e-07,0
0.04476548358798027,8.327195246238261e-06,3.1132350471962127,3.727709221293862e-07,0
0.04370981454849243,8.118580808513798e-06,3.1152600472269114,3.5486166153708785e-07,0
0.04273203760385513,7.928055310912896e-06,3.11728504725761,3.3878195767137327e-07,0
0.04169715940952301,7.73297779232962e-06,3.119310047288309,3.224432077170695e-07,0
0.040691763162612915,7.530133643740555e-06,3.1212900473183254,3.064144148139141e-07,0
0.039713054895401,7.331263986998238e-06,3.123315047349024,2.911468891683374e-07,0
0.038692452013492584,7.133735380193684e-06,3.125340047379723,2.760217138750984e-07,0
0.03770535811781883,6.935901183169335e-06,3.1273200474097393,2.6152063798120313e-07,0
0.03666552156209946,6.741828656231519e-06,3.129345047440438,2.4719266396303676e-07,0
0.02088543400168419,3.93878463000874e-06,3.141405047623266,8.226322643689562e-08,0
0.02092825621366501,4.0685645217308775e-06,3.1434300476539647,8.514796073261124e-08,0
0.02116471156477928,4.2151232264586724e-06,3.1454100476839812,8.921186729799962e-08,0
0.021470677107572556,4.30933778261533e-06,3.14743504771468,9.252440007799645e-08,0
0.02169906161725521,4.360409548098687e-06,3.1494600477453787,9.461679546066136e-08,0
0.02178284525871277,4.3728723539970815e-06,3.151440047775395,9.525360182322147e-08,0
0.021820392459630966,4.34875573773752e-06,3.153465047806094,9.489155690850467e-08,0
0.021798981353640556,4.2970796130248345e-06,3.1554900478367927,9.367195835943735e-08,0
0.021686028689146042,4.22326320403954e-06,3.157470047866809,9.15858070046163e-08,0
0.02145640179514885,4.124921360926237e-06,3.159495047897508,8.850597009342555e-08,0
0.021099548786878586,4.012748831883073e-06,3.1615200479282066,8.466718974780695e-08,0
0.02073555625975132,3.883669705828652e-06,3.1635450479589053,8.053005167950187e-08,0
0.020196551457047462,3.742175749721355e-06,3.165525047988922,7.557904509056251e-08,0
0.019679268822073936,3.5940533962275367e-06,3.1675500480196206,7.072834294524951e-08,0
0.01900838315486908,3.4334530027990695e-06,3.1695750480503193,6.526439022144049e-08,0
0.01832725666463375,3.266104613430798e-06,3.171555048080336,5.985873754389063e-08,0
0.017616651952266693,3.0968410555942683e-06,3.1735800481110346,5.455597102789441e-08,0
0.016852986067533493,2.9198108677519485e-06,3.1756050481417333,4.920753187405647e-08,0
0.016122829169034958,2.7402638806961477e-06,3.17758504817175,4.418080642654078e-08,0
0.015275689773261547,2.55744043897721e-06,3.1796100482024485,3.9066666759409686e-08,0
0.014369281008839607,2.3701895770500414e-06,3.1816350482331472,3.405792007685474e-08,0
0.013486454263329506,2.1833582195540657e-06,3.1836150482631638,2.944576076848045e-08,0
0.012599284760653973,1.9937779143219814e-06,3.1856400482938625,2.5120175692045402e-08,0
0.011692875996232033,1.8007322069024667e-06,3.187665048324561,2.1055738397731787e-08,0
0.010783053003251553,1.6099402273539454e-06,3.1896450483545777,1.7360070803624448e-08,0
0.009780138731002808,1.4143863609206164e-06,3.1916700483852765,1.3832894829041837e-08,0
0.00876667257398367,1.2202899597468786e-06,3.193695048415975,1.0697882522420596e-08,0
0.007848781533539295,1.028382371259795e-06,3.1956750484459917,8.071548564961231e-09,0
0.00678970105946064,8.313013495353516e-07,3.1977000484766904,5.644287653671237e-09,0
0.0009230216383002698,-6.911282213195591e-08,3.211740048689535,-6.379263031179309e-11,1
0.000666086794808507,-1.0572127706609535e-07,3.2137650487202336,-7.041954658401757e-11,1
0.0002235878346255049,-1.458295741940674e-07,3.2157900487509323,-3.260571871841094e-11,1
6.6826792135543656e-06,-1.8933259582354367e-07,3.217770048780949,-1.2652490025582854e-12,1
-0.0002974189701490104,-2.3506997592903645e-07,3.2197950488116476,6.991427015376669e-11,1
-0.0005829021683894098,-2.847506266334676e-07,3.2218200488423463,1.659817577148915e-10,1
-0.0008572142687626183,-3.373918104898621e-07,3.223800048872363,2.8921707411556304e-10,1
-0.001125320210121572,-3.91893621554118e-07,3.2258250489030615,4.410058125525839e-10,1
-0.0014821741497144103,-4.5019817207503365e-07,3.2278500489337603,6.672720928982948e-10,1
-0.001758348080329597,-5.108746563564637e-07,3.229830048963777,8.982954712934304e-10,1
-0.002053140429779887,-5.742033408751013e-07,3.2318550489944755,1.1789200940653525e-09,1
-0.0023885832633823156,-6.40795747131051e-07,3.2338800490251742,1.530593996843795e-09,1
-0.0027488507330417633,-7.094155876075092e-07,3.2358600490551908,1.950077558026155e-09,1
-0.00296668685041368,-7.805448944964155e-07,3.2378850490858895,2.315632274660049e-09,1
-0.0033806373830884695,-8.54883580814203e-07,3.239910049116588,2.8900513914890274e-09,1
-0.003702116198837757,-9.309837878390681e-07,3.2418900491466047,3.4466101618143477e-09,1
-0.004051522817462683,-1.0092016964335926e-06,3.2439150491773034,4.088803700522748e-09,1
-0.03224655240774155,-7.117301265679998e-06,3.25800004939083,2.295084282654353e-07,1
-0.03284250199794769,-7.020237717370037e-06,3.260025049421529,2.305621712587932e-07,1
-0.033312927931547165,-6.94724076311104e-06,3.2620050494515453,2.314329308646248e-07,1
-0.033741772174835205,-6.910931006132159e-06,3.264030049482244,2.3318705952491596e-07,1
-0.033984433859586716,-6.9087973315618e-06,3.266055049512943,2.347915659637512e-07,1
-0.03417682275176048,-6.940163984836545e-06,3.2680350495429593,2.3719275437791032e-07,1
-0.03453398868441582,-6.995179319346789e-06,3.270060049573658,2.4157144345978156e-07,1
-0.03489084541797638,-7.074174391163979e-06,3.2720850496043568,2.4682392514190955e-07,1
-0.035398196429014206,-7.171903234848287e-06,3.2740650496343733,2.5387243947704206e-07,1
-0.03567592054605484,-7.287310836545657e-06,3.276090049665072,2.599815223990073e-07,1
-0.03628257289528847,-7.414542778860778e-06,3.2781150496957707,2.690186888592509e-07,1
-0.03689511865377426,-7.5539164754445665e-06,3.2800950497257872,2.7870264466222755e-07,1
-0.037460193037986755,-7.703426490479615e-06,3.282120049756486,2.885718433873072e-07,1
-0.03805257007479668,-7.861639460315928e-06,3.2841450497871847,2.9915558646645857e-07,1
-0.03881654515862465,-8.024172529985663e-06,3.286125049817201,3.1147065537078387e-07,1
-0.039558492600917816,-8.1957359725493e-06,3.2881500498479,3.242109608291675e-07,1
-0.04035784676671028,-8.371046533284243e-06,3.2901750498785987,3.378374132672868e-07,1
-0.041140131652355194,-8.545362106815446e-06,3.292155049908615,3.515573220914348e-07,1
-0.04199223965406418,-8.724948202143423e-06,3.294180049939314,3.66380115873703e-07,1
-0.04286296293139458,-8.90834598976653e-06,3.2962050499700126,3.8183810393940034e-07,1
-0.04374082013964653,-9.093368134927005e-06,3.2982300500007113,3.9775138005343513e-07,1
-0.04467019438743591,-9.279219739255495e-06,3.300210050030728,4.1450454951627537e-07,1
-0.045567914843559265,-9.465162293054163e-06,3.3022350500614266,4.3130770935036027e-07,1
-0.04638154059648514,-9.654706445871852e-06,3.3042600500921253,4.4780015896635206e-07,1
-0.04743317514657974,-9.847588444245048e-06,3.306240050122142,4.671023874473101e-07,1
-0.04823718219995499,-1.0035861123469658e-05,3.3082650501528406,4.841016615462509e-07,1
-0.04933629184961319,-1.02280482678907e-05,3.3102900501835393,5.046139743965862e-07,1
-0.05025573447346687,-1.0419476893730462e-05,3.312270050213556,5.236384641237415e-07,1
-0.051184795796871185,-1.0612451660563238e-05,3.3142950502442545,5.431961711500959e-07,1
-0.052191123366355896,-1.0808266779349651e-05,3.3163200502749532,5.640955848575238e-07,1
-0.07972504198551178,-1.3403587217908353e-05,3.3303600504877977,1.0686015537042124e-06,1
-0.07669985294342041,-1.3239101463113911e-05,3.3323850505184964,1.015437135323859e-06,1
-0.07460155338048935,-1.329828955931589e-05,3.334410050549195,9.920730584285086e-07,1
-0.07328305393457413,-1.3469003533828072e-05,3.3363900505792117,9.870497124144921e-07,1
-0.07255320996046066,-1.368809535051696e-05,3.3384150506099104,9.931152559248624e-07,1
-0.07233196496963501,-1.3925549865234643e-05,3.340440050640609,1.0072623850350577e-06,1
-0.0725318044424057,-1.4164756976242643e-05,3.342465050671308,1.0273953829750333e-06,1
-0.07276173681020737,-1.4393974197446369e-05,3.3444450507013244,1.0473305622075085e-06,1
-0.0732811912894249,-1.4619705325458199e-05,3.346470050732023,1.0713494225499261e-06,1
-0.0739378035068512,-1.4839649338682648e-05,3.348495050762722,1.097211076914092e-06,1
-0.0746682658791542,-1.5061298654472921e-05,3.3504750507927383,1.1246010524175316e-06,1
-0.07551509886980057,-1.5269379218807444e-05,3.352500050823437,1.1530686813887223e-06,1
-0.07637868821620941,-1.5480567526537925e-05,3.3545250508541358,1.1823854405194163e-06,1
-0.07729719579219818,-1.5682207958889194e-05,3.3565050508841523,1.2121906990522266e-06,1
-0.07827714830636978,-1.5887533663772047e-05,3.358530050914851,1.243630828821527e-06,1
-0.079190693795681,-1.608751517778728e-05,3.3605550509455497,1.2739814883775232e-06,1
-0.08017933368682861,-1.629361759114545e-05,3.3625350509755663,1.3064114018060315e-06,1
-0.08112484216690063,-1.6492731447215192e-05,3.364560051006265,1.3379702355564111e-06,1
-0.08215972036123276,-1.6687108654878102e-05,3.3665850510369637,1.3710081807222918e-06,1
-0.0831657350063324,-1.6882733689271845e-05,3.3685650510669802,1.4040649561844628e-06,1
-0.08416523784399033,-1.70884704857599e-05,3.370590051097679,1.4382551828239908e-06,1
-0.08515015244483948,-1.7291253243456595e-05,3.3726150511283777,1.472352849642654e-06,1
-0.08610745519399643,-1.7481352188042365e-05,3.374595051158394,1.5052747502623294e-06,1
-0.08714139461517334,-1.7683511032373644e-05,3.376620051189093,1.540965813053843e-06,1
-0.08816200494766235,-1.787438668543473e-05,3.3786450512197916,1.5758417673977267e-06,1
-0.08916120231151581,-1.807786975405179e-05,3.3806700512504904,1.6118446025022441e-06,1
-0.09018862992525101,-1.8277316485182382e-05,3.382650051280507,1.6484061325088033e-06,1
-0.09118812531232834,-1.8475027900421992e-05,3.3846750513112056,1.684703159332443e-06,1
-0.0922015905380249,-1.867290848167613e-05,3.3867000513419043,1.721671861981515e-06,1
-0.0932346060872078,-1.8877030015573837e-05,3.388680051371921,1.7599924575984247e-06,1
-0.09421425312757492,-1.9071820133831352e-05,3.3907050514026196,1.7968372896923668e-06,1
-0.09509924054145813,-1.9265846276539378e-05,3.3927300514333183,1.8321673492873738e-06,1
-0.0961688756942749,-1.9466511730570346e-05,3.394710051463335,1.8720725468183638e-06,1
-0.0972260981798172,-1.966230593097862e-05,3.3967350514940335,1.911689286886929e-06,1
-0.09813250601291656,-1.9859835447277874e-05,3.3987600515247323,1.9488954214455295e-06,1
-0.09914782643318176,-2.006586146308109e-05,3.400740051554749,1.9894865495738347e-06,1
-0.1001737117767334,-2.0259096345398575e-05,3.4027650515854475,2.02942887816103e-06,1
-0.1011657640337944,-2.0454175682971254e-05,3.4047900516161462,2.0692623106492454e-06,1
-0.10218635946512222,-2.0653515093727037e-05,3.4067700516461628,2.1105075175859185e-06,1
-0.1031356006860733,-2.0853436581091955e-05,3.4087950516768615,2.1507317081598536e-06,1
-0.10417047142982483,-2.1047813788754866e-05,3.41082005170756,2.192560684941762e-06,1
-0.10518766939640045,-2.124482489307411e-05,3.4128000517375767,2.234693617237098e-06,1
-0.10621881484985352,-2.1443222067318857e-05,3.4148250517682754,2.2776736345528348e-06,1
-0.10728224366903305,-2.1645653760060668e-05,3.416850051798974,2.32219430106235e-06,1
-0.10821875184774399,-2.1837960957782343e-05,3.4188300518289907,2.363276877750969e-06,1
-0.10916642844676971,-2.204596603405662e-05,3.4208550518596894,2.4066793735967574e-06,1
-0.1102227196097374,-2.223509000032209e-05,3.422880051890388,2.4508120906027774e-06,1
-0.11117195338010788,-2.243857306893915e-05,3.424905051921087,2.4945399991362473e-06,1
-0.11223289370536804,-2.2645619537797756e-05,3.4268850519511034,2.5415834104778614e-06,1
-0.11321315169334412,-2.283363210153766e-05,3.428910051981802,2.585067454821395e-06,1
-0.1141766607761383,-2.303011206095107e-05,3.430935052012501,2.6295012924196616e-06,1
-0.11528632044792175,-2.323254375369288e-05,3.4329150520425173,2.6783944840086003e-06,1
-0.11618931591510773,-2.342481820960529e-05,3.434940052073216,2.7217136032097974e-06,1
-0.1172313317656517,-2.3625849280506372e-05,3.436965052103915,2.769689775248326e-06,1
-0.11822059005498886,-2.3823120500310324e-05,3.4389450521339313,2.816383362497788e-06,1
-0.11921544373035431,-2.4022308934945613e-05,3.44097005216463,2.8638302191071963e-06,1
-0.12018608301877975,-2.4220540581154637e-05,3.4429950521953288,2.9109719010463753e-06,1
-0.12114741653203964,-2.4416620362899266e-05,3.4449750522253453,2.9580104774088383e-06,1
-0.12222015112638474,-2.4613847926957533e-05,3.447000052256044,3.0083082134346013e-06,1
-0.12319079041481018,-2.481663068465423e-05,3.4490250522867427,3.0571803494749863e-06,1
-0.12420828640460968,-2.500939262972679e-05,3.4510050523167592,3.1063738025584396e-06,1
-0.12528195977210999,-2.5211338652297854e-05,3.453030052347458,3.1585259148382214e-06,1
-0.12621691823005676,-2.540746754675638e-05,3.4550550523781567,3.206852253781771e-06,1
-0.1272021383047104,-2.5607645511627197e-05,3.457035052408173,3.257347266027999e-06,1
-0.12825098633766174,-2.580918044259306e-05,3.459060052438872,3.3100528483292493e-06,1
-0.1292358934879303,-2.6007059204857796e-05,3.4610850524695707,3.3610455333332994e-06,1
-0.13029217720031738,-2.6204237656202167e-05,3.4631100525002694,3.4142071761011222e-06,1
-0.1313205361366272,-2.6408728444948792e-05,3.465090052530286,3.4680083780772725e-06,1
-0.13234052062034607,-2.6602099751471542e-05,3.4671150525609846,3.5205357307041226e-06,1
-0.1332826167345047,-2.679787576198578e-05,3.4691400525916833,3.5716910044836236e-06,1
-0.1342548131942749,-2.7000034606317058e-05,3.4711200526217,3.6248846023100544e-06,1
-0.13535237312316895,-2.7192936613573693e-05,3.4731450526523986,3.6806285028351086e-06,1
-0.13640153408050537,-2.738871262408793e-05,3.4751700526830973,3.7358624184156974e-06,1
-0.1373305767774582,-2.7595728170126677e-05,3.477150052713114,3.7897372661974474e-06,1
-0.13827857375144958,-2.779077476589009e-05,3.4791750527438126,3.842868698075057e-06,1
-0.139327734708786,-2.798305285978131e-05,3.4812000527745113,3.898815365189546e-06,1
-0.1403244286775589,-2.8180824301671237e-05,3.483180052804528,3.954458069794684e-06,1
-0.14124760031700134,-2.8378810384310782e-05,3.4852050528352265,4.008438866635097e-06,1
-0.1423538476228714,-2.8585796826519072e-05,3.4872300528659252,4.069298165620657e-06,1
-0.1433778703212738,-2.8781636501662433e-05,3.4892100528959418,4.126649745969397e-06,1
-0.14436650276184082,-2.8974551241844893e-05,3.4912350529266405,4.182954631878899e-06,1
-0.145330011844635,-2.9180486308177933e-05,3.493260052957339,4.240800420799709e-06,1
-0.14629724621772766,-2.93700195470592e-05,3.4952400529873557,4.296752981095594e-06,1
-0.1472570151090622,-2.9569240723503754e-05,3.4972650530180545,4.354278127984489e-06,1
-0.14842751622200012,-2.9768871172564104e-05,3.499290053048753,4.41851960887639e-06,1
-0.14934320747852325,-2.996863804582972e-05,3.5012700530787697,4.475612529527114e-06,1
-0.15041160583496094,-3.0175488063832745e-05,3.5032950531094684,4.5387436165347794e-06,1
-0.1514393538236618,-3.036601083294954e-05,3.505320053140167,4.598609058744193e-06,1
-0.15238144993782043,-3.0565643100999296e-05,3.507345053170866,4.657637014012211e-06,1
-0.15340204536914825,-3.076825669268146e-05,3.5093250532008824,4.719913509100321e-06,1
-0.15433700382709503,-3.096385262324475e-05,3.511350053231581,4.778868240815331e-06,1
-0.15535761415958405,-3.115752770099789e-05,3.51337505326228,4.840559166738182e-06,1
-0.15641078352928162,-3.135700535494834e-05,3.5153550532922964,4.9045737766993495e-06,1
-0.15739166736602783,-3.155223748763092e-05,3.517380053322995,4.966059267307119e-06,1
-0.15847651660442352,-3.175081656081602e-05,3.519405053353694,5.031758807904165e-06,1
-0.1594269871711731,-3.195745375705883e-05,3.5213850533837103,5.094880570149975e-06,1
-0.1604035198688507,-3.214937896700576e-05,3.523410053414409,5.156873547905319e-06,1
-0.16143125295639038,-3.235426265746355e-05,3.5254350534451078,5.222989159274494e-06,1
-0.16248786449432373,-3.2548032322665676e-05,3.5274150534751243,5.288660265602169e-06,1
-0.16342251002788544,-3.274581831647083e-05,3.529440053505823,5.351403822194769e-06,1
-0.1644216924905777,-3.294615089544095e-05,3.5314650535365217,5.417061891278363e-06,1
-0.16547426581382751,-3.314153218525462e-05,3.5334450535665383,5.484070706300343e-06,1
-0.16639867424964905,-3.334190841997042e-05,3.535470053597237,5.548049358036289e-06,1
-0.16748350858688354,-3.353453575982712e-05,3.5374950536279357,5.616481707888159e-06,1
-0.16851279139518738,-3.3730648283381015e-05,3.5394750536579522,5.68404569780182e-06,1
-0.1694319248199463,-3.3937649277504534e-05,3.541500053688651,5.750121240951853e-06,1
-0.17047393321990967,-3.41369304805994e-05,3.5435250537193497,5.8194568070824015e-06,1
-0.1715659201145172,-3.433235906413756e-05,3.5455500537500484,5.890262772540746e-06,1
-0.1724599152803421,-3.4531363780843094e-05,3.547530053780065,5.955276072158874e-06,1
-0.17351433634757996,-3.4728815080598e-05,3.5495550538107636,6.025947300847788e-06,1
-0.1744849681854248,-3.4930901165353134e-05,3.5515800538414624,6.09491717852486e-06,1
-0.1755058914422989,-3.5133271012455225e-05,3.553560053871479,6.166096048324833e-06,1
-0.17654046416282654,-3.5323508200235665e-05,3.5555850539021776,6.236028533529014e-06,1
-0.17756107449531555,-3.5521385143511e-05,3.5576100539328763,6.307215313643751e-06,1
-0.17854441702365875,-3.572238711058162e-05,3.559590053962893,6.378032781352257e-06,1
-0.17959514260292053,-3.59125915565528e-05,3.5616150539935916,6.4497270018395395e-06,1
-0.1805158108472824,-3.6111523513682187e-05,3.5636400540242903,6.518700948003045e-06,1
-0.18157550692558289,-3.630894570960663e-05,3.565620054054307,6.592815223155292e-06,1
-0.18252846598625183,-3.651568840723485e-05,3.5676450540850055,6.665152589404536e-06,1
-0.18351338803768158,-3.670551086543128e-05,3.5696700541157043,6.735952658569228e-06,1
-0.18456192314624786,-3.691012170747854e-05,3.571650054145721,6.812203045894309e-06,1
-0.18562595546245575,-3.710722376126796e-05,3.5736750541764195,6.888063865244506e-06,1
-0.18657520413398743,-3.730335447471589e-05,3.5757000542071182,6.95988097600261e-06,1
-0.1875036358833313,-3.749631287064403e-05,3.5776800542371348,7.030694995464708e-06,1
-0.18852362036705017,-3.769771137740463e-05,3.5797050542678335,7.1069090284204585e-06,1
-0.18955135345458984,-3.789839320234023e-05,3.581730054298532,7.183691725257818e-06,1
-0.19062408804893494,-3.809420013567433e-05,3.5837100543285487,7.261672160816532e-06,1
-0.19158542156219482,-3.829730485449545e-05,3.5857350543592474,7.337205295244401e-06,1
-0.19260601699352264,-3.849238055408932e-05,3.587760054389946,7.413864103122069e-06,1
-0.1935909390449524,-3.869516513077542e-05,3.589785054420645,7.491033354166312e-06,1
-0.19464567303657532,-3.888906940119341e-05,3.5917650544506614,7.569589087361378e-06,1
-0.19552509486675262,-3.9090922655304894e-05,3.59379005448136,7.643256360607379e-06,1
-0.19666701555252075,-3.9288101106649265e-05,3.595815054512059,7.726673591370399e-06,1
-0.1976023018360138,-3.9492435462307185e-05,3.5977950545420754,7.80379615246212e-06,1
-0.19857262074947357,-3.968491364503279e-05,3.599820054572774,7.880337306710706e-06,1
-0.19965746998786926,-3.9882790588308126e-05,3.601845054603473,7.962897064917604e-06,1
-0.20064082741737366,-4.008118776255287e-05,3.6038250546334893,8.04192267654972e-06,1
-0.2015916109085083,-4.027994873467833e-05,3.605850054664188,8.120099752735935e-06,1
-0.2026907205581665,-4.0472928958479315e-05,3.607875054694887,8.203487133693656e-06,1
-0.20365703105926514,-4.067651752848178e-05,3.6098550547249033,8.284058793680757e-06,1
-0.2046462744474411,-4.0862734749680385e-05,3.611880054755602,8.36240643025608e-06,1
-0.20568829774856567,-4.1069019061978906e-05,3.6139050547863008,8.447416621061837e-06,1
-0.206695556640625,-4.126490239286795e-05,3.6158850548163173,8.5292719698149e-06,1
-0.20761530101299286,-4.147212894167751e-05,3.617910054847016,8.61024853387603e-06,1
-0.20865017175674438,-4.167246152064763e-05,3.6199350548777147,8.69496625380945e-06,1
-0.20970429480075836,-4.186278965789825e-05,3.6219150549077312,8.778806783602032e-06,1
-0.21068423986434937,-4.206261655781418e-05,3.62394005493843,8.861930396188676e-06,1
-0.21166202425956726,-4.226119926897809e-05,3.6259650549691287,8.945090984908846e-06,1
-0.21268263459205627,-4.2455576476641e-05,3.6279900549998274,9.029563858176538e-06,1
-0.21372587978839874,-4.266094765625894e-05,3.629970055029844,9.11774857044077e-06,1
-0.21470241248607635,-4.285308750695549e-05,3.6319950550605427,9.200661270220283e-06,1
-0.21583008766174316,-4.305726906750351e-05,3.6340200550912414,9.293054157314545e-06,1
-0.21663780510425568,-4.326102862250991e-05,3.636000055121258,9.371974287332929e-06,1
-0.2177642285823822,-4.345337947597727e-05,3.6380250551519566,9.46259166088371e-06,1
-0.21876341104507446,-4.3652307795127854e-05,3.6400500551826553,9.549527753251663e-06,1
-0.21974338591098785,-4.385233478387818e-05,3.642030055212672,9.636260525511578e-06,1
-0.22064048051834106,-4.404421633807942e-05,3.6440550552433706,9.717937056887612e-06,1
-0.22176098823547363,-4.4241744035389274e-05,3.6460800552740693,9.811092878548797e-06,1
-0.22285638749599457,-4.443999205250293e-05,3.648060055304086,9.903736089171512e-06,1
-0.22369514405727386,-4.4641707063419744e-05,3.6500850553347846,9.9861330925143e-06,1
-0.22472289204597473,-4.4842388888355345e-05,3.6521100553654833,1.0077111317241495e-05,1
-0.2257682979106903,-4.503970194491558e-05,3.6540900553955,1.0168536846508398e-05,1
-0.22682832181453705,-4.5235698053147644e-05,3.6561150554261985,1.02607374755046e-05,1
-0.22775614261627197,-4.5431122998706996e-05,3.6581400554568972,1.0347217328910904e-05,1
-0.22873236238956451,-4.5629181840922683e-05,3.6601200554869138,1.0436870556377264e-05,1
-0.2297973483800888,-4.583108238875866e-05,3.6621450555176125,1.0531861206326126e-05,1
-0.23083935678005219,-4.602721310220659e-05,3.664170055548311,1.0624892266891759e-05,1
-0.23177091777324677,-4.622817141353153e-05,3.6661500555783277,1.0714345715493172e-05,1
-0.2328520268201828,-4.64243748865556e-05,3.6681750556090265,1.0810009786194465e-05,1
-0.23378697037696838,-4.6624707465525717e-05,3.670200055639725,1.0900249103077677e-05,1
-0.23477903008460999,-4.682818689616397e-05,3.672225055670424,1.099427630010222e-05,1
-0.2358371764421463,-4.702668957179412e-05,3.6742050557004404,1.1090641686033252e-05,1
-0.23677027225494385,-4.722359517472796e-05,3.676230055731139,1.1181143486377592e-05,1
-0.23781941831111908,-4.74214757559821e-05,3.678255055761838,1.12777477797425e-05,1
-0.23882357776165009,-4.761909440276213e-05,3.6802350557918544,1.1372562495037418e-05,1
-0.23982495069503784,-4.781163443112746e-05,3.682260055822553,1.1466422870094316e-05,1
-0.24087409675121307,-4.801231261808425e-05,3.684285055853252,1.1564922434817914e-05,1
-0.24180999398231506,-4.8210040404228494e-05,3.6862650558832684,1.1657669580033658e-05,1
-0.2429153025150299,-4.8412272008135915e-05,3.688290055913967,1.176008170029625e-05,1
-0.24385738372802734,-4.8605950723867863e-05,3.690315055944666,1.1852919977135834e-05,1
-0.24489320814609528,-4.8800251533975825e-05,3.6922950559746823,1.1950850156491747e-05,1
-0.24589145183563232,-4.900346539216116e-05,3.694320056005381,1.2049533250255672e-05,1
-0.24690493941307068,-4.920239371131174e-05,3.6963450560360798,1.2148314038269476e-05,1
-0.2479764074087143,-4.939813879900612e-05,3.6983250560660963,1.2249572992054558e-05,1
-0.24887476861476898,-4.9598151235841215e-05,3.700350056096795,1.23437284125403e-05,1
-0.2498953640460968,-4.980163794243708e-05,3.7023750561274937,1.2445198443717222e-05,1
-0.2509404718875885,-4.999310476705432e-05,3.7043550561575103,1.2545293301370261e-05,1
-0.2518937587738037,-5.019563832320273e-05,3.706380056188209,1.2643968011281925e-05,1
-0.2529357671737671,-5.0392824050504714e-05,3.7084050562189077,1.2746147611267071e-05,1
-0.2538747489452362,-5.058806709712371e-05,3.7103850562489242,1.2843032833907047e-05,1
-0.25492700934410095,-5.0789982196874917e-05,3.712410056279623,1.2947738266089453e-05,1
-0.25590479373931885,-5.098470865050331e-05,3.7144350563103217,1.3047231351066314e-05,1
-0.2568897008895874,-5.118433909956366e-05,3.7164600563410204,1.3148729561518122e-05,1
-0.25791868567466736,-5.138585402164608e-05,3.718440056371037,1.3253371931533278e-05,1
-0.25891661643981934,-5.158254862180911e-05,3.7204650564017356,1.3355578956501281e-05,1
-0.25985872745513916,-5.178253195481375e-05,3.7224900564324344,1.345614285818298e-05,1
-0.26099443435668945,-5.1985207392135635e-05,3.724470056462451,1.3567849798225631e-05,1
-0.2619284689426422,-5.218109436100349e-05,3.7264950564931496,1.3667714153729185e-05,1
-0.26297762989997864,-5.237651930656284e-05,3.7285200565238483,1.3773852909650369e-05,1
-0.264003187417984,-5.257139855530113e-05,3.730500056553865,1.3879016785620698e-05,1
-0.2649117708206177,-5.27666779817082e-05,3.7325250565845636,1.3978514104455615e-05,1
-0.26593953371047974,-5.29652570548933e-05,3.7345500566152623,1.4085555764034021e-05,1
-0.26704174280166626,-5.3164170822128654e-05,3.736530056645279,1.419705283094673e-05,1
-0.2680378258228302,-5.337327456800267e-05,3.7385550566759775,1.4306056472252393e-05,1
-0.2690655589103699,-5.35630970261991e-05,3.7405800567066763,1.4411984638324632e-05,1
-0.26994621753692627,-5.3758034482598305e-05,3.742560056736693,1.4511778070797066e-05,1
-0.27111390233039856,-5.3967611165717244e-05,3.7445850567673915,1.4631369662587192e-05,1
-0.27209168672561646,-5.4158484999788925e-05,3.7466100567980902,1.4736073534096566e-05,1
-0.2730368673801422,-5.435226921690628e-05,3.7485900568281068,1.4840173321986226e-05,1
-0.2740258276462555,-5.4556698160013184e-05,3.7506150568588055,1.4949944366944557e-05,1
-0.27503928542137146,-5.4755626479163766e-05,3.752640056889504,1.5059948379628728e-05,1
-0.27600279450416565,-5.4954558436293155e-05,3.754665056920203,1.5167611699159382e-05,1
-0.2770361006259918,-5.515225711860694e-05,3.7566450569502194,1.5279166252860966e-05,1
-0.27809396386146545,-5.5348566093016416e-05,3.758670056980918,1.539210213885524e-05,1
-0.27907174825668335,-5.555204916163348e-05,3.760695057011617,1.5503007478778275e-05,1
-0.2800895571708679,-5.574684837483801e-05,3.7626750570416334,1.5614110074979896e-05,1
-0.2809916138648987,-5.594535468844697e-05,3.764700057072332,1.572017550215089e-05,1
-0.28212642669677734,-5.614218389382586e-05,3.766725057103031,1.5839193728918455e-05,1
-0.283046156167984,-5.634583794744685e-05,3.7687050571330474,1.594847284708896e-05,1
-0.2840248942375183,-5.654389678966254e-05,3.770730057163746,1.6059874305461054e-05,1
-0.2850525975227356,-5.673267150996253e-05,3.772755057194445,1.6171795378318917e-05,1
-0.2860400080680847,-5.69334915780928e-05,3.7747350572244613,1.6285256390341897e-05,1
-0.2870652675628662,-5.713368227588944e-05,3.77676005725516,1.640109578937999e-05,1
-0.28809303045272827,-5.73291108594276e-05,3.778785057285859,1.651611728065291e-05,1
-0.2889966070652008,-5.75229678361211e-05,3.7807650573158753,1.6623942532959673e-05,1
-0.2900771200656891,-5.7721714256331325e-05,3.782790057346574,1.674374863673122e-05,1
-0.29110485315322876,-5.792274896521121e-05,3.7848150573772728,1.6861593331749143e-05,1
-0.29206493496894836,-5.8116474974667653e-05,3.7867950574072893,1.6973784484100823e-05,1
-0.29306042194366455,-5.8330766478320584e-05,3.788820057437988,1.7094439036433994e-05,1
-0.29413098096847534,-5.8521640312392265e-05,3.7908450574686867,1.721302747296821e-05,1
-0.29499176144599915,-5.8710338635137305e-05,3.7928250574987032,1.731906620907025e-05,1
-0.2960936725139618,-5.89142509852536e-05,3.794850057529402,1.744413693763303e-05,1
-0.2970857322216034,-5.9112826420459896e-05,3.7968750575601007,1.756157732081087e-05,1
-0.29808491468429565,-5.9310008509783074e-05,3.7989000575907994,1.7679418826563537e-05,1
-0.2991325259208679,-5.9513979067560285e-05,3.800880057620816,1.7802566886080968e-05,1
-0.30011898279190063,-5.9710670029744506e-05,3.8029050576515147,1.792030555114975e-05,1
-0.30104678869247437,-5.9912403230555356e-05,3.8049300576822134,1.8036436595407317e-05,1
-0.30216360092163086,-6.0108206525910646e-05,3.80691005771223,1.8162512128810232e-05,1
-0.30313795804977417,-6.030745862517506e-05,3.8089350577429286,1.828147986280681e-05,1
-0.30417999625205994,-6.049938383512199e-05,3.8109600577736273,1.8402702348219342e-05,1
-0.30512022972106934,-6.070280505809933e-05,3.812940057803644,1.8521653824040557e-05,1
-0.306121289730072,-6.089829548727721e-05,3.8149650578343426,1.8642264756928324e-05,1
-0.3071133494377136,-6.109407695475966e-05,3.8169900578650413,1.876280660438167e-05,1
-0.3081885278224945,-6.12996009294875e-05,3.818970057895058,1.8891833766565167e-05,1
-0.3091474175453186,-6.149298860691488e-05,3.8209950579257566,1.9010398624971434e-05,1
-0.310189425945282,-6.169507105369121e-05,3.8230200579564553,1.913715867379786e-05,1
-0.311145156621933,-6.187811231939122e-05,3.825000057986472,1.9253074949086542e-05,1
-0.3122020661830902,-6.208242120919749e-05,3.8270250580171705,1.938226017516036e-05,1
-0.31315845251083374,-6.228135316632688e-05,3.8290500580478692,1.950393217784764e-05,1
-0.3142060339450836,-6.247380952117965e-05,3.8310300580778858,1.962964791509046e-05,1
-0.3151853680610657,-6.268376455409452e-05,3.8330550581085845,1.9757005402435465e-05,1
-0.31618455052375793,-6.287953874561936e-05,3.835080058139283,1.9881538695424878e-05,1
-0.3171195089817047,-6.307462172117084e-05,3.837105058169982,2.0002193069424464e-05,1
-0.3182573914527893,-6.32767187198624e-05,3.8390850581999985,2.013828343947529e-05,1
-0.3191964030265808,-6.347493035718799e-05,3.841110058230697,2.0260969452377126e-05,1
-0.3202170133590698,-6.367386231431738e-05,3.843135058261396,2.038945401932734e-05,1
-0.32123637199401855,-6.387862231349573e-05,3.8451150582914124,2.0520136879963527e-05,1
-0.3222510814666748,-6.407242472050712e-05,3.847140058322111,2.0647408158375527e-05,1
-0.3232431411743164,-6.426610343623906e-05,3.84916505835281,2.0773577145763444e-05,1
-0.3241855204105377,-6.446554471040145e-05,3.8511450583828264,2.089879616049028e-05,1
-0.3253057301044464,-6.467201455961913e-05,3.853170058413525,2.103817691364229e-05,1
-0.32631921768188477,-6.486569327535108e-05,3.855195058444224,2.1166922284005657e-05,1
-0.3272612988948822,-6.506489444291219e-05,3.8571750584742404,2.1293221867845847e-05,1
-0.3282248079776764,-6.525724893435836e-05,3.859200058504939,2.14190480006312e-05,1
-0.32930248975753784,-6.545618089148775e-05,3.861225058535638,2.1554883337586688e-05,1
-0.33026257157325745,-6.564597424585372e-05,3.8632050585656543,2.168040826786748e-05,1
-0.3312652111053467,-6.585509254364297e-05,3.865230058596353,2.181550113383203e-05,1
-0.33230721950531006,-6.604946975130588e-05,3.8672550586270518,2.194871564285654e-05,1
-0.33325645327568054,-6.62434904370457e-05,3.8692350586570683,2.207607067565131e-05,1
-0.3342841863632202,-6.644733366556466e-05,3.871260058687767,2.2212292870398692e-05,1
-0.3353690505027771,-6.664065585937351e-05,3.8732850587184657,2.2349213480440423e-05,1
-0.3362875282764435,-6.683955143671483e-05,3.8752650587484823,2.2477307543759036e-05,1
-0.3373388648033142,-6.70462177367881e-05,3.877290058779181,2.2617294980683926e-05,1
-0.33835944533348083,-6.724130071233958e-05,3.8793150588098797,2.275172921252901e-05,1
-0.3392801284790039,-6.744232814526185e-05,3.8813400588405784,2.2881841758047583e-05,1
-0.3403463661670685,-6.764027057215571e-05,3.883320058870595,2.3021120295790495e-05,1
-0.3412642478942871,-6.783704156987369e-05,3.8853450589012937,2.3150356970716435e-05,1
-0.3423205316066742,-6.803631549701095e-05,3.8873700589319924,2.3290227689496193e-05,1
-0.3433402180671692,-6.823998410254717e-05,3.889350058962009,2.3429531022668704e-05,1
-0.3442760705947876,-6.843172741355374e-05,3.8913750589927076,2.355940621795189e-05,1
-0.34536808729171753,-6.86331040924415e-05,3.8934000590234064,2.370368388529987e-05,1
-0.3463563919067383,-6.883421156089753e-05,3.895380059053423,2.384116915597756e-05,1
-0.3474378287792206,-6.903131725266576e-05,3.8974050590841216,2.398409098403574e-05,1
-0.3484156131744385,-6.92249959683977e-05,3.8994300591148203,2.411906941732732e-05,1
-0.34930557012557983,-6.94284462952055e-05,3.901410059144837,2.425174301607996e-05,1
-0.3503640294075012,-6.962320912862197e-05,3.9034350591755356,2.4393468090585114e-05,1
-0.35137033462524414,-6.982249033171684e-05,3.9054600592062343,2.4533551792223218e-05,1
-0.352411150932312,-7.001756603131071e-05,3.907440059236251,2.467497103057336e-05,1
-0.3533616065979004,-7.021859346423298e-05,3.9094650592669495,2.4812554999566194e-05,1
-0.354353666305542,-7.041332719381899e-05,3.9114900592976483,2.495122064790148e-05,1
-0.3553677499294281,-7.061289215926081e-05,3.913470059327665,2.509354460264587e-05,1
-0.35639485716819763,-7.081573858158663e-05,3.9154950593583635,2.523836503704499e-05,1
-0.357436865568161,-7.101467053871602e-05,3.9175200593890622,2.538326124671428e-05,1
-0.35850030183792114,-7.121289672795683e-05,3.919545059419761,2.552984497172523e-05,1
-0.35941165685653687,-7.14081252226606e-05,3.9215250594497775,2.5664912599295507e-05,1
-0.3604273200035095,-7.160515815485269e-05,3.923550059480476,2.5808455252181e-05,1
-0.36138367652893066,-7.18033843440935e-05,3.925575059511175,2.594857102148837e-05,1
-0.36252468824386597,-7.201258995337412e-05,3.9275550595411914,2.6106341722480306e-05,1
-0.36336779594421387,-7.220299448817968e-05,3.92958005957189,2.6236242967742074e-05,1
-0.3643955588340759,-7.240192644530907e-05,3.931605059602589,2.638294044770206e-05,1
-0.36542919278144836,-7.259439735207707e-05,3.9335850596326054,2.6528112024825235e-05,1
-0.36645814776420593,-7.279803685378283e-05,3.935610059663304,2.667743374630766e-05,1
-0.3674573302268982,-7.29973180568777e-05,3.937635059694003,2.6823399606904028e-05,1
-0.36852726340293884,-7.31992331566289e-05,3.9396150597240194,2.6975913078406116e-05,1
-0.3694985508918762,-7.339377771131694e-05,3.941640059754718,2.7118894508812094e-05,1
-0.3705690801143646,-7.359235314652324e-05,3.943665059785417,2.7271050608958583e-05,1
-0.37149134278297424,-7.378980808425695e-05,3.9456450598154333,2.741227488891858e-05,1
-0.372496098279953,-7.398426532745361e-05,3.947670059846132,2.755885016858528e-05,1
-0.3734881579875946,-7.418634777422994e-05,3.949695059876831,2.770772237802423e-05,1
-0.3744628429412842,-7.437526801368222e-05,3.9516750599068473,2.78507743049234e-05,1
-0.3755222260951996,-7.458210166078061e-05,3.953700059937546,2.8007236842514816e-05,1
-0.3764215111732483,-7.478173938579857e-05,3.9557250599682448,2.814945534776632e-05,1
-0.3775460720062256,-7.496950274799019e-05,3.9577050599982613,2.830444128276363e-05,1
-0.3785626292228699,-7.517539052059874e-05,3.95973006002896,2.8458593488333867e-05,1
-0.3795832395553589,-7.537747296737507e-05,3.9617550600596587,2.861202537845272e-05,1
-0.38046109676361084,-7.55715009290725e-05,3.9637800600903574,2.875201612754716e-05,1
-0.38147085905075073,-7.576766074635088e-05,3.965760060120374,2.8903154633176317e-05,1
-0.3825022876262665,-7.596411160193384e-05,3.9677850601510727,2.9056446465236703e-05,1
-0.38345867395401,-7.616373477503657e-05,3.9698100601817714,2.9205644740220443e-05,1
-0.3846210837364197,-7.637395174242556e-05,3.971790060211788,2.9375032088404737e-05,1
-0.38547131419181824,-7.656720117665827e-05,3.9738150602424867,2.9514459661555796e-05,1
-0.38659900426864624,-7.676298264414072e-05,3.9758400602731854,2.9676492654916176e-05,1
-0.38754791021347046,-7.696636021137238e-05,3.977820060303202,2.9828152056654567e-05,1
-0.3885759711265564,-7.716434629401192e-05,3.9798450603339006,2.9984210797541575e-05,1
-0.389596551656723,-7.735592225799337e-05,3.9818700603645993,3.0137600561939764e-05,1
-0.3905864357948303,-7.755839760648087e-05,3.983850060394616,3.029325808707366e-05,1
-0.391630619764328,-7.775798439979553e-05,3.9858750604253146,3.0452407622116873e-05,1
-0.39253705739974976,-7.795130659360439e-05,3.9879000604560133,3.0598776510719176e-05,1
-0.39367708563804626,-7.81486087362282e-05,3.98988006048603,3.076531653394628e-05,1
-0.3945924937725067,-7.835197175154462e-05,3.9919050605167286,3.0917099925434994e-05,1
-0.3956488072872162,-7.854810246499255e-05,3.9939300605474273,3.107746305494835e-05,1
-0.3966262638568878,-7.874283619457856e-05,3.995910060577444,3.123147692535061e-05,1
-0.3976329267024994,-7.894280861364678e-05,3.9979350606081425,3.1390260031159646e-05,1
-0.39864635467529297,-7.910653948783875e-05,3.9992850606286083,3.153553359780403e-05,1
-0.398815780878067,-7.904288213467225e-05,4.001265060658625,3.152354876139233e-05,1
-0.39850303530693054,-7.863320934120566e-05,4.003245060688641,3.133557259839574e-05,1
-0.39785417914390564,-7.83078430686146e-05,4.00527006071934,3.1155102624593443e-05,1
-0.3970547914505005,-7.802905747666955e-05,4.007295060750039,3.0981811143478144e-05,1
-0.3962390124797821,-7.778571307426319e-05,4.009275060780055,3.082173413358172e-05,1
-0.3954204022884369,-7.75478474679403e-05,4.011300060810754,3.0664001042375296e-05,1
-0.39429986476898193,-7.733315578661859e-05,4.013325060841453,3.0492452868822323e-05,1
-0.3934505879878998,-7.712547085247934e-05,4.0153500608721515,3.0345061855751622e-05,1
-0.3924185037612915,-7.692506187595427e-05,4.017330060902168,3.0186817683106743e-05,1
-0.3914664685726166,-7.67269084462896e-05,4.019355060932867,3.0036011893963457e-05,1
-0.39046013355255127,-7.652517524547875e-05,4.0213800609635655,2.9880030146482023e-05,1
-0.38940975069999695,-7.63187708798796e-05,4.023360060993582,2.97192735420641e-05,1
-0.3884831666946411,-7.612626359332353e-05,4.025385061024281,2.9573771949365293e-05,1
-0.3874768614768982,-7.59224349167198e-05,4.0274100610549795,2.9418186797214654e-05,1
-0.3865201473236084,-7.572087633889169e-05,4.029390061084996,2.9267644277981147e-05,1
-0.3854285180568695,-7.552142051281407e-05,4.031415061115695,2.9108109189803595e-05,1
-0.38444358110427856,-7.533299503847957e-05,4.033440061146393,2.8961286387903934e-05,1
-0.38345929980278015,-7.512774027418345e-05,4.03542006117641,2.8808430681303513e-05,1
-0.38241666555404663,-7.493338489439338e-05,4.037445061207109,2.8655775189991885e-05,1
-0.38145315647125244,-7.473375444533303e-05,4.039470061237807,2.850742652811978e-05,1
-0.38037607073783875,-7.453168655047193e-05,4.041450061267824,2.8350070075532736e-05,1
-0.3795047402381897,-7.433589053107426e-05,4.043475061298523,2.821082282636984e-05,1
-0.3783271014690399,-7.413976709358394e-05,4.045500061329221,2.804908318810532e-05,1
-0.37750881910324097,-7.39444003556855e-05,4.047480061359238,2.7914663257572105e-05,1
-0.3765000104904175,-7.373980042757466e-05,4.049505061389937,2.7763035634543153e-05,1
-0.3753795027732849,-7.354016997851431e-05,4.051530061420635,2.7605472440397558e-05,1
-0.37443307042121887,-7.335601549129933e-05,4.053510061450652,2.7466918114273705e-05,1
-0.37338826060295105,-7.314756658161059e-05,4.055535061481351,2.731244265324613e-05,1
-0.37246042490005493,-7.295423711184412e-05,4.057560061512049,2.7172566152936818e-05,1
-0.3714112937450409,-7.275740790646523e-05,4.059585061542748,2.702292300007592e-05,1
-0.3705082833766937,-7.255200034705922e-05,4.0615650615727645,2.68811171041342e-05,1
-0.3693629205226898,-7.235779776237905e-05,4.063590061603463,2.6726287504102476e-05,1
-0.36842796206474304,-7.215781806735322e-05,4.065615061634162,2.6584957857593442e-05,1
-0.3674250543117523,-7.195740909082815e-05,4.0675950616641785,2.6438954943330513e-05,1
-0.3663867712020874,-7.176346116466448e-05,4.069620061694877,2.629318282640781e-05,1
-0.36541613936424255,-7.15662827133201e-05,4.071645061725576,2.6151474737751363e-05,1
-0.3645131587982178,-7.136938802432269e-05,4.0736250617555925,2.6015081070241558e-05,1
-0.36344629526138306,-7.116387132555246e-05,4.075650061786291,2.5864245389729812e-05,1
-0.36237573623657227,-7.09684391040355e-05,4.07767506181699,2.5717240369885208e-05,1
-0.36147457361221313,-7.076492329360917e-05,4.079655061847006,2.5579720474258345e-05,1
-0.3604772686958313,-7.057232869556174e-05,4.081680061877705,2.5439720293680534e-05,1
-0.35944241285324097,-7.037479372229427e-05,4.083705061908404,2.5295685659590568e-05,1
-0.3584136962890625,-7.017617463134229e-05,4.08568506193842,2.515210214104613e-05,1
-0.3573940694332123,-6.997554010013118e-05,4.087710061969119,2.5008843037172815e-05,1
-0.3563805818557739,-6.97846626280807e-05,4.089735061999818,2.486989867200428e-05,1
-0.35540497303009033,-6.95874186931178e-05,4.091715062029834,2.4731714663861135e-05,1
-0.3543322682380676,-6.938575097592548e-05,4.093740062060533,2.4585610526701388e-05,1
-0.3533758819103241,-6.91847235430032e-05,4.095765062091232,2.444821269673072e-05,1
-0.35241949558258057,-6.899069558130577e-05,4.0977900621219305,2.431366613665515e-05,1
-0.35133126378059387,-6.878560816403478e-05,4.099770062151947,2.4166534646187076e-05,1
-0.3503497540950775,-6.859248242108151e-05,4.101795062182646,2.4031359348996835e-05,1
-0.3492363691329956,-6.839285197202116e-05,4.1038200622133445,2.388527129735911e-05,1
-0.3483150899410248,-6.819429836468771e-05,4.105800062243361,2.375310316836128e-05,1
-0.3473021984100342,-6.799498805776238e-05,4.10782506227406,2.3614808833324896e-05,1
-0.3462744653224945,-6.779430987080559e-05,4.1098500623047585,2.3475438402420718e-05,1
-0.3453510105609894,-6.759605457773432e-05,4.111830062334775,2.334436575835634e-05,1
-0.3443617522716522,-6.739435048075393e-05,4.113855062365474,2.320803662476229e-05,1
-0.3432483673095703,-6.719787052134052e-05,4.115880062396172,2.3065559343130038e-05,1
-0.34220820665359497,-6.699999357806519e-05,4.117860062426189,2.2927947648152067e-05,1
-0.3412500023841858,-6.68010616209358e-05,4.119885062456888,2.2795862437410483e-05,1
-0.34023651480674744,-6.660773215116933e-05,4.121910062487586,2.266238264629519e-05,1
-0.33930373191833496,-6.64083199808374e-05,4.123890062517603,2.2532590799925062e-05,1
-0.33828097581863403,-6.621057400479913e-05,4.125915062548302,2.2397777583855333e-05,1
-0.3372674882411957,-6.600779306609184e-05,4.127940062579,2.2262282571745406e-05,1
-0.33627262711524963,-6.581518391612917e-05,4.129920062609017,2.213184479955008e-05,1
-0.3352905213832855,-6.561168265761808e-05,4.131945062639716,2.1998975287107437e-05,1
-0.33423423767089844,-6.542186019942164e-05,4.133970062670414,2.1866225570765785e-05,1
-0.3332787752151489,-6.522204785142094e-05,4.135950062700431,2.1737124224945406e-05,1
-0.33227866888046265,-6.501664756797254e-05,4.13797506273113,2.1603645108956085e-05,1
-0.3312152624130249,-6.482611934188753e-05,4.140000062761828,2.147140012904135e-05,1
-0.3301446735858917,-6.462859164457768e-05,4.142025062792527,2.1336785292814988e-05,1
-0.32922741770744324,-6.442607991630211e-05,4.1440050628225436,2.1210831923857516e-05,1
-0.3282248079776764,-6.423142622224987e-05,4.146030062853242,2.108234753793025e-05,1
-0.3272327482700348,-6.403354927897453e-05,4.148055062883941,2.095387431204354e-05,1
-0.32620376348495483,-6.382709398167208e-05,4.1500350629139575,2.0820638269129343e-05,1
-0.32516300678253174,-6.363183638313785e-05,4.152060062944656,2.0690719245435203e-05,1
-0.3240995705127716,-6.343710992950946e-05,4.154085062975355,2.0559940082725495e-05,1
-0.32315778732299805,-6.323761044768617e-05,4.1560650630053715,2.0435726267867965e-05,1
-0.32212260365486145,-6.303259578999132e-05,4.15809006303607,2.0304223870996462e-05,1
-0.3212019205093384,-6.283926632022485e-05,4.160115063066769,2.0184093025454007e-05,1
-0.32016393542289734,-6.263716932153329e-05,4.1620950630967855,2.005416263373247e-05,1
-0.3192249536514282,-6.244840915314853e-05,4.164120063127484,1.9935090517519266e-05,1
-0.31816866993904114,-6.224773096619174e-05,4.166145063158183,1.980527776823649e-05,1
-0.3172520101070404,-6.205317185958847e-05,4.168125063188199,1.9686493505972078e-05,1
-0.31614887714385986,-6.184986705193296e-05,4.170150063218898,1.955376601996562e-05,1
-0.3151639699935913,-6.165058584883809e-05,4.172175063249597,1.9430043388550533e-05,1
-0.31412410736083984,-6.145711085991934e-05,4.174155063279613,1.930516008984834e-05,1
-0.31317269802093506,-6.125307845650241e-05,4.176180063310312,1.918279184231087e-05,1
-0.31215208768844604,-6.106150249252096e-05,4.178205063341011,1.906047548043367e-05,1
-0.3111671805381775,-6.085907079977915e-05,4.1802300633717095,1.8937345470940604e-05,1
-0.31016209721565247,-6.0657126596197486e-05,4.182210063401726,1.8813541596151943e-05,1
-0.30915454030036926,-6.0464713897090405e-05,4.184235063432425,1.8692940829248333e-05,1
-0.30809110403060913,-6.0269634559517726e-05,4.1862600634631235,1.856853825096317e-05,1
-0.3071533441543579,-6.006764306221157e-05,4.18824006349314,1.84499774420286e-05,1
-0.30609986186027527,-5.9871075791306794e-05,4.190265063523839,1.832652802914508e-05,1
-0.3051363527774811,-5.9670041082426906e-05,4.1922900635545375,1.8207498705974205e-05,1
-0.30408504605293274,-5.946390956523828e-05,4.194270063584554,1.808208567863291e-05,1
-0.3030523359775543,-5.9269379562465474e-05,4.196295063615253,1.796172392834548e-05,1
-0.30214592814445496,-5.907535523874685e-05,4.1983200636459514,1.7849378039074557e-05,1
-0.3010762929916382,-5.8874793467111886e-05,4.200300063675968,1.7725804567726364e-05,1
-0.30009758472442627,-5.867679283255711e-05,4.202325063706667,1.7608763808425916e-05,1
-0.2990983724594116,-5.847786087542772e-05,4.204350063737365,1.7490633012748336e-05,1
-0.29801541566848755,-5.827873610542156e-05,4.206330063767382,1.73679617650913e-05,1
-0.29710716009140015,-5.808630885439925e-05,4.208355063798081,1.725785826392251e-05,1
-0.29603657126426697,-5.788246926385909e-05,4.210380063828779,1.7135327737182165e-05,1
-0.2950141131877899,-5.7686327636474743e-05,4.212360063858796,1.7018280790734894e-05,1
-0.29403817653656006,-5.748145849793218e-05,4.214385063889495,1.6901743241393933e-05,1
-0.29301759600639343,-5.728778342017904e-05,4.216410063920193,1.6786328578315786e-05,1
-0.29206493496894836,-5.709355900762603e-05,4.21839006395021,1.667502659870811e-05,1
-0.29101207852363586,-5.689447789336555e-05,4.220415063980909,1.655698026826536e-05,1
-0.28997719287872314,-5.6697299442021176e-05,4.222440064011607,1.6440923736001697e-05,1
-0.2890636622905731,-5.650502134812996e-05,4.224465064042306,1.6333548408697463e-05,1
-0.28799867630004883,-5.629503357340582e-05,4.226445064072323,1.6212895151407683e-05,1
-0.2870010435581207,-5.6100157962646335e-05,4.228470064103021,1.6100803879054914e-05,1
-0.28600186109542847,-5.5900876759551466e-05,4.23049506413372,1.5987754790097904e-05,1
-0.2849750220775604,-5.569276254391298e-05,4.2324750641637365,1.587104623551193e-05,1
-0.28401774168014526,-5.551036883844063e-05,4.234500064194435,1.5765929597325815e-05,1
-0.28301140666007996,-5.5308286391664296e-05,4.236525064225134,1.565287593166347e-05,1
-0.2819215953350067,-5.510693517862819e-05,4.2385050642551505,1.5535835079581663e-05,1
-0.2810058891773224,-5.491428237291984e-05,4.240530064285849,1.54312367467369e-05,1
-0.2799924314022064,-5.470764517667703e-05,4.242555064316548,1.5317726589306993e-05,1
-0.2790692448616028,-5.4508687753695995e-05,4.2445350643465645,1.5211698329820837e-05,1
-0.2779512405395508,-5.4315387387759984e-05,4.246560064377263,1.5097029304814158e-05,1
-0.2770019769668579,-5.411155507317744e-05,4.248585064407962,1.4989007732021161e-05,1
-0.27604562044143677,-5.392139792093076e-05,4.250565064437978,1.488476574415293e-05,1
-0.2750178873538971,-5.372035229811445e-05,4.252590064468677,1.4774057796934506e-05,1
-0.27397584915161133,-5.3528070566244423e-05,4.254615064499376,1.4665398586834189e-05,1
-0.2729772925376892,-5.3327163186622784e-05,4.256595064529392,1.4557104625399818e-05,1
-0.2719061076641083,-5.312390567269176e-05,4.258620064560091,1.4444714415376859e-05,1
-0.27089977264404297,-5.2927083743270487e-05,4.26064506459079,1.4337934952764197e-05,1
-0.2699291408061981,-5.273165152175352e-05,4.262670064621489,1.4233809388558777e-05,1
-0.2690078318119049,-5.2526447689160705e-05,4.264650064651505,1.4130025805642564e-05,1
-0.2679949998855591,-5.233589035924524e-05,4.266675064682204,1.4025756930836561e-05,1
-0.26696011424064636,-5.213836266193539e-05,4.2687000647129025,1.3918863252550522e-05,1
-0.26593950390815735,-5.193696415517479e-05,4.270680064742919,1.3812090481922935e-05,1
-0.26489749550819397,-5.173945100978017e-05,4.272705064773618,1.3705650991459664e-05,1
-0.26393401622772217,-5.15482242917642e-05,4.2747300648043165,1.3605329866732754e-05,1
-0.2629307806491852,-5.133396552992053e-05,4.276710064834333,1.3497279630600369e-05,1
-0.26192134618759155,-5.113810766488314e-05,4.278735064865032,1.3394162001072185e-05,1
-0.2609649896621704,-5.0939877837663516e-05,4.2807600648957305,1.3293524693298083e-05,1
-0.25984010100364685,-5.074484579381533e-05,4.282740064925747,1.318554585647946e-05,1
-0.25885239243507385,-5.0549722800496966e-05,4.284765064956446,1.3084916683838441e-05,1
-0.25781750679016113,-5.035289723309688e-05,4.286790064987144,1.2981858424298241e-05,1
-0.25685369968414307,-5.015426722820848e-05,4.288770065017161,1.288230909251252e-05,1
-0.2559261918067932,-4.994803020963445e-05,4.29079506504786,1.2783009159802409e-05,1
-0.2548413574695587,-4.975505726179108e-05,4.292820065078558,1.2679646333570464e-05,1
-0.25388219952583313,-4.955711119691841e-05,4.294800065108575,1.258166839281994e-05,1
-0.2528286874294281,-4.935299148201011e-05,4.296825065139274,1.2477852057112362e-05,1
-0.2518366575241089,-4.915581303066574e-05,4.298850065169972,1.2379235651522897e-05,1
-0.25081387162208557,-4.895703386864625e-05,4.300830065199989,1.2279103207728736e-05,1
-0.24983826279640198,-4.8759698984213173e-05,4.302855065230688,1.2182038488691305e-05,1
-0.24881766736507416,-4.856917803408578e-05,4.304880065261386,1.2084869584280222e-05,1
-0.24788984656333923,-4.837024607695639e-05,4.306905065292085,1.1990492878247681e-05,1
-0.2468295395374298,-4.816764339921065e-05,4.308885065322102,1.1889197240830284e-05,1
-0.24592000246047974,-4.796713619725779e-05,4.3109100653528,1.1796078251651802e-05,1
-0.2448423206806183,-4.777590947924182e-05,4.312935065383499,1.1697564549524716e-05,1
-0.2437984198331833,-4.756574344355613e-05,4.3149150654135155,1.1596453089729583e-05,1
-0.2428082525730133,-4.738295319839381e-05,4.316940065444214,1.1504972067850872e-05,1
-0.24175909161567688,-4.718296986538917e-05,4.318965065474913,1.1406911934386341e-05,1
-0.2408418357372284,-4.698648990597576e-05,4.3209450655049295,1.1316312483803954e-05,1
-0.23979640007019043,-4.6780558477621526e-05,4.322970065535628,1.121780951620667e-05,1
-0.23879718780517578,-4.6583729272242635e-05,4.324995065566327,1.1124063547689189e-05,1
-0.23784053325653076,-4.6390065108425915e-05,4.3269750655963435,1.1033437823193201e-05,1
-0.23681309819221497,-4.618341336026788e-05,4.329000065627042,1.093683720293677e-05,1
-0.2357567995786667,-4.5989389036549255e-05,4.331025065657741,1.0842311173835074e-05,1
-0.23473498225212097,-4.578596417559311e-05,4.3330050656877575,1.0747567488154095e-05,1
-0.23377983272075653,-4.5587323256768286e-05,4.335030065718456,1.0657396805154344e-05,1
-0.23277351260185242,-4.5399250666378066e-05,4.337055065749155,1.0567743047104811e-05,1
-0.23176345229148865,-4.520013681030832e-05,4.339035065779171,1.0475739751204653e-05,1
-0.2307465672492981,-4.4989483285462484e-05,4.34106006580987,1.0381168830440142e-05,1
-0.2296760082244873,-4.479510971577838e-05,4.343085065840569,1.0288361987497927e-05,1
-0.22867682576179504,-4.459547562873922e-05,4.345110065871268,1.0197951810117577e-05,1
-0.22770462930202484,-4.439102121978067e-05,4.347090065901284,1.0108041031188476e-05,1
-0.22672127187252045,-4.419691322254948e-05,4.349115065931983,1.0020380378655835e-05,1
-0.22577917575836182,-4.400744364829734e-05,4.3511400659626815,9.935964354145128e-06,1
-0.2247256636619568,-4.380373138701543e-05,4.353120065992698,9.84382260681713e-06,1
-0.2237522453069687,-4.36127302236855e-05,4.355145066023397,9.758446311516726e-06,1
-0.2227102369070053,-4.341135354479775e-05,4.3571700660540955,9.668152832415671e-06,1
-0.22164244949817657,-4.320913285482675e-05,4.359150066084112,9.57697804663594e-06,1
-0.22063332796096802,-4.301244189264253e-05,4.361175066114811,9.489978198501479e-06,1
-0.21969124674797058,-4.281385918147862e-05,4.3632000661455095,9.405830101671085e-06,1
-0.2186858355998993,-4.2614898120518774e-05,4.365180066175526,9.319274604490226e-06,1
-0.21773569285869598,-4.2417403165018186e-05,4.367205066206225,9.235782667401879e-06,1
-0.21661517024040222,-4.222267307341099e-05,4.3692300662369234,9.146071515801768e-06,1
-0.21558775007724762,-4.202505078865215e-05,4.37121006626694,9.060086146407578e-06,1
-0.2146952748298645,-4.181885742582381e-05,4.373235066297639,8.978311088108162e-06,1
-0.2137032449245453,-4.162167897447944e-05,4.375260066328337,8.894687856053976e-06,1
-0.21269069612026215,-4.142716352362186e-05,4.377240066358354,8.811172248127065e-06,1
-0.2116548866033554,-4.122382233617827e-05,4.379265066389053,8.725223441920682e-06,1
-0.21062716841697693,-4.1032944864127785e-05,4.381290066419751,8.642652988541171e-06,1
-0.209600031375885,-4.0831837395671755e-05,4.383270066449768,8.558354399267835e-06,1
-0.20865732431411743,-4.0630529838381335e-05,4.385295066480467,8.47785764154156e-06,1
-0.20758675038814545,-4.0432652895106e-05,4.387320066511165,8.393283024066896e-06,1
-0.20667320489883423,-4.023967630928382e-05,4.389345066541864,8.316462866931381e-06,1
-0.2056007832288742,-4.004098809673451e-05,4.391325066571881,8.232458513946644e-06,1
-0.20461058616638184,-3.983831265941262e-05,4.393350066602579,8.151340505122007e-06,1
-0.20362567901611328,-3.964183269999921e-05,4.395375066633278,8.072095100980503e-06,1
-0.20256969332695007,-3.9432503399439156e-05,4.397355066663295,7.987830120738306e-06,1
-0.20152738690376282,-3.924537304555997e-05,4.399380066693993,7.909017477935069e-06,1
-0.2005995512008667,-3.904504410456866e-05,4.401405066724692,7.83241832399452e-06,1
-0.19955351948738098,-3.885179103235714e-05,4.4033850667547085,7.753011638895134e-06,1
-0.19858691096305847,-3.865173493977636e-05,4.405410066785407,7.675728645053104e-06,1
-0.19760911166667938,-3.845490573439747e-05,4.407435066816106,7.599039761400179e-06,1
-0.1966266930103302,-3.8249152567004785e-05,4.4094150668461225,7.520804379697733e-06,1
-0.19561073184013367,-3.804828884312883e-05,4.411440066876821,7.442653625869223e-06,1
-0.1945972740650177,-3.785356238950044e-05,4.41346506690752,7.366200054646863e-06,1
-0.1936328411102295,-3.7660403904737905e-05,4.4154450669375365,7.292291005433181e-06,1
-0.19258461892604828,-3.745465073734522e-05,4.417470066968235,7.213189639259862e-06,1
-0.1915426105260849,-3.726622890098952e-05,4.419495066998934,7.138070768158164e-06,1
-0.19058683514595032,-3.7064710340928286e-05,4.42147506702895,7.064045839478899e-06,1
-0.18956562876701355,-3.6866968002868816e-05,4.423500067059649,6.988709970197197e-06,1
-0.18850219249725342,-3.66666354238987e-05,4.425525067090348,6.911741168902363e-06,1
-0.18754085898399353,-3.6464993172558025e-05,4.427505067120364,6.838676142426991e-06,1
-0.18654665350914001,-3.6266323149902746e-05,4.429530067151063,6.765361218695411e-06,1
-0.18547609448432922,-3.606599057093263e-05,4.431555067181762,6.689379074805227e-06,1
-0.18451258540153503,-3.5876870242645964e-05,4.433580067212461,6.619734084586004e-06,1
-0.1834448128938675,-3.567341627785936e-05,4.435560067242477,6.544103174376957e-06,1
-0.1824713796377182,-3.5475855838740245e-05,4.437585067273176,6.473328358723733e-06,1
-0.1814650595188141,-3.5280078009236604e-05,4.4396100673038745,6.402101455774524e-06,1
-0.1805105209350586,-3.508173904265277e-05,4.441590067333891,6.3326229898970354e-06,1
-0.17956659197807312,-3.4881515603046864e-05,4.44361506736459,6.2635548798691074e-06,1
-0.1785174310207367,-3.46902925230097e-05,4.4456400673952885,6.1928219025655625e-06,1
-0.177524134516716,-3.4489334211684763e-05,4.447620067425305,6.122689205987101e-06,1
-0.1764833629131317,-3.428437776165083e-05,4.449645067456004,6.050622282760326e-06,1
-0.17543421685695648,-3.408159318496473e-05,4.4516700674867025,5.979077609641673e-06,1
-0.1744185835123062,-3.388962068129331e-05,4.453650067516719,5.910979635000537e-06,1
-0.17350006103515625,-3.369389014551416e-05,4.455675067547418,5.8458919967585565e-06,1
-0.17247945070266724,-3.349811231601052e-05,4.457700067578116,5.777736011841747e-06,1
-0.17143960297107697,-3.329685205244459e-05,4.459680067608133,5.70839909605779e-06,1
-0.17044538259506226,-3.309184467070736e-05,4.461705067638832,5.640352125675088e-06,1
-0.16939625144004822,-3.289431697339751e-05,4.46373006766953,5.57217398897429e-06,1
-0.16837874054908752,-3.2708099752198905e-05,4.465710067699547,5.507348642029173e-06,1
-0.1674121469259262,-3.25073124258779e-05,4.467735067730246,5.4421189640080575e-06,1
-0.16644148528575897,-3.230593210901134e-05,4.469760067760944,5.377047323764739e-06,1
-0.16547799110412598,-3.21080515277572e-05,4.471785067791643,5.313175865081024e-06,1
-0.1644018292427063,-3.190117058693431e-05,4.47376506782166,5.24461079947562e-06,1
-0.1633368581533432,-3.171544449287467e-05,4.475790067852358,5.180301058402899e-06,1
-0.1623733639717102,-3.151476266793907e-05,4.477815067883057,5.117158029163335e-06,1
-0.16146011650562286,-3.1306939490605146e-05,4.479795067913074,5.054822097587592e-06,1
-0.16048917174339294,-3.1118303013499826e-05,4.481820067943772,4.994150676696516e-06,1
-0.15939006209373474,-3.0914117814973e-05,4.483845067974471,4.927403158101577e-06,1
-0.15838435292243958,-3.0713435990037397e-05,4.4858250680044875,4.86452768530684e-06,1
-0.15735599398612976,-3.052781903534196e-05,4.487850068035186,4.803735308534928e-06,1
-0.1563567966222763,-3.0329938454087824e-05,4.489875068065885,4.742292018431967e-06,1
-0.15535326302051544,-3.012980414496269e-05,4.4918550680959015,4.680763388089005e-06,1
-0.15437981486320496,-2.9927174182375893e-05,4.4938800681266,4.6201516096540775e-06,1
-0.1532735824584961,-2.9730696041951887e-05,4.495905068157299,4.556930291334596e-06,1
-0.15235941112041473,-2.9532649932662025e-05,4.4978850681873155,4.499577152565742e-06,1
-0.15135370194911957,-2.933563882834278e-05,4.499910068218014,4.440057535712012e-06,1
-0.15044015645980835,-2.9131804694770835e-05,4.501935068248713,4.382593256237904e-06,1
-0.14935067296028137,-2.8941705750185065e-05,4.5039150682787294,4.3224632304085845e-06,1
-0.14829190075397491,-2.8735694286297075e-05,4.505940068309428,4.26127072520013e-06,1
-0.14732125401496887,-2.853816476999782e-05,4.507965068340127,4.204278221201885e-06,1
-0.14631213247776031,-2.834235601767432e-05,4.509945068370143,4.146830548389812e-06,1
-0.1453157365322113,-2.813890387187712e-05,4.511970068400842,4.089025541350916e-06,1
-0.1443379521369934,-2.7944177418248728e-05,4.513995068431541,4.033405342702837e-06,1
-0.1433173567056656,-2.7740343284676783e-05,4.51602006846224,3.9756726736676375e-06,1
-0.14224585890769958,-2.7536891138879582e-05,4.518000068492256,3.917008731697748e-06,1
-0.14126187562942505,-2.735123962338548e-05,4.520025068522955,3.863687409989282e-06,1
-0.14029836654663086,-2.7152309485245496e-05,4.5220500685536535,3.8094246687485345e-06,1
-0.1392892450094223,-2.6944850105792284e-05,4.52403006858367,3.75312782812786e-06,1
-0.1383213996887207,-2.6754449208965525e-05,4.526055068614369,3.700712862484898e-06,1
-0.13730792701244354,-2.6554469513939694e-05,4.5280800686450675,3.6461391618741886e-06,1
-0.13624326884746552,-2.6357563911005855e-05,4.530060068675084,3.5910406660914253e-06,1
-0.13528099656105042,-2.6163612346863374e-05,4.532085068705783,3.5394395519206803e-06,1
-0.13421757519245148,-2.5963279767893255e-05,4.5341100687364815,3.484728454489867e-06,1
-0.13328664004802704,-2.5765886675799266e-05,4.536090068766498,3.4342484628755126e-06,1
-0.1322905719280243,-2.5567169359419495e-05,4.538115068797197,3.3822954571382634e-06,1
-0.13114149868488312,-2.5359484425280243e-05,4.5401400688278954,3.325680793407203e-06,1
-0.13020342588424683,-2.5172386813210323e-05,4.542120068857912,3.2775310007634225e-06,1
-0.12924304604530334,-2.4966879209387116e-05,4.544145068888611,3.226795519266346e-06,1
-0.12822243571281433,-2.476900044712238e-05,4.546170068919309,3.175941567501819e-06,1
-0.1272319257259369,-2.4573768314439803e-05,4.548150068949326,3.1265678649891864e-06,1
-0.12635251879692078,-2.436903741909191e-05,4.550175068980025,3.0790892585586763e-06,1
-0.12522485852241516,-2.417886207695119e-05,4.552200069010723,3.027794582819202e-06,1
-0.1242113932967186,-2.3982733182492666e-05,4.554225069041422,2.97892870366086e-06,1
-0.12308374047279358,-2.3773054635967128e-05,4.556205069071439,2.9260764870589202e-06,1
-0.12211309373378754,-2.358031997573562e-05,4.558230069102137,2.8794658234697064e-06,1
-0.12114958465099335,-2.3381040591630153e-05,4.560255069132836,2.832603356384009e-06,1
-0.1200675442814827,-2.3174434318207204e-05,4.562235069162853,2.7824974186996558e-06,1
-0.11917261779308319,-2.2979676941758953e-05,4.564260069193551,2.7385482571887665e-06,1
-0.11813773959875107,-2.2783548047300428e-05,4.56628506922425,2.6915968663476114e-06,1
-0.11722264438867569,-2.25849544222001e-05,4.568265069254267,2.6474680807680106e-06,1
-0.11609654128551483,-2.2391641323338263e-05,4.570290069284965,2.5995921113453806e-06,1
-0.1151544377207756,-2.2197264115675353e-05,4.572315069315664,2.5561134681801445e-06,1
-0.11416175961494446,-2.1992547772242688e-05,4.5742950693456805,2.510707952094952e-06,1
-0.11312751471996307,-2.1796604414703324e-05,4.576320069376379,2.4657956867695625e-06,1
-0.11215686798095703,-2.1594521967926994e-05,4.578345069407078,2.4219739494686643e-06,1
-0.11116792261600494,-2.1406356609077193e-05,4.5803250694370945,2.3797001950084994e-06,1
-0.1101299375295639,-2.119175587722566e-05,4.582350069467793,2.3338467509006306e-06,1
-0.10915929079055786,-2.1004034351790324e-05,4.584375069498492,2.2927854935819465e-06,1
-0.10825598984956741,-2.0812854927498847e-05,4.5863550695285085,2.2531162117718343e-06,1
-0.1071823239326477,-2.0604773453669623e-05,4.588380069559207,2.2084675028700377e-06,1
-0.10614030808210373,-2.0408293494256213e-05,4.590405069589906,2.1661425589103477e-06,1
-0.10515042394399643,-2.0211311493767425e-05,4.592385069619922,2.1252279720338125e-06,1
-0.10413479059934616,-2.0006931663374417e-05,4.594410069650621,2.0834176393009232e-06,1
-0.10321410745382309,-1.980800152523443e-05,4.59643506968132,2.0444651978710382e-06,1
-0.10213640332221985,-1.9614673874457367e-05,4.598460069712019,2.0033722418753863e-06,1
-0.1010543629527092,-1.9413155314396136e-05,4.600440069742035,1.9617840431983025e-06,1
-0.10011661052703857,-1.921751390909776e-05,4.602465069772734,1.923992355335087e-06,1
-0.09906746447086334,-1.901893483591266e-05,4.604490069803433,1.8841576511304426e-06,1
-0.09807541221380234,-1.8820750483428128e-05,4.606470069833449,1.8458528618353333e-06,1
-0.09705480188131332,-1.862352655734867e-05,4.608495069864148,1.8075026803548522e-06,1
-0.09611271321773529,-1.84221426025033e-05,4.6105200698948465,1.7706021088106233e-06,1
-0.09514858573675156,-1.8224691302748397e-05,4.612500069924863,1.7340536029453863e-06,1
-0.0940500944852829,-1.8029537386610173e-05,4.614525069955562,1.6956796947366272e-06,1
-0.09303663671016693,-1.7825354007072747e-05,4.6165500699862605,1.6584109849861455e-06,1
-0.09204302728176117,-1.7633747120271437e-05,4.618530070016277,1.6230634672708213e-06,1
-0.09108106791973114,-1.7438000213587657e-05,4.620555070046976,1.5882716818380635e-06,1
-0.08999623358249664,-1.723766945360694e-05,4.6225800700776745,1.5513253265646775e-06,1
-0.08902683854103088,-1.7037322322721593e-05,4.624560070107691,1.5167789435964365e-06,1
-0.08801926672458649,-1.6832804249133915e-05,4.62658507013839,1.4816110869272708e-06,1
-0.08704148232936859,-1.6638776287436485e-05,4.628610070169088,1.44826375220522e-06,1
-0.08606276661157608,-1.6444917491753586e-05,4.630590070199105,1.415295096039414e-06,1
-0.08505737036466599,-1.624301694391761e-05,4.632615070229804,1.3815883080383452e-06,1
-0.0839868113398552,-1.6038484318414703e-05,4.634640070260502,1.3470211566279217e-06,1
-0.08290911465883255,-1.5844107110751793e-05,4.636665070291201,1.3136208931121445e-06,1
-0.0819518119096756,-1.5648587577743456e-05,4.638645070321218,1.2824301058233178e-06,1
-0.08097496628761292,-1.5450099454028532e-05,4.640670070351916,1.251071282430227e-06,1
-0.07985444366931915,-1.525466996099567e-05,4.642695070382615,1.2181531830943838e-06,1
-0.07892817258834839,-1.5049969078972936e-05,4.644675070412632,1.1878665569144825e-06,1
-0.07806304097175598,-1.4847004422335885e-05,4.64670007044333,1.1590023145286485e-06,1
-0.07703529298305511,-1.4650175216956995e-05,4.648725070474029,1.1285805400913752e-06,1
-0.07594922184944153,-1.4450620255956892e-05,4.650705070504046,1.0975133636817035e-06,1
-0.07485848665237427,-1.425826849299483e-05,4.652730070534744,1.067352401668822e-06,1
-0.07390211522579193,-1.4060738976695575e-05,4.654755070565443,1.03911835201554e-06,1
-0.07305963337421417,-1.3863331332686357e-05,4.6567350705954595,1.0128499045113212e-06,1
-0.07191801071166992,-1.3664280231751036e-05,4.658760070626158,9.827078520743306e-07,1
-0.07099732756614685,-1.3462547940434888e-05,4.660785070656857,9.558049260020114e-07,1
-0.06990938633680344,-1.326800247625215e-05,4.6627650706868735,9.275579110299762e-07,1
-0.06892043352127075,-1.3071341527393088e-05,4.664790070717572,9.00882524772521e-07,1
-0.06792125105857849,-1.2873812920588534e-05,4.666815070748271,8.744054794604654e-07,1
-0.06697511672973633,-1.2673039236688055e-05,4.6687950707782875,8.487782821977111e-07,1
-0.06593713909387589,-1.2475952644308563e-05,4.670820070808986,8.226286248363824e-07,1
-0.06493081152439117,-1.2276321285753511e-05,4.672845070839685,7.971115036181327e-07,1
-0.06380252540111542,-1.2083557521691546e-05,4.6748250708697014,7.709614857135641e-07,1
-0.06288246810436249,-1.1874958545377012e-05,4.6768500709004,7.467267019702967e-07,1
-0.06184045597910881,-1.1681632713589352e-05,4.678875070931099,7.223974935888397e-07,1
-0.06096259504556656,-1.148585397459101e-05,4.680900070961798,7.002074646055028e-07,1
-0.059825628995895386,-1.1276264558546245e-05,4.682880070991814,6.746096199391517e-07,1
-0.05890711769461632,-1.1090794941992499e-05,4.684905071022513,6.533267629748075e-07,1
-0.05790792405605316,-1.0894667866523378e-05,4.686930071053212,6.308875994305585e-07,1
-0.0568690150976181,-1.068897563527571e-05,4.688910071083228,6.078715167805664e-07,1
-0.05586671829223633,-1.0498557458049618e-05,4.690935071113927,5.865199519837147e-07,1
-0.0548175685107708,-1.0299627319909632e-05,4.6929600711446255,5.646005262445529e-07,1
-0.05386771261692047,-1.0090358045999892e-05,4.694940071174642,5.435445074237534e-07,1
-0.05278350040316582,-9.894411959976424e-06,4.696965071205341,5.222616976785042e-07,1
-0.05182713270187378,-9.69303073361516e-06,4.6989900712360395,5.023619901144138e-07,1
-0.05082918331027031,-9.50051071413327e-06,4.700970071266056,4.829032006298671e-07,1
-0.04982161149382591,-9.300072633777745e-06,4.702995071296755,4.6334460562443713e-07,1
-0.04880814999341965,-9.108147423830815e-06,4.7050200713274535,4.4455182562451315e-07,1
-0.04779064655303955,-8.912856173992623e-06,4.70700007135747,4.259511591893578e-07,1
-0.04673125967383385,-8.711687769391574e-06,4.709025071388169,4.071081433488e-07,1
-0.045739203691482544,-8.508905011694878e-06,4.7110500714188674,3.891905395213887e-07,1
-0.04475211724638939,-8.310949851875193e-06,4.713030071448884,3.719326021999812e-07,1
-0.043819330632686615,-8.107892426778562e-06,4.715055071479583,3.552824189832657e-07,1
-0.042791590094566345,-7.915616151876748e-06,4.717080071510281,3.387218017170384e-07,1
-0.04169248044490814,-7.717387234151829e-06,4.71910507154098,3.2175701634565887e-07,1
-0.04065605252981186,-7.514619483117713e-06,4.721085071570997,3.0551476444718137e-07,1
-0.03980115428566933,-7.317775271076243e-06,4.723110071601695,2.9125590259196124e-07,1
-0.038794826716184616,-7.116744200175162e-06,4.725135071632394,2.760928580292073e-07,1
-0.03774412348866463,-6.9218490352795925e-06,4.727115071662411,2.6125912475748706e-07,1
-0.03672507405281067,-6.717482392559759e-06,4.729140071693109,2.4670003831520895e-07,1
-0.020930714905261993,-3.971881142206257e-06,4.741200071875937,8.313431182510554e-08,1
-0.02098781242966652,-4.102106686332263e-06,4.743225071906636,8.609424569922241e-08,1
-0.021233264356851578,-4.2503256736381445e-06,4.7452050719366525,9.024828863107199e-08,1
-0.021408898755908012,-4.344121862231987e-06,4.747230071967351,9.300286513185118e-08,1
-0.021630149334669113,-4.393951712700073e-06,4.74925507199805,9.504183171502769e-08,1
-0.02184395119547844,-4.404353148856899e-06,4.7512350720280665,9.620847523128188e-08,1
-0.021858535706996918,-4.382330189400818e-06,4.753260072058765,9.579132092486835e-08,1
-0.02188708446919918,-4.331608579377644e-06,4.755285072089464,9.480628286434635e-08,1
-0.021702449768781662,-4.258266471879324e-06,4.7572650721194805,9.241481420804814e-08,1
-0.021501680836081505,-4.160086973570287e-06,4.759290072150179,8.944886235604855e-08,1
-0.021102003753185272,-4.044985871587414e-06,4.761315072180878,8.535730704381902e-08,1
-0.020709466189146042,-3.914855824405095e-06,4.763340072211577,8.107457433089876e-08,1
-0.020220421254634857,-3.772693162318319e-06,4.765320072241593,7.628544500655693e-08,1
-0.01965317875146866,-3.624889359343797e-06,4.767345072272292,7.124059853348035e-08,1
-0.019103623926639557,-3.4648619475774467e-06,4.769370072302991,6.619141960424344e-08,1
-0.018380915746092796,-3.2972536700981436e-06,4.771350072333007,6.060654190356923e-08,1
-0.01762624830007553,-3.128218395431759e-06,4.773375072363706,5.5138754174744044e-08,1
-0.01694822497665882,-2.9492780413420405e-06,4.775400072394405,4.998502776338458e-08,1
-0.01602754183113575,-2.7703829346137354e-06,4.777380072424421,4.440242837278626e-08,1
-0.015199640765786171,-2.586047912700451e-06,4.77940507245512,3.930699927615801e-08,1
-0.014264683239161968,-2.399433924438199e-06,4.7814300724858185,3.42271648854102e-08,1
-0.013458194211125374,-2.211783112215926e-06,4.783410072515835,2.9766606677089238e-08,1
-0.012594606727361679,-2.021748514380306e-06,4.785435072546534,2.5463127440247682e-08,1
-0.011666785925626755,-1.8312183556190575e-06,4.7874600725772325,2.136443253808579e-08,1
-0.01066542323678732,-1.6412556078648777e-06,4.789440072607249,1.7504685697629563e-08,1
-0.009704089723527431,-1.4456365988735342e-06,4.791465072637948,1.4028587263083811e-08,1
-0.008776269853115082,-1.2510308806668036e-06,4.7934900726686465,1.097938460331208e-08,1
-0.007894995622336864,-1.057671056514664e-06,4.795470072698663,8.35030836105568e-09,1
-0.006849258206784725,-8.586673061472538e-07,4.797495072729362,5.8812340935268105e-09,1
-0.0008326999377459288,6.31801384542996e-08,4.811580072942888,-5.261009735767443e-11,1
-0.0005329425912350416,9.927194355441316e-08,4.813605072973587,-5.2906246834827735e-11,1
-0.0002241863403469324,1.3823584765759733e-07,4.815585073003604,-3.0990588791112815e-11,1
0.00013080579810775816,1.8044754312995792e-07,4.817610073034302,2.360358489569826e-11,1
0.000416289025451988,2.2605860294788727e-07,4.819635073065001,9.410571551621389e-11,1
0.0006843949668109417,2.7444914962870826e-07,4.821615073095018,1.8783161665143096e-10,1
0.0010229407344013453,3.2583395181973174e-07,4.823640073125716,3.3330882196736893e-10,1
0.0011371341533958912,3.8082271203165874e-07,4.825665073156415,4.330465122400475e-10,1
0.001466370653361082,4.3816137917929154e-07,4.8276450731864315,6.425069878647306e-10,1
0.001765197142958641,4.982351811122498e-07,4.82967007321713,8.794833182208245e-10,1
0.002193422056734562,5.616037697109277e-07,4.831695073247829,1.2318340956292264e-09,1
0.002360057318583131,6.265144634198805e-07,4.8336750732778455,1.4786100445922721e-09,1
0.002750114304944873,6.951706836844096e-07,4.835700073308544,1.911798841578802e-09,1
0.00307128275744617,7.663422252335295e-07,4.837725073339243,2.353653662662668e-09,1
0.003439928637817502,8.389027357225132e-07,4.8397050733692595,2.8857655449553206e-09,1
0.0037849906366318464,9.151187327915977e-07,4.841730073399958,3.463715835022598e-09,1
0.004170393105596304,9.939658411894925e-07,4.843755073430657,4.14522829129489e-09,1
0.03236186131834984,7.148632903408725e-06,4.857840073644184,2.313430666359057e-07,1
0.032976265996694565,7.0462983785546385e-06,4.8598200736742,2.3236060962329537e-07,1
0.03349665552377701,6.964120530028595e-06,4.861845073704899,2.332747464204312e-07,1
0.03385350853204727,6.919799488969147e-06,4.8638700737355975,2.3425949103987338e-07,1
0.034048691391944885,6.913202014402486e-06,4.865850073765614,2.3538548191856198e-07,1
0.03437451645731926,6.9382667788886465e-06,4.867875073796313,2.3849956557617927e-07,1
0.034717097878456116,6.98838266544044e-06,4.8699000738270115,2.426163650082018e-07,1
0.035046644508838654,7.0609498834528495e-06,4.871880073857028,2.4746260046009774e-07,1
0.03535229712724686,7.155064849939663e-06,4.873905073887727,2.529479785397869e-07,1
0.03580193221569061,7.267109594977228e-06,4.8759300739184255,2.601765651233696e-07,1
0.036320146173238754,7.39083361622761e-06,4.877910073948442,2.684361572834736e-07,1
0.03689390420913696,7.530903531005606e-06,4.879935073979141,2.7784443348117215e-07,1
0.037529107183218,7.679692316742148e-06,4.8819600740098394,2.8821199608915186e-07,1
0.038100071251392365,7.835803444322664e-06,4.883985074040538,2.985446695405992e-07,1
0.03888949379324913,8.001264177437406e-06,4.885965074070555,3.111651135665986e-07,1
0.03964168205857277,8.168084605131298e-06,4.887990074101253,3.2379661294413783e-07,1
0.04043389856815338,8.341262400790583e-06,4.890015074131952,3.37269757843918e-07,1
0.041160948574543,8.521257768734358e-06,4.891995074161969,3.5074305280929994e-07,1
0.04199691861867905,8.69837913342053e-06,4.894020074192667,3.65305120580678e-07,1
0.042910464107990265,8.879962479113601e-06,4.896045074223366,3.8104331124030443e-07,1
0.04373774304986,9.064208825293463e-06,4.898025074253383,3.9644803655095883e-07,1
0.04460909217596054,9.247076377505437e-06,4.900050074284081,4.125036824822873e-07,1
0.045536912977695465,9.437257176614366e-06,4.90207507431478,4.297435587996204e-07,1
0.0463741198182106,9.62530066317413e-06,4.904055074344797,4.4636484624033907e-07,1
0.047385409474372864,9.813477845455054e-06,4.906080074375495,4.650156660745741e-07,1
0.048327505588531494,1.0005758667830378e-05,4.908105074406194,4.8355335793707e-07,1
0.04927860200405121,1.0197854862781242e-05,4.910085074436211,5.02536031078075e-07,1
0.050161734223365784,1.0391499927209225e-05,4.912110074466909,5.21255657530794e-07,1
0.05116806551814079,1.0585532436380163e-05,4.914135074497608,5.416412172491047e-07,1
0.05220542475581169,1.0777253919513896e-05,4.9161150745276245,5.626311185694593e-07,1
0.07995791733264923,1.346499630017206e-05,4.930200074741151,1.0766330610535854e-06,1
0.07713276147842407,1.3286563444125932e-05,4.93222507477185,1.0248293290037141e-06,1
0.0749131292104721,1.3320185644261073e-05,4.934250074802549,9.978567882760054e-07,1
0.07351239770650864,1.3487807336787228e-05,4.936230074832565,9.915210571306677e-07,1
0.07274346053600311,1.368897756037768e-05,4.938255074863264,9.95783598941566e-07,1
0.0722866877913475,1.3927833606430795e-05,4.940280074893963,1.0067969595179004e-06,1
0.07241018861532211,1.4168653251545038e-05,4.942260074923979,1.0259548543694732e-06,1
0.0727291852235794,1.4406947229872458e-05,4.944285074954678,1.0478055335877282e-06,1
0.07332870364189148,1.4632145393989049e-05,4.946310074985377,1.0729562532408904e-06,1
0.07389966398477554,1.4848038517811801e-05,4.948290075015393,1.0972650572992968e-06,1
0.07464192807674408,1.5070982044562697e-05,4.950315075046092,1.1249271578161503e-06,1
0.07547695934772491,1.5280418665497564e-05,4.9523400750767905,1.1533195384319766e-06,1
0.07634241133928299,1.5491606973228045e-05,4.954320075106807,1.1826666318566801e-06,1
0.07731832563877106,1.5701045413152315e-05,4.956345075137506,1.2139785421232433e-06,1
0.07815336436033249,1.590242754900828e-05,4.9583700751682045,1.2428282144514332e-06,1
0.0790979415178299,1.6098996638902463e-05,4.960350075198221,1.273397494639647e-06,1
0.08008751273155212,1.630554106668569e-05,4.96237507522892,1.3058702277730363e-06,1
0.08103674650192261,1.6502019207109697e-05,4.9644000752596185,1.3372699472564064e-06,1
0.08205734938383102,1.6699897969374433e-05,4.966425075290317,1.3703493623472881e-06,1
0.08308973908424377,1.6900077753234655e-05,4.968405075320334,1.4042230510197002e-06,1
0.08399863541126251,1.7092856069211848e-05,4.970430075351032,1.4357765850949117e-06,1
0.08500495553016663,1.729388714011293e-05,4.972455075381731,1.47006610728902e-06,1
0.08602400869131088,1.749979128362611e-05,4.974435075411748,1.5054021974787789e-06,1
0.0870247632265091,1.769945265550632e-05,4.976460075442446,1.5402906765842452e-06,1
0.08798825740814209,1.7890677554532886e-05,4.978485075473145,1.5741695418743096e-06,1
0.08898808062076569,1.8091101082973182e-05,4.980465075503162,1.609892361690039e-06,1
0.0899866446852684,1.8290989828528836e-05,4.98249007553386,1.6459448026416828e-06,1
0.0910572037100792,1.849202271841932e-05,4.984515075564559,1.6838318796825205e-06,1
0.09204895049333572,1.8683871530811302e-05,4.986495075594576,1.7198307655634943e-06,1
0.09310554713010788,1.8887430996983312e-05,4.988520075625274,1.7585245968562902e-06,1
0.09410473704338074,1.9081808204646222e-05,4.990545075655973,1.7956885434104578e-06,1
0.09491618722677231,1.9277007595519535e-05,4.99252507568599,1.829700062108244e-06,1
0.0961102545261383,1.948422141140327e-05,4.994550075716688,1.8726334790936019e-06,1
0.0970880389213562,1.9671944755828008e-05,4.996575075747387,1.9099105381125987e-06,1
0.09808878600597382,1.9874163626809604e-05,4.9985550757774035,1.9494325830378358e-06,1
0.0991649255156517,2.007926013902761e-05,5.000580075808102,1.9911583360960672e-06,1
0.10016411542892456,2.027048685704358e-05,5.002605075838801,2.0303753853494113e-06,1
0.10103049874305725,2.0463281543925405e-05,5.0045850758688175,2.0674155403023822e-06,1
0.1020054817199707,2.066449451376684e-05,5.006610075899516,2.1078917173764783e-06,1
0.10304035991430283,2.086692620650865e-05,5.008635075930215,2.150135586623849e-06,1
0.1040823757648468,2.106375541188754e-05,5.010660075960914,2.1923657057989045e-06,1
0.10514891147613525,2.126253275491763e-05,5.01264007599093,2.23573217440526e-06,1
0.10597370564937592,2.1460566131281666e-05,5.014665076021629,2.2742557182654094e-06,1
0.10712277144193649,2.1655992895830423e-05,5.016690076052328,2.3198499773282428e-06,1
0.10809061676263809,2.186005440307781e-05,5.018670076082344,2.362866762893503e-06,1
0.10917824506759644,2.2052801796235144e-05,5.020695076113043,2.4076861989364914e-06,1
0.1100989282131195,2.2250682377489284e-05,5.022720076143742,2.449776281772116e-06,1
0.11103978753089905,2.2441130568040535e-05,5.024700076173758,2.491858370228385e-06,1
0.11221151053905487,2.265064358653035e-05,5.026725076204457,2.541662931526326e-06,1
0.11321784555912018,2.2846772480988875e-05,5.028750076235156,2.5866623582769554e-06,1
0.11406343430280685,2.3047788999974728e-05,5.030730076265172,2.628909966423572e-06,1
0.11510202288627625,2.32414804486325e-05,5.032755076295871,2.67514141450944e-06,1
0.11618685722351074,2.3436907213181257e-05,5.0347800763265695,2.7230605921385598e-06,1
0.1171540915966034,2.363252133363858e-05,5.036760076356586,2.768646568979778e-06,1
0.1181923896074295,2.3834068997530267e-05,5.038785076387285,2.817005568886454e-06,1
0.11912733316421509,2.4035100068431348e-05,5.0408100764179835,2.86323737348727e-06,1
0.12015538662672043,2.4224926164606586e-05,5.042790076448,2.91075536931206e-06,1
0.12117567658424377,2.4432261852780357e-05,5.044815076478699,2.960595860494069e-06,1
0.12220342457294464,2.4629091058159247e-05,5.0468400765093975,3.009759271425949e-06,1
0.1232026144862175,2.482801937730983e-05,5.048865076540096,3.0588768997990407e-06,1
0.12421421706676483,2.502417737559881e-05,5.050845076570113,3.108358600449856e-06,1
0.12525096535682678,2.522167778806761e-05,5.0528700766008114,3.1590394908743036e-06,1
0.12618592381477356,2.5416404241696e-05,5.05489507663151,3.207192449288139e-06,1
0.12711870670318604,2.5620603992138058e-05,5.056875076661527,3.256858044435075e-06,1
0.1281985640525818,2.581671651569195e-05,5.058900076692225,3.3096659858642807e-06,1
0.1292477250099182,2.6021602025139146e-05,5.060925076722924,3.363232862862715e-06,1
0.13020190596580505,2.6220317522529513e-05,5.062905076752941,3.413935316461938e-06,1
0.13126039505004883,2.6412806619191542e-05,5.064930076783639,3.4669554312156264e-06,1
0.13220961391925812,2.6611036446411163e-05,5.066955076814338,3.5182348545713263e-06,1
0.13319577276706696,2.6806144887814298e-05,5.068935076844355,3.570465183238387e-06,1
0.13418659567832947,2.7008198230760172e-05,5.070960076875053,3.6241381759911885e-06,1
0.1352357268333435,2.7209927793592215e-05,5.072985076905752,3.679754362249238e-06,1
0.1362566500902176,2.7407320885686204e-05,5.074965076935769,3.7344297318312575e-06,1
0.13724124431610107,2.7603586204349995e-05,5.076990076966467,3.7883505182717547e-06,1
0.13834036886692047,2.779971509880852e-05,5.079015076997166,3.845822841164469e-06,1
0.1392206996679306,2.8000093152513728e-05,5.080995077027183,3.898192559460194e-06,1
0.14032447338104248,2.8195125196361914e-05,5.083020077057881,3.956466095092048e-06,1
0.1412665694952011,2.8399659640854225e-05,5.08504507708858,4.0119224922947915e-06,1
0.142303928732872,2.8591764930752106e-05,5.0870250771185965,4.068720479052777e-06,1
0.14327208697795868,2.879191561078187e-05,5.089050077149295,4.1250778376499865e-06,1
0.14431409537792206,2.899154605984222e-05,5.091075077179994,4.183888743233491e-06,1
0.14533470571041107,2.9187674954300746e-05,5.093100077210693,4.241982149854435e-06,1
0.14634041488170624,2.9394310331554152e-05,5.095080077240709,4.301575569081259e-06,1
0.14736875891685486,2.9584483854705468e-05,5.097105077271408,4.359828668863675e-06,1
0.14837509393692017,2.978551492560655e-05,5.099130077302107,4.419428575046409e-06,1
0.14935658872127533,2.9986349545652047e-05,5.101110077332123,4.478658876342354e-06,1
0.15030211210250854,3.0178824090398848e-05,5.103135077362822,4.535941001557013e-06,1
0.15134412050247192,3.0385459467652254e-05,5.105160077393521,4.598660639195339e-06,1
0.1522759646177292,3.0580580641981214e-05,5.107140077423537,4.6566874158279455e-06,1
0.15334251523017883,3.077526343986392e-05,5.109165077454236,4.719156302740099e-06,1
0.15439164638519287,3.097349690506235e-05,5.111190077484935,4.782049181479252e-06,1
0.15533685684204102,3.117298911092803e-05,5.113170077514951,4.842314146862731e-06,1
0.1563115268945694,3.137625753879547e-05,5.11519507754565,4.904470724126364e-06,1
0.1574106514453888,3.156958700856194e-05,5.117220077576349,4.969389256879618e-06,1
0.15831580758094788,3.176027530571446e-05,5.119200077606365,5.028153634017421e-06,1
0.1593804657459259,3.196604666300118e-05,5.121225077637064,5.0947634052051285e-06,1
0.16040107607841492,3.215901961084455e-05,5.1232500776677625,5.158341351206314e-06,1
0.161406472325325,3.2361087505705655e-05,5.125230077697779,5.223288974907101e-06,1
0.16232095658779144,3.2561434636591e-05,5.127255077728478,5.285403218082297e-06,1
0.16339151561260223,3.276176721556112e-05,5.1292800777591765,5.352994799497795e-06,1
0.16434818506240845,3.295532224001363e-05,5.131260077789193,5.416147398293065e-06,1
0.1654113084077835,3.3152620744658634e-05,5.133285077819892,5.483818374521011e-06,1
0.16632485389709473,3.335540532134473e-05,5.1353100778505905,5.547832916751039e-06,1
0.16750961542129517,3.3543477911734954e-05,5.137335077881289,5.618855084887431e-06,1
0.1684219092130661,3.3749824069673195e-05,5.139315077911306,5.684209805419452e-06,1
0.16929388046264648,3.3942389563890174e-05,5.141340077942004,5.746238841445803e-06,1
0.17037871479988098,3.4142020012950525e-05,5.143365077972703,5.817073490478326e-06,1
0.17143064737319946,3.4350268833804876e-05,5.14534507800272,5.888688823622607e-06,1
0.172419935464859,3.454688339843415e-05,5.147370078033418,5.956571406070025e-06,1
0.17343339323997498,3.4736360248643905e-05,5.149395078064117,6.024444826728493e-06,1
0.1744096279144287,3.493353506200947e-05,5.151375078094134,6.092744851900721e-06,1
0.1754460334777832,3.513246701913886e-05,5.153400078124832,6.16385198479695e-06,1
0.17646664381027222,3.533174822223373e-05,5.155425078155531,6.234875028727138e-06,1
0.17735877633094788,3.553982969606295e-05,5.157405078185548,6.303300705904008e-06,1
0.1784864366054535,3.57418684870936e-05,5.159430078216246,6.379438743882087e-06,1
0.17951416969299316,3.592854045564309e-05,5.161455078246945,6.449682108175883e-06,1
0.18045689165592194,3.612711589084938e-05,5.163435078276962,6.5193870381559426e-06,1
0.1814768761396408,3.633270534919575e-05,5.16546007830766,6.593545868474062e-06,1
0.18249748647212982,3.652638042694889e-05,5.167485078338359,6.6659726178429726e-06,1
0.1834656298160553,3.671476952149533e-05,5.1694650783683755,6.7358983138124514e-06,1
0.18443164229393005,3.692704194691032e-05,5.171490078399074,6.810514991325515e-06,1
0.18550217151641846,3.711616591317579e-05,5.173515078429773,6.88512937525778e-06,1
0.1865156590938568,3.731754986802116e-05,5.175540078460472,6.960307409401836e-06,1
0.18753190338611603,3.751840995391831e-05,5.177520078490488,7.035898830678902e-06,1
0.18859253823757172,3.771716001210734e-05,5.179545078521187,7.113174941795965e-06,1
0.1895703375339508,3.7916088331257924e-05,5.181570078551886,7.187765662923658e-06,1
0.1905480921268463,3.810971975326538e-05,5.183550078581902,7.2617343904735066e-06,1
0.19156156480312347,3.830484638456255e-05,5.185575078612601,7.337736312970069e-06,1
0.19253221154212952,3.8502723327837884e-05,5.1876000786433,7.4130144727033685e-06,1
0.19349727034568787,3.8704682083334774e-05,5.189580078673316,7.48925033272293e-06,1
0.1945520043373108,3.8903737731743604e-05,5.191605078704015,7.568800151923783e-06,1
0.19550836086273193,3.9105118048610166e-05,5.193630078734714,7.645377531027408e-06,1
0.1964985579252243,3.930366801796481e-05,5.19561007876473,7.723114086701844e-06,1
0.19756385684013367,3.9497375837527215e-05,5.197635078795429,7.803253905526181e-06,1
0.19857732951641083,3.9698057662462816e-05,5.199660078826128,7.883134277600356e-06,1
0.19948497414588928,3.988730168202892e-05,5.201640078856144,7.956917344788825e-06,1
0.2005685567855835,4.009521580883302e-05,5.203665078886843,8.04183956878415e-06,1
0.20153206586837769,4.028714101877995e-05,5.2056900789175415,8.119150757445381e-06,1
0.20257562398910522,4.048299524583854e-05,5.207670078947558,8.200868022873722e-06,1
0.20363037288188934,4.069795977557078e-05,5.209695078978257,8.287340724631611e-06,1
0.20447254180908203,4.088953573955223e-05,5.2117200790089555,8.360787306059547e-06,1
0.20553968846797943,4.108161374460906e-05,5.213700079038972,8.443902090828808e-06,1
0.2065993994474411,4.128354339627549e-05,5.215725079069671,8.52915527273289e-06,1
0.20757004618644714,4.148072548559867e-05,5.2177500791003695,8.61015610489305e-06,1
0.20861917734146118,4.167544830124825e-05,5.219775079131068,8.694297739943006e-06,1
0.20963576436042786,4.18812342104502e-05,5.221755079161085,8.779804546065828e-06,1
0.2106175720691681,4.207120946375653e-05,5.223780079191783,8.860935991269808e-06,1
0.21164530515670776,4.227364479447715e-05,5.225805079222482,8.947018452613387e-06,1
0.21262215077877045,4.247546894475818e-05,5.227785079252499,9.031225562371355e-06,1
0.21362940967082977,4.267325493856333e-05,5.229810079283197,9.116262261258106e-06,1
0.2146642804145813,4.286973489797674e-05,5.231835079313896,9.202600793438041e-06,1
0.21563835442066193,4.306238770368509e-05,5.233815079343913,9.2859024218472e-06,1
0.21667695045471191,4.326794442022219e-05,5.235840079374611,9.375166249417713e-06,1
0.21767614781856537,4.3465472117532045e-05,5.23786507940531,9.461396533659637e-06,1
0.21866199374198914,4.3658812501234934e-05,5.239845079435327,9.54652298592771e-06,1
0.21966737508773804,4.3859130528289825e-05,5.241870079466025,9.634420076779903e-06,1
0.22075222432613373,4.405945946928114e-05,5.243895079496724,9.726223680450946e-06,1
0.22170796990394592,4.4257067202124745e-05,5.245875079526741,9.812144523285585e-06,1
0.22272919118404388,4.445697049959563e-05,5.247900079557439,9.901865081867833e-06,1
0.2236284613609314,4.4651700591202825e-05,5.249925079588138,9.985391100359679e-06,1
0.22473905980587006,4.4849104597233236e-05,5.251905079618155,1.0079345600317322e-05,1
0.22563397884368896,4.5055865484755486e-05,5.253930079648853,1.0166134199571415e-05,1
0.22676877677440643,4.525163967628032e-05,5.255955079679552,1.0261658976426285e-05,1
0.2276751846075058,4.545197225525044e-05,5.257980079710251,1.0348286173989375e-05,1
0.22876064479351044,4.565018753055483e-05,5.259960079740267,1.0442966334434393e-05,1
0.22970925271511078,4.584388079820201e-05,5.261985079770966,1.05307635997156e-05,1
0.2307298630475998,4.604561399901286e-05,5.264010079801665,1.062409821193488e-05,1
0.2317693829536438,4.624660869012587e-05,5.265990079831681,1.0718547959809093e-05,1
0.23270682990550995,4.643716602004133e-05,5.26801507986238,1.0806245694319685e-05,1
0.23376312851905823,4.663645086111501e-05,5.270040079893079,1.0901882656319571e-05,1
0.23480048775672913,4.682805229094811e-05,5.272020079923095,1.0995249518612232e-05,1
0.23566871881484985,4.702905425801873e-05,5.274045079953794,1.1083276964061334e-05,1
0.23679637908935547,4.722973608295433e-05,5.276070079984493,1.1183830489789465e-05,1
0.23776452243328094,4.7430326958419755e-05,5.278050080014509,1.1277249038123044e-05,1
0.23876622319221497,4.7625842853449285e-05,5.280075080045208,1.1371442624464028e-05,1
0.23962265253067017,4.7822322812862694e-05,5.282100080075907,1.1459311842596138e-05,1
0.24073603749275208,4.8022364353528246e-05,5.284080080105923,1.1560713705501577e-05,1
0.24176380038261414,4.822718619834632e-05,5.286105080136622,1.1659587817072162e-05,1
0.24275583028793335,4.841981717618182e-05,5.288130080167321,1.1754192920993955e-05,1
0.24368521571159363,4.861550041823648e-05,5.290110080197337,1.1846878706345027e-05,1
0.24478277564048767,4.8821177188074216e-05,5.292135080228036,1.1950583262132866e-05,1
0.24579623341560364,4.9015907279681414e-05,5.2941600802587345,1.2047925386794158e-05,1
0.24669396877288818,4.921375148114748e-05,5.296140080288751,1.2140735671086877e-05,1
0.24780890345573425,4.941761653753929e-05,5.29816508031945,1.224612536556357e-05,1
0.24882948398590088,4.9614798626862466e-05,5.3001900803501485,1.2345624740386571e-05,1
0.24979299306869507,4.981232632417232e-05,5.302215080380847,1.2442770084229553e-05,1
0.25082725286483765,5.001446697860956e-05,5.304195080410864,1.2544991355743773e-05,1
0.2518199384212494,5.020002936362289e-05,5.3062200804415625,1.2641368303092427e-05,1
0.2527691721916199,5.040316318627447e-05,5.308245080472261,1.2740365834433727e-05,1
0.25381365418434143,5.060395415057428e-05,5.310225080502278,1.284397451913413e-05,1
0.2548603415489197,5.080137270851992e-05,5.312250080532976,1.2947255199647354e-05,1
0.25578102469444275,5.099680493003689e-05,5.314275080563675,1.3044015021147445e-05,1
0.256822407245636,5.1195627747802064e-05,5.316255080593692,1.3148184358642004e-05,1
0.25784364342689514,5.13999184477143e-05,5.31828008062439,1.3253142244403935e-05,1
0.2588927745819092,5.158974090591073e-05,5.320305080655089,1.3356211163093046e-05,1
0.2598534822463989,5.17887638125103e-05,5.322285080685106,1.3457490617917092e-05,1
0.2608697712421417,5.199075530981645e-05,5.324310080715804,1.3562816444377982e-05,1
0.2618832290172577,5.218652950134128e-05,5.326335080746503,1.3666776857015634e-05,1
0.26286226511001587,5.238262747297995e-05,5.32831508077652,1.3769416109961656e-05,1
0.26392441987991333,5.258509190753102e-05,5.330340080807218,1.387848987602705e-05,1
0.26489508152008057,5.278892786009237e-05,5.332365080837917,1.3983527348856821e-05,1
0.26590079069137573,5.29790559085086e-05,5.334345080867934,1.4087172856155038e-05,1
0.2668720483779907,5.318222974892706e-05,5.336370080898632,1.4192850590405079e-05,1
0.2678569555282593,5.337941547622904e-05,5.338395080929331,1.4298047717340757e-05,1
0.26892751455307007,5.357623740565032e-05,5.34042008096003,1.4408124364606763e-05,1
0.2698925733566284,5.377538764150813e-05,5.342400080990046,1.4513577753816863e-05,1
0.2709187865257263,5.397479981184006e-05,5.344425081020745,1.462278726799271e-05,1
0.27196791768074036,5.4167430789675564e-05,5.346450081051444,1.4731803357983684e-05,1
0.2729385793209076,5.438021617010236e-05,5.34843008108146,1.4842458944631584e-05,1
0.2739805579185486,5.4567040933761746e-05,5.350455081112159,1.4950308318996321e-05,1
0.2749369442462921,5.4764219385106117e-05,5.352480081142858,1.505670713177463e-05,1
0.27596965432167053,5.4962387366686016e-05,5.354460081172874,1.5167951042278091e-05,1
0.27699244022369385,5.5162432545330375e-05,5.356485081203573,1.5279576799405968e-05,1
0.2779773473739624,5.536136086448096e-05,5.358510081234272,1.538920424012111e-05,1
0.2789411246776581,5.55599108338356e-05,5.360490081264288,1.5497944014980503e-05,1
0.2799614667892456,5.575501927523874e-05,5.362515081294987,1.56092569771585e-05,1
0.2809749245643616,5.59563995921053e-05,5.364540081325686,1.572234515428506e-05,1
0.28204670548439026,5.614865949610248e-05,5.366520081355702,1.583654442824053e-05,1
0.28300899267196655,5.634795525111258e-05,5.368545081386401,1.594697805474242e-05,1
0.2839796245098114,5.65482878300827e-05,5.3705700814171,1.6058561544659623e-05,1
0.2849660813808441,5.673923806170933e-05,5.372550081447116,1.616875833098015e-05,1
0.2860707938671112,5.694894935004413e-05,5.374575081477815,1.629143115046503e-05,1
0.2870200276374817,5.714542930945754e-05,5.3766000815085135,1.640188269975626e-05,1
0.28800463676452637,5.733274156227708e-05,5.37858008153853,1.6512095408358074e-05,1
0.28898271918296814,5.754819358116947e-05,5.380605081569229,1.6630433465154187e-05,1
0.29008182883262634,5.774327291874215e-05,5.3826300815999275,1.675027421105019e-05,1
0.2910810112953186,5.793834861833602e-05,5.384655081630626,1.6864753108605975e-05,1
0.29202622175216675,5.814186079078354e-05,5.386635081660643,1.6978947932372963e-05,1
0.2931150794029236,5.8333404012955725e-05,5.3886600816913415,1.709840034910034e-05,1
0.2940428853034973,5.853163747815415e-05,5.39068508172204,1.7210811565614766e-05,1
0.2950870990753174,5.873061309102923e-05,5.392665081752057,1.7330646243946674e-05,1
0.29605555534362793,5.893054913030937e-05,5.394690081782755,1.744671644947869e-05,1
0.2970690131187439,5.9129128203494474e-05,5.396715081813454,1.756543176198379e-05,1
0.2981032729148865,5.932886415394023e-05,5.398695081843471,1.768612858261227e-05,1
0.29907453060150146,5.9522786614252254e-05,5.400720081874169,1.7801749466750828e-05,1
0.300030916929245,5.9723119193222374e-05,5.402745081904868,1.79187822134171e-05,1
0.301052451133728,5.991871512378566e-05,5.404725081934885,1.8038676056799253e-05,1
0.30203643441200256,6.0118527471786365e-05,5.406750081965583,1.8157985679678377e-05,1
0.30307844281196594,6.0313956055324525e-05,5.408775081996282,1.82798598810771e-05,1
0.3040686249732971,6.05092900514137e-05,5.410755082026299,1.839897662404377e-05,1
0.305148184299469,6.071251118555665e-05,5.412780082056997,1.8526312552533813e-05,1
0.3061116933822632,6.091459363233298e-05,5.414805082087696,1.8646669408485875e-05,1
0.3070922791957855,6.110864342190325e-05,5.416785082117713,1.8765992586994816e-05,1
0.3081243634223938,6.130790279712528e-05,5.418810082148411,1.8890458522126223e-05,1
0.30918779969215393,6.150298577267677e-05,5.42083508217911,1.9015972845551777e-05,1
0.310108482837677,6.169841071823612e-05,5.422860082209809,1.9133200541328072e-05,1
0.3111436665058136,6.190789281390607e-05,5.424840082239825,1.9262248755767646e-05,1
0.31217822432518005,6.210537685547024e-05,5.426865082270524,1.9387946267786834e-05,1
0.3131488561630249,6.229870632523671e-05,5.428890082301223,1.950876862618408e-05,1
0.3141375184059143,6.25006650807336e-05,5.430870082331239,1.9633803827180836e-05,1
0.3151758015155792,6.269656296353787e-05,5.432895082361938,1.9760439484305028e-05,1
0.31619638204574585,6.289304292295128e-05,5.434920082392637,1.9886552628084996e-05,1
0.3171462416648865,6.308832234935835e-05,5.436900082422653,2.0008224326041862e-05,1
0.31816622614860535,6.32902083452791e-05,5.438925082453352,2.013680674137642e-05,1
0.3191511631011963,6.348843453451991e-05,5.440950082484051,2.0262407725166187e-05,1
0.3201996684074402,6.368292088154703e-05,5.442930082514067,2.039125014948861e-05,1
0.32118523120880127,6.388839392457157e-05,5.444955082544766,2.0520008574222495e-05,1
0.3221915364265442,6.408522312995046e-05,5.446980082575465,2.0647716502476647e-05,1
0.3232009708881378,6.428628694266081e-05,5.448960082605481,2.077739035466139e-05,1
0.32418280839920044,6.44795800326392e-05,5.45098508263618,2.0903171339381986e-05,1
0.3252604901790619,6.467150524258614e-05,5.453010082666879,2.1035085495821337e-05,1
0.3262469470500946,6.487284554168582e-05,5.454990082696895,2.116456780442734e-05,1
0.327201783657074,6.507251964649186e-05,5.457015082727594,2.1291844495392124e-05,1
0.32818669080734253,6.527775258291513e-05,5.4590400827582926,2.1423289603527372e-05,1
0.3292333483695984,6.547073280671611e-05,5.461020082788309,2.155514858216646e-05,1
0.3301422595977783,6.567141099367291e-05,5.463045082819008,2.1680908016425554e-05,1
0.33117711544036865,6.586508970940486e-05,5.4650700828497065,2.181301041818181e-05,1
0.3321620225906372,6.606191891478375e-05,5.467095082880405,2.1943260602953242e-05,1
0.33322516083717346,6.626779213547707e-05,5.469075082910422,2.2082095692668724e-05,1
0.3342389464378357,6.646152905886993e-05,5.4711000829411205,2.2214031451284286e-05,1
0.3351810574531555,6.66608102619648e-05,5.473125082971819,2.2343440874289522e-05,1
0.3361966609954834,6.685909465886652e-05,5.475105083001836,2.2477804381491884e-05,1
0.3372364938259125,6.706497515551746e-05,5.4771300830325345,2.2616757079968637e-05,1
0.338192880153656,6.725830462528393e-05,5.479155083063233,2.2746279755476734e-05,1
0.3392426371574402,6.745515565853566e-05,5.48113508309325,2.288366489546726e-05,1
0.34026262164115906,6.765826401533559e-05,5.483160083123948,2.302157828954778e-05,1
0.34125468134880066,6.785544246667996e-05,5.485185083154647,2.3155987396748746e-05,1
0.34225139021873474,6.805122393416241e-05,5.487165083184664,2.329062599755352e-05,1
0.34325307607650757,6.825085438322276e-05,5.489190083215362,2.3427315711891e-05,1
0.3441951870918274,6.844593008281663e-05,5.491215083246061,2.3558759710529207e-05,1
0.3452228903770447,6.864655006211251e-05,5.493195083276078,2.3698360426854977e-05,1
0.34627920389175415,6.884343747515231e-05,5.495220083306776,2.3839050722067497e-05,1
0.34739255905151367,6.904692418174818e-05,5.497245083337475,2.3986387686133342e-05,1
0.3482763171195984,6.923712498974055e-05,5.499225083367492,2.411365089937615e-05,1
0.3493552803993225,6.94416303304024e-05,5.50125008339819,2.425980023546383e-05,1
0.3503330647945404,6.963215855648741e-05,5.503275083428889,2.4394447515353615e-05,1
0.3513108193874359,6.983213825151324e-05,5.505300083459588,2.4532785708715824e-05,1
0.3523128032684326,7.00367454555817e-05,5.507280083489604,2.4674842123253646e-05,1
0.3533092141151428,7.023070065770298e-05,5.509305083520303,2.4813153656128885e-05,1
0.35435837507247925,7.043348159641027e-05,5.511330083551002,2.4958694089201316e-05,1
0.35529178380966187,7.063426892273128e-05,5.513310083581018,2.509577540364856e-05,1
0.356306791305542,7.083554373821244e-05,5.515335083611717,2.523918529974585e-05,1
0.35734879970550537,7.102746894815937e-05,5.517360083642416,2.5381580774744804e-05,1
0.35830050706863403,7.12241162545979e-05,5.519340083672432,2.5519636969537768e-05,1
0.35941141843795776,7.142357935663313e-05,5.521365083703131,2.567044996648355e-05,1
0.3603820502758026,7.162391557358205e-05,5.52339008373383,2.581197354318849e-05,1
0.36132416129112244,7.182894478319213e-05,5.525370083763846,2.595353323021324e-05,1
0.3624304234981537,7.201862172223628e-05,5.527395083794545,2.6101739570543424e-05,1
0.3633439540863037,7.221649866551161e-05,5.529420083825244,2.6239428175395263e-05,1
0.3644520342350006,7.24147685104981e-05,5.53140008385526,2.63917096923077e-05,1
0.3654065728187561,7.261786231538281e-05,5.533425083885959,2.6535044194088333e-05,1
0.366384357213974,7.280978752532974e-05,5.535450083916658,2.667636720135396e-05,1
0.3673937916755676,7.300023571588099e-05,5.537430083946674,2.6819833392867712e-05,1
0.36845409870147705,7.320414442801848e-05,5.539455083977373,2.6972367056438303e-05,1
0.36941760778427124,7.340272713918239e-05,5.541480084008072,2.7116259864598362e-05,1
0.37035781145095825,7.360067684203386e-05,5.543460084038088,2.7258585596524887e-05,1
0.3713802993297577,7.380478928098455e-05,5.545485084068787,2.7409644735141734e-05,1
0.37245798110961914,7.400337199214846e-05,5.5475100840994855,2.756314652749975e-05,1
0.37341436743736267,7.419424218824133e-05,5.549535084130184,2.7705196014216624e-05,1
0.3744538724422455,7.440432091243565e-05,5.551515084160201,2.7860986092097077e-05,1
0.3754841089248657,7.459735934389755e-05,5.5535400841908995,2.8010123001391378e-05,1
0.3764761686325073,7.47885787859559e-05,5.555565084221598,2.8156117598807096e-05,1
0.3774775266647339,7.499453204218298e-05,5.557545084251615,2.8308750468662366e-05,1
0.3784602880477905,7.518749043811113e-05,5.5595700842823135,2.8455479288798033e-05,1
0.3794451951980591,7.538431964349002e-05,5.561595084313012,2.860421788199695e-05,1
0.38043415546417236,7.558547076769173e-05,5.563575084343029,2.8755294736868692e-05,1
0.3814150094985962,7.578568329336122e-05,5.565600084373727,2.890579711319497e-05,1
0.38242849707603455,7.598216325277463e-05,5.567625084404426,2.90577444973445e-05,1
0.3834950029850006,7.618006929988042e-05,5.569605084434443,2.9214675903555193e-05,1
0.38442689180374146,7.637652015546337e-05,5.571630084465141,2.9361188250150595e-05,1
0.385547399520874,7.65764998504892e-05,5.57365508449584,2.952387038176671e-05,1
0.3864814043045044,7.677065150346607e-05,5.575635084525857,2.9670429202431278e-05,1
0.38754579424858093,7.69757607486099e-05,5.577660084556555,2.9831632337208765e-05,1
0.388466477394104,7.717154221609235e-05,5.579685084587254,2.997855715975578e-05,1
0.38943806290626526,7.736415136605501e-05,5.581665084617271,3.012854524638356e-05,1
0.39053624868392944,7.756835111649707e-05,5.583690084647969,3.0293252861634656e-05,1
0.3914925754070282,7.776307757012546e-05,5.585715084678668,3.0443667509504925e-05,1
0.3925132155418396,7.796585850883275e-05,5.587740084709367,3.060262982578204e-05,1
0.39354902505874634,7.816413562977687e-05,5.589720084739383,3.07614193716583e-05,1
0.3945615291595459,7.835916767362505e-05,5.591745084770082,3.091751302097476e-05,1
0.3956106901168823,7.855775038478896e-05,5.593770084800781,3.107828584375614e-05,1
0.3965577185153961,7.876677409512922e-05,5.595750084830797,3.123557222998205e-05,1
0.39754483103752136,7.896086026448756e-05,5.597775084861496,3.139048185242304e-05,1
0.3983977138996124,7.911968714324757e-05,5.599125084881962,3.152110248232239e-05,1
0.3988589942455292,7.905365782789886e-05,5.601105084911978,3.1531262452665944e-05,1
0.3984568417072296,7.864252256695181e-05,5.603085084941995,3.133565116591715e-05,1
0.39777323603630066,7.830733375158161e-05,5.605110084972694,3.1148561551741245e-05,1
0.39696675539016724,7.803030166542158e-05,5.607135085003392,3.0975435674238366e-05,1
0.39623749256134033,7.778406143188477e-05,5.609115085033409,3.082096146300728e-05,1
0.3952680826187134,7.755924889352173e-05,5.6111400850641076,3.06566955994899e-05,1
0.39434027671813965,7.734210521448404e-05,5.613165085094806,3.0499107172243106e-05,1
0.393319696187973,7.714037201367319e-05,5.615190085125505,3.0340827684245154e-05,1
0.3924318850040436,7.69277976360172e-05,5.6171700851555215,3.018892063551184e-05,1
0.3913284242153168,7.672709762118757e-05,5.61919508518622,3.002549420671411e-05,1
0.3904220461845398,7.653517241124064e-05,5.621220085216919,2.9881018617883108e-05,1
0.38943806290626526,7.632991037098691e-05,5.6232000852469355,2.972577243668599e-05,1
0.3884093761444092,7.613451452925801e-05,5.625225085277634,2.957135929136656e-05,1
0.3874030113220215,7.59401373215951e-05,5.627250085308333,2.9419437878593774e-05,1
0.38641440868377686,7.57433517719619e-05,5.6292300853383495,2.926832248668996e-05,1
0.3854331970214844,7.553807517979294e-05,5.631255085369048,2.911488181339683e-05,1
0.38436266779899597,7.534194446634501e-05,5.633280085399747,2.895863077224817e-05,1
0.38343545794487,7.514107710449025e-05,5.635260085429763,2.8811753310031005e-05,1
0.38241422176361084,7.493812881875783e-05,5.637285085460462,2.8657406212646494e-05,1
0.3814007639884949,7.474971062038094e-05,5.639310085491161,2.85095967385322e-05,1
0.380493700504303,7.455232844222337e-05,5.641290085521177,2.8366691330193768e-05,1
0.37941664457321167,7.435464794980362e-05,5.643315085551876,2.8211391033536922e-05,1
0.3784031867980957,7.415291474899277e-05,5.645340085582575,2.8059699251386377e-05,1
0.3774254024028778,7.395663851639256e-05,5.647320085612591,2.7913114052413633e-05,1
0.3763905465602875,7.375295535894111e-05,5.64934508564329,2.7759915177988327e-05,1
0.3753699064254761,7.355997513514012e-05,5.651370085673989,2.7612200983137894e-05,1
0.37447622418403625,7.336313865380362e-05,5.653350085704005,2.74727511573663e-05,1
0.37338584661483765,7.316141272895038e-05,5.655375085734704,2.7317436031336698e-05,1
0.3724008798599243,7.296353578567505e-05,5.657400085765403,2.7171684924276462e-05,1
0.37141597270965576,7.276461110450327e-05,5.6594250857961015,2.7025938812218903e-05,1
0.3703056871891022,7.256278331624344e-05,5.661405085826118,2.6870411340275445e-05,1
0.3693605065345764,7.237410318339244e-05,5.663430085856817,2.673213541180353e-05,1
0.3682970702648163,7.217762322397903e-05,5.6654550858875155,2.658280717206924e-05,1
0.36731186509132385,7.19722083886154e-05,5.667435085917532,2.6436246097963747e-05,1
0.3663058280944824,7.177380757639185e-05,5.669460085948231,2.629116401976425e-05,1
0.3653066158294678,7.158083462854847e-05,5.671485085978929,2.614895245640382e-05,1
0.36431798338890076,7.137285138014704e-05,5.673465086008946,2.6002413283530892e-05,1
0.36332255601882935,7.117947097867727e-05,5.675490086039645,2.586110733204111e-05,1
0.3622947931289673,7.098684727679938e-05,5.677515086070343,2.5718165149025626e-05,1
0.36135393381118774,7.078739872667938e-05,5.67949508610036,2.5579304994146658e-05,1
0.3603820502758026,7.058442861307412e-05,5.681520086131059,2.543736110112568e-05,1
0.3593186140060425,7.038864714559168e-05,5.683545086161757,2.529195113411438e-05,1
0.3582707345485687,7.019535405561328e-05,5.685525086191774,2.5148941059401422e-05,1
0.3573702275753021,6.999079050729051e-05,5.687550086222473,2.5012624731765706e-05,1
0.35620686411857605,6.97946670698002e-05,5.689575086253171,2.4861339489133574e-05,1
0.35528433322906494,6.959746679058298e-05,5.691555086283188,2.4726889583124266e-05,1
0.3542941212654114,6.9389097916428e-05,5.693580086313887,2.4584149471700446e-05,1
0.3532664179801941,6.920137093402445e-05,5.695605086344585,2.4446520429181537e-05,1
0.3522886037826538,6.900139123899862e-05,5.697630086375284,2.4308403778647465e-05,1
0.35123294591903687,6.880003638798371e-05,5.6996100864053005,2.416483945988845e-05,1
0.35017603635787964,6.860002758912742e-05,5.701635086435999,2.402208575520183e-05,1
0.3492053747177124,6.840775313321501e-05,5.703660086466698,2.3888355066481112e-05,1
0.34823164343833923,6.820215639891103e-05,5.7056400864967145,2.3750149008831432e-05,1
0.3472070097923279,6.801094423281029e-05,5.707665086527413,2.3613876580226827e-05,1
0.34626492857933044,6.78141150274314e-05,5.709690086558112,2.3481649696644033e-05,1
0.34524524211883545,6.76152267260477e-05,5.7116700865881285,2.334383532195429e-05,1
0.3442879319190979,6.741765537299216e-05,5.713695086618827,2.321108514320193e-05,1
0.34318169951438904,6.721557292621583e-05,5.715720086649526,2.3067154550652103e-05,1
0.3422141671180725,6.701880192849785e-05,5.717700086679542,2.2934783483211964e-05,1
0.341140478849411,6.68208667775616e-05,5.719725086710241,2.2795302489630066e-05,1
0.34023410081863403,6.661878433078527e-05,5.72175008674094,2.2665982184415234e-05,1
0.3391234874725342,6.641982326982543e-05,5.723730086770956,2.2524522104572578e-05,1
0.3381786048412323,6.622057117056102e-05,5.725755086801655,2.2394380370249854e-05,1
0.3371865451335907,6.60282967146486e-05,5.727780086832354,2.226385325026798e-05,1
0.3361370861530304,6.583290087291971e-05,5.72976008686237,2.2128879472424522e-05,1
0.33520957827568054,6.562833732459694e-05,5.731785086893069,2.1999247277512245e-05,1
0.33418184518814087,6.543430936289951e-05,5.733810086923768,2.18669582415054e-05,1
0.33310601115226746,6.523281626868993e-05,5.735790086953784,2.1729443223492042e-05,1
0.33216917514801025,6.503049371531233e-05,5.737815086984483,2.1601125456883162e-05,1
0.3311985433101654,6.4832616772037e-05,5.739840087015182,2.1472468233884852e-05,1
0.33007800579071045,6.463613681262359e-05,5.7418650870458805,2.1334967141126322e-05,1
0.32913655042648315,6.443539314204827e-05,5.743845087075897,2.1208043024148037e-05,1
0.3281581401824951,6.424423190765083e-05,5.745870087106596,2.1082267660267606e-05,1
0.3271946310997009,6.404564919648692e-05,5.7478950871372945,2.0955392562385395e-05,1
0.3261575996875763,6.384189327945933e-05,5.749875087167311,2.0822518671538863e-05,1
0.3252248167991638,6.365199078572914e-05,5.75190008719801,2.0701207042190823e-05,1
0.3241756558418274,6.344710709527135e-05,5.753925087228708,2.056800755387625e-05,1
0.32312649488449097,6.3251682149712e-05,5.755905087258725,2.0438294348584362e-05,1
0.32210588455200195,6.30548529443331e-05,5.757930087289424,2.031033918293082e-05,1
0.32109957933425903,6.285592098720372e-05,5.759955087320122,2.0183009787658537e-05,1
0.3201698958873749,6.265562115004286e-05,5.761935087350139,2.0060443700368026e-05,1
0.3192153871059418,6.24629610683769e-05,5.763960087380838,1.9939138297225302e-05,1
0.31811627745628357,6.225808465387672e-05,5.765985087411536,1.9805310131649437e-05,1
0.3170941174030304,6.20588252786547e-05,5.767965087441553,1.9678488428803882e-05,1
0.31618213653564453,6.185811798786744e-05,5.769990087472252,1.9558431907477913e-05,1
0.31511157751083374,6.166304228827357e-05,5.77201508750295,1.9430738529575137e-05,1
0.31415241956710815,6.146861414890736e-05,5.773995087532967,1.9310513862316227e-05,1
0.3130132555961609,6.126482912804931e-05,5.776020087563666,1.9176703618913223e-05,1
0.3120497465133667,6.106974615249783e-05,5.778045087594364,1.90567988065226e-05,1
0.31112906336784363,6.0872218455187976e-05,5.780070087625063,1.89391163130854e-05,1
0.31003397703170776,6.0669724916806445e-05,5.7820500876550796,1.8809676101377197e-05,1
0.30904504656791687,6.047471106285229e-05,5.784075087685778,1.8689409896600504e-05,1
0.30813151597976685,6.0273676353972405e-05,5.786100087716477,1.8572219268623343e-05,1
0.30701035261154175,6.0070742620155215e-05,5.7880800877464935,1.8442339873451022e-05,1
0.30611884593963623,5.987546683172695e-05,5.790105087777192,1.8329008806625222e-05,1
0.305019736289978,5.968354162178002e-05,5.792130087807891,1.820465812632727e-05,1
0.3040612041950226,5.94841803831514e-05,5.7941100878379075,1.8086831517854954e-05,1
0.3030356168746948,5.928288010181859e-05,5.796135087868606,1.7964824141763168e-05,1
0.30191510915756226,5.908674938837066e-05,5.798160087899305,1.7839182391355454e-05,1
0.30102264881134033,5.8887027989840135e-05,5.8001400879293215,1.7726329146129215e-05,1
0.29995954036712646,5.868713924428448e-05,5.80216508796002,1.7603767313177122e-05,1
0.2990531325340271,5.849311128258705e-05,5.804190087990719,1.74925481607191e-05,1
0.2980511486530304,5.828438952448778e-05,5.806170088020735,1.7371729246314234e-05,1
0.29706189036369324,5.808999412693083e-05,5.808195088051434,1.725632346656191e-05,1
0.29599133133888245,5.7898425438907e-05,5.810220088082133,1.71374320280871e-05,1
0.29504239559173584,5.770587085862644e-05,5.812200088112149,1.7025678377836483e-05,1
0.2940428853034973,5.750231139245443e-05,5.814225088142848,1.6908145553457465e-05,1
0.2930508553981781,5.729812983190641e-05,5.816250088173547,1.679126595995604e-05,1
0.2920485734939575,5.7107983593596146e-05,5.818230088203563,1.6678305143626084e-05,1
0.2910167872905731,5.6903074437286705e-05,5.820255088234262,1.6559749909695514e-05,1
0.29005327820777893,5.670203972840682e-05,5.822280088264961,1.6446612504292116e-05,1
0.2889256179332733,5.6509765272494406e-05,5.8243050882956595,1.6327118850619675e-05,1
0.2880120873451233,5.63050780328922e-05,5.826285088325676,1.621654305238333e-05,1
0.28692010045051575,5.6111552112270147e-05,5.828310088356375,1.60995321684869e-05,1
0.2859494686126709,5.5914373660925776e-05,5.8303350883870735,1.5988685436152048e-05,1
0.2849586308002472,5.570390203502029e-05,5.83231508841709,1.5873307654130486e-05,1
0.2839010953903198,5.5512660765089095e-05,5.834340088447789,1.5760105199240024e-05,1
0.28295189142227173,5.531197530217469e-05,5.8363650884784875,1.5650628030052308e-05,1
0.2820020318031311,5.5112959671532735e-05,5.838345088508504,1.5541966606056256e-05,1
0.28089639544487,5.491902265930548e-05,5.840370088539203,1.542655550635405e-05,1
0.2798615097999573,5.4720789194107056e-05,5.842395088569901,1.5314242681307988e-05,1
0.27894115447998047,5.452822369989008e-05,5.844375088599918,1.521016567058997e-05,1
0.2779773473739624,5.4325380915543064e-05,5.846400088630617,1.5101225281982742e-05,1
0.2768782377243042,5.412925384007394e-05,5.848425088661315,1.49872124125712e-05,1
0.27591750025749207,5.39307038707193e-05,5.850405088691332,1.488042499913592e-05,1
0.2748798429965973,5.372228770283982e-05,5.852430088722031,1.476717400917464e-05,1
0.27381640672683716,5.3528958233073354e-05,5.854455088752729,1.4657106999211092e-05,1
0.272901326417923,5.3337567806011066e-05,5.856435088782746,1.4555893002166326e-05,1
0.27187514305114746,5.314125883160159e-05,5.858460088813445,1.4447787346759736e-05,1
0.27089735865592957,5.293497088132426e-05,5.860485088844143,1.4339943792279286e-05,1
0.2698553204536438,5.274584691505879e-05,5.862510088874842,1.423374742186203e-05,1
0.26880526542663574,5.253685230854899e-05,5.864490088904859,1.4122182529479471e-05,1
0.2678641080856323,5.234903801465407e-05,5.866515088935557,1.4022428376936173e-05,1
0.26680779457092285,5.215010605752468e-05,5.868540088966256,1.3914054783847885e-05,1
0.26578161120414734,5.193969263928011e-05,5.8705200889962725,1.380461519511606e-05,1
0.26486653089523315,5.174839679966681e-05,5.872545089026971,1.3706418339717733e-05,1
0.26381736993789673,5.1546314352890477e-05,5.87457008905767,1.3598813082571623e-05,1
0.26279520988464355,5.134619277669117e-05,5.8765500890876865,1.3493533507527924e-05,1
0.26190465688705444,5.116000829730183e-05,5.878575089118385,1.3399044419443694e-05,1
0.2608412206172943,5.095827509649098e-05,5.880600089149084,1.3292018676720578e-05,1
0.2597343325614929,5.075671288068406e-05,5.8825800891791005,1.3183260943079806e-05,1
0.2587643265724182,5.0555863708723336e-05,5.884605089209799,1.3082054026874752e-05,1
0.2577865421772003,5.0364989874651656e-05,5.886630089240498,1.2983416586576156e-05,1
0.2568596303462982,5.016065188101493e-05,5.888610089270514,1.2884246500086843e-05,1
0.25576674938201904,4.9957670853473246e-05,5.890635089301213,1.2777511080889689e-05,1
0.2548389434814453,4.9769598263083026e-05,5.892660089331912,1.2683231838860054e-05,1
0.2537838816642761,4.956532211508602e-05,5.894640089361928,1.2578879842306719e-05,1
0.25283342599868774,4.936823825119063e-05,5.896665089392627,1.2481940812567992e-05,1
0.2517271637916565,4.917175829177722e-05,5.898690089423326,1.2377867253437948e-05,1
0.25080493092536926,4.897584221907891e-05,5.900670089453342,1.228338272476787e-05,1
0.24976444244384766,4.877179890172556e-05,5.902695089484041,1.2181461159672946e-05,1
0.24874386191368103,4.857286694459617e-05,5.90472008951474,1.2082202508018232e-05,1
0.24774466454982758,4.837183223571628e-05,5.9067450895454385,1.1983863350898067e-05,1
0.24674609303474426,4.816964428755455e-05,5.908725089575455,1.1885671530827472e-05,1
0.2456963062286377,4.798132795258425e-05,5.910750089606154,1.1788835045894834e-05,1
0.24468998610973358,4.778624861501157e-05,5.9127750896368525,1.1692816509843457e-05,1
0.24371500313282013,4.758235445478931e-05,5.914755089666869,1.1596533665015935e-05,1
0.24272015690803528,4.738313873531297e-05,5.916780089697568,1.1500842868630368e-05,1
0.24171382188796997,4.719050775747746e-05,5.9188050897282665,1.1406597986893773e-05,1
0.24072115123271942,4.699177952716127e-05,5.920785089758283,1.1311915266252397e-05,1
0.23977254331111908,4.679124685935676e-05,5.922810089788982,1.1219256264166384e-05,1
0.2387162446975708,4.659862315747887e-05,5.92483508981968,1.1123848328230615e-05,1
0.23768261075019836,4.639097096514888e-05,5.926815089849697,1.1026327094233236e-05,1
0.23669645190238953,4.619656101567671e-05,5.928840089880396,1.0934562082502925e-05,1
0.23569726943969727,4.6003937313798815e-05,5.930865089911094,1.0843002408337382e-05,1
0.23471111059188843,4.580659879138693e-05,5.932845089941111,1.0751317674763481e-05,1
0.23374883830547333,4.5597669668495655e-05,5.93487008997181,1.0658402314447576e-05,1
0.23279248178005219,4.5408894948195666e-05,5.936895090002508,1.0570849349880143e-05,1
0.23167258501052856,4.520432776189409e-05,5.938875090032525,1.0472603466261205e-05,1
0.23062995076179504,4.500332579482347e-05,5.940900090063224,1.0379114812177157e-05,1
0.22965216636657715,4.4812804844696075e-05,5.942925090093922,1.0291357713547097e-05,1
0.22868865728378296,4.4611773773794994e-05,5.944950090124621,1.020220664337706e-05,1
0.22767332196235657,4.440873090061359e-05,5.946930090154638,1.0110683288275051e-05,1
0.2267259657382965,4.421601624926552e-05,5.948955090185336,1.0024918985214936e-05,1
0.2256268560886383,4.4020234781783074e-05,5.950980090216035,9.93214717809744e-06,1
0.22461244463920593,4.381340477266349e-05,5.9529600902460515,9.841035953954999e-06,1
0.223735511302948,4.362062463769689e-05,5.95498509027675,9.759482756669085e-06,1
0.2226649522781372,4.342344618635252e-05,5.957010090307449,9.668879572836443e-06,1
0.22155900299549103,4.321296000853181e-05,5.9589900903374655,9.574220335974333e-06,1
0.22074508666992188,4.302278102841228e-05,5.961015090368164,9.49706752689794e-06,1
0.2195960134267807,4.28298044425901e-05,5.963040090398863,9.405254311441408e-06,1
0.21860241889953613,4.263005030225031e-05,5.9650200904288795,9.31903211388082e-06,1
0.21766185760498047,4.243124567437917e-05,5.967045090459578,9.235663753978662e-06,1
0.21656988561153412,4.223021096549928e-05,5.969070090490277,9.145791958149133e-06,1
0.21561600267887115,4.203253047307953e-05,5.9710500905202935,9.06288620308325e-06,1
0.2145715206861496,4.183760756859556e-05,5.973075090550992,8.97715907786391e-06,1
0.21354377269744873,4.164112760918215e-05,5.975100090581691,8.89220348904065e-06,1
0.21262961626052856,4.144268677919172e-05,5.977080090611707,8.811942586664815e-06,1
0.21153110265731812,4.124466795474291e-05,5.979105090642406,8.724530091201721e-06,1
0.21056047081947327,4.104503750568256e-05,5.981130090673105,8.642462421999458e-06,1
0.2096432000398636,4.084772081114352e-05,5.983110090703121,8.56344690518306e-06,1
0.20859777927398682,4.0646827983437106e-05,5.98513509073382,8.478838051876724e-06,1
0.2075486183166504,4.0442995668854564e-05,5.987160090764519,8.393887871657041e-06,1
0.20657798647880554,4.0251768950838596e-05,5.9891850907952175,8.31512938207434e-06,1
0.2055918276309967,4.004115908173844e-05,5.991165090825234,8.232135076078088e-06,1
0.20460101962089539,3.984690556535497e-05,5.993190090855933,8.152717507409158e-06,1
0.20350190997123718,3.9653576095588505e-05,5.9952150908866315,8.069578472642055e-06,1
0.20254583656787872,3.945496428059414e-05,5.997195090916648,7.991438746968713e-06,1
0.20162485539913177,3.9255366573343053e-05,5.999220090947347,7.914857608990204e-06,1
0.2005971074104309,3.906169149558991e-05,6.0012450909780455,7.835662324573965e-06,1
0.1995743364095688,3.886621561832726e-05,6.003225091008062,7.756699190778881e-06,1
0.19851309061050415,3.865962571580894e-05,6.005250091038761,7.674441782690557e-06,1
0.19754242897033691,3.846419713227078e-05,6.0072750910694594,7.598310929902638e-06,1
0.19646133482456207,3.8263577152974904e-05,6.009255091099476,7.517313442636066e-06,1
0.1955868899822235,3.807404209510423e-05,6.011280091130175,7.446783482433698e-06,1
0.19438070058822632,3.786845627473667e-05,6.013305091160873,7.360897060877929e-06,1
0.1935345083475113,3.7678117223549634e-05,6.01528509119089,7.292015892319576e-06,1
0.1924893856048584,3.747024675249122e-05,6.017310091221589,7.212624775849476e-06,1
0.19150447845458984,3.727271905518137e-05,6.019335091252287,7.137892623246961e-06,1
0.1904289424419403,3.707840369315818e-05,6.021315091282304,7.060801202723446e-06,1
0.18949180841445923,3.687731077661738e-05,6.023340091313003,6.987948308523253e-06,1
0.18846407532691956,3.667837881948799e-05,6.025365091343701,6.912556748705275e-06,1
0.187479168176651,3.64836523658596e-05,6.0273900913744,6.839924797597463e-06,1
0.18645204603672028,3.628134072641842e-05,6.029370091404417,6.764730211396102e-06,1
0.18545936048030853,3.609139457694255e-05,6.031395091435115,6.6934869570822405e-06,1
0.184424489736557,3.588896288420074e-05,6.033420091465814,6.618803667092954e-06,1
0.1835252195596695,3.568235842976719e-05,6.035400091495831,6.5486126652298474e-06,1
0.18241897225379944,3.5479195503285155e-05,6.037425091526529,6.4720783801009004e-06,1
0.18141263723373413,3.5293924156576395e-05,6.039450091557228,6.402763859571919e-06,1
0.180389866232872,3.5091779864160344e-05,6.0414300915872445,6.330201475569276e-06,1
0.17943567037582397,3.4896413126261905e-05,6.043455091617943,6.261661283022508e-06,1
0.17842219769954681,3.4699933166848496e-05,6.045480091648642,6.191238335656504e-06,1
0.17741091549396515,3.450522126513533e-05,6.0474600916786585,6.121602893969494e-06,1
0.1763952672481537,3.4306627640035003e-05,6.049485091709357,6.0515267509468704e-06,1
0.17538893222808838,3.409683995414525e-05,6.051510091740056,5.980208351909558e-06,1
0.1744021624326706,3.390331767150201e-05,6.0534900917700725,5.912811915551725e-06,1
0.17333346605300903,3.370072954567149e-05,6.055515091800771,5.841464260666288e-06,1
0.17236995697021484,3.350320184836164e-05,6.05754009183147,5.7749454609665185e-06,1
0.1713859587907791,3.3310545404674485e-05,6.059520091861486,5.708959762023918e-06,1
0.17037871479988098,3.311199543531984e-05,6.061545091892185,5.64157922672932e-06,1
0.16931527853012085,3.291516622994095e-05,6.063570091922884,5.57304053808768e-06,1
0.16839957237243652,3.271631067036651e-05,6.0655500919529,5.5094127264935025e-06,1
0.16729550063610077,3.251660382375121e-05,6.067575091983599,5.4398815156802074e-06,1
0.1662820279598236,3.231662412872538e-05,6.069600092014298,5.373673796939824e-06,1
0.16528284549713135,3.21134903060738e-05,6.071625092044997,5.307809056632421e-06,1
0.16428861021995544,3.191632640664466e-05,6.073605092075013,5.243488908674115e-06,1
0.16337724030017853,3.172333526890725e-05,6.075630092105712,5.182870969351388e-06,1
0.162342369556427,3.152300632791594e-05,6.0776550921364105,5.117519542816116e-06,1
0.16130965948104858,3.1321000278694555e-05,6.079635092166427,5.0523798895620465e-06,1
0.16030830144882202,3.112864578724839e-05,6.081660092197126,4.990180332555818e-06,1
0.15932337939739227,3.093006671406329e-05,6.0836850922278245,4.927882753871359e-06,1
0.15834559500217438,3.0724208045285195e-05,6.085665092257841,4.865043003901277e-06,1
0.157303586602211,3.0528353818226606e-05,6.08769009228854,4.802219548668348e-06,1
0.15629011392593384,3.0336075724335387e-05,6.0897150923192385,4.7412287310221336e-06,1
0.15520280599594116,3.0131433959468268e-05,6.091695092349255,4.676483099190867e-06,1
0.1543274223804474,2.994276837853249e-05,6.093720092379954,4.620990262793688e-06,1
0.153285413980484,2.9739985620835796e-05,6.095745092410652,4.558706007663457e-06,1
0.15226107835769653,2.954341471195221e-05,6.097725092440669,4.49831218241048e-06,1
0.15129417181015015,2.934177427960094e-05,6.099750092471368,4.439239439072589e-06,1
0.15023787319660187,2.914424658229109e-05,6.101775092502066,4.378569622440746e-06,1
0.14934170246124268,2.8951009880984202e-05,6.103755092532083,4.3235931035984394e-06,1
0.14818954467773438,2.875058817153331e-05,6.105780092562782,4.260536570356577e-06,1
0.14728312194347382,2.8547805413836613e-05,6.10780509259348,4.20460990598466e-06,1
0.14631806313991547,2.8361893782857805e-05,6.109785092623497,4.149857365287764e-06,1
0.14522050321102142,2.8153797757113352e-05,6.111810092654196,4.088508677589327e-06,1
0.14422845840454102,2.7958369173575193e-05,6.113835092684894,4.0323924854097914e-06,1
0.14325067400932312,2.775663961074315e-05,6.115860092715593,3.976157332472832e-06,1
0.1422071009874344,2.755825516942423e-05,6.11784009274561,3.918979575915797e-06,1
0.14130225777626038,2.736578244366683e-05,6.119865092776308,3.866846845104071e-06,1
0.14025309681892395,2.716089875320904e-05,6.121890092807007,3.8094001625228182e-06,1
0.13917602598667145,2.6957079171552323e-05,6.1238700928370235,3.7517791513047257e-06,1
0.1383046805858612,2.6768639145302586e-05,6.125895092867722,3.702228086709255e-06,1
0.13716274499893188,2.656760989339091e-05,6.127920092898421,3.644086301038277e-06,1
0.1361151486635208,2.6371983040007763e-05,6.1299000929284375,3.589626392042506e-06,1
0.1351929008960724,2.6172199795837514e-05,6.131925092959136,3.538295613230867e-06,1
0.1342436820268631,2.597957427497022e-05,6.133950092989835,3.4875937081623744e-06,1
0.13315853476524353,2.5769344574655406e-05,6.1359300930198515,3.4314081654217917e-06,1
0.13215965032577515,2.5574358005542308e-05,6.13795509305055,3.3798982113186597e-06,1
0.13119615614414215,2.5374727556481957e-05,6.139980093081249,3.3290667186152735e-06,1
0.13013488054275513,2.5179499061778188e-05,6.1419600931112655,3.2767311025309193e-06,1
0.12914781272411346,2.498001958883833e-05,6.143985093141964,3.2261148917039786e-06,1
0.12817002832889557,2.4784239940345287e-05,6.146010093172663,3.1765967352642005e-06,1
0.1271931678056717,2.4585629944340326e-05,6.147990093202679,3.127124155118626e-06,1
0.12609313428401947,2.438147748762276e-05,6.150015093233378,3.0743369148896144e-06,1
0.1250653862953186,2.419200427539181e-05,6.152040093264077,3.025582359959876e-06,1
0.12415897846221924,2.3983266146387905e-05,6.154065093294776,2.9777378249230477e-06,1
0.12305986881256104,2.3784185032127425e-05,6.156045093324792,2.9268786898672787e-06,1
0.12208922952413559,2.3589960619574413e-05,6.158070093355491,2.8800801165485403e-06,1
0.12109003961086273,2.339663296879735e-05,6.1600950933861895,2.833099212952488e-06,1
0.12005113065242767,2.319250961591024e-05,6.162075093416206,2.7842870020573253e-06,1
0.11908452212810516,2.2999473003437743e-05,6.164100093446905,2.738881251812639e-06,1
0.1180567741394043,2.2792837626184337e-05,6.1661250934776035,2.6908488836305602e-06,1
0.11707962304353714,2.259827670059167e-05,6.16810509350762,2.6457977175388208e-06,1
0.11610835790634155,2.239778041257523e-05,6.170130093538319,2.600569504450931e-06,1
0.11509489268064499,2.2200598323252052e-05,6.1721550935690175,2.555175481460802e-06,1
0.11403363943099976,2.2004776838002726e-05,6.174135093599034,2.509284787704418e-06,1
0.11302514374256134,2.180694355047308e-05,6.176160093629733,2.4647329293781407e-06,1
0.11207590997219086,2.160661097150296e-05,6.1781850936604314,2.421580586046317e-06,1
0.11104723811149597,2.142041194019839e-05,6.180165093690448,2.378677585169542e-06,1
0.11004897207021713,2.121365469065495e-05,6.182190093721147,2.334540892559117e-06,1
0.10912828892469406,2.1011222997913137e-05,6.184215093751845,2.2929188139774413e-06,1
0.10805338621139526,2.0819234123337083e-05,6.186195093781862,2.249588745354401e-06,1
0.10707995295524597,2.0613710148609243e-05,6.188220093812561,2.2073151129461542e-06,1
0.10603080689907074,2.0417232008185238e-05,6.190245093843259,2.1648555844734152e-06,1
0.10497760772705078,2.0227926142979413e-05,6.192225093873276,2.123479295769448e-06,1
0.10403954982757568,2.002252404054161e-05,6.194250093903975,2.083134387589761e-06,1
0.10306178033351898,1.9829547454719432e-05,6.196275093934673,2.0436684638913845e-06,1
0.10205544531345367,1.9628165318863466e-05,6.198300093965372,2.0031611523026985e-06,1
0.10099326074123383,1.941770824487321e-05,6.200280093995389,1.961057671771686e-06,1
0.10005706548690796,1.9227503798902035e-05,6.202305094026087,1.9238476067565125e-06,1
0.09899364411830902,1.9029273971682414e-05,6.204330094056786,1.8837771753825298e-06,1
0.09802920371294022,1.883188269857783e-05,6.206310094086803,1.8460744653570803e-06,1
0.09698811173439026,1.863211400632281e-05,6.208335094117501,1.8070935550931343e-06,1
0.09599606692790985,1.8434584490023553e-05,6.2103600941482,1.76964760649251e-06,1
0.0949757769703865,1.8243496015202254e-05,6.2123400941782165,1.7326902086999842e-06,1
0.09395486116409302,1.8039525457425043e-05,6.214365094208915,1.6949011098184915e-06,1
0.09291999042034149,1.7845499314717017e-05,6.216390094239614,1.6582036253697159e-06,1
0.0919223502278328,1.7641588783590123e-05,6.2183700942696305,1.621656302740578e-06,1
0.09102865308523178,1.7445536286686547e-05,6.220395094300329,1.5880436705266123e-06,1
0.08999377489089966,1.724870890029706e-05,6.222420094331028,1.552276425931991e-06,1
0.08895083516836166,1.705137583485339e-05,6.2244000943610445,1.516734121279829e-06,1
0.08794544637203217,1.684734525042586e-05,6.226425094391743,1.4816472982324383e-06,1
0.08686059713363647,1.6652267731842585e-05,6.228450094422442,1.4464259188170332e-06,1
0.0859420970082283,1.645714473852422e-05,6.230430094452458,1.4143615295967026e-06,1
0.0849621444940567,1.6257208699244075e-05,6.232455094483157,1.3812473145752107e-06,1
0.08391299098730087,1.6056177628342994e-05,6.234480094513856,1.3473218886176475e-06,1
0.08289238810539246,1.585899735800922e-05,6.236505094544555,1.3145901639624938e-06,1
0.08186092227697372,1.565496677358169e-05,6.238485094574571,1.281530018300777e-06,1
0.08087973296642303,1.5463940144400112e-05,6.24051009460527,1.2507193494878303e-06,1
0.07985199242830276,1.5259756764862686e-05,6.242535094635969,1.2185219816455571e-06,1
0.07888196408748627,1.505927139078267e-05,6.244515094665985,1.1879049050314279e-06,1
0.07792498171329498,1.4871001440042164e-05,6.246540094696684,1.158822515273669e-06,1
0.07678304612636566,1.4671019016532227e-05,6.2485650947273825,1.1264855298671818e-06,1
0.07586577534675598,1.4469424968410749e-05,6.250545094757399,1.0977341440501916e-06,1
0.07481321692466736,1.427316055924166e-05,6.252570094788098,1.0678210571191528e-06,1
0.0737997442483902,1.4073178135731723e-05,6.2545950948187965,1.038596947179038e-06,1
0.0729091614484787,1.387226893712068e-05,6.256575094848813,1.0114154955932476e-06,1
0.0718299150466919,1.3677068636752665e-05,6.258600094879512,9.82422678265718e-07,1
0.07076649367809296,1.348339174001012e-05,6.2606250949102105,9.54172356328677e-07,1
0.06990042328834534,1.3281690371513832e-05,6.262605094940227,9.283957789535575e-07,1
0.06886088848114014,1.3087632396491244e-05,6.264630094970926,9.012259949369404e-07,1
0.06782601028680801,1.2886601325590163e-05,6.266655095001624,8.740467540714722e-07,1
0.0668693333864212,1.2686727131949738e-05,6.268635095031641,8.483529861689023e-07,1
0.06579194962978363,1.2482436432037503e-05,6.27066009506234,8.212438289935875e-07,1
0.06481416523456573,1.2280705050216056e-05,6.272685095093038,7.959636463216694e-07,1
0.06380845606327057,1.2088475159544032e-05,6.274665095123055,7.71346936089703e-07,1
0.06287287920713425,1.1886346328537911e-05,6.276690095153754,7.473288169283277e-07,1
0.061859410256147385,1.1698974049068056e-05,6.278715095184452,7.236916352773226e-07,1
0.060788847506046295,1.1503196219564416e-05,6.280740095215151,6.992660408232295e-07,1
0.05986878648400307,1.1295433068880811e-05,6.282720095245168,6.762438706451728e-07,1
0.05884756147861481,1.1099031326011755e-05,6.284745095275866,6.531509283105484e-07,1
0.057791274040937424,1.090395380742848e-05,6.286770095306565,6.301533826148223e-07,1
0.056785568594932556,1.069937388820108e-05,6.288750095336582,6.075700298512727e-07,1
0.05586426705121994,1.0502240911591798e-05,6.29077509536728,5.866999909214118e-07,1
0.05485793575644493,1.0309964636689983e-05,6.292800095397979,5.655833776907582e-07,1
0.053784266114234924,1.0108430615218822e-05,6.2947800954279955,5.436745222062086e-07,1
0.05275963246822357,9.910002518154215e-06,6.296805095458694,5.228480906169865e-07,1
0.051788993179798126,9.712824066809844e-06,6.298830095489393,5.030173793525941e-07,1
0.05082765594124794,9.506157766736578e-06,6.3008100955194095,4.831757162909087e-07,1
0.049712102860212326,9.313912414654624e-06,6.302835095550108,4.630141719883192e-07,1
0.04879855364561081,9.113581654673908e-06,6.304860095580807,4.447296032792592e-07,1
0.04783380776643753,8.92142725206213e-06,6.3068400956108235,4.26745836177397e-07,1
0.04676448926329613,8.71887277753558e-06,6.308865095641522,4.077336323931075e-07,1
0.045708201825618744,8.522394637111574e-06,6.310890095672221,3.8954333411066666e-07,1
0.04467611387372017,8.326829629368149e-06,6.3128700957022374,3.720103887287185e-07,1
0.043788325041532516,8.124534360831603e-06,6.314895095732936,3.557597514031939e-07,1
0.042739175260066986,7.920700227259658e-06,6.316920095763635,3.3852419519530294e-07,1
0.041775669902563095,7.728775017312728e-06,6.318945095794334,3.228747538744329e-07,1
0.040647078305482864,7.52172809370677e-06,6.32092509582435,3.0573627081744943e-07,1
0.03965595364570618,7.325660590140615e-06,6.322950095855049,2.9050605678679277e-07,1
0.038692452013492584,7.126380296540447e-06,6.324975095885748,2.757371276537903e-07,1
0.03769791126251221,6.931149982847273e-06,6.326955095915764,2.612898770005395e-07,1
0.03667265549302101,6.740076969435904e-06,6.328980095946463,2.47176520696568e-07,1
0.02086402289569378,3.942509920307202e-06,6.341040096129291,8.225661724378932e-08,1
0.02095680497586727,4.072003321198281e-06,6.3430650961599895,8.533617946343619e-08,1
0.021224290132522583,4.217416062601842e-06,6.345045096190006,8.951166212222252e-08,1
0.02143499068915844,4.311853444960434e-06,6.347070096220705,9.242453844574265e-08,1
0.02162769064307213,4.3618420022539794e-06,6.3490950962514034,9.433656945870739e-08,1
0.02178284525871277,4.373038336780155e-06,6.35107509628142,9.525721740050077e-08,1
0.021863214671611786,4.349552000348922e-06,6.353100096312119,9.509518910896694e-08,1
0.02182753011584282,4.2976207623723894e-06,6.355125096342817,9.38064466171547e-08,1
0.021715819835662842,4.22339644501335e-06,6.357105096372834,9.171451629448883e-08,1
0.021442128345370293,4.125685336475726e-06,6.359130096403533,8.846347449732474e-08,1
0.021049587056040764,4.011666533187963e-06,6.361155096434231,8.444392393014527e-08,1
0.020642774179577827,3.884497800754616e-06,6.36318009646493,8.018681090204424e-08,1
0.020300814881920815,3.7424413221742725e-06,6.365160096494947,7.597460848791088e-08,1
0.019657857716083527,3.592270331864711e-06,6.367185096525645,7.061633906150464e-08,1
0.018979834392666817,3.432465746300295e-06,6.369210096556344,6.514763142328111e-08,1
0.018334703519940376,3.2649752483848715e-06,6.371190096586361,5.986235317908031e-08,1
0.01767374947667122,3.096236014243914e-06,6.373215096617059,5.472209963639395e-08,1
0.01676020398736,2.9196196464909008e-06,6.375240096647758,4.893342084069139e-08,1
0.01599622517824173,2.739200681389775e-06,6.377220096677775,4.381687090790402e-08,1
0.015197182074189186,2.5564850147929974e-06,6.379245096708473,3.8851368239745416e-08,1
0.014283634722232819,2.3705399598838994e-06,6.381270096739172,3.385992688143806e-08,1
0.01344177033752203,2.182527850891347e-06,6.3832500967691885,2.9337038126927012e-08,1
0.012535050511360168,1.992727220567758e-06,6.385275096799887,2.4978936365179205e-08,1
0.011635779403150082,1.79993617166474e-06,6.387300096830586,2.094366023324139e-08,1
0.0106043154373765,1.6093423482743674e-06,6.3892800968606025,1.706597390782962e-08,1
0.009708767756819725,1.4148002946967608e-06,6.391305096891301,1.3735967483490957e-08,1
0.008759535849094391,1.2204174026919645e-06,6.393330096922,1.0690289989738929e-08,1
0.007871124893426895,1.0281497679898166e-06,6.3953100969520165,8.092695232995732e-09,1
0.006903895176947117,8.31683450996934e-07,6.397335096982715,5.741855366084466e-09,1
