0,0,0,0,0
Voltage [V],Current [A],Time [s],Power [W],Cycle
-0.05360968038439751,8.848730667469773e-13,0.4423950067066471,-4.7437762289067095e-14,0
-0.05002176761627197,3.5828731339204375e-14,0.44442000673734583,-1.792216473035522e-15,0
-0.04695282503962517,-1.0289718296169204e-12,0.44644500676804455,4.831313428670626e-14,0
-0.04593035951256752,-1.3830764875391588e-12,0.4484250067980611,6.352520030605268e-14,0
-0.046553146094083786,-1.118261299531964e-12,0.4504500068287598,5.205858164847151e-14,0
-0.049022577702999115,-1.9073136895818993e-13,0.4524750068594585,9.350143355152259e-15,0
-0.05470338091254234,1.2064974670364381e-12,0.45445500688947504,-6.599949050931177e-14,0
-0.05808667093515396,1.9404590781424425e-12,0.45648000692017376,-1.1271480793519226e-13,0
-0.0569661483168602,1.6665531801796085e-12,0.4585050069508725,-9.493711564004662e-14,0
-0.05112863704562187,3.7325809218620443e-13,0.460485006980889,-1.9084177519729715e-14,0
-0.04718121141195297,-8.036828039008348e-13,0.46251000701158773,3.791872827899643e-14,0
-0.04584657773375511,-1.4001109299721648e-12,0.46453500704228645,6.419029458684901e-14,0
-0.04585588723421097,-1.3326776748118219e-12,0.466515007072303,6.111111717572138e-14,0
-0.0480019748210907,-4.827492030255731e-13,0.4685400071030017,2.3172915088535162e-14,0
-0.052476923912763596,7.14555801681338e-13,0.4705650071337004,-3.749769043625537e-14,0
-0.05753711611032486,1.8257489704104346e-12,0.47259000716439914,-1.0504833049881124e-13,0
-0.05763765051960945,1.8454359134584264e-12,0.47457000719441567,-1.0636659023625301e-13,0
-0.05252688378095627,7.091539811973635e-13,0.4765950072251144,-3.724964875315636e-14,0
-0.04776645451784134,-5.367677331259701e-13,0.4786200072558131,2.563949151100645e-14,0
-0.04569948837161064,-1.3479299057136962e-12,0.48060000728582963,6.159970705190929e-14,0
-0.04553968459367752,-1.4280735882027384e-12,0.48262500731652835,6.503402078331402e-14,0
-0.04693854972720146,-8.163930685992082e-13,0.4846500073472271,3.832030664738653e-14,0
-0.05051049962639809,3.016386240176777e-13,0.4866300073772436,-1.5235917605752143e-14,0
-0.05625244230031967,1.5788523917079078e-12,0.4886550074079423,-8.88143030652708e-14,0
-0.05761561915278435,1.8562536490546178e-12,0.49068000743864104,-1.0694920329489707e-13,0
-0.05430866777896881,1.1348781072881287e-12,0.49266000746865757,-6.16337180983359e-14,0
-0.048587214201688766,-2.155163390414258e-13,0.4946850074993563,1.0471338528969535e-14,0
-0.045760929584503174,-1.2240741189759041e-12,0.496710007530055,5.601476956466911e-14,0
-0.04508135840296745,-1.49780025621854e-12,0.49869000756007154,6.752287016664448e-14,0
-0.04597504436969757,-1.1090464484275753e-12,0.5007150075907703,5.098845967451328e-14,0
-0.048737093806266785,-1.1446990274069369e-13,0.502740007621469,5.5789303878674234e-15,0
-0.054532092064619064,1.261538399785489e-12,0.5047200076514855,-6.87943281601545e-14,0
-0.057330138981342316,1.8390948486324277e-12,0.5067450076821842,-1.0543556327196779e-13,0
-0.05567433685064316,1.4485724902577046e-12,0.5087700077128829,-8.064831277518245e-14,0
-0.04966491460800171,1.143144823592679e-13,0.5107950077435817,-5.6774190048309574e-15,0
-0.04604951664805412,-1.037910534427977e-12,0.5127750077735982,4.779527843433188e-14,0
-0.04475460574030876,-1.5262602379856327e-12,0.5148000078042969,6.830717520815681e-14,0
-0.04524706304073334,-1.3422793692513535e-12,0.5168250078349956,6.073419923879177e-14,0
-0.0474347285926342,-4.546761188037318e-13,0.5188050078650122,2.1567438293007323e-14,0
-0.05241268873214722,8.47377831965368e-13,0.5208300078957109,-4.441335054532258e-14,0
-0.05674489587545395,1.7704594301032328e-12,0.5228550079264096,-1.0046453601292348e-13,0
-0.05644607171416283,1.6796502340030162e-12,0.5248350079564261,-9.480965756324462e-14,0
-0.05082112178206444,4.2412671681993364e-13,0.5268600079871248,-2.1554595526533005e-14,0
-0.046467505395412445,-7.42673663452903e-13,0.5288850080178236,3.4510192463528495e-14,0
-0.04451535642147064,-1.4991264523159242e-12,0.5308650080478401,6.673414834569818e-14,0
-0.04446198046207428,-1.523718109151806e-12,0.5328900080785388,6.774752479881636e-14,0
-0.04625339061021805,-7.725427285734665e-13,0.5349150081092375,3.5732720587792206e-14,0
-0.05033176392316818,3.9149450825268217e-13,0.5368950081392541,-1.9704609166590817e-14,0
-0.05569574981927872,1.5896561410960741e-12,0.5389200081699528,-8.853709073316697e-14,0
-0.05633808299899101,1.7310575715911991e-12,0.5409450082006515,-9.75244651443368e-14,0
-0.0524393729865551,8.460791746031648e-13,0.542925008230668,-4.436786141317204e-14,0
-0.047095563262701035,-4.728987383975647e-13,0.5449500082613667,2.2271432451054015e-14,0
-0.04454762861132622,-1.3956624484584568e-12,0.5469750082920655,6.217345242070155e-14,0
-0.04413554072380066,-1.5876561133484901e-12,0.548955008322082,7.007206104608336e-14,0
-0.04511859267950058,-1.1201678690522798e-12,0.5509800083527807,5.054039781643396e-14,0
-0.0483374148607254,-4.869438592581751e-14,0.5530050083834794,2.3537607338845093e-15,0
-0.05418982356786728,1.316068131210213e-12,0.5550300084141782,-7.131749983357424e-14,0
-0.056282225996255875,1.7456329350767907e-12,0.5570100084441947,-9.82481073584994e-14,0
-0.05374732241034508,1.1721245718812612e-12,0.5590350084748934,-6.299855726998984e-14,0
-0.047909192740917206,-1.8024541277930628e-13,0.5610600085055921,8.635412221509966e-15,0
-0.04467174783349037,-1.2600634511500397e-12,0.5630400085356086,5.628923674397219e-14,0
-0.043669767677783966,-1.627624250655213e-12,0.5650650085663074,7.107797289284037e-14,0
-0.04425501078367233,-1.3772325294092447e-12,0.5670900085970061,6.094944044063045e-14,0
-0.046675097197294235,-4.550077220381865e-13,0.5690700086270226,2.1237529651651794e-14,0
-0.05230563506484032,9.201439523515154e-13,0.5710950086577213,-4.812871377881818e-14,0
-0.05582421272993088,1.6976932012968682e-12,0.5731200086884201,-9.477238641935373e-14,0
-0.054792750626802444,1.4505341372483826e-12,0.5751000087184366,-7.947875525791466e-14,0
-0.04897261783480644,1.5498726976294341e-13,0.5771250087491353,-7.59013233136068e-15,0
-0.04506863281130791,-1.0219813276896028e-12,0.579150008779834,4.605930119765565e-14,0
-0.0434652715921402,-1.6390496815690825e-12,0.5811300088098506,7.124173956241108e-14,0
-0.04361267015337944,-1.5840916902862268e-12,0.5831550088405493,6.908646838116251e-14,0
-0.04566815122961998,-7.356829988952596e-13,0.585180008871248,3.359728245060906e-14,0
-0.049847688525915146,4.206728281691552e-13,0.5871600089012645,-2.096956810989187e-14,0
-0.05508909374475479,1.5651888422493765e-12,0.5891850089319632,-8.622483485892012e-14,0
-0.05524611100554466,1.6118989823454832e-12,0.591210008962662,-8.905115010838304e-14,0
-0.050314389169216156,4.943508167924715e-13,0.5932350089933607,-2.487295938221629e-14,0
-0.045587778091430664,-7.637008430164127e-13,0.5952150090233772,3.481542455967075e-14,0
-0.043448518961668015,-1.5688394593843524e-12,0.5972400090540759,6.816375099887403e-14,0
-0.0431915819644928,-1.6752877297215862e-12,0.5992650090847746,7.235832729237895e-14,0
-0.04453769698739052,-1.0713992627114921e-12,0.6012450091147912,4.7717655715158044e-14,0
-0.04806621000170708,1.2314786709366303e-14,0.6032700091454899,-5.91925124098632e-16,0
-0.053854383528232574,1.3300493519052825e-12,0.6052950091761886,-7.162898790898426e-14,0
-0.05529172718524933,1.6275934593135144e-12,0.6072750092062051,-8.999245352085904e-14,0
-0.05195591598749161,9.220505218718311e-13,0.6093000092369039,-4.790597945059565e-14,0
-0.04636044427752495,-4.4430071058886023e-13,0.6113250092676026,2.0597978335719593e-14,0
-0.04348761588335037,-1.447732992515549e-12,0.6133050092976191,6.295845628016956e-14,0
-0.04274194687604904,-1.724857669888058e-12,0.6153300093283178,7.372377489510111e-14,0
-0.04361980780959129,-1.359755949330299e-12,0.6173550093590165,5.9312293177736e-14,0
-0.04620591178536415,-4.022878492999926e-13,0.6193350093890331,1.8588076877079326e-14,0
-0.052170030772686005,9.95134421914734e-13,0.6213600094197318,-5.191619341425077e-14,0
-0.05493208020925522,1.6084037313818245e-12,0.6233850094504305,-8.835296278113177e-14,0
-0.053459666669368744,1.2635278023517826e-12,0.625365009480447,-6.754777514120633e-14,0
-0.04748810455203056,-7.888122392687297e-14,0.6273900095111458,3.745919809031478e-15,0
-0.04371972382068634,-1.247587970432118e-12,0.6294150095418445,5.4544201509302795e-14,0
-0.042467325925827026,-1.7541049992728097e-12,0.631395009571861,7.449214871224099e-14,0
-0.042834728956222534,-1.594895439674393e-12,0.6334200096025597,6.8316913871968e-14,0
-0.045047223567962646,-7.131223779890949e-13,0.6354450096332585,3.2124183192591925e-14,0
-0.050093140453100204,5.830047816041128e-13,0.6374700096639572,-2.9204540409723835e-14,0
-0.05444272235035896,1.5258009699453678e-12,0.6394500096939737,-8.306875856864406e-14,0
-0.0541255883872509,1.4704976602705755e-12,0.6414750097246724,-7.959155108422068e-14,0
-0.048587214201688766,2.12501118589635e-13,0.6435000097553711,-1.0324837367013062e-14,0
-0.04421001672744751,-9.533597869482158e-13,0.6454800097853877,4.2148052128256413e-14,0
-0.04229944571852684,-1.7153249307066964e-12,0.6475050098160864,7.255729379606372e-14,0
-0.04223521798849106,-1.7537733418282464e-12,0.6495300098467851,7.407099939452043e-14,0
-0.043837640434503555,-1.035257925392774e-12,0.6515100098768016,4.538326469033854e-14,0
-0.04784495756030083,1.3020229967970753e-13,0.6535350099075004,-6.229523502429177e-15,0
-0.05329769104719162,1.3462549217774233e-12,0.6555600099381991,-7.175227889165423e-14,0
-0.05412248522043228,1.5078960215880732e-12,0.6575400099682156,-8.161108014234913e-14,0
-0.05034293979406357,6.599017664775386e-13,0.6595650099989143,-3.322139489977492e-14,0
-0.04492589458823204,-6.75627088997377e-13,0.661590010029613,3.0353151381250227e-14,0
-0.04230348393321037,-1.6039032081638371e-12,0.6635700100596296,6.785069359698346e-14,0
-0.04181412607431412,-1.8170069398734667e-12,0.6655950100903283,7.597655726177283e-14,0
-0.042920373380184174,-1.3543541288463246e-12,0.667620010121027,5.812938489907831e-14,0
-0.045848436653614044,-3.233738147048748e-13,0.6696000101510435,1.4826183858933978e-14,0
-0.05187740921974182,1.0577324606464433e-12,0.6716250101817423,-5.487241970596e-14,0
-0.05398998409509659,1.5146657799530727e-12,0.673650010212441,-8.177678136905346e-14,0
-0.05161333829164505,9.713026823815474e-13,0.6756750102431397,-5.013217392934107e-14,0
-0.04586333408951759,-3.5354680879944034e-13,0.6776550102731562,1.621483540825153e-14,0
-0.04244932532310486,-1.4512696600021968e-12,0.6796800103038549,6.160541792898503e-14,0
-0.04151436686515808,-1.844969489683823e-12,0.6817050103345537,7.659274024975772e-14,0
-0.042072609066963196,-1.612192475873575e-12,0.6836850103645702,6.782914377812842e-14,0
-0.04449053108692169,-7.023186286009286e-13,0.6857100103952689,3.1246528778693826e-14,0
-0.05010027810931206,6.745185464861192e-13,0.6877350104259676,-3.3793566768843505e-14,0
-0.05366074666380882,1.4727494397626106e-12,0.6897150104559842,-7.902883458636782e-14,0
-0.052755266427993774,1.248068271994529e-12,0.6917400104866829,-6.584217420939718e-14,0
-0.04689572751522064,-5.0283165624982404e-14,0.6937650105173816,2.358065633751884e-15,0
-0.04295885190367699,-1.213311894530944e-12,0.6957450105473981,5.2122485990124576e-14,0
-0.04127884656190872,-1.8516423203746024e-12,0.6977700105780968,7.643365923027985e-14,0
-0.04135735332965851,-1.8128760211760797e-12,0.6997950106087956,7.497575415064461e-14,0
-0.043375905603170395,-9.87843162304769e-13,0.7017750106388121,4.284859175886899e-14,0
-0.04770221933722496,1.8072552460633717e-13,0.7038000106695108,-8.621008614606542e-15,0
-0.05281950160861015,1.3313203621120873e-12,0.7058250107002095,-7.031967800815484e-14,0
-0.05322135239839554,1.393172252908692e-12,0.7078050107302261,-7.414651142372013e-14,0
-0.048501573503017426,3.3293070448962847e-13,0.7098300107609248,-1.614766303521509e-14,0
-0.043427105993032455,-9.460375191561177e-13,0.7118550107916235,4.1083671617778194e-14,0
-0.04123105853796005,-1.776983508255947e-12,0.71383501082164,7.326691104989057e-14,0
-0.04096481204032898,-1.8913618501231744e-12,0.7158600108523387,7.747928269054471e-14,0
-0.042292311787605286,-1.3302046096563824e-12,0.7178850108830375,5.625742809289751e-14,0
-0.0457109734416008,-2.3235740046444187e-13,0.7199100109137362,1.0621282961589503e-14,0
-0.051508452743291855,1.097410465451809e-12,0.7218900109437527,-5.652591509971843e-14,0
-0.052976518869400024,1.4075818418821107e-12,0.7239150109744514,-7.456878600669248e-14,0
-0.049921851605176926,7.224996967890307e-13,0.7259400110051502,-3.6068522647887314e-14,0
-0.044113196432590485,-6.506349278789791e-13,0.7279200110351667,2.870158637942975e-14,0
-0.04127170890569687,-1.6422410306637936e-12,0.7299450110658654,6.777809377054769e-14,0
-0.04047949239611626,-1.947286949743887e-12,0.7319700110965641,7.88251872752141e-14,0
-0.04134276881814003,-1.6062240513342596e-12,0.7339500111265806,6.640574962444858e-14,0
-0.043926700949668884,-6.530664680912124e-13,0.7359750111572794,2.868705544409916e-14,0
-0.04975055903196335,7.584061417070798e-13,0.7380000111879781,-3.773112952320163e-14,0
-0.05267024785280228,1.384219887150262e-12,0.7399800112179946,-7.29072045389823e-14,0
-0.0512850284576416,1.0507417418786913e-12,0.7420050112486933,-5.388732013388059e-14,0
-0.04531843215227127,-2.771610252503415e-13,0.7440300112793921,1.2560503118061545e-14,0
-0.04155874252319336,-1.4285018480608702e-12,0.7460100113094086,5.936674049746759e-14,0
-0.04022255539894104,-1.9650813094795883e-12,0.7480350113401073,7.904059183396634e-14,0
-0.04055799916386604,-1.820819970493881e-12,0.750060011370806,7.384881484084142e-14,0
-0.04274287819862366,-9.623121527066458e-13,0.7520400114008226,4.113199113219549e-14,0
-0.0474524199962616,2.900336221189903e-13,0.7540650114315213,-1.3762797249827355e-14,0
-0.05208438262343407,1.3033579207219481e-12,0.75609001146222,-6.788459263816539e-14,0
-0.052034422755241394,1.2630029400800824e-12,0.7581150114929187,-6.571962892523982e-14,0
-0.046399541199207306,2.5771062123506813e-14,0.7600950115229352,-1.1957654587469853e-15,0
-0.0421067476272583,-1.1322426286472509e-12,0.762120011553634,4.767505461727333e-14,0
-0.04010836407542229,-1.930763708635208e-12,0.7641450115843327,7.743977376955348e-14,0
-0.04002458229660988,-1.9683003057296977e-12,0.7661250116143492,7.878039757112067e-14,0
-0.041571468114852905,-1.2714198183855219e-12,0.7681500116450479,5.2854788440605794e-14,0
-0.04559677839279175,-1.0207740414654859e-13,0.7701750116757466,4.6544007757816175e-15,0
-0.05100947991013527,1.1063629396304564e-12,0.7721550117057632,-5.6434998142397965e-14,0
-0.05197732895612717,1.2938251815405866e-12,0.7741800117364619,-6.724957707265602e-14,0
-0.04840165004134178,4.70201351812638e-13,0.7762050117671606,-2.2758521279401132e-14,0
-0.04275032505393028,-8.515672433699606e-13,0.7781850117971771,3.640477645934517e-14,0
-0.04020828381180763,-1.8090630989758827e-12,0.7802100118278759,7.273932251709053e-14,0
-0.039623044431209564,-2.0314921619912774e-12,0.7822350118585746,8.049390419623436e-14,0
-0.04067250341176987,-1.5926295655541156e-12,0.7842150118885911,6.477623143868533e-14,0
-0.04367690533399582,-5.526555233413555e-13,0.7862400119192898,2.41382829752903e-14,0
-0.04957213252782822,8.289479671262645e-13,0.7882650119499885,-4.109271848505697e-14,0
-0.051769111305475235,1.3019900912611404e-12,0.7902450119800051,-6.740286995312384e-14,0
-0.04958640784025192,8.095648717371118e-13,0.7922700120107038,-4.014341390309766e-14,0
-0.04382678493857384,-5.294593431216799e-13,0.7942950120414025,2.3204500764712436e-14,0
-0.04030013456940651,-1.6357339744851873e-12,0.796275012071419,6.59202992915032e-14,0
-0.03932328522205353,-2.0572304710447797e-12,0.7983000121021178,8.08970605803934e-14,0
-0.03990139067173004,-1.842109581193241e-12,0.8003250121328165,7.350273405932851e-14,0
-0.04229944571852684,-9.26336698320318e-13,0.8023500121635152,3.918352888767967e-14,0
-0.04766560345888138,4.382460919768322e-13,0.8043300121935317,-2.0889264437572138e-14,0
-0.051384951919317245,1.2515637397986223e-12,0.8063550122242304,-6.431154259351309e-14,0
-0.050535641610622406,1.0488352807785928e-12,0.8083800122549292,-5.300356385800349e-14,0
-0.044835593551397324,-2.3086534853972163e-13,0.8103600122849457,1.0350984932228638e-14,0
-0.04076497629284859,-1.3765969700957337e-12,0.8123850123156444,5.611694285075978e-14,0
-0.039080627262592316,-2.05309966076761e-12,0.8144100123463431,8.023642257541369e-14,0
-0.03913833945989609,-2.032293387396744e-12,0.8163900123763597,7.954058847803588e-14,0
-0.04103618487715721,-1.2250273495259534e-12,0.8184150124070584,5.027044879472091e-14,0
-0.045282747596502304,-5.282520975551444e-14,0.8204400124377571,2.3920706400912516e-15,0
-0.05050305277109146,1.1086838912210961e-12,0.8224200124677736,-5.599192106479804e-14,0
-0.050856806337833405,1.1892834807236685e-12,0.8244450124984724,-6.048315965994804e-14,0
-0.0462605282664299,1.467256085510224e-13,0.8264700125291711,-6.787604161783701e-15,0
-0.041290637105703354,-1.1161614167642941e-12,0.8284500125591876,4.608701601100219e-14,0
-0.039102036505937576,-1.969212119756758e-12,0.8304750125898863,7.700020419466347e-14,0
-0.03876659274101257,-2.1026696009340817e-12,0.832500012620585,8.151333608831898e-14,0
-0.03983839601278305,-1.5813562482050458e-12,0.8344800126506016,6.299869645328146e-14,0
-0.04315589368343353,-4.986369932409584e-13,0.8365050126813003,2.1519125066933768e-14,0
-0.04921527951955795,8.540507168662559e-13,0.838530012711999,-4.203234475445163e-14,0
-0.05082112178206444,1.2013581318984223e-12,0.8405550127426977,-6.105436792508315e-14,0
-0.04788157343864441,5.264441768799977e-13,0.8425350127727143,-2.5206975516626316e-14,0
-0.042092472314834595,-8.15439838049159e-13,0.844560012803413,3.432387880749743e-14,0
-0.03905921429395676,-1.8411563506431916e-12,0.8465850128341117,7.191412044845181e-14,0
-0.038326576352119446,-2.1582906902656296e-12,0.8485650128641282,8.271989293053423e-14,0
-0.03904493898153305,-1.8367078691294836e-12,0.8505900128948269,7.171414667706228e-14,0
-0.041507232934236526,-8.767667039437377e-13,0.8526150129255257,3.6392159809575515e-14,0
-0.047382600605487823,5.14839147876256e-13,0.8545950129555422,-2.439441771989032e-14,0
-0.05042858049273491,1.1686293209176024e-12,0.8566200129862409,-5.893231777606345e-14,0
-0.04897261783480644,8.540507168662559e-13,0.8586450130169396,-4.182509936863363e-14,0
-0.04324185103178024,-4.652864465243267e-13,0.8606250130469562,2.011984720771132e-14,0
-0.039451755583286285,-1.6241289996915542e-12,0.8626500130776549,6.407474033155844e-14,0
-0.03810998052358627,-2.1735291517999134e-12,0.8646750131083536,8.283315364254169e-14,0
-0.03833402320742607,-2.050529884778385e-12,0.8666550131383701,7.860506019061531e-14,0
-0.040322475135326385,-1.1859433790908924e-12,0.8686800131690688,4.7820172415297463e-14,0
-0.04508290812373161,5.584737587747274e-14,0.8707050131997676,-2.5177621156356086e-15,0
-0.04985513538122177,1.0785108700214763e-12,0.8726850132297841,-5.3769305435039977e-14,0
-0.04972914978861809,1.0739380305185842e-12,0.8747100132604828,-5.3406025183352175e-14,0
-0.04435492679476738,-1.3258198792304166e-13,0.8767350132911815,5.8806643686312455e-15,0
-0.03992776572704315,-1.313778079381489e-12,0.8787150133211981,5.2456223370868796e-14,0
-0.03793155401945114,-2.1172863809426623e-12,0.8807400133518968,8.03119627333748e-14,0
-0.03777454048395157,-2.1760713890539574e-12,0.8827650133825955,8.220009678178744e-14,0
-0.03934469819068909,-1.4948023287914003e-12,0.8847900134132942,5.881254648103684e-14,0
-0.04320461302995682,-3.5023110171554517e-13,0.8867700134433107,1.5131599220675574e-14,0
-0.04874423146247864,8.759758868791268e-13,0.8887950134740095,-4.269877138558616e-14,0
-0.04977197200059891,1.098087441288309e-12,0.8908200135047082,-5.4653977382011014e-14,0
-0.0461910180747509,2.870494640594412e-13,0.8928000135347247,-1.3259106982717208e-14,0
-0.04074356332421303,-1.0261121379667726e-12,0.8948250135654234,4.1807464870992814e-14,0
-0.03799578920006752,-2.0057540697782095e-12,0.8968500135961222,7.621020882247037e-14,0
-0.03744778409600258,-2.2355470339491257e-12,0.8988300136261387,8.37162826637858e-14,0
-0.038531068712472916,-1.8074742006921052e-12,0.9008550136568374,6.964391262288957e-14,0
-0.04148581996560097,-7.680941386395412e-13,0.9028800136875361,3.186501515223336e-14,0
-0.0473453626036644,5.967373405309229e-13,0.9048600137175526,-2.8252745766582903e-14,0
-0.04967918619513512,1.095227641217944e-12,0.9068850137482514,-5.441001791412488e-14,0
-0.04775217920541763,6.303503725935133e-13,0.9089100137789501,-3.0100603954287225e-14,0
-0.04189387336373329,-6.811394981029451e-13,0.9108900138089666,2.853557187656163e-14,0
-0.038395464420318604,-1.8192313974707552e-12,0.9129150138396653,6.985023439391487e-14,0
-0.0372963547706604,-2.264089740341979e-12,0.914940013870364,8.444229418840684e-14,0
-0.03767865523695946,-2.0661137731248225e-12,0.9169200139003806,7.784838853790366e-14,0
-0.04004412889480591,-1.157345269967025e-12,0.9189450139310793,4.634488316635349e-14,0
-0.04536839574575424,1.91529233336922e-13,0.920970013961778,-8.689374054910384e-15,0
-0.04927951097488403,1.046293151944766e-12,0.9229950139924767,-5.1560814864208104e-14,0
-0.04864121228456497,8.789047506278791e-13,0.9249750140224933,-4.2750992553203306e-14,0
-0.04293464869260788,-3.969550382842968e-13,0.927000014053192,1.7043125115496994e-14,0
-0.03883082792162895,-1.5570824794461369e-12,0.9290250140838907,6.046280181915629e-14,0
-0.037209466099739075,-2.2478149983712337e-12,0.9310050141139072,8.363999598037946e-14,0
-0.03698945790529251,-2.246295380606278e-12,0.933030014144606,8.308924842378894e-14,0
-0.03898070752620697,-1.447138849725027e-12,0.9350550141753047,5.641049625094286e-14,0
-0.043316327035427094,-2.633593484350355e-13,0.9370350142053212,1.1407759664648992e-14,0
-0.048480160534381866,8.93452521168181e-13,0.9390600142360199,-4.3314721656081626e-14,0
-0.04887983202934265,9.906858319808087e-13,0.9410850142667186,-4.842455706107151e-14,0
-0.04444088041782379,-9.043947807720141e-15,0.9430650142967352,4.019210030279304e-16,0
-0.03942320495843887,-1.2812702288034217e-12,0.9450900143274339,5.051177883726316e-14,0
-0.03706083074212074,-2.1557347920642123e-12,0.9471150143581326,7.989332225359262e-14,0
-0.036792412400245667,-2.2998718814809527e-12,0.9490950143881491,8.461783473117613e-14,0
-0.037981513887643814,-1.7919041901334753e-12,0.9511200144188479,6.805923388288174e-14,0
-0.04112182930111885,-7.083560083984142e-13,0.9531450144495466,2.91288948617815e-14,0
-0.04709959775209427,6.302260688144379e-13,0.9551250144795631,-2.9683394334043706e-14,0
-0.04886556416749954,1.012928781650435e-12,0.9571500145102618,-4.949733637684647e-14,0
-0.04606782644987106,3.767810445153702e-13,0.9591750145409605,-1.7357483768335218e-14,0
-0.04028523713350296,-9.626437017309919e-13,0.9611550145709771,3.87803297993061e-14,0
-0.037310630083084106,-2.0028941612876272e-12,0.9631800146016758,7.472924314737165e-14,0
-0.03646131604909897,-2.3435285829986885e-12,0.9652050146323745,8.544813633481224e-14,0
-0.03710365295410156,-2.0356231891088816e-12,0.9672300146630732,7.55290563540174e-14,0
-0.039570290595293045,-1.1032300290328423e-12,0.9692100146930898,4.365513284228315e-14,0
-0.045325569808483124,2.8208969990624333e-13,0.9712350147237885,-1.2785876385354487e-14,0
-0.048565804958343506,9.795644113561042e-13,0.9732600147544872,-4.757333414605512e-14,0
-0.04730067774653435,6.812881422207928e-13,0.9752400147845037,-3.222539086772078e-14,0
-0.041435860097408295,-6.22244118210491e-13,0.9772650148152024,2.5783220228605093e-14,0
-0.03758183866739273,-1.7922219697902309e-12,0.9792900148459012,6.735499692481326e-14,0
-0.036241307854652405,-2.3569019999558627e-12,0.9812700148759177,8.541721096364637e-14,0
-0.03644704073667526,-2.246930939919789e-12,0.9832950149066164,8.189398349975259e-14,0
-0.03855961561203003,-1.3854941499635842e-12,0.9853200149373151,5.3424121855312097e-14,0
-0.043070562183856964,-1.8079801707409499e-13,0.9873000149673317,7.787072237107841e-15,0
-0.04791633039712906,8.801066971562965e-13,0.9893250149980304,-4.217148328566711e-14,0
-0.04800911247730255,8.867795820571844e-13,0.9913500150287291,-4.2573500697558715e-14,0
-0.04287693277001381,-2.706539148616266e-13,0.9933300150587456,1.1604809711463005e-14,0
-0.03825986012816429,-1.490353738857475e-12,0.9953550150894444,5.702072559017369e-14,0
-0.03622579202055931,-2.292370069809091e-12,0.9973800151201431,8.304292138305916e-14,0
-0.0360327810049057,-2.3671806702318943e-12,0.9993600151501596,8.529610268951175e-14,0
-0.037503331899642944,-1.7245399986515197e-12,1.0013850151808583,6.467599594363774e-14,0
-0.04131453111767769,-5.872909580525998e-13,1.003410015211557,2.4263650561594876e-14,0
-0.046924274414777756,6.78649356763289e-13,1.0054350152422558,-3.184512864817298e-14,0
-0.047963496297597885,9.150461421567058e-13,1.0074150152722723,-4.3888812251464385e-14,0
-0.04471177980303764,1.588003545934663e-13,1.009440015302971,-7.100246487227363e-15,0
-0.03898070752620697,-1.189120958818013e-12,1.0114650153336697,4.6352776308967766e-14,0
-0.036196622997522354,-2.1788482476581272e-12,1.0134450153636863,7.886694858929345e-14,0
-0.0356619656085968,-2.414706021941493e-12,1.015470015394385,8.611316310934911e-14,0
-0.03671111539006233,-2.0016232595010397e-12,1.0174950154250837,7.348182244697535e-14,0
-0.039451129734516144,-9.861853087628214e-13,1.0194750154551002,3.890612455827593e-14,0
-0.04536839574575424,3.7455672244335325e-13,1.021500015485799,-1.699303761304268e-14,0
-0.04787350818514824,9.160131420743456e-13,1.0235250155164977,-4.385276265479954e-14,0
-0.04596014693379402,4.846661266766361e-13,1.0255050155465142,-2.2275326395891022e-14,0
-0.0401369109749794,-8.32916363917996e-13,1.027530015577213,3.343068994818015e-14,0
-0.03648272901773453,-1.979062530174658e-12,1.0295550156079116,7.22016019975141e-14,0
-0.03543699160218239,-2.439795110734111e-12,1.0315350156379282,8.645899885013034e-14,0
-0.03583325445652008,-2.2491552890968602e-12,1.0335600156686269,8.059455378643578e-14,0
-0.03814566880464554,-1.3502232101489375e-12,1.0355850156993256,5.1505167386686684e-14,0
-0.043316327035427094,-3.7559107842095873e-14,1.0375650157293421,1.6269225984470992e-15,0
-0.04736677557229996,8.515086964526464e-13,1.0395900157600408,-4.033322132273419e-14,0
-0.046902865171432495,7.244062120992378e-13,1.0416150157907396,-3.397672689543868e-14,0
-0.0412757433950901,-5.332586043745036e-13,1.043595015820756,2.2010645317385882e-14,0
-0.03716788813471794,-1.6781475297919513e-12,1.0456200158514548,6.237319966086049e-14,0
-0.035297974944114685,-2.417248259195537e-12,1.0476450158821535,8.53239684867889e-14,0
-0.03528369963169098,-2.428369571400024e-12,1.0496700159128523,8.568186255201661e-14,0
-0.0371275469660759,-1.6433601441462331e-12,1.0516500159428688,6.101393093396653e-14,0
-0.04119320213794708,-4.795716232984526e-13,1.0536750159735675,1.975509081815657e-14,0
-0.04651746153831482,7.037521065032804e-13,1.0557000160042662,-3.273676154677438e-14,0
-0.04709960147738457,8.059590321518595e-13,1.0576800160342827,-3.796034922145116e-14,0
-0.04296319931745529,-1.2845116409334473e-13,1.0597050160649815,5.518672965501526e-15,0
-0.03768889605998993,-1.4366528799936162e-12,1.0617300160956802,5.414586106836459e-14,0
-0.03534017503261566,-2.3157873188517364e-12,1.0637100161256967,8.18403291865321e-14,0
-0.034948255866765976,-2.4817526506071275e-12,1.0657350161563954,8.673292663144255e-14,0
-0.03607591241598129,-1.9901840592195796e-12,1.0677600161870942,7.179770581208768e-14,0
-0.03928729146718979,-9.23849863797288e-13,1.0697400162171107,3.6295558870927644e-14,0
-0.04510432109236717,4.288930322005058e-13,1.0717650162478094,-1.9344929038650586e-14,0
-0.04697423428297043,8.308544824364716e-13,1.0737900162785081,-3.902875311302696e-14,0
-0.044358957558870316,2.4228731000663917e-13,1.0757700163085246,-1.0747612501637362e-14,0
-0.03864526376128197,-1.112541699391234e-12,1.0777950163392234,4.299446741839911e-14,0
-0.03547640144824982,-2.1741647111134244e-12,1.079820016369922,7.713154010607793e-14,0
-0.03458798676729202,-2.524014200769309e-12,1.0818000163999386,8.730056977666601e-14,0
-0.03520519286394119,-2.2539214418471065e-12,1.0838250164306373,7.93497390603998e-14,0
-0.037610385566949844,-1.3159056093045574e-12,1.085850016461336,4.9491717335656465e-14,0
-0.04337000846862793,8.158561039207576e-14,1.0878750164920348,-3.5383686136225047e-15,0
-0.046615518629550934,7.983328624908137e-13,1.0898550165220513,-3.721470042402325e-14,0
-0.04553968459367752,5.254908921198398e-13,1.09188001655275,-2.3930689483987724e-14,0
-0.03963731601834297,-7.871595085820471e-13,1.0939050165834487,3.120089019851016e-14,0
-0.035749781876802444,-1.9596793805753965e-12,1.0958850166134653,7.005811040403775e-14,0
-0.034398701041936874,-2.5310047026966265e-12,1.097910016644164,8.706327410379757e-14,0
-0.03463422507047653,-2.4375846393448475e-12,1.0999350166748627,8.442385502740581e-14,0
-0.03665091469883919,-1.5833456507713395e-12,1.1019150167048792,5.803106638519839e-14,0
-0.0410076379776001,-4.0966530298267023e-13,1.103940016735578,1.6799406436697198e-14,0
-0.04599645361304283,6.951726520820767e-13,1.1059650167662767,-3.19754766445492e-14,0
-0.04622825235128403,7.227345349795911e-13,1.1079450167962932,-3.341075446602445e-14,0
-0.04105045646429062,-4.2174000836753267e-13,1.109970016826992,1.731261985274096e-14,0
-0.03637567162513733,-1.6543157902587646e-12,1.1119950168576906,6.017684795073238e-14,0
-0.03428264707326889,-2.4620101964079044e-12,1.1139750168877072,8.440422665424161e-14,0
-0.03408467024564743,-2.5392665400914005e-12,1.116000016918406,8.655006268482146e-14,0
-0.03557632118463516,-1.9186887321998025e-12,1.1180250169491046,6.825988659008062e-14,0
-0.03904152661561966,-8.104523996355084e-13,1.1200050169791211,3.164129893106252e-14,0
-0.04479029029607773,4.679770026355667e-13,1.1220300170098199,-2.0960825799935366e-14,0
-0.04601072892546654,7.339388970704908e-13,1.1240550170405186,-3.376906364096624e-14,0
-0.04286203533411026,2.8092067924255157e-14,1.126035017070535,-1.20408320797765e-15,0
-0.03720357269048691,-1.3295691587630887e-12,1.1280600171012338,4.94647228450721e-14,0
-0.03443438559770584,-2.326687670653471e-12,1.1300850171319325,8.011806041670964e-14,0
-0.03373495116829872,-2.5942381923216296e-12,1.1321100171626313,8.751649873690572e-14,0
-0.0346699096262455,-2.1921108591532734e-12,1.1340900171926478,7.600028537755536e-14,0
-0.037417687475681305,-1.2078685491037633e-12,1.1361150172233465,4.519564788206923e-14,0
-0.04328436404466629,1.8580961964366483e-13,1.1381400172540452,-8.042651219657365e-15,0
-0.045982491225004196,7.356658685009343e-13,1.1401200172840618,-3.38277493428793e-14,0
-0.044233597815036774,3.389680571820597e-13,1.1421450173147605,-1.4993776713535616e-14,0
-0.0383811891078949,-9.863926082182006e-13,1.1441700173454592,3.785892123065244e-14,0
-0.03477417305111885,-2.1340858767648907e-12,1.1461500173754757,7.421107158457101e-14,0
-0.03362075984477997,-2.6104437621937704e-12,1.1481750174061744,8.776510281702066e-14,0
-0.03394906222820282,-2.4286872426365624e-12,1.1502000174368732,8.245165433311098e-14,0
-0.036241307854652405,-1.537920290249628e-12,1.1521800174668897,5.573624269485315e-14,0
-0.04133594036102295,-2.457031702662177e-13,1.1542050174975884,1.0156371592638641e-14,0
-0.04551827162504196,6.732474820692058e-13,1.1562300175282871,-3.064506175970168e-14,0
-0.045230306684970856,5.851323657372898e-13,1.1582100175583037,-2.646571635360015e-14,0
-0.039601631462574005,-6.711785532735604e-13,1.1602350175890024,2.657976571232313e-14,0
-0.03539789095520973,-1.826539570634611e-12,1.162260017619701,6.465564854669957e-14,0
-0.0335155613720417,-2.577065730952066e-12,1.1642400176497176,8.637180466550948e-14,0
-0.033499427139759064,-2.5932849617715803e-12,1.1662650176804163,8.687356062949992e-14,0
-0.035233739763498306,-1.848464740647482e-12,1.168290017711115,6.512832563397577e-14,0
-0.03938752040266991,-6.70543048170158e-13,1.1703150177418138,2.6411027990670567e-14,0
-0.04474622383713722,5.234600188204486e-13,1.1722950177718303,-2.3422859171931855e-14,0
-0.04529702290892601,6.478270068825676e-13,1.174320017802529,-2.934463477178063e-14,0
-0.041350215673446655,-2.7461897773167765e-13,1.1763450178332278,1.1355553957226315e-14,0
-0.03612959757447243,-1.5704143714601049e-12,1.1783250178632443,5.6738439266021647e-14,0
-0.033656444400548935,-2.4706311215622057e-12,1.180350017893943,8.315265897712423e-14,0
-0.033199671655893326,-2.653976430982974e-12,1.1823750179246417,8.811114609111437e-14,0
-0.03437946364283562,-2.161937946373871e-12,1.1843550179546583,7.432626702542719e-14,0
-0.03738199919462204,-1.1169902893251593e-12,1.186380017985357,4.1755330095953745e-14,0
-0.04333432763814926,2.487253296119124e-13,1.1884050180160557,-1.077834492530928e-14,0
-0.045327119529247284,6.560886274369071e-13,1.1903850180460722,-2.973860763761248e-14,0
-0.042834728956222534,9.683791583284945e-14,1.192410018076771,-4.148025877385597e-15,0
-0.03707510605454445,-1.2472702991955797e-12,1.1944350181074697,4.6242678621359505e-14,0
-0.03385069593787193,-2.3194345749599776e-12,1.1964150181374862,7.851447454475743e-14,0
-0.03297128528356552,-2.6892472623774033e-12,1.198440018168185,8.866793868589294e-14,0
-0.033527977764606476,-2.428369571400024e-12,1.2004650181988836,8.141832099414697e-14,0
-0.035809360444545746,-1.517362949697565e-12,1.2024450182289002,5.433579679091924e-14,0
-0.041414450854063034,-1.4402121530955603e-13,1.2044700182595989,5.964559543380039e-15,0
-0.04497585445642471,6.262195623163436e-13,1.2064950182902976,-2.8164759892505854e-14,0
-0.04387488216161728,3.8585779536803866e-13,1.2084750183203141,-1.692946530291413e-14,0
-0.0381670780479908,-9.091778436880193e-13,1.2105000183510128,3.4700661719544613e-14,0
-0.03419172391295433,-2.084239898725304e-12,1.2125250183817116,7.126375518557949e-14,0
-0.03276430815458298,-2.6841632215501843e-12,1.2145500184124103,8.794475092806842e-14,0
-0.03283785283565521,-2.6307803591835155e-12,1.2165300184424268,8.638917827780044e-14,0
-0.0348982959985733,-1.78173600005882e-12,1.2185550184731255,6.217955032136672e-14,0
-0.039209090173244476,-6.015899584044249e-13,1.2205800185038242,2.3587794926397488e-14,0
-0.04426214471459389,5.201443117365534e-13,1.2225600185338408,-2.3022702798556162e-14,0
-0.044476255774497986,5.512291469632336e-13,1.2245850185645395,-2.4516608530695115e-14,0
-0.03956594690680504,-5.663190185897782e-13,1.2266100185952382,2.24069482218371e-14,0
-0.034781619906425476,-1.8035091649271084e-12,1.2285900186252547,6.27289702722495e-14,0
-0.03272862359881401,-2.6136215587613254e-12,1.2306150186559535,8.554023622644497e-14,0
-0.032521650195121765,-2.707995069503588e-12,1.2326400186866522,8.806846838051015e-14,0
-0.03385069593787193,-2.1185022052588875e-12,1.2346200187166687,7.171277399392976e-14,0
-0.03733917698264122,-1.017214958098922e-12,1.2366450187473674,3.798196934984562e-14,0
-0.04300601780414581,2.8145419480284095e-13,1.2386700187780662,-1.2104224112742502e-14,0
-0.04449301213026047,5.738588857578941e-13,1.2406500188080827,-2.553271036508374e-14,0
-0.04135735332965851,-1.262268691263821e-13,1.2426750188387814,5.220409226156347e-15,0
-0.03572619706392288,-1.4830453488531847e-12,1.2447000188694801,5.2983570387863135e-14,0
-0.03290487825870514,-2.4726206325487166e-12,1.2466800188994966,8.136128089397801e-14,0
-0.032236166298389435,-2.762966721733817e-12,1.2487050189301954,8.906745471872722e-14,0
-0.033021245151758194,-2.382930441510722e-12,1.250730018960894,7.868733028871295e-14,0
-0.03574761003255844,-1.3975689095585553e-12,1.2527550189915928,4.995974837252717e-14,0
-0.04167045280337334,-9.37552732525231e-15,1.2547350190216093,3.906824689136634e-16,0
-0.04436206445097923,5.60444052277731e-13,1.256760019052308,-2.4862455168312676e-14,0
-0.042749084532260895,1.9248250454455273e-13,1.2587850190830068,-8.228450857756377e-15,0
-0.03690412640571594,-1.135392561218973e-12,1.2607650191130233,4.190067059933456e-14,0
-0.03329245373606682,-2.2720336896597804e-12,1.262790019143722,7.564157649978343e-14,0
-0.0320434644818306,-2.7734529083056625e-12,1.2648150191744207,8.887103975932227e-14,0
-0.03254740312695503,-2.6045860346962657e-12,1.2667950192044373,8.477251165009665e-14,0
-0.034748420119285583,-1.723586551261036e-12,1.268820019235136,5.989190959516904e-14,0
-0.03959449380636215,-4.3731007313627113e-13,1.2708450192658347,1.7315070982253867e-14,0
-0.043956805020570755,4.972659111736333e-13,1.2728250192958512,-2.1858220700835854e-14,0
-0.043819647282361984,4.3365937468613225e-13,1.27485001932655,-1.9002800839435972e-14,0
-0.0381670780479908,-8.135332685288432e-13,1.2768750193572487,3.1050187754577416e-14,0
-0.033925171941518784,-1.9643215005971104e-12,1.2788550193872652,6.663994465617916e-14,0
-0.03197923302650452,-2.7327799311666068e-12,1.280880019417964,8.739220622893189e-14,0
-0.031929269433021545,-2.763602281047328e-12,1.2829050194486626,8.823980183727307e-14,0
-0.03365706279873848,-2.043898687451029e-12,1.2848850194786792,6.879162647779843e-14,0
-0.03757470101118088,-8.726358936665679e-13,1.286910019509378,3.278903279614592e-14,0
-0.04299888014793396,3.2594006703703937e-13,1.2889350195400766,-1.4015057877935216e-14,0
-0.0437929593026638,4.88644986019332e-13,1.2909150195700931,-2.139920998619533e-14,0
-0.039972759783267975,-3.6645044095527657e-13,1.2929400196007919,1.4648035448777895e-14,0
-0.034684181213378906,-1.68736238089634e-12,1.2949650196314906,5.852478259164714e-14,0
-0.03209342435002327,-2.621565291238692e-12,1.2969900196621893,8.413500735301569e-14,0
-0.03160158544778824,-2.813144682478619e-12,1.2989700196922058,8.889983206033919e-14,0
-0.03276430815458298,-2.354332440807072e-12,1.3009950197229045,7.71380735889344e-14,0
-0.03581184148788452,-1.2968402393620515e-12,1.3030200197536033,4.644223708714401e-14,0
-0.041685350239276886,6.622279086860791e-14,1.3050000197836198,-2.760520231180308e-15,0
-0.043733999133110046,4.994349118297992e-13,1.3070250198143185,-2.184228600100933e-14,0
-0.0413430780172348,-4.710560283852083e-14,1.3090500198450172,1.947490613201844e-15,0
-0.03565296530723572,-1.3674925991927211e-12,1.3110300198750338,4.8755166196919686e-14,0
-0.03234322369098663,-2.4541078804535266e-12,1.3130550199057325,7.937376013932149e-14,0
-0.031408265233039856,-2.848125381371691e-12,1.3150800199364312,8.945467739507487e-14,0
-0.032003745436668396,-2.5999441315149863e-12,1.3170600199664477,8.320795013456552e-14,0
-0.034270234405994415,-1.6940353200073366e-12,1.3190850199971464,5.805498750868519e-14,0
-0.03979433327913284,-3.1211421251328697e-13,1.3211100200278452,1.2420376993907836e-14,0
-0.04344293102622032,4.614561228792613e-13,1.3230900200578617,-2.0047006517870798e-14,0
-0.04244932532310486,2.382393869855559e-13,1.3251150200885604,-1.0113101242926937e-14,0
-0.036761075258255005,-1.0496260978432037e-12,1.3271400201192591,3.858538397584254e-14,0
-0.03279316797852516,-2.2043792572562504e-12,1.3291200201492757,7.228857927158075e-14,0
-0.03125838562846184,-2.835097391226671e-12,1.3311450201799744,8.862056754920942e-14,0
-0.03132262080907822,-2.7991910005187304e-12,1.333170020210673,8.767799828143246e-14,0
-0.03338523581624031,-1.9612681704389567e-12,1.3351950202413718,6.547740036899076e-14,0
-0.03761162608861923,-7.902264996875741e-13,1.3371750202713883,2.972170363156742e-14,0
-0.042706262320280075,3.408745724922668e-13,1.339200020302087,-1.4557478911168074e-14,0
-0.042920373380184174,3.933043669392122e-13,1.3412250203327858,-1.6880770281087953e-14,0
-0.03811804950237274,-6.953970819317812e-13,1.3432050203628023,2.6507180392881188e-14,0
-0.033370960503816605,-1.938707441112575e-12,1.345230020393501,6.469652944582309e-14,0
-0.03117987886071205,-2.7607425893971804e-12,1.3472550204241998,8.60796195030126e-14,0
-0.030931320041418076,-2.870837899002221e-12,1.3492350204542163,8.879880584106996e-14,0
-0.032171931117773056,-2.3022204802269908e-12,1.351260020484915,7.406687870778915e-14,0
-0.035619139671325684,-1.198335918342619e-12,1.3532850205156137,4.2683694448612075e-14,0
-0.04138745367527008,1.0369037171855527e-13,1.3552650205456303,-4.291480456073241e-15,0
-0.04295606166124344,4.2380893716317813e-13,1.357290020576329,-1.8205162837367526e-14,0
-0.03985856473445892,-2.685815979341921e-13,1.3593150206070277,1.0705277007744416e-14,0
-0.03411880508065224,-1.6131871229466133e-12,1.3612950206370442,5.5040017006433673e-14,0
-0.031315483152866364,-2.6183877115115717e-12,1.363320020667743,8.199607626751294e-14,0
-0.030723106116056442,-2.914854121960353e-12,1.3653450206984417,8.955337250181245e-14,0
-0.03143029659986496,-2.572092061906006e-12,1.3673250207284582,8.0841616387864e-14,0
-0.03384200856089592,-1.6072879789261196e-12,1.369350020759157,5.439385354264284e-14,0
-0.03979433327913284,-2.126565389710608e-13,1.3713750207898556,8.462525185801295e-15,0
-0.04261627048254013,4.0343111338582427e-13,1.3733550208198722,-1.7192729449122603e-14,0
-0.041128966957330704,7.491273226745143e-14,1.3753800208505709,-3.0810832901113715e-15,0
-0.03536934405565262,-1.249494648372651e-12,1.3774050208812696,4.419380611398898e-14,0
-0.03170088678598404,-2.4086687505642246e-12,1.3794300209119683,7.635693536657411e-14,0
-0.03040255792438984,-2.9328419033636255e-12,1.3814100209419848,8.916589585009037e-14,0
-0.030751653015613556,-2.7744061388557117e-12,1.3834350209726836,8.531757490647901e-14,0
-0.032914187759160995,-1.895492660400344e-12,1.3854600210033823,6.238860132052852e-14,0
-0.03784249350428581,-6.231145157145623e-13,1.3874400210333988,2.3580207013354525e-14,0
-0.0422138050198555,3.2911759255405126e-13,1.3894650210640975,-1.3893305880680966e-14,0
-0.04203537851572037,2.900336221189903e-13,1.3914900210947962,-1.2191673088057165e-14,0
-0.03671049326658249,-9.328023379759354e-13,1.3934700211248128,3.424363394731798e-14,0
-0.03225044161081314,-2.088688380239012e-12,1.3954950211555115,6.736112265008214e-14,0
-0.03043048456311226,-2.880854192352511e-12,1.3975200211862102,8.766578902896032e-14,0
-0.030305741354823112,-2.9159318189198036e-12,1.3995000212162267,8.836947551248247e-14,0
-0.031865037977695465,-2.2091178712713155e-12,1.4015250212469255,7.039362486526623e-14,0
-0.03581184148788452,-1.0467661893526214e-12,1.4035500212776242,3.7486624847972994e-14,0
-0.0412459522485733,1.5276296124345362e-13,1.4055300213076407,-6.300853804798142e-15,0
-0.042135294526815414,3.3642598255834155e-13,1.4075550213383394,-1.4175407861568987e-14,0
-0.03845969960093498,-4.945061829637887e-13,1.4095800213690381,1.9018559247592305e-14,0
-0.03313574567437172,-1.7982041636971369e-12,1.4115600213990547,5.958483583886462e-14,0
-0.030508993193507195,-2.751209850215819e-12,1.4135850214297534,8.393664259414437e-14,0
-0.03001653403043747,-2.973639130071648e-12,1.4156100214604521,8.92583401420361e-14,0
-0.031115643680095673,-2.515752363374535e-12,1.4176350214911508,7.82792541261206e-14,0
-0.034029435366392136,-1.4633167724417695e-12,1.4196150215211674,4.9795843528364744e-14,0
-0.03993707522749901,-1.2495584536705018e-13,1.421640021551866,4.990370996539616e-15,0
-0.042113881558179855,3.481829624965571e-13,1.4236650215825648,-1.4663336043156185e-14,0
-0.039830949157476425,-1.6587732164403957e-13,1.4256450216125813,6.607051164782104e-15,0
-0.03406325727701187,-1.4693817993946534e-12,1.42767002164328,5.0051930270938725e-14,0
-0.030723106116056442,-2.592967290535042e-12,1.4296950216739788,7.966400922257145e-14,0
-0.029732292518019676,-2.990203787703316e-12,1.4316750217039953,8.89056137044854e-14,0
-0.030273471027612686,-2.7712283422881567e-12,1.433700021734694,8.389470093115964e-14,0
-0.03261443227529526,-1.855137571338261e-12,1.4357250217653927,6.050425868176744e-14,0
-0.037961654365062714,-5.060697412344328e-13,1.4377050217954093,1.9211244601358265e-14,0
-0.041742753237485886,3.0496815467927207e-13,1.439730021826108,-1.273021042606828e-14,0
-0.04094340279698372,1.0541730249141734e-13,1.4417550218568067,-4.3161430776775755e-15,0
-0.035168882459402084,-1.1652340333942468e-12,1.4437350218868232,4.097997875813727e-14,0
-0.03135830536484718,-2.315884029685522e-12,1.445760021917522,7.262219859245142e-14,0
-0.029745325446128845,-2.979994289525889e-12,1.4477850219482207,8.864089996955308e-14,0
-0.029739737510681152,-2.957378049048276e-12,1.4497650219782372,8.795164689854606e-14,0
-0.031579554080963135,-2.1465199409598235e-12,1.451790022008936,6.778614256140654e-14,0
-0.03592603653669357,-9.76859869036839e-13,1.4538150220396346,3.509470334624718e-14,0
-0.041029978543519974,1.7298883408633364e-13,1.4557950220696512,-7.097728150830806e-15,0
-0.04132166504859924,2.52538387337381e-13,1.4578200221003499,-1.0435306653468674e-14,0
-0.036825306713581085,-7.877950678955581e-13,1.4598450221310486,2.901079500270036e-14,0
-0.03187931329011917,-2.06453886104907e-12,1.4618700221617473,6.581608115100911e-14,0
-0.02973974123597145,-2.901011028622058e-12,1.4638500221917639,8.627531731391937e-14,0
-0.029395608231425285,-3.0190780431205155e-12,1.4658750222224626,8.874763537566877e-14,0
-0.03067314438521862,-2.4633227315579154e-12,1.4679000222531613,7.555785381246707e-14,0
-0.03397730365395546,-1.3880500481650015e-12,1.4698800222831778,4.716219797338976e-14,0
-0.03982288017868996,-6.680649143695622e-14,1.4719050223138765,2.660426903652584e-15,0
-0.041414450854063034,2.7192150983158803e-13,1.4739300223445753,-1.126148000508292e-14,0
-0.03846807777881622,-3.7940936742190956e-13,1.4759100223745918,1.459514905599748e-14,0
-0.032828543335199356,-1.7277173615382058e-12,1.4779350224052905,5.671844427423328e-14,0
-0.029880929738283157,-2.749938731588797e-12,1.4799600224359892,8.217072602318835e-14,0
-0.029263105243444443,-3.0581761081838188e-12,1.4819400224660058,8.949172930677043e-14,0
-0.029859518632292747,-2.7302379107529973e-12,1.4839650224967045,8.152358976672115e-14,0
-0.0323789082467556,-1.7756985118411173e-12,1.4859900225274032,5.7495179188804e-14,0
-0.03810315579175949,-4.052719802544874e-13,1.4879700225574197,1.544214140167161e-14,0
-0.04115037992596626,2.547626823043436e-13,1.4899950225881184,-1.0483581167781982e-14,0
-0.03974437341094017,-6.458219646999358e-14,1.4920200226188172,2.566778932202127e-15,0
-0.03396240621805191,-1.3611927340492769e-12,1.4940000226488337,4.622938057484224e-14,0
-0.030166413635015488,-2.525920878709842e-12,1.4960250226795324,7.619797403648288e-14,0
-0.028896011412143707,-3.0635639424597683e-12,1.4980500227102311,8.852477864314943e-14,0
-0.029217181727290154,-2.925657762928302e-12,1.5000750227409299,8.547947453133337e-14,0
-0.03137071803212166,-2.058156162859648e-12,1.5020550227709464,6.456583665114348e-14,0
-0.0359831303358078,-8.325986384713491e-13,1.504080022801645,2.995950532553067e-14,0
-0.04061509668827057,1.7691243977581428e-13,1.5061050228323438,-7.185315846852541e-15,0
-0.040553346276283264,1.6171539476451946e-13,1.5080850228623603,-6.558100402091403e-15,0
-0.035319384187459946,-1.0359625483846724e-12,1.510110022893059,3.6589559250218307e-14,0
-0.030901532620191574,-2.218015051139166e-12,1.5121350229237578,6.854006445485282e-14,0
-0.029024790972471237,-3.0163978953501314e-12,1.5141150229537743,8.755031840233973e-14,0
-0.028824642300605774,-3.0616574813596698e-12,1.516140022984473,8.825118174716607e-14,0
-0.030423348769545555,-2.3737155904063334e-12,1.5181650230151718,7.221637728663962e-14,0
-0.03425285592675209,-1.2249168693245771e-12,1.5201450230451883,4.195690104722296e-14,0
-0.039665866643190384,-1.3105715582326267e-14,1.522170023075887,5.198495665521359e-16,0
-0.04061509668827057,1.9343574864712915e-13,1.5241950231065857,-7.856411634271153e-15,0
-0.037224363535642624,-5.909520377385402e-13,1.5261750231366022,2.199781348490822e-14,0
-0.03172943368554115,-1.912969348899507e-12,1.528200023167301,6.069743409837974e-14,0
-0.02905302867293358,-2.885620561943192e-12,1.5302250231979997,8.383601692534226e-14,0
-0.028488580137491226,-3.111890302734399e-12,1.5322050232280162,8.865333626853076e-14,0
-0.02955976128578186,-2.6774901740189705e-12,1.534230023258715,7.91459703890273e-14,0
-0.032457415014505386,-1.6406523492204506e-12,1.5362550232894137,5.3251334193171386e-14,0
-0.03820741921663284,-2.9651652769420445e-13,1.5382350233194302,1.1329131278272792e-14,0
-0.0405794121325016,2.1186559993370546e-13,1.540260023350129,-8.597381496409538e-15,0
-0.03845256194472313,-2.5428259758236704e-13,1.5422850233808276,9.777817335001073e-15,0
-0.03266438841819763,-1.5866338191200535e-12,1.5443100234115263,5.182642334518575e-14,0
-0.029300343245267868,-2.7106888782213456e-12,1.5462900234415429,7.942411456301554e-14,0
-0.028346456587314606,-3.1245730829077e-12,1.5483150234722416,8.857057524853488e-14,0
-0.028788957744836807,-2.921844840728105e-12,1.5503400235029403,8.411686765669085e-14,0
-0.031065374612808228,-2.0014573765686494e-12,1.5523200235329568,6.217602317467348e-14,0
-0.03631144016981125,-6.778514381744483e-13,1.5543450235636556,2.4613761941291987e-14,0
-0.04015832394361496,1.6515545983759872e-13,1.5563700235943543,-6.6323664572149794e-15,0
-0.03950326517224312,-2.7441093458137073e-15,1.5583500236243708,1.0840127914930947e-16,0
-0.0339062437415123,-1.2657001098245746e-12,1.5603750236550695,4.291513642737091e-14,0
-0.02990947663784027,-2.426145222222953e-12,1.5624000236857682,7.25647338440852e-14,0
-0.02817578800022602,-3.1079117144422463e-12,1.5643800237157848,8.756786158954372e-14,0
-0.028217989951372147,-3.094703963577028e-12,1.5664050237464835,8.732632534668813e-14,0
-0.030066493898630142,-2.2945942021457277e-12,1.5684300237771822,6.899040257864662e-14,0
-0.03422306478023529,-1.1489869385788998e-12,1.5704100238071987,3.9321854430629914e-14,0
-0.039337560534477234,2.7884815902720975e-14,1.5724350238378975,-1.0969206335660398e-15,0
-0.03980860859155655,1.2194062491525937e-13,1.5744600238685962,-4.8542866086613686e-15,0
-0.035548701882362366,-8.638354246325031e-13,1.5764400238986127,3.0708227985684755e-14,0
-0.030616048723459244,-2.1468378290367962e-12,1.5784650239293114,6.572769157515602e-14,0
-0.028239402920007706,-3.0111343106431487e-12,1.5804900239600101,8.503263504451152e-14,0
-0.02797470986843109,-3.151347672397664e-12,1.5824700239900267,8.815803682988028e-14,0
-0.029081575572490692,-2.6364999593242455e-12,1.5844950240207254,7.667357281395668e-14,0
-0.03237177059054375,-1.551680550541945e-12,1.5865200240514241,5.023064681195247e-14,0
-0.038338370621204376,-2.0661917272610242e-13,1.5885450240821228,7.921442421419957e-15,0
-0.03989797458052635,1.4712623480628295e-13,1.5905250241121394,-5.870038776429629e-15,0
-0.037196435034275055,-4.852912776492913e-13,1.592550024142838,1.80511054817822e-14,0
-0.03148677200078964,-1.8421097980336754e-12,1.5945750241735368,5.800209121110699e-14,0
-0.02863752655684948,-2.8645380338587767e-12,1.5965550242035533,8.203328401773611e-14,0
-0.02781117707490921,-3.184629209646017e-12,1.598580024234252,8.856828686739355e-14,0
-0.028517749160528183,-2.876405710838803e-12,1.6006050242649508,8.202861654561175e-14,0
-0.0308940839022398,-1.9454219051667776e-12,1.6025850242949673,6.010202756347763e-14,0
-0.03663260489702225,-5.548798183083181e-13,1.604610024325666,2.032669314942011e-14,0
-0.039865702390670776,1.2638920129665748e-13,1.6066350243563647,-5.038594284287128e-15,0
-0.038572341203689575,-1.7416660290630465e-13,1.6086150243863813,6.718013633589495e-15,0
-0.03287850320339203,-1.472559379121774e-12,1.61064002441708,4.841554826364022e-14,0
-0.02903161756694317,-2.6390417628974205e-12,1.6126650244477787,7.661565120362942e-14,0
-0.027758734300732613,-3.186162488358346e-12,1.6146450244777952,8.84438379533004e-14,0
-0.028018152341246605,-3.082311749585953e-12,1.616670024508494,8.636068016311359e-14,0
-0.030130727216601372,-2.211024332371414e-12,1.6186950245391927,6.661977102795124e-14,0
-0.03459543734788895,-1.0147004764204937e-12,1.6206750245692092,3.5104006758878254e-14,0
-0.039251916110515594,3.900627379687521e-14,1.622700024599908,-1.5310709868587484e-15,0
-0.039337560534477234,3.995954161637415e-14,1.6247250246306066,-1.5719108872640803e-15,0
-0.03414176404476166,-1.1392332389947857e-12,1.6267500246613054,3.889543243770954e-14,0
-0.0297248438000679,-2.3393288174633486e-12,1.6287300246913219,6.95361836960956e-14,0
-0.02770411968231201,-3.1245730829077e-12,1.6307550247220206,8.656354664500554e-14,0
-0.02758992835879326,-3.1792272807418254e-12,1.6327800247527193,8.771465291198806e-14,0
-0.029151396825909615,-2.5124091175554586e-12,1.6347600247827359,7.324023517489257e-14,0
-0.03285709023475647,-1.3956624484584568e-12,1.6367850248134346,4.5857407006260665e-14,0
-0.03830268234014511,-1.5418941893673849e-13,1.6388100248441333,5.9058683337454494e-15,0
-0.03933197259902954,8.213820791060089e-14,1.6407900248741498,-3.2306577428731457e-15,0
-0.036040227860212326,-6.75627088997377e-13,1.6428150249048485,2.434975423599742e-14,0
-0.030558951199054718,-2.013380131019038e-12,1.6448400249355473,6.152678516895718e-14,0
-0.027937471866607666,-2.990535336727662e-12,1.6468200249655638,8.354799683592514e-14,0
-0.027332991361618042,-3.229750234617912e-12,1.6488450249962625,8.827873526299523e-14,0
-0.028389280661940575,-2.8058638312095097e-12,1.6508700250269612,7.965645580339463e-14,0
-0.031147293746471405,-1.8094773726259894e-12,1.6528500250569778,5.636032325277499e-14,0
-0.03692522644996643,-4.379455782396735e-13,1.6548750250876765,1.6171239649261435e-14,0
-0.039316147565841675,8.666968510061268e-14,1.6569000251183752,-3.4075181289007177e-15,0
-0.037574391812086105,-3.323262346734135e-13,1.6588800251483917,1.2486956151054113e-14,0
-0.03177225589752197,-1.6530447800519599e-12,1.6609050251790904,5.2520961761873794e-14,0
-0.028189441189169884,-2.7899761494143416e-12,1.6629300252097892,7.864786858310223e-14,0
-0.027215074747800827,-3.2428612746493446e-12,1.6649100252398057,8.825471198633058e-14,0
-0.027654161676764488,-3.049264833687726e-12,1.6669350252705044,8.432486270607275e-14,0
-0.02984524331986904,-2.148426402059922e-12,1.6689600253012031,6.412030872430917e-14,0
-0.035162366926670074,-8.135332685288432e-13,1.6709850253319019,2.86057552950644e-14,0
-0.03908621147274971,4.7654764791411897e-14,1.6729650253619184,-1.8626442143212726e-15,0
-0.038609579205513,-9.254474628034998e-14,1.674990025392617,3.573113711565277e-15,0
-0.032914187759160995,-1.3635689799507134e-12,1.6770150254233158,4.4880765428665414e-14,0
-0.02889818511903286,-2.50975672536069e-12,1.6789950254533323,7.252741445321093e-14,0
-0.02711174264550209,-3.2116382036456725e-12,1.681020025484031,8.707310844770411e-14,0
-0.02719738706946373,-3.218946593649963e-12,1.6830450255147298,8.754693646342982e-14,0
-0.028980106115341187,-2.4391317958449843e-12,1.6850250255447463,7.068629827289036e-14,0
-0.033156849443912506,-1.2806346694899107e-12,1.687050025575445,4.246181092893162e-14,0
-0.03825986012816429,-9.762884131767763e-14,1.6890750256061438,3.735265813289093e-15,0
-0.03885534033179283,2.2294578445343884e-15,1.6910550256361603,-8.662634330476893e-17,0
-0.03471273183822632,-9.406356986721431e-13,1.693080025666859,3.265203476546876e-14,0
-0.029566897079348564,-2.2431178008791575e-12,1.6951050256975577,6.632203315544873e-14,0
-0.027244864031672478,-3.1122222854396142e-12,1.6970850257275742,8.479207300314326e-14,0
-0.026897629722952843,-3.269469764366484e-12,1.699110025758273,8.794098711231956e-14,0
-0.02813948318362236,-2.7645555115973774e-12,1.7011350257889717,7.779316332878491e-14,0
-0.03122921660542488,-1.7232688800244977e-12,1.7031150258189882,5.381633712367298e-14,0
-0.03701800853013992,-3.63272942543319e-13,1.705140025849687,1.3447640885837612e-14,0
-0.0388236902654171,3.0109097317156455e-14,1.7071650258803857,-1.1689462684125832e-15,0
-0.036090187728405,-5.872909580525998e-13,1.7091900259110844,2.1195440927313152e-14,0
-0.03049192577600479,-1.930501114869032e-12,1.711170025941101,5.886469670508103e-14,0
-0.027454322203993797,-2.9558445534955125e-12,1.7131950259717996,8.115070875658598e-14,0
-0.02662642113864422,-3.3034699108147603e-12,1.7152200260024983,8.795958106419326e-14,0
-0.02737891674041748,-3.009434932157995e-12,1.7172000260325149,8.239506844325767e-14,0
-0.02966681681573391,-2.094407980379742e-12,1.7192250260632136,6.213441789133703e-14,0
-0.03533365577459335,-6.994588285305636e-13,1.7212500260939123,2.471443747579925e-14,0
-0.03853510320186615,2.4002650559030927e-16,1.7232300261239288,-9.24944616410587e-18,0
-0.03736058622598648,-2.7525448283508003e-13,1.7252550261546276,1.0283668840049323e-14,0
-0.031600967049598694,-1.577101079938692e-12,1.7272800261853263,4.983791926102912e-14,0
-0.027862997725605965,-2.7272674136408215e-12,1.7292600262153428,7.598984574339347e-14,0
-0.026426583528518677,-3.3076005042514955e-12,1.7312850262460415,8.740858100457264e-14,0
-0.026647834107279778,-3.2148160002132276e-12,1.7333100262767402,8.56678834591108e-14,0
-0.028615184128284454,-2.372817654167081e-12,1.7352900263067568,6.7898614076835e-14,0
-0.03300696983933449,-1.1840368095705767e-12,1.7373150263374555,3.9081467262157857e-14,0
-0.03803147375583649,-9.318025816001593e-14,1.7393400263681542,3.5437825427747146e-15,0
-0.038080811500549316,-7.303729290201316e-14,1.7413200263981707,2.7813193835119718e-15,0
-0.03318539634346962,-1.2075507694470078e-12,1.7433450264288695,4.007305088896066e-14,0
-0.028367867693305016,-2.436313303877391e-12,1.7453700264595682,6.911301346383264e-14,0
-0.026483681052923203,-3.241189434899372e-12,1.747395026490267,8.583862722597936e-14,0
-0.026343733072280884,-3.3128228892759237e-12,1.7493750265202834,8.727212191082726e-14,0
-0.02774694375693798,-2.692106954027551e-12,1.7514000265509821,7.469774024106408e-14,0
-0.031408265233039856,-1.5554935811623594e-12,1.7534250265816809,4.885535496543839e-14,0
-0.03688178211450577,-2.981743541310977e-13,1.7554050266116974,1.0997201561196629e-14,0
-0.03801719844341278,-4.77411418232411e-14,1.7574300266423961,1.8149844626092704e-15,0
-0.03486974909901619,-7.884305187888518e-13,1.7594550266730948,2.7492374372174433e-14,0
-0.02935992181301117,-2.131101935545776e-12,1.7614350267031114,6.256898620318075e-14,0
-0.026547914370894432,-3.106778723171999e-12,1.76346002673381,8.247849551208697e-14,0
-0.026034042239189148,-3.3578060037314783e-12,1.7654850267645088,8.741726333214822e-14,0
-0.026879943907260895,-2.96202016906999e-12,1.7674650267945253,7.961893599677676e-14,0
-0.0296454057097435,-1.9673056586566595e-12,1.769490026825224,5.832157440595083e-14,0
-0.03548353910446167,-5.8887974791616e-13,1.7715150268559228,2.0895537563008596e-14,0
-0.03799889236688614,-4.949570619897439e-14,1.7734950268859393,1.880782012477847e-15,0
-0.03633284941315651,-4.4271192072529997e-13,1.775520026916638,1.6084985549121606e-14,0
-0.03048044443130493,-1.7661659895001902e-12,1.7775450269473367,5.383352429942124e-14,0
-0.026991652324795723,-2.90167412667075e-12,1.7795250269773533,7.832097918695215e-14,0
-0.025855615735054016,-3.3762359227806904e-12,1.781550027008052,8.729465865030303e-14,0
-0.026205334812402725,-3.193208501436895e-12,1.7835750270387507,8.36790979059646e-14,0
-0.028496025130152702,-2.3161188678760825e-12,1.7855550270687672,6.600018146341767e-14,0
-0.033442333340644836,-1.007364439260805e-12,1.787580027099466,3.368861737327161e-14,0
-0.03767462074756622,-1.0557274320163387e-13,1.7896050271301647,3.9774130614017564e-15,0
-0.037196435034275055,-2.1106774910750054e-13,1.7916300271608634,7.85096781750781e-15,0
-0.031638823449611664,-1.4792322098125532e-12,1.79361002719088,4.680116672723829e-14,0
-0.027625612914562225,-2.6044062739760676e-12,1.7956350272215786,7.194831959712014e-14,0
-0.025741424411535263,-3.3425536644093867e-12,1.7976600272522774,8.604209249389443e-14,0
-0.025718150660395622,-3.361895397485659e-12,1.7996400272822939,8.646173233702681e-14,0
-0.02750428393483162,-2.6110793215072814e-12,1.8016650273129926,7.181586703510376e-14,0
-0.03158669173717499,-1.435699649443567e-12,1.8036900273436913,4.5349002254144144e-14,0
-0.03690412640571594,-2.587173368335388e-13,1.8056700273737079,9.547737301855106e-15,0
-0.037460505962371826,-1.4020815758408745e-13,1.8076950274044066,5.252268523151876e-15,0
-0.033392373472452164,-1.055663369220472e-12,1.8097200274351053,3.525110548619716e-14,0
-0.028257710859179497,-2.343970720644628e-12,1.8117000274651218,6.62352468863585e-14,0
-0.025891302153468132,-3.238965302562735e-12,1.8137250274958205,8.38610293132511e-14,0
-0.025463078171014786,-3.420086262806432e-12,1.8157500275265193,8.7085923861454e-14,0
-0.02656715176999569,-2.944446986577476e-12,1.8177300275565358,7.822556997111026e-14,0
-0.02973105013370514,-1.882146782178351e-12,1.8197550275872345,5.595820033993636e-14,0
-0.035469263792037964,-5.246930277411077e-13,1.8217800276179332,1.8610475410792443e-14,0
-0.03737331181764603,-1.1448372631839288e-13,1.8237600276479498,4.278636001743346e-15,0
-0.03484119847416878,-6.886551875626146e-13,1.8257850276786485,2.399357207013498e-14,0
-0.0292100440710783,-2.02609044992752e-12,1.8278100277093472,5.918219133437372e-14,0
-0.02609051950275898,-3.080722959722393e-12,1.8297900277393637,8.037766246323446e-14,0
-0.025177594274282455,-3.449002151587055e-12,1.8318150277700624,8.68375768237861e-14,0
-0.02575569599866867,-3.190031138550209e-12,1.8338400278007612,8.216147223078608e-14,0
-0.028168030083179474,-2.262818621714957e-12,1.8358650278314599,6.373914300924562e-14,0
-0.03379856422543526,-8.7875616072014e-13,1.8378450278614764,2.970069653659656e-14,0
-0.037110790610313416,-1.554604426960704e-13,1.8398700278921751,5.769259937080496e-15,0
-0.03606877475976944,-4.169736929869605e-13,1.8418950279228739,1.5039730213095933e-14,0
-0.030342979356646538,-1.7096743942443537e-12,1.8438750279528904,5.18766148511436e-14,0
-0.02649795264005661,-2.852256191648861e-12,1.845900027983589,7.557894948361975e-14,0
-0.025091949850320816,-3.4537683043373013e-12,1.8479250280142878,8.666178108705913e-14,0
-0.025226622819900513,-3.3874266239242168e-12,1.8499050280443043,8.54533337718252e-14,0
-0.02717597596347332,-2.5494346217458386e-12,1.851930028075003,6.92833740010116e-14,0
-0.03157241642475128,-1.3600737289870546e-12,1.8539550281057018,4.2940814139943606e-14,0
-0.036487072706222534,-2.5938048909233957e-13,1.8559350281357183,9.464034764087755e-15,0
-0.036696840077638626,-2.228247290457161e-13,1.857960028166417,8.176963447133802e-15,0
-0.03183648735284805,-1.3359243182173297e-12,1.8599850281971158,4.2531137661288175e-14,0
-0.0271331537514925,-2.5551819774621842e-12,1.8619650282271323,6.933014545752409e-14,0
-0.025106225162744522,-3.366385295522356e-12,1.863990028257831,8.451722721393653e-14,0
-0.024806465953588486,-3.4667962944823216e-12,1.8660150282885297,8.599896424710243e-14,0
-0.026209678500890732,-2.870174800953529e-12,1.8679950283185462,7.522635877435004e-14,0
-0.029631130397319794,-1.773156599847725e-12,1.870020028349245,5.2540634424956134e-14,0
-0.03519091755151749,-4.783006130916478e-13,1.8720450283799437,1.6831837440148445e-14,0
-0.036654017865657806,-1.9613323009974593e-13,1.8740700284106424,7.18907092012526e-15,0
-0.0333368256688118,-9.172184496294977e-13,1.876050028440659,3.05771515555164e-14,0
-0.027889683842658997,-2.2440710314292067e-12,1.8780750284713577,6.258643158703026e-14,0
-0.0251633208245039,-3.2402362043493227e-12,1.8801000285020564,8.153510315721478e-14,0
-0.024578697979450226,-3.5097764538444265e-12,1.882080028532073,8.626573543442798e-14,0
-0.025284651666879654,-3.1283862219483316e-12,1.8841050285627716,7.910015590142923e-14,0
-0.028032425791025162,-2.1408003408190934e-12,1.8861300285934703,6.001182668741261e-14,0
-0.03370175138115883,-7.686744036422555e-13,1.8881100286234869,2.5905673644611823e-14,0
-0.03644704073667526,-1.9454445378871282e-13,1.8901350286541856,7.090569632331454e-15,0
-0.03476269170641899,-5.672723033499361e-13,1.8921600286848843,1.971991219494402e-14,0
-0.02911415882408619,-1.877118035661929e-12,1.8941400287149008,5.465071262181808e-14,0
-0.02551303617656231,-3.0174894700973898e-12,1.8961650287455996,7.698531801299054e-14,0
-0.024235500022768974,-3.519861485612452e-12,1.8981900287762983,8.530560311470422e-14,0
-0.02483191154897213,-3.3565903962556876e-12,1.9001700288063148,8.335055582595055e-14,0
-0.026897629722952843,-2.4696778910121564e-12,1.9021950288370135,6.642848144740807e-14,0
-0.03183648735284805,-1.1684667990119468e-12,1.9042200288677122,3.7199878468966693e-14,0
-0.0359732024371624,-2.530806510539496e-13,1.9062000288977288,9.104121493292587e-15,0
-0.03586893901228905,-3.1974032796422414e-13,1.9082250289284275,1.1468746323518054e-14,0
-0.03040907345712185,-1.5643908694504272e-12,1.9102500289591262,4.7571676864768756e-14,0
-0.026261810213327408,-2.699747109896622e-12,1.9122300289891427,7.090024622408426e-14,0
-0.024349693208932877,-3.470291762286415e-12,1.9142550290198415,8.450053975716122e-14,0
-0.02431400679051876,-3.497618644363043e-12,1.9162800290505402,8.504112346968805e-14,0
-0.026026908308267593,-2.750891962138846e-12,1.918305029081239,7.159721286453808e-14,0
-0.03014189749956131,-1.5767141281833319e-12,1.9202850291112554,4.752515563781216e-14,0
-0.035162366926670074,-4.1347838781319313e-13,1.9223100291419541,1.4538878788535485e-14,0
-0.035933174192905426,-2.619087401383585e-13,1.9243350291726529,9.411212382036038e-15,0
-0.03222716599702835,-1.1383766108583049e-12,1.9263150292026694,3.668665200526514e-14,0
-0.026919042691588402,-2.4264631102999257e-12,1.9283400292333681,6.531806405572808e-14,0
-0.024542395025491714,-3.3549463120813305e-12,1.9303650292640668,8.233841768041662e-14,0
-0.024087173864245415,-3.542933524683378e-12,1.9323450292940834,8.533925579851235e-14,0
-0.025156183168292046,-3.078498393704887e-12,1.934370029324782,7.744326947533298e-14,0
-0.028317909687757492,-2.0136978022555763e-12,1.9363950293554808,5.702371250270915e-14,0
-0.03402943164110184,-6.638977562145598e-13,1.9383750293854973,2.2592063311784256e-14,0
-0.03604736551642418,-2.409368277805912e-13,1.940400029416196,8.685137897374715e-15,0
-0.03364217281341553,-7.804866778912678e-13,1.9424250294468948,2.625726769618661e-14,0
-0.02816089428961277,-2.0886606246633965e-12,1.9444050294769113,5.881855105802248e-14,0
-0.02488497458398342,-3.179862623214902e-12,1.94643002950761,7.913080055926168e-14,0
-0.02402852475643158,-3.561487693301557e-12,1.9484550295383087,8.557729520822287e-14,0
-0.024466989561915398,-3.3294014246953996e-12,1.9504350295683253,8.14604299054486e-14,0
-0.026919042691588402,-2.4073976319372026e-12,1.952460029599024,6.480483962974638e-14,0
-0.03232894837856293,-1.039140128111793e-12,1.9544850296297227,3.359430755981942e-14,0
-0.03589748591184616,-2.6159098758665733e-13,1.9565100296604214,9.390458791557955e-15,0
-0.0348784364759922,-5.017593328673908e-13,1.958490029690438,1.7500581017651518e-14,0
-0.029288550838828087,-1.7690257895705552e-12,1.9605150297211367,5.1812201773035204e-14,0
-0.025334609672427177,-2.9339193834826416e-12,1.9625400297518354,7.432970239090091e-14,0
-0.023856302723288536,-3.559180511078508e-12,1.964520029781852,8.490888771911769e-14,0
-0.02402852475643158,-3.503973803817284e-12,1.9665450298125506,8.419532129091134e-14,0
-0.02597694657742977,-2.6631912820873627e-12,1.9685700298432494,6.918157766026012e-14,0
-0.03024616278707981,-1.507084171001316e-12,1.9705500298732659,4.5583513169937033e-14,0
-0.03535506874322891,-3.7884298020700313e-13,1.9725750299039646,1.3394019608108306e-14,0
-0.035604868084192276,-3.175160329972615e-13,1.9746000299346633,1.1305116469483538e-14,0
-0.030841952189803123,-1.3986603758855964e-12,1.9765800299646799,4.313741644283563e-14,0
-0.026141099631786346,-2.6390417628974205e-12,1.9786050299953786,6.898745365634655e-14,0
-0.024064209312200546,-3.4721982233865134e-12,1.9806300300260773,8.355570482102393e-14,0
-0.023856302723288536,-3.5721117903897426e-12,1.9826100300560938,8.52173802329659e-14,0
-0.02507767640054226,-3.008274618993001e-12,1.9846350300867925,7.544053741907104e-14,0
-0.02853202074766159,-1.9021654910911234e-12,1.9866600301174913,5.427262525729783e-14,0
-0.03423796221613884,-6.09851633168873e-13,1.9886400301475078,2.088007717388644e-14,0
-0.03574047237634659,-2.9559086298439063e-13,1.9906650301782065,1.0564557073194063e-14,0
-0.03265725448727608,-9.76859869036839e-13,1.9926900302089052,3.1901561341543234e-14,0
-0.0271331537514925,-2.3078294917461273e-12,1.9946700302389218,6.261869243177646e-14,0
-0.02437824010848999,-3.320628494396516e-12,1.9966950302696205,8.095107874749187e-14,0
-0.023643121123313904,-3.61900158278583e-12,1.9987200303003192,8.556449276727011e-14,0
-0.02400711178779602,-3.420086262806432e-12,2.000070030320785,8.210639323509954e-14,0
-0.026097966358065605,-2.611548997888402e-12,2.0020500303508015,6.815611788933146e-14,0
-0.030454687774181366,-1.4218703254728626e-12,2.004030030380818,4.330261681764967e-14,0
-0.035119544714689255,-3.7820744799854644e-13,2.006055030411517,1.3282473381413463e-14,0
-0.03519805520772934,-3.699458003391526e-13,2.0080800304422155,1.3021372704205108e-14,0
-0.030164239928126335,-1.5336099360926947e-12,2.010060030472232,4.626017806845854e-14,0
-0.025641504675149918,-2.733733161716656e-12,2.0120850305029307,7.009703164677e-14,0
-0.023628849536180496,-3.538609292738637e-12,2.0141100305336295,8.361326654545134e-14,0
-0.023536067456007004,-3.5916744838687675e-12,2.016135030564328,8.453389293235445e-14,0
-0.025070227682590485,-2.934831197509702e-12,2.0181150305943447,7.357688633153791e-14,0
-0.02868190035223961,-1.811605010969275e-12,2.0201400306250434,5.196027440223869e-14,0
-0.03417745232582092,-5.720386187305082e-13,2.022165030655742,1.9550822620190396e-14,0
-0.03529549017548561,-3.3729979529925624e-13,2.0241450306857587,1.1905161611178206e-14,0
-0.03190072253346443,-1.0915697599284124e-12,2.0261700307164574,3.4821864037396667e-14,0
-0.026398032903671265,-2.4321827104406557e-12,2.028195030747156,6.420483921795279e-14,0
-0.023752039298415184,-3.400357686395017e-12,2.0301750307771727,8.076542939592258e-14,0
-0.02313639037311077,-3.646328464862458e-12,2.0322000308078714,8.436287879164356e-14,0
-0.02413558028638363,-3.2237129632406436e-12,2.03422503083857,7.780618304455023e-14,0
-0.026909733191132545,-2.217642085591831e-12,2.0362050308685866,5.96761568367029e-14,0
-0.032607294619083405,-8.583368391046342e-13,2.0382300308992853,2.7988042195097597e-14,0
-0.03509099781513214,-3.4007670811353474e-13,2.040255030929984,1.1933631021389379e-14,0
-0.03321022167801857,-7.607166849568636e-13,2.0422350309600006,2.5263569741584855e-14,0
-0.027518555521965027,-2.0680341120127288e-12,2.0442600309906993,5.690931153273992e-14,0
-0.024085622280836105,-3.2141804408997166e-12,2.046285031021398,7.741553604196183e-14,0
-0.02294772118330002,-3.664619822874027e-12,2.0482650310514146,8.409467393810747e-14,0
-0.02337191253900528,-3.4734693420135354e-12,2.0502900310821133,8.118162166845657e-14,0
-0.025655779987573624,-2.57040656120866e-12,2.052315031112812,6.594578521298508e-14,0
-0.030767478048801422,-1.263710707258281e-12,2.0542950311428285,3.888119144560448e-14,0
-0.034748416393995285,-3.823382582757162e-13,2.0563200311735272,1.32856490019195e-14,0
-0.034184589982032776,-5.202444378071824e-13,2.058345031204226,1.7784342796871682e-14,0
-0.028631940484046936,-1.7858668103359898e-12,2.0603700312349247,5.11328322259748e-14,0
-0.024534016847610474,-2.935162746534048e-12,2.062350031264941,7.201133227394496e-14,0
-0.022729575634002686,-3.6342539221079218e-12,2.06437503129564,8.260504939572291e-14,0
-0.02278667315840721,-3.642833430739234e-12,2.0664000313263386,8.300805475677416e-14,0
-0.02455635741353035,-2.856911972617948e-12,2.068380031356355,7.015535149860037e-14,0
-0.028689038008451462,-1.7035680591886981e-12,2.070405031387054,4.887372880004845e-14,0
-0.03386341780424118,-5.25646258291157e-13,2.0724300314177526,1.7800178861749523e-14,0
-0.03435711935162544,-4.172085582825752e-13,2.074410031447769,1.4334084231434015e-14,0
-0.03025919571518898,-1.3702419190617099e-12,2.076435031478468,4.146241840604442e-14,0
-0.02512049674987793,-2.6685932109915544e-12,2.0784600315091666,6.703638708345965e-14,0
-0.022903038188815117,-3.5406122478320867e-12,2.080440031539183,8.109077752388482e-14,0
-0.022465502843260765,-3.694945391319315e-12,2.082465031569882,8.300880619437734e-14,0
-0.023607436567544937,-3.196385864323581e-12,2.0844900316005806,7.545847653741624e-14,0
-0.026730993762612343,-2.1463542748678677e-12,2.086470031630597,5.737418273384931e-14,0
-0.032521650195121765,-7.916080985159724e-13,2.088495031661296,2.5744401671561942e-14,0
-0.03436301648616791,-4.068055029123052e-13,2.0905200316919945,1.3979064203239371e-14,0
-0.03173564001917839,-9.855222107141293e-13,2.092500031722011,3.127617811012848e-14,0
-0.026119690388441086,-2.331454040244152e-12,2.0945250317527098,6.089685768605731e-14,0
-0.023129252716898918,-3.3848154314120027e-12,2.0965500317834085,7.828825151318745e-14,0
-0.022272802889347076,-3.737842500795008e-12,2.098575031814107,8.325222925163135e-14,0
-0.022955169901251793,-3.4471091345938953e-12,2.1005550318441237,7.91289758527599e-14,0
-0.02534174732863903,-2.526874109259891e-12,2.1025800318748225,6.403540520814398e-14,0
-0.03095862828195095,-1.1325604083040064e-12,2.104605031905521,3.506251668753833e-14,0
-0.034215617924928665,-4.304714137232102e-13,2.1065850319355377,1.4728845419557254e-14,0
-0.032892778515815735,-7.023186286009286e-13,2.1086100319662364,2.3101211098101796e-14,0
-0.02730444446206093,-2.001940930737578e-12,2.110635031996935,5.466188495965076e-14,0
-0.023461591452360153,-3.1719047961092928e-12,2.1126150320269517,7.441793445209796e-14,0
-0.022144336253404617,-3.735300263540964e-12,2.1146400320576504,8.271574504328199e-14,0
-0.022351309657096863,-3.6447398918393326e-12,2.116665032088349,8.146470994207465e-14,0
-0.024392515420913696,-2.785955710918331e-12,2.1186450321183656,6.795646764055796e-14,0
-0.02874613367021084,-1.616820609687264e-12,2.1206700321490644,4.6477341366821874e-14,0
-0.03362075984477997,-5.250107531877546e-13,2.122695032179763,1.7651260448852546e-14,0
-0.03377621993422508,-5.087222960595272e-13,2.1246750322097796,1.7182716157150558e-14,0
-0.028888877481222153,-1.6412878001137443e-12,2.1267000322404783,4.7414962168910594e-14,0
-0.02420695126056671,-2.8621068189071952e-12,2.128725032271177,6.928288026782211e-14,0
-0.022180641070008278,-3.667604414614445e-12,2.1307050323011936,8.134981710734082e-14,0
-0.022122925147414207,-3.741019646841259e-12,2.1327300323318923,8.276229762207511e-14,0
-0.023429010063409805,-3.1163114623533605e-12,2.134755032362591,7.301209261219621e-14,0
-0.026939522475004196,-2.0097467526986046e-12,2.1367350323926075,5.414161781339076e-14,0
-0.032650116831064224,-7.464867482834259e-13,2.1387600324233063,2.4372879544295086e-14,0
-0.03383487090468407,-4.767118232280876e-13,2.140785032454005,1.6129482997658915e-14,0
-0.03060891106724739,-1.2132703695877378e-12,2.1428100324847037,3.713688484323744e-14,0
-0.025010649114847183,-2.553524232340454e-12,2.1447900325147202,6.38652985813266e-14,0
-0.02227993868291378,-3.5313009027343467e-12,2.146815032545419,7.867716758383932e-14,0
-0.021744659170508385,-3.794720614125335e-12,2.1488400325761177,8.251490640145768e-14,0
-0.02259024605154991,-3.380463443891646e-12,2.150820032606134,7.636550096578207e-14,0
-0.02536315843462944,-2.3975472215193028e-12,2.152845032636833,6.080937003389968e-14,0
-0.03124411217868328,-1.0200746497490698e-12,2.1548700326675316,3.1871326787390994e-14,0
-0.03355279937386513,-4.795439761430542e-13,2.156850032697548,1.6090042822473463e-14,0
-0.03201491758227348,-8.735891784267258e-13,2.158875032728247,2.796788554809763e-14,0
-0.026248155161738396,-2.1935478607126857e-12,2.1609000327589456,5.75765846026859e-14,0
-0.022620035335421562,-3.33105916981713e-12,2.162880032788962,7.534867612564349e-14,0
-0.021466312929987907,-3.805206583856746e-12,2.164905032819661,8.168375529231918e-14,0
-0.021937360987067223,-3.618366023472319e-12,2.1669300328503596,7.937740164025122e-14,0
-0.02409462071955204,-2.7358885556355572e-12,2.168910032880376,6.59201970790018e-14,0
-0.029138673096895218,-1.4401482393774923e-12,2.170935032911075,4.196400875828995e-14,0
-0.03334241360425949,-5.323191431920449e-13,2.1729600329417735,1.7748805041774193e-14,0
-0.032957009971141815,-6.32066935683101e-13,2.17494003297179,2.0831036301737013e-14,0
-0.027554241940379143,-1.874520937777957e-12,2.176965033002489,5.1651003441840225e-14,0
-0.023357637226581573,-3.0321062501059703e-12,2.1789900330331875,7.082283782242587e-14,0
-0.021480586379766464,-3.768346745758322e-12,2.181015033063886,8.094629778117349e-14,0
-0.021413559094071388,-3.788627831596836e-12,2.1829950330939027,8.112800595734239e-14,0
-0.023250583559274673,-3.0260687618882676e-12,2.1850200331246015,7.035786460439402e-14,0
-0.02732585370540619,-1.8602216121654802e-12,2.1870450331553,5.083214363366876e-14,0
-0.03245803713798523,-6.788184923021967e-13,2.1890250331853167,2.203311583309584e-14,0
-0.033114027231931686,-5.599639133456458e-13,2.1910500332160154,1.854266027542675e-14,0
-0.029095850884914398,-1.4779611996057485e-12,2.193075033246714,4.300253867741806e-14,0
-0.024012697860598564,-2.7670558986475635e-12,2.1950550332767307,6.644447725761099e-14,0
-0.02158050611615181,-3.657450210747815e-12,2.1970800333074294,7.892962664256394e-14,0
-0.02116655558347702,-3.8379356116780006e-12,2.199105033338128,8.123587745038828e-14,0
-0.022337036207318306,-3.362226946510005e-12,2.2010850333681447,7.510218504141526e-14,0
-0.02544880285859108,-2.3003140191268923e-12,2.2031100333988434,5.854023798561359e-14,0
-0.031251247972249985,-9.469908581263842e-13,2.205135033429542,2.9594646134761436e-14,0
-0.03312085196375847,-5.369058604827448e-13,2.2071150334595586,1.778277952352335e-14,0
-0.03063032403588295,-1.1090464484275753e-12,2.2091400334902573,3.397045208618178e-14,0
-0.024927794933319092,-2.4417152327815828e-12,2.211165033520956,6.086657660834079e-14,0
-0.021897640079259872,-3.5001606647766526e-12,2.2131450335509726,7.66452584568621e-14,0
-0.021002402529120445,-3.867168738014293e-12,2.2151700335816713,8.12198344838069e-14,0
-0.021566232666373253,-3.6050203620907606e-12,2.21719503361237,7.774670789586249e-14,0
-0.023945672437548637,-2.695104989874908e-12,2.2191750336423866,6.453610127234738e-14,0
-0.029466979205608368,-1.3162233889613129e-12,2.2212000336730853,3.878512723245838e-14,0
-0.032935600727796555,-5.682255881100939e-13,2.223225033703784,1.8714851093311435e-14,0
-0.03179366886615753,-8.246547433636564e-13,2.2252500337344827,2.6218799839410212e-14,0
-0.02610541507601738,-2.1214863633184367e-12,2.2272300337644992,5.53822820925384e-14,0
-0.022315625101327896,-3.2627969336757046e-12,2.229255033795198,7.281135315366924e-14,0
-0.020909620448946953,-3.870982093895359e-12,2.2312800338258967,8.094076634802189e-14,0
-0.02099650539457798,-3.797580305775483e-12,2.233260033855913,7.973591537655803e-14,0
-0.023122115060687065,-2.9498074989586787e-12,2.235285033886612,6.820578839780011e-14,0
-0.027447184547781944,-1.766801440393484e-12,2.2373100339173106,4.8493725193766915e-14,0
-0.0322718508541584,-6.69866072333658e-13,2.239290033947327,2.1617817978612695e-14,0
-0.0324859619140625,-6.301880675282923e-13,2.241315033978026,2.047226556042075e-14,0
-0.027604199945926666,-1.7496425315510766e-12,2.2433400340087246,4.8297482274833225e-14,0
-0.022880693897604942,-2.9769409593677354e-12,2.245320034038741,6.811447484253555e-14,0
-0.020952444523572922,-3.7855057630209465e-12,2.24734503406944,7.931559949336197e-14,0
-0.02075260505080223,-3.876701910876523e-12,2.2493700341001386,8.04516636561108e-14,0
-0.022121062502264977,-3.2773445415856806e-12,2.251350034130155,7.24983434458738e-14,0
-0.025527311488986015,-2.1821086604312256e-12,2.253375034160854,5.570336747764191e-14,0
-0.03130834549665451,-8.923367687124761e-13,2.2554000341915525,2.793758785421849e-14,0
-0.03252505883574486,-6.062043228505232e-13,2.257380034221569,1.9716831267196137e-14,0
-0.029502663761377335,-1.3028777275797543e-12,2.259405034252268,3.843836351897287e-14,0
-0.023914329707622528,-2.650481180019315e-12,2.2614300342829665,6.338448082283032e-14,0
-0.021259337663650513,-3.655225861570743e-12,2.2634550343136652,7.77076808280403e-14,0
-0.020497532561421394,-3.9182723905739625e-12,2.2654350343436818,8.031491591030824e-14,0
-0.02143062651157379,-3.538609292738637e-12,2.2674600343743805,7.583461412306602e-14,0
-0.024099893867969513,-2.5500701810593496e-12,2.269485034405079,6.145642071940412e-14,0
-0.02994081750512123,-1.1715337901174738e-12,2.2714650344350957,3.507667941099028e-14,0
-0.03242173045873642,-6.076273382019104e-13,2.2734900344657945,1.9700329778541814e-14,0
-0.03100145235657692,-9.905234184953704e-13,2.275515034496493,3.070766456655793e-14,0
-0.02504788525402546,-2.2998718814809527e-12,2.2774950345265097,5.760692698629454e-14,0
-0.021616190671920776,-3.4324786936379414e-12,2.2795200345572084,7.419711391898328e-14,0
-0.02036006562411785,-3.932944681733774e-12,2.281545034587907,8.007501181612494e-14,0
-0.02079542726278305,-3.76077597882829e-12,2.2835250346179237,7.820694331934544e-14,0
-0.02293655090034008,-2.8827606534526096e-12,2.2855500346486224,6.612058646141341e-14,0
-0.027946781367063522,-1.5882225005633965e-12,2.287575034679321,4.4385706985496165e-14,0
-0.03211545571684837,-6.695344690992033e-13,2.2895550347093376,2.150240459325905e-14,0
-0.031779393553733826,-7.372717887588198e-13,2.2915800347400364,2.3430050331031846e-14,0
-0.02634807489812374,-1.981286879351729e-12,2.293605034770735,5.2203095091829214e-14,0
-0.02221043035387993,-3.1181906015587124e-12,2.2955850348007516,6.925635518604274e-14,0
-0.020395750179886818,-3.885598873903939e-12,2.2976100348314503,7.924970393139429e-14,0
-0.02031724341213703,-3.916421006944226e-12,2.299635034862149,7.957087890249266e-14,0
-0.021897640079259872,-3.185167841285308e-12,2.3016150348921656,6.974765898049881e-14,0
-0.02595553547143936,-2.025454890614009e-12,2.3036400349228643,5.2571766259132245e-14,0
-0.031208425760269165,-8.291032790874731e-13,2.305665034953563,2.587500813299713e-14,0
-0.03196495771408081,-6.851598281787386e-13,2.3076900349842617,2.190110493512025e-14,0
-0.02811620943248272,-1.5624567611949303e-12,2.3096700350142783,4.39303615269553e-14,0
-0.02291513979434967,-2.847807710135153e-12,2.311695035044977,6.525791178517385e-14,0
-0.020502807572484016,-3.773748674662514e-12,2.3137200350756757,7.737244290352211e-14,0
-0.019946426153182983,-3.967013349759352e-12,2.3157000351056922,7.912773882966597e-14,0
-0.021073773503303528,-3.4985718749130923e-12,2.317725035136391,7.372811127694647e-14,0
-0.024214088916778564,-2.4379023105813857e-12,2.3197500351670897,5.903158331883759e-14,0
-0.02988123893737793,-1.0959355168163598e-12,2.321730035197106,3.2747911037948416e-14,0
-0.03197922930121422,-6.584682885751869e-13,2.323755035227805,2.1057308387923997e-14,0
-0.029438432306051254,-1.2100927898606173e-12,2.3257800352585036,3.562323467835249e-14,0
-0.023915881291031837,-2.5150617265906616e-12,2.32776003528852,6.014991769275983e-14,0
-0.020681234076619148,-3.609469060444903e-12,2.329785035319219,7.464827453137563e-14,0
-0.019824784249067307,-3.98855167643708e-12,2.3318100353499176,7.907217645162082e-14,0
-0.02031879313290119,-3.758123586633522e-12,2.333790035379934,7.63605357246832e-14,0
-0.022601108998060226,-2.8306486928725283e-12,2.335815035410633,6.397579964282872e-14,0
-0.02805383875966072,-1.4674752298743376e-12,2.3378400354413316,4.116831348269072e-14,0
-0.03156435117125511,-6.907550703302845e-13,2.339820035471348,2.1803235613230122e-14,0
-0.030637461692094803,-9.187105286592723e-13,2.341845035502047,2.814695862792262e-14,0
-0.02503485232591629,-2.1979965590668282e-12,2.3438700355327455,5.502651926911019e-14,0
-0.021152280271053314,-3.362890261399132e-12,2.3458950355634443,7.113279732991018e-14,0
-0.019499581307172775,-3.980607943959713e-12,2.347875035593461,7.762018825522028e-14,0
-0.01972486451268196,-3.9326267936568016e-12,2.3499000356241595,7.757053068382329e-14,0
-0.0215590950101614,-3.0959752990444844e-12,2.351925035654858,6.674642562121289e-14,0
-0.025911781936883926,-1.9179013845821435e-12,2.3539050356848747,4.969624245374026e-14,0
-0.0308515727519989,-8.027295733507855e-13,2.3559300357155735,2.47654698324128e-14,0
-0.031115643680095673,-7.572904434614836e-13,2.357955035746272,2.356357960108916e-14,0
-0.026284150779247284,-1.8459502589690535e-12,2.3599350357762887,4.8519234937733174e-14,0
-0.02164473943412304,-3.0734145697181026e-12,2.3619600358069874,6.652325753458571e-14,0
-0.01956785097718239,-3.898944535285498e-12,2.363985035837686,7.629396563476626e-14,0
-0.01924637146294117,-4.003486344522633e-12,2.3659650358677027,7.705258533349507e-14,0
-0.02061700075864792,-3.43025434446087e-12,2.3679900358984014,7.072155642210508e-14,0
-0.024014249444007874,-2.331136152167179e-12,2.3700150359291,5.5980485046087336e-14,0
-0.0296503696590662,-1.0276317557317283e-12,2.3719950359591166,3.0469661430840965e-14,0
-0.03108709678053856,-7.30281178411285e-13,2.3740200359898154,2.2702321670277364e-14,0
-0.02811807207763195,-1.4061484181898676e-12,2.376045036020514,3.953818257451085e-14,0
-0.02257535234093666,-2.738872496854672e-12,2.3780250360505306,6.183101163339515e-14,0
-0.019846195355057716,-3.7473748062955e-12,2.3800500360812293,7.437113247436207e-14,0
-0.019075391814112663,-4.047654572625348e-12,2.382075036111928,7.721059690101325e-14,0
-0.019834714010357857,-3.694461837150387e-12,2.3840550361419446,7.32785939620592e-14,0
-0.02239413373172283,-2.7350040635032435e-12,2.3860800361726433,6.1248046754897e-14,0
-0.028168030083179474,-1.338466230210722e-12,2.388105036203342,3.770195703789544e-14,0
-0.031029999256134033,-7.325055275883563e-13,2.3901300362340407,2.2729645976180763e-14,0
-0.029426949098706245,-1.090630407166171e-12,2.3921100362640573,3.209392547718018e-14,0
-0.02372163161635399,-2.3857903500013045e-12,2.394135036294756,5.659483979658319e-14,0
-0.0200317595154047,-3.5389269639751753e-12,2.3961600363254547,7.089093388493199e-14,0
-0.01888144761323929,-4.052558635891934e-12,2.3981400363554712,7.651817358317403e-14,0
-0.019182447344064713,-3.901804226935646e-12,2.40016503638617,7.484615413004214e-14,0
-0.021380668506026268,-3.012087541193198e-12,2.4021900364168687,6.440044522938351e-14,0
-0.02612030878663063,-1.757089265752576e-12,2.404170036446885,4.5895714187131376e-14,0
-0.030551813542842865,-7.979632037601048e-13,2.406195036477584,2.437922301532825e-14,0
-0.030316291376948357,-8.503929982070502e-13,2.4082200365082826,2.5780761918561654e-14,0
-0.024958517402410507,-2.0657822241004764e-12,2.410200036538299,5.155886158980202e-14,0
-0.02081683836877346,-3.216722461313326e-12,2.412225036568998,6.696199155436265e-14,0
-0.01882559433579445,-4.001261995345562e-12,2.4142500365996966,7.5326135155607e-14,0
-0.018702711910009384,-4.039627573421134e-12,2.416230036629713,7.555199072942575e-14,0
-0.020388614386320114,-3.3336567013819707e-12,2.418255036660412,6.79686409808489e-14,0
-0.024256911128759384,-2.1627255108319643e-12,2.4202800366911106,5.24610405121517e-14,0
-0.029561001807451248,-9.725909314028947e-13,2.422260036721127,2.875076228111166e-14,0
-0.03050185553729534,-7.973276986567024e-13,2.424285036751826,2.431997428031089e-14,0
-0.026747751981019974,-1.6285774812052622e-12,2.4263100367825245,4.356078654915257e-14,0
-0.021480586379766464,-2.9463120311545854e-12,2.4283350368132233,6.328851008696125e-14,0
-0.01888144761323929,-3.886441515832395e-12,2.43031503684324,7.338164188310766e-14,0
-0.018383095040917397,-4.087056214296947e-12,2.4323400368739385,7.513274282499283e-14,0
-0.019553575664758682,-3.6307584543038285e-12,2.4343650369046372,7.099431015669219e-14,0
-0.022538116201758385,-2.576071083879028e-12,2.4363450369346538,5.80597894324552e-14,0
-0.028275085613131523,-1.2355133192573642e-12,2.4383700369653525,3.493424487816627e-14,0
-0.030351977795362473,-7.776268236107942e-13,2.440395036996051,2.3602512083313074e-14,0
-0.028242813423275948,-1.2852628033035995e-12,2.4423750370260677,3.6299437553580175e-14,0
-0.022572560235857964,-2.5948737516351406e-12,2.4444000370567665,5.857294406323095e-14,0
-0.019260955974459648,-3.707973164623901e-12,2.446425037087465,7.141910787829878e-14,0
-0.018367579206824303,-4.1036210887690494e-12,2.4484050371174817,7.53735853827601e-14,0
-0.018818456679582596,-3.8852809858269666e-12,2.4504300371481804,7.311499191979073e-14,0
-0.021266473457217216,-2.9590223500630675e-12,2.452455037178879,6.292797026692873e-14,0
-0.026477783918380737,-1.6135186719709593e-12,2.4544350372088957,4.272239874471971e-14,0
-0.030223509296774864,-8.084491734915156e-13,2.4564600372395944,2.4434171110990776e-14,0
-0.029309963807463646,-1.0191214191990206e-12,2.458485037270293,2.987041191213428e-14,0
-0.02375948801636696,-2.2806407370262738e-12,2.4604650373003096,5.418685626101406e-14,0
-0.01985333301126957,-3.4296190019877937e-12,2.4624900373310084,6.808936814824166e-14,0
-0.018290312960743904,-4.08737410237392e-12,2.464515037361707,7.475935152005868e-14,0
-0.01824842020869255,-4.068805622287064e-12,2.4664950373917236,7.424927474298513e-14,0
-0.02031010575592518,-3.2529465232578048e-12,2.4685200374224223,6.606768790573514e-14,0
-0.024428201839327812,-2.0794735291346234e-12,2.470545037453121,5.07977990892399e-14,0
-0.02951693907380104,-9.29196498390683e-13,2.4725700374838198,2.742703643058706e-14,0
-0.029702503234148026,-8.684773820238911e-13,2.4745500375138363,2.5795952248349037e-14,0
-0.025263238698244095,-1.902483379168096e-12,2.476575037544535,4.806289172736564e-14,0
-0.020345792174339294,-3.1722365619740733e-12,2.4786000375752337,6.454166581776509e-14,0
-0.01818884164094925,-4.0071336006308744e-12,2.4805800376052503,7.288511849600175e-14,0
-0.017969144508242607,-4.117243004864157e-12,2.482605037635949,7.398333452995506e-14,0
-0.01928950473666191,-3.5681605239923364e-12,2.4846300376666477,6.882804932872022e-14,0
-0.02256045676767826,-2.4951674840872906e-12,2.486610037696664,5.6292118152867855e-14,0
-0.028339318931102753,-1.1745041788094324e-12,2.488635037727363,3.328464850919344e-14,0
-0.029859518632292747,-8.367294487485188e-13,2.4906600377580617,2.4984338565094438e-14,0
-0.027013996616005898,-1.495147647183337e-12,2.492640037788078,4.0389913481439843e-14,0
-0.02131643518805504,-2.8411348794443736e-12,2.494665037818777,6.056286751819855e-14,0
-0.018504425883293152,-3.852234503609608e-12,2.4966900378494756,7.128338785710858e-14,0
-0.017861155793070793,-4.157335500160064e-12,2.498670037879492,7.42548170524228e-14,0
-0.018582932651042938,-3.8353933744239566e-12,2.500695037910191,7.12728567671767e-14,0
-0.02101667784154415,-2.8811718635890493e-12,2.5027200379408896,6.055266086317244e-14,0
-0.026716100051999092,-1.495479196207683e-12,2.504700037970906,3.995337183156764e-14,0
-0.02968822792172432,-8.564303237944271e-13,2.506725038001605,2.542589865188511e-14,0
-0.028317909687757492,-1.1773639788797974e-12,2.5087500380323036,3.334048682353692e-14,0
-0.022558284923434258,-2.4868366914343465e-12,2.5107750380630023,5.609877064342655e-14,0
-0.018821869045495987,-3.642073621856756e-12,2.512755038093019,6.855063276464314e-14,0
-0.01764797605574131,-4.162364463516921e-12,2.5147800381237175,7.345730838741515e-14,0
-0.017969144508242607,-4.025729402612477e-12,2.5168050381544163,7.233891338662478e-14,0
-0.02007303014397621,-3.1526738684950484e-12,2.518785038184433,6.32837175964272e-14,0
-0.024656586349010468,-1.9263150102810656e-12,2.5208100382151315,4.749635238639008e-14,0
-0.029288552701473236,-9.237946779067086e-13,2.52283503824583,2.7056609109211127e-14,0
-0.02921842224895954,-9.473914708291176e-13,2.5248150382758467,2.7681284029747993e-14,0
-0.024064209312200546,-2.1430246899961647e-12,2.5268400383065455,5.1570194701281395e-14,0
-0.019739139825105667,-3.3199931519234394e-12,2.528865038337244,6.553380904421005e-14,0
-0.01762283965945244,-4.109920737072059e-12,2.5308450383672607,7.242847416247948e-14,0
-0.01760515198111534,-4.15600930406268e-12,2.5328700383979594,7.316717543295288e-14,0
-0.01921813189983368,-3.4642544909091466e-12,2.534895038428658,6.657649974088315e-14,0
-0.02305198460817337,-2.3141293568895716e-12,2.5368750384586747,5.3345274316340544e-14,0
-0.028346456587314606,-1.1150837198048436e-12,2.5389000384893734,3.160867225466928e-14,0
-0.029324237257242203,-9.110843589982265e-13,2.540925038520072,2.6716853904626423e-14,0
-0.02587454579770565,-1.6854696891638321e-12,2.5429050385500886,4.361076266291428e-14,0
-0.020431436598300934,-3.011451981879687e-12,2.5449300385807874,6.152829023660252e-14,0
-0.017840676009655,-3.977747818628696e-12,2.546955038611486,7.096571008026649e-14,0
-0.017362181097269058,-4.203755399334597e-12,2.5489350386415026,7.298636253186987e-14,0
-0.01834740862250328,-3.769617864385344e-12,2.5509600386722013,6.916271930856606e-14,0
-0.021216515451669693,-2.7327799311666068e-12,2.5529850387029,5.798006763560915e-14,0
-0.027033235877752304,-1.3648399901575181e-12,2.5550100387335988,3.689604138931732e-14,0
-0.029300343245267868,-8.930136903388675e-13,2.5569900387636153,2.6165607649652167e-14,0
-0.027225937694311142,-1.3683353495413941e-12,2.559015038794314,3.7254212971537455e-14,0
-0.021501999348402023,-2.6847985640232608e-12,2.5610400388250127,5.772853697421884e-14,0
-0.018166499212384224,-3.8018910936132855e-12,2.5630200388550293,6.906705155769635e-14,0
-0.017148379236459732,-4.224009163278364e-12,2.565045038885728,7.243491103017834e-14,0
-0.017676524817943573,-4.0018977714995074e-12,2.5670700389164267,7.073964527678412e-14,0
-0.019931530579924583,-3.1002854363609833e-12,2.5690500389464432,6.179343398132377e-14,0
-0.025170456618070602,-1.7661659895001902e-12,2.571075038977142,4.445520441902628e-14,0
-0.029088713228702545,-9.25065579693296e-13,2.5731000390078407,2.690896736544177e-14,0
-0.028339629992842674,-1.1012406264665486e-12,2.575080039037857,3.120875188714826e-14,0
-0.02271530032157898,-2.367042759715554e-12,2.577105039068556,5.376808716095792e-14,0
-0.018954060971736908,-3.5208147161625014e-12,2.5791300390992546,6.673373680033263e-14,0
-0.01722068153321743,-4.198118849080279e-12,2.581110039129271,7.229446773860877e-14,0
-0.017283983528614044,-4.182383172429693e-12,2.58313503915997,7.228824186262737e-14,0
-0.019189585000276566,-3.3778247126442507e-12,2.5851600391906686,6.481905443932161e-14,0
-0.023334985598921776,-2.2448308403116846e-12,2.587140039220685,5.238309533068863e-14,0
-0.028474925085902214,-1.067738128815443e-12,2.589165039251384,3.040376322938115e-14,0
-0.029003068804740906,-9.79719669107204e-13,2.5911900392820826,2.8414876972474234e-14,0
-0.02448529750108719,-1.995585771283337e-12,2.5932150393127813,4.886251129880904e-14,0
-0.019603844732046127,-3.2630870661770617e-12,2.595195039342798,6.396905219248304e-14,0
-0.017526645213365555,-4.1029441129325495e-12,2.5972200393734965,7.191084579763565e-14,0
-0.017126968130469322,-4.2360837060329004e-12,2.5992450394041953,7.255127063122586e-14,0
-0.018367579206824303,-3.707392899621187e-12,2.601225039434212,6.809583273461017e-14,0
-0.021594781428575516,-2.643808349328536e-12,2.6032500394649105,5.709246344279275e-14,0
-0.027411501854658127,-1.3041486293663418e-12,2.6052750394956092,3.574867257262533e-14,0
-0.02895776368677616,-9.473913624089003e-13,2.6072550395256258,2.7434335191529847e-14,0
-0.026183921843767166,-1.5856803717295698e-12,2.6092800395563245,4.151933092256272e-14,0
-0.020517081022262573,-2.934555159636587e-12,2.611305039587023,6.020850597456254e-14,0
-0.017660075798630714,-3.952092559461606e-12,2.6132850396170397,6.979425416329643e-14,0
-0.01688430830836296,-4.278027584958544e-12,2.6153100396477384,7.223153669612147e-14,0
-0.017612289637327194,-3.9621782417509355e-12,2.617335039678437,6.978303078843328e-14,0
-0.02004324086010456,-3.0336395288182993e-12,2.6193150397084537,6.080396775883928e-14,0
-0.025705737993121147,-1.6416055797704998e-12,2.6213400397391524,4.2198682921626205e-14,0
-0.028867464512586594,-9.724112791029138e-13,2.623365039769851,2.8071048091142302e-14,0
-0.02757999673485756,-1.2507794279470463e-12,2.6253450397998677,3.4496492538806544e-14,0
-0.021858852356672287,-2.565322520381441e-12,2.6273700398305664,5.6075006220264356e-14,0
-0.0180619265884161,-3.7241789513364765e-12,2.629395039861265,6.726584682116389e-14,0
-0.016825968399643898,-4.28001687910462e-12,2.6313750398912816,7.201542875775683e-14,0
-0.017041323706507683,-4.166495273794091e-12,2.6334000399219804,7.100259468235946e-14,0
-0.019103938713669777,-3.298703324383645e-12,2.635425039952679,6.301822614360391e-14,0
-0.023685945197939873,-2.072800698443844e-12,2.637450039983378,4.909624374959238e-14,0
-0.028317289426922798,-1.0515049117879038e-12,2.6394300400133943,2.9775768920929e-14,0
-0.028282223269343376,-1.055027809906961e-12,2.641455040044093,2.983853207515503e-14,0
-0.023079290986061096,-2.239940221152037e-12,2.6434800400747918,5.1696232155349905e-14,0
-0.018613342195749283,-3.432520327001365e-12,2.6454600401048083,6.389067544034163e-14,0
-0.01670588180422783,-4.211298844369882e-12,2.647485040135507,7.035346073632449e-14,0
-0.01651317998766899,-4.27771013056244e-12,2.6495100401662057,7.063859732105259e-14,0
-0.018062235787510872,-3.609247883201716e-12,2.6514900401962223,6.51910862819639e-14,0
-0.021794617176055908,-2.4862011321208355e-12,2.653515040226921,5.4185801897250405e-14,0
-0.027183113619685173,-1.244410607545432e-12,2.6555400402576197,3.382695493444893e-14,0
-0.02830239199101925,-1.0170214280111334e-12,2.657520040287636,2.878413911883726e-14,0
-0.024984894320368767,-1.774745281291068e-12,2.659545040318335,4.4341823298630475e-14,0
-0.019453655928373337,-3.1077319537220482e-12,2.6615700403490337,6.045674814532018e-14,0
-0.016840865835547447,-4.07411084035747e-12,2.66355004037905,6.861155406160962e-14,0
-0.016234833747148514,-4.318700345257165e-12,2.665575040409749,7.011338210900296e-14,0
-0.01725543662905693,-3.899580311439443e-12,2.6676000404404476,6.72889609439614e-14,0
-0.020050687715411186,-2.896368908600344e-12,2.669580040470464,5.807418849497182e-14,0
-0.025827068835496902,-1.5262600211451982e-12,2.671605040501163,3.941882262698399e-14,0
-0.02828936092555523,-1.0146728292650953e-12,2.6736300405318616,2.870444588843456e-14,0
-0.026398036628961563,-1.454129568492779e-12,2.6756550405625603,3.8386165612328454e-14,0
-0.020668821409344673,-2.768714077450163e-12,2.677635040592577,5.722605680035591e-14,0
-0.01714124158024788,-3.88464564335389e-12,2.6796600406232756,6.658764942638647e-14,0
-0.01611350290477276,-4.337765823619888e-12,2.6816850406539743,6.989660219912306e-14,0
-0.016647230833768845,-4.132136039586287e-12,2.683665040683991,6.878862248752832e-14,0
-0.018789907917380333,-3.235152380362538e-12,2.6856900407146895,6.078821532570589e-14,0
-0.024085622280836105,-1.9040721690316564e-12,2.6877150407453883,4.5860763058748795e-14,0
-0.02794492058455944,-1.0505101562946484e-12,2.6896950407754048,2.9356422890927075e-14,0
-0.027475733309984207,-1.1935695487519382e-12,2.6917200408061035,3.279419860842645e-14,0
-0.021858852356672287,-2.4626871722444044e-12,2.693745040836802,5.383151529876121e-14,0
-0.017890946939587593,-3.6012902729365415e-12,2.6957250408668187,6.443049318716058e-14,0
-0.016192011535167694,-4.305672571952579e-12,2.6977500408975175,6.971749995171131e-14,0
-0.016256244853138924,-4.307261144975705e-12,2.699775040928216,7.001989181913657e-14,0
-0.01801755093038082,-3.5183973789987277e-12,2.7017550409582327,6.339290396942797e-14,0
-0.022201431915163994,-2.363547291911461e-12,2.7037800409889314,5.2474134279642535e-14,0
-0.02737581543624401,-1.191980758888378e-12,2.70580504101963,3.263144525888231e-14,0
-0.027818312868475914,-1.088309347155314e-12,2.7077850410496467,3.027492991685329e-14,0
-0.023607436567544937,-2.0407072299361007e-12,2.7098100410803454,4.8175866483646837e-14,0
-0.018625754863023758,-3.3320679115184104e-12,2.711835041111044,6.206228010688945e-14,0
-0.01637912541627884,-4.2007712412750475e-12,2.7138150411410606,6.880495900594134e-14,0
-0.015935076400637627,-4.3600088817097316e-12,2.7158400411717594,6.947707463750319e-14,0
-0.017112694680690765,-3.856365313886778e-12,2.717865041202458,6.599280219375064e-14,0
-0.02031010575592518,-2.7798076340790345e-12,2.719890041233157,5.645818702927335e-14,0
-0.026127755641937256,-1.4285018480608702e-12,2.7218700412631733,3.73235472201902e-14,0
-0.027925370261073112,-1.0566165997705212e-12,2.723895041293872,2.9506409772587905e-14,0
-0.025199007242918015,-1.6791007603420005e-12,2.7259200413245708,4.2311672221447216e-14,0
-0.01953681744635105,-3.020376917323153e-12,2.7279000413545873,5.900855245291499e-14,0
-0.016591686755418777,-4.051150040429441e-12,2.729925041385286,6.72154124700074e-14,0
-0.015785198658704758,-4.3895598961229965e-12,2.7319500414159847,6.929007498458492e-14,0
-0.016490837559103966,-4.100968262893412e-12,2.7339300414460013,6.762840145841602e-14,0
-0.01887555420398712,-3.1779561621148034e-12,2.7359550414767,5.998568379589286e-14,0
-0.024435337632894516,-1.7849135797859406e-12,2.7379800415073987,4.361496596760786e-14,0
-0.027758734300732613,-1.0833357865294713e-12,2.7399600415374152,3.007203025674678e-14,0
-0.02651936560869217,-1.3616625188506148e-12,2.741985041568114,3.611042617305215e-14,0
-0.020802564918994904,-2.665415631264434e-12,2.7440100415988127,5.544748170548217e-14,0
-0.0169302336871624,-3.8095169380136795e-12,2.745990041628829,6.449601199577495e-14,0
-0.015621045604348183,-4.382887282272652e-12,2.748015041659528,6.846528211509876e-14,0
-0.01585656777024269,-4.292962253044097e-12,2.7500400416902266,6.807164690048748e-14,0
-0.017935629934072495,-3.4464460365452032e-12,2.752020041720243,6.181418069922565e-14,0
-0.0222157072275877,-2.2523328688239808e-12,2.754045041750942,5.003716759286625e-14,0
-0.027040373533964157,-1.1783172094298466e-12,2.7560700417816406,3.1862137484481326e-14,0
-0.027204524725675583,-1.159251947907558e-12,2.7580950418123393,3.1536898280138745e-14,0
-0.02209872007369995,-2.320760771057362e-12,2.760075041842356,5.12858426376207e-14,0
-0.017655111849308014,-3.518908255062403e-12,2.7621000418730546,6.212671883058002e-14,0
-0.015621045604348183,-4.321242582511209e-12,2.7641250419037533,6.750232744885891e-14,0
-0.01542586088180542,-4.3914251575405405e-12,2.76610504193377,6.774151355308083e-14,0
-0.016955677419900894,-3.75563642684984e-12,2.7681300419644685,6.367935976009511e-14,0
-0.020567040890455246,-2.6225185217887415e-12,2.7701550419951673,5.393744567360529e-14,0
-0.02616499364376068,-1.3714715127455257e-12,2.772135042025184,3.5884543413585526e-14,0
-0.027204524725675583,-1.1258874691930099e-12,2.7741600420558825,3.062923349398954e-14,0
-0.023885782808065414,-1.8659414291466447e-12,2.7761850420865812,4.4569471709167936e-14,0
-0.01841971091926098,-3.2014148276804377e-12,2.7781650421165978,5.896913565850936e-14,0
-0.015692416578531265,-4.177934474075551e-12,2.7801900421472965,6.556188820500048e-14,0
-0.015149997547268867,-4.436587815875859e-12,2.782215042177995,6.72142945287622e-14,0
-0.016170600429177284,-4.0293489031451024e-12,2.7841950422080117,6.515699110250321e-14,0
-0.018832730129361153,-3.0356012842291946e-12,2.7862200422387104,5.716865976623056e-14,0
-0.024628039449453354,-1.6552691292290311e-12,2.788245042269409,4.076603341411488e-14,0
-0.0271182581782341,-1.1194771238481893e-12,2.7902250422994257,3.035826966914215e-14,0
-0.025477353483438492,-1.522446990524784e-12,2.7922500423301244,3.878792013739705e-14,0
-0.019774824380874634,-2.8398637608173516e-12,2.794275042360823,5.6157807135773294e-14,0
-0.016215285286307335,-3.9650240556132754e-12,2.7962550423908397,6.429399622884058e-14,0
-0.015107175335288048,-4.448662792311264e-12,2.7982800424215384,6.720672881101839e-14,0
-0.015521125867962837,-4.258644652199717e-12,2.800305042452237,6.609895967371862e-14,0
-0.017804991453886032,-3.35748833249494e-12,2.802330042482936,5.978005106659447e-14,0
-0.02286580204963684,-2.0425722745132102e-12,2.8043100425129524,4.6705053301095546e-14,0
-0.026897629722952843,-1.1722798296323611e-12,2.806335042543651,3.153154878913749e-14,0
-0.026419445872306824,-1.285718818737347e-12,2.80836004257435,3.3967978738637606e-14,0
-0.020914584398269653,-2.545897954259191e-12,2.8103400426043663,5.32463976337359e-14,0
-0.016919992864131927,-3.6717491026794224e-12,2.812365042635065,6.212596861621864e-14,0
-0.015071488916873932,-4.412756184762889e-12,2.8143900426657638,6.650680593152078e-14,0
-0.015038596466183662,-4.42027144054169e-12,2.8163700426957803,6.647467846530282e-14,0
-0.016855759546160698,-3.667618292402253e-12,2.818395042726479,6.182049204383287e-14,0
-0.020938169211149216,-2.4925562915750765e-12,2.8204200427571777,5.2189565401313534e-14,0
-0.02615009993314743,-1.31974628708037e-12,2.8224000427871943,3.4511497293551953e-14,0
-0.02674061432480812,-1.1935695487519382e-12,2.824425042817893,3.1916782973010844e-14,0
-0.022722437977790833,-2.116651038469586e-12,2.8264500428485917,4.809547194225172e-14,0
-0.017704762518405914,-3.3967104302867757e-12,2.828430042878608,6.013795151201973e-14,0
-0.01524277962744236,-4.290737903867026e-12,2.830455042909307,6.540277230775903e-14,0
-0.014900199137628078,-4.471223304797212e-12,2.8324800429400057,6.662211763028198e-14,0
-0.015939731150865555,-3.996854930354843e-12,2.834460042970022,6.370879303886767e-14,0
-0.019161036238074303,-2.9272467696322968e-12,2.836485043000721,5.608908143071038e-14,0
-0.024892110377550125,-1.571381479797962e-12,2.8385100430314196,3.911500124036892e-14,0
-0.02679802104830742,-1.1705390346242184e-12,2.840490043061436,3.136812968772525e-14,0
-0.024278320372104645,-1.7426519212035418e-12,2.842515043092135,4.230866164004325e-14,0
-0.0186114814132452,-3.079769512331909e-12,2.8445400431228336,5.731907303584456e-14,0
-0.015499713830649853,-4.144887991858193e-12,2.8465650431535323,6.424457773389892e-14,0
-0.01468857005238533,-4.4978595500899665e-12,2.848545043183549,6.606712508728684e-14,0
-0.01528560183942318,-4.235130475482851e-12,2.8505700432142476,6.473651818623783e-14,0
-0.017655111849308014,-3.2967968632835465e-12,2.8525950432449463,5.820531736571883e-14,0
-0.023119011893868446,-1.919227580679528e-12,2.854575043274963,4.4370645264770367e-14,0
-0.026597872376441956,-1.1964293488223032e-12,2.8566000433056615,3.1822475127405176e-14,0
-0.02542739175260067,-1.4544472397293173e-12,2.8586250433363602,3.698279974808605e-14,0
-0.01981237158179283,-2.7401989097924906e-12,2.8606050433663768,5.428983900883244e-14,0
-0.015949349850416183,-3.893225151985202e-12,2.8626300433970755,6.209440999545171e-14,0
-0.01452193409204483,-4.487429091509787e-12,2.864655043427774,6.516614950962974e-14,0
-0.014681123197078705,-4.421929836184724e-12,2.8666350434577907,6.491889669386598e-14,0
-0.016713017597794533,-3.5821419615278405e-12,2.8686600434884895,5.986840164081302e-14,0
-0.0211237333714962,-2.3950052011056933e-12,2.870685043519188,5.05914512915033e-14,0
-0.02594901993870735,-1.2955415819998484e-12,2.8726650435492047,3.361803434273853e-14,0
-0.026205334812402725,-1.2580739401635288e-12,2.8746900435799034,3.2968248820743984e-14,0
-0.021344982087612152,-2.381977210960673e-12,2.876715043610602,5.0843260901055916e-14,0
-0.016662128269672394,-3.586369482638796e-12,2.8786950436406187,5.975654834216624e-14,0
-0.014621853828430176,-4.4137094153129386e-12,2.8807200436713174,6.45366139118718e-14,0
-0.014407741837203503,-4.498550403714274e-12,2.882745043702016,6.481395285836286e-14,0
-0.015863705426454544,-3.888458999234956e-12,2.884770043732715,6.168536812670958e-14,0
-0.019402766600251198,-2.7842979657966005e-12,2.8867500437627314,5.402308357590563e-14,0
-0.024927794933319092,-1.5100545596932746e-12,2.88877504379343,3.7642330402157403e-14,0
-0.02632666379213333,-1.2282049292530739e-12,2.890800043824129,3.233453824028658e-14,0
-0.023171143606305122,-1.9540426134806443e-12,2.8927800438541453,4.5277402009799784e-14,0
-0.017590878531336784,-3.285357879842521e-12,2.894805043884844,5.779233139627994e-14,0
-0.014885926619172096,-4.270083852481177e-12,2.8968300439155428,6.356415488574648e-14,0
-0.014234280213713646,-4.545605645361883e-12,2.8988100439455593,6.47034244971197e-14,0
-0.015121448785066605,-4.16331769406697e-12,2.900835043976258,6.295539528679529e-14,0
-0.017862088978290558,-3.171283331424024e-12,2.9028600440069567,5.664574504126562e-14,0
-0.023521170020103455,-1.79588310368628e-12,2.9048400440369733,4.224127181803607e-14,0
-0.026162510737776756,-1.2307470580869007e-12,2.906865044067672,3.219943312268569e-14,0
-0.024613765999674797,-1.613325250303388e-12,2.9088900440983707,3.971001019233436e-14,0
-0.01894102618098259,-2.9086370898628866e-12,2.9108700441283872,5.5092571270069945e-14,0
-0.015278465114533901,-4.062271352633928e-12,2.912895044159086,6.206527114698792e-14,0
-0.014093710109591484,-4.550027021821279e-12,2.9149200441897847,6.412676183635699e-14,0
-0.014472596347332,-4.390430293627068e-12,2.916900044219801,6.354092543076287e-14,0
-0.016720155254006386,-3.4941233933993843e-12,2.9189250442505,5.842228561429334e-14,0
-0.021616190671920776,-2.2091178712713155e-12,2.9209500442811986,4.7752713122148493e-14,0
-0.025827068835496902,-1.2790458796263504e-12,2.9229750443118974,3.303400597686844e-14,0
-0.025539414957165718,-1.3628506960114417e-12,2.924955044341914,3.4806409450098324e-14,0
-0.020103130489587784,-2.6059952806800624e-12,2.9269800443726126,5.2388663182761236e-14,0
-0.01600644737482071,-3.7600851252039824e-12,2.9290050444033113,6.018560468142368e-14,0
-0.01413001585751772,-4.507475122317306e-12,2.930985044433328,6.369069495571015e-14,0
-0.014000928029417992,-4.5290550823584574e-12,2.9330100444640266,6.341097424937054e-14,0
-0.015778061002492905,-3.789636573298116e-12,2.9350350444947253,5.979311703077585e-14,0
-0.019842160865664482,-2.6138698410588246e-12,2.937015044524742,5.186482586819805e-14,0
-0.02512049674987793,-1.447138849725027e-12,2.9390400445554405,3.635284677113963e-14,0
-0.02569146454334259,-1.2981112495688563e-12,2.9410650445861393,3.3350379141612415e-14,0
-0.021919982507824898,-2.1722166166499024e-12,2.943045044616156,4.761495024017244e-14,0
-0.0167558416724205,-3.464889833382223e-12,2.9450700446468545,5.805714546053198e-14,0
-0.014215040020644665,-4.383840512822701e-12,2.9470950446775532,6.231646833389812e-14,0
-0.013779989443719387,-4.577768285968231e-12,2.9490750447075698,6.308159865643562e-14,0
-0.0148930624127388,-4.1118410759599655e-12,2.9511000447382685,6.123790577553483e-14,0
-0.017990555614233017,-3.0546667625919177e-12,2.953125044768967,5.495515227535902e-14,0
-0.023707356303930283,-1.7076851000982773e-12,2.9551050447989837,4.048469912294271e-14,0
-0.02562723122537136,-1.2698309201017444e-12,2.9571300448296824,3.254225060657347e-14,0
-0.023400461301207542,-1.8205022992573427e-12,2.959155044860381,4.26005936025308e-14,0
-0.017734551802277565,-3.132447860126897e-12,2.9611350448903977,5.555255884335396e-14,0
-0.014550482854247093,-4.208121264642761e-12,2.9631600449210964,6.123019630977709e-14,0
-0.013601250946521759,-4.598643514597267e-12,2.965185044951795,6.254730445563223e-14,0
-0.014293547719717026,-4.346980674724277e-12,2.967210044982494,6.213377571085916e-14,0
-0.01663978584110737,-3.4199205967144763e-12,2.9691900450125104,5.6906746322921e-14,0
-0.0219944566488266,-2.0734360409169206e-12,2.971215045043209,4.5604099116061864e-14,0
-0.025598682463169098,-1.297158019018807e-12,2.973240045073908,3.32055362334159e-14,0
-0.024519119411706924,-1.537588741225282e-12,2.9752200451039243,3.7700321952198827e-14,0
-0.01898260787129402,-2.8087235228596574e-12,2.977245045134623,5.331689725332441e-14,0
-0.015135723166167736,-3.976795021759516e-12,2.979270045165322,6.019166853794603e-14,0
-0.01364593580365181,-4.584731032319933e-12,2.9812500451953383,6.25629453440481e-14,0
-0.013765404000878334,-4.5443072048401145e-12,2.983275045226037,6.255422457872635e-14,0
-0.01577092334628105,-3.696851852419414e-12,2.9853000452567358,5.830276718706369e-14,0
-0.020095372572541237,-2.5395980891157466e-12,2.9872800452867523,5.103416978529471e-14,0
-0.025113359093666077,-1.4102792284670373e-12,2.989305045317451,3.541684868683105e-14,0
-0.02536315843462944,-1.3603914002235928e-12,2.9913300453481497,3.4503822616978373e-14,0
-0.020698610693216324,-2.429516223617645e-12,2.9933100453781663,5.0287610485514725e-14,0
-0.015956487506628036,-3.680010723233762e-12,2.995335045408865,5.872004512953673e-14,0
-0.013851049356162548,-4.505540905641592e-12,2.9973600454395637,6.2406469460251e-14,0
-0.013608697801828384,-4.6042939426393925e-12,2.99934004546958,6.265844485616845e-14,0
-0.014971571043133736,-4.036850714816964e-12,3.001365045500279,6.043799726740738e-14,0
-0.018404506146907806,-2.9329661529325923e-12,3.0033900455309777,5.397979359032044e-14,0
-0.023997804149985313,-1.6460127531814361e-12,3.005370045560994,3.950069167922622e-14,0
-0.02553444914519787,-1.327662589242773e-12,3.007395045591693,3.390113286700131e-14,0
-0.02250118926167488,-2.0184643886866915e-12,3.0094200456223916,4.5417849227790137e-14,0
-0.016919992864131927,-3.3647967224992303e-12,3.0114450456530903,5.693233653394147e-14,0
-0.014226832427084446,-4.370867383307608e-12,3.013425045683107,6.218359782332642e-14,0
-0.013586977496743202,-4.6466246649001786e-12,3.0154500457138056,6.313358475781065e-14,0
-0.01435778196901083,-4.279934046058642e-12,3.0174750457445043,6.145035987505634e-14,0
-0.0169898122549057,-3.321775363454571e-12,3.019455045774521,5.643633977806431e-14,0
-0.02275812439620495,-1.938707441112575e-12,3.0214800458052196,4.412134511268816e-14,0
-0.02551303617656231,-1.334017748697014e-12,3.0235050458359183,3.4034843082683124e-14,0
-0.024027593433856964,-1.6814908840312448e-12,3.025485045865935,4.040217932423948e-14,0
-0.018311724066734314,-2.9946110695344696e-12,3.0275100458966335,5.483649159250333e-14,0
-0.014650402590632439,-4.142345754604149e-12,3.0295350459273322,6.06870329745479e-14,0
-0.013437408953905106,-4.647066585705684e-12,3.0315150459573488,6.244453414815478e-14,0
-0.013765404000878334,-4.497915061241198e-12,3.0335400459880475,6.19156179796205e-14,0
-0.016020720824599266,-3.6135996538816384e-12,3.035565046018746,5.789247122670626e-14,0
-0.020758189260959625,-2.3595546089910657e-12,3.0375450460487627,4.898008114500613e-14,0
-0.025113359093666077,-1.39312031962463e-12,3.0395700460794615,3.4985930847416193e-14,0
-0.02497061900794506,-1.44904552766556e-12,3.04159504611016,3.6183563796503414e-14,0
-0.019700661301612854,-2.65498495584382e-12,3.0435750461401767,5.2304959375956654e-14,0
-0.015356972813606262,-3.8201412519422995e-12,3.0456000461708754,5.866580535021368e-14,0
-0.013380002230405807,-4.593877361847021e-12,3.047625046201574,6.146608934772388e-14,0
-0.013301494531333447,-4.6377277018727625e-12,3.049650046232273,6.168870966427418e-14,0
-0.015075834468007088,-3.909651682260096e-12,3.0516300462622894,5.894126158931865e-14,0
-0.01896119862794876,-2.762649050497279e-12,3.053655046292988,5.238313738579295e-14,0
-0.024256911128759384,-1.5605778388300129e-12,3.055680046323687,3.785479794601101e-14,0
-0.025055333971977234,-1.3936868152597537e-12,3.0576600463537034,3.4919288608674466e-14,0
-0.021523408591747284,-2.2215105189432593e-12,3.059685046384402,4.7814478590080316e-14,0
-0.01616346277296543,-3.5395625232886863e-12,3.061710046415101,5.721158707776027e-14,0
-0.013660830445587635,-4.476639111489211e-12,3.0636900464451173,6.11546078681402e-14,0
-0.01318730041384697,-4.675540336840367e-12,3.065715046475816,6.165775501897317e-14,0
-0.01431495975703001,-4.218925122451145e-12,3.0677400465065148,6.039374334581105e-14,0
-0.017310049384832382,-3.178204661252737e-12,3.0697200465365313,5.501487964138935e-14,0
-0.023057881742715836,-1.828446248575144e-12,3.07174504656723,4.2160097372558074e-14,0
-0.0250562634319067,-1.3670643393345894e-12,3.0737700465979287,3.4253524214732964e-14,0
-0.02299240604043007,-1.8754602905401985e-12,3.0757500466279453,4.312134451280319e-14,0
-0.01729825884103775,-3.188442131846214e-12,3.077775046658644,5.5154497296346026e-14,0
-0.014022339135408401,-4.304718907721661e-12,3.0798000466893427,6.036222840667795e-14,0
-0.012990565970540047,-4.699787000544964e-12,3.0817800467193592,6.105289307806588e-14,0
-0.0134727843105793,-4.472812311501206e-12,3.083805046750058,6.026123553455939e-14,0
-0.015913665294647217,-3.557992225497464e-12,3.0858300467807567,5.6620697397523605e-14,0
-0.021205032244324684,-2.210015807510568e-12,3.087810046810773,4.686345645872885e-14,0
-0.024899248033761978,-1.4016998282559423e-12,3.089835046841472,3.4901271692626274e-14,0
-0.023999977856874466,-1.611101009546534e-12,3.0918600468721706,3.866638855430491e-14,0
-0.018383095040917397,-2.8922936094744056e-12,3.0938850469028694,5.316930830920602e-14,0
-0.014480043202638626,-4.050238009561946e-12,3.095865046932886,5.864762135942606e-14,0
-0.012908954173326492,-4.6838019573947065e-12,3.0978900469635846,6.046298482494519e-14,0
-0.013008873909711838,-4.6466246649001786e-12,3.0999150469942833,6.044735437144344e-14,0
-0.014897096902132034,-3.8270901205061936e-12,3.1018950470243,5.701253237837293e-14,0
-0.01911107636988163,-2.676854831545894e-12,3.1039200470549986,5.1157577116760206e-14,0
-0.024299733340740204,-1.5176807293543204e-12,3.1059450470856973,3.687923701969009e-14,0
-0.0245265681296587,-1.4540328576589934e-12,3.107925047115714,3.566243594613563e-14,0
-0.02000321075320244,-2.4925562915750765e-12,3.1099500471464125,4.985912881459696e-14,0
-0.015078626573085785,-3.771206871089339e-12,3.1119750471771113,5.68646201390114e-14,0
-0.013012907467782497,-4.591362880168592e-12,3.113955047207128,5.974698031064523e-14,0
-0.012701979838311672,-4.709222595211671e-12,3.1159800472378265,5.981645045850041e-14,0
-0.013965241611003876,-4.16014011433985e-12,3.1180050472685252,5.809736183238529e-14,0
-0.01728026010096073,-3.092990924144501e-12,3.1199850472985418,5.344768765912788e-14,0
-0.02304360829293728,-1.7610819486729712e-12,3.1220100473292405,4.058168259698262e-14,0
-0.024563804268836975,-1.421400649091742e-12,3.124035047359939,3.491500733188738e-14,0
-0.02182316593825817,-2.0697612460734982e-12,3.1260150473899557,4.5168743125637955e-14,0
-0.016149189323186874,-3.4273946528107224e-12,3.1280400474206544,5.53496451335187e-14,0
-0.013180162757635117,-4.44612055505722e-12,3.130065047451353,5.860059255572115e-14,0
-0.01248786598443985,-4.749577467433319e-12,3.132090047482052,5.931208689602251e-14,0
-0.013310803100466728,-4.408666574168274e-12,3.1340700475120684,5.868289270436309e-14,0
-0.015820883214473724,-3.457581443377933e-12,3.136095047542767,5.470199222021377e-14,0
-0.021673288196325302,-2.0654923084395538e-12,3.138120047573466,4.476601006810368e-14,0
-0.02451167441904545,-1.4311544570960733e-12,3.1401000476034824,3.5079992095704695e-14,0
-0.023029332980513573,-1.7512314298348541e-12,3.142125047634181,4.032969172360775e-14,0
-0.01727684773504734,-3.0756387020547393e-12,3.14415004766488,5.3137341543418365e-14,0
-0.013638488948345184,-4.223650075518837e-12,3.1461300476948963,5.760420487664096e-14,0
-0.012337988242506981,-4.752755480841309e-12,3.148155047725595,5.863944124213068e-14,0
-0.01270911656320095,-4.609447372405651e-12,3.150180047756294,5.858200394784375e-14,0
-0.014852412976324558,-3.743202796335776e-12,3.1521600477863103,5.5595593785311854e-14,0
-0.01950361579656601,-2.5087618614472174e-12,3.154185047817009,4.8929927470744295e-14,0
-0.023999977856874466,-1.5049705188660556e-12,3.1562100478477078,3.611925912803421e-14,0
-0.023908434435725212,-1.5210102058058061e-12,3.1581900478777243,3.636497278157703e-14,0
-0.018768496811389923,-2.724200639375729e-12,3.160215047908423,5.112915101370976e-14,0
-0.014336369931697845,-3.901168884462569e-12,3.1622400479391217,5.59286002936844e-14,0
-0.012439458630979061,-4.684534444382438e-12,3.1642200479691382,5.827307242629182e-14,0
-0.012302303686738014,-4.742269077429029e-12,3.166245047999837,5.834083435475882e-14,0
-0.013801089487969875,-4.047018796471402e-12,3.1682700480305357,5.5853268569597965e-14,0
-0.017645182088017464,-2.9136107589089466e-12,3.170250048060552,5.1411192374555113e-14,0
-0.022986508905887604,-1.6889512791801176e-12,3.172275048091251,3.882309362048403e-14,0
-0.024014249444007874,-1.4852695896100387e-12,3.1743000481219497,3.5667634416494675e-14,0
-0.0205741785466671,-2.2920521817321182e-12,3.1763250481526484,4.7157090825234466e-14,0
-0.015098175965249538,-3.6079214702638973e-12,3.178305048182665,5.447303322684615e-14,0
-0.012516415677964687,-4.556699635671624e-12,3.1803300482133636,5.703354675969629e-14,0
-0.011995408684015274,-4.78198904085847e-12,3.1823550482440623,5.736191286757956e-14,0
-0.013154408894479275,-4.331078898300866e-12,3.184335048274079,5.697278278250041e-14,0
-0.016020722687244415,-3.3123668738421763e-12,3.1863600483047776,5.3066511124240214e-14,0
-0.021816028282046318,-1.9453804886437887e-12,3.1883850483354763,4.244047575959398e-14,0
-0.024161648005247116,-1.467295685994574e-12,3.190365048365493,3.54522818846185e-14,0
-0.022023005411028862,-1.9434738107032556e-12,3.1923900483961916,4.280113424931068e-14,0
-0.01624910905957222,-3.260890472575606e-12,3.1944150484268903,5.298656492020102e-14,0
-0.01294588204473257,-4.380483389215817e-12,3.196395048456907,5.670922125569832e-14,0
-0.011916900984942913,-4.7937456955360336e-12,3.1984200484876055,5.712659280069921e-14,0
-0.012387948110699654,-4.587204314315807e-12,3.2004450485183042,5.68260490189218e-14,0
-0.014755596406757832,-3.679872812717422e-12,3.2024250485483208,5.4298718052659025e-14,0
-0.020038897171616554,-2.3419400099755627e-12,3.2044500485790195,4.692989504199495e-14,0
-0.023842960596084595,-1.5084658782499316e-12,3.206475048609718,3.596629249565126e-14,0
-0.0232232753187418,-1.67088055631065e-12,3.2084550486397347,3.880331918393468e-14,0
-0.01756232976913452,-2.940910319090828e-12,3.2104800486704335,5.1649236845323755e-14,0
-0.013629799708724022,-4.097224295951385e-12,3.212505048701132,5.584434651553517e-14,0
-0.01195258554071188,-4.774362762777207e-12,3.214530048731831,5.706597932448406e-14,0
-0.011977721005678177,-4.7604641582876805e-12,3.2165100487618474,5.701951154550043e-14,0
-0.013815363869071007,-3.962496129827908e-12,3.218535048792546,5.474332586335818e-14,0
-0.018097611144185066,-2.787116024083325e-12,3.220560048823245,5.044014201758715e-14,0
-0.023200932890176773,-1.6237974506672082e-12,3.2225400488532614,3.7673615680170026e-14,0
-0.023564614355564117,-1.546596509714726e-12,3.22456504888396,3.644495031508899e-14,0
-0.019125349819660187,-2.566911093404567e-12,3.226590048914659,4.9093072617328767e-14,0
-0.014226832427084446,-3.835048164452237e-12,3.2285700489446754,5.456058758545977e-14,0
-0.01207391731441021,-4.674587106290318e-12,3.230595048975374,5.6440578200357386e-14,0
-0.011659964919090271,-4.807091356917592e-12,3.232620049006073,5.6050516584521173e-14,0
-0.012960776686668396,-4.285322097175026e-12,3.2346000490360893,5.5541102731931e-14,0
-0.01613491401076317,-3.219264264886501e-12,3.236625049066788,5.19425520918664e-14,0
-0.02208723872900009,-1.8691190088737653e-12,3.2386500490974868,4.1283677761906894e-14,0
-0.023662671446800232,-1.5166998516488728e-12,3.2406300491275033,3.588917027297793e-14,0
-0.020931031554937363,-2.1493798494504057e-12,3.242655049158202,4.498873745239296e-14,0
-0.01524277962744236,-3.5068337123078663e-12,3.2446800491889007,5.3453893466794407e-14,0
-0.012342642061412334,-4.517422026728557e-12,3.2466600492189173,5.575692311625044e-14,0
-0.011517224833369255,-4.845539768039142e-12,3.248685049249616,5.580717094753871e-14,0
-0.012245206162333488,-4.527148621258359e-12,3.2507100492803147,5.543586819483241e-14,0
-0.014777937904000282,-3.604274214155656e-12,3.2526900493103312,5.32637405257817e-14,0
-0.020452847704291344,-2.2183327223757043e-12,3.25471504934103,4.537122132819629e-14,0
-0.02347896806895733,-1.5319797297061455e-12,3.2567400493717287,3.596930315606047e-14,0
-0.022122925147414207,-1.8468759507839216e-12,3.2587650494024274,4.0858298415752144e-14,0
-0.016401467844843864,-3.1533369665437405e-12,3.260745049432444,5.171935486072465e-14,0
-0.01273052766919136,-4.295821944694245e-12,3.2627700494631426,5.468808012884952e-14,0
-0.011395893059670925,-4.8398203847388466e-12,3.2647950494938414,5.515407553249929e-14,0
-0.011687272228300571,-4.723659831340488e-12,3.266775049523858,5.520669836276464e-14,0
-0.013879597187042236,-3.867804514168238e-12,3.2688000495545566,5.368356865487874e-14,0
-0.01843305304646492,-2.6422195594649756e-12,3.2708250495852553,4.8704173300025067e-14,0
-0.02309667132794857,-1.6131871229466133e-12,3.272805049615272,3.725925276917689e-14,0
-0.023079294711351395,-1.6142785892736544e-12,3.2748300496459706,3.725641130807124e-14,0
-0.01786208711564541,-2.7963313088685826e-12,3.2768550496766693,4.994831344321737e-14,0
-0.013526776805520058,-3.975302725889307e-12,3.278835049706686,5.377303270748014e-14,0
-0.01146012730896473,-4.77372742030413e-12,3.2808600497373845,5.470752397498111e-14,0
-0.011267426423728466,-4.831876218580611e-12,3.2828850497680833,5.4442809781420355e-14,0
-0.012826723046600819,-4.181540096820369e-12,3.2848650497981,5.363545673017124e-14,0
-0.016484631225466728,-3.0416387724468974e-12,3.2868900498287985,5.014029348486841e-14,0
-0.0221086498349905,-1.8014369293148369e-12,3.2889150498594972,3.9827338270042264e-14,0
-0.023163696750998497,-1.5730670889155252e-12,3.2908950498895138,3.6438049016615214e-14,0
-0.01985333301126957,-2.332407270794201e-12,3.2929200499202125,4.6306058264983676e-14,0
-0.01435778196901083,-3.6641228245981594e-12,3.294945049950911,5.2608676623256485e-14,0
-0.01180984452366829,-4.638045156268866e-12,3.29697004998161,5.4774592189288105e-14,0
-0.011165956035256386,-4.877177654794007e-12,3.2989500500116264,5.445835126956473e-14,0
-0.012123875319957733,-4.455017951765505e-12,3.300975050042325,5.401208219537846e-14,0
-0.015021530911326408,-3.429936673224332e-12,3.303000050073024,5.152289976073137e-14,0
-0.020855005830526352,-2.0637929299544e-12,3.3049800501030404,4.3040413587198075e-14,0
-0.023186348378658295,-1.565661879657232e-12,3.307005050133739,3.630198178491756e-14,0
-0.02120937779545784,-2.0098848800553792e-12,3.309030050164438,4.2628407746473004e-14,0
-0.015574809163808823,-3.3177965583219837e-12,3.3110100501944544,5.1674048240206605e-14,0
-0.012166697531938553,-4.445485212584144e-12,3.313035050225153,5.4086873964216835e-14,0
-0.011017628014087677,-4.8884368775148346e-12,3.315060050255852,5.385897908680673e-14,0
-0.011448956094682217,-4.688181700490679e-12,3.3170400502858683,5.36747864528104e-14,0
-0.013722581788897514,-3.789636573298116e-12,3.319065050316567,5.200359782728071e-14,0
-0.018996883183717728,-2.455378782240114e-12,3.321090050347266,4.6644543897994535e-14,0
-0.022903038188815117,-1.5995926371664693e-12,3.3230700503772823,3.663553125557113e-14,0
-0.02234417200088501,-1.7423341415467863e-12,3.325095050407981,3.893101374173572e-14,0
-0.016734428703784943,-3.0101810800930995e-12,3.3271200504386798,5.0373660670300325e-14,0
-0.012774590402841568,-4.144735769873176e-12,3.3291000504686963,5.294730178813603e-14,0
-0.010996217839419842,-4.853801388593482e-12,3.331125050499395,5.337345741825244e-14,0
-0.01100335456430912,-4.856978968320602e-12,3.3331500505300937,5.34430616998239e-14,0
-0.012789485044777393,-4.084721276498282e-12,3.3351300505601102,5.22414816778588e-14,0
-0.016955679282546043,-2.9208916101780558e-12,3.337155050590809,4.9525701361258614e-14,0
-0.022137198597192764,-1.7372501007195673e-12,3.3391800506215077,3.8457850492622194e-14,0
-0.022593971341848373,-1.6381102203866238e-12,3.3412050506522064,3.70114153742043e-14,0
-0.018352683633565903,-2.6181804120561925e-12,3.343185050682223,4.8050636798066514e-14,0
-0.01340855099260807,-3.875748680326474e-12,3.3452100507129217,5.196817381469096e-14,0
-0.011010492220520973,-4.753708711391358e-12,3.3472350507436204,5.2340672785397326e-14,0
-0.010659533552825451,-4.90071871972475e-12,3.349215050773637,5.2239375625865763e-14,0
-0.011859803460538387,-4.402588103108451e-12,3.3512400508043356,5.2213829620570745e-14,0
-0.015071488916873932,-3.3273015419277296e-12,3.3532650508350343,5.014738831226132e-14,0
-0.020899690687656403,-1.9838841940761354e-12,3.355245050865051,4.1462566016321734e-14,0
-0.02275812439620495,-1.6079234298194134e-12,3.3572700508957496,3.659332143540273e-14,0
-0.019953252747654915,-2.221510302102825e-12,3.3592950509264483,4.432635653937689e-14,0
-0.01441301591694355,-3.558517413029816e-12,3.361275050956465,5.128896811471952e-14,0
-0.011317386291921139,-4.5852978532157085e-12,3.3633000509871636,5.1893587068358885e-14,0
-0.010518033057451248,-4.93482945479462e-12,3.3653250510178623,5.1904699338413936e-14,0
-0.011232982389628887,-4.656019059884331e-12,3.367305051047879,5.2300980105457137e-14,0
-0.013665485195815563,-3.728309761613646e-12,3.3693300510785775,5.0949161852745934e-14,0
-0.019275229424238205,-2.3231924196898124e-12,3.3713550511092762,4.4780066886172225e-14,0
-0.022508326917886734,-1.6214763906563512e-12,3.3733350511392928,3.6496720690528175e-14,0
-0.021330706775188446,-1.900894589304536e-12,3.3753600511699915,4.054742509499732e-14,0
-0.015692416578531265,-3.202741023777822e-12,3.37738505120069,5.025874633827329e-14,0
-0.011881215497851372,-4.3650929225369506e-12,3.379410051231389,5.1862609680807355e-14,0
-0.010428664274513721,-4.931555164233714e-12,3.3813900512614055,5.142953315903778e-14,0
-0.010625089518725872,-4.8360074625386495e-12,3.383415051292104,5.1383012202699506e-14,0
-0.012866131961345673,-3.96885085560128e-12,3.385440051322803,5.106375884306575e-14,0
-0.017243023961782455,-2.7677189966962557e-12,3.3874200513528194,4.772384497951403e-14,0
-0.022030143067240715,-1.710558669536233e-12,3.389445051383518,3.768385221479214e-14,0
-0.02208723872900009,-1.6924465301437763e-12,3.391470051414217,3.738147054735344e-14,0
-0.017094075679779053,-2.8466333023419166e-12,3.3934500514442334,4.866056510281209e-14,0
-0.012644882313907146,-4.051150040429441e-12,3.395475051474932,5.122631549721046e-14,0
-0.010475209914147854,-4.856343625847526e-12,3.397500051505631,5.0871218895986737e-14,0
-0.010421216487884521,-4.921607826141594e-12,3.3994800515356474,5.128914062468828e-14,0
-0.011752746999263763,-4.2923269105710204e-12,3.401505051566346,5.044663221807266e-14,0
-0.015464029274880886,-3.157937453202031e-12,3.403530051597045,4.8834437224558996e-14,0
-0.020974164828658104,-1.9149172265225944e-12,3.4055100516270613,4.0163789542321724e-14,0
-0.022201431915163994,-1.658128820879179e-12,3.40753505165776,3.6812834123320244e-14,0
-0.01884700357913971,-2.3981827808328138e-12,3.4095600516884588,4.519855945378726e-14,0
-0.013407619670033455,-3.707061133756406e-12,3.4115400517184753,4.9702865774968914e-14,0
-0.010625089518725872,-4.708269364661621e-12,3.413565051749174,5.0025783477804314e-14,0
-0.010025573894381523,-4.95866108590759e-12,3.4155900517798727,4.9713423133960666e-14,0
-0.010935086756944656,-4.575115893773463e-12,3.4175700518098893,5.0029289221489206e-14,0
-0.013694033026695251,-3.5745156834465774e-12,3.419595051840588,4.894953582355758e-14,0
-0.019532164558768272,-2.190688169062538e-12,3.4216200518712867,4.278888181507626e-14,0
-0.022008730098605156,-1.6514560986086169e-12,3.4236450519019854,3.634645154397251e-14,0
-0.020311346277594566,-2.062798282881362e-12,3.425625051932002,4.189821022443081e-14,0
-0.014643264934420586,-3.3619370308490826e-12,3.4276500519627007,4.922973463556243e-14,0
-0.010996217839419842,-4.511578610699729e-12,3.4296750519933994,4.9610301202921347e-14,0
-0.009892452508211136,-4.974990905348697e-12,3.431655052023416,4.921486125994431e-14,0
-0.010396702215075493,-4.7848487325086175e-12,3.4336800520541146,4.974664741607351e-14,0
-0.012594923377037048,-3.8878232230810106e-12,3.4357050520848134,4.8966835598170544e-14,0
-0.01772710308432579,-2.585686439265933e-12,3.43768505211483,4.583673005261049e-14,0
-0.021723248064517975,-1.6927643098005318e-12,3.4397100521455286,3.677233901655951e-14,0
-0.021245062351226807,-1.8112872313125195e-12,3.4417350521762273,3.848091016521545e-14,0
-0.015805678442120552,-3.0621546964759716e-12,3.443715052206244,4.8399432472528467e-14,0
-0.011767021380364895,-4.1976352949113505e-12,3.4457400522369426,4.939366426219616e-14,0
-0.009904243983328342,-4.93482945479462e-12,3.4477650522676413,4.88757549364011e-14,0
-0.00984032079577446,-4.94979144477492e-12,3.449745052297658,4.8707535688765157e-14,0
-0.011695651337504387,-4.1925512540841314e-12,3.4517700523283565,4.9034617682384766e-14,0
-0.01577092334628105,-3.0206668329840758e-12,3.4537950523590553,4.763870507764541e-14,0
-0.020914584398269653,-1.8429661009095044e-12,3.455775052389072,3.8544870060621777e-14,0
-0.021551957353949547,-1.7165959409135012e-12,3.4578000524197705,3.6996002512530674e-14,0
-0.017519507557153702,-2.637770861110833e-12,3.4598250524504692,4.6212446535271067e-14,0
-0.012459318153560162,-3.939617729264988e-12,3.461850052481168,4.908495069231873e-14,0
-0.010026505216956139,-4.831420853668167e-12,3.4638300525111845,4.8442266394614556e-14,0
-0.00976863969117403,-4.9856707304285486e-12,3.465855052541883,4.870322098438894e-14,0
-0.01090343575924635,-4.500456864814373e-12,3.467880052572582,4.9070442312762746e-14,0
-0.014092778787016869,-3.433514974074403e-12,3.4698600526025984,4.838776699154052e-14,0
-0.019774824380874634,-2.092183631202671e-12,3.471885052633297,4.13725638795734e-14,0
-0.021659014746546745,-1.6867269300030463e-12,3.473910052663996,3.65328434503335e-14,0
-0.01915700174868107,-2.273346007969357e-12,3.4758900526940124,4.3550493450026095e-14,0
-0.013544155284762383,-3.5973940840094976e-12,3.477915052724711,4.8723664094310167e-14,0
-0.010410976596176624,-4.660606102435683e-12,3.47994005275541,4.8521461056455847e-14,0
-0.009497741237282753,-5.019421510377153e-12,3.4819200527854264,4.767316666641317e-14,0
-0.010196864604949951,-4.754026165787462e-12,3.483945052816125,4.8476161140924096e-14,0
-0.012580648064613342,-3.825543180846491e-12,3.485970052846824,4.812781241421118e-14,0
-0.018129263073205948,-2.457036744202279e-12,3.4879500528768403,4.4544265516176543e-14,0
-0.0215590950101614,-1.7080165407024062e-12,3.489975052907539,3.682329087993038e-14,0
-0.020374339073896408,-1.9714364689338293e-12,3.492000052938238,4.016671508070288e-14,0
-0.014785385690629482,-3.2501560037062616e-12,3.4939800529682543,4.805481006951206e-14,0
-0.010939120315015316,-4.4060831372316756e-12,3.496005052998953,4.819867355613744e-14,0
-0.009483156725764275,-5.006960124287474e-12,3.4980300530296518,4.7481787578270287e-14,0
-0.009683925658464432,-4.9434917964719105e-12,3.5000100530596683,4.787240705026276e-14,0
-0.011674239300191402,-4.091187024574117e-12,3.502035053090367,4.776149634671628e-14,0
-0.016063544899225235,-2.909770081133134e-12,3.5040600531210657,4.674122234470435e-14,0
-0.021030951291322708,-1.8017547089715924e-12,3.5060850531517644,3.789261552329288e-14,0
-0.021145453676581383,-1.7700204366435934e-12,3.508065053181781,3.742788514964946e-14,0
-0.016284793615341187,-2.885620561943192e-12,3.5100900532124797,4.699173530342974e-14,0
-0.011610006913542747,-4.125187171022393e-12,3.5121150532431784,4.789345157522783e-14,0
-0.009475398808717728,-4.9312238320498025e-12,3.514095053273195,4.6725312423725167e-14,0
-0.009290454909205437,-5.012997829345611e-12,3.5161200533038937,4.657303029348013e-14,0
-0.0107392817735672,-4.405129906681626e-12,3.5181450533345924,4.730793131702177e-14,0
-0.014256621710956097,-3.2932599789564643e-12,3.520125053364609,4.6950761715813547e-14,0
-0.019867606461048126,-2.0210061922598666e-12,3.5221500533953076,4.0152555683160396e-14,0
-0.02118796668946743,-1.738521110926372e-12,3.5241750534260063,3.683572738724388e-14,0
-0.01797286793589592,-2.4437739158666982e-12,3.526155053456023,4.3921625855059394e-14,0
-0.012480730190873146,-3.7855057630209465e-12,3.5281800534867216,4.724587606425981e-14,0
-0.009775776416063309,-4.782942271408519e-12,3.5302050535174203,4.6756974256227673e-14,0
-0.00913281925022602,-5.049594423156556e-12,3.532185053547437,4.6117033153638153e-14,0
-0.010082671418786049,-4.671409960244066e-12,3.5342100535781356,4.710029169158532e-14,0
-0.012744802050292492,-3.67873960460674e-12,3.5362350536088343,4.688480805528417e-14,0
-0.01850908063352108,-2.3151242208030443e-12,3.538215053638851,4.285082087946121e-14,0
-0.021202240139245987,-1.7353435311992516e-12,3.5402400536695495,3.679317027257364e-14,0
-0.019532164558768272,-2.109977990938372e-12,3.5422650537002482,4.121243733438755e-14,0
-0.013793951831758022,-3.43025434446087e-12,3.544290053730947,4.7316763198171934e-14,0
-0.010168005712330341,-4.573457931811298e-12,3.5462700537609635,4.6502946375759785e-14,0
-0.009004971943795681,-5.05843630871361e-12,3.548295053791662,4.5551077039443444e-14,0
-0.009333277121186256,-4.881446809268386e-12,3.550320053822361,4.555989582323228e-14,0
-0.011545772664248943,-3.9902235161870525e-12,3.5523000538523775,4.607021359743577e-14,0
-0.016456082463264465,-2.7159390188213894e-12,3.554325053883076,4.4693716458922365e-14,0
-0.02075260505080223,-1.7852312510224788e-12,3.556350053913775,3.704819907681908e-14,0
-0.020512426272034645,-1.860539500242453e-12,3.5583300539437914,3.81641793249315e-14,0
-0.015000118874013424,-3.1045545908353622e-12,3.56035505397449,4.656868791339454e-14,0
-0.010882023721933365,-4.253242723295525e-12,3.562380054005189,4.628388821004237e-14,0
-0.009021108038723469,-5.009805938149814e-12,3.5643600540352054,4.5194000621087855e-14,0
-0.008940737694501877,-5.036193684304635e-12,3.566385054065904,4.5027286710074736e-14,0
-0.010725008323788643,-4.291691134417075e-12,3.568410054096603,4.602842313975305e-14,0
-0.014666227623820305,-3.1483632974976805e-12,3.5703900541266194,4.6174612763582466e-14,0
-0.019903292879462242,-1.9441093700167666e-12,3.572415054157318,3.869417818115054e-14,0
-0.020724056288599968,-1.7995303597945211e-12,3.574440054188017,3.729356846942621e-14,0
-0.016907891258597374,-2.6646005280711593e-12,3.5764200542180333,4.50527759762283e-14,0
-0.011681376956403255,-3.959318116419919e-12,3.578445054248732,4.625028740821758e-14,0
-0.009169124998152256,-4.887801535041758e-12,3.5804700542794308,4.4816863240958354e-14,0
-0.008678527548909187,-5.078773339384224e-12,3.5824500543094473,4.4076274340511496e-14,0
-0.009847147390246391,-4.616755762409941e-12,3.584475054340146,4.546187445722004e-14,0
-0.012930366210639477,-3.5532260727472176e-12,3.5865000543708447,4.594451434981383e-14,0
-0.01878277212381363,-2.191005840299076e-12,3.5885250544015435,4.1153163420282344e-14,0
-0.02072095312178135,-1.7643836695488413e-12,3.59050505443156,3.6559711305558095e-14,0
-0.018311724066734314,-2.3181083788625934e-12,3.5925300544622587,4.2448560990516616e-14,0
-0.012630607932806015,-3.650777163216601e-12,3.5945550544929574,4.611153499863064e-14,0
-0.009527530521154404,-4.72465469525396e-12,3.596535054522974,4.5014291810947565e-14,0
-0.008640981279313564,-5.0972030415930014e-12,3.5985600545536727,4.4044836059265284e-14,0
-0.009211947210133076,-4.851894927493383e-12,3.6005850545843714,4.469539994118149e-14,0
-0.011560667306184769,-3.933193180871708e-12,3.602565054614388,4.547033781501243e-14,0
-0.017005637288093567,-2.5691356594220727e-12,3.6045900546450866,4.3689789168038854e-14,0
-0.02048853412270546,-1.7887266104063548e-12,3.6066150546757854,3.6648386193501876e-14,0
-0.0195219237357378,-2.024335993972004e-12,3.608595054705802,3.951893288983044e-14,0
-0.013801089487969875,-3.3072828330149573e-12,3.6106200547365006,4.5644106340465956e-14,0
-0.010025573894381523,-4.469634731774086e-12,3.6126450547671993,4.4810653284295237e-14,0
-0.008462553843855858,-5.085072554006365e-12,3.614625054797216,4.3032700288192485e-14,0
-0.008690940216183662,-5.0304738673234706e-12,3.6166500548279146,4.371954763998251e-14,0
-0.01069645956158638,-4.197317840515247e-12,3.6186750548586133,4.489644054819641e-14,0
-0.01491199154406786,-3.0442499649591115e-12,3.62065505488863,4.539582973549915e-14,0
-0.01993897743523121,-1.9088385386223372e-12,3.6226800549193285,3.80602885490905e-14,0
-0.020188774913549423,-1.847829181333971e-12,3.6247050549500273,3.730540742063984e-14,0
-0.015392659232020378,-2.944723241291025e-12,3.626730054980726,4.532712138580327e-14,0
-0.010689322836697102,-4.194139827107257e-12,3.6287100550107425,4.483251463419844e-14,0
-0.008698077872395515,-4.998381049337031e-12,3.6307350550414412,4.3476307603039503e-14,0
-0.008569610305130482,-5.096567265439056e-12,3.63276005507214,4.367559535869721e-14,0
-0.00987011007964611,-4.510459280376855e-12,3.6347400551021565,4.451872960708094e-14,0
-0.013251534663140774,-3.4366095039151112e-12,3.636765055132855,4.5540349964810115e-14,0
-0.019118214026093483,-2.1185574995696843e-12,3.638790055163554,4.0503035703358677e-14,0
-0.02054966241121292,-1.8151142481409588e-12,3.6407700551935704,3.7299985037079264e-14,0
-0.017462410032749176,-2.5081263021337064e-12,3.642795055224269,4.3797929901781725e-14,0
-0.011752746999263763,-3.859225439217795e-12,3.644820055254968,4.535650020024932e-14,0
-0.00908813439309597,-4.849988466393285e-12,3.6468000552849844,4.407734698754759e-14,0
-0.008462553843855858,-5.135651452714551e-12,3.648825055315683,4.346072694187345e-14,0
-0.009247632697224617,-4.771185183050086e-12,3.650850055346382,4.4122168103287597e-14,0
-0.011791536584496498,-3.82244800048448e-12,3.6528300553763984,4.507253544004823e-14,0
-0.017676522955298424,-2.4305939205770954e-12,3.654855055407097,4.296444923208982e-14,0
-0.020345792174339294,-1.8230443196709523e-12,3.656880055437796,3.7091280852634964e-14,0
-0.01895592175424099,-2.1526539231708774e-12,3.6588600554678123,4.080553933158705e-14,0
-0.01318730041384697,-3.4731514539365627e-12,3.660885055498511,4.580149160585084e-14,0
-0.009490293450653553,-4.630736766264576e-12,3.66291005552921,4.394705080458132e-14,0
-0.008216790854930878,-5.137461202980864e-12,3.6648900555592263,4.221344423021535e-14,0
-0.008676666766405106,-4.99107265933274e-12,3.666915055589925,4.330587427194554e-14,0
-0.010846338234841824,-4.106439147055774e-12,3.6689400556206238,4.4539827929762284e-14,0
-0.01569955423474312,-2.826518099435793e-12,3.6709650556513225,4.4375074197575275e-14,0
-0.01992408186197281,-1.875128524675418e-12,3.672945055681339,3.7360214227353326e-14,0
-0.019846195355057716,-1.9304458205582353e-12,3.6749700557120377,3.831200487715343e-14,0
-0.014386329799890518,-3.1652458432063213e-12,3.6769950557427364,4.553627059809869e-14,0
-0.010249926708638668,-4.326105446095241e-12,3.678975055772753,4.434226375631881e-14,0
-0.008291264064610004,-5.086081729388514e-12,3.6810000558034517,4.217004667254849e-14,0
-0.008284127339720726,-5.12198790325602e-12,3.6830250558341504,4.243120002308203e-14,0
-0.010004162788391113,-4.405682849789594e-12,3.685005055864167,4.407516842331797e-14,0
-0.013893871568143368,-3.2478624824305857e-12,3.6870300558948657,4.5125384201881853e-14,0
-0.019210996106266975,-2.048651179253902e-12,3.6890550559255644,3.935662982774596e-14,0
-0.020095372572541237,-1.8718128175915227e-12,3.691035055955581,3.761477595555982e-14,0
-0.01635616458952427,-2.706088391563055e-12,3.6930600559862796,4.426122712620633e-14,0
-0.011103274300694466,-4.0260468570085806e-12,3.6950850560169783,4.47023026008151e-14,0
-0.008626396767795086,-4.9504545428236124e-12,3.697065056046995,4.270458506733011e-14,0
-0.008005781099200249,-5.165838243281762e-12,3.6990900560776936,4.1356570169590945e-14,0
-0.009140576235949993,-4.708905140815567e-12,3.7011150561083923,4.3042106427481527e-14,0
-0.012067089788615704,-3.684182733193486e-12,3.703095056138409,4.445736383911341e-14,0
-0.01801910251379013,-2.313659680508451e-12,3.7051200561691076,4.16900709651047e-14,0
-0.02005317062139511,-1.855455459415234e-12,3.7071450561998063,3.720776490805274e-14,0
-0.01775503158569336,-2.3791173024700907e-12,3.709170056230505,4.224130285142604e-14,0
-0.012178800068795681,-3.69214077713953e-12,3.7111500562605215,4.4965844350630245e-14,0
-0.008933601900935173,-4.782624383331546e-12,3.7131750562912202,4.272606228238961e-14,0
-0.00802005548030138,-5.175370548782254e-12,3.715200056321919,4.150675893235148e-14,0
-0.008551922626793385,-4.9504545428236124e-12,3.7171800563519355,4.233590421768535e-14,0
-0.010789241641759872,-4.034944253716866e-12,3.719205056382634,4.353398856438172e-14,0
-0.016241971403360367,-2.6774901740189705e-12,3.721230056413333,4.348771883919449e-14,0
-0.01995387114584446,-1.877781133710621e-12,3.7232100564433495,3.7469002782159456e-14,0
-0.01906825415790081,-2.0899592820255997e-12,3.725235056474048,3.985187476932803e-14,0
-0.013394276611506939,-3.3689275327764e-12,3.727260056504747,4.512434725812871e-14,0
-0.009475398808717728,-4.517422026728557e-12,3.7292400565347634,4.280437529053899e-14,0
-0.007955821231007576,-5.156622958496504e-12,3.731265056565462,4.1025170413507585e-14,0
-0.008005781099200249,-5.121670015179047e-12,3.733290056596161,4.100296900386107e-14,0
-0.009966926649212837,-4.313837481673133e-12,3.7352700566261774,4.299570175646114e-14,0
-0.01415080577135086,-3.1547598734749105e-12,3.737295056656876,4.4642394224794874e-14,0
-0.019282367080450058,-1.996856889910359e-12,3.739320056687575,3.850412755837739e-14,0
-0.019641082733869553,-1.9235381516768957e-12,3.7413000567175914,3.778037197884043e-14,0
-0.015107175335288048,-2.9691904317175055e-12,3.74332505674829,4.485608045581597e-14,0
-0.010218275710940361,-4.240850292464016e-12,3.745350056778989,4.333417753721938e-14,0
-0.008075290359556675,-5.06716760564907e-12,3.7473300568090053,4.0918849716155814e-14,0
-0.007813080213963985,-5.184267945490539e-12,3.749355056839704,4.0505101308799855e-14,0
-0.00901210866868496,-4.638680932422812e-12,3.7513800568704028,4.180429664235125e-14,0
-0.012537825852632523,-3.5408334250752738e-12,3.7534050569011015,4.439435285677413e-14,0
-0.018352683633565903,-2.212336867521425e-12,3.755385056931118,4.0602318620494913e-14,0
-0.019817646592855453,-1.8970814502639044e-12,3.7574100569618167,3.759568973919175e-14,0
-0.016784388571977615,-2.563733730517881e-12,3.7594350569925155,4.303070312809786e-14,0
-0.01111382432281971,-3.924240706693061e-12,3.761415057022532,4.3613321814644545e-14,0
-0.008319812826812267,-4.915128633958821e-12,3.7634400570532307,4.0892950254242854e-14,0
-0.007577556185424328,-5.222716356612089e-12,3.7654650570839294,3.957542663276275e-14,0
-0.008365738205611706,-4.880824910902248e-12,3.767445057113946,4.083170343203629e-14,0
-0.010832063853740692,-3.936757603933971e-12,3.7694700571446447,4.264320974251199e-14,0
-0.016648784279823303,-2.5316402620101375e-12,3.7714950571753434,4.2148732596322125e-14,0
-0.019626187160611153,-1.907622714306112e-12,3.77347505720536,3.743936042280481e-14,0
-0.018183257430791855,-2.224370210593407e-12,3.7755000572360586,4.044629616060461e-14,0
-0.012523552402853966,-3.5363847267211312e-12,3.7775250572667574,4.428809944174449e-14,0
-0.008760449476540089,-4.678234796079428e-12,3.779505057296774,4.098343957044565e-14,0
-0.007499048486351967,-5.215090512211695e-12,3.7815300573274726,3.910821661178962e-14,0
-0.00780594302341342,-5.078137563230278e-12,3.7835550573581713,3.9639652483631015e-14,0
-0.010026505216956139,-4.217349993534958e-12,3.785535057388188,4.228528171190819e-14,0
-0.014450564049184322,-2.9844425541991626e-12,3.7875600574188866,4.312687828056625e-14,0
-0.019168173894286156,-1.967305441816225e-12,3.7895850574495853,3.7709652811908856e-14,0
-0.019032567739486694,-2.0016232595010397e-12,3.791610057480284,3.809603027538569e-14,0
-0.013727856799960136,-3.2153407540647105e-12,3.7935900575103005,4.413973743487619e-14,0
-0.00939751137048006,-4.366999383637049e-12,3.7956150575409993,4.1038926362608585e-14,0
-0.007441951893270016,-5.1559876160234275e-12,3.797640057571698,3.83706118007423e-14,0
-0.007405025418847799,-5.198801458772273e-12,3.7996200576017145,3.84972569497517e-14,0
-0.00894787535071373,-4.5226999229042164e-12,3.8016450576324132,4.0468555158829524e-14,0
-0.012823309749364853,-3.3578060037314783e-12,3.803670057663112,4.30581864641257e-14,0
-0.018166499212384224,-2.1500013141356744e-12,3.8056500576931285,3.9057997179870776e-14,0
-0.01917530968785286,-1.9434738107032556e-12,3.807675057723827,3.726671219046645e-14,0
-0.015563948079943657,-2.758200568983571e-12,3.809700057754526,4.292849044973135e-14,0
-0.010294611565768719,-4.070464017930098e-12,3.8116800577845424,4.190384595702859e-14,0
-0.007713160943239927,-5.0215769042960545e-12,3.813705057815241,3.873223085169199e-14,0
-0.0071778795681893826,-5.2455951908558784e-12,3.81573005784594,3.7652250543436895e-14,0
-0.008239132352173328,-4.810863079435235e-12,3.8177100578759564,3.963733763965105e-14,0
-0.011188918724656105,-3.779468491643678e-12,3.819735057906655,4.228816577539972e-14,0
-0.016977090388536453,-2.410257540427785e-12,3.821760057937354,4.091916012349406e-14,0
-0.019253818318247795,-1.9295062509555594e-12,3.8237400579673704,3.7150362799821777e-14,0
-0.017248298972845078,-2.3921455094555455e-12,3.825765057998069,4.126044093363805e-14,0
-0.011502950452268124,-3.7241789513364765e-12,3.827790058028768,4.283904595260335e-14,0
-0.008216789923608303,-4.830094223889914e-12,3.8297700580587843,3.968786954893731e-14,0
-0.007163605652749538,-5.255445384433344e-12,3.831795058089483,3.764793826364317e-14,0
-0.007634652778506279,-5.044773192935947e-12,3.833820058120182,3.8515091674382423e-14,0
-0.010068397037684917,-4.128682205145617e-12,3.8358450581508805,4.1569211683830566e-14,0
-0.015314150601625443,-2.7770032367396835e-12,3.837825058180897,4.2527445788632826e-14,0
-0.019168173894286156,-1.962221400989006e-12,3.8398500582115958,3.761220103324707e-14,0
-0.01841164380311966,-2.148426402059922e-12,3.8418750582422945,3.955606165194523e-14,0
-0.012715011835098267,-3.4189257328010036e-12,3.843855058272311,4.3471681155886775e-14,0
-0.008833682164549828,-4.554157832098449e-12,3.8458800583030097,4.0229982815952976e-14,0
-0.0071778795681893826,-5.229389404143303e-12,3.8479050583337084,3.7535927358106265e-14,0
-0.007248629815876484,-5.2206858627834585e-12,3.849885058363725,3.7842819204297023e-14,0
-0.009119165129959583,-4.414344757786015e-12,3.8519100583944237,4.025513878682211e-14,0
-0.013344316743314266,-3.2453204620169762e-12,3.8539350584251224,4.3306584178713526e-14,0
-0.018412264063954353,-2.0853449175795014e-12,3.855915058455139,3.8395921286898906e-14,0
-0.018911238759756088,-2.0051185104646985e-12,3.8579400584858377,3.79192748930044e-14,0
-0.01450052298605442,-3.0124052124297362e-12,3.8599650585165364,4.368145102614754e-14,0
-0.009512634947896004,-4.279353781055928e-12,3.861945058546553,4.0707930332083523e-14,0
-0.007399129681289196,-5.127389832160212e-12,3.8639700585772516,3.793822229467705e-14,0
-0.007020864170044661,-5.2621184319645575e-12,3.8659950586079503,3.6944618757511554e-14,0
-0.008246580138802528,-4.748527959730353e-12,3.867975058637967,3.915911636126082e-14,0
-0.011588594876229763,-3.67460879432957e-12,3.8700000586686656,4.2583552646116485e-14,0
-0.01734108105301857,-2.3282764605170314e-12,3.8720250586993643,4.037483081566103e-14,0
-0.01900402083992958,-1.9657166519526648e-12,3.874050058730063,3.7356520219105043e-14,0
-0.016081230714917183,-2.6268013372104937e-12,3.8760300587600796,4.224219834593492e-14,0
-0.010553717613220215,-3.948514692292404e-12,3.8780550587907783,4.167150905410514e-14,0
-0.007606104947626591,-4.977726564270313e-12,3.880080058821477,3.786111064842874e-14,0
-0.006891155615448952,-5.293631418629152e-12,3.8820600588514935,3.647923787660328e-14,0
-0.007570418994873762,-4.985034954274603e-12,3.8840850588821922,3.773880330795011e-14,0
-0.010075533762574196,-4.039392952071008e-12,3.886110058912891,4.069904006889569e-14,0
-0.0157609935849905,-2.655316504868166e-12,3.8880900589429075,4.185042639934656e-14,0
-0.01878277212381363,-1.985735360865437e-12,3.890115058973606,3.729761478133433e-14,0
-0.017455274239182472,-2.28760370021841e-12,3.892140059004305,3.993074993788092e-14,0
-0.011791536584496498,-3.5923375819174597e-12,3.8941200590343215,4.235918002104141e-14,0
-0.00814138539135456,-4.7413158468789796e-12,3.89614505906502,3.86008795715784e-14,0
-0.0067353807389736176,-5.294847026104943e-12,3.898170059095719,3.566281067543897e-14,0
-0.007114577107131481,-5.1862017284853845e-12,3.9001500591257354,3.6897632090447834e-14,0
-0.009154850617051125,-4.32346693168828e-12,3.902175059156434,3.9580693907366583e-14,0
-0.013708307407796383,-3.09756387206761e-12,3.904200059187133,4.246235777358687e-14,0
-0.01846439391374588,-2.0664453221491685e-12,3.9061800592171494,3.815566042937975e-14,0
-0.01851869933307171,-2.058183701594829e-12,3.908205059247848,3.811488514206322e-14,0
-0.01324439700692892,-3.242142665449421e-12,3.910230059278547,4.294022461431487e-14,0
-0.008954081684350967,-4.4212663044551626e-12,3.9122100593085634,3.958837963836006e-14,0
-0.006985179148614407,-5.221445671665936e-12,3.914235059339262,3.6472733431343843e-14,0
-0.006821026094257832,-5.285632175000554e-12,3.916260059369961,3.605343499032756e-14,0
-0.008291264064610004,-4.609764826801754e-12,3.9182850594006595,3.822077745476455e-14,0
-0.012067089788615704,-3.474629872018964e-12,3.920265059430676,4.192867064785913e-14,0
-0.017548056319355965,-2.2551925604741285e-12,3.9222900594613748,3.957424606219259e-14,0
-0.01851869933307171,-2.0264081211640583e-12,3.9243150594920735,3.752644272193194e-14,0
-0.015098175965249538,-2.808834111481251e-12,3.92629505952209,4.2408271672339266e-14,0
-0.009740091860294342,-4.1118410759599655e-12,3.9283200595527887,4.004970979478159e-14,0
-0.007049412466585636,-5.089258875434766e-12,3.9303450595834875,3.587628496217143e-14,0
-0.006533680483698845,-5.319825743116402e-12,3.932325059613504,3.475804163447834e-14,0
-0.0074919117614626884,-4.9065491253275084e-12,3.9343500596442027,3.675943310023563e-14,0
-0.010432387702167034,-3.87320644307243e-12,3.9363750596749014,4.040679126466294e-14,0
-0.016215285286307335,-2.522356238807144e-12,3.938355059704918,4.0900726005954994e-14,0
-0.018511561676859856,-2.0086137614283572e-12,3.9403800597356167,3.71825775296705e-14,0
-0.016648784279823303,-2.454425551690065e-12,3.9424050597663154,4.086320154097419e-14,0
-0.011046797037124634,-3.75082864073617e-12,3.944385059796332,4.143464271524654e-14,0
-0.007477637380361557,-4.880493145037468e-12,3.9464100598270306,3.649455797593051e-14,0
-0.006449897773563862,-5.335837674480537e-12,3.9484350598577294,3.441560753673019e-14,0
-0.006898602936416864,-5.1387873990782484e-12,3.950415059887746,3.5450453840903186e-14,0
-0.009161988273262978,-4.239261285760021e-12,3.9524400599184446,3.8840062187431044e-14,0
-0.01435778196901083,-2.9075457319560627e-12,3.9544650599491433,4.174590768435315e-14,0
-0.018311724066734314,-2.04324925034971e-12,3.956490059979842,3.741541647196563e-14,0
-0.017607945948839188,-2.1851481128015715e-12,3.9584700600098586,3.847596986041803e-14,0
-0.01211673952639103,-3.453450633100763e-12,3.9604950600405573,4.184456178853214e-14,0
-0.008191345259547234,-4.602774324874437e-12,3.962520060071256,3.7702913646825937e-14,0
-0.0064368643797934055,-5.2979413391052166e-12,3.9645000601012725,3.4102129891921344e-14,0
-0.006428486667573452,-5.302155416109233e-12,3.9665250601319713,3.4084835401860575e-14,0
-0.008219894021749496,-4.5096717159187616e-12,3.96855006016267,3.706902357773342e-14,0
-0.012454353272914886,-3.3595745543152367e-12,3.9705300601926865,4.184132834613754e-14,0
-0.017655111849308014,-2.1824265485081984e-12,3.9725550602233852,3.8530984816811484e-14,0
-0.018119022250175476,-2.080744430921211e-12,3.974580060254084,3.770105464079013e-14,0
-0.01389914657920599,-3.041597572764343e-12,3.9765600602841005,4.227561049880876e-14,0
-0.008919326588511467,-4.323149043611307e-12,3.978585060314799,3.8559578210780253e-14,0
-0.006664009764790535,-5.190305650548677e-12,3.980610060345498,3.458824753750387e-14,0
-0.006399627774953842,-5.345356535874091e-12,3.9825900603755144,3.4208292154010884e-14,0
-0.007570418994873762,-4.84649343227006e-12,3.984615060406213,3.66899859381882e-14,0
-0.01079637836664915,-3.77343122026641e-12,3.986640060436912,4.0739391194522776e-14,0
-0.016580205410718918,-2.431837283628502e-12,3.9886200604669284,4.032036168800528e-14,0
-0.018383095040917397,-2.0464268300768307e-12,3.990645060497627,3.7619658911585694e-14,0
-0.01572096347808838,-2.659696031123704e-12,3.992670060528326,4.181298416811236e-14,0
-0.010197794996201992,-3.97662935566756e-12,3.9946500605583424,4.05528509449766e-14,0
-0.007092235144227743,-5.02729628759635e-12,3.996675060589041,3.56547674113365e-14,0
-0.006342841312289238,-5.3695199328518406e-12,3.99870006061974,3.405801285725319e-14,0
-0.006963767111301422,-5.080679800484322e-12,4.0007250606504385,3.5380670897666195e-14,0
-0.009423267096281052,-4.141420279629715e-12,4.002705060680455,3.9025709452905766e-14,0
-0.015042941085994244,-2.7655087421474267e-12,4.004730060711154,4.1601385080925786e-14,0
-0.018276039510965347,-2.0619968406354605e-12,4.0067550607418525,3.768513573093939e-14,0
-0.017071733251214027,-2.3423129755228977e-12,4.008735060771869,3.998734230898432e-14,0
-0.011345934122800827,-3.6326651322443615e-12,4.010760060802568,4.121597928064008e-14,0
-0.0075418706983327866,-4.794063583613006e-12,4.0127850608332665,3.6156207667195205e-14,0
-0.006213442888110876,-5.363593250096166e-12,4.014765060863283,3.332638033452952e-14,0
-0.006442760583013296,-5.264024893064656e-12,4.016790060893982,3.391485208903775e-14,0
-0.00853392481803894,-4.41180295421284e-12,4.01881506092468,3.764999472325447e-14,0
-0.01289374940097332,-3.2213090701838087e-12,4.020795060954697,4.1534751894032406e-14,0
-0.017812129110097885,-2.1477910595868455e-12,4.022820060985396,3.825673165487483e-14,0
-0.017926320433616638,-2.1252303302604636e-12,4.024845061016094,3.8097559895489985e-14,0
-0.012901196256279945,-3.2677291861987756e-12,4.026825061046111,4.2157615543524357e-14,0
-0.008291264995932579,-4.4791670372745784e-12,4.02885006107681,3.713796086708975e-14,0
-0.0064142122864723206,-5.281501798404253e-12,4.030875061107508,3.387667372635022e-14,0
-0.006153864320367575,-5.3592824622583635e-12,4.032855061137525,3.2980297127263426e-14,0
-0.007620378863066435,-4.729558758520547e-12,4.034880061168224,3.60410295950607e-14,0
-0.011246014386415482,-3.5986652026365196e-12,4.036905061198922,4.0470640640743083e-14,0
-0.016870032995939255,-2.333042830107712e-12,4.038930061229621,3.9358509524856606e-14,0
-0.018024999648332596,-2.0899870376012153e-12,4.040910061259638,3.767201561778159e-14,0
-0.01477173250168562,-2.820162939981552e-12,4.042935061290336,4.165869256057476e-14,0
-0.009226221591234207,-4.159822226262877e-12,4.044960061321035,3.8379441639642503e-14,0
-0.0065187858417630196,-5.145750579110819e-12,4.0469400613510516,3.354404602035147e-14,0
-0.005971712991595268,-5.392080445337788e-12,4.04896506138175,3.219995684715047e-14,0
-0.006942356005311012,-4.978997682897335e-12,4.050990061412449,3.456597446429193e-14,0
-0.009728609584271908,-3.986907592262723e-12,4.0529700614424655,3.878706741369356e-14,0
-0.015471165999770164,-2.619658613298159e-12,4.054995061473164,4.052917326906354e-14,0
-0.0180619265884161,-2.072800698443844e-12,4.057020061503863,3.743877404771033e-14,0
-0.01617804728448391,-2.4812413408625833e-12,4.0590000615338795,4.014163973669113e-14,0
-0.010603677481412888,-3.782328183293826e-12,4.061025061564578,4.010658818450606e-14,0
-0.006963767111301422,-4.932287217540576e-12,4.063050061595277,3.434729950900147e-14,0
-0.005937890149652958,-5.393102631146007e-12,4.0650300616252935,3.2023650989549326e-14,0
-0.006442760583013296,-5.210641813857553e-12,4.067055061655992,3.3570917690522345e-14,0
-0.008505376987159252,-4.309485494152776e-12,4.069080061686691,3.665379874846364e-14,0
-0.01362359244376421,-3.014408601204055e-12,4.071060061716707,4.1067074241781404e-14,0
-0.017726482823491096,-2.1141088012155418e-12,4.073085061747406,3.7475713351738654e-14,0
-0.01727684773504734,-2.223416980043358e-12,4.075110061778105,3.8413636615727885e-14,0
-0.01188090443611145,-3.4696559861324694e-12,4.077090061808121,4.1222651197421904e-14,0
-0.007820216938853264,-4.604680785974535e-12,4.07911506183882,3.600960268049022e-14,0
-0.005871794186532497,-5.346005756134975e-12,4.081140061869519,3.1390645520042614e-14,0
-0.005914616864174604,-5.358398620647353e-12,4.0831650619002176,3.1692874846650774e-14,0
-0.0077401576563715935,-4.5920259782172845e-12,4.085145061930234,3.554300503355577e-14,0
-0.011852666735649109,-3.4324786936379414e-12,4.087170061960933,4.068402603290674e-14,0
-0.017048461362719536,-2.2440710314292067e-12,4.0891950619916315,3.825795827451901e-14,0
-0.017615392804145813,-2.128117777486227e-12,4.091175062021648,3.7487630583905663e-14,0
-0.013586977496743202,-3.043862904783534e-12,4.093200062052347,4.1356896790465275e-14,0
-0.008362635038793087,-4.3447563255472055e-12,4.0952250620830455,3.6333611483038965e-14,0
-0.005975126754492521,-5.231295431562533e-12,4.097205062113062,3.125765329378379e-14,0
-0.005650544539093971,-5.401295296442177e-12,4.099230062143761,3.0520259641345295e-14,0
-0.006778202950954437,-4.906866579723612e-12,4.1012550621744595,3.3259737530622295e-14,0
-0.00979563593864441,-3.8516264830312785e-12,4.103235062204476,3.772913079941576e-14,0
-0.015756649896502495,-2.4985937797927793e-12,4.105260062235175,3.9369467421773673e-14,0
-0.0176265649497509,-2.09313686175272e-12,4.107285062265873,3.6894812842402093e-14,0
-0.015150307677686214,-2.6592953100007533e-12,4.10926506229589,4.0289142152339354e-14,0
-0.009497430175542831,-4.000308764795513e-12,4.111290062326589,3.799265317425737e-14,0
-0.006392801180481911,-5.0574835118444295e-12,4.113315062357287,3.233148656478687e-14,0
-0.005461256951093674,-5.413991737562851e-12,4.115295062387304,2.9567200009928837e-14,0
-0.0060930438339710236,-5.1598009719044935e-12,4.117320062418003,3.143889349638037e-14,0
-0.008541062474250793,-4.226233512455435e-12,4.119345062448701,3.609652446065424e-14,0
-0.014008063822984695,-2.839228418344275e-12,4.1213700624794,3.9772092892198496e-14,0
-0.017488786950707436,-2.1022552188637578e-12,4.123350062509417,3.676589363872109e-14,0
-0.016284793615341187,-2.363547291911461e-12,4.125375062540115,3.848987984887671e-14,0
-0.010703597217798233,-3.661581021024984e-12,4.127400062570814,3.9192088429385836e-14,0
-0.006846470758318901,-4.82578386973298e-12,4.129380062600831,3.303958815009388e-14,0
-0.005415021441876888,-5.3939869064378865e-12,4.131405062631529,2.920855475556434e-14,0
-0.005643407814204693,-5.328529284476247e-12,4.133430062662228,3.007106380223179e-14,0
-0.0077178156934678555,-4.47929150368398e-12,4.1354100626922445,3.457034626274945e-14,0
-0.011988271027803421,-3.306329602464908e-12,4.137435062722943,3.963717538159886e-14,0
-0.016912855207920074,-2.1986319015399047e-12,4.139460062753642,3.7185143006258394e-14,0
-0.017138760536909103,-2.1592855541791023e-12,4.1414400627836585,3.70074780438827e-14,0
-0.012173835188150406,-3.2751895813476484e-12,4.143465062814357,3.98716181732736e-14,0
-0.0075418706983327866,-4.506176681795537e-12,4.145490062845056,3.398500187794423e-14,0
-0.005565520375967026,-5.314188759181215e-12,4.1474700628750725,2.957622582095798e-14,0
-0.005343650467693806,-5.395893367537985e-12,4.149495062905771,2.883376811707026e-14,0
-0.006863848306238651,-4.787708424158765e-12,4.15152006293647,3.2862104357926663e-14,0
-0.01010097935795784,-3.691477245409969e-12,4.153500062966486,3.728753545625716e-14,0
-0.01594221219420433,-2.4023135911099835e-12,4.155525062997185,3.8298193026496376e-14,0
-0.017176927998661995,-2.120463960669783e-12,4.157550063027884,3.64230567761825e-14,0
-0.014092778787016869,-2.813476231502965e-12,4.1595300630579,3.9649698153101144e-14,0
-0.008541062474250793,-4.167766392421113e-12,4.161555063088599,3.559715313575157e-14,0
-0.005714778788387775,-5.1563055041004e-12,4.163580063119298,2.94671453212801e-14,0
-0.005158086307346821,-5.430528856459338e-12,4.165605063149997,2.80111365361547e-14,0
-0.006079390179365873,-5.036994692869667e-12,4.167585063180013,3.062185606934988e-14,0
-0.008705214597284794,-4.0708504275843715e-12,4.169610063210712,3.5437626565570516e-14,0
-0.014614716172218323,-2.671770790718675e-12,4.1716350632414105,3.9047171783576755e-14,0
-0.01717599667608738,-2.1068971220450372e-12,4.173615063271427,3.6188057965103625e-14,0
-0.01557108573615551,-2.481117308134051e-12,4.175640063302126,3.8633690326414676e-14,0
-0.009761502966284752,-3.803935465229724e-12,4.1776650633328245,3.713212732739572e-14,0
-0.006183653604239225,-4.9358655183906475e-12,4.179645063362841,3.052168260283644e-14,0
-0.004979659337550402,-5.425126927555146e-12,4.18167006339354,2.7015283962196105e-14,0
-0.005507803522050381,-5.255127496356371e-12,4.1836950634242385,2.894420973325542e-14,0
-0.0077401576563715935,-4.369541187210224e-12,4.185675063454255,3.382093767501624e-14,0
-0.012673430144786835,-3.0880311328862486e-12,4.187700063484954,3.9135946847560823e-14,0
-0.016962815076112747,-2.1506507512369932e-12,4.189725063515652,3.6481090986536074e-14,0
-0.016580205410718918,-2.228915402940901e-12,4.191705063545669,3.695587522387546e-14,0
-0.011217466555535793,-3.4674318537958326e-12,4.193730063576368,3.889580085355423e-14,0
-0.007035138085484505,-4.619297565983116e-12,4.195755063607066,3.249739623463369e-14,0
-0.0051484666764736176,-5.3715504266804714e-12,4.197735063637083,2.765524837276205e-14,0
-0.005115264095366001,-5.397164486165007e-12,4.199760063667782,2.7607921712864353e-14,0
-0.006778202950954437,-4.661876787381836e-12,4.20178506369848,3.159914699721755e-14,0
-0.010974805802106857,-3.481095403254364e-12,4.203810063729179,3.8204346029323504e-14,0
-0.016304653137922287,-2.2866088363049375e-12,4.205790063759196,3.728236393806013e-14,0
-0.016977090388536453,-2.1535106597275755e-12,4.207815063789894,3.656034512287182e-14,0
-0.013016010634601116,-3.041321101210359e-12,4.209840063820593,3.958586779659081e-14,0
-0.007844421081244946,-4.3294213700195705e-12,4.21182006385061,3.396180426457389e-14,0
-0.005464980378746986,-5.243688296074911e-12,4.213845063881308,2.8656653650314606e-14,0
-0.0050438931211829185,-5.426398046182168e-12,4.215870063912007,2.7370171777938667e-14,0
-0.006176206283271313,-4.964712235072666e-12,4.2178500639420236,3.066308690088976e-14,0
-0.009247632697224617,-3.906570813366761e-12,4.219875063972722,3.6126531987713825e-14,0
-0.014992981217801571,-2.5440326928416468e-12,4.221900064003421,3.8142634381247963e-14,0
-0.017027048394083977,-2.1155180471993384e-12,4.2238800640334375,3.6021028168221166e-14,0
-0.014693224802613258,-2.6584251293371164e-12,4.225905064064136,3.906083804626648e-14,0
-0.008955013006925583,-3.993636150945168e-12,4.227930064094835,3.57630636766422e-14,0
-0.005930442828685045,-5.0668367071460274e-12,4.2299100641248515,3.004858541401231e-14,0
-0.004986796528100967,-5.4413327142677215e-12,4.23193506415555,2.7134819087752487e-14,0
-0.0056077223271131516,-5.191258447417857e-12,4.233960064186249,2.911113590139987e-14,0
-0.007889105007052422,-4.289300685467179e-12,4.2359400642162655,3.3838743514472505e-14,0
-0.013301494531333447,-2.9199383796280065e-12,4.237965064246964,3.8839544388452574e-14,0
-0.017027050256729126,-2.140482669582555e-12,4.239990064277663,3.644610598863989e-14,0
-0.01593228243291378,-2.353586509712402e-12,4.241970064307679,3.749800500303376e-14,0
-0.010368154384195805,-3.646646352939431e-12,4.243995064338378,3.7808992371840604e-14,0
-0.00647844560444355,-4.812493285821784e-12,4.246020064369077,3.1177475973946234e-14,0
-0.0049225627444684505,-5.427351276732217e-12,4.248045064399776,2.6716477195985293e-14,0
-0.005118677392601967,-5.372545290593944e-12,4.250025064429792,2.7500326119693386e-14,0
-0.007113646250218153,-4.5328680045586545e-12,4.252050064460491,3.2245219483362514e-14,0
-0.011410168372094631,-3.373376014290108e-12,4.2540750644911896,3.849078830543564e-14,0
-0.01642381213605404,-2.233889071986961e-12,4.256055064521206,3.668897445109794e-14,0
-0.01672729291021824,-2.193229972635713e-12,4.258080064551905,3.6686800171747503e-14,0
-0.011767021380364895,-3.279955950938329e-12,4.2601050645826035,3.859531180134639e-14,0
-0.007136919070035219,-4.524053440896347e-12,4.26208506461262,3.228780327619159e-14,0
-0.005065304227173328,-5.335837674480537e-12,4.264110064643319,2.7027641128056966e-14,0
-0.004858328960835934,-5.444510293994842e-12,4.2661350646740175,2.6451222038884504e-14,0
-0.006176206283271313,-4.86490925669103e-12,4.268115064704034,3.004668311871991e-14,0
-0.009654446505010128,-3.7753376813665085e-12,4.270140064734733,3.644879568310193e-14,0
-0.015428343787789345,-2.465547297575421e-12,4.2721650647654315,3.8039311332048556e-14,0
-0.01677383854985237,-2.1589540051547562e-12,4.274145064795448,3.6213945919023025e-14,0
-0.013851049356162548,-2.8398637608173516e-12,4.276170064826147,3.933509311585853e-14,0
-0.008198482915759087,-4.190644792984033e-12,4.278195064856845,3.435692974129437e-14,0
-0.005461256951093674,-5.1832180041067044e-12,4.280175064886862,2.8306885353961617e-14,0
-0.004701313097029924,-5.476286091266047e-12,4.282200064917561,2.574573552395188e-14,0
-0.005579173564910889,-5.116903428747932e-12,4.284225064948259,2.854809234387235e-14,0
-0.00820561870932579,-4.142027866527176e-12,4.286250064978958,3.398790135612418e-14,0
-0.013988516293466091,-2.7484880690820113e-12,4.288230065008975,3.844727013675087e-14,0
-0.0167558416724205,-2.1690806702862053e-12,4.290255065039673,3.6344772286023393e-14,0
-0.01524277962744236,-2.5173413700785296e-12,4.292280065070372,3.837127975115085e-14,0
-0.009467951022088528,-3.837700556647006e-12,4.294260065100389,3.633516090777573e-14,0
-0.005857519805431366,-4.967240160858033e-12,4.296285065131087,2.909570762056001e-14,0
-0.0046370793133974075,-5.479463670993168e-12,4.298310065161786,2.5408707637275036e-14,0
-0.005088887643069029,-5.32546229337072e-12,4.300290065191803,2.7100679258364307e-14,0
-0.00719929113984108,-4.4508871414883355e-12,4.302315065222501,3.2043232362149564e-14,0
-0.012045367620885372,-3.1763675890916776e-12,4.3043400652532,3.8260515309674626e-14,0
-0.016520626842975616,-2.2196313797379075e-12,4.3063200652832165,3.666970175360908e-14,0
-0.016263382509350777,-2.2669496488325613e-12,4.308345065313915,3.6868269268402363e-14,0
-0.010889161378145218,-3.4963477425764555e-12,4.310370065344614,3.807229480302876e-14,0
-0.006675181444734335,-4.642093133500058e-12,4.3123500653746305,3.0986813949468254e-14,0
-0.0048012323677539825,-5.422267669585867e-12,4.314375065405329,2.6033567041841623e-14,0
-0.004658490419387817,-5.462304220049674e-12,4.316400065436028,2.544609187688305e-14,0
-0.006429417058825493,-4.746869997768188e-12,4.3183800654660445,3.051960693967772e-14,0
-0.010368154384195805,-3.5938986162054043e-12,4.320405065496743,3.72620956939653e-14,0
-0.01563531905412674,-2.3848371194512552e-12,4.322430065527442,3.728768925474494e-14,0
-0.01651317998766899,-2.214326378507936e-12,4.324410065557458,3.65655700397448e-14,0
-0.012966050766408443,-3.0362368435427056e-12,4.326435065588157,3.936800105221445e-14,0
-0.00769174937158823,-4.3536537222554905e-12,4.328460065618856,3.348721328227143e-14,0
-0.0050438931211829185,-5.301202185559184e-12,4.330485065649555,2.6738697237741822e-14,0
-0.004612254910171032,-5.504510475901059e-12,4.332465065679571,2.5388205470562542e-14,0
-0.005679092835634947,-5.04699710843215e-12,4.33449006571027,2.8662365119967314e-14,0
-0.008698077872395515,-3.99586006644137e-12,4.336515065740969,3.4756302025102556e-14,0
-0.014554516412317753,-2.63376430040263e-12,4.338495065770985,3.8333165736386664e-14,0
-0.0165345910936594,-2.190688169062538e-12,4.340520065801684,3.622213308916646e-14,0
-0.014414878562092781,-2.703864042385984e-12,4.3425450658323825,3.8975871819403246e-14,0
-0.008678528480231762,-4.01542297676083e-12,4.344525065862399,3.484796266399586e-14,0
-0.005422158166766167,-5.112137275997686e-12,4.346550065893098,2.7718816880680597e-14,0
-0.004401555750519037,-5.516323075410723e-12,4.3485750659237965,2.4280403554294928e-14,0
-0.005036755930632353,-5.281363020526175e-12,4.350555065953813,2.660093651545761e-14,0
-0.007349169813096523,-4.377802807764564e-12,4.352580065984512,3.217321624251253e-14,0
-0.012744802050292492,-3.018442700647439e-12,4.3546050660152105,3.846945471990189e-14,0
-0.016416363418102264,-2.217310536567485e-12,4.356585066045227,3.6400175579079164e-14,0
-0.015513988211750984,-2.422014411945783e-12,4.358610066075926,3.757510303561787e-14,0
-0.009832873940467834,-3.703207011873655e-12,4.360635066106624,3.641316772321022e-14,0
-0.005878310650587082,-4.847999172247208e-12,4.362615066136641,2.849804516825812e-14,0
-0.004351596347987652,-5.4924914442977535e-12,4.36464006616734,2.3901105710359527e-14,0
-0.00449433783069253,-5.468024470711708e-12,4.366665066198038,2.4575149237872124e-14,0
-0.006342841312289238,-4.635503352695691e-12,4.368690066228737,2.94022621687335e-14,0
-0.010681875981390476,-3.4713141649350687e-12,4.370670066258754,3.708014740228045e-14,0
-0.015671003609895706,-2.333678389421223e-12,4.372695066289452,3.6571082464955586e-14,0
-0.016042131930589676,-2.2707625710327584e-12,4.374720066320151,3.642787274755252e-14,0
-0.011359588243067265,-3.326749032500631e-12,4.376700066350168,3.7790499197229565e-14,0
-0.006606913637369871,-4.573540764857276e-12,4.378725066380866,3.0216988850402566e-14,0
-0.004451515153050423,-5.402566415069199e-12,4.380750066411565,2.4049606262041838e-14,0
-0.004187753889709711,-5.521089228160969e-12,4.382730066441582,2.3120962890665485e-14,0
-0.005514940246939659,-4.972006747289148e-12,4.38475506647228,2.7420320118680467e-14,0
-0.008833682164549828,-3.887505768684907e-12,4.386780066502979,3.434099037341643e-14,0
-0.014524727128446102,-2.5694396697112376e-12,4.3887600665329956,3.7320410075560405e-14,0
-0.0160992294549942,-2.2294544682610606e-12,4.390785066563694,3.58924990439969e-14,0
-0.013073107227683067,-2.902779362365382e-12,4.392810066594393,3.794834586250812e-14,0
-0.007449709344655275,-4.245865378033065e-12,4.3947900666244095,3.1630462982881225e-14,0
-0.004594257101416588,-5.252585692783196e-12,4.396815066655108,2.4131729119868366e-14,0
-0.004009016789495945,-5.552229682959098e-12,4.398840066685807,2.225898201812077e-14,0
-0.004731412976980209,-5.222675156929535e-12,4.4008200667158235,2.4710633012048553e-14,0
-0.00719929113984108,-4.280251934135615e-12,4.402845066746522,3.081477982571018e-14,0
-0.013058832846581936,-2.8760878227618303e-12,4.404870066777221,3.7558350129536514e-14,0
-0.01594717800617218,-2.2408520351790973e-12,4.4068500668072375,3.573526629049427e-14,0
-0.014686087146401405,-2.556743011750129e-12,4.408875066837936,3.7548550681515185e-14,0
-0.008876504376530647,-3.87320644307243e-12,4.410900066868635,3.4380533943139126e-14,0
-0.005150949116796255,-5.027614609354192e-12,4.412925066899334,2.5896987031644923e-14,0
-0.004016464110463858,-5.5598837166159765e-12,4.41490506692935,2.2331073406140475e-14,0
-0.0043159108608961105,-5.414640957823735e-12,4.416930066960049,2.3369107717724378e-14,0
-0.006407075561583042,-4.5392231640128955e-12,4.418955066990748,2.9083145802718676e-14,0
-0.01112127210944891,-3.292265331883426e-12,4.420935067020764,3.6614178612380705e-14,0
-0.015542536973953247,-2.31302412119494e-12,4.422960067051463,3.595026292531807e-14,0
-0.015542536973953247,-2.3320893827172284e-12,4.4249850670821615,3.624658545744633e-14,0
-0.010287163779139519,-3.533981050504731e-12,4.426965067112178,3.6354641858917694e-14,0
-0.006035947240889072,-4.702232093284353e-12,4.428990067142877,2.838242482947974e-14,0
-0.004016153514385223,-5.4937625629247755e-12,4.4310150671735755,2.206379382428831e-14,0
-0.0039047531317919493,-5.5376684141017485e-12,4.432995067203592,2.162322808278916e-14,0
-0.005436432547867298,-4.852848591724301e-12,4.435020067234291,2.6382184033921973e-14,0
-0.00937610026448965,-3.690496692965173e-12,4.4370450672649895,3.460246701900894e-14,0
-0.014763043262064457,-2.4838939498977863e-12,4.439025067295006,3.6669833840721184e-14,0
-0.01569955237209797,-2.285379351041339e-12,4.441050067325705,3.587943281178477e-14,0
-0.012266617268323898,-3.081676190272442e-12,4.4430750673564035,3.780174237097854e-14,0
-0.0070028663612902164,-4.392088255589233e-12,4.44505506738642,3.0757207100883664e-14,0
-0.004387281835079193,-5.3542673766893145e-12,4.447080067417119,2.3490680001906153e-14,0
-0.0037163961678743362,-5.581144921218417e-12,4.449105067447817,2.074174559756744e-14,0
-0.004808369092643261,-5.138511144364699e-12,4.451130067478516,2.4707858168766173e-14,0
-0.00782952643930912,-4.091020924801292e-12,4.453110067508533,3.203075649449856e-14,0
-0.01355842873454094,-2.7483499417252366e-12,4.455135067539231,3.7263306822461364e-14,0
-0.01577092334628105,-2.2653606421285666e-12,4.45716006756993,3.5726829038691645e-14,0
-0.013727856799960136,-2.7491511671307034e-12,4.459140067599947,3.773995354381357e-14,0
-0.008077152073383331,-4.050832152352468e-12,4.461165067630645,3.27191873183016e-14,0
-0.004629942588508129,-5.166791473831811e-12,4.463190067661344,2.3921947890634587e-14,0
-0.0036291996948421,-5.588398233752345e-12,4.465170067691361,2.0281413164590143e-14,0
-0.004180306568741798,-5.377146210933104e-12,4.467195067722059,2.2478119626648725e-14,0
-0.006449897773563862,-4.463597026715949e-12,4.469220067752758,2.878974452470147e-14,0
-0.011769194155931473,-3.1344371542729732e-12,4.471200067782775,3.688979943820395e-14,0
-0.015556811355054379,-2.3009493615999688e-12,4.473225067813473,3.579543515594352e-14,0
-0.014957296662032604,-2.4731733588162497e-12,4.475250067844172,3.6991987624450255e-14,0
-0.009266871958971024,-3.743202796335776e-12,4.4772300678741885,3.468778103010593e-14,0
-0.005429295357316732,-4.872867300637074e-12,4.479255067904887,2.6456235812169383e-14,0
-0.003737807273864746,-5.563986337636662e-12,4.481280067935586,2.0797108604502383e-14,0
-0.0037632526364177465,-5.543967628723889e-12,4.4832600679656025,2.086335079500982e-14,0
-0.005643407814204693,-4.755615172491456e-12,4.485285067996301,2.6837875825788683e-14,0
-0.009847147390246391,-3.584048422627939e-12,4.487310068027,3.5292653071397405e-14,0
-0.015016255900263786,-2.4212268474876897e-12,4.4892900680570165,3.635776193446411e-14,0
-0.015378383919596672,-2.3349492912078107e-12,4.491315068087715,3.590774663298384e-14,0
-0.01102476567029953,-3.339693972759239e-12,4.493340068118414,3.681934346018231e-14,0
-0.005993125028908253,-4.6237462643372584e-12,4.495365068149113,2.7710689464120657e-14,0
-0.0038749633822590113,-5.465385522623878e-12,4.497345068179129,2.1178168770096056e-14,0
-0.0034737354144454002,-5.594491016280845e-12,4.499370068209828,1.943378156905141e-14,0
-0.004786957986652851,-5.064474013771747e-12,4.501395068240527,2.4243424328420486e-14,0
-0.00804550014436245,-3.9902235161870525e-12,4.503375068270543,3.210334387552137e-14,0
-0.013751129619777203,-2.6593783598871656e-12,4.505400068301242,3.656945653483892e-14,0
-0.015392659232020378,-2.2977717818728483e-12,4.507425068331941,3.536881803132101e-14,0
-0.012566063553094864,-2.941131062653146e-12,4.509405068361957,3.6958439851280867e-14,0
-0.007020864170044661,-4.279934046058642e-12,4.511430068392656,3.0048835594127395e-14,0
-0.004023290704935789,-5.306604114463376e-12,4.5134550684233545,2.1350011008494514e-14,0
-0.0033983306493610144,-5.622881500688681e-12,4.515435068453371,1.91084105415154e-14,0
-0.004066113382577896,-5.3209030063949836e-12,4.51746006848407,2.1635394921701604e-14,0
-0.006521268747746944,-4.37017696336417e-12,4.5194850685147685,2.84990984533104e-14,0
-0.012149009853601456,-2.992856396738519e-12,4.521465068544785,3.6360241854390416e-14,0
-0.015371247194707394,-2.3117532194083523e-12,4.523490068575484,3.553453018868642e-14,0
-0.014000928029417992,-2.6133036706843527e-12,4.5255150686061825,3.658867661226548e-14,0
-0.008291264064610004,-3.908988584211404e-12,4.527495068636199,3.241045657724275e-14,0
-0.004651353694498539,-5.066063020475742e-12,4.529520068666898,2.356405094685227e-14,0
-0.0033095828257501125,-5.622453457670984e-12,4.531545068697596,1.8607975402087226e-14,0
-0.0035736546851694584,-5.494080017320879e-12,4.533570068728295,1.963394479459466e-14,0
-0.00564744183793664,-4.6311513651753344e-12,4.535550068758312,2.615415797750857e-14,0
-0.010361017659306526,-3.436927391992084e-12,4.53757506878901,3.5610065402184305e-14,0
-0.014971571043133736,-2.3930987400055947e-12,4.539600068819709,3.582844779922759e-14,0
-0.014993912540376186,-2.3844225205404967e-12,4.541580068849726,3.575182273228755e-14,0
-0.009882832877337933,-3.5665719509692106e-12,4.543605068880424,3.524783453642981e-14,0
-0.0055292146280407906,-4.756568403041506e-12,4.545630068911123,2.6300087593373716e-14,0
-0.0034728043247014284,-5.560546814664669e-12,4.54761006894114,1.9310691025672213e-14,0
-0.0032810342963784933,-5.605612762166201e-12,4.549635068971838,1.8392207724884284e-14,0
-0.004908288829028606,-4.948493004253152e-12,4.551660069002537,2.4288632933301952e-14,0
-0.008544474840164185,-3.815817019997558e-12,4.553640069032554,3.260415252203941e-14,0
-0.014022339135408401,-2.583434768194115e-12,4.555665069063252,3.622579845382307e-14,0
-0.015178545378148556,-2.3463887083297053e-12,4.557690069093951,3.561476748415781e-14,0
-0.011836220510303974,-3.1009485344096754e-12,4.5596700691239676,3.670351064437685e-14,0
-0.00645703449845314,-4.4292794258715684e-12,4.561695069154666,2.8600010056141436e-14,0
-0.0038520009256899357,-5.4105101475465656e-12,4.563720069185365,2.084129009680416e-14,0
-0.003249382833018899,-5.6517286510515685e-12,4.5657000692153815,1.8364630055608026e-14,0
-0.004137483891099691,-5.230343068374221e-12,4.56772506924608,2.1640460190323273e-14,0
-0.007028001360595226,-4.211298844369882e-12,4.569750069276779,2.9597014008104633e-14,0
-0.012737355194985867,-2.859233032628805e-12,4.5717300693067955,3.6419066721829705e-14,0
-0.015228505246341228,-2.333042830107712e-12,4.573755069337494,3.552875497823408e-14,0
-0.013358591124415398,-2.763602281047328e-12,4.575780069368193,3.6917832903012986e-14,0
-0.007613241672515869,-4.086738759900843e-12,4.577805069398892,3.1113329831562924e-14,0
-0.004210096318274736,-5.219359666686074e-12,4.579785069428908,2.1974006916466696e-14,0
-0.0030312365852296352,-5.65740683466931e-12,4.581810069459607,1.7148938574777798e-14,0
-0.0035593805368989706,-5.462304220049674e-12,4.583835069490306,1.9442419327465922e-14,0
-0.005893205292522907,-4.550910863432289e-12,4.585815069520322,2.681945198617916e-14,0
-0.010946257971227169,-3.243731672153416e-12,4.587840069551021,3.5506723672831364e-14,0
-0.015007256530225277,-2.3673604309520924e-12,4.58986506958172,3.5527585286802714e-14,0
-0.0144055699929595,-2.500472485317262e-12,4.591845069611736,3.6020731402707214e-14,0
-0.00886223092675209,-3.7664402846582234e-12,4.593870069642435,3.3379063574463055e-14,0
-0.004894014447927475,-4.917670437531996e-12,4.5958950696731335,2.4067150171427414e-14,0
-0.003070645732805133,-5.619897776310001e-12,4.59787506970315,1.725671512562736e-14,0
-0.0030098254792392254,-5.6218181151979074e-12,4.599900069733849,1.69206914027713e-14,0
-0.0048797400668263435,-4.84744666282011e-12,4.6019250697645475,2.3654279702366938e-14,0
-0.00905834510922432,-3.699767055220793e-12,4.603905069794564,3.351376680992853e-14,0
-0.014172217808663845,-2.5160702514515076e-12,4.605930069825263,3.5658295625470375e-14,0
-0.014650402590632439,-2.3994538994598358e-12,4.6079550698559615,3.5152965624749485e-14,0
-0.010525479912757874,-3.3453168620661833e-12,4.609935069885978,3.5211065433487814e-14,0
-0.005557762458920479,-4.627241732141352e-12,4.611960069916677,2.5717110387245374e-14,0
-0.0032453490421175957,-5.509332573483405e-12,4.6139850699473755,1.7879707190061638e-14,0
-0.002859946805983782,-5.666939140169802e-12,4.616010069978074,1.6207144493633105e-14,0
-0.00402391143143177,-5.154703053289467e-12,4.617990070008091,2.0742068541767735e-14,0
-0.007156468462198973,-4.0991307570514834e-12,4.620015070038789,2.933529998526874e-14,0
-0.012987462803721428,-2.745490250075089e-12,4.622040070069488,3.565695250083006e-14,0
-0.014755596406757832,-2.367512436096675e-12,4.624020070099505,3.4934057995022576e-14,0
-0.012088190764188766,-2.969825774190582e-12,4.626045070130203,3.5899820494820347e-14,0
-0.006428486667573452,-4.314569534979995e-12,4.628070070160902,2.7736152731937487e-14,0
-0.0033461989369243383,-5.348008928068859e-12,4.630050070190919,1.7895501789765887e-14,0
-0.0025887377560138702,-5.6920423235906625e-12,4.632075070221617,1.4735204871908068e-14,0
-0.0032524862326681614,-5.4003424995729965e-12,4.634100070252316,1.7564539631553937e-14,0
-0.005535731092095375,-4.484264955889605e-12,4.636080070282333,2.4823684941511783e-14,0
-0.011117547750473022,-3.0997882212446815e-12,4.638105070313031,3.446204356604158e-14,0
-0.01447911188006401,-2.3842015601377442e-12,4.64013007034373,3.452112113385756e-14,0
-0.013228882104158401,-2.6579688970629345e-12,4.642110070373747,3.51619571757655e-14,0
-0.007656063884496689,-3.94184164476119e-12,4.644135070404445,3.0178991454861176e-14,0
-0.0038377265445888042,-5.10641789269739e-12,4.646160070435144,1.9597035494568e-14,0
-0.0024674073792994022,-5.6809071335983674e-12,4.6481400704651605,1.4017112182555227e-14,0
-0.00263155996799469,-5.593219897653823e-12,4.650165070495859,1.4718893574857157e-14,0
-0.00475127249956131,-4.735913917974788e-12,4.652190070526558,2.2501617558763266e-14,0
-0.009073239751160145,-3.5658119252462983e-12,4.6541700705565745,3.23534665053056e-14,0
-0.013929557055234909,-2.472219911425766e-12,4.656195070587273,3.4436928309293e-14,0
-0.014143669977784157,-2.452201419353428e-12,4.658220070617972,3.468312759438878e-14,0
-0.009076342917978764,-3.5973940840094976e-12,4.660245070648671,3.2651182317578304e-14,0
-0.004537781234830618,-4.816831395554333e-12,4.662225070678687,2.185772711808943e-14,0
-0.0024602701887488365,-5.595444246830894e-12,4.664250070709386,1.3766304673284235e-14,0
-0.0024388590827584267,-5.675201194405011e-12,4.666275070740085,1.3841015979456132e-14,0
-0.003941989969462156,-5.041968578756162e-12,4.668255070770101,1.9875389563800154e-14,0
-0.007470499724149704,-3.933262569810747e-12,4.6702800708008,2.938343694277954e-14,0
-0.013073108159005642,-2.6647802887913574e-12,4.672305070831499,3.4836960935355705e-14,0
-0.014293858781456947,-2.410285079162966e-12,4.674285070861515,3.4452274544608215e-14,0
-0.011160369962453842,-3.130928242361941e-12,4.676310070892214,3.494231751065461e-14,0
-0.005636270623654127,-4.474400884524332e-12,4.678335070922913,2.5218934263896536e-14,0
-0.0030259613413363695,-5.459417640185649e-12,4.680315070952929,1.6519986725411603e-14,0
-0.0023532141931355,-5.715556066626659e-12,4.682340070983628,1.3449927657647566e-14,0
-0.0033381308894604445,-5.315183623094688e-12,4.6843650710143265,1.774277863540666e-14,0
-0.006004916038364172,-4.331410664165647e-12,4.686345071044343,2.6009757365989903e-14,0
-0.011802706867456436,-2.955526882258974e-12,4.688370071075042,3.4883217430190105e-14,0
-0.014414878562092781,-2.399771570696374e-12,4.6903950711057405,3.459241576835088e-14,0
-0.01285651233047247,-2.782308237969655e-12,4.692375071135757,3.5770780168632e-14,0
-0.0069780414924025536,-4.101037651832451e-12,4.694400071166456,2.861721089639198e-14,0
-0.003409501863643527,-5.241146058820867e-12,4.6964250711971545,1.7869697255177673e-14,0
-0.00237462529912591,-5.720004331299933e-12,4.698450071227853,1.3582866996214602e-14,0
-0.0028174344915896654,-5.530373468204397e-12,4.70043007125787,1.558146496069143e-14,0
-0.005058167036622763,-4.645671434350129e-12,4.702455071288568,2.3498582112209813e-14,0
-0.010089808143675327,-3.333974372618509e-12,4.704480071319267,3.363916177565107e-14,0
-0.014256621710956097,-2.4434421500019177e-12,4.706460071349284,3.483523040518258e-14,0
-0.013779677450656891,-2.547210489409202e-12,4.708485071379982,3.509973894298868e-14,0
-0.008312675170600414,-3.804253353306697e-12,4.710510071410681,3.1623522392705945e-14,0
-0.0042845699936151505,-4.9487970145423166e-12,4.712490071440698,2.120346719300025e-14,0
-0.0025601894594728947,-5.668210692477693e-12,4.714515071471396,1.4511693268952947e-14,0
-0.0025102298241108656,-5.6869578490825745e-12,4.716540071502095,1.4275571201228458e-14,0
-0.0043590436689555645,-4.9289023383580766e-12,4.718520071532112,2.148530053292005e-14,0
-0.008369771763682365,-3.772477989716361e-12,4.72054507156281,3.157477975744121e-14,0
-0.01351560652256012,-2.583434768194115e-12,4.722570071593509,3.491668780361297e-14,0
-0.01418214850127697,-2.457699842250971e-12,4.724550071623526,3.4855464134368254e-14,0
-0.010368154384195805,-3.35748833249494e-12,4.726575071654224,3.4810957374443674e-14,0
-0.005150949116796255,-4.659017095731688e-12,4.728600071684923,2.399835999439779e-14,0
-0.002698276424780488,-5.546620454599527e-12,4.7305800717149395,1.4966315209851136e-14,0
-0.0024531332310289145,-5.7317618533392345e-12,4.732605071745638,1.4060775474770355e-14,0
-0.0035736546851694584,-5.247183763879004e-12,4.734630071776337,1.8751622841731316e-14,0
-0.0065560233779251575,-4.205745127161542e-12,4.7366100718063535,2.7572963375265884e-14,0
-0.01244504377245903,-2.8474900388986146e-12,4.738635071837052,3.5437138175734326e-14,0
-0.01431495975703001,-2.4248743204363654e-12,4.740660071867751,3.4711978312902065e-14,0
-0.011802706867456436,-3.0073209547620827e-12,4.74268507189845,3.549452768541608e-14,0
-0.006101732142269611,-4.340694470528206e-12,4.744665071928466,2.6485754970593925e-14,0
-0.003138292580842972,-5.384454600937394e-12,4.746690071959165,1.6897993926007628e-14,0
-0.002167650032788515,-5.75114521977893e-12,4.748715071989864,1.246647012422531e-14,0
-0.002914250595495105,-5.4832900373003035e-12,4.75069507201988,1.5979681256474785e-14,0
-0.005193771794438362,-4.567503493480007e-12,4.752720072050579,2.3722570815435146e-14,0
-0.010824928060173988,-3.1852645521190937e-12,4.754745072081278,3.448025962931151e-14,0
-0.014204489067196846,-2.4510684280831807e-12,4.756725072111294,3.48161746896589e-14,0
-0.01312306709587574,-2.694649191281595e-12,4.758750072141993,3.5362062137035673e-14,0
-0.007491910830140114,-3.989187452591025e-12,4.760775072172692,2.9886636679525755e-14,0
-0.0036366472486406565,-5.137792535164776e-12,4.762755072202708,1.8684339087093485e-14,0
-0.002303254557773471,-5.726359924435043e-12,4.764780072233407,1.318926459540636e-14,0
-0.002303254557773471,-5.663126217969605e-12,4.7668050722641055,1.3043621272784932e-14,0
-0.004351596347987652,-4.830757755619475e-12,4.768785072294122,2.1021507807366732e-14,0
-0.008569610305130482,-3.65999201432099e-12,4.770810072324821,3.136470528262042e-14,0
-0.013608388602733612,-2.5402197706414498e-12,4.7728350723555195,3.4568297775235695e-14,0
-0.013854462653398514,-2.499477838244224e-12,4.774815072385536,3.462892236295185e-14,0
-0.00894787535071373,-3.599300545109596e-12,4.776840072416235,3.2206092627396646e-14,0
-0.004294499754905701,-4.84331585254294e-12,4.7788650724469335,2.079961874167655e-14,0
-0.0022104724775999784,-5.648827759718866e-12,4.780890072477632,1.2486578293561298e-14,0
-0.001983327092602849,-5.736611272816328e-12,4.782870072507649,1.1377576557107536e-14,0
-0.003423776011914015,-5.133109215460507e-12,4.7848950725383474,1.7574616198428453e-14,0
-0.006906670983880758,-4.023187165358433e-12,4.786920072569046,2.7786830057702566e-14,0
-0.012513932771980762,-2.7405304588168367e-12,4.788900072599063,3.429481392119949e-14,0
-0.013858186081051826,-2.4661826400484976e-12,4.790925072629761,3.4176817935651737e-14,0
-0.010824928060173988,-3.1766850434877814e-12,4.79295007266046,3.438738706558591e-14,0
-0.005185703746974468,-4.516095830631173e-12,4.794930072690477,2.3419135070599846e-14,0
-0.0025673264171928167,-5.501706295402142e-12,4.796955072721175,1.4124675911821947e-14,0
-0.001989223062992096,-5.778789773092097e-12,4.798980072751874,1.149530189281766e-14,0
-0.0027355130296200514,-5.390782004816019e-12,4.800960072781891,1.4746554414015523e-14,0
-0.0053650615736842155,-4.42006457476718e-12,4.802985072812589,2.3713918603286258e-14,0
-0.011117547750473022,-3.0362368435427056e-12,4.805010072843288,3.375550808983152e-14,0
-0.013847014866769314,-2.460020902261828e-12,4.806990072873305,3.4063946006182794e-14,0
-0.012188109569251537,-2.8242937502587218e-12,4.809015072904003,3.442280168390564e-14,0
-0.006506994366645813,-4.1401214054270774e-12,4.811040072934702,2.693974666234374e-14,0
-0.002958934986963868,-5.274068508309693e-12,4.813020072964719,1.5605625832881888e-14,0
-0.0016323690069839358,-5.7714813830878064e-12,4.815045072995417,9.421187334137315e-15,0
-0.002167650032788515,-5.604659097935283e-12,4.817070073026116,1.2148939477407865e-14,0
-0.004314359277486801,-4.736590893811288e-12,4.8190500730561325,2.043535486637423e-14,0
-0.009147713892161846,-3.4515441720006645e-12,4.821075073086831,3.1573738571620736e-14,0
-0.013415686786174774,-2.5151170209014584e-12,4.82310007311753,3.374202218299096e-14,0
-0.01318730041384697,-2.58597657176729e-12,4.825125073148229,3.410204991506535e-14,0
-0.0077178156934678555,-3.833390202490072e-12,4.827105073178245,2.95853990639638e-14,0
-0.003666436765342951,-4.962156553711683e-12,4.829130073208944,1.8193433223915987e-14,0
-0.00174656230956316,-5.720640541134747e-12,4.831155073239643,9.991455155704949e-15,0
-0.0016705369343981147,-5.751200297249293e-12,4.833135073269659,9.607592513676359e-15,0
-0.003380953334271908,-5.02221268045e-12,4.835160073300358,1.6979866707390083e-14,0
-0.007549007888883352,-3.849056923882488e-12,4.837185073331057,2.905656108314999e-14,0
-0.012707564979791641,-2.662942782949429e-12,4.839165073361073,3.383951845179706e-14,0
-0.013344316743314266,-2.5160702514515076e-12,4.841190073391772,3.357523838379929e-14,0
-0.009618761017918587,-3.3841798720984917e-12,4.843215073422471,3.255161743136568e-14,0
-0.004470754414796829,-4.6785656945824705e-12,4.845195073452487,2.0916718233971574e-14,0
-0.0020391824655234814,-5.5897248635305985e-12,4.847220073483186,1.1398468928812231e-14,0
-0.0014967645984143019,-5.795948356673852e-12,4.849245073513885,8.675170314506971e-15,0
-0.002646144712343812,-5.334414767549367e-12,4.851225073543901,1.4115633430599502e-14,0
-0.005786149762570858,-4.276756900012391e-12,4.8532500735746,2.4745955921579973e-14,0
-0.011502950452268124,-2.926293322241813e-12,4.8552750736052985,3.3661007094550653e-14,0
-0.013556567020714283,-2.4822359879356215e-12,4.857255073635315,3.3650598531678183e-14,0
-0.01116750668734312,-3.017171582020417e-12,4.859280073666014,3.369428381907463e-14,0
-0.0056077223271131516,-4.349522478297452e-12,4.8613050736967125,2.4390914313829148e-14,0
-0.0023318028543144464,-5.437201903990552e-12,4.863330073727411,1.2678482919209111e-14,0
-0.0014024309348315,-5.815193378916339e-12,4.865310073757428,8.155407086619591e-15,0
-0.0020748679526150227,-5.569388266540853e-12,4.8673350737881265,1.155574522991575e-14,0
-0.004415830131620169,-4.6453535462731566e-12,4.869360073818825,2.051309216166161e-14,0
-0.00984776858240366,-3.2843077216182515e-12,4.871340073848842,3.234310239589796e-14,0
-0.013444235548377037,-2.5163881395284804e-12,4.87336507387954,3.383091487896315e-14,0
-0.012387948110699654,-2.749938731588797e-12,4.875390073910239,3.406609831452524e-14,0
-0.00681668147444725,-4.02868580509641e-12,4.877370073940256,2.7462267893969306e-14,0
-0.002931317314505577,-5.16774470438186e-12,4.879395073970954,1.5148299528899052e-14,0
-0.0013897083699703217,-5.7943597836507266e-12,4.881420074001653,8.052470289958837e-15,0
-0.0015364838764071465,-5.7528578255305884e-12,4.88340007403167,8.839173292190426e-15,0
-0.0034523243084549904,-4.923708142590133e-12,4.885425074062368,1.6998237308401686e-14,0
-0.007684612181037664,-3.749917043549544e-12,4.887450074093067,2.8816658190741574e-14,0
-0.012707564979791641,-2.6231540811022525e-12,4.889430074123084,3.3333900937612506e-14,0
-0.0130374226719141,-2.5691356594220727e-12,4.891455074153782,3.3494907493372314e-14,0
-0.008255578577518463,-3.644104115685387e-12,4.893480074184481,3.0084187871699145e-14,0
-0.0035472784657031298,-4.8738617308696774e-12,4.895460074214498,1.728894476272859e-14,0
-0.0014753532595932484,-5.709201340853287e-12,4.897485074245196,8.423088807902041e-15,0
-0.001246966770850122,-5.812789485859504e-12,4.899510074275895,7.248355334813767e-15,0
-0.0025716708041727543,-5.249200813600696e-12,4.9014900743059115,1.3499216477576779e-14,0
-0.00594316516071558,-4.165224155167069e-12,4.90351507433661,2.4754615085559908e-14,0
-0.011724199168384075,-2.854162869589394e-12,4.905540074367309,3.346277394207268e-14,0
-0.013130204752087593,-2.5443505809186195e-12,4.907565074398008,3.3407844088554486e-14,0
-0.01010097935795784,-3.2289353482650718e-12,4.909545074428024,3.26154093010059e-14,0
-0.00447292672470212,-4.560830879629663e-12,4.911570074458723,2.0400262328342195e-14,0
-0.0017679736483842134,-5.563668883240558e-12,4.913595074489422,9.836419973904532e-15,0
-0.0010821933392435312,-5.855645395652642e-12,4.915575074519438,6.3369404441473414e-15,0
-0.001974948914721608,-5.495986912101847e-12,4.917600074550137,1.0854293387379705e-14,0
-0.004565708804875612,-4.533185892635627e-12,4.919625074580836,2.0697206744144395e-14,0
-0.010249927639961243,-3.154994711665471e-12,4.921605074610852,3.233846749903146e-14,0
-0.013001736253499985,-2.554201208176954e-12,4.923630074641551,3.320905044708776e-14,0
-0.011517224833369255,-2.8897513722203616e-12,4.92565507467225,3.328191626639923e-14,0
-0.005796389188617468,-4.1954660232046415e-12,4.927635074702266,2.4318553898115306e-14,0
-0.0021391017362475395,-5.3415570577808325e-12,4.929660074732965,1.1426133976564277e-14,0
-0.0008615644183009863,-5.8610885242393884e-12,4.931685074763664,5.049705324996895e-15,0
-0.0012236937182024121,-5.712737574659066e-12,4.93366507479368,6.990641083849182e-15,0
-0.0034451873507350683,-4.8385492661118246e-12,4.935690074824379,1.6669708727516906e-14,0
-0.008212756365537643,-3.576422144546676e-12,4.9377150748550775,2.93722837334755e-14,0
-0.01258095819503069,-2.6069070947071227e-12,4.939695074885094,3.279738917683922e-14,0
-0.01244504377245903,-2.647938942765271e-12,4.941720074915793,3.2953716049512685e-14,0
-0.007120783440768719,-3.876701910876523e-12,4.9437450749464915,2.7605154771765996e-14,0
-0.002852809615433216,-5.0304738673234706e-12,4.94577007497719,1.4350984218885913e-14,0
-0.0009257981437258422,-5.812872752586351e-12,4.947750075007207,5.381546804058971e-15,0
-0.0008258790476247668,-5.843929506976764e-12,4.9497750750379055,4.826378935608243e-15,0
-0.002553052268922329,-5.129613747656414e-12,4.951800075068604,1.3096172017149379e-14,0
-0.006481549236923456,-3.9680082136728245e-12,4.953780075098621,2.5718840609437102e-14,0
-0.011724199168384075,-2.7867983528467866e-12,4.9558050751293194,3.2672978930900406e-14,0
-0.012552100233733654,-2.6044062739760676e-12,4.957830075160018,3.2690768600312393e-14,0
-0.008976424112915993,-3.4434620953260886e-12,4.959810075190035,3.090997618439733e-14,0
-0.003787766909226775,-4.727016954947372e-12,4.961835075220733,1.790483840130357e-14,0
-0.001182733103632927,-5.682509584409301e-12,4.963860075251432,6.720892197192266e-15,0
-0.0007172712939791381,-5.893112820648527e-12,4.965840075281449,4.226960658431618e-15,0
-0.0018393443897366524,-5.4438745178408965e-12,4.967865075312147,1.0013160052820976e-14,0
-0.004836917854845524,-4.397821516677336e-12,4.969890075342846,2.1271901416440428e-14,0
-0.010652085766196251,-3.0449130630078036e-12,4.971870075372863,3.243467509777045e-14,0
-0.012744802050292492,-2.583434768194115e-12,4.973895075403561,3.2925364730477265e-14,0
-0.010625089518725872,-3.085489112472639e-12,4.97592007543426,3.278359802907583e-14,0
-0.005059098359197378,-4.390098961443156e-12,4.977900075464277,2.2209942452551186e-14,0
-0.0016038207104429603,-5.490267095120682e-12,4.979925075494975,8.80540407301806e-15,0
-0.0007116857450455427,-5.906209549211283e-12,4.981950075525674,4.203365143425531e-15,0
-0.0012087988434359431,-5.690522272144838e-12,4.983930075555691,6.878696741115155e-15,0
-0.0035236950498074293,-4.781353264704524e-12,4.985955075586389,1.6848030830219923e-14,0
-0.008919326588511467,-3.42453474432014e-12,4.987980075617088,3.0544543798295945e-14,0
-0.012594922445714474,-2.612032768897765e-12,4.990005075647787,3.289835014993219e-14,0
-0.011687272228300571,-2.8194443307816286e-12,4.991985075677803,3.295161342638362e-14,0
-0.006135866045951843,-4.083560746492854e-12,4.994010075708502,2.5056181730987263e-14,0
-0.0021462389267981052,-5.240828604424763e-12,4.996035075739201,1.1248070359493415e-14,0
-0.000560876214876771,-5.891786624551143e-12,4.998015075769217,3.304562980839832e-15,0
-0.0007188228773884475,-5.86331287341646e-12,5.000040075799916,4.214683430697946e-15,0
-0.0025816005654633045,-5.037782257327761e-12,5.002065075830615,1.300554152419835e-14,0
-0.0067868921905756,-3.8890943417080326e-12,5.004045075860631,2.639486401615e-14,0
-0.011938311159610748,-2.739770649934359e-12,5.00607007589133,3.270823452488535e-14,0
-0.01240222156047821,-2.660649261673753e-12,5.008095075922029,3.2997961638000653e-14,0
-0.007889105007052422,-3.6984404254425396e-12,5.010075075952045,2.917738487864383e-14,0
-0.003102607559412718,-4.951035241507196e-12,5.012100075982744,1.5361119367218996e-14,0
-0.0007901936769485474,-5.797537363377847e-12,5.014125076013443,4.5811773664141275e-15,0
-0.00047895495663397014,-5.912343965103206e-12,5.016105076043459,2.831746447411121e-15,0
-0.0018750297604128718,-5.380959133133301e-12,5.018130076074158,1.0089458514190387e-14,0
-0.0052080461755394936,-4.291691134417075e-12,5.020155076104857,2.2351325599197598e-14,0
-0.010815928690135479,-2.975283214246005e-12,5.022135076134873,3.218045107824187e-14,0
-0.012509278021752834,-2.6298269117930317e-12,5.024160076165572,3.28972359887067e-14,0
-0.009661583229899406,-3.2847221036885754e-12,5.0261850761962705,3.173561599187744e-14,0
-0.004009016789495945,-4.636774471322713e-12,5.028210076226969,1.858890670463894e-14,0
-0.0011343250516802073,-5.647750062759416e-12,5.030190076256986,6.406384381816468e-15,0
-0.0004975734045729041,-5.94751808566385e-12,5.0322150762876845,2.959326822642683e-15,0
-0.001246966770850122,-5.615462955743666e-12,5.034240076318383,7.002295708752161e-15,0
-0.003748357994481921,-4.674587106290318e-12,5.0362200763484,1.7522025950765423e-14,0
-0.009347552433609962,-3.289488473279256e-12,5.0382450763790985,3.074866598373343e-14,0
-0.012430770322680473,-2.6444436918016123e-12,5.040270076409797,3.287247216404707e-14,0
-0.01109148096293211,-2.9587046788265292e-12,5.042250076439814,3.281641662014261e-14,0
-0.0053650615736842155,-4.264364035500012e-12,5.044275076470512,2.2878575623062068e-14,0
-0.0016466432716697454,-5.417501083154752e-12,5.046300076501211,8.92069170784033e-15,0
-0.0004268232441972941,-5.952132450109948e-12,5.048280076531228,2.540508482247917e-15,0
-0.0007616453221999109,-5.818191414763696e-12,5.050305076561926,4.4313982747184505e-15,0
-0.002902769250795245,-4.945951200679977e-12,5.052330076592625,1.435695506126766e-14,0
-0.007464603986591101,-3.71501917770245e-12,5.054310076622642,2.77311469641401e-14,0
-0.012088189832866192,-2.716574361294466e-12,5.05633507665334,3.283846657442473e-14,0
-0.012023957446217537,-2.7254715411623165e-12,5.058360076684039,3.277095383181262e-14,0
-0.006883708294481039,-3.909651682260096e-12,5.060340076714056,2.691290171370557e-14,0
-0.002495955675840378,-5.093707573788908e-12,5.062365076744754,1.2713668329869545e-14,0
-0.0005618071299977601,-5.884920155352358e-12,5.064390076775453,3.3061901027444804e-15,0
-0.0004342706233728677,-5.940195817871752e-12,5.06637007680547,2.5796525407840673e-15,0
-0.001967811957001686,-5.2621184319645575e-12,5.068395076836168,1.035485956957882e-14,0
-0.005836108699440956,-4.113747537060064e-12,5.070420076866867,2.4008277788340047e-14,0
-0.011260288767516613,-2.8881625823568013e-12,5.072445076897566,3.2521544684874065e-14,0
-0.012268168851733208,-2.683168574477146e-12,5.074425076927582,3.291756512934992e-14,0
-0.008805133402347565,-3.474104684486612e-12,5.076450076958281,3.0589955200625214e-14,0
-0.0033880905248224735,-4.797876505813203e-12,5.07847507698898,1.6255639928614072e-14,0
-0.000858771672938019,-5.761478967525324e-12,5.080455077018996,4.947794931538933e-15,0
-0.0003619688795879483,-5.976434191284907e-12,5.082480077049695,2.163283188150504e-15,0
-0.0013183376286178827,-5.54523918103178e-12,5.084505077080394,7.310497472040407e-15,0
-0.004239885602146387,-4.512780340387712e-12,5.08648507711041,1.9133672390859132e-14,0
-0.01003984920680523,-3.1646105007332448e-12,5.088510077141109,3.177221222563417e-14,0
-0.01232371386140585,-2.66287339401039e-12,5.090535077171808,3.281648975693468e-14,0
-0.010316953994333744,-3.1311216640295125e-12,5.092515077201824,3.23036381584542e-14,0
-0.004651353694498539,-4.43150377504864e-12,5.094540077232523,2.0612491456256713e-14,0
-0.0013254745863378048,-5.566529008571575e-12,5.096565077263222,7.378292734973799e-15,0
-0.00020340160699561238,-5.990263406835394e-12,5.098545077293238,1.218429203277331e-15,0
-0.0006545891519635916,-5.780696234192195e-12,5.100570077323937,3.7839810456989965e-15,0
-0.0030098254792392254,-4.8731847550331775e-12,5.102595077354636,1.466743564073902e-14,0
-0.008172105997800827,-3.5528806459350637e-12,5.104575077384652,2.903451723611641e-14,0
-0.012109601870179176,-2.6978267710087156e-12,5.106600077415351,3.266960811162659e-14,0
-0.01133166067302227,-2.8624244901437335e-12,5.1086250774460495,3.243602302445757e-14,0
-0.0058634160086512566,-4.114894622958554e-12,5.110605077476066,2.412733900616816e-14,0
-0.0018964409828186035,-5.263071228833738e-12,5.112630077506765,9.981103973853769e-15,0
-0.00014071943587623537,-5.955461818141217e-12,5.1146550775374635,8.38049227431291e-16,0
-0.00018354190979152918,-5.945929078959855e-12,5.116680077568162,1.09132717863728e-15,0
-0.0020056692883372307,-5.140445361040413e-12,5.118660077598179,1.0310033389014345e-14,0
-0.006257196422666311,-3.991093913691124e-12,5.1206850776288775,2.4973058559273388e-14,0
-0.011310248635709286,-2.8220694010816505e-12,5.122710077659576,3.191830659346066e-14,0
-0.011776641942560673,-2.7368832027085954e-12,5.124690077689593,3.223129351690783e-14,0
-0.00745622580870986,-3.71941279858623e-12,5.1267150777202914,2.7732781702064417e-14,0
-0.0024031735956668854,-5.0075959004414194e-12,5.12874007775099,1.203412224571056e-14,0
-0.0001959542278200388,-5.853987000009608e-12,5.130720077781007,1.1471135022554282e-15,0
0.0001376266882289201,-5.997087808989887e-12,5.132745077811705,-8.253593341693087e-16,0
-0.0010328544303774834,-5.476921000058255e-12,5.134770077842404,5.656862119737645e-15,0
-0.004314359277486801,-4.404687552195252e-12,5.136750077872421,1.9003404605244215e-14,0
-0.01003984920680523,-3.06896587136396e-12,5.138775077903119,3.0811954569325773e-14,0
-0.011838393285870552,-2.6965556523816936e-12,5.140800077933818,3.192288633013173e-14,0
-0.009192397817969322,-3.313817536348962e-12,5.142780077963835,3.046192909028267e-14,0
-0.003430912969633937,-4.662194675458808e-12,5.144805077994533,1.599558417898991e-14,0
-0.0003976543084718287,-5.6958552457908596e-12,5.146830078025232,2.264981378920602e-15,0
0.0003923893964383751,-6.024083575723038e-12,5.148810078055249,-2.3637865183722916e-15,0
-0.0003048722574021667,-5.721275883607824e-12,5.150835078085947,1.7442582938560933e-15,0
-0.0028099871706217527,-4.7823064952545735e-12,5.152860078116646,1.343821989764643e-14,0
-0.008541062474250793,-3.38449754333503e-12,5.154885078147345,2.890720496157282e-14,0
-0.011545772664248943,-2.7047205621022474e-12,5.156865078177361,3.1228088730352165e-14,0
-0.01032533124089241,-3.000648340911738e-12,5.15889007820806,3.098268805734795e-14,0
-0.004587119910866022,-4.309803382229749e-12,5.160915078238759,1.9769584906543806e-14,0
-0.0008513243519701064,-5.470027208964723e-12,5.162895078268775,4.656767368930742e-15,0
0.0004659323603846133,-6.0171065179026595e-12,5.164920078299474,-2.8035646425720274e-15,0
0.0001733120734570548,-5.901443396461037e-12,5.166945078330173,-1.0227913914301062e-15,0
-0.0018865112215280533,-5.048599992923952e-12,5.168925078360189,9.524240539657486e-15,0
-0.006399938371032476,-3.844290771132242e-12,5.170950078390888,2.460322401557526e-14,0
-0.011138958856463432,-2.789658261337369e-12,5.172975078421587,3.1073888596630265e-14,0
-0.011270218528807163,-2.7773347857640296e-12,5.174955078451603,3.130116996321844e-14,0
-0.006164414342492819,-3.945654566961387e-12,5.176980078482302,2.432264960309907e-14,0
-0.0016038207104429603,-5.146772764919039e-12,5.179005078513001,8.254500752320932e-15,0
0.0003402576840016991,-5.9464958998556305e-12,5.180985078543017,-2.0233409228104764e-15,0
0.0005016177892684937,-6.0107517921292875e-12,5.183010078573716,-3.0151000258095295e-15,0
-0.0010756768751889467,-5.357127502020331e-12,5.185035078604415,5.762538171361998e-15,0
-0.00464204465970397,-4.233265214065307e-12,5.187015078634431,1.9651006180062442e-14,0
-0.010218275710940361,-2.981582862549015e-12,5.18904007866513,3.046663574454063e-14,0
-0.01143871620297432,-2.738499531307337e-12,5.191065078695829,3.1324918960602813e-14,0
-0.008231685496866703,-3.4762876171406942e-12,5.193045078725845,2.861570636095436e-14,0
-0.002617286052554846,-4.822661367476222e-12,5.195070078756544,1.2622284333290596e-14,0
-4.0800303395371884e-05,-5.800079166951022e-12,5.1970950787872425,2.366449897287775e-16,0
0.0004873436118941754,-6.045704735446744e-12,5.199120078817941,-2.9463355822183365e-15,0
-0.0004268232441972941,-5.621223972407385e-12,5.201100078847958,2.399269052262521e-15,0
-0.0033167197834700346,-4.618026447356094e-12,5.2031250788786565,1.5316699678533797e-14,0
-0.009126302786171436,-3.2459560213304872e-12,5.205150078909355,2.9623577481258376e-14,0
-0.011568115092813969,-2.7285936097382057e-12,5.207130078939372,3.1564684918968286e-14,0
-0.009782914072275162,-3.1506290631977407e-12,5.2091550789700705,3.082233339887629e-14,0
-0.003959056921303272,-4.470905416720239e-12,5.211180079000769,1.7700569034558552e-14,0
-0.0005161918816156685,-5.605308751877036e-12,5.213160079030786,2.8934148716681818e-15,0
0.0005016177892684937,-6.050789209954832e-12,5.215185079061484,-3.035183506827198e-15,0
0.00010194128117291257,-5.855686595335197e-12,5.217210079092183,-5.969361936755204e-16,0
-0.0020950380712747574,-4.950123210639701e-12,5.2191900791222,1.0370696583791008e-14,0
-0.007135057356208563,-3.644104115685387e-12,5.221215079152898,2.600089187741092e-14,0
-0.011131822131574154,-2.763602281047328e-12,5.223240079183597,3.076392903503146e-14,0
-0.010748901404440403,-2.8894059454082077e-12,5.225220079213614,3.1057939624596734e-14,0
-0.0052437311969697475,-4.1490188021353624e-12,5.227245079244312,2.1756339329571252e-14,0
-0.0011470476165413857,-5.298660381986009e-12,5.229270079275011,6.07781576201932e-15,0
0.0005934688961133361,-6.016457297641775e-12,5.231250079305028,-3.5705802709444894e-15,0
0.000665770610794425,-6.016471175429583e-12,5.233275079335726,-4.005589689292806e-15,0
-0.0010399915045127273,-5.2468663094829004e-12,5.235300079366425,5.4566963871762625e-15,0
-0.00533651327714324,-4.072439434288366e-12,5.237325079397124,2.1732627111441572e-14,0
-0.010629743337631226,-2.8887428473595156e-12,5.23930507942714,3.070659503584967e-14,0
-0.011031902395188808,-2.78457422051015e-12,5.241330079457839,3.071915101282693e-14,0
-0.006942356005311012,-3.74229119914915e-12,5.243355079488538,2.5980317780035653e-14,0
-0.0018716163467615843,-5.028705316739712e-12,5.245335079518554,9.411807073856936e-15,0
0.0004516582121141255,-5.896677243710791e-12,5.247360079549253,-2.663282701308465e-15,0
0.0009155684383586049,-6.057461823805177e-12,5.249385079579952,-5.546020862438173e-15,0
-0.00035979671520181,-5.5622043429459644e-12,5.251365079609968,2.0012628518732e-15,0
-0.003488009562715888,-4.504270220695439e-12,5.253390079640667,1.5710937602842094e-14,0
-0.009440334513783455,-3.1404609815433027e-12,5.255415079671366,2.9647002193253506e-14,0
-0.011188297532498837,-2.7547879342254555e-12,5.257395079701382,3.082138704705223e-14,0
-0.008640981279313564,-3.3485911526270895e-12,5.259420079732081,2.893511346192571e-14,0
-0.0028884951025247574,-4.702549981361326e-12,5.26144507976278,1.3583292590540079e-14,0
0.0001242834550794214,-5.7329635830272174e-12,5.263425079792796,-7.125125219431219e-16,0
0.0008941571577452123,-6.08383569217219e-12,5.265450079823495,-5.439905230701562e-15,0
0.00021613456192426383,-5.800714943104968e-12,5.267475079854194,-1.2537349830755232e-15,0
-0.0020726958755403757,-4.886461461156566e-12,5.26945507988421,1.0128148516526212e-14,0
-0.007755983155220747,-3.4992074342266033e-12,5.271480079914909,2.7139793916484745e-14,0
-0.01108899898827076,-2.763602281047328e-12,5.273505079945608,3.0645582898516586e-14,0
-0.009892452508211136,-3.0270083314909435e-12,5.275485079975624,2.994453616123359e-14,0
-0.004287362564355135,-4.3320460066387234e-12,5.277510080006323,1.857305187592702e-14,0
-0.0003976543084718287,-5.501706295402142e-12,5.2795350800370215,2.1877772123132454e-15,0
0.0009298425866290927,-6.074938295463905e-12,5.28156008006772,-5.648736338266289e-15,0
0.0007796535501256585,-5.9886054448732295e-12,5.283540080097737,-4.669037495397262e-15,0
-0.001239829696714878,-5.13755791381465e-12,5.2855650801284355,6.369696870139939e-15,0
-0.0057290527038276196,-3.931991451183725e-12,5.287590080159134,2.2526586254831206e-14,0
-0.010629743337631226,-2.848622596487993e-12,5.289570080189151,3.0280127066444007e-14,0
-0.010725008323788643,-2.83033102163599e-12,5.2915950802198495,3.0355323766123207e-14,0
-0.005557762458920479,-3.978066140386538e-12,5.293620080250548,2.2109146654142984e-14,0
-0.001089640660211444,-5.191175614371879e-12,5.295600080280565,5.656516023717722e-15,0
0.0009369796025566757,-5.998994703770855e-12,5.2976250803112634,-5.620935673278818e-15,0
0.0011439549271017313,-6.0695363665597135e-12,5.299650080341962,-6.943276031749124e-15,0
-0.00034490195685066283,-5.4488067703639675e-12,5.301630080371979,1.8793041175996726e-15,0
-0.003980468027293682,-4.336494704992866e-12,5.303655080402677,1.726127852375245e-14,0
-0.009654446505010128,-3.0565732236920162e-12,5.305680080433376,2.9509522676780926e-14,0
-0.010905297473073006,-2.7892712011617915e-12,5.307660080463393,3.041783218174499e-14,0
-0.00764892715960741,-3.5138244310756184e-12,5.309685080494091,2.6876987124946355e-14,0
-0.002096279291436076,-4.8642877920057614e-12,5.31171008052479,1.0196905765966993e-14,0
0.0005413371836766601,-5.843045231684885e-12,5.313690080554807,-3.163057649815633e-15,0
0.001279559452086687,-6.110844469331411e-12,5.315715080585505,-7.819188800964663e-15,0
0.0002732312132138759,-5.711743144426462e-12,5.317740080616204,-1.5606265089176806e-15,0
-0.0024459960404783487,-4.706998679715468e-12,5.319765080646903,1.1513300133120851e-14,0
-0.00833594799041748,-3.321775363454571e-12,5.321745080676919,2.7690146665607427e-14,0
-0.010910572484135628,-2.7839386611966388e-12,5.323770080707618,3.0374364554373425e-14,0
-0.009226221591234207,-3.182086972391973e-12,5.325795080738317,2.935863952986791e-14,0
-0.0034132252912968397,-4.507143356452525e-12,5.327775080768333,1.5383895695744287e-14,0
0.000144763762364164,-5.632621973006291e-12,5.329800080799032,-8.1539954878745125e-16,0
0.0012581482296809554,-6.113704594662428e-12,5.331825080829731,-7.691946612566857e-15,0
0.00098073307890445,-5.933896169568742e-12,5.333805080859747,-5.819568260280474e-15,0
-0.00136829714756459,-5.046361765959073e-12,5.335830080890446,6.904922409940807e-15,0
-0.006378526799380779,-3.732440571890816e-12,5.337855080921145,2.3807472214901692e-14,0
-0.01059250719845295,-2.8227602547059583e-12,5.339835080951161,2.9900108317479744e-14,0
-0.010189726948738098,-2.9208916101780558e-12,5.34186008098186,2.976308795457435e-14,0
-0.004672764800488949,-4.178252362152524e-12,5.343885081012559,1.9523990565426116e-14,0
-0.0006279026856645942,-5.3201566416194446e-12,5.345865081042575,3.340540643429177e-15,0
0.0013295190874487162,-6.064770213809467e-12,5.347890081073274,-8.063227760250118e-15,0
0.0013580673839896917,-6.08891929931854e-12,5.349915081103973,-8.269162704149877e-15,0
-0.0003746915317606181,-5.3370671597441355e-12,5.351895081133989,1.9997538691938215e-15,0
-0.004608531482517719,-4.173485775721408e-12,5.353920081164688,1.9233640589251996e-14,0
-0.009704405441880226,-2.9714147808945768e-12,5.355945081195387,2.883581376979667e-14,0
-0.010443558916449547,-2.834033572055028e-12,5.357925081225403,2.959739658095265e-14,0
-0.006578364875167608,-3.731169453263794e-12,5.359950081256102,2.454499407464887e-14,0
-0.0013968454441055655,-5.043184186231953e-12,5.361975081286801,7.044548854323337e-15,0
0.0011653662659227848,-5.9570508248452114e-12,5.364000081317499,-6.942146075662109e-15,0
0.001576524111442268,-6.125544516066839e-12,5.365980081347516,-9.65706862529233e-15,0
0.00040169863495975733,-5.6459676343878495e-12,5.3680050813782145,-2.2679774917605694e-15,0
-0.002867083763703704,-4.577354120738342e-12,5.370030081408913,1.3123657680291143e-14,0
-0.008738107047975063,-3.212356812845596e-12,5.37201008143893,2.8069917706936813e-14,0
-0.0105751296505332,-2.803004139559362e-12,5.3740350814696285,2.9642132186821506e-14,0
-0.008034329861402512,-3.388310465535227e-12,5.376060081500327,2.722280395295232e-14,0
-0.002459959825500846,-4.70807594299405e-12,5.378040081530344,1.1581677675172374e-14,0
0.0007871009293012321,-5.778153996938151e-12,5.3800650815610425,-4.5479903806356475e-15,0
0.0016292764339596033,-6.150881887156956e-12,5.382090081591741,-1.00214869068138e-14,0
0.0011147860204800963,-5.886480972799868e-12,5.384070081621758,-6.562166698299371e-15,0
-0.0013540228828787804,-4.97327786591617e-12,5.386095081652456,6.733932033365041e-15,0
-0.006935219280421734,-3.580235066746873e-12,5.388120081683155,2.4829715263344907e-14,0
-0.010413769632577896,-2.8250810978763807e-12,5.390100081713172,2.9419743746634877e-14,0
-0.009504567831754684,-3.072143234250646e-12,5.39212508174387,2.9199393758801487e-14,0
-0.003666436765342951,-4.375896346664465e-12,5.394150081774569,1.6043947246740497e-14,0
0.00028812597156502306,-5.532031430166562e-12,5.396130081804586,-1.5939219305449847e-15,0
0.0017648808425292373,-6.134358646048277e-12,5.398155081835284,-1.0826412055614194e-14,0
0.0016935102175921202,-6.071760715736785e-12,5.400180081865983,-1.028258881087469e-14,0
-0.0004119284567423165,-5.219539210565838e-12,5.402205081896682,2.1500767319143945e-15,0
-0.004850571509450674,-4.028022707047718e-12,5.404185081926698,1.953821218222604e-14,0
-0.009932792745530605,-2.9215271694915668e-12,5.406210081957397,2.90189238749964e-14,0
-0.010146904736757278,-2.880854192352511e-12,5.408235081988096,2.923175305028876e-14,0
-0.00526017788797617,-4.0077966986795666e-12,5.410215082018112,2.1081723573898147e-14,0
-0.00048329922719858587,-5.233837668816577e-12,5.412240082048811,2.5295097006218997e-15,0
0.0016578247305005789,-6.051106664350936e-12,5.41426508207951,-1.0031674275057847e-14,0
0.0017999456031247973,-6.137812480488947e-12,5.416245082109526,-1.1047728587060586e-14,0
0.0004159727832302451,-5.544285516800862e-12,5.418270082140225,-2.3062718774467925e-15,0
-0.003145430004224181,-4.425784391748344e-12,5.420295082170924,1.392099501803231e-14,0
-0.008894502185285091,-3.1394108233190332e-12,5.42227508220094,2.792349642851881e-14,0
-0.010146904736757278,-2.8376394116402803e-12,5.424300082231639,2.87932567871819e-14,0
-0.007106509059667587,-3.55036638109707e-12,5.426325082262338,2.5230710852405552e-14,0
-0.0014247731305658817,-4.881819341134852e-12,5.428305082292354,6.955485025525773e-15,0
0.001408026902936399,-5.893181775906697e-12,5.430330082323053,-8.297758484371135e-15,0
0.0020432271994650364,-6.171536372223674e-12,5.432355082353752,-1.2609850978215187e-14,0
0.0011073385830968618,-5.802925414494231e-12,5.434335082383768,-6.4258032063028115e-15,0
-0.0015181758208200336,-4.821708136926173e-12,5.436360082414467,7.320200708532527e-15,0
-0.007484774105250835,-3.420721822119943e-12,5.438385082445166,2.5603330115469805e-14,0
-0.010242478922009468,-2.831712512044171e-12,5.440365082475182,2.9003755717802904e-14,0
-0.008712351322174072,-3.192572942123384e-12,5.442390082505881,2.7814817093445832e-14,0
-0.0027671647258102894,-4.516344763449975e-12,5.44441508253658,1.2497469919016787e-14,0
0.0008941571577452123,-5.672659390831836e-12,5.446440082567278,-5.072248997762882e-15,0
0.002120183315128088,-6.1693115893657335e-12,5.448420082597295,-1.3080071497599574e-14,0
0.0017077842494472861,-5.998676815693882e-12,5.4504450826279935,-1.0244445783366612e-14,0
-0.0006474520778283477,-5.116903428747932e-12,5.452470082658692,3.3129497569898452e-15,0
-0.005617652554064989,-3.8118379980245365e-12,5.454450082688709,2.1413581465284512e-14,0
-0.009904243983328342,-2.8837141008430933e-12,5.4564750827194075,2.856100803291431e-14,0
-0.009625897742807865,-2.9498074989586787e-12,5.458500082750106,2.839454534594406e-14,0
-0.004135622177273035,-4.196792652982895e-12,5.460480082780123,1.7356348769092596e-14,0
4.4844651711173356e-05,-5.343463518880931e-12,5.4625050828108215,-2.3962576043557614e-16,0
0.0019433079287409782,-6.115928943839499e-12,5.46453008284152,-1.1885133208179736e-14,0
0.0019712357316166162,-6.1441125624728254e-12,5.466510082871537,-1.2111494222220963e-14,0
0.0003303278353996575,-5.414005615350659e-12,5.4685350829022354,-1.7883967557603738e-15,0
-0.0038305893540382385,-4.242756753564114e-12,5.470560082932934,1.6252258851976534e-14,0
-0.009259424172341824,-3.0402709429860897e-12,5.472540082962951,2.815115825995387e-14,0
-0.009997026063501835,-2.8779945007023633e-12,5.474565082993649,2.8771386034136476e-14,0
-0.006221511401236057,-3.74832803684555e-12,5.476590083024348,2.3320265616807355e-14,0
-0.0008513242355547845,-5.046278932913095e-12,5.478570083054365,4.296019554958455e-15,0
0.0017006471753120422,-5.9850136999162196e-12,5.480595083085063,-1.0178396642966394e-14,0
0.0021574203856289387,-6.178844762227964e-12,5.482620083115762,-1.3330365649667202e-14,0
0.0010654471116140485,-5.711743144426462e-12,5.484645083146461,-6.085560235510517e-15,0
-0.0021173800341784954,-4.65237180377609e-12,5.486625083176477,9.850839168890485e-15,0
-0.00804146658629179,-3.2967968632835465e-12,5.488650083207176,2.6511081817886222e-14,0
-0.010146904736757278,-2.8443122423310596e-12,5.490675083237875,2.8860965364525745e-14,0
-0.007769946940243244,-3.3937262722272266e-12,5.492655083267891,2.636907306491505e-14,0
-0.0019963602535426617,-4.714942412192835e-12,5.49468008329859,9.412723629444337e-15,0
0.0012938336003571749,-5.818191414763696e-12,5.496705083329289,-7.527771545730918e-15,0
0.0022467889357358217,-6.1991531699612246e-12,5.498685083359305,-1.3928188753200525e-14,0
0.0017506068106740713,-5.962452753749403e-12,5.500710083390004,-1.0437910399036077e-14,0
-0.0007402341580018401,-5.03365188073146e-12,5.502735083420703,3.726081061607631e-15,0
-0.006280469708144665,-3.6662782185170606e-12,5.504715083450719,2.3025949293026985e-14,0
-0.009918518364429474,-2.8703684394615347e-12,5.506740083481418,2.8469802079478e-14,0
-0.008955013006925583,-3.0991526619311704e-12,5.508765083512117,2.7752952398041675e-14,0
-0.0033238569740206003,-4.382804449226674e-12,5.510745083542133,1.4567815134330596e-14,0
0.0006372223142534494,-5.535070665696473e-12,5.512770083572832,-3.5270705391514876e-15,0
0.0021859686821699142,-6.175984636896947e-12,5.514795083603531,-1.3500508997819256e-14,0
0.0020754991564899683,-6.138143812672858e-12,5.516775083633547,-1.2739712305616635e-14,0
0.0001090783771360293,-5.309781694190496e-12,5.518800083664246,-5.791823701488956e-16,0
-0.00405897619202733,-4.1283643170686446e-12,5.520825083694945,1.6756932474996797e-14,0
-0.009304109029471874,-2.983903922559872e-12,5.522805083724961,2.7762567428965847e-14,0
-0.009675857611000538,-2.9202560508645448e-12,5.52483008375566,2.825598173582808e-14,0
-0.005008207634091377,-3.992047144241173e-12,5.526855083786359,1.9993000983441325e-14,0
3.770757757592946e-05,-5.266249242241727e-12,5.528880083817057,-1.9857750183600968e-16,0
0.0020531569607555866,-6.0874139930222615e-12,5.530860083847074,-1.2498416412774616e-14,0
0.002328710164874792,-6.19187253553255e-12,5.532885083877773,-1.44190765131037e-14,0
0.0009298425866290927,-5.613556494643568e-12,5.534910083908471,-5.219723891167918e-15,0
-0.0024971968960016966,-4.528032462869369e-12,5.536890083938488,1.1307388611272306e-14,0
-0.008248441852629185,-3.2056011491088388e-12,5.5389150839691865,2.6441214681145553e-14,0
-0.009804325178265572,-2.8821250941390986e-12,5.540940083999885,2.8257291627378995e-14,0
-0.0067868921905756,-3.559512060102854e-12,5.542920084029902,2.4158024602971725e-14,0
-0.0011042251717299223,-4.917352983135892e-12,5.5449450840606005,5.429864942259876e-15,0
0.0017077842494472861,-5.932901305655269e-12,5.546970084091299,-1.0132115403323308e-14,0
0.002514895051717758,-6.223358200302398e-12,5.548950084121316,-1.5651092743007634e-14,0
0.0017006471753120422,-5.87792965342504e-12,5.5509750841520145,-9.996284461780186e-15,0
-0.0008972498471848667,-4.9090913625815524e-12,5.553000084182713,4.404681474892847e-15,0
-0.006771997548639774,-3.5180658299743817e-12,5.55498008421273,2.3824333176539866e-14,0
-0.009797187522053719,-2.8837141008430933e-12,5.557005084243428,2.8252287805950313e-14,0
-0.008319812826812267,-3.225301753104204e-12,5.559030084274127,2.6833906895816448e-14,0
-0.0025046442169696093,-4.534332544853248e-12,5.561010084304144,1.1356889786283779e-14,0
0.001400889828801155,-5.69172443551369e-12,5.563035084334842,-7.973478870050124e-15,0
0.002514274325221777,-6.223330444726782e-12,5.565060084365541,-1.5647159954547572e-14,0
0.0023072990588843822,-6.070172142713659e-12,5.56708508439624,-1.400570247214942e-14,0
-1.7216909327544272e-05,-5.18553949779843e-12,5.569065084426256,8.927896334799504e-17,0
-0.004829780664294958,-3.938346176957097e-12,5.571090084456955,1.9021348214767357e-14,0
-0.0093190036714077,-2.9409101022503936e-12,5.573115084487654,2.740635204015141e-14,0
-0.00935624074190855,-2.9739568013081863e-12,5.57509508451767,2.7825055789075684e-14,0
-0.0038876859471201897,-4.2001775321653945e-12,5.577120084548369,1.6328971167209362e-14,0
0.0004516582121141255,-5.37778155340618e-12,5.579145084579068,-2.4289192015517598e-15,0
0.0024776579812169075,-6.165333001073581e-12,5.581125084609084,-1.5275586516969946e-14,0
0.0025927822571247816,-6.195368003336643e-12,5.583150084639783,-1.6063240235409833e-14,0
0.0009084313060157001,-5.48804317962448e-12,5.585175084670482,-4.985510233136822e-15,0
-0.0031600145157426596,-4.3264367782791524e-12,5.587155084700498,1.3671603020805028e-14,0
-0.008655255660414696,-3.118535811530432e-12,5.589180084731197,2.6991724734954707e-14,0
-0.009504567831754684,-2.922480400041616e-12,5.591205084761896,2.7776913199169105e-14,0
-0.005915547255426645,-3.738560676314062e-12,5.593185084791912,2.2115632348015633e-14,0
-0.0004904363304376602,-5.06479190184872e-12,5.595210084822611,2.4839579547730643e-15,0
0.002128872089087963,-6.0221909924107475e-12,5.59723508485331,-1.2820474318900182e-14,0
0.0027904482558369637,-6.244246873038373e-12,5.599215084883326,-1.742424779588534e-14,0
0.0016720988787710667,-5.792770776946732e-12,5.601240084914025,-9.686085521110431e-15,0
-0.0014182566665112972,-4.743222307979078e-12,5.603265084944724,6.727106659036429e-15,0
-0.00729331374168396,-3.3817898568294646e-12,5.60524508497474,2.4664454434301766e-14,0
-0.009604486636817455,-2.8970599790650864e-12,5.607270085005439,2.782477385498928e-14,0
-0.007413403131067753,-3.3956188555395173e-12,5.609295085036138,2.5173091455569357e-14,0
-0.0015752724139019847,-4.7311477652245415e-12,5.611320085066836,7.452846560652244e-15,0
0.001889314386062324,-5.843708329733577e-12,5.613300085096853,-1.1040602215317882e-14,0
0.0028711282648146152,-6.2462084116088334e-12,5.615325085127552,-1.7933665518492924e-14,0
0.0021788314916193485,-6.0272750332379665e-12,5.61735008515825,-1.3132416651069937e-14,0
-0.00018105944036506116,-5.096346088195869e-12,5.619330085188267,9.227415706354127e-16,0
-0.005522077437490225,-3.752776735199692e-12,5.6213550852189655,2.0723123737384448e-14,0
-0.00934041477739811,-2.9193028203144955e-12,5.623380085249664,2.7267499202565492e-14,0
-0.008618948981165886,-3.1178586188534974e-12,5.625360085279681,2.6872664366386627e-14,0
-0.0028884951025247574,-4.3921021333770405e-12,5.6273850853103795,1.268656550204812e-14,0
0.001222462859004736,-5.564304225713634e-12,5.629410085341078,-6.802155252138023e-15,0
0.0028947116807103157,-6.217720782686342e-12,5.631390085371095,-1.7998508977037442e-14,0
0.0027854833751916885,-6.196638688282796e-12,5.6334150854017935,-1.726063404828136e-14,0
0.0007585526327602565,-5.378734783956229e-12,5.635440085432492,-4.0800534312891674e-15,0
-0.0034430150408297777,-4.222323445740583e-12,5.637420085462509,1.4537523130933042e-14,0
-0.008719488978385925,-3.0432275623104577e-12,5.639445085493207,2.6535389188286302e-14,0
-0.009097754023969173,-2.9647419502037975e-12,5.641470085523906,2.6972493007496813e-14,0
-0.004612254910171032,-3.983923434203174e-12,5.643450085553923,1.8374870421149028e-14,0
0.0005016177892684937,-5.26434234746076e-12,5.645475085584621,-2.6406877702857786e-15,0
0.002699838485568762,-6.121330439062822e-12,5.64750008561532,-1.6526603502265333e-14,0
0.0030281441286206245,-6.242713811166478e-12,5.649525085646019,-1.8903837173942653e-14,0
0.0017478138906881213,-5.6915175697391795e-12,5.651505085676035,-9.947713467485636e-15,0
-0.0017037398647516966,-4.618979677906143e-12,5.653530085706734,7.869539811726647e-15,0
-0.007720298133790493,-3.269469764366484e-12,5.655555085737433,2.5241281320323008e-14,0
-0.009296661242842674,-2.923889429184978e-12,5.657535085767449,2.7182409534661377e-14,0
-0.0063357045873999596,-3.5757868020735994e-12,5.659560085798148,2.2655128845461935e-14,0
-0.00044761382741853595,-4.948175116176179e-12,5.661585085828847,2.2148716024887782e-15,0
0.00240318407304585,-5.960421826239903e-12,5.663565085858863,-1.4323990801454593e-14,0
0.0032351193949580193,-6.278302096957011e-12,5.665590085889562,-2.031105688127123e-14,0
0.00245004054158926,-5.939574353186483e-12,5.667615085920261,-1.455219796509069e-14,0
-0.00013637512165587395,-4.998201071776398e-12,5.669595085950277,6.816302792240259e-16,0
-0.006000261753797531,-3.59040358208218e-12,5.671620085980976,2.154336129426536e-14,0
-0.009183399379253387,-2.9285176714188843e-12,5.673645086011675,2.6893747365840758e-14,0
-0.007851867936551571,-3.224293228243358e-12,5.675625086041691,2.5316724616884377e-14,0
-0.001967811957001686,-4.5582886423756186e-12,5.67765008607239,8.969854893931725e-15,0
0.0020360900089144707,-5.729537504162163e-12,5.679675086103089,-1.1665854067925333e-14,0
0.003118133405223489,-6.272098725806918e-12,5.681655086133105,-1.955724055779823e-14,0
0.0028497171588242054,-6.144209273306611e-12,5.683680086163804,-1.7509258593548652e-14,0
0.0006372223142534494,-5.264024893064656e-12,5.685705086194503,-3.354354124646427e-15,0
-0.004105832427740097,-4.043937927578067e-12,5.687685086224519,1.6603731478818113e-14,0
-0.008797996677458286,-2.9984239917346667e-12,5.689710086255218,2.638012431689281e-14,0
-0.00886223092675209,-3.0085922902295392e-12,5.691735086285917,2.6662839640460124e-14,0
-0.003380953334271908,-4.222420156574369e-12,5.693760086316615,1.4275805507067024e-14,0
0.0012116021243855357,-5.416313231254577e-12,5.695740086346632,-6.562416617325531e-15,0
0.0030781037639826536,-6.197909806909818e-12,5.697765086377331,-1.9077809505474113e-14,0
0.003178022801876068,-6.251610340513025e-12,5.699790086408029,-1.9867760210594605e-14,0
0.0015690767904743552,-5.5645254029568214e-12,5.701770086438046,-8.731167659784508e-15,0
-0.002288980409502983,-4.411485066135867e-12,5.703795086468745,1.0097802893199972e-14,0
-0.007891587913036346,-3.1779561621148034e-12,5.705820086499443,2.5079120437104558e-14,0
-0.008916844613850117,-2.9577098149130565e-12,5.70780008652946,2.6373438832439114e-14,0
-0.005507803522050381,-3.751823504649643e-12,5.7098250865601585,2.0664306713020706e-14,0
0.00018758626538328826,-5.088623532961689e-12,5.711850086590857,-9.545558844897973e-16,0
0.0029170538764446974,-6.061219234854143e-12,5.713830086620874,-1.768090306501244e-14,0
0.0033992722164839506,-6.2910124158654934e-12,5.7158550866515725,-2.138486371880715e-14,0
0.002264476614072919,-5.855686595335197e-12,5.717880086682271,-1.3260065354476824e-14,0
-0.0005981131689622998,-4.83539944196032e-12,5.719860086712288,2.892116083429423e-15,0
-0.006564090959727764,-3.447095473646522e-12,5.7218850867429865,2.262704823588163e-14,0
-0.008940737694501877,-2.943770010740976e-12,5.723910086773685,2.6319475498976038e-14,0
-0.0070475502870976925,-3.3807952097564264e-12,5.725890086803702,2.3826324251137407e-14,0
-0.001182733103632927,-4.72161502604318e-12,5.7279150868344,5.584410393911913e-15,0
0.0022787507623434067,-5.8598174056123664e-12,5.729940086865099,-1.3353063380232343e-14,0
0.0034064091742038727,-6.300544721365986e-12,5.731965086895798,-2.1462233341342877e-14,0
0.0027755536139011383,-6.089403287168338e-12,5.733945086925814,-1.690146530020155e-14,0
0.00047306943451985717,-5.177912786036298e-12,5.735970086956513,-2.44951227368333e-15,0
-0.004951111041009426,-3.821729824965425e-12,5.737995086987212,1.8921808732141338e-14,0
-0.008894502185285091,-2.970309545199945e-12,5.739975087017228,2.6419424740754077e-14,0
-0.008177070878446102,-3.1331525915390124e-12,5.742000087047927,2.5620010814001593e-14,0
-0.002424584934487939,-4.418476001744054e-12,5.744025087078626,1.0712970347225137e-14,0
0.0016509980196133256,-5.576130269330237e-12,5.746005087108642,-9.206180031770142e-15,0
0.003299353178590536,-6.259237052275157e-12,5.748030087139341,-2.0651433663975698e-14,0
0.003249393543228507,-6.261778855848332e-12,5.75005508717004,-2.034698378331836e-14,0
0.0013903394574299455,-5.4610747347860755e-12,5.752035087200056,-7.592747683746856e-15,0
-0.002902769250795245,-4.291691134417075e-12,5.754060087230755,1.2457789058896448e-14,0
-0.008241305127739906,-3.0994703331677087e-12,5.756085087261454,2.5543680750012754e-14,0
-0.008738107047975063,-3.002471752125424e-12,5.75806508729147,2.6235919578593205e-14,0
-0.004487200640141964,-3.990458571218047e-12,5.760090087322169,1.790598825522961e-14,0
0.0007799639133736491,-5.2916694463778224e-12,5.762115087352868,-4.127311209676618e-15,0
0.003095791209489107,-6.1563805268949334e-12,5.764095087382884,-1.9058868717431253e-14,0
0.0033635867293924093,-6.301816273673877e-12,5.766120087413583,-2.1196705589198576e-14,0
0.0021788314916193485,-5.785780708700283e-12,5.768145087444282,-1.260624121171989e-14,0
-0.0009928246727213264,-4.719680809367466e-12,5.770125087474298,4.685815554909379e-15,0
-0.007163605652749538,-3.3530396341407975e-12,5.772150087504997,2.401985367702426e-14,0
-0.008819407783448696,-2.9691904317175055e-12,5.774175087535696,2.6186501204030763e-14,0
-0.006035947240889072,-3.61169319278154e-12,5.776200087566394,2.179998956190758e-14,0
-6.934859993634745e-05,-4.96603843117005e-12,5.778180087596411,3.4438781243173835e-16,0
0.002756935078650713,-5.995181347889789e-12,5.78020508762711,-1.6528325760869822e-14,0
0.003627658821642399,-6.326600701656027e-12,5.782230087657808,-2.2950748846371475e-14,0
0.0028574748430401087,-6.019109689836544e-12,5.784210087687825,-1.7199454516206875e-14,0
0.0004659323603846133,-5.0829037159805246e-12,5.786235087718524,-2.3682893259945278e-15,0
-0.005507803522050381,-3.666029285698258e-12,5.788260087749222,2.0191769011708706e-14,0
-0.008708317764103413,-2.978930253513812e-12,5.790240087779239,2.594147124469941e-14,0
-0.00747763691470027,-3.2596195707890185e-12,5.7922650878099375,2.4374251630411414e-14,0
-0.0015110386302694678,-4.589746117888982e-12,5.794290087840636,6.935283687259575e-15,0
0.002291473327204585,-5.748547471373655e-12,5.796270087870653,-1.3172643200822094e-14,0
0.003677618457004428,-6.317385850551638e-12,5.7982950879013515,-2.323293480400732e-14,0
0.0033493125811219215,-6.210937580214404e-12,5.80032008793205,-2.0802371377975047e-14,0
0.00126373372040689,-5.350329988079716e-12,5.802300087962067,-6.761392421240531e-15,0
-0.003223937703296542,-4.137897489930875e-12,5.8043250879927655,1.3340323730164272e-14,0
-0.008269852958619595,-3.056891111768989e-12,5.806350088023464,2.5280040004840715e-14,0
-0.008432764559984207,-3.041265590059128e-12,5.808330088053481,2.5646276685350072e-14,0
-0.00321680074557662,-4.2039904543655915e-12,5.810355088084179,1.3523399628000229e-14,0
0.0014793977607041597,-5.43593078536353e-12,5.812380088114878,-8.04190383120961e-15,0
0.0035277397837489843,-6.2398536858354614e-12,5.814405088145577,-2.2012580092294493e-14,0
0.003728819079697132,-6.3026034044511015e-12,5.816385088175593,-2.3501267826281368e-14,0
0.002086049411445856,-5.65327602439214e-12,5.818410088206292,-1.1793013123424192e-14,0
-0.0017322881612926722,-4.500456864814373e-12,5.820435088236991,7.796088147326274e-15,0
-0.007457156665623188,-3.235235213408516e-12,5.822415088267007,2.4125655836528173e-14,0
-0.008483964949846268,-2.9984239917346667e-12,5.824440088297706,2.5438524050655047e-14,0
-0.005065304227173328,-3.763580593008076e-12,5.826465088328405,1.9063680687071308e-14,0
0.0004966528504155576,-5.106293426287989e-12,5.828445088358421,-2.5360551852241538e-15,0
0.003299353178590536,-6.093050543276579e-12,5.83047008838912,-2.0103125677272374e-14,0
0.003806085791438818,-6.333591637264213e-12,5.832495088419819,-2.4106193139367042e-14,0
0.0028276853263378143,-5.925275027574006e-12,5.834475088449835,-1.6754813249986906e-14,0
-4.793736297870055e-05,-4.913539627254826e-12,5.836500088480534,2.355421326219436e-16,0
-0.006114454939961433,-3.5179550245123536e-12,5.838525088511233,2.1510377478191706e-14,0
-0.008589159697294235,-2.9822461774381415e-12,5.840505088541249,2.5614988674661477e-14,0
-0.006763929035514593,-3.410235635548098e-12,5.842530088571948,2.306659183323034e-14,0
-0.0007545083062723279,-4.7375029246787825e-12,5.844555088602647,3.574485307659588e-15,0
0.0026563953142613173,-5.872555046415595e-12,5.846535088632663,-1.559982770804004e-14,0
0.003927416168153286,-6.3459840680957225e-12,5.848560088663362,-2.4923320431882304e-14,0
0.0034563688095659018,-6.151835551387874e-12,5.850585088694061,-2.12630125213957e-14,0
0.0012339442037045956,-5.2581532877793435e-12,5.852565088724077,-6.488267771645583e-15,0
-0.004108935594558716,-3.921505481452314e-12,5.854590088754776,1.6113213456996528e-14,0
-0.008298400789499283,-3.027021992438317e-12,5.856615088785475,2.511944169188182e-14,0
-0.007748845964670181,-3.149040490174615e-12,5.858640088816173,2.4401429694872575e-14,0
-0.0020801431965082884,-4.438508154763765e-12,5.86062008884619,9.232732540778403e-15,0
0.0020575011149048805,-5.570659385167875e-12,5.862645088876889,-1.146163789573824e-14,0
0.003870319575071335,-6.301498385596904e-12,5.864670088907587,-2.4388812554056113e-14,0
0.003862872254103422,-6.30525579664587e-12,5.866650088937604,-2.43563976718881e-14,0
0.002007541712373495,-5.537612902950517e-12,5.868675088968303,-1.1116988889650842e-14,0
-0.0022818432189524174,-4.354289064728567e-12,5.870700088999001,9.935804975709544e-15,0
-0.007620999589562416,-3.1589737336384927e-12,5.872680089029018,2.4074537527497406e-14,0
-0.008198482915759087,-3.0416387724468974e-12,5.874705089059717,2.4936823511816328e-14,0
-0.004044702276587486,-3.996177954518343e-12,5.876730089090415,1.6163350070289066e-14,0
0.0012041546870023012,-5.298273538650866e-12,5.878710089120432,-6.3799409145867086e-15,0
0.0036347960121929646,-6.1769383011278656e-12,5.8807350891511305,-2.245191070450155e-14,0
0.004148665815591812,-6.347890529195821e-12,5.882760089181829,-2.633527643959372e-14,0
0.002887264359742403,-5.860618847858268e-12,5.884740089211846,-1.692115592545576e-14,0
-0.0004047913826070726,-4.783259725804623e-12,5.8867650892425445,1.93622231777718e-15,0
-0.006521268747746944,-3.4089647337615103e-12,5.888790089273243,2.223077518045042e-14,0
-0.008402975276112556,-3.0051245780010616e-12,5.89077008930326,2.52519875305811e-14,0
-0.0057290527038276196,-3.6002537756596453e-12,5.8927950893339585,2.0626043627908487e-14,0
0.00010194131755270064,-4.9589789739845624e-12,5.894820089364657,-5.055248503241259e-16,0
0.0033279014751315117,-6.0285457181841196e-12,5.896845089395356,-2.006240618844269e-14,0
0.004138425458222628,-6.368917546129005e-12,5.898825089425372,-2.635729051422106e-14,0
0.003542013932019472,-6.093685885749656e-12,5.900850089456071,-2.1583920304675698e-14,0
0.0009655279573053122,-5.152492581900203e-12,5.90287508948677,-4.974875637632877e-15,0
-0.004776097368448973,-3.7541445646605e-12,5.904855089516786,1.7930159976052028e-14,0
-0.008234167471528053,-3.0254332025747566e-12,5.906880089547485,2.4911923663922004e-14,0
-0.006985178217291832,-3.2971147513605192e-12,5.908905089578184,2.3030934141115074e-14,0
-0.0011119828559458256,-4.600314920666371e-12,5.9108850896082,5.115471323732785e-15,0
0.0027712094597518444,-5.767032684733664e-12,5.912910089638899,-1.5981655530632006e-14,0
0.004170076921582222,-6.3637784278314236e-12,5.914935089669598,-2.6537445555962615e-14,0
0.003996924962848425,-6.2803881019368735e-12,5.916915089699614,-2.5102239981007728e-14,0
0.0019004854839295149,-5.425762270028223e-12,5.918940089730313,-1.031158243344109e-14,0
-0.0027100681327283382,-4.2128878510738765e-12,5.920965089761012,1.1417213111953682e-14,0
-0.007777394261211157,-3.1128853834883063e-12,5.922945089791028,2.4210136917350045e-14,0
-0.007948684506118298,-3.078180722468349e-12,5.924970089821727,2.4467487415716192e-14,0
-0.0028028502129018307,-4.233224014382753e-12,5.926995089852426,1.186509282997384e-14,0
0.0018669721903279424,-5.452122694288297e-12,5.928975089882442,-1.0178961448492105e-14,0
0.004027335438877344,-6.273218056129792e-12,5.931000089913141,-2.5264353393256757e-14,0
0.004277133382856846,-6.35297457002304e-12,5.93302508994384,-2.717251961388616e-14,0
0.0027755536139011383,-5.741584725021953e-12,5.935005089973856,-1.5936076233054256e-14,0
-0.0007616453221999109,-4.62183980323716e-12,5.937030090004555,3.5202026660929394e-15,0
-0.006721106823533773,-3.3193575926099284e-12,5.939055090035254,2.230975696543923e-14,0
-0.008077152073383331,-3.041321101210359e-12,5.941080090065952,2.456521303846573e-14,0
-0.004798439797013998,-3.782991281342518e-12,5.943060090095969,1.8152455916150917e-14,0
0.0010226245503872633,-5.125482937379244e-12,5.945085090126668,-5.241444684355039e-15,0
0.0037775374948978424,-6.125143794943888e-12,5.947110090157366,-2.31379603470414e-14,0
0.004369294736534357,-6.393785240838001e-12,5.949090090187383,-2.7936332199324536e-14,0
0.0034492318518459797,-5.994546005416712e-12,5.951115090218082,-2.0676579019239406e-14,0
0.0006443593883886933,-4.9869414153747016e-12,5.95314009024878,-3.2133825203410874e-15,0
-0.005483598913997412,-3.599300545109596e-12,5.955120090278797,1.9737120560313273e-14,0
-0.0080628776922822,-3.032741592579047e-12,5.957145090309496,2.445262453326199e-14,0
-0.00631429348140955,-3.421357381433454e-12,5.959170090340194,2.1603454611157706e-14,0
-0.00046406014007516205,-4.751843449973814e-12,5.961150090370211,2.2051411370100893e-15,0
0.0032850790303200483,-5.903032403165032e-12,5.9631750904009095,-1.9391927962937207e-14,0
0.00454834196716547,-6.387610058944393e-12,5.965200090431608,-2.9053034900985085e-14,0
0.004086293745785952,-6.224352630535002e-12,5.967180090461625,-2.5434533225721513e-14,0
0.0017363325459882617,-5.312641819521513e-12,5.9692050904923235,-9.2245128964135e-15,0
-0.003480872604995966,-4.003804232599606e-12,5.971230090523022,1.3936732469022865e-14,0
-0.0077624996192753315,-3.070775621630273e-12,5.973210090553039,2.3836894593784962e-14,0
-0.00747763691470027,-3.1538066429248612e-12,5.9752350905837375,2.3583020974961875e-14,0
-0.001803658902645111,-4.428644083398492e-12,5.977260090614436,7.987763327668288e-15,0
0.0023858067579567432,-5.598304372161911e-12,5.979285090645135,-1.335647240420267e-14,0
0.00441397912800312,-6.346370911430865e-12,5.981265090675151,-2.801274874162198e-14,0
0.0043199555948376656,-6.3561517160692915e-12,5.98329009070585,-2.7458293167470565e-14,0
0.002500000176951289,-5.597033253534889e-12,5.985315090736549,-1.3992584124239472e-14,0
-0.001804589992389083,-4.409329672216966e-12,5.987295090766565,7.957032199626972e-15,0
-0.007013726979494095,-3.2300681226948846e-12,5.989320090797264,2.2654815937748955e-14,0
-0.007763120345771313,-3.082311749585953e-12,5.991345090827963,2.3928357055220684e-14,0
-0.003882410703226924,-3.990555282051833e-12,5.993325090857979,1.5492974538856773e-14,0
0.0015436315443366766,-5.289762985277724e-12,5.995350090888678,-8.165445006139242e-15,0
0.004098705947399139,-6.216022054722492e-12,5.997375090919377,-2.5477646564855297e-14,0
0.004458663519471884,-6.396106734529727e-12,5.999355090949393,-2.851808776389613e-14,0
0.004084432031959295,-6.3037223010931065e-12,6.000030090959626,-2.574712528716084e-14,0
0.002522342372685671,-5.5797775254384785e-12,6.002010090989643,-1.4074109282572673e-14,0
-0.0016630894970148802,-4.4358557625689965e-12,6.003990091019659,7.37722512900143e-15,0
-0.007099372334778309,-3.231021353244934e-12,6.006015091050358,2.2938223608305057e-14,0
-0.007720298133790493,-3.092479831240391e-12,6.008040091081057,2.387486626990993e-14,0
-0.0035845155362039804,-4.007465366495655e-12,6.010020091111073,1.4364821867003054e-14,0
0.0017291954718530178,-5.31645474172171e-12,6.012045091141772,-9.193189465696686e-15,0
0.004141528625041246,-6.230003492257996e-12,6.014070091172471,-2.5801737797293422e-14,0
0.00452693086117506,-6.3958716794987325e-12,6.016095091203169,-2.8953668890038376e-14,0
0.0033415548969060183,-5.898086272854153e-12,6.018075091233186,-1.970877906742996e-14,0
0.00012335256906226277,-4.8436333069390436e-12,6.020100091263885,-5.974746120064746e-16,0
-0.005857519805431366,-3.4601234637915423e-12,6.022125091294583,2.026774171839674e-14,0
-0.007881658151745796,-3.0581761081838188e-12,6.0241050913246,2.410349865254123e-14,0
-0.005300828255712986,-3.6383847323850915e-12,6.026130091355299,1.9286452594581624e-14,0
0.000665770610794425,-5.0050536631873754e-12,6.028155091385997,-3.3322176343991333e-15,0
0.003780950792133808,-6.060887902670231e-12,6.030135091416014,-2.2915918916635225e-14,0
0.004712495021522045,-6.415890388411505e-12,6.032160091446713,-3.023485151402036e-14,0
0.004027335438877344,-6.1489754260568574e-12,6.034185091477411,-2.4763986646144698e-14,0
0.0015690765576437116,-5.219027467140425e-12,6.036165091507428,-8.189053652388676e-15,0
-0.004108935594558716,-3.832215794696836e-12,6.038190091538127,1.5746327884859946e-14,0
-0.007727434858679771,-3.0734145697181026e-12,6.040215091568825,2.3749610881213956e-14,0
-0.00666028680279851,-3.322438461503263e-12,6.042195091598842,2.2128393038260368e-14,0
-0.0007830566028133035,-4.626606389668275e-12,6.0442200916295405,3.6228946820479625e-15,0
0.0032137080561369658,-5.808658675582334e-12,6.046245091660239,-1.8667333181068826e-14,0
0.0046225059777498245,-6.4020750506488255e-12,6.048225091690256,-2.9593630191627207e-14,0
0.00450551975518465,-6.334862755891235e-12,6.0502500917209545,-2.854184929305144e-14,0
0.0022430652752518654,-5.473426399615899e-12,6.052275091751653,-1.2277252693625264e-14,0
-0.0019237480591982603,-4.302232181618848e-12,6.05425509178167,8.276410809609556e-15,0
-0.007249250542372465,-3.1700124296374366e-12,6.0562800918123685,2.2980214324876643e-14,0
-0.007506185676902533,-3.1242551948307273e-12,6.058305091843067,2.3451239594426737e-14,0
-0.002296117367222905,-4.265635154127034e-12,6.060330091873766,9.794398959627637e-15,0
0.002418078947812319,-5.522084092074442e-12,6.0623100919037824,-1.335283529109451e-14,0
0.00454834196716547,-6.320881318355731e-12,6.064335091934481,-2.8749529769749576e-14,0
0.004755317699164152,-6.4009557203259515e-12,6.06636009196518,-3.043857802843202e-14,0
0.003207501955330372,-5.7856835641856286e-12,6.068340091995196,-1.85575913450482e-14,0
-0.00037624299875460565,-4.677765119698307e-12,6.070365092025895,1.759976376104988e-15,0
-0.006300019100308418,-3.374329461680592e-12,6.072390092056594,2.1258340059321152e-14,0
-0.0077178156934678555,-3.0837069009415075e-12,6.07437009208661,2.3799481514141492e-14,0
-0.004408692941069603,-3.802664780283571e-12,6.076395092117309,1.6764781374090173e-14,0
0.0013580673839896917,-5.164249236577767e-12,6.078420092148008,-7.013398450989931e-15,0
0.004183109849691391,-6.165001668889669e-12,6.080400092178024,-2.578887920449624e-14,0
0.0048837848007678986,-6.438451334578321e-12,6.082425092208723,-3.14440107682974e-14,0
0.003870319575071335,-6.048246539019919e-12,6.084450092239422,-2.3408646974826245e-14,0
0.0012339442037045956,-5.072804589584257e-12,6.086430092269438,-6.259557819843563e-15,0
-0.00494397385045886,-3.6704779840524004e-12,6.088455092300137,1.8146747171840022e-14,0
-0.007677474990487099,-3.079769512331909e-12,6.090480092330836,2.364485340739288e-14,0
-0.006116627249866724,-3.4391515243287207e-12,6.092460092360852,2.1036007930129735e-14,0
-2.652612420206424e-05,-4.774998105250283e-12,6.094485092391551,1.2666219280449042e-16,0
0.003748989198356867,-5.9402096956595596e-12,6.09651009242225,-2.226978198500242e-14,0
0.004862373694777489,-6.436226551720381e-12,6.0985350924529484,-3.1295338678713604e-14,0
0.0044884528033435345,-6.257178369190042e-12,6.100515092482965,-2.8085049792211568e-14,0
0.0022359280847012997,-5.371744282028912e-12,6.102540092513664,-1.2010833904022063e-14,0
-0.002974139992147684,-4.055280417025742e-12,6.104565092544362,1.2060971667649597e-14,0
-0.007293314673006535,-3.1128853834883063e-12,6.106545092574379,2.2703252642782838e-14,0
-0.007099372334778309,-3.1967037524005537e-12,6.108570092605078,2.26945901822745e-14,0
-0.0013897082535549998,-4.457877643415653e-12,6.110595092635776,6.1951493543930455e-15,0
0.0029170538764446974,-5.6195660104452205e-12,6.112575092665793,-1.6392576814706093e-14,0
0.004955155774950981,-6.374582285639807e-12,6.114600092696492,-3.1587048225588315e-14,0
0.00491947028785944,-6.40921777456116e-12,6.11662509272719,-3.152995641037423e-14,0
0.0031628175638616085,-5.660681125230216e-12,6.118605092757207,-1.790370168629802e-14,0
-0.000997168943285942,-4.4893355526098855e-12,6.120630092787906,4.47662598905201e-15,0
-0.006528405472636223,-3.276460483134236e-12,6.122655092818604,2.1390062548969868e-14,0
-0.00718160392716527,-3.1178586188534974e-12,6.124635092848621,2.239122570150436e-14,0
-0.0033238567411899567,-4.0044395750726824e-12,6.12666009287932,1.3310183476293181e-14,0
0.002021815860643983,-5.325987480903072e-12,6.128685092910018,-1.0768165962481122e-14,0
0.004570373799651861,-6.25021562283834e-12,6.130665092940035,-2.856582172479509e-14,0
0.005026526749134064,-6.44035779567842e-12,6.1326900929707335,-3.237263073397167e-14,0
0.003941690549254417,-5.972620835403841e-12,6.134715093001432,-2.3542223101191344e-14,0
0.0007051797583699226,-4.922271357871155e-12,6.136695093031449,-3.4710861267747722e-15,0
-0.0052794162184000015,-3.5436935504062905e-12,6.1387200930621475,1.8708633203054454e-14,0
-0.007384854834526777,-3.0896201395902434e-12,6.140745093092846,2.2816396224704305e-14,0
-0.0049653854221105576,-3.657132322670842e-12,6.142770093123545,1.8159071521719122e-14,0
0.0008839169749990106,-4.988585499549059e-12,6.1447500931535615,-4.409495404285332e-15,0
0.004234310705214739,-6.076208980410058e-12,6.14677509318426,-2.5728556732872243e-14,0
0.005204953718930483,-6.464189426791389e-12,6.148800093214959,-3.364580679684895e-14,0
0.004607610870152712,-6.213410862210278e-12,6.150780093244975,-2.862897942944501e-14,0
0.0021145977079868317,-5.286902859946707e-12,6.152805093275674,-1.1179672669992332e-14,0
-0.003602202981710434,-3.897673850339345e-12,6.154830093306373,1.4040212365427176e-14,0
-0.007174156606197357,-3.1115589705504876e-12,6.156810093336389,2.2322811344147428e-14,0
-0.006271470338106155,-3.3416004338593375e-12,6.158835093367088,2.0956748002751495e-14,0
-0.00043333967914804816,-4.649802244627299e-12,6.160860093397787,2.014943812788668e-15,0
0.0035426344256848097,-5.8102194930298445e-12,6.162840093427803,-2.058348359679247e-14,0
0.0051264455541968346,-6.439086677051398e-12,6.164865093458502,-3.3009627268658206e-14,0
0.005076486151665449,-6.386338940317371e-12,6.166890093489201,-3.242016119036293e-14,0
0.00292450119741261,-5.559220618567284e-12,6.168870093519217,-1.6257947355680894e-14,0
-0.001503901556134224,-4.369541187210224e-12,6.170895093549916,6.57135979103804e-15,0
-0.0067353807389736176,-3.2141804408997166e-12,6.172920093580615,2.164872903322168e-14,0
-0.007062444929033518,-3.1573155548358933e-12,6.174900093610631,2.2298367229609403e-14,0
-0.002296117600053549,-4.244027872191136e-12,6.17692509364133,9.744787092455881e-15,0
0.002814031671732664,-5.522678668545833e-12,6.178950093672029,-1.5540992686090354e-14,0
0.004969430156052113,-6.352975003703909e-12,6.1809750937027275,-3.157066556405149e-14,0
0.0052034021355211735,-6.448494516142489e-12,6.182955093732744,-3.35541101361924e-14,0
0.003870319575071335,-5.871892382047772e-12,6.184980093763443,-2.272610002895174e-14,0
0.00022327169426716864,-4.753390823314385e-12,6.187005093794141,-1.0612976226354144e-15,0
-0.005721915978938341,-3.4258884791527056e-12,6.188985093824158,1.9602646030924638e-14,0
-0.007242113351821899,-3.122348733730629e-12,6.191010093854857,2.2612403453594788e-14,0
-0.004023290704935789,-3.817916902765228e-12,6.193035093885555,1.536058958711258e-14,0
0.0017924982821568847,-5.177912352355429e-12,6.195015093915572,-9.281398996756021e-15,0
0.004648261237889528,-6.182021908274216e-12,6.197040093946271,-2.873565280801489e-14,0
0.005369106307625771,-6.479441549273046e-12,6.199065093976969,-3.478881049209441e-14,0
0.00451079523190856,-6.121234161909905e-12,6.201045094006986,-2.761163387093899e-14,0
0.0018719371873885393,-5.153763700527225e-12,6.203070094037685,-9.647521926030084e-15,0
-0.004180306568741798,-3.7356181516179365e-12,6.205095094068383,1.5616029097519555e-14,0
-0.006987971719354391,-3.121174542777827e-12,6.2070750940984,2.1810679436100327e-14,0
-0.0055506257340312,-3.462665484205152e-12,6.209100094129099,1.9219960144970723e-14,0
0.00040883576730266213,-4.7950168141630556e-12,6.211125094159797,-1.9603743784475193e-15,0
0.004071399103850126,-5.949811390099091e-12,6.213105094189814,-2.4224056761726714e-14,0
0.005376243498176336,-6.474993284599773e-12,6.2151300942205125,-3.481114054706497e-14,0
0.005090760067105293,-6.3215170945096766e-12,6.217155094251211,-3.218132678825334e-14,0
0.0028276853263378143,-5.446817476217891e-12,6.219135094281228,-1.5401885852741698e-14,0
-0.0021533758845180273,-4.168401734894189e-12,6.2211600943119265,8.976135772904254e-15,0
-0.006799614988267422,-3.1728721212875843e-12,6.223185094342625,2.1574308831762907e-14,0
-0.006614050827920437,-3.2208530547500613e-12,6.225210094373324,2.130288581337971e-14,0
-0.0010821933392435312,-4.472328323651409e-12,6.2271900944033405,4.8399239227657424e-15,0
0.0033992722164839506,-5.623407121901902e-12,6.229215094434039,-1.9115491591459112e-14,0
0.005333421286195517,-6.419385856215598e-12,6.231240094464738,-3.42372891698427e-14,0
0.005456612911075354,-6.447831418093797e-12,6.2332200944947544,-3.518332016440792e-14,0
0.0037204409018158913,-5.736210118012508e-12,6.235245094525453,-2.1341230744463895e-14,0
-0.00045475090155377984,-4.558923984848695e-12,6.237270094556152,2.0731747922250946e-15,0
-0.006012363359332085,-3.3400116439957772e-12,6.239250094586168,2.008136362810273e-14,0
-0.006821026094257832,-3.1588906837520803e-12,6.241275094616867,2.1546875782780903e-14,0
-0.0031882524490356445,-4.0006266528724854e-12,6.243300094647566,1.2755007723697975e-14,0
0.002380841877311468,-5.3271198216520155e-12,6.245280094677582,-1.2683029956845118e-14,0
0.005026526749134064,-6.2741712866798416e-12,6.247305094708281,-3.153728980114511e-14,0
0.005426202900707722,-6.4892917428505115e-12,6.24933009473898,-3.521221367859411e-14,0
0.004332057666033506,-6.042651188448156e-12,6.251310094768996,-2.6177113404083312e-14,0
0.0012438740814104676,-4.989165330870904e-12,6.253335094799695,-6.205893442941997e-15,0
-0.004786957986652851,-3.59612318222291e-12,6.255360094830394,1.7214490588129426e-14,0
-0.007122024428099394,-3.124490249861722e-12,6.25734009486041,2.2252695884873564e-14,0
-0.004836917854845524,-3.627580874576708e-12,6.259365094891109,1.754631070213622e-14,0
0.0011368179693818092,-4.9793151372934386e-12,6.261390094921808,-5.6605749232900315e-15,0
0.004569753538817167,-6.098769926576875e-12,6.2634150949525065,-2.786987545440639e-14,0
0.005523639731109142,-6.493588219219637e-12,6.265395094982523,-3.586824188514385e-14,0
0.00487664807587862,-6.271311161348825e-12,6.267420095013222,-3.058297750822786e-14,0
0.0024857260286808014,-5.341239603384729e-12,6.2694450950439204,-1.327685830755414e-14,0
-0.0031898037996143103,-3.957066445348101e-12,6.271425095073937,1.2622265582697664e-14,0
-0.0068567111156880856,-3.1544419853979377e-12,6.273450095104636,2.1629097425071233e-14,0
-0.005971712991595268,-3.362254702085621e-12,6.275475095135334,2.007842008549698e-14,0
-0.0002704280486796051,-4.6540297657382546e-12,6.277455095165351,1.258580188045396e-15,0
0.00379181164316833,-5.805481095855214e-12,6.27948009519605,-2.2013290813457437e-14,0
0.0055261217057704926,-6.470226698168657e-12,6.281505095226748,-3.575526019800556e-14,0
0.005352349951863289,-6.4418635356555676e-12,6.283485095256765,-3.447910798497595e-14,0
0.0034135463647544384,-5.625948925475077e-12,6.285510095287464,-1.920443750284959e-14,0
-0.0010756768751889467,-4.4394479412068755e-12,6.287535095318162,4.775411488961415e-15,0
-0.006235785782337189,-3.269386931320506e-12,6.289515095348179,2.0387196543287422e-14,0
-0.006713969632983208,-3.197021423637092e-12,6.291540095378878,2.146470475429618e-14,0
-0.002060593804344535,-4.2538780657686015e-12,6.293565095409576,8.765514786759894e-15,0
0.0030213173013180494,-5.5224158579392224e-12,6.295545095439593,-1.6684970576664932e-14,0
0.005197816528379917,-6.363142651677478e-12,6.297570095470292,-3.307444804732841e-14,0
0.005561807658523321,-6.4892917428505115e-12,6.29959509550099,-3.6092192513778125e-14,0
0.004235241562128067,-5.954453076439936e-12,6.301575095531007,-2.521854714907975e-14,0
0.0008727459935471416,-4.863334561455712e-12,6.3036000955617055,-4.2444557537898175e-15,0
-0.005200908984988928,-3.4985718749130923e-12,6.305625095592404,1.819575389886506e-14,0
-0.006892397068440914,-3.1541243141613995e-12,6.307650095623103,2.173947717642424e-14,0
-0.0038749633822590113,-3.839690284473951e-12,6.3096300956531195,1.4878659251552247e-14,0
0.0019218967063352466,-5.182997260544386e-12,6.311655095683818,-9.961185363984862e-15,0
0.00487664807587862,-6.212526586918399e-12,6.313680095714517,-3.029630582644038e-14,0
0.005694929976016283,-6.5184567812903715e-12,6.3156600957445335,-3.712215492113715e-14,0
0.004833825398236513,-6.188059613332353e-12,6.317685095775232,-2.9911999724727544e-14,0
0.0021716945338994265,-5.2249411394700296e-12,6.319710095805931,-1.1346976112533304e-14,0
-0.0037632526364177465,-3.81614835218147e-12,6.321690095835947,1.4361130347308156e-14,0
-0.00687098503112793,-3.158573012515542e-12,6.323715095866646,2.170250788871894e-14,0
-0.005379335954785347,-3.4855441016085065e-12,6.325740095897345,1.874991270777263e-14,0
0.0005711267585866153,-4.814510769224345e-12,6.327720095927361,-2.749695929807452e-15,0
0.004384189378470182,-5.970714374303743e-12,6.32974509595806,-2.617674254170171e-14,0
0.005647452548146248,-6.509310451763284e-12,6.331770095988759,-3.676102189748556e-14,0
0.0053597972728312016,-6.386491162302388e-12,6.333750096018775,-3.423029791466891e-14,0
0.003170885844156146,-5.506154560075416e-12,6.335775096049474,-1.7459387550278948e-14,0
-0.0016966027906164527,-4.248476570545279e-12,6.337800096080173,7.207977205455737e-15,0
-0.006377285812050104,-3.230924642411148e-12,6.339780096110189,2.060452988185167e-14,0
-0.006421349477022886,-3.2341989329720544e-12,6.341805096140888,2.0767921626828078e-14,0
-0.0009757577208802104,-4.456606524788631e-12,6.343830096171587,4.3485682254876295e-15,0
0.0034777801483869553,-5.652004905765118e-12,6.3458550962022855,-1.965643045985561e-14,0
0.005531087052077055,-6.4541315000776756e-12,6.347835096232302,-3.569836317248229e-14,0
0.005718823056668043,-6.49342298680855e-12,6.349860096263001,-3.713473709365901e-14,0
0.0040772948414087296,-5.7981727058509236e-12,6.3518850962936995,-2.3640859663162866e-14,0
7.215177902253345e-05,-4.6364565832457405e-12,6.353865096323716,-3.345285908419171e-16,0
-0.0055648996494710445,-3.4105535236250706e-12,6.355890096354415,1.897938810812339e-14,0
-0.00645703449845314,-3.1951149625369935e-12,6.357915096385113,2.063096753962518e-14,0
-0.0030259613413363695,-3.988897320089668e-12,6.35989509641513,1.2070249085151582e-14,0
0.0025927822571247816,-5.324080586122104e-12,6.361920096445829,-1.38041816791999e-14,0
0.005304872523993254,-6.3011809312008005e-12,6.363945096476527,-3.342696159063735e-14,0
0.0058364300057291985,-6.5353664320533245e-12,6.365925096506544,-3.8143208742471396e-14,0
0.004798139911144972,-6.095592346849754e-12,6.367950096537243,-2.924750492148965e-14,0
0.001786292064934969,-5.047633318266964e-12,6.369975096567941,-9.016547343121645e-15,0
-0.0042547802440822124,-3.668930610711829e-12,6.371955096597958,1.5610493479365177e-14,0
-0.006599776446819305,-3.171918890737535e-12,6.373980096628657,2.0933955586310802e-14,0
-0.004615668207406998,-3.645057346235436e-12,6.376005096659355,1.6824375307194224e-14,0
0.00126373372040689,-4.962722940926589e-12,6.377985096689372,-6.271560325485781e-15,0
0.004798139911144972,-6.094321228222732e-12,6.380010096720071,-2.9241405916473536e-14,0
0.005975758191198111,-6.5353668657341935e-12,6.382035096750769,-3.905377208039583e-14,0
0.00541937630623579,-6.338412867484822e-12,6.384015096780786,-3.4350244513187296e-14,0
0.0030352813191711903,-5.409874805073489e-12,6.3860400968114845,-1.6420491934894446e-14,0
-0.0023960364051163197,-4.055916193179687e-12,6.388065096842183,9.718122854959326e-15,0
-0.006442760583013296,-3.1928908302003567e-12,6.390090096872882,2.0571031186679457e-14,0
-0.005729363299906254,-3.365542870434335e-12,6.3920700969028985,1.9282417806127626e-14,0
0.00010907842079177499,-4.648213237923304e-12,6.394095096933597,-5.070197594960971e-16,0
0.004162940196692944,-5.8162849536635974e-12,6.396120096964296,-2.4212846429026544e-14,0
0.0058960095047950745,-6.497899007057439e-12,6.3981000969943125,-3.831167430680914e-14,0
0.005925798323005438,-6.49024540708143e-12,6.400125097025011,-3.845988534917688e-14,0
0.003984512761235237,-5.6844160455093995e-12,6.40215009705571,-2.2649628273502545e-14,0
-0.0003970336401835084,-4.516095830631173e-12,6.4041300970857264,1.7930419670530595e-15,0
-0.005757601000368595,-3.3263483113776804e-12,6.406155097116425,1.915178636516252e-14,0
-0.006185825914144516,-3.232292471871956e-12,6.408180097147124,1.999439853459978e-14,0
-0.0017226685304194689,-4.238570432135713e-12,6.41016009717714,7.301651897406642e-15,0
0.00342782074585557,-5.522996122941937e-12,6.412185097207839,-1.893184068950025e-14,0
0.005790194030851126,-6.394918882629552e-12,6.414210097238538,-3.7027821141978784e-14,0
0.00616411492228508,-6.5307247457124795e-12,6.416190097268554,-4.025613785838273e-14,0
0.004869510885328054,-6.017741860375736e-12,6.418215097299253,-2.9303459494193943e-14,0
0.0015721798408776522,-4.924026030667106e-12,6.420240097329952,-7.741454461371628e-15,0
-0.004470754414796829,-3.5701222794032317e-12,6.422220097359968,1.5961139942006517e-14,0
-0.006278607528656721,-3.1893953623962634e-12,6.424245097390667,2.002496173420401e-14,0
-0.0033666794188320637,-3.83062722167371e-12,6.426270097421366,1.289649382842673e-14,0
0.002492863219231367,-5.200155844126142e-12,6.4282950974520645,-1.2963277238093102e-14,0
0.005441718269139528,-6.2336368705784295e-12,6.430275097482081,-3.39216956418084e-14,0
0.006296926643699408,-6.565235768224431e-12,6.43230009751278,-4.134080803110077e-14,0
0.005518984980881214,-6.2423954894086364e-12,6.4343250975434785,-3.44516869507669e-14,0
0.0029468433931469917,-5.301589028894327e-12,6.436305097573495,-1.5622952602977823e-14,0
-0.0030098254792392254,-3.900850996385596e-12,6.438330097604194,1.1740880719637088e-14,0
-0.006235785316675901,-3.2036942543278712e-12,6.4403550976348924,1.997754959025669e-14,0
-0.004954834934324026,-3.50281349065229e-12,6.442335097664909,1.7355862651905452e-14,0
0.0009369796607643366,-4.815035523075828e-12,6.444360097695608,-4.511590350979819e-15,0
0.00485523696988821,-5.99327488678969e-12,6.446385097726306,-2.909876980104388e-14,0
0.006149220280349255,-6.550950754080631e-12,6.448365097756323,-4.028323923256186e-14,0
0.005911524407565594,-6.440993138151496e-12,6.450390097787022,-3.807608814514508e-14,0
0.003627658821642399,-5.56589279873676e-12,6.45241509781772,-2.019116011165331e-14,0
-0.0009853772353380919,-4.344342160317316e-12,6.454395097847737,4.28081586729619e-15,0
-0.00590034294873476,-3.282180083274966e-12,6.456420097878436,1.9365988110829113e-14,0
-0.006064495071768761,-3.274236350797599e-12,6.458445097909134,1.985659021321817e-14,0
-0.0007098239730112255,-4.443813372834171e-12,6.460425097939151,3.1543252636255655e-15,0
0.003934553358703852,-5.664397336596627e-12,6.46245009796985,-2.228687356573941e-14,0
0.006004306487739086,-6.473086823499674e-12,6.464475098000548,-3.8866397210037486e-14,0
0.006156667601317167,-6.5383510237937426e-12,6.466455098030565,-4.0254453914229866e-14,0
0.004605438560247421,-5.885873385902407e-12,6.468480098061264,-2.7107028252168996e-14,0
0.0006871818914078176,-4.7298770802783885e-12,6.470505098091962,-3.250285878152189e-15,0
-0.0050438931211829185,-3.4642544909091466e-12,6.472530098122661,1.7473329396723678e-14,0
-0.006064495537430048,-3.2282722502163796e-12,6.4745100981526775,1.9577842655046494e-14,0
-0.002731479238718748,-3.987280991490927e-12,6.476535098183376,1.0891175247195372e-14,0
0.0030281441286206245,-5.3352023320074604e-12,6.478560098214075,-1.6155761616671455e-14,0
0.005709824617952108,-6.335760475290053e-12,6.4805400982440915,-3.6176081135259096e-14,0
0.006461079698055983,-6.5738152768557434e-12,6.48256509827479,-4.247394442406291e-14,0
0.005347695201635361,-6.148657537979885e-12,6.484590098305489,-3.288114641235412e-14,0
0.00248510530218482,-5.131492453180897e-12,6.4865700983355055,-1.2752299103521237e-14,0
-0.003602202981710434,-3.742926541622227e-12,6.488595098366204,1.3482781148554708e-14,0
-0.0061715515330433846,-3.2094140713090358e-12,6.490620098396903,1.980706433195829e-14,0
-0.004187753889709711,-3.647047074062382e-12,6.492600098426919,1.527293557035916e-14,0
0.001786292064934969,-4.965016245361831e-12,6.494625098457618,-8.868969121363051e-15,0
0.0053262836299836636,-6.1143399371355045e-12,6.496650098488317,-3.256670871532018e-14,0
0.006424773950129747,-6.573497388778771e-12,6.498630098518333,-4.223323478467176e-14,0
0.005918661132454872,-6.381890675644097e-12,6.500655098549032,-3.777224829351088e-14,0
0.0036419329699128866,-5.47024838620791e-12,6.502680098579731,-1.9922277951343348e-14,0
-0.0016705368179827929,-4.141420279629715e-12,6.504660098609747,6.918395055862032e-15,0
-0.00590034294873476,-3.2491333842171732e-12,6.506685098640446,1.9171001253064507e-14,0
-0.005286553408950567,-3.3778247126442507e-12,6.508710098671145,1.7857050749466934e-14,0
0.00034460201277397573,-4.66346579408583e-12,6.5107350987018435,-1.6070396991445642e-15,0
0.004548031836748123,-5.8185088691598e-12,6.51271509873186,-2.646276357934009e-14,0
0.006375434808433056,-6.534413201503275e-12,6.514740098762559,-4.1659725377548465e-14,0
0.006396845914423466,-6.5417215915075655e-12,6.5167650987932575,-4.184638503593094e-14,0
0.00450334744527936,-5.744568449400633e-12,6.518745098823274,-2.5869787650840755e-14,0
0.00025895709404721856,-4.580531266784593e-12,6.520770098853973,-1.186161066038963e-15,0
-0.005193771794438362,-3.3778247126442507e-12,6.5227950988846715,1.7543650719088575e-14,0
-0.0056995730847120285,-3.268723833271814e-12,6.524775098914688,1.8630330381472758e-14,0
-0.0016537802293896675,-4.213841081623926e-12,6.526800098945387,6.968767070579621e-15,0
0.00379181164316833,-5.535070665696473e-12,6.528825098976085,-2.0987945395947367e-14,0
0.006171562243252993,-6.414011249206153e-12,6.530805099006102,-3.9584469653400655e-14,0
0.006518175825476646,-6.5763570804289184e-12,6.532830099036801,-4.2865851741353954e-14,0
0.0053548323921859264,-6.068900590405768e-12,6.534855099067499,-3.24979454664611e-14,0
0.002030814765021205,-5.0001903659224745e-12,6.536835099097516,-1.0154460423032143e-14,0
-0.004001879598945379,-3.6333006915578725e-12,6.538860099128215,1.4540031914379588e-14,0
-0.005957439076155424,-3.2240308513176164e-12,6.540885099158913,1.9206967376370206e-14,0
-0.0033908833283931017,-3.821121804387095e-12,6.54286509918893,1.2956978222255568e-14,0
0.002571370918303728,-5.180772477686446e-12,6.544890099219629,-1.3321687683471278e-14,0
0.005704549141228199,-6.248433194466774e-12,6.546915099250327,-3.5644494213517206e-14,0
0.006588615942746401,-6.5973706532551635e-12,6.548895099280344,-4.346754146624421e-14,0
0.005854427814483643,-6.323741443686748e-12,6.550920099311043,-3.702188779952264e-14,0
0.0033778611104935408,-5.380641245056328e-12,6.552945099341741,-1.8175058811193316e-14,0
-0.0025245039723813534,-3.9609071231239135e-12,6.55497009937244,9.999325766559918e-15,0
-0.0058410740457475185,-3.240871980503268e-12,6.5569500994024565,1.8930173210907998e-14,0
-0.0046799019910395145,-3.513824214235184e-12,6.558975099433155,1.6444352936362095e-14,0
0.001151092117652297,-4.8350542319886e-12,6.561000099463854,-5.5655928148634585e-15,0
0.005076796282082796,-6.0108207473874575e-12,6.5629800994938705,-3.051571242260278e-14,0
0.006553861778229475,-6.5839833585101815e-12,6.565005099524569,-4.315051688183881e-14,0
0.006239830516278744,-6.4956473359856215e-12,6.567030099555268,-4.053173847006781e-14,0
0.004078846424818039,-5.637802724667296e-12,6.5690100995852845,-2.2995731487338598e-14,0
-0.00042620254680514336,-4.440083283679952e-12,6.571035099615983,1.8923748035313393e-15,0
-0.005479254759848118,-3.3336567013819707e-12,6.573060099646682,1.8265954348746738e-14,0
-0.005617652554064989,-3.299228511915997e-12,6.5750400996766984,1.8533919476408934e-14,0
-0.0005832183524034917,-4.447391673684242e-12,6.577065099707397,2.5938004444191313e-15,0
0.00429140729829669,-5.6907716386445095e-12,6.579090099738096,-2.4421418943018862e-14,0
0.006313063204288483,-6.496904576824836e-12,6.581070099768112,-4.1015369225726306e-14,0
0.006461079698055983,-6.57858142960599e-12,6.583095099798811,-4.250473891683536e-14,0
0.004933744668960571,-5.95069566539097e-12,6.58512009982951,-2.935921301572948e-14,0
0.0014052340993657708,-4.836393872192923e-12,6.587100099859526,-6.7962655871691556e-15,0
-0.004565708804875612,-3.5411513131522465e-12,6.589125099890225,1.6167865729856048e-14,0
-0.005786148831248283,-3.2593016827120458e-12,6.591150099920924,1.8858804622109867e-14,0
-0.002553052268922329,-4.003486344522633e-12,6.5931750999516225,1.022110989548307e-14,0
0.0032447390258312225,-5.367571838388319e-12,6.595155099981639,-1.7416369817971217e-14,0
0.005911524407565594,-6.348208417272794e-12,6.597180100012338,-3.752758900302147e-14,0
0.006560998968780041,-6.613534372923446e-12,6.5992051000430365,-4.3391392200742085e-14,0
0.005620455835014582,-6.208768308507695e-12,6.601185100073053,-3.489610806780569e-14,0
0.0028497171588242054,-5.2173144277078976e-12,6.603210100103752,-1.4867870447620285e-14,0
-0.0032667601481080055,-3.809019939737812e-12,6.6052351001344505,1.2443154542484242e-14,0
-0.005826179403811693,-3.2488293739280083e-12,6.607215100164467,1.89282627848778e-14,0
-0.0041588954627513885,-3.644104115685387e-12,6.609240100195166,1.5155448072517617e-14,0
0.0018291146261617541,-4.977726564270313e-12,6.611265100225864,-9.104832463740726e-15,0
0.00554598169401288,-6.136154518526782e-12,6.613245100255881,-3.403100063138395e-14,0
0.006653781048953533,-6.61289903045037e-12,6.61527010028658,-4.4000782247453864e-14,0
0.006289789453148842,-6.427330022373834e-12,6.617295100317278,-4.042655258663385e-14,0
0.00401926739141345,-5.530373468204397e-12,6.619275100347295,-2.2228049743092042e-14,0
-0.0011113622458651662,-4.225598169982359e-12,6.621300100377994,4.69617027231533e-15,0
-0.005493529140949249,-3.2910772631428165e-12,6.623325100408692,1.8079628850190563e-14,0
-0.00516336178407073,-3.3768161877834046e-12,6.625305100438709,1.7435723655832242e-14,0
0.0006729077431373298,-4.649802244627299e-12,6.627330100469408,-3.128887934467046e-15,0
0.004933744668960571,-5.806434326405263e-12,6.629355100500106,-2.864746440357163e-14,0
0.006871616933494806,-6.561892522405355e-12,6.631335100530123,-4.5090811772733584e-14,0
0.006839345209300518,-6.582394351806187e-12,6.633360100560822,-4.501926727575243e-14,0
0.005047937855124474,-5.8251819166910135e-12,6.63538510059152,-2.9405156310251105e-14,0
0.0007942380616441369,-4.629783535714527e-12,6.637410100622219,-3.677150301237844e-15,0
-0.004723965656012297,-3.4325201101609304e-12,6.639390100652236,1.621510711397178e-14,0
-0.00535792438313365,-3.302516680264711e-12,6.641415100682934,1.769463464689589e-14,0
-0.0012683779932558537,-4.218925122451145e-12,6.643440100713633,5.35119178051129e-15,0
0.004041609354317188,-5.526725778415287e-12,6.6454201007436495,-2.2336866604789167e-14,0
0.006496764719486237,-6.4343200906202824e-12,6.647445100774348,-4.1802263758623335e-14,0
0.007017772179096937,-6.616394498254463e-12,6.649470100805047,-4.643234923578021e-14,0
0.005761955864727497,-6.13549142047809e-12,6.6514501008350635,-3.535243077320897e-14,0
0.0026141933631151915,-5.07305308872219e-12,6.653475100865762,-1.3261941715268572e-14,0
-0.0035022839438170195,-3.68604799461103e-12,6.655500100896461,1.2909586707665135e-14,0
-0.005438914988189936,-3.2654081261879186e-12,6.6574801009264775,1.7760277200080684e-14,0
-0.0030455109663307667,-3.8315804522237595e-12,6.659505100957176,1.1669120285626058e-14,0
0.0028854026459157467,-5.188399189448578e-12,6.661530100987875,-1.4970620749302043e-14,0
0.006268378347158432,-6.257509701373953e-12,6.663510101017891,-3.9224438319226315e-14,0
0.007039183285087347,-6.6326002849670385e-12,6.66553510104859,-4.668808906260555e-14,0
0.006461079698055983,-6.376806634816878e-12,6.667560101079289,-4.120105588664402e-14,0
0.003937345929443836,-5.447148808401803e-12,6.669540101109305,-2.144730918783568e-14,0
-0.0017536993836984038,-4.0644957018109995e-12,6.671565101140004,7.127903607310761e-15,0
-0.005422158166766167,-3.279955950938329e-12,6.673590101170703,1.778443994601355e-14,0
-0.0043944185599684715,-3.5395625232886863e-12,6.675615101201402,1.5554319246508638e-14,0
0.0015243923990055919,-4.847667840063297e-12,6.677595101231418,-7.389748008296345e-15,0
0.005497573874890804,-6.003760856521101e-12,6.679620101262117,-3.300611883590244e-14,0
0.00699636060744524,-6.613216918527343e-12,6.6816451012928155,-4.62684503372751e-14,0
0.006916300859302282,-6.555592440421476e-12,6.683625101322832,-4.53404496289226e-14,0
0.004812414292246103,-5.708247676622369e-12,6.685650101353531,-2.74704527026581e-14,0
0.00025895709404721856,-4.514755756745981e-12,6.6876751013842295,-1.1691280310998903e-15,0
-0.004865466151386499,-3.382784503902503e-12,6.689655101414246,1.64588235011724e-14,0
-0.0052080461755394936,-3.329208003027828e-12,6.691680101444945,1.7338669007744555e-14,0
-0.00016213061462622136,-4.456606524788631e-12,6.6937051014756435,7.225523550112092e-16,0
0.00463740061968565,-5.702127138518254e-12,6.69568510150566,-2.644304792569091e-14,0
0.006875030230730772,-6.525516238475859e-12,6.697710101536359,-4.4863121410646085e-14,0
0.007082005497068167,-6.614488037154365e-12,6.699735101567057,-4.684384063941884e-14,0
0.00564279779791832,-6.0277308318312794e-12,6.701715101597074,-3.4013266264301905e-14,0
0.002093186601996422,-4.9205305628630125e-12,6.703740101627773,-1.029958864889877e-14,0
-0.0038948231376707554,-3.5964408534594483e-12,6.705765101658471,1.4007501049318218e-14,0
-0.005342098884284496,-3.2886182926156193e-12,6.707745101688488,1.7568124111819485e-14,0
-0.002167650032788515,-3.991411801768097e-12,6.709770101719187,8.65198392297508e-15,0
0.0036990295629948378,-5.361257878616632e-12,6.711795101749885,-1.983145138784191e-14,0
0.006462010554969311,-6.3646076256529405e-12,6.713775101779902,-4.1128161655207465e-14,0
0.007189061492681503,-6.655160797452986e-12,6.715800101810601,-4.7844360216572786e-14,0
0.006254104431718588,-6.273535510525896e-12,6.717825101841299,-3.923534623892394e-14,0
0.003549150889739394,-5.283408259504352e-12,6.719850101871998,-1.8751613125076335e-14,0
-0.002579118125140667,-3.876494611421144e-12,6.721830101902015,9.9979375143264e-15,0
-0.005258005112409592,-3.2907595919062782e-12,6.723855101932713,1.7302830757954112e-14,0
-0.0036878478713333607,-3.654907973493771e-12,6.725880101963412,1.3478744589968329e-14,0
0.0023510523606091738,-5.001516995700728e-12,6.7278601019934285,-1.1758828339369099e-14,0
0.006032854318618774,-6.143573497152666e-12,6.729885102024127,-3.7063283904049306e-14,0
0.007231884635984898,-6.648805637998745e-12,6.731910102054826,-4.808339534109289e-14,0
0.0067599061876535416,-6.481652454343179e-12,6.7338901020848425,-4.381536253233422e-14,0
0.004569753538817167,-5.592902443257719e-12,6.735915102115541,-2.5558185732336143e-14,0
-0.0005261217011138797,-4.297093063321267e-12,6.73794010214624,2.260793912319237e-15,0
-0.005051650572568178,-3.3410062910688154e-12,6.7399201021762565,1.6877596343231667e-14,0
-0.00475127249956131,-3.3997498826571215e-12,6.741945102206955,1.615313812285557e-14,0
0.0008584717288613319,-4.651073363254321e-12,6.743970102237654,-3.992814991213827e-15,0
0.005128927994519472,-5.8102194930298445e-12,6.7459501022676704,-2.9800197412103505e-14,0
0.007146239280700684,-6.588749944941297e-12,6.747975102298369,-4.708478366725396e-14,0
0.007153376471251249,-6.620842762927737e-12,6.750000102329068,-4.7361380840181385e-14,0
0.005508745089173317,-5.8990807030867565e-12,6.751980102359084,-3.249653185376625e-14,0
0.001272422494366765,-4.720343907416158e-12,6.754005102389783,-6.00627176894343e-15,0
-0.004208854865282774,-3.4985718749130923e-12,6.756030102420482,1.4724981257269445e-14,0
-0.00507957860827446,-3.3330211420684597e-12,6.758055102451181,1.6930342894177457e-14,0
-0.001156667130999267,-4.2200028194105954e-12,6.760035102481197,4.881138553936472e-15,0
0.004184351302683353,-5.51918320074174e-12,6.762060102511896,-2.3094201415771778e-14,0
0.00678224815055728,-6.465778433495384e-12,6.7640851025425945,-4.385251382248721e-14,0
0.0073110125958919525,-6.66136373492221e-12,6.766065102572611,-4.870131417183414e-14,0
0.006139911245554686,-6.190601416905528e-12,6.76809010260331,-3.800974325640502e-14,0
0.0029710473027080297,-5.127071944083239e-12,6.7701151026340085,-1.5232773270258522e-14,0
-0.003122777445241809,-3.7412135021897e-12,6.772095102664025,1.1682977142472111e-14,0
-0.0052437311969697475,-3.299974443010667e-12,6.774120102694724,1.73041789360179e-14,0
-0.0028099871706217527,-3.837617723601028e-12,6.7761451027254225,1.0783656569069544e-14,0
0.0029542907141149044,-5.165976587478971e-12,6.778125102755439,-1.5261796661724126e-14,0
0.006418257020413876,-6.275760293383836e-12,6.780150102786138,-4.027944256144545e-14,0
0.0073318034410476685,-6.6723198147156104e-12,6.782175102816836,-4.8920137377302454e-14,0
0.00678224815055728,-6.4295955712334596e-12,6.784155102846853,-4.360711267182941e-14,0
0.004348503891378641,-5.516640963487696e-12,6.786180102877552,-2.398913469706506e-14,0
-0.0011613217648118734,-4.128046862672541e-12,6.78820510290825,4.7939906677849925e-15,0
-0.0050218612886965275,-3.3237646576006474e-12,6.790185102938267,1.669148506674236e-14,0
-0.0041588954627513885,-3.539244852052148e-12,6.792210102968966,1.4719349356765888e-14,0
0.0017149214399978518,-4.840456160892792e-12,6.794235102999664,-8.30100204968474e-15,0
0.005799193400889635,-5.997557485371008e-12,6.796215103029681,-3.478099579061978e-14,0
0.007317529059946537,-6.6389550107404105e-12,6.79824010306038,-4.858074621877063e-14,0
0.007246158551424742,-6.6068617590731016e-12,6.800265103091078,-4.787436783358867e-14,0
0.005226364359259605,-5.768303803360686e-12,6.802290103121777,-3.0147257411265916e-14,0
0.0007498640334233642,-4.585725896233406e-12,6.804270103151794,-3.438670916723553e-15,0
-0.004408692941069603,-3.433114036111018e-12,6.806295103182492,1.513554561688962e-14,0
-0.004779821261763573,-3.3689275327764e-12,6.808320103213191,1.6102871450505333e-14,0
3.4914839488919824e-05,-4.450776552866742e-12,6.810300103243208,-1.5539814894439018e-16,0
0.005047937855124474,-5.711425690030358e-12,6.812325103273906,-2.8830921947434664e-14,0
0.007203335873782635,-6.5429927101345875e-12,6.814350103304605,-4.713137411081074e-14,0
0.007497197482734919,-6.655726750987023e-12,6.8163301033346215,-4.989929784327137e-14,0
0.0062826527282595634,-6.098769926576875e-12,6.81835510336532,-3.831645351823558e-14,0
0.0026141933631151915,-4.994885581532937e-12,6.820380103396019,-1.3057596736763168e-14,0
-0.003301514545455575,-3.661636098495347e-12,6.8223601034260355,1.208894483934759e-14,0
-0.004851191770285368,-3.323806290964071e-12,6.824385103456734,1.6124421724747634e-14,0
-0.0018393442733213305,-4.011747965076973e-12,6.826410103487433,7.378985645572831e-15,0
0.003974582999944687,-5.363261050550516e-12,6.8283901035174495,-2.1316726195783564e-14,0
0.006839345209300518,-6.385067821690349e-12,6.830415103548148,-4.366968301733678e-14,0
0.007617286406457424,-6.685347588020196e-12,6.832440103578847,-5.092420730466917e-14,0
0.006797142792493105,-6.3453760475173926e-12,6.834420103608863,-4.313042706704123e-14,0
0.004141528625041246,-5.389220320006771e-12,6.836445103639562,-2.231961022196199e-14,0
-0.0019820858724415302,-3.9736174420323955e-12,6.838470103670261,7.876050994339662e-15,0
-0.0049225627444684505,-3.331749806601003e-12,6.84049510370096,1.6400747471864064e-14,0
-0.0034281203988939524,-3.66594645265228e-12,6.842475103730976,1.2567305815590204e-14,0
0.0025071371346712112,-4.99615626647909e-12,6.844500103761675,-1.2526048906310003e-14,0
0.006289789453148842,-6.160096738261345e-12,6.846525103792374,-3.874571149469279e-14,0
0.007594013586640358,-6.687226293544679e-12,6.84850510382239,-5.0782887330116936e-14,0
0.007174787577241659,-6.5391797879343905e-12,6.850530103853089,-4.691722590782141e-14,0
0.00494088139384985,-5.65740683466931e-12,6.8525551038837875,-2.7952576166856565e-14,0
2.0020073861815035e-05,-4.374183307231938e-12,6.854535103913804,-8.757147289590177e-17,0
-0.004579982720315456,-3.3937123944394187e-12,6.856560103944503,1.554314412425293e-14,0
-0.004515749402344227,-3.4219927239065306e-12,6.8585851039752015,1.545286159780721e-14,0
0.0009583908831700683,-4.6464034876569915e-12,6.860565104005218,-4.4530707421000695e-15,0
0.005397654604166746,-5.8239107980639915e-12,6.862590104035917,-3.143545893342653e-14,0
0.00738890003412962,-6.621796427158655e-12,6.8646151040666155,-4.892779184663198e-14,0
0.00743017066270113,-6.6593744407761335e-12,6.866595104096632,-4.948028860179657e-14,0
0.005854427814483643,-5.965630333476524e-12,6.868620104127331,-3.492535215523229e-14,0
0.0018148405943065882,-4.788344200312711e-12,6.870645104158029,-8.690081434240025e-15,0
-0.0037706999573856592,-3.558517413029816e-12,6.872625104188046,1.3418101457667653e-14,0
-0.0047298613935709,-3.362572373322159e-12,6.874650104218745,1.5904501251664556e-14,0
-0.0011113621294498444,-4.18301851490277e-12,6.876675104249443,4.648848364250468e-15,0
0.0044586630538105965,-5.507495067641477e-12,6.87865510427946,-2.4556064777137145e-14,0
0.007203335873782635,-6.473086823499674e-12,6.880680104310159,-4.6627818529824885e-14,0
0.0077386172488331795,-6.69615144582858e-12,6.882705104340857,-5.181895307948828e-14,0
0.006560998968780041,-6.243349153639555e-12,6.884730104371556,-4.096260735876286e-14,0
0.0034905027132481337,-5.189849418274495e-12,6.886710104401573,-1.8115183475836372e-14,0
-0.0025744636077433825,-3.8226834891963435e-12,6.888735104432271,9.84135952685748e-15,0
-0.004894014447927475,-3.3412827626227992e-12,6.89076010446297,1.6352286114887007e-14,0
-0.0026014603208750486,-3.833058436625292e-12,6.892740104492987,9.971549430476044e-15,0
0.003199433907866478,-5.16043631437757e-12,6.894765104523685,-1.6510474923605113e-14,0
0.006710877176374197,-6.290377073392417e-12,6.896790104554384,-4.221394793261669e-14,0
0.007675935048609972,-6.704468143853282e-12,6.8987701045844005,-5.146306200769245e-14,0
0.0071319653652608395,-6.483572359550216e-12,6.900795104615099,-4.624061351147464e-14,0
0.004741043318063021,-5.565893232417629e-12,6.902820104645798,-2.6388140918605788e-14,0
-0.0008364294772036374,-4.210055481318475e-12,6.9048001046758145,3.5214145052375202e-15,0
-0.004786957986652851,-3.36161914277211e-12,6.906825104706513,1.6091929603578062e-14,0
-0.004023290704935789,-3.55195517096063e-12,6.908850104737212,1.4290548223674515e-14,0
0.0018446299945935607,-4.8247890058195075e-12,6.9108301047672285,-8.89995051771991e-15,0
0.005925798323005438,-5.988508300358575e-12,6.912855104797927,-3.548669244356899e-14,0
0.007603012025356293,-6.6710486960885884e-12,6.914880104828626,-5.0720063458098954e-14,0
0.007564224302768707,-6.657384712949188e-12,6.916860104858642,-5.035795123857112e-14,0
0.0056902747601270676,-5.847107086703884e-12,6.918885104889341,-3.327164587523122e-14,0
0.0012295999331399798,-4.66028821435871e-12,6.92091010492004,-5.730290076788506e-15,0
-0.004151758272200823,-3.4823663050409515e-12,6.922935104950739,1.4457943113787184e-14,0
-0.004485649522393942,-3.4043367083680387e-12,6.924915104980755,1.5270661329959257e-14,0
2.3433463866240345e-05,-4.4343634666987874e-12,6.926940105011454,-1.0391249606666231e-16,0
0.005276324227452278,-5.726995266908119e-12,6.928965105042153,-3.0217483877291836e-14,0
0.007400381378829479,-6.575486682924847e-12,6.930945105072169,-4.866110920505826e-14,0
0.007760028354823589,-6.7002822561057496e-12,6.932970105102868,-5.199438029270199e-14,0
0.006475353613495827,-6.1604150600191865e-12,6.9349951051335665,-3.989086591952935e-14,0
0.0030362121760845184,-5.069157333476015e-12,6.936975105163583,-1.5391037218388008e-14,0
-0.0029598658438771963,-3.716234785178241e-12,6.939000105194282,1.0999556408477385e-14,0
-0.004565708804875612,-3.3613014715355716e-12,6.9410251052249805,1.534672372443131e-14,0
-0.0016705368179827929,-4.008791562593039e-12,6.943005105254997,6.696833900930444e-15,0
0.004162939731031656,-5.376192546702185e-12,6.945030105285696,-2.238076555434279e-14,0
0.007217609789222479,-6.403180069503023e-12,6.9470551053163945,-4.621565515179929e-14,0
0.00796638336032629,-6.725689016134906e-12,6.949035105346411,-5.357941706486641e-14,0
0.0071248277090489864,-6.410488459507313e-12,6.95106010537711,-4.5673625804836456e-14,0
0.004462697543203831,-5.449912222899034e-12,6.953085105407808,-2.4321309887808046e-14,0
-0.0013577466597780585,-4.058858717875813e-12,6.955065105437825,5.510901866706938e-15,0
-0.004615668207406998,-3.369563092089911e-12,6.957090105468524,1.555278523701142e-14,0
-0.0033167197834700346,-3.683506191037855e-12,6.959115105499222,1.2217157856349607e-14,0
0.002559579210355878,-4.993558951754684e-12,6.961095105529239,-1.278140967859778e-14,0
0.006439668592065573,-6.158826053315192e-12,6.963120105559938,-3.966079869952901e-14,0
0.007795713376253843,-6.712357232541155e-12,6.965145105590636,-5.232761306391531e-14,0
0.007560189813375473,-6.59319820961457e-12,6.967170105621335,-4.984582994189348e-14,0
0.0052927709184587,-5.711079612696901e-12,6.969150105651352,-3.0227436087084534e-14,0
0.00060153694357723,-4.490288783159935e-12,6.97117510568205,-2.7010745904011463e-15,0
-0.004301636479794979,-3.4350209308919855e-12,6.973200105712749,1.4776211345184272e-14,0
-0.004239885602146387,-3.4404779372665395e-12,6.975180105742766,1.4587232870718702e-14,0
0.0011867774883285165,-4.643447085173058e-12,6.977205105773464,-5.510738468928053e-15,0
0.005768782924860716,-5.8455185136807586e-12,6.979230105804163,-3.372152738867875e-14,0
0.007802540436387062,-6.6447849826622996e-12,6.98121010583418,-5.1846203518320095e-14,0
0.007852810434997082,-6.693609208574536e-12,6.983235105864878,-5.256364424088667e-14,0
0.006289789453148842,-6.019966643233676e-12,6.985260105895577,-3.7864322700919014e-14,0
0.0023510523606091738,-4.8639148264584264e-12,6.9872401059255935,-1.1435318434547043e-14,0
-0.0032096635550260544,-3.6244032948495875e-12,6.989265105956292,1.1633115164195072e-14,0
-0.004465789534151554,-3.398478980870534e-12,6.991290105986991,1.517689186480567e-14,0
-0.001015166868455708,-4.1639669143278546e-12,6.9932701060170075,4.227121252771386e-15,0
0.004712495021522045,-5.515051956783701e-12,6.995295106047706,-2.5989654889778604e-14,0
0.007403173949569464,-6.500095600658895e-12,6.997320106078405,-4.812133842050901e-14,0
0.00796638336032629,-6.7382887464217944e-12,6.9993001061084215,-5.367979134656848e-14,0
0.007024908438324928,-6.3088067756011945e-12,7.00132510613912,-4.4318789953682314e-14,0
0.004041609354317188,-5.270062164441924e-12,7.003350106169819,-2.129953254164157e-14,0
-0.002067730762064457,-3.876701910876523e-12,7.005375106200518,8.01597579647345e-15,0
-0.004396280739456415,-3.371511186553433e-12,7.007355106230534,1.4822109692306702e-14,0
-0.002488818485289812,-3.819823363865327e-12,7.009380106261233,9.506846998529937e-15,0
0.003484917338937521,-5.1648850127317125e-12,7.011405106291932,-1.7999197334487284e-14,0
0.007065249141305685,-6.3002823444402445e-12,7.013385106321948,-4.4513064424039806e-14,0
0.008116882294416428,-6.737777002996381e-12,7.015410106352647,-5.468974285934751e-14,0
0.007531641982495785,-6.532506740403177e-12,7.0174351063833456,-4.920050201695726e-14,0
0.005099138710647821,-5.61293459627743e-12,7.019415106413362,-2.8621132080212645e-14,0
-0.00015499354049097747,-4.282794171389659e-12,7.021440106444061,6.638054318178054e-16,0
-0.004351596347987652,-3.3978432047165885e-12,7.0234651064747595,1.4786042080679366e-14,0
-0.0037930423859506845,-3.547907193729438e-12,7.025445106504776,1.3457362367235106e-14,0
0.002028952818363905,-4.828699072534359e-12,7.027470106535475,-9.797202592249762e-15,0
0.006311200559139252,-6.000901164870953e-12,7.0294951065661735,-3.7872890787072946e-14,0
0.00799617264419794,-6.7014844194746015e-12,7.03147510659619,-5.3586226390521527e-14,0
0.008002689108252525,-6.698375795005651e-12,7.033500106626889,-5.3605019017674074e-14,0
0.006054266355931759,-5.898265816733916e-12,7.0355251066575875,-3.570967229259451e-14,0
0.0017627087654545903,-4.7375857577247604e-12,7.037505106687604,-8.350983942234262e-15,0
-0.0035736546851694584,-3.5408334250752738e-12,7.039530106718303,1.2653715958924873e-14,0
-0.0041945804841816425,-3.4312075750109194e-12,7.041555106749001,1.4392476331317022e-14,0
0.00013173090701457113,-4.41098806786e-12,7.043535106779018,-5.810634590096484e-16,0
0.005383380688726902,-5.699350713594953e-12,7.045560106809717,-3.068177456984896e-14,0
0.007702931761741638,-6.589385287414373e-12,7.047585106840415,-5.075758522077723e-14,0
0.008066922426223755,-6.7336466264000805e-12,7.049610106871114,-5.431980498077274e-14,0
0.006804590113461018,-6.215731488540266e-12,7.051590106901131,-4.229550503484943e-14,0
0.0035348767414689064,-5.14899711409611e-12,7.053615106931829,-1.820107014050886e-14,0
-0.0025601894594728947,-3.768029291362218e-12,7.055640106962528,9.646868874730672e-15,0
-0.004373938776552677,-3.3910736631920235e-12,7.057620106992545,1.4832348589582125e-14,0
-0.0015895464457571507,-4.019056788762132e-12,7.059645107023243,6.388477433872994e-15,0
0.004341366700828075,-5.386996404510569e-12,7.061670107053942,-2.3386926808022753e-14,0
0.007325907237827778,-6.4189851350926475e-12,7.063650107083959,-4.702488966068414e-14,0
0.008288173004984856,-6.761926955867192e-12,7.065675107114657,-5.6044020457297885e-14,0
0.007531641982495785,-6.4597407284372466e-12,7.067700107145356,-4.865245446633587e-14,0
0.005047006998211145,-5.53435205649655e-12,7.0696801071753725,-2.793191355970233e-14,0
-0.0008044677670113742,-4.121055927064354e-12,7.071705107206071,3.31525665937445e-15,0
-0.004166032187640667,-3.4013386725206818e-12,7.07373010723677,1.4170086390788138e-14,0
-0.002988724270835519,-3.674235828782235e-12,7.0757101072667865,1.0981277798254924e-14,0
0.002921088133007288,-4.99710949702914e-12,7.077735107297485,-1.4596997251109837e-14,0
0.00695353839546442,-6.174713518269925e-12,7.079760107328184,-4.293610753028312e-14,0
0.008264278993010521,-6.746246356686969e-12,7.0817401073582005,-5.575286204724188e-14,0
0.008116882294416428,-6.6516653296488926e-12,7.083765107388899,-5.3990784542610706e-14,0
0.005904387217015028,-5.783555925842343e-12,7.085790107419598,-3.4148353677435045e-14,0
0.0012652853038161993,-4.554157832098449e-12,7.087815107450297,-5.762308976213609e-15,0
-0.0038153843488544226,-3.4822559332597924e-12,7.089795107480313,1.3286144786464863e-14,0
-0.0038876859471201897,-3.4667962944823216e-12,7.091820107511012,1.3477815235587269e-14,0
0.0013794786063954234,-4.645036091877053e-12,7.093845107541711,-6.407727914679001e-15,0
0.006052404176443815,-5.878523796215562e-12,7.095825107571727,-3.557920197553942e-14,0
0.008052648976445198,-6.66501142471132e-12,7.097850107602426,-5.3670997427197163e-14,0
0.008216802030801773,-6.740954582723502e-12,7.099875107633125,-5.538908930486499e-14,0
0.00668543204665184,-6.0821083412709864e-12,7.101855107663141,-4.066152201594152e-14,0
0.002899676561355591,-4.9551660517843654e-12,7.10388010769384,-1.4368378857984048e-14,0
-0.002924180356785655,-3.682552526806937e-12,7.1059051077245385,1.0768447761720224e-14,0
-0.004202648531645536,-3.4255573638092285e-12,7.107885107754555,1.439641362508041e-14,0
-0.0008258790476247668,-4.1680842804980855e-12,7.109910107785254,3.4423334759975204e-15,0
0.004962292965501547,-5.5283980518461284e-12,7.1119351078159525,-2.74335307631685e-14,0
0.007720618974417448,-6.52110917348514e-12,7.113915107845969,-5.0346999219057054e-14,0
0.008345268666744232,-6.7759079597218275e-12,7.115940107876668,-5.6546772385009406e-14,0
0.007317529525607824,-6.3586943870042045e-12,7.1179651079073665,-4.652993392122001e-14,0
0.004607610870152712,-5.357956266160979e-12,7.119945107937383,-2.4687377533766164e-14,0
-0.0014824903337284923,-3.95741165531982e-12,7.121970107968082,5.866824525596105e-15,0
-0.004144621081650257,-3.408647062524972e-12,7.12399510799878,1.4127550475246221e-14,0
-0.0022886700462549925,-3.805537916040658e-12,7.125975108028797,8.7096206383299e-15,0
0.0036347960121929646,-5.1445488494228364e-12,7.128000108059496,-1.869938564241403e-14,0
0.007274706847965717,-6.2999093788929095e-12,7.130025108090194,-4.58299939001957e-14,0
0.008373817428946495,-6.777496532744953e-12,7.132050108120893,-5.675351859052413e-14,0
0.00796638336032629,-6.58012923662743e-12,7.13403010815091,-5.241983205946529e-14,0
0.005561807658523321,-5.6806031233092025e-12,7.136055108181608,-3.159442195625262e-14,0
0.0003089166712015867,-4.341260857743112e-12,7.138080108212307,-1.3410878529917473e-15,0
-0.0038898582570254803,-3.4381568772556825e-12,7.140060108242324,1.3373942917941957e-14,0
-0.003416638821363449,-3.5567213237108763e-12,7.142085108273022,1.2152032151361775e-14,0
0.002328710164874792,-4.8385496997926936e-12,7.144110108303721,-1.126757986915912e-14,0
0.006462010554969311,-5.989600308786702e-12,7.146090108333738,-3.870486041542711e-14,0
0.00827389769256115,-6.725702460241845e-12,7.148115108364436,-5.5647774066647846e-14,0
0.008338131941854954,-6.739366009700376e-12,7.150140108395135,-5.619372299333427e-14,0
0.006387536413967609,-5.9687112023698585e-12,7.152120108425152,-3.8125360149593864e-14,0
0.002200242830440402,-4.7950168141630556e-12,7.15414510845585,-1.055020136720344e-14,0
-0.0032667601481080055,-3.5821419615278405e-12,7.156170108486549,1.170199860478459e-14,0
-0.003934542648494244,-3.4573880217103614e-12,7.1581501085165655,1.3603240623812559e-14,0
0.00020186047186143696,-4.3882892111768435e-12,7.160175108547264,-8.858221308326106e-16,0
0.005447614472359419,-5.714920724153583e-12,7.162200108577963,-3.113268484528583e-14,0
0.007929145358502865,-6.596375789341691e-12,7.1641801086079795,-5.230362247299934e-14,0
0.008302446454763412,-6.776225414117931e-12,7.166205108638678,-5.6259248666121155e-14,0
0.007110553793609142,-6.283068683388127e-12,7.168230108669377,-4.467609786217224e-14,0
0.003763263113796711,-5.19888472549912e-12,7.170255108700076,-1.9564771120351977e-14,0
-0.002229091012850404,-3.819795608289711e-12,7.172235108730092,8.514672061364036e-15,0
-0.004166032187640667,-3.420404150883405e-12,7.174260108760791,1.424951378732001e-14,0
-0.0014896274078637362,-4.025411514535504e-12,7.17628510879149,5.996363319982359e-15,0
0.004302268382161856,-5.371882192545252e-12,7.178265108821506,-2.3111278909685744e-14,0
0.007360351737588644,-6.436226551720381e-12,7.180290108852205,-4.737289128346927e-14,0
0.008302446454763412,-6.7924312008305066e-12,7.182315108882904,-5.639379634255963e-14,0
0.007623802870512009,-6.519451211522975e-12,7.18429510891292,-4.970301086057185e-14,0
0.005219227634370327,-5.5846403890225105e-12,7.186320108943619,-2.914750944640694e-14,0
-0.0008044678252190351,-4.184289633529792e-12,7.1883451089743176,3.3661263815722653e-15,0
-0.004217543639242649,-3.438157094096117e-12,7.190325109004334,1.450057758292207e-14,0
-0.003166841110214591,-3.6958986218693646e-12,7.192350109035033,1.1704323694921355e-14,0
0.0027997575234621763,-5.015539632918786e-12,7.1943751090657315,-1.4042294821487094e-14,0
0.0067375642247498035,-6.179590693322634e-12,7.196355109095748,-4.1635389178927414e-14,0
0.008216802030801773,-6.7746372747756745e-12,7.198380109126447,-5.566585331732215e-14,0
0.007917044684290886,-6.693291320497563e-12,7.2004051091571455,-5.2991086469355556e-14,0
0.005851324647665024,-5.856308493701334e-12,7.202385109187162,-3.4267162233524646e-14,0
0.001393752871081233,-4.659017095731688e-12,7.204410109217861,-6.493518453592588e-15,0
-0.003787766909226775,-3.5363851604020002e-12,7.2064351092485595,1.3395002688851318e-14,0
-0.004053700715303421,-3.489550445476275e-12,7.208415109278576,1.4145593136914547e-14,0
0.0010226246668025851,-4.622793033787209e-12,7.210440109309275,-4.7273821858739564e-15,0
0.005904387217015028,-5.870303375343777e-12,7.212465109339973,-3.466054420937997e-14,0
0.007995552383363247,-6.690749516924388e-12,7.214490109370672,-5.3496238246531284e-14,0
0.008234488777816296,-6.773766443590734e-12,7.216470109400689,-5.57785037632965e-14,0
0.006753699854016304,-6.162321521119285e-12,7.218495109431387,-4.1618469957584844e-14,0
0.0030424182768911123,-5.0292027486964486e-12,7.220520109462086,-1.5300938360825095e-14,0
-0.00280253984965384,-3.728282006038031e-12,7.222500109492103,1.044865889266894e-14,0
-0.004173169378191233,-3.4547215348873506e-12,7.224525109522801,1.4417138119569706e-14,0
-0.0008758385665714741,-4.176663355448529e-12,7.2265501095535,3.658082846287643e-15,0
0.004816137719899416,-5.540983904345209e-12,7.228530109583517,-2.66861415870725e-14,0
0.007724342867732048,-6.533777859030199e-12,7.230555109614215,-5.0469140404745486e-14,0
0.008309584110975266,-6.808954441939186e-12,7.232580109644914,-5.657957964309231e-14,0
0.00744506623595953,-6.4196482331413396e-12,7.234560109674931,-4.779470630729784e-14,0
0.0046839467249810696,-5.427033822336114e-12,7.236585109705629,-2.5419937298492735e-14,0
-0.001432530814781785,-4.021598592335307e-12,7.238610109736328,5.761063908203377e-15,0
-0.004105832427740097,-3.445119840447819e-12,7.2405901097663445,1.4145084758361444e-14,0
-0.0023888994473963976,-3.8201412519422995e-12,7.242615109797043,9.125933325741142e-15,0
0.0033350386656820774,-5.151538917669285e-12,7.244640109827742,-1.7180581478193065e-14,0
0.007191854529082775,-6.3085717205702e-12,7.2466201098577585,-4.5370330100626306e-14,0
0.008416639640927315,-6.805777295892934e-12,7.248645109888457,-5.728177497593558e-14,0
0.007952729240059853,-6.6351420885402135e-12,7.250670109919156,-5.2767488499485555e-14,0
0.005668863654136658,-5.72604203635807e-12,7.252695109949855,-3.246015158196892e-14,0
0.0004668633046094328,-4.413308694189988e-12,7.254675109979871,-2.0604118812310785e-15,0
-0.0038448635023087263,-3.4893570238087035e-12,7.25670011001057,1.3416101467366685e-14,0
-0.003537969198077917,-3.57324478165999e-12,7.258725110041269,1.2642029974705697e-14,0
0.0021946572232991457,-4.84203085612811e-12,7.260705110071285,-1.0626597993838903e-14,0
0.006403982639312744,-5.9875555034893946e-12,7.262730110101984,-3.834420149626756e-14,0
0.008402366191148758,-6.754936453939875e-12,7.264755110132683,-5.6757449683942684e-14,0
0.008353647775948048,-6.7711140513959656e-12,7.266735110162699,-5.656350183613448e-14,0
0.006610957905650139,-6.035536220111437e-12,7.268760110193398,-3.990067588918346e-14,0
0.0023501215036958456,-4.839184608584901e-12,7.270785110224097,-1.137267180898934e-14,0
-0.003227040870115161,-3.641741855991976e-12,7.272765110254113,1.1752049807695146e-14,0
-0.0039162347093224525,-3.491263484908802e-12,7.274790110284812,1.3672607238989915e-14,0
0.00019472336862236261,-4.383522624745728e-12,7.2768151103155105,-8.535742919228289e-16,0
0.005464060232043266,-5.693175098020475e-12,7.278795110345527,-3.1107851647152704e-14,0
0.007967003621160984,-6.618936301827638e-12,7.280820110376226,-5.2733089484894685e-14,0
0.008509421721100807,-6.812449909743279e-12,7.2828451104069245,-5.797000923588069e-14,0
0.0074525135569274426,-6.344381617284789e-12,7.284825110436941,-4.728159001313614e-14,0
0.004212899599224329,-5.27895912746934e-12,7.28685011046764,-2.2239724792437198e-14,0
-0.001924989279359579,-3.893860494458279e-12,7.2888751104983385,7.495639707153977e-15,0
-0.003912200685590506,-3.4593775326968723e-12,7.290855110528355,1.3533779155133096e-14,0
-0.0016180949751287699,-4.001579883422535e-12,7.292880110559054,6.474936301942372e-15,0
0.004384189378470182,-5.3529966917431615e-12,7.294905110589752,-2.3468551238926394e-14,0
0.007645835168659687,-6.451161653486803e-12,7.296930110620451,-4.932451864893818e-14,0
0.008547279052436352,-6.8278126208465295e-12,7.298910110650468,-5.835921978812209e-14,0
0.007981278002262115,-6.575404283559738e-12,7.300935110681166,-5.2480129564355424e-14,0
0.005469025578349829,-5.6421547121876525e-12,7.302960110711865,-3.085708843796129e-14,0
-0.00019595415506046265,-4.253822988298239e-12,7.304940110741882,8.335542894487538e-16,0
-0.00386627484112978,-3.4728337827000244e-12,7.30696511077258,1.3426929881478669e-14,0
-0.0028313982766121626,-3.721319259686329e-12,7.308990110803279,1.053653693859952e-14,0
0.0028947116807103157,-5.007485311819826e-12,7.310970110833296,-1.4495226223110188e-14,0
0.006917852442711592,-6.180115447174117e-12,7.312995110863994,-4.275312674247311e-14,0
0.008473736234009266,-6.80323505863889e-12,7.315020110894693,-5.764881942487052e-14,0
0.008398331701755524,-6.757188125011693e-12,7.31700011092471,-5.6749107245011666e-14,0
0.00636829761788249,-5.911611478115475e-12,7.319025110955408,-3.7646901293929566e-14,0
0.0018148405943065882,-4.723839375220251e-12,7.321050110986107,-8.573015459133583e-15,0
-0.003405777970328927,-3.5790749704223135e-12,7.3230301110161236,1.2189534688419971e-14,0
-0.0036378882359713316,-3.5243101839665947e-12,7.325055111046822,1.2821046558166034e-14,0
0.0012652853038161993,-4.624381606810335e-12,7.327080111077521,-5.8511620863350586e-15,0
0.006052404176443815,-5.873549910329068e-12,7.3290601111075375,-3.5549098007826846e-14,0
0.00825248658657074,-6.708225988583116e-12,7.331085111138236,-5.535954499046741e-14,0
0.008502284996211529,-6.807366302596929e-12,7.333110111168935,-5.787816837828582e-14,0
0.007124828174710274,-6.2255547939038536e-12,7.335135111199634,-4.435600819880879e-14,0
0.003602213691920042,-5.1096089165314496e-12,7.33711511122965,-1.840590319948632e-14,0
-0.002360351150855422,-3.799487200556451e-12,7.339140111260349,8.968123986493864e-15,0
-0.0038591378834098577,-3.4830018643544625e-12,7.341165111291048,1.3441384442717469e-14,0
-0.000702376535627991,-4.199113712993752e-12,7.343145111321064,2.9493589424405412e-15,0
0.005147856660187244,-5.540472594600665e-12,7.345170111351763,-2.8521558746699936e-14,0
0.008052648976445198,-6.555067252889124e-12,7.347195111382462,-5.278565560450704e-14,0
0.008755805902183056,-6.8430656106899246e-12,7.349175111412478,-5.991655426310474e-14,0
0.00781712494790554,-6.47054458624563e-12,7.351200111443177,-5.058105551167585e-14,0
0.005240639206022024,-5.4975754851249725e-12,7.353225111473876,-2.881080962541148e-14,0
-0.000806639960501343,-4.0903578267526e-12,7.355205111503892,3.2994460758080763e-15,0
-0.003780629951506853,-3.4785533828407544e-12,7.357230111534591,1.3151123107083241e-14,0
-0.0021961983293294907,-3.831262564146787e-12,7.3592551115652896,8.414212442601794e-15,0
0.003833082504570484,-5.164650391381587e-12,7.361235111595306,-1.9796531057427863e-14,0
0.0076172868721187115,-6.3126196978013915e-12,7.363260111626005,-4.808503515274053e-14,0
0.008787767961621284,-6.8385063237141885e-12,7.3652851116567035,-6.00952067768801e-14,0
0.008428120985627174,-6.685568765263383e-12,7.36726511168672,-5.634678241136988e-14,0
0.006211281754076481,-5.800079166951022e-12,7.369290111717419,-3.6025925901882e-14,0
0.0012652853038161993,-4.511578610699729e-12,7.3713151117481175,-5.708434113129873e-15,0
-0.003301514545455575,-3.5283442834099787e-12,7.373295111778134,1.1648879973053072e-14,0
-0.0031882524490356445,-3.5780109344102362e-12,7.375320111808833,1.140760212430975e-14,0
0.0023429845459759235,-4.817577760329872e-12,7.3773451118395315,-1.1287510241490192e-14,0
0.006775110960006714,-5.997723151462964e-12,7.37937011187023,-4.063523985856273e-14,0
0.008822832256555557,-6.77244024749335e-12,7.381350111900247,-5.975210427117943e-14,0
0.008823453448712826,-6.813721028370301e-12,7.383375111930945,-6.012055030634103e-14,0
0.007103416603058577,-6.087331159976284e-12,7.385400111961644,-4.324084923009136e-14,0
0.0029021590016782284,-4.902708447551696e-12,7.387380111991661,-1.4228439453666046e-14,0
-0.002538778120651841,-3.701300550773556e-12,7.389405112022359,9.396780856260514e-15,0
-0.0034451873507350683,-3.5138244310756184e-12,7.391430112053058,1.2105783482645568e-14,0
0.00039238945464603603,-4.36821499111284e-12,7.393410112083075,-1.7140414981394063e-15,0
0.005818742327392101,-5.683780703036323e-12,7.395435112113773,-3.307245535637189e-14,0
0.008523696102201939,-6.644356939644602e-12,7.397460112144472,-5.66344793480871e-14,0
0.008986675180494785,-6.8453862370199126e-12,7.399440112174489,-6.151726259712744e-14,0
0.007845673710107803,-6.392694533452481e-12,7.401465112205187,-5.0154995437858e-14,0
0.004926607478410006,-5.329165060630192e-12,7.403490112235886,-2.6254704441382015e-14,0
-0.0011864567641168833,-3.957729543396793e-12,7.405470112265903,4.695674987308349e-15,0
-0.003423776011914015,-3.4830018643544625e-12,7.407495112296601,1.19250182326286e-14,0
-0.0011755959130823612,-4.010159392053847e-12,7.4095201123273,4.714326992107349e-15,0
0.004652295261621475,-5.3317623753545984e-12,7.4115001123573165,-2.480493283495386e-14,0
0.008131156675517559,-6.440993138151496e-12,7.413525112388015,-5.237272435224333e-14,0
0.009094662964344025,-6.85534745289984e-12,7.415550112418714,-6.234707458759832e-14,0
0.008530832827091217,-6.618618847431534e-12,7.417575112449413,-5.646233093367357e-14,0
0.006126878317445517,-5.690522272144838e-12,7.419555112479429,-3.4865137524145e-14,0
0.0005301660858094692,-4.32759774196545e-12,7.421580112510128,-2.29434555581572e-15,0
-0.0033309939317405224,-3.5074692716213773e-12,7.423605112540827,1.1683358859537158e-14,0
-0.002437617862597108,-3.718003335761999e-12,7.425585112570843,9.063071344449081e-15,0
0.0033350386656820774,-5.005371117583479e-12,7.427610112601542,-1.6693106213229215e-14,0
0.007474544923752546,-6.177891097997046e-12,7.429635112632241,-4.6176924546029864e-14,0
0.009083490818738937,-6.8278126208465295e-12,7.431615112662257,-6.202037325352929e-14,0
0.00899474322795868,-6.7987863602847476e-12,7.433640112692956,-6.115333757250907e-14,0
0.006946401204913855,-5.9659477878726275e-12,7.435665112723655,-4.1441866902131565e-14,0
0.002626605797559023,-4.8019106052565874e-12,7.437645112753671,-1.2612726235127109e-14,0
-0.0027528905775398016,-3.619637142099341e-12,7.43967011278437,9.964464982598372e-15,0
-0.003138293046504259,-3.5522728421971683e-12,7.441695112815069,1.1148073159953295e-14,0
0.0016435504658147693,-4.605620138736777e-12,7.443675112845085,-7.569569124386712e-15,0
0.006746563129127026,-5.883331582329232e-12,7.445700112875784,-3.969226792977096e-14,0
0.008901961147785187,-6.723795999141746e-12,7.4477251129064825,-5.98549707499933e-14,0
0.009046253748238087,-6.845054904836001e-12,7.449705112936499,-6.192210358976817e-14,0
0.007909907028079033,-6.300862609442959e-12,7.451730112967198,-4.9839237437393254e-14,0
0.004419874865561724,-5.196342921925945e-12,7.4537551129978965,-2.296718547346005e-14,0
-0.0015513787511736155,-3.862568685036871e-12,7.455735113027913,5.992306982914815e-15,0
-0.0032953086774796247,-3.506516041071328e-12,7.457760113058612,1.1555052737863848e-14,0
-0.0002691867994144559,-4.180476711329595e-12,7.4597851130893105,1.1253291459494839e-15,0
0.005611767061054707,-5.5525475710360706e-12,7.461810113120009,-3.115960356407954e-14,0
0.008599410764873028,-6.573829154643551e-12,7.463790113150026,-5.653105719887791e-14,0
0.009273089468479156,-6.874094609504722e-12,7.465815113180724,-6.374409432872757e-14,0
0.008473736234009266,-6.528058475729903e-12,7.467840113211423,-5.531704564352378e-14,0
0.0058960095047950745,-5.571819481492435e-12,7.46982011324144,-3.285150062188176e-14,0
-4.0800237911753356e-05,-4.169672853521211e-12,7.471845113272138,1.7012364443784493e-16,0
-0.003223937703296542,-3.510964522585036e-12,7.473870113302837,1.1319130899298442e-14,0
-0.0018343795090913773,-3.831400908343996e-12,7.475850113332854,7.028243317380316e-15,0
0.004184351302683353,-5.1610720905315155e-12,7.477875113363552,-2.1595738725258245e-14,0
0.007981278002262115,-6.330414491217962e-12,7.479900113394251,-5.052479792395924e-14,0
0.009292018599808216,-6.869259067815436e-12,7.481880113424268,-6.382928302504228e-14,0
0.008959057740867138,-6.726974012549736e-12,7.483905113454966,-6.026734859974578e-14,0
0.006710877176374197,-5.85092044258495e-12,7.485930113485665,-3.926480845892456e-14,0
0.00196378817781806,-4.6036308445907e-12,7.487910113515682,-9.040555827645788e-15,0
-0.0029099062085151672,-3.5811887309777912e-12,7.48993511354638,1.0420923322136828e-14,0
-0.002838535699993372,-3.5951699516728608e-12,7.491960113577079,1.0205018255366861e-14,0
0.002470210660248995,-4.802242371121368e-12,7.4939401136070956,-1.1862550298243413e-14,0
0.007082005497068167,-5.995816690362865e-12,7.495965113637794,-4.246240676056287e-14,0
0.009116074070334435,-6.794020207534501e-12,7.497990113668493,-6.193479144723344e-14,0
0.009151758626103401,-6.84899185976473e-12,7.500015113699192,-6.268032033271385e-14,0
0.007504644803702831,-6.141459302916319e-12,7.501995113729208,-4.6089470644783365e-14,0
0.0036490699276328087,-4.992025456201921e-12,7.504020113759907,-1.821624997020388e-14,0
-0.002096279291436076,-3.748010582449446e-12,7.506045113790606,7.85687696807204e-15,0
-0.003145119408145547,-3.542601975659032e-12,7.508025113820622,1.114190622897998e-14,0
0.0005515773664228618,-4.3434856406010525e-12,7.510050113851321,-2.3957683707382454e-15,0
0.006147048436105251,-5.696808476340909e-12,7.51207511388202,-3.501855763528252e-14,0
0.008882411755621433,-6.662358598835683e-12,7.514055113912036,-5.917781233846361e-14,0
0.009351598098874092,-6.8820383419820885e-12,7.516080113942735,-6.435805667525831e-14,0
0.008259624242782593,-6.438451334578321e-12,7.518105113973434,-5.317918872905904e-14,0
0.00515871774405241,-5.395091925292084e-12,7.52008511400345,-2.7831756445798152e-14,0
-0.0007473711739294231,-4.020645361785258e-12,7.522110114034149,3.004914443991338e-15,0
-0.00321680074557662,-3.5176373532758154e-12,7.524135114064848,1.1315538460685812e-14,0
-0.001089640660211444,-3.997518028403535e-12,7.526115114094864,4.3558581836767774e-15,0
0.004819551482796669,-5.31422995886377e-12,7.528140114125563,-2.5612204878164363e-14,0
0.008366679772734642,-6.4610118470642686e-12,7.5301651141562616,-5.4057217132231504e-14,0
0.009373938664793968,-6.887827547902292e-12,7.532145114186278,-6.456607296771432e-14,0
0.008901961147785187,-6.676768079388884e-12,7.534170114216977,-5.943633003549217e-14,0
0.006496764719486237,-5.754322365825182e-12,7.5361951142476755,-3.7384478530843615e-14,0
0.0010030752746388316,-4.414303558103461e-12,7.538175114277692,-4.4278787538838e-15,0
-0.0029670028015971184,-3.5433756623293178e-12,7.540200114308391,1.051320551724213e-14,0
-0.0023318028543144464,-3.714646212155115e-12,7.5422251143390895,8.661822640271644e-15,0
0.0035562878474593163,-5.014585968687868e-12,7.544250114369788,-1.7833311140484668e-14,0
0.00769827701151371,-6.178264063544381e-12,7.546230114399805,-4.7561988211444986e-14,0
0.009430104866623878,-6.848356517291654e-12,7.5482551144305035,-6.458072012208738e-14,0
0.009308774955570698,-6.835328743987068e-12,7.550280114461202,-6.362853702511933e-14,0
0.0074152760207653046,-6.021762515712181e-12,7.552260114491219,-4.465303118550389e-14,0
0.003021006938070059,-4.851894927493383e-12,7.554285114521917,-1.4657608238744435e-14,0
-0.0023389398120343685,-3.667618292402253e-12,7.556310114552616,8.578338439445137e-15,0
-0.002720618387684226,-3.5704538284275777e-12,7.558290114582633,9.713842337997609e-15,0
0.0018077034037560225,-4.583709280192583e-12,7.560315114613331,-8.2859868676322e-15,0
0.006903578527271748,-5.886190840298511e-12,7.56234011464403,-4.0635780692508444e-14,0
0.009187755174934864,-6.733978392264861e-12,7.564320114674047,-6.187014482143103e-14,0
0.009579984471201897,-6.877272189231842e-12,7.566345114704745,-6.588416077706972e-14,0
0.008195389993488789,-6.3421711458955254e-12,7.568370114735444,-5.1976565946065513e-14,0
0.005032111890614033,-5.2850102766344165e-12,7.570350114765461,-2.6594763055069406e-14,0
-0.00111849932000041,-3.909112616939936e-12,7.572375114796159,4.372339803852342e-15,0
-0.0029384547378867865,-3.5401980826021973e-12,7.574400114826858,1.0402711828880144e-14,0
-0.00012892766972072423,-4.1586616962574485e-12,7.576380114856875,5.361665616553071e-16,0
0.005725960247218609,-5.5347527776195005e-12,7.578405114887573,-3.169177438283204e-14,0
0.008823453448712826,-6.573179500701798e-12,7.580430114918272,-5.799814333447573e-14,0
0.009627150371670723,-6.900758610373092e-12,7.5824101149482885,-6.643464082066326e-14,0
0.008901961147785187,-6.592244979064521e-12,7.584435114978987,-5.868390868031434e-14,0
0.00634688651189208,-5.646285088783953e-12,7.586460115009686,-3.583633067230025e-14,0
0.00038742454489693046,-4.223691275201391e-12,7.588485115040385,-1.6363616700800348e-15,0
-0.002944040345028043,-3.537628306612972e-12,7.590465115070401,1.0414920460381825e-14,0
-0.0015467241173610091,-3.847785805255466e-12,7.5924901151011,5.95146310342798e-15,0
0.004298544488847256,-5.168380480535806e-12,7.594515115131799,-2.221651343087292e-14,0
0.008264278993010521,-6.342060557273932e-12,7.596495115161815,-5.2412557835879553e-14,0
0.009551435708999634,-6.889346731986379e-12,7.598520115192514,-6.580315238757463e-14,0
0.009287363849580288,-6.776861190271877e-12,7.600545115223213,-6.293917563215467e-14,0
0.007191854529082775,-5.907701845081492e-12,7.602525115253229,-4.2487332271019997e-14,0
0.002492863219231367,-4.6876153132757725e-12,7.604550115283928,-1.1685583800370896e-14,0
-0.002531641162931919,-3.618048352235781e-12,7.606575115314627,9.159600137998106e-15,0
-0.002579118125140667,-3.6125635902856112e-12,7.608555115344643,9.317228233928862e-15,0
0.0027283867821097374,-4.798194393890176e-12,7.610580115375342,-1.3091330162283e-14,0
0.007353214547038078,-6.007256324325194e-12,7.612605115406041,-4.4172644591814514e-14,0
0.009411176666617393,-6.812892264229653e-12,7.614585115436057,-6.411733270929625e-14,0
0.009572846814990044,-6.868375226204426e-12,7.616610115466756,-6.574990390832756e-14,0
0.008031237870454788,-6.213161929391475e-12,7.6186351154974545,-4.9899381382596755e-14,0
0.004108636174350977,-5.073467687632949e-12,7.620615115527471,-2.0845032870809536e-14,0
-0.0015895466785877943,-3.811561743310987e-12,7.62264011555817,6.058655309312283e-15,0
-0.0027743016835302114,-3.561170022065019e-12,7.6246651155888685,9.879759987552302e-15,0
0.0006729077431373298,-4.3384011660929644e-12,7.626690115619567,-2.9193437374999767e-15,0
0.006372641772031784,-5.695164392166552e-12,7.628670115649584,-3.629324250410857e-14,0
0.00905183982104063,-6.6618338449842e-12,7.6306951156802825,-6.030185287918419e-14,0
0.009615669026970863,-6.907458979799053e-12,7.632720115710981,-6.641983936712551e-14,0
0.008599410764873028,-6.477672998689288e-12,7.634700115740998,-5.570417091625601e-14,0
0.005768782924860716,-5.465799687853767e-12,7.636725115771696,-3.1531011909999844e-14,0
-0.0003619688795879483,-4.061635576479983e-12,7.638750115802395,1.47018567891301e-15,0
-0.002824881812557578,-3.5409442305373018e-12,7.640730115832412,1.0002748956125512e-14,0
-0.0009257981437258422,-3.971393092855324e-12,7.64275511586311,3.676708353371091e-15,0
0.005083623342216015,-5.311052812817518e-12,7.644780115893809,-2.699939205098116e-14,0
0.00865898933261633,-6.4518108737476876e-12,7.646760115923826,-5.5866161531839265e-14,0
0.009672765620052814,-6.904599288148905e-12,7.648785115954524,-6.678657061464786e-14,0
0.009230267256498337,-6.704413066382919e-12,7.650810115985223,-6.188352440067387e-14,0
0.006856722291558981,-5.808561964748549e-12,7.65279011601524,-3.9827696305593005e-14,0
0.0015793167985975742,-4.467728270673987e-12,7.654815116045938,-7.055958309444718e-15,0
-0.0027243420481681824,-3.5691137545423857e-12,7.656840116076637,9.723486676195234e-15,0
-0.0021993014961481094,-3.699766621539924e-12,7.658820116106654,8.13690226615159e-15,0
0.003563425038009882,-4.9767733337202635e-12,7.660845116137352,-1.7734358705878697e-14,0
0.007752891164273024,-6.1477047411107044e-12,7.662870116168051,-4.7662485767916556e-14,0
0.009597360156476498,-6.86063835950157e-12,7.6648501161980676,-6.584401723947465e-14,0
0.009608532302081585,-6.867104107577404e-12,7.666875116228766,-6.598279163941462e-14,0
0.007667246274650097,-6.0797044482141516e-12,7.668900116259465,-4.6614591281543577e-14,0
0.0033421756234019995,-4.897970050377065e-12,7.670925116290164,-1.636987610652329e-14,0
-0.0020801431965082884,-3.697114229345155e-12,7.67290511632018,7.690527010886309e-15,0
-0.0025816005654633045,-3.5948518467554536e-12,7.674930116350879,9.280471560340683e-15,0
0.001772018033079803,-4.564961256225963e-12,7.676955116381578,-8.089193666343038e-15,0
0.006946091074496508,-5.864928768334332e-12,7.678935116411594,-4.07383293702849e-14,0
0.009315911680459976,-6.74190824695442e-12,7.680960116442293,-6.280702178639212e-14,0
0.009629943408071995,-6.904281833752801e-12,7.682985116472992,-6.648784333241901e-14,0
0.008375989273190498,-6.403401680427079e-12,7.684965116503008,-5.3634823787187224e-14,0
0.005140719935297966,-5.326304935299175e-12,7.686990116533707,-2.7381041962368414e-14,0
-0.0009614835726097226,-3.946608231192306e-12,7.689015116564406,3.794598981817716e-15,0
-0.0027950925286859274,-3.553875293008102e-12,7.690995116594422,9.933410279368457e-15,0
-0.00018354183703195304,-4.1629998059899975e-12,7.693020116625121,7.640846319550682e-16,0
0.005818742327392101,-5.5309398554193034e-12,7.69504511665582,-3.218311384698825e-14,0
0.008919648826122284,-6.56686597461098e-12,7.697025116685836,-5.85741383817412e-14,0
0.00989401526749134,-6.916992152661283e-12,7.699050116716535,-6.843682596354853e-14,0
0.009066114202141762,-6.634188857990164e-12,7.7010751167472336,-6.014631382511526e-14,0
0.006663090083748102,-5.711079612696901e-12,7.70305511677725,-3.805343793485667e-14,0
0.0008798830094747245,-4.305672571952579e-12,7.705080116807949,-3.788488140422413e-15,0
-0.0026458343490958214,-3.5627585950881446e-12,7.7071051168386475,9.426469068420584e-15,0
-0.0013397488510236144,-3.849692266355564e-12,7.709130116869346,5.1576207906443615e-15,0
0.0045182425528764725,-5.169292077722432e-12,7.711110116899363,-2.3356115433812724e-14,0
0.008380954153835773,-6.321198772751835e-12,7.7131351169300615,-5.2977677111716084e-14,0
0.009701314382255077,-6.90714109172208e-12,7.71516011696076,-6.700834721338845e-14,0
0.009537781588733196,-6.819855010581355e-12,7.717140116990777,-6.504628755775268e-14,0
0.007360351737588644,-5.952602126491069e-12,7.7191651170214755,-4.3813245404892396e-14,0
0.0028283060528337955,-4.745764545233122e-12,7.721190117052174,-1.3422474588606864e-14,0
-0.0022886700462549925,-3.647378839927162e-12,7.723170117082191,8.34764669828558e-15,0
-0.002431721892207861,-3.619637142099341e-12,7.725195117112889,8.801950880291664e-15,0
0.0027926205657422543,-4.78707264800482e-12,7.727220117143588,-1.3368477526520491e-14,0
0.007586566265672445,-6.01148384543615e-12,7.729200117173605,-4.560652054842076e-14,0
0.009594257920980453,-6.819122957274493e-12,7.731225117204303,-6.542442444697046e-14,0
0.009786958806216717,-6.8934779759444176e-12,7.733250117235002,-6.74661849821302e-14,0
0.008420673198997974,-6.271767827303876e-12,7.735230117265019,-5.28125072537155e-14,0
0.004605438560247421,-5.143595185191918e-12,7.737255117295717,-2.3688511604185836e-14,0
-0.0012255555484443903,-3.848739035805515e-12,7.739280117326416,4.716843479845962e-15,0
-0.0025046442169696093,-3.570122496243666e-12,7.741260117356433,8.941886664089804e-15,0
0.0008227864163927734,-4.30789692112965e-12,7.743285117387131,-3.544479069925727e-15,0
0.006489627994596958,-5.668210258796824e-12,7.74531011741783,-3.678457597474954e-14,0
0.009314360097050667,-6.66136373492221e-12,7.747290117447847,-6.204634056449983e-14,0
0.009943975135684013,-6.9230294240385515e-12,7.749315117478545,-6.884243245624817e-14,0
0.0089876065030694,-6.528058475729903e-12,7.751340117509244,-5.86716208088874e-14,0
0.006182733457535505,-5.507108224306334e-12,7.753365117539943,-3.404898227268772e-14,0
0.00016152042371686548,-4.113899325364212e-12,7.755345117569959,-6.644787621613546e-16,0
-0.0024674073792994022,-3.562123252615068e-12,7.757370117600658,8.789209199476408e-15,0
-0.0007402340415865183,-3.9723463234053735e-12,7.759395117631357,2.9404659735557063e-15,0
0.005270428489893675,-5.301589028894327e-12,7.761375117661373,-2.79416458595924e-14,0
0.008766356855630875,-6.4432174873285675e-12,7.763400117692072,-5.6483543792363526e-14,0
0.010072441771626472,-6.926207003765672e-12,7.765425117722771,-6.976381674366119e-14,0
0.009552676230669022,-6.742598666897859e-12,7.767405117752787,-6.440986201821581e-14,0
0.0072532957419753075,-5.843929506976764e-12,7.769430117783486,-4.238774900935842e-14,0
0.0020646383054554462,-4.514755756745981e-12,7.771455117814185,-9.321337675153242e-15,0
-0.00228122272528708,-3.598305898036558e-12,7.773435117844201,8.20853718713553e-15,0
-0.0019606747664511204,-3.693992160769266e-12,7.7754601178749,7.24271721708855e-15,0
0.00381322274915874,-4.968193825088951e-12,7.777485117905599,-1.8944829716059167e-14,0
0.008078093640506268,-6.121234161909905e-12,7.779465117935615,-4.944790275537412e-14,0
0.009993934072554111,-6.864879758400333e-12,7.781490117966314,-6.860715572146412e-14,0
0.009993934072554111,-6.889982508140324e-12,7.783515117997013,-6.885803094740542e-14,0
0.008323857560753822,-6.140797072229365e-12,7.785495118027029,-5.1115120138731334e-14,0
0.003984512761235237,-4.9564371704113874e-12,7.787520118057728,-1.9748987155764843e-14,0
-0.0015395870432257652,-3.742926541622227e-12,7.7895451180884265,5.762561207227403e-15,0
-0.002174787223339081,-3.6145528844316877e-12,7.791570118119125,7.860883431145455e-15,0
0.001978683052584529,-4.5446112151292795e-12,7.793550118149142,-8.992345191961888e-15,0
0.007174787577241659,-5.837256893126419e-12,7.7955751181798405,-4.1881078241971675e-14,0
0.009629943408071995,-6.745721169154617e-12,7.797600118210539,-6.496091310559221e-14,0
0.010059098713099957,-6.923637010936012e-12,7.799580118240556,-6.964554814667767e-14,0
0.008966194465756416,-6.442899599251595e-12,7.8016051182712545,-5.776829073023388e-14,0
0.005718823056668043,-5.3657070106516436e-12,7.803630118301953,-3.068552896783998e-14,0
-0.0003672440943773836,-3.994533870343986e-12,7.80561011833197,1.466968973674262e-15,0
-0.0023817624896764755,-3.576422144546676e-12,7.807635118362668,8.51818811112957e-15,0
0.00018758629448711872,-4.153467500489505e-12,7.809660118393367,-7.791335776895012e-16,0
0.005977930035442114,-5.487600825138106e-12,7.811640118423384,-3.280449379511001e-14,0
0.009344460442662239,-6.570955151524727e-12,7.813665118454082,-6.140203048393047e-14,0
0.0102437324821949,-6.937328315970159e-12,7.815690118484781,-7.106413540995397e-14,0
0.009552676230669022,-6.692863277479866e-12,7.817670118514798,-6.393475594589948e-14,0
0.007124828174710274,-5.752098016648111e-12,7.819695118545496,-4.0982710012709544e-14,0
0.0013366560451686382,-4.355877637751693e-12,7.821720118576195,-5.822310176515688e-15,0
-0.002311012241989374,-3.585706384590104e-12,7.823700118606212,8.286611350967189e-15,0
-0.0012683779932558537,-3.833486913323858e-12,7.82572511863691,4.862310438294292e-15,0
0.004555479157716036,-5.139146920518645e-12,7.827750118667609,-2.3411276684863235e-14,0
0.008547279052436352,-6.3032665024997936e-12,7.829730118697626,-5.387577773874023e-14,0
0.010108128190040588,-6.91858029200354e-12,7.831755118728324,-6.993389648466023e-14,0
0.009908288717269897,-6.855029564822868e-12,7.833780118759023,-6.7921612093686e-14,0
0.007845673710107803,-6.001536941024899e-12,7.835805118789722,-4.7086100598439854e-14,0
0.003274528542533517,-4.79627405500227e-12,7.837785118819738,-1.5705536290917903e-14,0
-0.0018750297604128718,-3.6844594215879045e-12,7.839810118850437,6.908471066510917e-15,0
-0.002053456846624613,-3.6317119016943122e-12,7.841835118881136,7.457563669502278e-15,0
0.0029170538764446974,-4.7680904363689436e-12,7.843815118911152,-1.3908776690648916e-14,0
0.007781439460813999,-6.003760856521101e-12,7.845840118941851,-4.671790164222375e-14,0
0.009801233187317848,-6.82611345920181e-12,7.84786511897255,-6.690432977672582e-14,0
0.010155915282666683,-6.9196584226438596e-12,7.849845119002566,-7.027546472536201e-14,0
0.008730671368539333,-6.318021626705583e-12,7.851870119033265,-5.516057052209074e-14,0
0.005069348961114883,-5.197614040552967e-12,7.853895119063964,-2.6348519336753315e-14,0
-0.0008885611896403134,-3.892409831951493e-12,7.85587511909398,3.458644310846471e-15,0
-0.002310391515493393,-3.5926277144188168e-12,7.857900119124679,8.300376589719655e-15,0
0.0009155684383586049,-4.30058853112536e-12,7.859925119155378,-3.937483125465372e-15,0
0.006745011545717716,-5.652723514965041e-12,7.861905119185394,-3.8127685373189235e-14,0
0.009594257920980453,-6.660880180753281e-12,7.863930119216093,-6.390620243489388e-14,0
0.01020804699510336,-6.944954594051422e-12,7.865955119246792,-7.089442287493589e-14,0
0.009403728879988194,-6.57648154683832e-12,7.867935119276808,-6.184344945071294e-14,0
0.006610957905650139,-5.593855240126899e-12,7.869960119307507,-3.698074152277938e-14,0
0.0006086740177124739,-4.178252362152524e-12,7.8719851193382055,-2.543193652288011e-15,0
-0.002174787223339081,-3.580235500427742e-12,7.874010119368904,7.786250422875253e-15,0
-0.0006130078691057861,-3.959718837542869e-12,7.875990119398921,2.4273388068601947e-15,0
0.005333421286195517,-5.275464093346116e-12,7.8780151194296195,-2.8136272490012307e-14,0
0.00907325092703104,-6.4419468023824145e-12,7.880040119460318,-5.844939979660089e-14,0
0.010312309488654137,-6.941210627109395e-12,7.882020119490335,-7.157991221268715e-14,0
0.009822644293308258,-6.7784501969758715e-12,7.8840451195210335,-6.658230514479928e-14,0
0.007595875300467014,-5.8826962398561555e-12,7.886070119551732,-4.468422706847355e-14,0
0.0024404211435467005,-4.577768285968231e-12,7.888050119581749,-1.117168251533441e-14,0
-0.002010634168982506,-3.6336183627944107e-12,7.8900751196124475,7.305877237276713e-15,0
-0.0017394251190125942,-3.695580733792392e-12,7.892100119643146,6.4281859576974814e-15,0
0.0038777668960392475,-4.9481339164936244e-12,7.894080119673163,-1.9187709898548007e-14,0
0.008181115612387657,-6.102265394380968e-12,7.896105119703861,-4.992333868890306e-14,0
0.01018663588911295,-6.883944803082187e-12,7.89813011973456,-7.012423918974958e-14,0
0.010222941637039185,-6.915679400670838e-12,7.900110119764577,-7.06985868935321e-14,0
0.008509421721100807,-6.193143220478703e-12,7.902135119795275,-5.270006744222968e-14,0
0.004205762408673763,-5.000287510437129e-12,7.904160119825974,-2.1030021243957396e-14,0
-0.001246035797521472,-3.788959597461616e-12,7.906140119855991,4.7211792937997206e-15,0
-0.001974948914721608,-3.6215436031994397e-12,7.908165119886689,7.152363608755716e-15,0
0.001836251700296998,-4.491559901786957e-12,7.910190119917388,-8.247634506642117e-15,0
0.007236538454890251,-5.798946392521209e-12,7.912170119947405,-4.196429856732683e-14,0
0.00983691867440939,-6.744450050527595e-12,7.914195119978103,-6.634460665065625e-14,0
0.010343651287257671,-6.944954594051422e-12,7.916220120008802,-7.183618852670607e-14,0
0.009273089468479156,-6.473404277895778e-12,7.918245120039501,-6.002845703456326e-14,0
0.0059109041467309,-5.4136604053789394e-12,7.920225120069517,-3.199962773914726e-14,0
-9.789690375328064e-05,-4.036850714816964e-12,7.922250120100216,3.951951858947985e-16,0
-0.002296117600053549,-3.5872260023550595e-12,7.924275120130915,8.236692759377185e-15,0
7.959915819810703e-05,-4.1334622356836714e-12,7.926255120160931,-3.2902011440408574e-16,0
0.006004306487739086,-5.466435464007713e-12,7.92828012019163,-3.282215392134853e-14,0
0.009280226193368435,-6.577310744659837e-12,7.930305120222329,-6.103893145451586e-14,0
0.010222941637039185,-6.958120277872348e-12,7.932285120252345,-7.113245750418789e-14,0
0.009701313450932503,-6.725702460241845e-12,7.934310120283044,-6.524814774451403e-14,0
0.007110553793609142,-5.7880046241964855e-12,7.936335120313743,-4.115591823800758e-14,0
0.0015094975242391229,-4.417950814211702e-12,7.938315120343759,-6.668885816262781e-15,0
-0.002310391515493393,-3.606291263877348e-12,7.940340120374458,8.33194473846017e-15,0
-0.0012969262897968292,-3.8341222557969346e-12,7.942365120405157,4.972573951838168e-15,0
0.004473558161407709,-5.116903428747932e-12,7.944345120435173,-2.28907650948104e-14,0
0.008587929420173168,-6.289105954765395e-12,7.946370120465872,-5.4010398055516e-14,0
0.010150950402021408,-6.935103533112219e-12,7.948395120496571,-7.039789199750557e-14,0
0.010044204071164131,-6.898437116681366e-12,7.950375120526587,-6.928931017204073e-14,0
0.007981278002262115,-6.0669941293056695e-12,7.952400120557286,-4.8422366784080737e-14,0
0.0035705622285604477,-4.874773761737172e-12,7.954425120587985,-1.7405683066436275e-14,0
-0.0017037398647516966,-3.714964100232088e-12,7.956450120618683,6.329332433686825e-15,0
-0.0021471697837114334,-3.652020526268007e-12,7.9584301206487,7.841508123496592e-15,0
0.002657015807926655,-4.732736771928536e-12,7.9604551206793985,-1.2574956417769888e-14,0
0.007745753973722458,-6.0145647143294845e-12,7.962480120710097,-4.6587338536228484e-14,0
0.009843125008046627,-6.847043765301208e-12,7.964460120740114,-6.739630771742606e-14,0
0.010129539296030998,-6.946543167074548e-12,7.9664851207708125,-7.036528198245726e-14,0
0.008716396987438202,-6.380619557017075e-12,7.968510120801511,-5.561601308477291e-14,0
0.0052257440984249115,-5.275726036590989e-12,7.970490120831528,-2.7569594200622007e-14,0
-0.0007616453221999109,-3.944383882015234e-12,7.9725151208622265,3.0042215326976284e-15,0
-0.002360351150855422,-3.6199548133358794e-12,7.974540120892925,8.544364509701967e-15,0
0.0007126270793378353,-4.293942805488893e-12,7.976520120922942,-3.0599799203192604e-15,0
0.0065253134816884995,-5.657724289065413e-12,7.97854512095364,-3.691842457911502e-14,0
0.009451515972614288,-6.67645062499278e-12,7.980570120984339,-6.310257972248991e-14,0
0.010208046063780785,-6.980667346251357e-12,7.982550121014356,-7.125897382646422e-14,0
0.009351597167551517,-6.634506746067137e-12,7.984575121045054,-6.204323449462287e-14,0
0.006732288748025894,-5.661538078627348e-12,7.986600121075753,-3.811510910326304e-14,0
0.0007424166542477906,-4.255812282444316e-12,7.98858012110577,-3.159585915838962e-15,0
-0.0022604321129620075,-3.6167774504491934e-12,7.990605121136468,8.175479894432213e-15,0
-0.0007830566028133035,-3.950421153392503e-12,7.992630121167167,3.093403368057345e-15,0
0.005099138710647821,-5.2727423122123085e-12,7.994610121197184,-2.6886444435472483e-14,0
0.009044703096151352,-6.437815558424376e-12,7.996635121227882,-5.82281303137323e-14,0
0.010279417969286442,-6.97482349654166e-12,7.998660121258581,-7.169712598295163e-14,0
0.009943975135684013,-6.821346872770695e-12,8.00068512128928,-6.783130369470769e-14,1
0.007668487727642059,-5.932237773925708e-12,8.002665121319296,-4.549129256680394e-14,1
0.002887264359742403,-4.6961393107558536e-12,8.004645121349313,-1.355899566033063e-14,1
-0.0018750297604128718,-3.6819171843338605e-12,8.006670121380012,6.903704296001554e-15,1
-0.001803658902645111,-3.6984408591234086e-12,8.00869512141071,6.670725781464369e-15,1
0.0036468978505581617,-4.912324019779035e-12,8.010675121440727,-1.7914743908977392e-14,1
0.008116882294416428,-6.102265394380968e-12,8.012700121471426,-4.953136993548096e-14,1
0.01020804699510336,-6.89983270171779e-12,8.014725121502124,-7.043381647748617e-14,1
0.010289967991411686,-6.948504705645009e-12,8.01670512153214,-7.149989100926062e-14,1
0.008673574775457382,-6.265591778048529e-12,8.01873012156284,-5.434507879939489e-14,1
0.004648261237889528,-5.094978258735061e-12,8.020755121593538,-2.368278994796807e-14,1
-0.0009630350978113711,-3.861905586988179e-12,8.022735121623555,3.7191506247034415e-15,1
-0.0021034162491559982,-3.6447398918393326e-12,8.024760121654253,7.666405112441928e-15,1
0.0016221393598243594,-4.460419880669697e-12,8.026785121684952,-7.235422649777388e-15,1
0.007139102555811405,-5.796583699146929e-12,8.028810121715651,-4.138240550155457e-14,1
0.009783545508980751,-6.767798561152505e-12,8.030790121745667,-6.621306521864998e-14,1
0.010343651287257671,-6.9856269206691746e-12,8.032815121776366,-7.225688889028155e-14,1
0.009265951812267303,-6.544899604915555e-12,8.034840121807065,-6.064472435527485e-14,1
0.006193904206156731,-5.4902532173328744e-12,8.036820121837081,-3.4006102495703614e-14,1
0.00018758629448711872,-4.122962821845322e-12,8.03884512186778,-7.734113180581185e-16,1
-0.0021961983293294907,-3.6228147218264617e-12,8.040870121898479,7.956419639545559e-15,1
-6.934858538443223e-05,-4.102294458990796e-12,8.042850121928495,2.8448831756140643e-16,1
0.005790194030851126,-5.430528856459338e-12,8.044875121959194,-3.144381576903565e-14,1
0.009415831416845322,-6.565553656301404e-12,8.046900121989893,-6.182014638598643e-14,1
0.010379336774349213,-6.9932670765382454e-12,8.04888012201991,-7.258547414035902e-14,1
0.009794095531105995,-6.7797208819220245e-12,8.050905122050608,-6.64012339917785e-14,1
0.0074531338177621365,-5.862677530943383e-12,8.052930122081307,-4.3695320168508353e-14,1
0.001978683052584529,-4.510459280376855e-12,8.054910122111323,-8.924769337454293e-15,1
-0.002010634168982506,-3.654590519097667e-12,8.056935122142022,7.348044571337282e-15,1
-0.0013040633639320731,-3.8252252927695185e-12,8.05896012217272,4.9883361630870675e-15,1
0.004384189378470182,-5.1019830721310555e-12,8.060940122202737,-2.2368059993971644e-14,1
0.008530832827091217,-6.268451903379546e-12,8.062965122233436,-5.3475115272392653e-14,1
0.01032937690615654,-6.9576644792790354e-12,8.064990122264135,-7.186833879305054e-14,1
0.010282520204782486,-6.9511570978397774e-12,8.066970122294151,-7.14754133051547e-14,1
0.008323857560753822,-6.1489754260568574e-12,8.06899512232485,-5.118319559107283e-14,1
0.003948827274143696,-4.969464943715973e-12,8.071020122355549,-1.96235587076466e-14,1
-0.0014682163018733263,-3.776926254389634e-12,8.073045122386247,5.545344697668223e-15,1
-0.001879063667729497,-3.693798305420826e-12,8.075025122416264,6.940882191637057e-15,1
0.0025856452994048595,-4.6926993541029915e-12,8.077050122446963,-1.213365602645662e-14,1
0.007760028354823589,-5.998041473220805e-12,8.079075122477661,-4.6544971905601304e-14,1
0.010044204071164131,-6.859312163404185e-12,8.081055122507678,-6.889633115704996e-14,1
0.010429296642541885,-6.995159659850536e-12,8.083080122538377,-7.295459515452363e-14,1
0.009158896282315254,-6.4648247692644656e-12,8.085105122569075,-5.921065954503588e-14,1
0.005650245118886232,-5.378182274529131e-12,8.087085122599092,-3.0388048145138676e-14,1
-0.0002977351541630924,-4.020645361785258e-12,8.08911012262979,1.197087466626256e-15,1
-0.0020820051431655884,-3.650141820743524e-12,8.09113512266049,7.599614044071823e-15,1
0.0007945483666844666,-4.295600767451058e-12,8.093115122690506,-3.413062573706779e-15,1
0.006625232752412558,-5.652004905765118e-12,8.095140122721205,-3.744584801847151e-14,1
0.009651354514062405,-6.697422130774733e-12,8.097165122751903,-6.463919531443417e-14,1
0.010438916273415089,-7.022776891268956e-12,8.09914512278192,-7.331017997483093e-14,1
0.009772684425115585,-6.716170154741352e-12,8.101170122812619,-6.563501146766694e-14,1
0.007146239280700684,-5.762266531983418e-12,8.103195122843317,-4.11785354367268e-14,1
0.0014201289741322398,-4.365230833053291e-12,8.105175122873334,-6.1991907847943924e-15,1
-0.001996360020712018,-3.666029285698258e-12,8.107200122904032,7.318714300727439e-15,1
-0.0006688633002340794,-3.96154246559699e-12,8.109225122934731,2.6497303675566545e-15,1
0.005262050312012434,-5.291034103904746e-12,8.11125012296543,-2.7841687657320398e-14,1
0.009068596176803112,-6.470047587969763e-12,8.113230122995446,-5.867424881999679e-14,1
0.010443571023643017,-7.016766941786434e-12,8.115255123026145,-7.328010391289703e-14,1
0.010001071728765965,-6.895702325121489e-12,8.117280123056844,-6.896441357375825e-14,1
0.007906803861260414,-6.029057027928664e-12,8.11926012308686,-4.7670571388185595e-14,1
0.0032850790303200483,-4.8118579433487074e-12,8.12128512311756,-1.5807333626573794e-14,1
-0.0016038207104429603,-3.7470573518993966e-12,8.123310123148258,6.0096081841938076e-15,1
-0.0016779843717813492,-3.7352451860706015e-12,8.125290123178274,6.267683046997987e-15,1
0.0036205218639224768,-4.923708142590133e-12,8.127315123208973,-1.7826392981820704e-14,1
0.00827389769256115,-6.139442686875496e-12,8.129340123239672,-5.079712068055059e-14,1
0.010364442132413387,-6.947841607596317e-12,8.131320123269688,-7.201050228710603e-14,1
0.010464981198310852,-7.004692832712767e-12,8.133345123300387,-7.330397879428189e-14,1
0.008866275660693645,-6.338040335618356e-12,8.135370123331086,-5.619481276418761e-14,1
0.005039559677243233,-5.2007916202800875e-12,8.137350123361102,-2.6209699739308027e-14,1
-0.0006760003743693233,-3.940888414211141e-12,8.139375123391801,2.66404204335446e-15,1
-0.0018250702414661646,-3.698758313519512e-12,8.1414001234225,6.75049372838004e-15,1
0.0014722606865689158,-4.448786825039797e-12,8.143380123452516,-6.549773945431838e-15,1
0.007353214547038078,-5.806434326405263e-12,8.145405123483215,-4.2695957355344426e-14,1
0.010015346109867096,-6.800375366988742e-12,8.147430123513914,-6.810811297740673e-14,1
0.010647443123161793,-7.0483076840266445e-12,8.14941012354393,-7.504645518021792e-14,1
0.009672765620052814,-6.629422271559049e-12,8.151435123574629,-6.41248478291488e-14,1
0.00671801483258605,-5.601799406285135e-12,8.153460123605328,-3.7632971500595266e-14,1
0.0006300852401182055,-4.209392383269783e-12,8.155485123636026,-2.652276010564287e-15,1
-0.00184182683005929,-3.680535477085245e-12,8.157465123666043,6.778908990680673e-15,1
0.00011621548765106127,-4.118514123491179e-12,8.159490123696742,-4.786351272593106e-16,1
0.005982895381748676,-5.4565848367493786e-12,8.16151512372744,-3.264617621990771e-14,1
0.009627150371670723,-6.604002067422954e-12,8.163495123757457,-6.357772095790511e-14,1
0.010714779607951641,-7.052991437411782e-12,8.165520123788156,-7.55712488286373e-14,1
0.010229458101093769,-6.855664907295944e-12,8.167545123818854,-7.012973692432276e-14,1
0.007891909219324589,-5.941522013969136e-12,8.16952512384887,-4.688995235886302e-14,1
0.0025356856640428305,-4.614213525155897e-12,8.17155012387957,-1.170019508657034e-14,1
-0.0017180140130221844,-3.719412364905361e-12,8.173575123910268,6.390002563115393e-15,1
-0.0011119828559458256,-3.852621346944751e-12,8.175555123940285,4.284048888253478e-15,1
0.004605438560247421,-5.130884866283436e-12,8.177580123970984,-2.362997501137167e-14,1
0.008702123537659645,-6.293236331361696e-12,8.179605124001682,-5.4764520007197446e-14,1
0.010572968982160091,-7.012166888809013e-12,8.181585124031699,-7.413942301310772e-14,1
0.010579175315797329,-7.0189912909635055e-12,8.183610124062398,-7.425513940715754e-14,1
0.008737808093428612,-6.236993560504445e-12,8.185635124093096,-5.449765281163787e-14,1
0.004533137194812298,-5.0767831778764094e-12,8.187615124123113,-2.301375465362893e-14,1
-0.0009472094243392348,-3.8687577447182875e-12,8.189640124153811,3.6645237962825655e-15,1
-0.0015824094880372286,-3.748645924922522e-12,8.19166512418451,5.931892878889492e-15,1
0.0027926205657422543,-4.724157263297224e-12,8.193690124215209,-1.3192778729284473e-14,1
0.008033408783376217,-6.0207680854795775e-12,8.195670124245225,-4.836729122056285e-14,1
0.010415022261440754,-6.904917176225878e-12,8.197695124275924,-7.191486610379715e-14,1
0.010836109519004822,-7.062206288516171e-12,8.199720124306623,-7.652684078816579e-14,1
0.009612255729734898,-6.5506189882158505e-12,8.20170012433664,-6.296622490278803e-14,1
0.006396845914423466,-5.493445108528672e-12,8.203725124367338,-3.5140721898601206e-14,1
0.00034460201277397573,-4.112158964036938e-12,8.205750124398037,-1.4170582558536758e-15,1
-0.0016630894970148802,-3.719329531859383e-12,8.207730124428053,6.1855778803726116e-15,1
0.001101132482290268,-4.325055504711406e-12,8.209755124458752,-4.762459103946058e-15,1
0.00701777171343565,-5.690453316886668e-12,8.21178012448945,-3.993430232387333e-14,1
0.010170809924602509,-6.737625648373102e-12,8.213760124519467,-6.852710981272956e-14,1
0.010936028324067593,-7.089850841829337e-12,8.215785124550166,-7.75348096196601e-14,1
0.010300829075276852,-6.802281828088841e-12,8.217810124580865,-7.006914243300491e-14,1
0.007869566790759563,-5.8699026542208266e-12,8.219790124610881,-4.6193590992647634e-14,1
0.002007541712373495,-4.475036660678278e-12,8.22181512464158,-8.983822760712237e-15,1
-0.001432530814781785,-3.736571382167986e-12,8.223840124672279,5.352753646587405e-15,1
-0.00021829636534675956,-3.996191832306151e-12,8.225820124702295,8.7235415222084e-16,1
0.005590355955064297,-5.315501077490792e-12,8.227845124732994,-2.9715543102701334e-14,1
0.009708451107144356,-6.502637837912939e-12,8.229870124763693,-6.313054151684465e-14,1
0.011094285175204277,-7.07947546071952e-12,8.23185012479371,-7.854171965208304e-14,1
0.010914618149399757,-7.000243700677755e-12,8.233875124824408,-7.640498694563875e-14,1
0.008737808093428612,-6.133087961102124e-12,8.235900124855107,-5.358974562422772e-14,1
0.0041558025404810905,-4.920848017259116e-12,8.237925124885805,-2.0450072691446773e-14,1
-0.0009928246727213264,-3.821121804387095e-12,8.239905124915822,3.793704004868942e-15,1
-0.0011470476165413857,-3.801711549733522e-12,8.24193012494652,4.360744171899694e-15,1
0.004098705947399139,-4.9666048183849565e-12,8.24395512497722,-2.0356652707495644e-14,1
0.008904754184186459,-6.205121486080323e-12,8.245935125007236,-5.525508151655905e-14,1
0.010921753942966461,-6.999926246281651e-12,8.247960125037935,-7.645147208080105e-14,1
0.011057360097765923,-7.07459871934768e-12,8.249985125068633,-7.822638558702093e-14,1
0.009589913301169872,-6.4488262820072695e-12,8.25196512509865,-6.184368493875537e-14,1
0.005940073169767857,-5.31740753859089e-12,8.253990125129349,-3.1585789852705086e-14,1
5.911882544751279e-05,-4.03430847756292e-12,8.256015125160047,-2.3850357868646334e-16,1
-0.0012832727516070008,-3.757791820768741e-12,8.257995125190064,4.822271849804184e-15,1
0.0020004045218229294,-4.4931484748100825e-12,8.260020125220763,-8.988114526231888e-15,1
0.007724342867732048,-5.849648890277059e-12,8.262045125251461,-4.518469368434829e-14,1
0.010446363128721714,-6.838423056987342e-12,8.264025125281478,-7.1436650481113e-14,1
0.01109304465353489,-7.105103831672732e-12,8.266050125312177,-7.881723407274746e-14,1
0.010165223851799965,-6.70854344297922e-12,8.268075125342875,-6.819384581740863e-14,1
0.007474855519831181,-5.7183745585942525e-12,8.270055125372892,-4.274402363377044e-14,1
0.0013652043417096138,-4.317429226630143e-12,8.27208012540359,-5.894173125219451e-15,1
-0.0012826521415263414,-3.742926541622227e-12,8.27410512543429,4.800872744187532e-15,1
0.0004873436118941754,-4.150607375158488e-12,8.276130125464988,-2.0227719897643404e-15,1
0.006335405167192221,-5.489590119284182e-12,8.278110125495004,-3.477877760748037e-14,1
0.010086717084050179,-6.622113881554759e-12,8.280135125525703,-6.679538922160422e-14,1
0.011250060051679611,-7.1060566285419124e-12,8.282160125556402,-7.994356380173247e-14,1
0.01071446854621172,-6.921315517244286e-12,8.284140125586418,-7.4158217407921e-14,1
0.008466599509119987,-6.025050250380026e-12,8.286165125617117,-5.101168749229079e-14,1
0.003178022801876068,-4.7015967508112766e-12,8.288190125647816,-1.494178167930467e-14,1
-0.001089640660211444,-3.775365003261255e-12,8.290170125677832,4.113791214692774e-15,1
-0.0006974115967750549,-3.878608371976622e-12,8.292195125708531,2.704986457965312e-15,1
0.004990841262042522,-5.14486630381894e-12,8.29422012573923,-2.5677211036791767e-14,1
0.009143070317804813,-6.300945442488937e-12,8.296200125769246,-5.760998724932811e-14,1
0.011043085716664791,-7.048860627134612e-12,8.298225125799945,-7.784117211027106e-14,1
0.011064495891332626,-7.0739629431937345e-12,8.300250125830644,-7.826983392040633e-14,1
0.00925478059798479,-6.311224546445837e-12,8.30223012586066,-5.84089984819723e-14,1
0.005097897257655859,-5.140417605464798e-12,8.304255125891359,-2.620532081410489e-14,1
-0.0003619688795879483,-3.925636291729484e-12,8.306280125922058,1.4209581701871096e-15,1
-0.0012311410391703248,-3.780670221331661e-12,8.308260125952074,4.654538265050563e-15,1
0.002821168629452586,-4.691110347398997e-12,8.310285125982773,-1.3234413349382473e-14,1
0.008281035348773003,-6.014882602406457e-12,8.312310126013472,-4.980945544924762e-14,1
0.010736810974776745,-6.923968776800793e-12,8.314290126043488,-7.434134395176627e-14,1
0.011164414696395397,-7.1047855099148904e-12,8.316315126074187,-7.932077176163087e-14,1
0.010079579427838326,-6.624656552489672e-12,8.318340126104886,-6.677375190296926e-14,1
0.006825070828199387,-5.5411083707546105e-12,8.320365126135584,-3.781845709712872e-14,1
0.0007275218376889825,-4.170266996311733e-12,8.322345126165601,-3.0339603088104254e-15,1
-0.0012969262897968292,-3.755318972453736e-12,8.3243701261963,4.870371901948065e-15,1
0.0012866966426372528,-4.332681782792669e-12,8.326395126226998,-5.574847103534914e-15,1
0.007095038425177336,-5.673280855517104e-12,8.328375126257015,-4.0252145666716804e-14,1
0.01035078801214695,-6.74603905723159e-12,8.330400126287714,-6.982682020306785e-14,1
0.011242922395467758,-7.1251216732237665e-12,8.332425126318412,-8.010719003032019e-14,1
0.010550626553595066,-6.857322869258109e-12,8.334405126348429,-7.234905275096931e-14,1
0.008195389993488789,-5.9351256548323406e-12,8.336430126379128,-4.864066940171156e-14,1
0.002500000176951289,-4.53127899785466e-12,8.338455126409826,-1.132819829645231e-14,1
-0.001193904085084796,-3.768733589093465e-12,8.340435126439843,4.4995064276149724e-15,1
-0.000119308169814758,-4.010159392053847e-12,8.342460126470542,4.784447777314071e-16,1
0.005768782924860716,-5.323127355572055e-12,8.34448512650124,-3.0707966195683046e-14,1
0.009761203080415726,-6.482978650440563e-12,8.346465126531257,-6.328167117294981e-14,1
0.011207237839698792,-7.099066126614595e-12,8.348490126561956,-7.956092252071902e-14,1
0.011114455759525299,-7.0367856506992066e-12,8.350515126592654,-7.821004280395878e-14,1
0.009157964959740639,-6.19484324948516e-12,8.35249512662267,-5.673215740987093e-14,1
0.004676809534430504,-5.0114088226416165e-12,8.35452012665337,-2.3437404562659458e-14,1
-0.0006189037812873721,-3.862085130867943e-12,8.356545126684068,2.390259091147905e-15,1
-0.0008258791058324277,-3.819823363865327e-12,8.358570126714767,3.1547123041869123e-15,1
0.004235241562128067,-4.947802150628844e-12,8.360550126744783,-2.0955137309529914e-14,1
0.009130347520112991,-6.185517376078309e-12,8.362575126775482,-5.6475923235292405e-14,1
0.011143004521727562,-7.0100938942552204e-12,8.364600126806181,-7.81135079614207e-14,1
0.011384733952581882,-7.096716877347253e-12,8.366580126836197,-8.079423358539615e-14,1
0.009943975135684013,-6.5058158513209285e-12,8.368605126866896,-6.469367106287424e-14,1
0.00634688651189208,-5.384454600937394e-12,8.370630126897595,-3.41745222805848e-14,1
0.0004519685171544552,-4.0668163281409875e-12,8.372610126927611,-1.8380729453694083e-15,1
-0.0009757577790878713,-3.773748674662514e-12,8.37463512695831,3.682264625624492e-15,1
0.002328710164874792,-4.483933623705694e-12,8.376660126989009,-1.044178180814731e-14,1
0.008048304356634617,-5.846692921473995e-12,8.378640127019025,-4.705596411180393e-14,1
0.01096457801759243,-6.846450056191555e-12,8.380665127049724,-7.506843578466239e-14,1
0.011599777266383171,-7.127029001685603e-12,8.382690127080423,-8.26719489906062e-14,1
0.01075170561671257,-6.754867498681705e-12,8.38467012711044,-7.262634682572528e-14,1
0.008052648976445198,-5.777518654465075e-12,8.386695127141138,-4.652432967927122e-14,1
0.001971856225281954,-4.366999383637049e-12,8.388720127171837,-8.61109492042717e-15,1
-0.0007842978811822832,-3.7670756271313e-12,8.390700127201853,2.954509432612499e-15,1
0.0005801256629638374,-4.123916052395371e-12,8.392725127232552,-2.3923895339030758e-15,1
0.006618095561861992,-5.461351423180494e-12,8.39475012726325,-3.61437456155195e-14,1
0.010342099703848362,-6.6073175576664145e-12,8.396730127293267,-6.833353695637391e-14,1
0.01158550288528204,-7.126075337454685e-12,8.398755127323966,-8.255916638281844e-14,1
0.011100182309746742,-6.95607590625591e-12,8.400780127354665,-7.721371071987739e-14,1
0.008852001279592514,-6.066041332436489e-12,8.402805127385363,-5.369660563678888e-14,1
0.003795845666900277,-4.754164509984671e-12,8.40478512741538,-1.8046074754956392e-14,1
-0.0007259600097313523,-3.816010007984261e-12,8.406810127446079,2.7702706625311918e-15,1
-0.0004476138565223664,-3.8814680636267695e-12,8.408835127476777,1.7373988889283802e-15,1
0.005181059706956148,-5.13911873126216e-12,8.410815127506794,-2.662608098780598e-14,1
0.0094229681417346,-6.284975144488225e-12,8.412840127537493,-5.922312055810636e-14,1
0.011371390894055367,-7.0663370987933405e-12,8.414865127568191,-8.035408133954421e-14,1
0.011541130021214485,-7.0950597827468265e-12,8.416845127598208,-8.188500746097092e-14,1
0.009736999869346619,-6.369498244812588e-12,8.418870127628907,-6.201980357754369e-14,1
0.005654589738696814,-5.182361484390441e-12,8.420895127659605,-2.9304128071851774e-14,1
0.0001019412957248278,-3.964360957564583e-12,8.422875127689622,-4.041320927350527e-16,1
-0.0008544274023734033,-3.8125149738610364e-12,8.42490012772032,3.257517265625789e-15,1
0.0030566924251616,-4.673316421344165e-12,8.42692512775102,-1.4284890905506025e-14,1
0.0084355678409338,-5.977331477002856e-12,8.428905127781036,-5.0422185182006625e-14,1
0.011043085716664791,-6.919533956234458e-12,8.430930127811735,-7.641300659806976e-14,1
0.011599777266383171,-7.132430063228057e-12,8.432955127842433,-8.27346001015007e-14,1
0.010476152412593365,-6.6739634652090984e-12,8.43493512787245,-6.991745845761027e-14,1
0.007317529059946537,-5.612603264093519e-12,8.436960127903149,-4.107038748695511e-14,1
0.0011725032236427069,-4.224009163278364e-12,8.438985127933847,-4.9526643606402146e-15,1
-0.0010114430915564299,-3.768029291362218e-12,8.441010127964546,3.8111471955305856e-15,1
0.0013903394574299455,-4.311515987981407e-12,8.442990127994562,-5.9944707994306046e-15,1
0.0072889807634055614,-5.6370702376795645e-12,8.445015128025261,-4.108849652441236e-14,1
0.0106790941208601,-6.749851979431787e-12,8.44704012805596,-7.20823045902259e-14,1
0.011637945659458637,-7.1371688940835565e-12,8.449020128085976,-8.306198375172293e-14,1
0.011107318103313446,-6.904917176225878e-12,8.451045128116675,-7.669511155337365e-14,1
0.008709260262548923,-5.968807913203644e-12,8.453070128147374,-5.198390157325206e-14,1
0.0029989751055836678,-4.579425814249527e-12,8.45505012817739,-1.3733584014801549e-14,1
-0.0006189037812873721,-3.788365454671094e-12,8.45707512820809,2.344633704794395e-15,1
0.0003231907612644136,-4.019374243158236e-12,8.459100128238788,-1.2990246214528865e-15,1
0.006015167571604252,-5.301920794759107e-12,8.461080128268804,-3.1891942031849225e-14,1
0.010158087126910686,-6.465460111737542e-12,8.463105128299503,-6.567670713059566e-14,1
0.011778204701840878,-7.111776445523077e-12,8.465130128330202,-8.376395876910111e-14,1
0.011675181798636913,-7.0774861665734434e-12,8.467110128360218,-8.263093767208281e-14,1
0.009558572433888912,-6.2462084116088334e-12,8.469135128390917,-5.970483553952924e-14,1
0.00511217163875699,-5.055894505140435e-12,8.471160128421616,-2.584660049772624e-14,1
-0.00015871727373450994,-3.903351600276217e-12,8.473140128451632,6.195293244230778e-16,1
-0.0005118475528433919,-3.829356103046688e-12,8.475165128482331,1.960046550310355e-15,1
0.004234310705214739,-4.905595894777459e-12,8.47719012851303,-2.077181721271367e-14,1
0.009210096672177315,-6.169974687414426e-12,8.479170128543046,-5.682606333597387e-14,1
0.011399938724935055,-7.005328175185843e-12,8.481195128573745,-7.986031194517971e-14,1
0.011735382489860058,-7.1251216732237665e-12,8.483220128604444,-8.361602812207259e-14,1
0.010322240181267262,-6.544899604915555e-12,8.485245128635142,-6.755802568421957e-14,1
0.006864169612526894,-5.45245359279134e-12,8.487225128665159,-3.74265662653514e-14,1
0.0008656088612042367,-4.121055927064354e-12,8.489250128695858,-3.567222527985146e-15,1
-0.0007616453221999109,-3.791225146321242e-12,8.491275128726556,2.8875688981022467e-15,1
0.002418078947812319,-4.4855911519869895e-12,8.493255128756573,-1.0846513533112947e-14,1
0.008131156675517559,-5.83312564916838e-12,8.495280128787272,-4.743005856136817e-14,1
0.01109304465353489,-6.850262978391752e-12,8.49730512881797,-7.599027310775661e-14,1
0.011712418869137764,-7.149768624370445e-12,8.499285128847987,-8.374108494604555e-14,1
0.010900343768298626,-6.804506177265912e-12,8.501310128878686,-7.417145650570999e-14,1
0.008323857560753822,-5.8442478287346056e-12,8.503335128909384,-4.8646686476131656e-14,1
0.002328710164874792,-4.423256032282108e-12,8.505315128939401,-1.0300481284219086e-14,1
-0.0006974115967750549,-3.7905898038481656e-12,8.5073401289701,2.6436012878209914e-15,1
0.0007942380616441369,-4.124233940472344e-12,8.509365129000798,-3.275623570647715e-15,1
0.0067375642247498035,-5.442507122060958e-12,8.511345129030815,-3.666924127854392e-14,1
0.010536352172493935,-6.613852694681288e-12,8.513370129061514,-6.968588120816005e-14,1
0.011756792664527893,-7.142916466640337e-12,8.515395129092212,-8.397778791833261e-14,1
0.01149644423276186,-7.006530338554695e-12,8.517375129122229,-8.055018530234813e-14,1
0.009237403981387615,-6.12228410329374e-12,8.519400129152928,-5.65540115509517e-14,1
0.004312818869948387,-4.857296856397575e-12,8.521425129183626,-2.0948641539212442e-14,1
-0.00042620260501280427,-3.849692266355564e-12,8.523450129214325,1.6407488724183879e-15,1
-0.00027042810688726604,-3.879810101664605e-12,8.525430129244342,1.0492097008752502e-15,1
0.005069348961114883,-5.101969194343248e-12,8.52745512927504,-2.586366223498408e-14,1
0.009579983539879322,-6.289423409161499e-12,8.529480129305739,-6.025257273509885e-14,1
0.011608156375586987,-7.0798072265843e-12,8.531460129335755,-8.218350939520137e-14,1
0.011756792664527893,-7.119084835527367e-12,8.533485129366454,-8.369760437247991e-14,1
0.010036757215857506,-6.4136660392344336e-12,8.535510129397153,-6.437240889938643e-14,1
0.0060002729296684265,-5.2372641813625e-12,8.53749012942717,-3.142501449295148e-14,1
0.0004088357090950012,-4.02191648041228e-12,8.539515129457868,-1.644303076190226e-15,1
-0.0006189037812873721,-3.8175990146882555e-12,8.541540129488567,2.3627264656295073e-15,1
0.0029989751055836678,-4.636787915429652e-12,8.543520129518583,-1.3905611528244716e-14,1
0.008595066145062447,-5.966901452103546e-12,8.545545129549282,-5.128591266189914e-14,1
0.011207237839698792,-6.932879617616017e-12,8.54757012957998,-7.769843078862271e-14,1
0.011794340796768665,-7.157394902451708e-12,8.549550129609997,-8.441675469657026e-14,1
0.010707641951739788,-6.708861764737062e-12,8.551575129640696,-7.183608968052159e-14,1
0.007531641982495785,-5.6485094379610246e-12,8.553600129671395,-4.254255082147092e-14,1
0.001561629236675799,-4.288306255234575e-12,8.555580129701411,-6.696744423994023e-15,1
-0.0007545083062723279,-3.7905898038481656e-12,8.55760512973211,2.860031492674635e-15,1
0.0014579864218831062,-4.283747401939708e-12,8.559630129762809,-6.2456455468051276e-15,1
0.00730356527492404,-5.600334865990542e-12,8.561610129792825,-4.0902411255194896e-14,1
0.01074332743883133,-6.7323759414539275e-12,8.563635129823524,-7.232811918034988e-14,1
0.011771067045629025,-7.1584864771989665e-12,8.565660129854223,-8.426302426833776e-14,1
0.011235786601901054,-6.9344681906391425e-12,8.567685129884921,-7.791420478769232e-14,1
0.008867516182363033,-6.007173057598347e-12,8.569665129914938,-5.3268704298508567e-14,1
0.003299353178590536,-4.659017095731688e-12,8.571690129945637,-1.5371742863909992e-14,1
-0.0006403150036931038,-3.810608512760938e-12,8.573715129976335,2.4399898039214927e-15,1
8.704652282176539e-05,-3.998844658181788e-12,8.575695130006352,-3.4808552279911566e-16,1
0.005904387217015028,-5.284043601977428e-12,8.57772013003705,-3.119903949766557e-14,1
0.010043893940746784,-6.4546562539291585e-12,8.57974513006775,-6.482988283844241e-14,1
0.011786893010139465,-7.123574733564064e-12,8.581725130097766,-8.396481323425237e-14,1
0.011699697002768517,-7.103832279364841e-12,8.583750130128465,-8.311268522705507e-14,1
0.009694176726043224,-6.284021480257307e-12,8.585775130159163,-6.091841477986608e-14,1
0.005441718269139528,-5.117898292661405e-12,8.58775513018918,-2.7850160638773566e-14,1
4.484464807319455e-05,-3.9364397158569986e-12,8.589780130219879,-1.7652825371895305e-16,1
-0.00035483180545270443,-3.846832574705417e-12,8.591805130250577,1.3649785477569985e-15,1
0.004138425458222628,-4.870214041080567e-12,8.593785130280594,-2.015501777460112e-14,1
0.009408693760633469,-6.159778850184372e-12,8.595810130311293,-5.79554728346117e-14,1
0.01158550288528204,-7.0240753317907245e-12,8.597835130341991,-8.137744502289984e-14,1
0.011883708648383617,-7.1500999565543566e-12,8.599815130372008,-8.496970469051233e-14,1
0.01063627190887928,-6.622749224027835e-12,8.601840130402707,-7.044136153107931e-14,1
0.007224747445434332,-5.523631465415013e-12,8.603865130433405,-3.990684231927781e-14,1
0.0011725032236427069,-4.168719622971162e-12,8.605890130464104,-4.887837196396297e-15,1
-0.00048640233580954373,-3.804543485808054e-12,8.60787013049412,1.850538838186021e-15,1
0.0024357663933187723,-4.4597841045157516e-12,8.60989513052482,-1.0862992243236723e-14,1
0.008266760967671871,-5.829948503122129e-12,8.611920130555518,-4.8194790729147066e-14,1
0.011228338815271854,-6.8599752614528775e-12,8.613900130585534,-7.702612649997603e-14,1
0.012006591074168682,-7.174056487757596e-12,8.615925130616233,-8.613596259149228e-14,1
0.011242924258112907,-6.845814713718479e-12,8.617950130646932,-7.696697631141175e-14,1
0.008599410764873028,-5.902728392875867e-12,8.619930130676948,-5.0759986083818395e-14,1
0.0027854833751916885,-4.495054935910181e-12,8.621955130707647,-1.252090079455115e-14,1
-0.0005760812782682478,-3.814421434961135e-12,8.623980130738346,2.197416776106215e-15,1
0.0008317852625623345,-4.127825685429354e-12,8.625960130768362,-3.4334645715664036e-15,1
0.00676083704456687,-5.440379050036803e-12,8.627985130799061,-3.6781516217974335e-14,1
0.010621997527778149,-6.618300959354562e-12,8.63001013082976,-7.02995764283559e-14,1
0.011906051076948643,-7.1670104746790475e-12,8.631990130859776,-8.533079278055468e-14,1
0.011678284965455532,-7.04441192878047e-12,8.634015130890475,-8.226664991835256e-14,1
0.009494339115917683,-6.165180779088564e-12,8.636040130921174,-5.85343170276044e-14,1
0.004838480148464441,-4.944817992569295e-12,8.63802013095119,-2.3925403694816322e-14,1
-0.00015499358414672315,-3.888140677477114e-12,8.640045130981889,6.026368592688463e-16,1
-0.00019781605806201696,-3.888458999234956e-12,8.642070131012588,7.6919963116443445e-16,1
0.005017217248678207,-5.069489099340796e-12,8.644050131042604,-2.5434728151198792e-14,1
0.009829781949520111,-6.283068683388127e-12,8.646075131073303,-6.17611951315637e-14,1
0.011771067045629025,-7.084448912925145e-12,8.648100131104002,-8.339152313537554e-14,1
0.011985179036855698,-7.148000507467556e-12,8.6501251311347,-8.567006583753404e-14,1
0.010431468486785889,-6.4624213098885e-12,8.652105131164717,-6.741254424243547e-14,1
0.006539587862789631,-5.322492013098978e-12,8.654130131195416,-3.480690416865683e-14,1
0.0007585526327602565,-4.0594116609837805e-12,8.656155131226114,-3.0792774028969326e-15,1
-0.000262980698607862,-3.842674008852631e-12,8.658135131256131,1.0105490953703386e-15,1
0.0032351193949580193,-4.614213525155897e-12,8.66016013128683,-1.4927531667709454e-14,1
0.008787767961621284,-5.9608637470454084e-12,8.662185131317528,-5.238268745987544e-14,1
0.011570919305086136,-6.9395522314663616e-12,8.664165131347545,-8.02969988837277e-14,1
0.012163607403635979,-7.17659872501164e-12,8.666190131378244,-8.729332938447611e-14,1
0.011107318103313446,-6.748580860804765e-12,8.668215131408942,-7.49586343668914e-14,1
0.008070646785199642,-5.7160534985833955e-12,8.670195131438959,-4.613224879237125e-14,1
0.002143146237358451,-4.342532410051003e-12,8.672220131469658,-9.306681995207933e-15,1
-0.0004476138565223664,-3.812197085784064e-12,8.674245131500356,1.7063922393911312e-15,1
0.0015318397199735045,-4.251501494606513e-12,8.676225131530373,-6.512618858964977e-15,1
0.007424585521221161,-5.58368759215333e-12,8.678250131561072,-4.145656605172386e-14,1
0.011064495891332626,-6.7374595486002775e-12,8.68027513159177,-7.454659349350754e-14,1
0.012092235498130322,-7.184915423036342e-12,8.682255131621787,-8.688168932950409e-14,1
0.011599777266383171,-6.979589649291906e-12,8.684280131652486,-8.096168534253954e-14,1
0.009215992875397205,-6.067629905459615e-12,8.686305131683184,-5.591923397926283e-14,1
0.003784674685448408,-4.707316134111572e-12,8.688330131713883,-1.781566020917493e-14,1
-0.0002257437736261636,-3.843005774717412e-12,8.6903101317439,8.675346256518469e-16,1
0.00039456156082451344,-3.989187452591025e-12,8.692335131774598,-1.5739800277158797e-15,1
0.0061613223515450954,-5.284678944450505e-12,8.694360131805297,-3.256061050118264e-14,1
0.010297414846718311,-6.4435214976177324e-12,8.696340131835314,-6.635161393471745e-14,1
0.01201372779905796,-7.137514537736145e-12,8.698365131866012,-8.574815681818105e-14,1
0.01197090558707714,-7.136561307186096e-12,8.700390131896711,-8.543110162471258e-14,1
0.010111230425536633,-6.3354291431061416e-12,8.702370131926727,-6.40589839106063e-14,1
0.005882976111024618,-5.1699686198780626e-12,8.704395131957426,-3.0414801885489557e-14,1
0.0004373840638436377,-3.973934896428499e-12,8.706420131988125,-1.7381357944499425e-15,1
-9.913818939821795e-05,-3.875499747507671e-12,8.708400132018141,3.8421002798116135e-16,1
0.0042414478957653046,-4.841726845838945e-12,8.71042513204884,-2.053593214215398e-14,1
0.009451515972614288,-6.158826053315192e-12,8.712450132079539,-5.821024281546155e-14,1
0.011764551512897015,-7.021450695171572e-12,8.714430132109555,-8.260421839861251e-14,1
0.012113647535443306,-7.178186864353897e-12,8.716455132140254,-8.69540256183321e-14,1
0.010943165980279446,-6.662469187457276e-12,8.718480132170953,-7.29085061568425e-14,1
0.007742961402982473,-5.6043134542826945e-12,8.72046013220097,-4.3393982766726283e-14,1
0.0014936719089746475,-4.2217848141012926e-12,8.722485132231668,-6.305961382558855e-15,1
-0.0003048722865059972,-3.8277670963426935e-12,8.724510132262367,1.1669801068744186e-15,1
0.0024255262687802315,-4.4335347025581395e-12,8.726490132292383,-1.0753654884603518e-14,1
0.00827389769256115,-5.798808482004869e-12,8.728515132323082,-4.797874811886411e-14,1
0.011385664343833923,-6.855664907295944e-12,8.73054013235378,-7.805629948827293e-14,1
0.012256389483809471,-7.190897183262379e-12,8.73256513238448,-8.813443661609217e-14,1
0.011563470587134361,-6.901090376237873e-12,8.734545132414496,-7.980055558478265e-14,1
0.009037565439939499,-5.963088529903349e-12,8.736570132445195,-5.389180281315414e-14,1
0.0031637484207749367,-4.551297706767432e-12,8.738595132475893,-1.4399160932262054e-14,1
-0.00020340160699561238,-3.838031888830917e-12,8.74057513250591,7.806618538886141e-16,1
0.0010654471116140485,-4.122644933768349e-12,8.742600132536609,-4.392460136893778e-15,1
0.006910715252161026,-5.4438745178408965e-12,8.744625132567307,-3.7621066661293835e-14,1
0.010788942687213421,-6.607981089395976e-12,8.746605132597324,-7.129312925168329e-14,1
0.012199291959404945,-7.180411647211837e-12,8.748630132628023,-8.759593807304899e-14,1
0.01187098678201437,-7.0841314585290416e-12,8.750655132658721,-8.409563090625043e-14,1
0.009820782579481602,-6.225015728583694e-12,8.752635132688738,-6.113452602427371e-14,1
0.005226364359259605,-5.012362053191666e-12,8.754660132719437,-2.619643039050622e-14,1
0.00018044916214421391,-3.925318403652511e-12,8.756685132750135,-7.083204170883589e-16,1
1.2572631931107026e-05,-3.895393990011042e-12,8.758665132780152,-4.8975354863055233e-17,1
0.005304872523993254,-5.0657446987179e-12,8.76069013281085,-2.687312986579307e-14,1
0.009951111860573292,-6.294189995592614e-12,8.76271513284155,-6.263418871784342e-14,1
0.011987973004579544,-7.1003645671363635e-12,8.764695132871566,-8.511897875350385e-14,1
0.012163607403635979,-7.16929033500735e-12,8.766720132902265,-8.720443299771127e-14,1
0.010671957395970821,-6.52869381820298e-12,8.768745132932963,-6.967394227920027e-14,1
0.006903578527271748,-5.375557204229109e-12,8.770770132963662,-3.7110581287237024e-14,1
0.0010626543080434203,-4.1036210887690494e-12,8.772750132993679,-4.360730628558261e-15,1
-0.00015499359869863838,-3.8560474258098054e-12,8.774775133024377,5.976626672788825e-16,1
0.0032137080561369658,-4.610718057351804e-12,8.776800133055076,-1.4817501765487672e-14,1
0.008897306397557259,-5.967716338456386e-12,8.778780133085093,-5.309660075695498e-14,1
0.011549818329513073,-6.944319251578346e-12,8.780805133115791,-8.020562577787008e-14,1
0.012270662933588028,-7.202972159697785e-12,8.78283013314649,-8.838524349167011e-14,1
0.01125068124383688,-6.7833820158180735e-12,8.784810133176506,-7.63176688151448e-14,1
0.008423777297139168,-5.7892753091426385e-12,8.786835133207205,-4.8767565916044096e-14,1
0.002385806990787387,-4.386064861999772e-12,8.788860133237904,-1.0464304209805972e-14,1
-0.0001959542278200388,-3.841016480571335e-12,8.79084013326792,7.526634184943991e-16,1
0.0016292764339596033,-4.245934333291235e-12,8.79286513329862,-6.917800749371389e-15,1
0.007503093220293522,-5.5808274668223135e-12,8.794890133329318,-4.187346872994237e-14,1
0.011213444173336029,-6.737293882508322e-12,8.796870133359334,-7.554826883086541e-14,1
0.012399129569530487,-7.201701041070763e-12,8.798895133390033,-8.929482432925899e-14,1
0.011828163638710976,-7.014860480686336e-12,8.800920133420732,-8.297291766828471e-14,1
0.009575018659234047,-6.123223456055982e-12,8.802900133450748,-5.862997884639561e-14,1
0.004391326569020748,-4.799465512517198e-12,8.804925133481447,-2.1076020422215554e-14,1
5.198172220843844e-05,-3.872888988676326e-12,8.806950133512146,-2.0131943955349288e-16,1
0.00034770509228110313,-3.975965823937999e-12,8.808930133542162,-1.3824635637188742e-15,1
0.006147048436105251,-5.250360909925256e-12,8.810955133572861,-3.227422282034419e-14,1
0.01037219911813736,-6.41652616456545e-12,8.81298013360356,-6.655348702561106e-14,1
0.012213565409183502,-7.1546735549987694e-12,8.815005133634259,-8.738407344533293e-14,1
0.012203946709632874,-7.165684278581663e-12,8.816985133664275,-8.74496290738647e-14,1
0.010393611155450344,-6.403815845656968e-12,8.819010133694974,-6.655877181086994e-14,1
0.00617559626698494,-5.212866163034624e-12,8.821035133725672,-3.219255681672873e-14,1
0.0006381532293744385,-4.010449524555204e-12,8.823015133755689,-2.559281315338085e-15,1
0.0001233525254065171,-3.8890939080271636e-12,8.825040133786388,-4.797295550982515e-16,1
0.004191488027572632,-4.82774584198431e-12,8.827065133817086,-2.023543889684079e-14,1
0.009522886946797371,-6.130849734137245e-12,8.829045133847103,-5.83833889059917e-14,1
0.01199231669306755,-7.026935457121741e-12,8.831070133877802,-8.426923538354932e-14,1
0.01242767833173275,-7.197888118870566e-12,8.8330951339085,-8.945303820912433e-14,1
0.011220891028642654,-6.7167365419562586e-12,8.835075133938517,-7.536776880539327e-14,1
0.008038374595344067,-5.6408835935606305e-12,8.837100133969216,-4.534353537377092e-14,1
0.0018647999968379736,-4.264681923576985e-12,8.839125133999914,-7.952778837601325e-15,1
-8.424340921919793e-05,-3.84897409083651e-12,8.841105134029931,3.242506994084304e-16,1
0.0024785888381302357,-4.430867998894694e-12,8.84313013406063,-1.0982299965288842e-14,1
0.008345268666744232,-5.790864315846633e-12,8.845155134091328,-4.8326318528402184e-14,1
0.011578366160392761,-6.8546704770633404e-12,8.847135134121345,-7.936588469227349e-14,1
0.012349169701337814,-7.216317821079343e-12,8.849160134152044,-8.911553339129714e-14,1
0.011699697002768517,-6.949084970647723e-12,8.851185134182742,-8.130218860307091e-14,1
0.009351597167551517,-6.012658253229386e-12,8.853210134213441,-5.622795789035518e-14,1
0.0035053975880146027,-4.6095991607097986e-12,8.855190134243458,-1.6158477779666265e-14,1
-5.114919986226596e-06,-3.866533395541216e-12,8.857215134274156,1.977700894226635e-17,1
0.001151092117652297,-4.125504625418497e-12,8.859240134304855,-4.748835855657324e-15,1
0.00705035449936986,-5.447148808401803e-12,8.861220134334872,-3.840433011005282e-14,1
0.010978851467370987,-6.598282250441789e-12,8.86324513436557,-7.244156076739078e-14,1
0.01238485611975193,-7.198841349420615e-12,8.865270134396269,-8.915661434149515e-14,1
0.01224863063544035,-7.131532343829239e-12,8.867250134426286,-8.735150554426054e-14,1
0.010165223851799965,-6.2741712866798416e-12,8.869275134456984,-6.37783556136364e-14,1
0.005597492679953575,-5.080679800484322e-12,8.871300134487683,-2.8439067992398985e-14,1
0.00048175803385674953,-3.957729543396793e-12,8.8732801345177,-1.90666800336361e-15,1
0.0002803682873491198,-3.917692125571248e-12,8.875305134548398,-1.0983966316075436e-15,1
0.005340558476746082,-5.050175121840139e-12,8.877330134579097,-2.6970755555995534e-14,1
0.010148467496037483,-6.2956406580993995e-12,8.879310134609113,-6.389110458545379e-14,1
0.012185017578303814,-7.1073277471689345e-12,8.881335134639812,-8.660291353401991e-14,1
0.012441951781511307,-7.1943926510664724e-12,8.88336013467051,-8.951228646182835e-14,1
0.011153865605592728,-6.597701985439075e-12,8.885340134700527,-7.358988125133975e-14,1
0.0074531338177621365,-5.4797811253892714e-12,8.887365134731226,-4.084154201957344e-14,1
0.0014579864218831062,-4.166495273794091e-12,8.889390134761925,-6.0746935360319195e-15,1
0.00013917821343056858,-3.871188959669869e-12,8.891370134791941,-5.387851632589938e-16,1
0.003299353178590536,-4.5865689718427305e-12,8.89339513482264,-1.513271091607404e-14,1
0.009101799689233303,-5.95164889594102e-12,8.895420134853339,-5.4170716071501704e-14,1
0.011892396956682205,-6.95607590625591e-12,8.897445134884038,-8.272441593800819e-14,1
0.01253907848149538,-7.225367006091776e-12,8.899425134914054,-9.059944394699209e-14,1
0.011621188372373581,-6.842954588387462e-12,8.901450134944753,-7.952326429524882e-14,1
0.008966194465756416,-5.846471744230808e-12,8.903475134975452,-5.242060259732353e-14,1
0.0029021590016782284,-4.439834350861149e-12,8.905455135005468,-1.2885105227311898e-14,1
0.0001947233104147017,-3.867804514168238e-12,8.907480135036167,-7.531516990357664e-16,1
0.0018647999968379736,-4.240850292464016e-12,8.909505135066865,-7.908337611977216e-15,1
0.007675935048609972,-5.570162386892008e-12,8.911485135096882,-4.2756204691993343e-14,1
0.011485584080219269,-6.725385005845741e-12,8.91351013512758,-7.724497495648722e-14,1
0.01267034001648426,-7.2261684483376776e-12,8.91553513515828,-9.155801125682885e-14,1
0.01224863063544035,-7.05361333577792e-12,8.917515135188296,-8.639710439516002e-14,1
0.00995824858546257,-6.1654986671655365e-12,8.919540135218995,-6.139756838097257e-14,1
0.004769591614603996,-4.856026171451422e-12,8.921565135249693,-2.316126170765225e-14,1
0.0002732312132138759,-3.909651248579227e-12,8.92354513527971,-1.0682387538924468e-15,1
0.0006372223142534494,-3.985691984786932e-12,8.925570135310409,-2.539771870447353e-15,1
0.0063611604273319244,-5.2417818349748124e-12,8.927595135341107,-3.3343815177349097e-14,1
0.010550626553595066,-6.394117440383651e-12,8.929575135371124,-6.746194525331706e-14,1
0.012520460411906242,-7.163252629949213e-12,8.931600135401823,-8.96872209737624e-14,1
0.012620380148291588,-7.197252776397489e-12,8.933625135432521,-9.083206606148339e-14,1
0.01079639047384262,-6.458441854234609e-12,8.935605135462538,-6.9727860110925e-14,1
0.0066038211807608604,-5.282772483350406e-12,8.937630135493237,-3.4886484818690064e-14,1
0.0010868583340197802,-4.0644952681301305e-12,8.939655135523935,-4.417530555751193e-15,1
0.0003231907612644136,-3.908159386389887e-12,8.941680135554634,-1.263081007230011e-15,1
0.004168215207755566,-4.805557861364829e-12,8.94366013558465,-2.003059935949019e-14,1
0.009451515972614288,-6.102583282457941e-12,8.94568513561535,-5.767866336836016e-14,1
0.012113647535443306,-7.039009999876278e-12,8.947710135646048,-8.526808613696206e-14,1
0.012553973123431206,-7.232993284173039e-12,8.949690135676065,-9.080280329146675e-14,1
0.011307156644761562,-6.76065583724017e-12,8.951715135706763,-7.644379457299624e-14,1
0.008173978887498379,-5.691406981117586e-12,8.953740135737462,-4.652144050381603e-14,1
0.0020531569607555866,-4.319805364111362e-12,8.955720135767478,-8.869238452434564e-15,1
-4.080031794728711e-05,-3.873523897468534e-12,8.957745135798177,1.5804100659313094e-16,1
0.002328710164874792,-4.423560042571273e-12,8.959770135828876,-1.0301189236069691e-14,1
0.008130225352942944,-5.748547471373655e-12,8.961750135858892,-4.673698639435814e-14,1
0.011449898593127728,-6.853123103722769e-12,8.963775135889591,-7.846756458384646e-14,1
0.012377719394862652,-7.239514109719236e-12,8.96580013592029,-8.960867420525361e-14,1
0.011794340796768665,-7.008187433155122e-12,8.967780135950306,-8.265695095426293e-14,1
0.009408693760633469,-6.0765273021679e-12,8.969805135981005,-5.717218451422605e-14,1
0.003727578092366457,-4.681895496294608e-12,8.971830136011704,-1.745213108273696e-14,1
-7.679602276766673e-05,-3.889425673891944e-12,8.97381013604172,2.9869242260535325e-16,1
0.0009012942900881171,-4.117878781018103e-12,8.97583513607242,-3.711420632606632e-15,1
0.006796522065997124,-5.42449158508207e-12,8.977860136103118,-3.6867676754826e-14,1
0.010771876201033592,-6.5954229924725105e-12,8.979885136133817,-7.104507996836439e-14,1
0.012211394496262074,-7.219399123653547e-12,8.981865136163833,-8.815893072490216e-14,1
0.012192155234515667,-7.172150026657498e-12,8.983890136194532,-8.744396649024389e-14,1
0.010079579427838326,-6.323423555609775e-12,8.98591513622523,-6.373744998463257e-14,1
0.005650245118886232,-5.1341457127374035e-12,8.987895136255247,-2.900918175304519e-14,1
0.0004587952862493694,-3.999991310399409e-12,8.989920136285946,-1.835177158249687e-15,1
0.0001661749993218109,-3.941206302288114e-12,8.991945136316644,-6.549299546098442e-16,1
0.005002322606742382,-5.026716022593636e-12,8.993925136346661,-2.5145255197494295e-14,1
0.010008208453655243,-6.293236765042565e-12,8.99595013637736,-6.298402539275297e-14,1
0.012149333022534847,-7.120991296627466e-12,8.997975136408058,-8.651529471329931e-14,1
0.012442262843251228,-7.228019831967414e-12,8.999955136438075,-8.993292258557114e-14,1
0.011114455759525299,-6.651982784044996e-12,9.001980136468774,-7.393316836639204e-14,1
0.007538778707385063,-5.544602971196966e-12,9.004005136499472,-4.179953482016364e-14,1
0.001628655823878944,-4.22132901550798e-12,9.005985136529489,-6.87509208561624e-15,1
5.911879998166114e-05,-3.900850996385596e-12,9.008010136560188,-2.3061362981358364e-16,1
0.003220845479518175,-4.590699348439031e-12,9.010035136590886,-1.4785933244246886e-14,1
0.00900901760905981,-5.936217229579599e-12,9.012015136620903,-5.347948555248685e-14,1
0.011863849125802517,-6.9563933606520134e-12,9.014040136651602,-8.252960129050982e-14,1
0.012591831386089325,-7.2531780928586365e-12,9.0160651366823,-9.133079555855289e-14,1
0.01180923543870449,-6.90639516062741e-12,9.018045136712317,-8.15592464845784e-14,1
0.009101799689233303,-5.940527583736532e-12,9.020070136743016,-5.4069492115535035e-14,1
0.0030495552346110344,-4.520475573727145e-12,9.022095136773714,-1.3785439948790934e-14,1
7.339296280406415e-05,-3.893542606381306e-12,9.024120136804413,-2.857586276861822e-16,1
0.0016212082700803876,-4.243543884341339e-12,9.02610013683443,-6.87966843974323e-15,1
0.007481682114303112,-5.567164351044651e-12,9.028125136865128,-4.165175395259666e-14,1
0.011371390894055367,-6.733964080796184e-12,9.030150136895827,-7.657453782926165e-14,1
0.012583762407302856,-7.2512291310333765e-12,9.032130136925844,-9.124774454583716e-14,1
0.012192155234515667,-7.094299973864349e-12,9.034155136956542,-8.649480656157458e-14,1
0.00987260416150093,-6.211891244445322e-12,9.036180136987241,-6.132754335070208e-14,1
0.005084244068711996,-4.929897635952418e-12,9.038160137017258,-2.5064802814948374e-14,1
0.0005301660858094692,-3.954869418065776e-12,9.040185137047956,-2.096737639263506e-15,1
0.0006015368853695691,-3.990776025614151e-12,9.042210137078655,-2.400598980655484e-15,1
0.006097089033573866,-5.227979941319072e-12,9.044190137108671,-3.1875459167960657e-14,1
0.010500667616724968,-6.392376211694639e-12,9.04621513713937,-6.712421788006493e-14,1
0.012541871517896652,-7.184224569412034e-12,9.048240137170069,-9.010362150528213e-14,1
0.012583762407302856,-7.224040809994392e-12,9.050220137200085,-9.090561317362911e-14,1
0.010950303636491299,-6.520432631329509e-12,9.052245137230784,-7.140071715434405e-14,1
0.006825070828199387,-5.331706864203367e-12,9.054270137261483,-3.638927698338483e-14,1
0.001278628595173359,-4.118541445385926e-12,9.0562501372915,-5.2660848624770616e-15,1
0.00025181996170431376,-3.93040244447973e-12,9.058275137322198,-9.897537930514269e-16,1
0.003984512761235237,-4.761334555791752e-12,9.060300137352897,-1.8971598298062545e-14,1
0.009637080132961273,-6.1003589332808694e-12,9.062325137383596,-5.878964787985389e-14,1
0.012278420850634575,-7.0529502377292275e-12,9.064305137413612,-8.659909125742263e-14,1
0.0127559844404459,-7.2595328186320085e-12,9.06633013744431,-9.260248767937627e-14,1
0.011635462753474712,-6.799739590834797e-12,9.06835513747501,-7.911811674248566e-14,1
0.008465358056128025,-5.738931899146316e-12,9.070335137505026,-4.858211338600837e-14,1
0.0026498788502067327,-4.371765536387295e-12,9.072360137535725,-1.1584649032935387e-14,1
0.00021613456192426383,-3.899262423362471e-12,9.074385137566424,-8.42765375701191e-16,1
0.002462763339281082,-4.409661438081747e-12,9.07636513759644,-1.0859952528349221e-14,1
0.008359543047845364,-5.731443965262262e-12,9.078390137627139,-4.7912252553923404e-14,1
0.011856712400913239,-6.859795717573114e-12,9.080415137657837,-8.133462495228067e-14,1
0.01276994775980711,-7.25951937452507e-12,9.082395137687854,-9.270368317399272e-14,1
0.012270662933588028,-7.045683047407492e-12,9.084420137718553,-8.645520181163265e-14,1
0.009822644293308258,-6.1117981335623295e-12,9.086445137749251,-6.003401905848808e-14,1
0.00441397912800312,-4.761790354385065e-12,9.088425137779268,-2.1018443236182258e-14,1
0.0004516582121141255,-3.920869705298369e-12,9.090450137809967,-1.7708930010274993e-15,1
0.0012438740814104676,-4.127728974595568e-12,9.092475137840665,-5.134375086586434e-15,1
0.007072696462273598,-5.396087222886425e-12,9.094455137870682,-3.8164887011428583e-14,1
0.011100182309746742,-6.5607875035511576e-12,9.09648013790138,-7.282593738492605e-14,1
0.012805944308638573,-7.230616713010951e-12,9.09850513793208,-9.259487494392953e-14,1
0.012784842401742935,-7.2114410797075035e-12,9.100485137962096,-9.219713769351534e-14,1
0.010664819739758968,-6.395554225102629e-12,9.102510137992795,-6.820743294657339e-14,1
0.006325474940240383,-5.2135015055077005e-12,9.104535138023493,-3.297787312399447e-14,1
0.0010012134443968534,-4.032719904539794e-12,9.106560138054192,-4.0376133859120375e-15,1
0.0006232584128156304,-3.963034761467199e-12,9.108540138084209,-2.469994755365217e-15,1
0.005197816528379917,-5.005371117583479e-12,9.110565138114907,-2.6017000725650866e-14,1
0.010357925668358803,-6.294507883669587e-12,9.112590138145606,-6.519804477794806e-14,1
0.012621000409126282,-7.136837128218776e-12,9.114570138175623,-9.007402431511681e-14,1
0.01282021775841713,-7.256037350827915e-12,9.116595138206321,-9.302397890082202e-14,1
0.011528406292200089,-6.70759064611004e-12,9.11862013823702,-7.732783021011744e-14,1
0.008167462423443794,-5.612271498228738e-12,9.120600138267037,-4.583801657194782e-14,1
0.002086049411445856,-4.2691301882502586e-12,9.122625138297735,-8.905616516585189e-15,1
0.0005087548634037375,-3.914514545844128e-12,9.124650138328434,-1.991528313062873e-15,1
0.0033564497716724873,-4.581084209892561e-12,9.12663013835845,-1.5376179050306322e-14,1
0.009287362918257713,-5.942116156759658e-12,9.12865513838915,-5.5186589250269686e-14,1
0.012249251827597618,-6.968150015329577e-12,9.130680138419848,-8.53546243102502e-14,1
0.012904001399874687,-7.284386635553197e-12,9.132660138449864,-9.399773534240692e-14,1
0.01228493731468916,-6.955440563782833e-12,9.134685138480563,-8.544715132211833e-14,1
0.009694177657365799,-5.993910229262767e-12,9.136710138511262,-5.810603062477543e-14,1
0.00375860882923007,-4.591362880168592e-12,9.138690138541278,-1.7257137059600876e-14,1
0.0005301660858094692,-3.923411942552413e-12,9.140715138571977,-2.0800599526011388e-15,1
0.001957582077011466,-4.233541468778856e-12,9.142740138602676,-8.287504901566286e-15,1
0.007909907028079033,-5.568752924067777e-12,9.144765138633375,-4.4048317891719373e-14,1
0.01171986572444439,-6.7435935308113315e-12,9.146745138663391,-7.903401068134064e-14,1
0.012920137494802475,-7.269065124132501e-12,9.14877013869409,-9.391732086246533e-14,1
0.012656065635383129,-7.139420998836243e-12,9.150795138724789,-9.035698075990407e-14,1
0.010431468486785889,-6.25651527114135e-12,9.152775138754805,-6.526464188800566e-14,1
0.005633178632706404,-5.020941561822978e-12,9.154800138785504,-2.828386072212872e-14,1
0.0008013750775717199,-3.984738754236883e-12,9.156825138816203,-3.1932703282796204e-15,1
0.0009286013664677739,-3.9971862625387544e-12,9.158805138846219,-3.7117926254197014e-15,1
0.00617559626698494,-5.204922430557257e-12,9.160830138876918,-3.2143499532095576e-14,1
0.010707641951739788,-6.406357649230143e-12,9.162855138907616,-6.859698392274577e-14,1
0.012836975045502186,-7.208788687512735e-12,9.164835138937633,-9.253904048989943e-14,1
0.012813080102205276,-7.252224428627718e-12,9.166860138968332,-9.292333252317685e-14,1
0.011264334432780743,-6.567777571797606e-12,9.16888513899903,-7.398164304884487e-14,1
0.007296117953956127,-5.418302525400653e-12,9.170865139029047,-3.953257433554153e-14,1
0.0017291954718530178,-4.172532545171359e-12,9.172890139059746,-7.215124383269662e-15,1
0.0006229481077753007,-3.951692272019525e-12,9.174915139090444,-2.461699223364842e-15,1
0.004086293745785952,-4.728633283546113e-12,9.176895139120461,-1.932258461266977e-14,1
0.009765547700226307,-6.073667176836883e-12,9.17892013915116,-5.931268653069943e-14,1
0.012506186030805111,-7.058393366315974e-12,9.180945139181858,-8.827358051774829e-14,1
0.012978474609553814,-7.287702559477527e-12,9.182925139211875,-9.458326263015943e-14,1
0.01199231669306755,-6.856617704165124e-12,9.184950139242574,-8.222673095164193e-14,1
0.008959057740867138,-5.811518800913351e-12,9.186975139273272,-5.2065732499517666e-14,1
0.0028854026459157467,-4.427055076694497e-12,9.189000139303971,-1.2773836431909041e-14,1
0.0005115476087667048,-3.9282197286660825e-12,9.190980139333988,-2.0094714089093284e-15,1
0.0025570967700332403,-4.3857469739227994e-12,9.193005139364686,-1.1214779421201048e-14,1
0.008545107208192348,-5.726359924435043e-12,9.195030139395385,-4.8932359466993675e-14,1
0.01202520914375782,-6.857985967306801e-12,9.197010139425402,-8.246871556182056e-14,1
0.013027193956077099,-7.286223707714257e-12,9.1990351394561,-9.491904944776083e-14,1
0.012549009174108505,-7.077140956601724e-12,9.201060139486799,-8.881110679085408e-14,1
0.010133572854101658,-6.165001668889669e-12,9.203040139516816,-6.247349355735177e-14,1
0.004855236504226923,-4.816624096098954e-12,9.205065139547514,-2.3385849138518647e-14,1
0.000665770610794425,-3.9507390414694754e-12,9.207090139578213,-2.630285944728514e-15,1
0.0013009706744924188,-4.109589404888148e-12,9.20907013960823,-5.346455299964231e-15,1
0.0071319653652608395,-5.389538641764613e-12,9.211095139638928,-3.8438002927800166e-14,1
0.011364254169166088,-6.5569745813509606e-12,9.213120139669627,-7.451512572323372e-14,1
0.01301571261137724,-7.2482454066546964e-12,9.215100139699643,-9.434107914975268e-14,1
0.012984370812773705,-7.244916038623428e-12,9.217125139730342,-9.407067635289813e-14,1
0.01107163354754448,-6.4381330128204795e-12,9.219150139761041,-7.128064944829683e-14,1
0.006908854003995657,-5.281031688342264e-12,9.221130139791057,-3.648587692523139e-14,1
0.0013652043417096138,-4.0810189429196786e-12,9.223155139821756,-5.571424779473124e-15,1
0.0009369796025566757,-3.984102978082937e-12,9.225180139852455,-3.7330232249490186e-15,1
0.005447614472359419,-4.989166198232642e-12,9.227205139883154,-2.717905398649856e-14,1
0.010572968982160091,-6.28237739608295e-12,9.22918513991317,-6.642338134300871e-14,1
0.01286303997039795,-7.13592553103215e-12,9.231210139943869,-9.178969533144976e-14,1
0.01314852386713028,-7.279233639467808e-12,9.233235139974568,-9.571117724296008e-14,1
0.011935840360820293,-6.752546004989979e-12,9.235215140004584,-8.059731114465522e-14,1
0.008566518314182758,-5.682827472486274e-12,9.237240140035283,-4.868204561939458e-14,1
0.0025285484734922647,-4.3152053111339406e-12,9.239265140065982,-1.0911205802273439e-14,1
0.0008019957458600402,-3.939492829174718e-12,9.241245140095998,-3.1594564898442577e-15,1
0.0036562071181833744,-4.569092500184002e-12,9.243270140126697,-1.670554852281102e-14,1
0.009451515972614288,-5.941163359890478e-12,9.245295140157396,-5.615300039191562e-14,1
0.012479499913752079,-6.97469859645139e-12,9.247275140187412,-8.704075053286186e-14,1
0.01316993497312069,-7.304971731680876e-12,9.24930014021811,-9.620600268672197e-14,1
0.012463363818824291,-6.998337239577657e-12,9.25132514024881,-8.722282314368283e-14,1
0.01001441478729248,-6.07017170903279e-12,9.253305140278826,-6.078921732434244e-14,1
0.0041201175190508366,-4.66028821435871e-12,9.255330140309525,-1.920093511580546e-14,1
0.0008370605064556003,-3.951374383942552e-12,9.257355140340223,-3.307539443018638e-15,1
0.0020457094069570303,-4.225970701848825e-12,9.25933514037024,-8.645108018296944e-15,1
0.008052648976445198,-5.557313290105448e-12,9.261360140400939,-4.475109317735293e-14,1
0.012028001248836517,-6.727926809418916e-12,9.263385140431637,-8.092351206577141e-14,1
0.013350844383239746,-7.293007343867064e-12,9.265365140461654,-9.736780613379381e-14,1
0.013077152892947197,-7.191532959416325e-12,9.267390140492353,-9.404477604495631e-14,1
0.010814698413014412,-6.31865696917866e-12,9.269415140523051,-6.83343694969589e-14,1
0.006197007372975349,-5.083221604057497e-12,9.27144014055375,-3.1500761758811893e-14,1
0.0012562863994389772,-4.021391292879928e-12,9.273420140583767,-5.052019188067378e-15,1
0.0012367370072752237,-4.015243432881066e-12,9.275445140614465,-4.965800146662825e-15,1
0.006453942507505417,-5.200473732203115e-12,9.277470140645164,-3.3563558479431024e-14,1
0.011064495891332626,-6.427274077541734e-12,9.27945014067518,-7.111454762342921e-14,1
0.01312711276113987,-7.214411359979245e-12,9.28147514070588,-9.470439142769599e-14,1
0.013312676921486855,-7.283046561668005e-12,9.283500140736578,-9.695684587963184e-14,1
0.01177944615483284,-6.621575249915468e-12,9.285480140766595,-7.799848911655306e-14,1
0.008024100214242935,-5.48899597649366e-12,9.287505140797293,-4.404425379096139e-14,1
0.002264476614072919,-4.213523193546953e-12,9.289530140827992,-9.541424734640916e-15,1
0.0010254173539578915,-3.968339545856736e-12,9.291510140858009,-4.069204236718875e-15,1
0.004434148781001568,-4.718119991919956e-12,9.293535140888707,-2.0920846010791e-14,1
0.010122401639819145,-6.0809755668411736e-12,9.295560140919406,-6.155407704949325e-14,1
0.012859316542744637,-7.059581218216149e-12,9.297540140949422,-9.078138954425626e-14,1
0.01345541700720787,-7.311326891135117e-12,9.299565140980121,-9.83769521962357e-14,1
0.012420541606843472,-6.898879904848609e-12,9.30159014101082,-8.568782489878848e-14,1
0.009671834297478199,-5.887475836713341e-12,9.303570141040836,-5.694269072309824e-14,1
0.0036633440759032965,-4.492513132337006e-12,9.305595141071535,-1.6457621369264533e-14,1
0.0011154066305607557,-3.947243573665382e-12,9.307620141102234,-4.4027816545047e-15,1
0.0030495552346110344,-4.38479374337275e-12,9.309645141132933,-1.3371670712792083e-14,1
0.009016464464366436,-5.718042792729472e-12,9.31162514116295,-5.15565296463719e-14,1
0.012499049305915833,-6.84899185976473e-12,9.313650141193648,-8.560588695101554e-14,1
0.01366239320486784,-7.313233352235216e-12,9.315675141224347,-9.991626965719126e-14,1
0.013149764388799667,-7.112964297423252e-12,9.317655141254363,-9.353380461705973e-14,1
0.010900343768298626,-6.210937580214404e-12,9.319680141285062,-6.770135474778183e-14,1
0.005547533743083477,-4.864605246401865e-12,9.32170514131576,-2.698656175119526e-14,1
0.0013828919036313891,-3.98292900397057e-12,9.323685141345777,-5.507960272329534e-15,1
0.001836251700296998,-4.104850574032648e-12,9.325710141376476,-7.537538846032558e-15,1
0.007560189813375473,-5.388267523137591e-12,9.327735141407175,-4.0736325240166706e-14,1
0.011682629585266113,-6.538018824248093e-12,9.329715141437191,-7.638125214518754e-14,1
0.013555336743593216,-7.265570090009277e-12,9.33174014146789,-9.848724920425462e-14,1
0.013541063293814659,-7.273195934409671e-12,9.333765141498588,-9.84868064961568e-14,1
0.011771997436881065,-6.505857051003483e-12,9.335745141528605,-7.658693252912761e-14,1
0.007460271008312702,-5.325352138429995e-12,9.337770141559304,-3.9728570167385344e-14,1
0.001971856225281954,-4.115972319918004e-12,9.339795141590002,-8.116105642118522e-15,1
0.0012860759161412716,-4.0024914806091605e-12,9.341775141620019,-5.147507897772061e-15,1
0.005497573874890804,-4.93896026507179e-12,9.343800141650718,-2.7152298922382435e-14,1
0.010828971862792969,-6.262096310244436e-12,9.345825141681416,-6.781206474573667e-14,1
0.013283818028867245,-7.139158188229633e-12,9.347805141711433,-9.483527825174001e-14,1
0.013683803379535675,-7.309737884431122e-12,9.349830141742132,-1.0002501596649855e-13,1
0.012391993775963783,-6.809272763697027e-12,9.35185514177283,-8.438046570657327e-14,1
0.009108936414122581,-5.7317618533392345e-12,9.35388014180353,-5.221025426296049e-14,1
0.0031255807261914015,-4.348983846658161e-12,9.355860141833546,-1.359310008963249e-14,1
0.0012295999331399798,-3.9596360044968915e-12,9.357885141864244,-4.868768166388035e-15,1
0.0039131417870521545,-4.567186039083904e-12,9.359910141894943,-1.7872046538780438e-14,1
0.009790992364287376,-5.925275027574006e-12,9.36189014192496,-5.801432255127977e-14,1
0.012898726388812065,-6.9678325609334735e-12,9.363915141955658,-8.987616572653655e-14,1
0.01378372311592102,-7.326578579935905e-12,9.365940141986357,-1.0098753053287434e-13,1
0.013112527318298817,-7.0529502377292275e-12,9.367920142016374,-9.248200266682663e-14,1
0.010629135183990002,-6.120377642193642e-12,9.369945142047072,-6.505432133594621e-14,1
0.004869510885328054,-4.705409673011474e-12,9.371970142077771,-2.2913043622657292e-14,1
0.0013233128702268004,-3.971324137597154e-12,9.373950142107788,-5.255304343124663e-15,1
0.002571370918303728,-4.238943397683048e-12,9.375975142138486,-1.0899895777137785e-14,1
0.008473736234009266,-5.547780984604955e-12,9.378000142169185,-4.701043274759461e-14,1
0.012375237420201302,-6.7167365419562586e-12,9.379980142199202,-8.312120939565058e-14,1
0.013776587322354317,-7.310373660585068e-12,9.3820051422299,-1.0071200109408916e-13,1
0.01361957099288702,-7.226485902733781e-12,9.384030142260599,-9.842163778137998e-14,1
0.01152623351663351,-6.374886295928972e-12,9.386010142290615,-7.347842808886417e-14,1
0.007046320475637913,-5.182997260544386e-12,9.388035142321314,-3.652105972214912e-14,1
0.0019290337804704905,-4.062906695107005e-12,9.390060142352013,-7.837484261761132e-15,1
0.0017220585141330957,-4.0247761720624275e-12,9.392085142382712,-6.930900074580113e-15,1
0.006923748645931482,-5.1931653421988244e-12,9.394065142412728,-3.5956171506147414e-14,1
0.0116640105843544,-6.410806781265155e-12,9.396090142443427,-7.477571815092773e-14,1
0.013769449666142464,-7.226485902733781e-12,9.398115142474126,-9.950473390078089e-14,1
0.013946634717285633,-7.299970523899635e-12,9.400095142504142,-1.0181002234378044e-13,1
0.012463363818824291,-6.680581001589081e-12,9.40212014253484,-8.32625115439303e-14,1
0.008837727829813957,-5.551912228562994e-12,9.40414514256554,-4.90662892110556e-14,1
0.0029170538764446974,-4.2650960888068745e-12,9.406125142595556,-1.244151507926321e-14,1
0.0016364133916795254,-3.983467635609861e-12,9.408150142626255,-6.518599784233952e-15,1
0.00487664807587862,-4.716213530819857e-12,9.410175142656954,-2.299931364050537e-14,1
0.010617652907967567,-6.07348763295712e-12,9.41215514268697,-6.448618362757222e-14,1
0.013441143557429314,-7.062206288516171e-12,9.414180142717669,-9.492412855612591e-14,1
0.013976424001157284,-7.331980508840097e-12,9.416205142748368,-1.0247486835977012e-13,1
0.013149764388799667,-6.94253682320678e-12,9.418185142778384,-9.129272348573488e-14,1
0.010293692350387573,-5.951966350337123e-12,9.420210142809083,-6.126771049022949e-14,1
0.004227173514664173,-4.541129625112994e-12,9.422235142839781,-1.9196142877934494e-14,1
0.0014871553285047412,-3.971987235645846e-12,9.424215142869798,-5.9069619822435375e-15,1
0.0031352003570646048,-4.348887569505244e-12,9.426240142900497,-1.3634633860746663e-14,1
0.009166033007204533,-5.6907716386445095e-12,9.428265142931195,-5.2161800676279e-14,1
0.012829527258872986,-6.833781370646497e-12,9.430245142961212,-8.767418437588763e-14,1
0.01399069931358099,-7.328485908397742e-12,9.43227014299191,-1.0253064276820824e-13,1
0.013676667585968971,-7.153719890767851e-12,9.43429514302261,-9.783904894916616e-14,1
0.011242922395467758,-6.246526733366675e-12,9.436320143053308,-7.022921530445625e-14,1
0.006119430996477604,-4.926913044212e-12,9.438300143083325,-3.0149904399700745e-14,1
0.0017363325459882617,-4.009841503976874e-12,9.440325143114023,-6.9624183076095664e-15,1
0.002078912453725934,-4.10612169265967e-12,9.442350143144722,-8.5362675233844e-15,1
0.007839777506887913,-5.375861214518274e-12,9.444330143174739,-4.21455558297315e-14,1
0.011906671337783337,-6.521703316275662e-12,9.446355143205437,-7.765177794942596e-14,1
0.013876505196094513,-7.27732717836771e-12,9.448380143236136,-1.0098386840429934e-13,1
0.013939187861979008,-7.299307859531812e-12,9.450360143266153,-1.017464235164338e-13,1
0.012170743197202682,-6.553796567942971e-12,9.452385143296851,-7.97645749951422e-14,1
0.00790276937186718,-5.36221154284755e-12,9.45441014332755,-4.2376321146288277e-14,1
0.002514895051717758,-4.157666832343976e-12,9.456390143357567,-1.0456095743352911e-14,1
0.0017077842494472861,-4.010476846449951e-12,9.458415143388265,-6.849029191140248e-15,1
0.005825879983603954,-4.921483359732193e-12,9.460440143418964,-2.867197139510372e-14,1
0.011079390533268452,-6.215731488540266e-12,9.46242014344898,-6.886651661147164e-14,1
0.013640981167554855,-7.142916032959468e-12,9.46444514347968,-9.743638308702573e-14,1
0.014026383869349957,-7.330709823893944e-12,9.466470143510378,-1.0282335002475127e-13,1
0.012844421900808811,-6.863290751696338e-12,9.468450143540394,-8.815500204270701e-14,1
0.009629943408071995,-5.79372444117765e-12,9.470475143571093,-5.579323849050431e-14,1
0.0035776994191110134,-4.413074072839862e-12,9.472500143601792,-1.578865254689305e-14,1
0.0013866156805306673,-3.9812432864327896e-12,9.47452514363249,-5.520454368975153e-15,1
0.003996925428509712,-4.5545581195405305e-12,9.476505143662507,-1.8204229163616924e-14,1
0.009729862213134766,-5.888415623156451e-12,9.478530143693206,-5.729347266698236e-14,1
0.012984370812773705,-6.97482349654166e-12,9.480555143723905,-9.056369463274377e-14,1
0.013864712789654732,-7.348379717220244e-12,9.482535143753921,-1.0188317424858293e-13,1
0.013227030634880066,-7.089850841829337e-12,9.48456014378462,-9.377767428160687e-14,1
0.010750465095043182,-6.1604150600191865e-12,9.486585143815319,-6.622732707371462e-14,1
0.005032111890614033,-4.773726986623261e-12,9.488565143845335,-2.402192833193201e-14,1
0.001279559452086687,-3.997131185068392e-12,9.490590143876034,-5.114566989084722e-15,1
0.0023858067579567432,-4.237672712736895e-12,9.492615143906733,-1.0110268196056569e-14,1
0.008137672208249569,-5.535015588226111e-12,9.494595143936749,-4.504214252453576e-14,1
0.012156469747424126,-6.705684185009941e-12,9.496620143967448,-8.151744693085376e-14,1
0.01376231200993061,-7.324354664439703e-12,9.498645143998147,-1.0080005416340981e-13,1
0.013529581017792225,-7.27245043699587e-12,9.500625144028163,-9.839320738521409e-14,1
0.011521268635988235,-6.422563435942719e-12,9.502650144058862,-7.399607867717168e-14,1
0.007139102555811405,-5.2332023263435e-12,9.50467514408956,-3.736036810307707e-14,1
0.0018669721903279424,-4.0903578267526e-12,9.506655144119577,-7.636584311037343e-15,1
0.0015579055761918426,-4.0447948809752e-12,9.508680144150276,-6.301408499623484e-15,1
0.006589546799659729,-5.142641520961e-12,9.510705144180974,-3.38876769762458e-14,1
0.011436865665018559,-6.3971015984432e-12,9.512685144210991,-7.316279162687037e-14,1
0.013683805242180824,-7.232205719714946e-12,9.51471014424169,-9.896409453996552e-14,1
0.013976424932479858,-7.329756593343895e-12,9.516735144272388,-1.0244379280022024e-13,1
0.012484775856137276,-6.732693395850031e-12,9.518760144303087,-8.405616795528336e-14,1
0.008971779607236385,-5.6165822860665404e-12,9.520740144333104,-5.0390738416496905e-14,1
0.0029710475355386734,-4.308532263602727e-12,9.522765144363802,-1.2800854163565743e-14,1
0.0014437122736126184,-3.999037646168491e-12,9.524790144394501,-5.773459732412366e-15,1
0.004719322081655264,-4.720343907416158e-12,9.526770144424518,-2.2276823235275965e-14,1
0.010379336774349213,-6.059050396828303e-12,9.528795144455216,-6.288892460143519e-14,1
0.013227030634880066,-7.072056482093636e-12,9.530820144485915,-9.354230774025467e-14,1
0.014013661071658134,-7.353021837241958e-12,9.532800144515932,-1.030427558796098e-13,1
0.013105700723826885,-6.984674123799994e-12,9.53482514454663,-9.15390487199805e-14,1
0.010464981198310852,-6.000265822397877e-12,9.536850144577329,-6.279266901626098e-14,1
0.004421426448971033,-4.59699943042291e-12,9.538830144607346,-2.032529486757663e-14,1
0.0015364943537861109,-3.994271059737375e-12,9.540855144638044,-6.137174930777743e-15,1
0.003142337314784527,-4.348251793351299e-12,9.542880144668743,-1.3663673864326523e-14,1
0.009038806892931461,-5.675933247711873e-12,9.54486014469876,-5.130366456323693e-14,1
0.012727435678243637,-6.83755265948327e-12,9.546885144729458,-8.702451167017704e-14,1
0.014012109488248825,-7.354541455006913e-12,9.548910144760157,-1.0305264010342169e-13,1
0.013633844442665577,-7.1968520552745385e-12,9.550890144790174,-9.81207613984911e-14,1
0.011321431025862694,-6.31452615890149e-12,9.552915144820872,-7.148947236900891e-14,1
0.00636829761788249,-5.013633171818688e-12,9.554940144851571,-3.192830818502958e-14,1
0.0017506068106740713,-4.047336684548375e-12,9.55696514488227,-7.0852951650614005e-15,1
0.0020606042817234993,-4.095994810687786e-12,9.558945144912286,-8.440224444820487e-15,1
0.007638697978109121,-5.342192833934778e-12,9.560970144942985,-4.0807397599246625e-14,1
0.011985179036855698,-6.517889960394596e-12,9.562995144973684,-7.811807811785353e-14,1
0.013924293220043182,-7.296323267791394e-12,9.5649751450037,-1.0159614460895102e-13,1
0.014083481393754482,-7.3221307489435e-12,9.567000145034399,-1.0312109216538336e-13,1
0.012292074039578438,-6.591291748514472e-12,9.569025145065098,-8.102064618920231e-14,1
0.008174910210072994,-5.42029181954673e-12,9.571005145095114,-4.431039893718769e-14,1
0.0028068944811820984,-4.20589691546569e-12,9.573030145125813,-1.1805508840441456e-14,1
0.0018219775520265102,-4.030813443439696e-12,9.575055145156512,-7.344051610353805e-15,1
0.005590666551142931,-4.8838086352809285e-12,9.577035145186528,-2.7303745579448093e-14,1
0.011143004521727562,-6.205536084991081e-12,9.579060145217227,-6.914831665479917e-14,1
0.013698078691959381,-7.1546726876370315e-12,9.581085145247926,-9.800526949046458e-14,1
0.014073241502046585,-7.355674229436726e-12,9.583065145277942,-1.0351817984124347e-13,1
0.013020056299865246,-6.897608786221587e-12,9.58509014530864,-8.980725473105025e-14,1
0.00981550756841898,-5.835667886422424e-12,9.58711514533934,-5.72800423059589e-14,1
0.003915003966540098,-4.471333893418805e-12,9.589095145369356,-1.7505289928459803e-14,1
0.0017077842494472861,-3.993000374791222e-12,9.591120145400055,-6.81918314810556e-15,1
0.003991649951785803,-4.5290550823584574e-12,9.593145145430753,-1.8078402501131382e-14,1
0.009828230366110802,-5.849676645852675e-12,9.59512514546077,-5.749196964269844e-14,1
0.01316993497312069,-6.958299821752112e-12,9.597150145491469,-9.16403561759526e-14,1
0.014261907897889614,-7.359943383911105e-12,9.599175145522167,-1.049668346750222e-13,1
0.013591023162007332,-7.128299252950887e-12,9.601200145552866,-9.688088025257507e-14,1
0.011176207102835178,-6.198158739728621e-12,9.603180145582883,-6.927190573145495e-14,1
0.005583218764513731,-4.8334652252846055e-12,9.605205145613581,-2.6986293743433598e-14,1
0.001772018033079803,-4.020327473708285e-12,9.60723014564428,-7.124092782297249e-15,1
0.0026340531185269356,-4.2299497238218464e-12,9.609210145674297,-1.1141912261245084e-14,1
0.008459461852908134,-5.524585129645931e-12,9.611235145704995,-4.67350171573833e-14,1
0.012470501475036144,-6.695833991432476e-12,9.613260145735694,-8.350040766675585e-14,1
0.014065793715417385,-7.337769281079431e-12,9.61524014576571,-1.0321154903898981e-13,1
0.013962149620056152,-7.302112040030728e-12,9.61726514579641,-1.0195318084532249e-13,1
0.01201372779905796,-6.473722165972751e-12,9.619290145827108,-7.777353594872455e-14,1
0.007608908228576183,-5.299931066932162e-12,9.621270145857125,-4.032668910606668e-14,1
0.0023858067579567432,-4.128046862672541e-12,9.623295145887823,-9.84872210212628e-15,1
0.0018862112192437053,-4.057505199883682e-12,9.625320145918522,-7.653311830160274e-15,1
0.006663090083748102,-5.112261742407087e-12,9.627300145948539,-3.4063460521357457e-14,1
0.0116640105843544,-6.3946009945525795e-12,9.629325145979237,-7.458669368318446e-14,1
0.013905053958296776,-7.235064977684225e-12,9.631350146009936,-1.006039689064824e-13,1
0.014184951782226562,-7.351032109415012e-12,9.633330146039953,-1.0427403602165116e-13,1
0.012734572403132915,-6.798150584130802e-12,9.635355146070651,-8.657154082101402e-14,1
0.009415831416845322,-5.696491021944805e-12,9.63738014610135,-5.363719913020521e-14,1
0.003299353178590536,-4.350158254451397e-12,9.639405146132049,-1.4352708464196076e-14,1
0.0017403665697202086,-4.018407134820379e-12,9.641385146162065,-6.9935014409665545e-15,1
0.004798139911144972,-4.689521774375871e-12,9.643410146192764,-2.2500981589816253e-14,1
0.010714779607951641,-6.0631812071054725e-12,9.645435146223463,-6.496565035720933e-14,1
0.013596607372164726,-7.079144128535608e-12,9.64741514625348,-9.625234324666389e-14,1
0.014290455728769302,-7.378055631723779e-12,9.649440146284178,-1.0543577736954569e-13,1
0.01349824108183384,-7.033608070972086e-12,9.651465146314877,-9.494133741711348e-14,1
0.0109825748950243,-6.077797987114053e-12,9.653445146344893,-6.674987159030802e-14,1
0.00491947028785944,-4.6698209535400714e-12,9.655470146375592,-2.297304543056382e-14,1
0.0018648001132532954,-4.0171498939811645e-12,9.65749514640629,-7.49118157725154e-15,1
0.003416028805077076,-4.3493151788420725e-12,9.659475146436307,-1.4857385933283474e-14,1
0.009244540706276894,-5.6691639230277424e-12,9.661500146467006,-5.240881665698637e-14,1
0.013134248554706573,-6.8448610494875606e-12,9.663525146497705,-8.990210634639931e-14,1
0.014430714771151543,-7.37357917779402e-12,9.665505146527721,-1.0640601795724762e-13,1
0.014126303605735302,-7.231252055484028e-12,9.66753014655842,-1.0215086198536483e-13,1
0.011835301294922829,-6.346619410568799e-12,9.669555146589119,-7.511415292828727e-14,1
0.007005669642239809,-5.092698832087628e-12,9.671535146619135,-3.5677765605026424e-14,1
0.0022858877200633287,-4.078794593742607e-12,9.673560146649834,-9.32366647449692e-15,1
0.002378669800236821,-4.0940467162242644e-12,9.675585146680532,-9.738385284641385e-15,1
0.007869566790759563,-5.312862563083831e-12,9.677565146710549,-4.1809926790314253e-14,1
0.012263525277376175,-6.506450760113136e-12,9.679590146741248,-7.979202336265087e-14,1
0.014247633516788483,-7.298616572226635e-12,9.681615146771946,-1.0398801410064407e-13,1
0.014340415596961975,-7.343420142802426e-12,9.683640146802645,-1.0530769675088864e-13,1
0.012650789692997932,-6.636827806077994e-12,9.685620146832662,-8.396111280333357e-14,1
0.008709260262548923,-5.48073478962019e-12,9.68764514686336,-4.773314571280855e-14,1
0.0030709668062627316,-4.248158682468306e-12,9.68967014689406,-1.3045954301596987e-14,1
0.002120183315128088,-4.046258987588924e-12,9.691650146924076,-8.578810794173107e-15,1
0.005654589738696814,-4.856979402001471e-12,9.693675146954774,-2.7464225887619305e-14,1
0.0113357063382864,-6.205536084991081e-12,9.695700146985473,-7.034413473109837e-14,1
0.013946635648608208,-7.155736940489543e-12,9.69768014701549,-9.979845590629409e-14,1
0.014447472058236599,-7.384093336781916e-12,9.699705147046188,-1.0668148215856779e-13,1
0.013319812715053558,-6.931608065308126e-12,9.701730147076887,-9.232772124405897e-14,1
0.010386783629655838,-5.8897973304050666e-12,9.703710147106904,-6.1176050493442e-14,1
0.0043199555948376656,-4.512531841249778e-12,9.705735147137602,-1.9493937174490092e-14,1
0.0019789934158325195,-4.016514551508088e-12,9.707760147168301,-7.948655852030011e-15,1
0.003944793250411749,-4.483933623705694e-12,9.709740147198318,-1.7688191094088515e-14,1
0.00983691867440939,-5.826770923395008e-12,9.711765147229016,-5.731747170785e-14,1
0.013469692319631577,-6.967197218460397e-12,9.713790147259715,-9.384600286285449e-14,1
0.014430714771151543,-7.388169069588724e-12,9.715770147289732,-1.0661656052427894e-13,1
0.013912191614508629,-7.16706555214941e-12,9.71779514732043,-9.970958927524667e-14,1
0.011549818329513073,-6.2462084116088334e-12,9.719820147351129,-7.214257240235844e-14,1
0.006054266355931759,-4.879222026410446e-12,9.721845147381828,-2.954010975761794e-14,1
0.0019712357316166162,-4.031338197291179e-12,9.723825147411844,-7.946717900731288e-15,1
0.002814031671732664,-4.22464450575144e-12,9.725850147442543,-1.188828344099594e-14,1
0.008709260262548923,-5.518229536510821e-12,9.727875147473242,-4.805969722195746e-14,1
0.012725263833999634,-6.682915939387746e-12,9.729855147503258,-8.504186850915057e-14,1
0.01448315754532814,-7.348822071706618e-12,9.731880147533957,-1.0643414783711168e-13,1
0.014311867766082287,-7.33261715235578e-12,9.733905147564656,-1.0494344706382278e-13,1
0.012367788702249527,-6.526414391555546e-12,9.735885147594672,-8.07173141780794e-14,1
0.008088333532214165,-5.344734637507953e-12,9.73791014762537,-4.3229996389342095e-14,1
0.0026641529984772205,-4.152195948181614e-12,9.73993514765607,-1.1062085285613013e-14,1
0.002187209902331233,-4.0721215462113936e-12,9.741915147686086,-8.906584569369932e-15,1
0.006753699854016304,-5.092436455161886e-12,9.743940147716785,-3.4392787343814135e-14,1
0.01191380899399519,-6.389199065648388e-12,9.745965147747484,-7.611969729274742e-14,1
0.014192398637533188,-7.237966302697796e-12,9.7479451477775,-1.0272410309291932e-13,1
0.014497431926429272,-7.373606933369636e-12,9.749970147808199,-1.068983645687732e-13,1
0.013227030634880066,-6.840412784814287e-12,9.751995147838898,-9.047834945996384e-14,1
0.009939940646290779,-5.7704314417039715e-12,9.753975147868914,-5.735774603402761e-14,1
0.00381322274915874,-4.4009990964044565e-12,9.756000147899613,-1.6781989873436533e-14,1
0.002200242830440402,-4.033355247012871e-12,9.758025147930312,-8.874360964859246e-15,1
0.004868269432336092,-4.664308436014286e-12,9.760005147960328,-2.2707110182035714e-14,1
0.010779013857245445,-6.034583423242257e-12,9.762030147991027,-6.504685834183194e-14,1
0.01382654532790184,-7.07237393648974e-12,9.764055148021725,-9.778649880874696e-14,1
0.014583076350390911,-7.400934032286699e-12,9.766080148052424,-1.079283860570434e-13,1
0.013790239579975605,-7.0751646728817175e-12,9.76806014808244,-9.756821590681861e-14,1
0.011328568682074547,-6.13785411385237e-12,9.77008514811314,-6.953310188933038e-14,1
0.005333421286195517,-4.708905140815567e-12,9.772110148143838,-2.511457491270124e-14,1
0.0020606042817234993,-4.035648551448112e-12,9.774090148173855,-8.315874684645218e-15,1
0.0034492318518459797,-4.341896633897058e-12,9.776115148204553,-1.4976208167060574e-14,1
0.009415831416845322,-5.666939140169802e-12,9.778140148235252,-5.335894359336124e-14,1
0.013313607312738895,-6.837428626754738e-12,9.780120148265269,-9.103083976549214e-14,1
0.014597350731492043,-7.386634706674222e-12,9.782145148295967,-1.0782529753873547e-13,1
0.014319004490971565,-7.266523320559326e-12,9.784170148326666,-1.040493800608386e-13,1
0.012099683284759521,-6.391795946691925e-12,9.786150148356683,-7.733870657578195e-14,1
0.007467407733201981,-5.176959555486249e-12,9.788175148387381,-3.8658467819111904e-14,1
0.002500000176951289,-4.1016729943055275e-12,9.79020014841808,-1.0254183211560143e-14,1
0.00240318407304585,-4.105941715099037e-12,9.792180148448097,-9.867333734580567e-15,1
0.007781439460813999,-5.2929405650048444e-12,9.794205148478795,-4.118669657627184e-14,1
0.012356307357549667,-6.513124241325219e-12,9.796230148509494,-8.04781649837219e-14,1
0.014386030845344067,-7.30825990002959e-12,9.79821014853951,-1.0513685234761683e-13,1
0.01452597975730896,-7.368205004465445e-12,9.80023514857021,-1.0703039674256762e-13,1
0.0129201365634799,-6.7028240596789246e-12,9.802260148600908,-8.660140221203046e-14,1
0.008966194465756416,-5.529033394319205e-12,9.804285148631607,-4.957438862112727e-14,1
0.003311765380203724,-4.2849907649911145e-12,9.806265148661623,-1.4190884069990244e-14,1
0.00219310587272048,-4.062588807030032e-12,9.808290148692322,-8.909687371146052e-15,1
0.00574023462831974,-4.8398203847388466e-12,9.81031514872302,-2.7781704567325695e-14,1
0.011459208093583584,-6.191858657744742e-12,9.812295148753037,-7.095379684515413e-14,1
0.014126303605735302,-7.160392938299065e-12,9.814320148783736,-1.0114988458277568e-13,1
0.014561666175723076,-7.3990275711866e-12,9.816345148814435,-1.0774216951659038e-13,1
0.013596607372164726,-6.975361694500082e-12,9.818325148844451,-9.484125423895525e-14,1
0.010629134252667427,-5.953872811437222e-12,9.82035014887515,-6.328451343607269e-14,1
0.004612576216459274,-4.5557464051215746e-12,9.822375148905849,-2.1013727516483613e-14,1
0.0020903937984257936,-4.035317219264201e-12,9.824355148935865,-8.435402089830704e-15,1
0.003991649951785803,-4.472811877820337e-12,9.826380148966564,-1.7853899316448516e-14,1
0.00997965969145298,-5.8175560722906194e-12,9.828405148997263,-5.805722983740621e-14,1
0.013470002450048923,-6.95579965154236e-12,9.83038514902728,-9.369463834832504e-14,1
0.014490294270217419,-7.401888130198486e-12,9.832410149057978,-1.0725553716180545e-13,1
0.014040659181773663,-7.201701041070763e-12,9.834435149088677,-1.0111662984669915e-13,1
0.01171986572444439,-6.302935170315882e-12,9.836415149118693,-7.386955386598017e-14,1
0.0063611604273319244,-4.954212387553447e-12,9.838440149149392,-3.15145397883026e-14,1
0.002086049411445856,-4.065131044284076e-12,9.84046514918009,-8.480064222379075e-15,1
0.0027383165434002876,-4.20176610518852e-12,9.842445149210107,-1.1505765637336318e-14,1
0.008395228534936905,-5.479145782916195e-12,9.844470149240806,-4.599868102381725e-14,1
0.012613242492079735,-6.644992715798548e-12,9.846495149271504,-8.381490448247056e-14,1
0.014311867766082287,-7.359944251272843e-12,9.848520149302203,-1.0533454888995443e-13,1
0.014326452277600765,-7.3669481973071e-12,9.85050014933222,-1.0554223178027715e-13,1
0.01242767833173275,-6.570955151524727e-12,9.852525149362918,-8.166171695539153e-14,1
0.008116882294416428,-5.385407397806574e-12,9.854550149393617,-4.371271795547543e-14,1
0.002678737509995699,-4.1861822168420826e-12,9.856530149423634,-1.1213683327931835e-14,1
0.0021788314916193485,-4.093093485674215e-12,9.858555149454332,-8.918160984728989e-15,1
0.0066466438584029675,-5.071146627622092e-12,9.860580149485031,-3.3706105587545297e-14,1
0.011764551512897015,-6.368254448080313e-12,9.862560149515048,-7.491965750167639e-14,1
0.01415485143661499,-7.241102682742362e-12,9.864585149545746,-1.0249673271149238e-13,1
0.014554528519511223,-7.392990733490201e-12,9.866610149576445,-1.0760149447506533e-13,1
0.013209344819188118,-6.897110920583982e-12,9.868590149606462,-9.110631640618181e-14,1
0.009965386241674423,-5.8185088691598e-12,9.87061514963716,-5.798368823178567e-14,1
0.00381322274915874,-4.4419897447800505e-12,9.872640149667859,-1.6938296346325114e-14,1
0.0020010252483189106,-4.046258987588924e-12,9.874620149697876,-8.096666395402751e-15,1
0.004698220640420914,-4.659970326281737e-12,9.876645149728574,-2.1893568770685837e-14,1
0.010529215447604656,-6.026956711480125e-12,9.878670149759273,-6.345912570856109e-14,1
0.013566818088293076,-7.0668761641135e-12,9.88065014978929,-9.587502337102222e-14,1
0.01446174643933773,-7.41777559515322e-12,9.882675149819988,-1.0727398980101339e-13,1
0.0137409009039402,-7.1276639104778106e-12,9.884700149850687,-9.794052347046649e-14,1
0.011257197707891464,-6.1782089860740186e-12,9.886725149881386,-6.954932003690689e-14,1
0.0053597972728312016,-4.76378008221201e-12,9.888705149911402,-2.553289549300753e-14,1
0.0019504450028762221,-4.061318122083879e-12,9.890730149942101,-7.921377636309144e-15,1
0.0031494745053350925,-4.340307627193063e-12,9.8927551499728,-1.3669688217156001e-14,1
0.009113281033933163,-5.666980773533226e-12,9.894735150002816,-5.164478840310423e-14,1
0.012977234087884426,-6.817851838647471e-12,9.896760150033515,-8.847685928664147e-14,1
0.014411786571145058,-7.406971737344836e-12,9.898785150064214,-1.0674769581711729e-13,1
0.014162609353661537,-7.312570687867392e-12,9.90076515009423,-1.0356508202330191e-13,1
0.011999453417956829,-6.446712955132661e-12,9.902790150124929,-7.735703180405318e-14,1
0.007310391869395971,-5.226847600570128e-12,9.904815150155628,-3.8210304201779706e-14,1
0.0023138155229389668,-4.145398867921868e-12,9.906795150185644,-9.591688249371237e-15,1
0.0021788314916193485,-4.119785242118201e-12,9.908820150216343,-8.97631782423578e-15,1
0.007381762843579054,-5.2865854055506034e-12,9.910845150247042,-3.902431971610075e-14,1
0.01205499842762947,-6.508841209063032e-12,9.912825150277058,-7.846407054094476e-14,1
0.01411202922463417,-7.316411365643205e-12,9.914850150307757,-1.0324941101140251e-13,1
0.014347553253173828,-7.390765950632261e-12,9.916875150338456,-1.0603940805844026e-13,1
0.012874211184680462,-6.758514321109077e-12,9.918855150368472,-8.701054066464556e-14,1
0.009058976545929909,-5.628809050806094e-12,9.92088015039917,-5.09912491727704e-14,1
0.003249393543228507,-4.3384011660929644e-12,9.92290515042987,-1.4097172737037504e-14,1
0.001926551223732531,-4.072453312076174e-12,9.924885150459886,-7.845789911973952e-15,1
0.00529059860855341,-4.807091356917592e-12,9.926910150490585,-2.5432390844097335e-14,1
0.011100182309746742,-6.170265253596652e-12,9.928935150521284,-6.849106921441855e-14,1
0.013883642852306366,-7.1724674810536015e-12,9.930960150551982,-9.957997687672968e-14,1
0.014371136203408241,-7.420994374562895e-12,9.932940150581999,-1.0664812092156972e-13,1
0.013469692319631577,-7.019627067117451e-12,9.934965150612697,-9.455221679262986e-14,1
0.010707641951739788,-5.997723151462964e-12,9.936990150643396,-6.42214720315258e-14,1
0.0045405845157802105,-4.600646686531151e-12,9.938970150673413,-2.0889625107438877e-14,1
0.0019504450028762221,-4.0555983051027145e-12,9.940995150704111,-7.910221447860866e-15,1
0.003741852007806301,-4.471541192874184e-12,9.94302015073481,-1.673184539054485e-14,1
0.009671834297478199,-5.7880050578773545e-12,9.945000150764827,-5.5980625832755486e-14,1
0.013276990503072739,-6.94463670597445e-12,9.947025150795525,-9.220387559251311e-14,1
0.014447472058236599,-7.419999510649422e-12,9.949050150826224,-1.0720023560223676e-13,1
0.013961530290544033,-7.2359770085517194e-12,9.95103015085624,-1.0102531218657503e-13,1
0.011713970452547073,-6.338040335618356e-12,9.95305515088694,-7.424361721848495e-14,1
0.006304063834249973,-5.001558195383282e-12,9.955080150917638,-3.153014213441231e-14,1
0.002187209902331233,-4.095331712639094e-12,9.957060150947655,-8.957350075215355e-15,1
0.0025214115157723427,-4.193186596557208e-12,9.959085150978353,-1.057274897234158e-14,1
0.008266760967671871,-5.47437919648508e-12,9.961110151009052,-4.525538426373776e-14,1
0.012367788702249527,-6.614280304018116e-12,9.963090151039069,-8.180402121754683e-14,1
0.014297593384981155,-7.366616865123188e-12,9.965115151069767,-1.053248925604759e-13,1
0.014383237808942795,-7.38123277777003e-12,9.967140151100466,-1.0616602636582975e-13,1
0.012541871517896652,-6.618936301827638e-12,9.969165151131165,-8.301384868266425e-14,1
0.00818235706537962,-5.418633423903696e-12,9.971145151161181,-4.4337193480780566e-14,1
0.002878265455365181,-4.233541902459725e-12,9.97317015119188,-1.2185257411690816e-14,1
0.00221451697871089,-4.1042152315595715e-12,9.975195151222579,-9.088854314572517e-15,1
0.006365194451063871,-5.043294774853546e-12,9.977175151252595,-3.210155191597721e-14,1
0.01158550288528204,-6.3370866713874374e-12,9.979200151283294,-7.341833591564151e-14,1
0.014161989092826843,-7.247775296592707e-12,9.981225151313993,-1.0264291469760575e-13,1
0.014520084485411644,-7.420663042378983e-12,9.98320515134401,-1.0774865431311464e-13,1
0.013312676921486855,-6.931608065308126e-12,9.985230151374708,-9.227825871981963e-14,1
0.010065305046737194,-5.854098022312071e-12,9.987255151405407,-5.892328236807191e-14,1
0.004011820070445538,-4.487580879813935e-12,9.989235151435423,-1.8003367041385188e-14,1
0.002057501347735524,-4.069261854561246e-12,9.991260151466122,-8.372511750048522e-15,1
0.004626850131899118,-4.655521627927595e-12,9.99328515149682,-2.154040085823599e-14,1
0.010297414846718311,-5.9862848185432416e-12,9.995265151526837,-6.164325816715161e-14,1
0.013626707717776299,-7.064748092089346e-12,9.997290151557536,-9.626925735061927e-14,1
0.014540254138410091,-7.429850137907756e-12,9.999315151588235,-1.0803190921548004e-13,1
0.014233359135687351,-7.371382150511696e-12,9.999990151598467,-1.0491952947462832e-13,1
0.013179553672671318,-6.8871644498536e-12,10.001970151628484,-9.076975351935935e-14,1
0.01001441478729248,-5.848350449755291e-12,10.0039501516585,-5.856780722529801e-14,1
0.004070158116519451,-4.46582137589302e-12,10.0059751516892,-1.8176599120017038e-14,1
0.002150283195078373,-4.071803658134421e-12,10.008000151719898,-8.75553097974509e-15,1
0.004823585040867329,-4.672929578009022e-12,10.009980151749915,-2.2540273209510797e-14,1
0.01074332743883133,-6.038714233519427e-12,10.012005151780613,-6.487588432023056e-14,1
0.013933601789176464,-7.097794574306704e-12,10.014030151811312,-9.889784317976689e-14,1
0.014647310599684715,-7.435252066811948e-12,10.01605515184201,-1.0890644640954234e-13,1
0.013954082503914833,-7.145458270213512e-12,10.018035151872027,-9.970831423083991e-14,1
0.011442760936915874,-6.208078322245125e-12,10.020060151902726,-7.103755611910076e-14,1
0.005604629870504141,-4.794063583613006e-12,10.022085151933425,-2.686895196181358e-14,1
0.002135078189894557,-4.078752960379184e-12,10.024065151963441,-8.708456487673454e-15,1
0.0033279014751315117,-4.362232797205934e-12,10.02609015199414,-1.4517080960688688e-14,1
0.009215992875397205,-5.682191696332328e-12,10.028115152024839,-5.23670381900399e-14,1
0.013283818028867245,-6.849364825312065e-12,10.030095152054855,-9.098571595276956e-14,1
0.014618761837482452,-7.422224293507362e-12,10.032120152085554,-1.0850372925116059e-13,1
0.014390375465154648,-7.326579447297643e-12,10.034145152116253,-1.054322291218983e-13,1
0.01224863063544035,-6.46573680013196e-12,10.036125152146269,-7.919642185079039e-14,1
0.007695794105529785,-5.2595766283913825e-12,10.038150152176968,-4.047661881435662e-14,1
0.0026498788502067327,-4.162682351593894e-12,10.040175152207667,-1.1030603923617486e-14,1
0.0024776579812169075,-4.135120197645836e-12,10.042155152237683,-1.0245413560988442e-14,1
0.007767165079712868,-5.2967539208859105e-12,10.044180152268382,-4.114076209013726e-14,1
0.0125347338616848,-6.529329160676056e-12,10.04620515229908,-8.184340332441215e-14,1
0.014669030904769897,-7.334785556700751e-12,10.048185152329097,-1.075941960111032e-13,1
0.014818600378930569,-7.412373666249028e-12,10.050210152359796,-1.0984100321945282e-13,1
0.013341224752366543,-6.776861190271877e-12,10.052235152390494,-9.041162825500735e-14,1
0.009597360156476498,-5.652723514965041e-12,10.054215152420511,-5.4251223438103266e-14,1
0.0037775374948978424,-4.366681495560076e-12,10.05624015245121,-1.6495303077754775e-14,1
0.002442903583869338,-4.096271065401336e-12,10.058265152481908,-1.0006795266169194e-14,1
0.005718823056668043,-4.844269083092989e-12,10.060290152512607,-2.7703517725096347e-14,1
0.01146665494889021,-6.208106077820741e-12,10.062270152542624,-7.118621028047858e-14,1
0.014226222410798073,-7.182953450785012e-12,10.064295152573322,-1.021862933572771e-13,1
0.014797188341617584,-7.447644931324326e-12,10.066320152604021,-1.1020420475029962e-13,1
0.013797687366604805,-7.026424147377197e-12,10.068300152634038,-9.694840369067329e-14,1
0.011014536023139954,-6.03172329791124e-12,10.070325152664736,-6.643663354645588e-14,1
0.00491947028785944,-4.62597061351433e-12,10.072350152695435,-2.275732498569465e-14,1
0.0023212628439068794,-4.077758096465711e-12,10.074330152725452,-9.4655483557663e-15,1
0.004141528625041246,-4.479802813428524e-12,10.07635515275615,-1.8553231586354542e-14,1
0.010079579427838326,-5.8162849536635974e-12,10.078380152786849,-5.862570616539318e-14,1
0.013730661012232304,-6.965746555953611e-12,10.080360152816866,-9.56443046569237e-14,1
0.014882832765579224,-7.438430080219938e-12,10.082385152847564,-1.1070491092236738e-13,1
0.014426060020923615,-7.2519065405507455e-12,10.084410152878263,-1.0461643902011358e-13,1
0.012040103785693645,-6.357975777804281e-12,10.08639015290828,-7.655068823168983e-14,1
0.006917852442711592,-5.036511138700739e-12,10.088415152938978,-3.4841840883605047e-14,1
0.0026141933631151915,-4.115018655687086e-12,10.090440152969677,-1.0757454458792377e-14,1
0.002976632909849286,-4.2183448574484306e-12,10.092420152999694,-1.2556464127774494e-14,1
0.00866643711924553,-5.481370132093266e-12,10.094445153030392,-4.750394957709685e-14,1
0.012955822050571442,-6.653571790748991e-12,10.096470153061091,-8.620249212164589e-14,1
0.014882834628224373,-7.396803655690398e-12,10.09849515309179,-1.1008540558508569e-13,1
0.014870110899209976,-7.40607315058428e-12,10.100475153121806,-1.1012912907684967e-13,1
0.013020056299865246,-6.639273332498252e-12,10.102500153152505,-8.64437125793212e-14,1
0.008809179067611694,-5.4515012296030285e-12,10.104525153183204,-4.802325051887841e-14,1
0.0033936866093426943,-4.244206982390031e-12,10.10650515321322,-1.4403508403415812e-14,1
0.0026712899561971426,-4.1270936321224916e-12,10.108530153243919,-1.1024663767773997e-14,1
0.006789385341107845,-5.062885440748621e-12,10.110555153274618,-3.437388019512702e-14,1
0.012181605212390423,-6.3669282519829284e-12,10.112535153304634,-7.755940638127108e-14,1
0.01462589856237173,-7.267476551109375e-12,10.114560153335333,-1.0629337484094088e-13,1
0.014947067014873028,-7.43747598230815e-12,10.116585153366032,-1.1116845192906853e-13,1
0.013857266865670681,-6.95546788567758e-12,10.118565153396048,-9.638377466743643e-14,1
0.01053635310381651,-5.883331582329232e-12,10.120590153426747,-6.19888589782563e-14,1
0.004576890729367733,-4.506176681795537e-12,10.122615153457446,-2.0624278279803048e-14,1
0.0025446845684200525,-4.0890316306552155e-12,10.124595153487462,-1.040529569030981e-14,1
0.005183542147278786,-4.666961261889924e-12,10.12662015351816,-2.4191390400723806e-14,1
0.011028810404241085,-6.03172329791124e-12,10.12864515354886,-6.652273266350683e-14,1
0.014125372283160686,-7.084781112470795e-12,10.130625153578876,-1.000751707583553e-13,1
0.015132631175220013,-7.455905684516928e-12,10.132650153609575,-1.1282747080102097e-13,1
0.014347552321851254,-7.188672834085308e-12,10.134675153640273,-1.0313985961170969e-13,1
0.011898603290319443,-6.269777665796061e-12,10.13665515367029,-7.460159716381237e-14,1
0.006254104431718588,-4.863334561455712e-12,10.138680153700989,-3.0415802233730345e-14,1
0.002685564337298274,-4.102308770459473e-12,10.140705153731687,-1.1017014134531892e-14,1
0.003734715050086379,-4.360326336105835e-12,10.142730153762386,-1.6284576390742462e-14,1
0.009664387442171574,-5.672949523333193e-12,10.144710153792403,-5.482558213337452e-14,1
0.013562474399805069,-6.835646198383172e-12,10.146735153823101,-9.270827657169661e-14,1
0.015096946619451046,-7.435252066811948e-12,10.1487601538538,-1.1224960355482304e-13,1
0.014862663112580776,-7.3669481973071e-12,10.150740153883817,-1.0949246922440967e-13,1
0.01279880665242672,-6.517572505998492e-12,10.152765153914515,-8.341715034744699e-14,1
0.00823107548058033,-5.313594616390693e-12,10.154790153945214,-4.373659836071708e-14,1
0.003043659497052431,-4.190160805134235e-12,10.15677015397523,-1.2753422728723677e-14,1
0.002764072036370635,-4.15187849378551e-12,10.15879515400593,-1.147609124308116e-14,1
0.00783853605389595,-5.28531472060445e-12,10.160820154036628,-4.1429129993644986e-14,1
0.012643342837691307,-6.5277405876529304e-12,10.162800154066645,-8.253246220520852e-14,1
0.014690132811665535,-7.34278436664848e-12,10.164825154097343,-1.0786647755348758e-13,1
0.01491851918399334,-7.431439144611751e-12,10.166850154128042,-1.1086606744356946e-13,1
0.013611502014100552,-6.835107566743881e-12,10.168830154158059,-9.303608041132826e-14,1
0.009929700754582882,-5.718416191957676e-12,10.170855154188757,-5.6782161576301105e-14,1
0.003948827274143696,-4.403223445581528e-12,10.172880154219456,-1.7387568836061317e-14,1
0.0025893687270581722,-4.103952420952961e-12,10.174860154249473,-1.0626646056150273e-14,1
0.005818742793053389,-4.815988753625877e-12,10.176885154280171,-2.8022999851586744e-14,1
0.011428486555814743,-6.182657684428161e-12,10.17891015431087,-7.065842022569195e-14,1
0.014333277940750122,-7.193439420516423e-12,10.180935154341569,-1.0310556656421039e-13,1
0.014989268966019154,-7.462771720034844e-12,10.182915154371585,-1.1186149254360367e-13,1
0.014047795906662941,-7.085720031552167e-12,10.184940154402284,-9.953874885499814e-14,1
0.011242924258112907,-6.079069105741075e-12,10.186965154432983,-6.834651351568107e-14,1
0.0052257440984249115,-4.671271616046857e-12,10.188945154463,-2.4410870079696662e-14,1
0.002500000176951289,-4.101355106228555e-12,10.190970154493698,-1.025338849131146e-14,1
0.004170076921582222,-4.473130199578179e-12,10.192995154524397,-1.8653297012493444e-14,1
0.010103782638907433,-5.815193378916339e-12,10.194975154554413,-5.875544990378436e-14,1
0.01374803762882948,-6.956711248728986e-12,10.197000154585112,-9.564112802042742e-14,1
0.014925656840205193,-7.460355250232809e-12,10.19902515461581,-1.1135070237099804e-13,1
0.014549873769283295,-7.286376363380143e-12,10.201005154645827,-1.0601585632267054e-13,1
0.012220703065395355,-6.4009557203259515e-12,10.203030154676526,-7.822417919284729e-14,1
0.007024909369647503,-5.090529994061788e-12,10.205055154707225,-3.57605118517563e-14,1
0.0026712901890277863,-4.142083377678407e-12,10.207035154737241,-1.1064706688927404e-14,1
0.0028711282648146152,-4.213523193546953e-12,10.20906015476794,-1.20975655354446e-14,1
0.00868071150034666,-5.469612610053964e-12,10.211085154798639,-4.7480129086536563e-14,1
0.012807185761630535,-6.627543566034566e-12,10.213065154828655,-8.488018159350396e-14,1
0.014725818298757076,-7.397438564482606e-12,10.215090154859354,-1.0893333617678923e-13,1
0.014861422590911388,-7.429214361753811e-12,10.217115154890053,-1.1040869414849142e-13,1
0.013082738034427166,-6.6945212394420306e-12,10.219095154920069,-8.758266764152875e-14,1
0.008987605571746826,-5.518547424587794e-12,10.221120154950768,-4.9598527581174357e-14,1
0.0033992722164839506,-4.296457287167321e-12,10.223145154981466,-1.460482788557788e-14,1
0.0025999192148447037,-4.141074635977127e-12,10.225170155012165,-1.0766459516182968e-14,1
0.006514142733067274,-5.033679202626207e-12,10.227150155042182,-3.2790104798379375e-14,1
0.011842438951134682,-6.336769216991334e-12,10.22917515507288,-7.504280259964939e-14,1
0.01446174643933773,-7.2747849411136656e-12,10.23120015510358,-1.052060952190983e-13,1
0.014840321615338326,-7.463767451310055e-12,10.233180155133596,-1.1076470943953525e-13,1
0.0137409009039402,-6.992935310673465e-12,10.235205155164294,-9.608923113162836e-14,1
0.010572037659585476,-5.926545712520159e-12,10.237230155194993,-6.265566446401796e-14,1
0.004548031836748123,-4.550910863432289e-12,10.23921015522501,-2.069768749309294e-14,1
0.0025214115157723427,-4.107710699363665e-12,10.241235155255708,-1.0357229060836808e-14,1
0.0048837848007678986,-4.6517087057273976e-12,10.243260155286407,-2.2717944274631178e-14,1
0.010744258761405945,-5.983631558986735e-12,10.245240155316424,-6.428968580266834e-14,1
0.01407634373754263,-7.083496116055965e-12,10.247265155347122,-9.970972619315192e-14,1
0.015018438920378685,-7.473700477933498e-12,10.249290155377821,-1.1224331413704923e-13,1
0.014453057199716568,-7.2389611666112685e-12,10.251270155407838,-1.0462511980755964e-13,1
0.011935221031308174,-6.304675531643156e-12,10.253295155438536,-7.524769600084144e-14,1
0.006382571533322334,-4.913222172858722e-12,10.255320155469235,-3.1358991977376186e-14,1
0.002559579210355878,-4.1235153312724204e-12,10.257300155499252,-1.0554464115508618e-14,1
0.003463506232947111,-4.345709556097255e-12,10.25932515552995,-1.5051392134120665e-14,1
0.009415831416845322,-5.65327602439214e-12,10.261350155560649,-5.323029399856993e-14,1
0.013369772583246231,-6.8245248861786845e-12,10.263375155591348,-9.124234571691338e-14,1
0.014952032826840878,-7.450172423428825e-12,10.265355155621364,-1.1139522264073244e-13,1
0.0148328747600317,-7.402840493386798e-12,10.267380155652063,-1.0980540590689765e-13,1
0.012641791254281998,-6.5595163849241356e-12,10.269405155682762,-8.29240368672534e-14,1
0.008264278993010521,-5.368234936437011e-12,10.271385155712778,-4.436459121474156e-14,1
0.0030995148699730635,-4.224962393828413e-12,10.273410155743477,-1.3095333764748157e-14,1
0.002771208994090557,-4.163953036540047e-12,10.275435155774176,-1.1539184105830464e-14,1
0.007690829690545797,-5.26379027171453e-12,10.277415155804192,-4.048291450650824e-14,1
0.012520460411906242,-6.525833692871963e-12,10.279440155834891,-8.170644240628733e-14,1
0.014732955023646355,-7.351046854564558e-12,10.28146515586559,-1.0830264268501664e-13,1
0.014966927468776703,-7.456140739547923e-12,10.283445155895606,-1.1159551764580485e-13,1
0.013626707717776299,-6.884898467313105e-12,10.285470155926305,-9.38184990806417e-14,1
0.010115264914929867,-5.773070389791801e-12,10.287495155957004,-5.83961363652815e-14,1
0.004220346920192242,-4.4428185089206984e-12,10.28947515598702,-1.8750235411096557e-14,1
0.0025499598123133183,-4.1232807099222946e-12,10.291500156017719,-1.051420010518858e-14,1
0.005747371818870306,-4.813446516371833e-12,10.293525156048418,-2.766466685983492e-14,1
0.01150389201939106,-6.163012374743593e-12,10.295505156078434,-7.089862887322116e-14,1
0.014390375465154648,-7.182953450785012e-12,10.297530156109133,-1.0336539710552455e-13,1
0.015118356794118881,-7.479737315629897e-12,10.299555156139832,-1.1308133746397778e-13,1
0.014244530349969864,-7.137500659948337e-12,10.301535156169848,-1.0167034477356402e-13,1
0.011678284965455532,-6.166134443319482e-12,10.303560156200547,-7.200987516439542e-14,1
0.005597492679953575,-4.747988894410193e-12,10.305585156231245,-2.6576833080961925e-14,1
0.002771208994090557,-4.117878781018103e-12,10.307610156261944,-1.1411502714532026e-14,1
0.004257583990693092,-4.471996991467497e-12,10.30959015629196,-1.903990279729969e-14,1
0.010172361508011818,-5.787051393646436e-12,10.31161515632266,-5.886797884161516e-14,1
0.013912191614508629,-6.957982367356008e-12,10.313640156353358,-9.680078394502915e-14,1
0.015168006531894207,-7.483661260132557e-12,10.315620156383375,-1.1351222287617426e-13,1
0.014775778166949749,-7.3221307489435e-12,10.317645156414073,-1.0819017965579079e-13,1
0.012463363818824291,-6.4368623278743264e-12,10.319670156444772,-8.022495704398198e-14,1
0.007541881408542395,-5.157355445484235e-12,10.321650156474789,-3.889616315154243e-14,1
0.003013869747519493,-4.180158823252622e-12,10.323675156505487,-1.2598454217227762e-14,1
0.0030852407217025757,-4.2154296546470515e-12,10.325700156536186,-1.3005615229989709e-14,1
0.008651542477309704,-5.449138102547879e-12,10.327680156566203,-4.714344975891978e-14,1
0.013020056299865246,-6.617665616881485e-12,10.329705156596901,-8.616237890547941e-14,1
0.015032712370157242,-7.410466337787192e-12,10.3317301566276,-1.1139940898468735e-13,1
0.01507118996232748,-7.450503755612736e-12,10.333710156657617,-1.1228795741587387e-13,1
0.013519651256501675,-6.7438147080545185e-12,10.335735156688315,-9.117402299136375e-14,1
0.009415831416845322,-5.562079876536563e-12,10.337760156719014,-5.237160644449612e-14,1
0.003944793716073036,-4.341357568576898e-12,10.33974015674903,-1.7125760055748262e-14,1
0.003013869747519493,-4.152514269939456e-12,10.34176515677973,-1.251513713431352e-14,1
0.0066466438584029675,-4.980904143997433e-12,10.343790156810428,-3.310629593799443e-14,1
0.012227839790284634,-6.324058898082852e-12,10.345815156841127,-7.732957903008109e-14,1
0.014840321615338326,-7.280739379444956e-12,10.347795156871143,-1.0804851398842193e-13,1
0.015275373123586178,-7.485456698930193e-12,10.349820156901842,-1.1434314407660638e-13,1
0.01424049586057663,-7.019944521513555e-12,10.35184515693254,-9.996749090009137e-14,1
0.011101732961833477,-5.960753158423815e-12,10.353825156962557,-6.617468981622667e-14,1
0.005162131041288376,-4.5980081721241906e-12,10.355850156993256,-2.373552071341991e-14,1
0.0028639910742640495,-4.1216917032183e-12,10.357875157023955,-1.1804488248885398e-14,1
0.005099138710647821,-4.630156501261862e-12,10.359855157053971,-2.3609810251942038e-14,1
0.010893206112086773,-5.955144363745113e-12,10.36188015708467,-6.487061498150736e-14,1
0.014411786571145058,-7.0815887875941286e-12,10.363905157115369,-1.0205834619142047e-13,1
0.015361638739705086,-7.484987456229941e-12,10.365885157145385,-1.149816732738285e-13,1
0.0148328747600317,-7.271289473309572e-12,10.367910157176084,-1.0785412610153775e-13,1
0.01234203390777111,-6.332638406714164e-12,10.369935157206783,-7.815763794131983e-14,1
0.00678224815055728,-4.9756544370782585e-12,10.3719151572368,-3.374612310368614e-14,1
0.0029710473027080297,-4.1439347613081434e-12,10.373940157267498,-1.2311826195182603e-14,1
0.003756126156076789,-4.3472985628012495e-12,10.375965157298197,-1.6329001840012806e-14,1
0.009470755234360695,-5.619234678261309e-12,10.377945157328213,-5.321839624224443e-14,1
0.013562474399805069,-6.78448746835314e-12,10.379970157358912,-9.201443760533776e-14,1
0.015111221000552177,-7.454316677812933e-12,10.38199515738961,-1.1264382672653314e-13,1
0.015086084604263306,-7.43259967461718e-12,10.383975157419627,-1.1212882752089469e-13,1
0.013184208422899246,-6.622113881554759e-12,10.386000157450326,-8.730732961459227e-14,1
0.008816315792500973,-5.434024324263431e-12,10.388025157481025,-4.7908074466838115e-14,1
0.0034492318518459797,-4.25483172999952e-12,10.390050157511723,-1.4675901127359277e-14,1
0.0030660016927868128,-4.179219036809512e-12,10.39203015754174,-1.2813492641384836e-14,1
0.007695794105529785,-5.2223989022159856e-12,10.394055157572438,-4.0190506688399e-14,1
0.012698887847363949,-6.509946227917229e-12,10.396080157603137,-8.266907704069088e-14,1
0.014974374324083328,-7.357001292895848e-12,10.398060157633154,-1.1016649126258744e-13,1
0.015232550911605358,-7.4717940168334e-12,10.400085157663852,-1.1381448276244306e-13,1
0.013955013826489449,-6.92493588513865e-12,10.402110157694551,-9.663757602466281e-14,1
0.010587863624095917,-5.83840354534404e-12,10.404090157724568,-6.181622052054079e-14,1
0.004498382564634085,-4.485840084805792e-12,10.406115157755266,-2.017902482522706e-14,1
0.0029068137519061565,-4.138214944326979e-12,10.408140157785965,-1.2029020108513232e-14,1
0.005717271938920021,-4.793621662807501e-12,10.410120157815982,-2.7406438618568458e-14,1
0.011592640541493893,-6.1642279822193835e-12,10.41214515784668,-7.145967921368752e-14,1
0.01448315754532814,-7.185177799962084e-12,10.414170157877379,-1.040640620680451e-13,1
0.015339297242462635,-7.502228872857675e-12,10.416150157907396,-1.150789186617493e-13,1
0.014468882232904434,-7.1711967961074485e-12,10.418175157938094,-1.0375920191186026e-13,1
0.011892396956682205,-6.213480251149317e-12,10.420200157968793,-7.389317362917312e-14,1
0.005985377822071314,-4.813515471630003e-12,10.42218015799881,-2.881070875009136e-14,1
0.0027783464174717665,-4.142981097077225e-12,10.424205158029508,-1.1510636688717757e-14,1
0.004227173514664173,-4.4521578264344885e-12,10.426230158060207,-1.8820043647008683e-14,1
0.010172361508011818,-5.7854623869424415e-12,10.428255158090906,-5.885181489098347e-14,1
0.01402855571359396,-6.964419926175358e-12,10.430235158120922,-9.770075294721494e-14,1
0.015261098742485046,-7.487681481788133e-12,10.432260158151621,-1.1427024644584545e-13,1
0.014975614845752716,-7.355177231160859e-12,10.43428515818232,-1.1014830133611491e-13,1
0.012710369192063808,-6.4733630782132234e-12,10.436265158212336,-8.22788346383647e-14,1
0.007888495922088623,-5.23733313662067e-12,10.438290158243035,-4.131468109085177e-14,1
0.0031137890182435513,-4.201766538869389e-12,10.440315158273734,-1.308341450595472e-14,1
0.0030511068180203438,-4.213371405242805e-12,10.44229515830375,-1.285544622138828e-14,1
0.008530832827091217,-5.419407544254851e-12,10.444320158334449,-4.623205978191508e-14,1
0.012970096431672573,-6.625291894962748e-12,10.446345158365148,-8.593067476564556e-14,1
0.015026506036520004,-7.419336846281599e-12,10.448325158395164,-1.1148670990762574e-13,1
0.015032712370157242,-7.463849850675164e-12,10.450350158425863,-1.1220190797924082e-13,1
0.013483966700732708,-6.782581007253041e-12,10.452375158456562,-9.145609644682212e-14,1
0.009575018659234047,-5.617908482163925e-12,10.454355158486578,-5.37915785425888e-14,1
0.003977376036345959,-4.386064428318903e-12,10.456380158517277,-1.7445027551065043e-14,1
0.0028854026459157467,-4.165224155167069e-12,10.458405158547976,-1.2018348798151241e-14,1
0.006268378347158432,-4.945481090617987e-12,10.460385158577992,-3.1000146584711256e-14,1
0.011985179036855698,-6.288788066688422e-12,10.46241015860869,-7.537225090410235e-14,1
0.014640172943472862,-7.2697004666055776e-12,10.46443515863939,-1.0642967207835102e-13,1
0.015235032886266708,-7.504881265052443e-12,10.466415158669406,-1.1433711288060087e-13,1
0.014247633516788483,-7.066654553189444e-12,10.468440158700105,-1.0068310426358787e-13,1
0.011235786601901054,-6.026639257084021e-12,10.470465158730804,-6.771403261923557e-14,1
0.005197816528379917,-4.635821240772664e-12,10.472490158761502,-2.4096148267902848e-14,1
0.002768106060102582,-4.140425415716242e-12,10.474470158791519,-1.1461136684646883e-14,1
0.004840962588787079,-4.5980081721241906e-12,10.476495158822217,-2.2258785544190466e-14,1
0.010793287307024002,-5.940845038132636e-12,10.478520158852916,-6.41212473430735e-14,1
0.014363688416779041,-7.071517850454345e-12,10.480500158882933,-1.015730790376173e-13,1
0.015396703034639359,-7.510877336747157e-12,10.482525158913631,-1.1564274788349894e-13,1
0.014904244802892208,-7.288766812330039e-12,10.48455015894433,-1.0863356488216318e-13,1
0.012472052127122879,-6.373891432015499e-12,10.486530158974347,-7.94955061927192e-14,1
0.007103416603058577,-5.0279320637502956e-12,10.488555159005045,-3.571549610069442e-14,1
0.0029068137519061565,-4.1579157651627785e-12,10.490580159035744,-1.2086286725442574e-14,1
0.003706477116793394,-4.3217950919383075e-12,10.49256015906576,-1.601863461173934e-14,1
0.009430104866623878,-5.6049774196931246e-12,10.49458515909646,-5.285552484276508e-14,1
0.013569611124694347,-6.775590071644855e-12,10.496610159127158,-9.194212241256059e-14,1
0.015197795815765858,-7.464097916132229e-12,10.498590159157175,-1.1343783607826104e-13,1
0.015232550911605358,-7.462260843971169e-12,10.500615159187873,-1.1366926822147e-13,1
0.01324844267219305,-6.651983651406734e-12,10.502640159218572,-8.812842406202752e-14,1
0.009023912250995636,-5.4932378090732925e-12,10.504620159248589,-4.957049596292891e-14,1
0.0035919733345508575,-4.2935975955171735e-12,10.506645159279287,-1.5422488072389366e-14,1
0.0031066518276929855,-4.19350491831505e-12,10.508670159309986,-1.3027759718922973e-14,1
0.0076529718935489655,-5.20619311550341e-12,10.510695159340685,-3.984284958533572e-14,1
0.012695473618805408,-6.495246614862671e-12,10.512675159370701,-8.246023204662417e-14,1
0.014989890158176422,-7.34914039346446e-12,10.5147001594014,-1.101628072550497e-13,1
0.015261098742485046,-7.495625647946369e-12,10.516725159432099,-1.14391483150013e-13,1
0.01403600350022316,-6.965746555953611e-12,10.518705159462115,-9.777124304103231e-14,1
0.010736189782619476,-5.8928638878297246e-12,10.520730159492814,-6.326690506288477e-14,1
0.004676809534430504,-4.525877502631337e-12,10.522755159523513,-2.1166667055970754e-14,1
0.002872369484975934,-4.150372320127493e-12,10.52473515955353,-1.192140280362298e-14,1
0.005725960712879896,-4.775633881404229e-12,10.526760159584228,-2.7345091984018743e-14,1
0.011578366160392761,-6.148657537979885e-12,10.528785159614927,-7.119140836959017e-14,1
0.01458710990846157,-7.187236483047199e-12,10.530765159644943,-1.0484100851631429e-13,1
0.015303920954465866,-7.518821502905393e-12,10.532790159675642,-1.1506744995120238e-13,1
0.014618761837482452,-7.208056200525004e-12,10.53481515970634,-1.0537285690666369e-13,1
0.012203946709632874,-6.272430925352568e-12,10.536795159736357,-7.654841275285595e-14,1
0.0062826527282595634,-4.866511707501964e-12,10.538820159767056,-3.057460305624432e-14,1
0.0029139507096260786,-4.1604580024168225e-12,10.540845159797755,-1.2123369548511997e-14,1
0.004071399103850126,-4.43021877863381e-12,10.542825159827771,-1.8037188765189694e-14,1
0.010079579427838326,-5.7663973422605874e-12,10.54485015985847,-5.812286002379141e-14,1
0.014012109488248825,-6.935103533112219e-12,10.546875159889169,-9.717543001830967e-14,1
0.015398875810205936,-7.503223736771147e-12,10.548855159919185,-1.1554121049872822e-13,1
0.015046986751258373,-7.3990275711866e-12,10.550880159949884,-1.113330698358402e-13,1
0.01287731435149908,-6.5264694690259084e-12,10.552905159980583,-8.404339895810792e-14,1
0.008259624242782593,-5.292623110608741e-12,10.554930160011281,-4.371507815229537e-14,1
0.0032819758635014296,-4.222655211605364e-12,10.556910160041298,-1.3858652484377326e-14,1
0.0032137080561369658,-4.222738044651342e-12,10.558935160071997,-1.3570647273052075e-14,1
0.008530832827091217,-5.4105101475465656e-12,10.560960160102695,-4.6156157578000386e-14,1
0.013157212175428867,-6.632848784104972e-12,10.562940160132712,-8.72697987800045e-14,1
0.015168316662311554,-7.424448209003565e-12,10.56496516016341,-1.1261638147709794e-13,1
0.015339607372879982,-7.48736402739203e-12,10.56699016019411,-1.1485322443801913e-13,1
0.01378279272466898,-6.829802348673475e-12,10.568970160224126,-9.413375012222388e-14,1
0.010065305046737194,-5.696808476340909e-12,10.570995160254824,-5.734011510720937e-14,1
0.004341366700828075,-4.420382462844152e-12,10.573020160285523,-1.9190501229116e-14,1
0.0030883438885211945,-4.1785559387608195e-12,10.57500016031554,-1.290481769631592e-14,1
0.006532450672239065,-4.926249946163308e-12,10.577025160346238,-3.218048477243216e-14,1
0.012177880853414536,-6.287199493665296e-12,10.579050160376937,-7.656476633550418e-14,1
0.014981822110712528,-7.267476551109375e-12,10.581030160406954,-1.0888004088249527e-13,1
0.015610816888511181,-7.517868272355344e-12,10.583055160437652,-1.1736006499168717e-13,1
0.014618761837482452,-7.1035148249687374e-12,10.585080160468351,-1.0384459143524382e-13,1
0.01172731351107359,-6.100676387676973e-12,10.587060160498368,-7.154454462789179e-14,1
0.005704549141228199,-4.699690289711178e-12,10.589085160529066,-2.6809614206210407e-14,1
0.003142337314784527,-4.156327192139653e-12,10.591110160559765,-1.3060582028314028e-14,1
0.0050051151774823666,-4.595783822947119e-12,10.593135160590464,-2.300242736466056e-14,1
0.010930444113910198,-5.92328573342793e-12,10.59511516062048,-6.474414367995557e-14,1
0.01462589856237173,-7.0548978985118804e-12,10.597140160651179,-1.0318422103152426e-13,1
0.015610816888511181,-7.522952746863432e-12,10.599165160681878,-1.1743943779220724e-13,1
0.015011611394584179,-7.318538136624753e-12,10.601145160711894,-1.09863050483455e-13,1
0.01277739554643631,-6.424469897042817e-12,10.603170160742593,-8.208799305068903e-14,1
0.007374625653028488,-5.072417746249114e-12,10.605195160773292,-3.740718203436566e-14,1
0.0032819758635014296,-4.187177080755555e-12,10.607175160803308,-1.3742214115246109e-14,1
0.0036918926052749157,-4.3101208366258525e-12,10.609200160834007,-1.5912503244580318e-14,1
0.009537161327898502,-5.598939714634987e-12,10.611225160864706,-5.339799132365188e-14,1
0.013581712730228901,-6.749230514746518e-12,10.613205160894722,-9.166611000138214e-14,1
0.015446662902832031,-7.473700477933498e-12,10.615230160925421,-1.154437319193734e-13,1
0.015432389453053474,-7.477195945737591e-12,10.61725516095612,-1.15390999851415e-13,1
0.013574265874922276,-6.700820454064171e-12,10.619235160986136,-9.095871842358447e-14,1
0.009451515972614288,-5.529986191188385e-12,10.621260161016835,-5.2266752814353474e-14,1
0.0038988678716123104,-4.321242582511209e-12,10.623285161047534,-1.684795387039596e-14,1
0.0033192127011716366,-4.2054133612967615e-12,10.62526516107755,-1.3958661442493115e-14,1
0.00736748892813921,-5.137875801891623e-12,10.627290161108249,-3.7853243084590894e-14,1
0.012641790322959423,-6.461647189537345e-12,10.629315161138948,-8.168678891107116e-14,1
0.015123322606086731,-7.348379717220244e-12,10.631295161168964,-1.1113191709554613e-13,1
0.01553230918943882,-7.51755081795924e-12,10.633320161199663,-1.1676492365186162e-13,1
0.014319004490971565,-7.016766941786434e-12,10.635345161230362,-1.0047311735154077e-13,1
0.011021673679351807,-5.936714227855466e-12,10.63737016126106,-6.543252694698798e-14,1
0.00502466456964612,-4.552900591259235e-12,10.639350161291077,-2.2876798290021148e-14,1
0.0031066518276929855,-4.16331769406697e-12,10.641375161321776,-1.2933978523539699e-14,1
0.005882976111024618,-4.7759513358003325e-12,10.643400161352474,-2.809680761592947e-14,1
0.011667734943330288,-6.126870712164223e-12,10.64538016138249,-7.148670350158543e-14,1
0.014682996086776257,-7.175962948857695e-12,10.64740516141319,-1.0536463589692894e-13,1
0.015625091269612312,-7.528036354009782e-12,10.649430161443888,-1.1762625511236234e-13,1
0.014907348901033401,-7.25288752667641e-12,10.651410161473905,-1.0812132490011845e-13,1
0.012506186030805111,-6.319928087805682e-12,10.653435161504603,-7.903819636740827e-14,1
0.006625232752412558,-4.9129042847817495e-12,10.655460161535302,-3.254913437700404e-14,1
0.003170265117660165,-4.180545666587765e-12,10.657440161565319,-1.3253438099568553e-14,1
0.004377052187919617,-4.445167324507171e-12,10.659465161596017,-1.9456729363402902e-14,1
0.010293692350387573,-5.761948210225576e-12,10.661490161626716,-5.931172221492838e-14,1
0.014095582999289036,-6.926952501179473e-12,10.663470161656733,-9.763943391250804e-14,1
0.01559654250741005,-7.515644356859141e-12,10.665495161687431,-1.1721806668233006e-13,1
0.01541097741574049,-7.432709829557904e-12,10.66752016171813,-1.145453233210692e-13,1
0.013239134103059769,-6.580792334676122e-12,10.669500161748147,-8.712399222316496e-14,1
0.008759219199419022,-5.3812765875294044e-12,10.671525161778845,-4.7135781202871634e-14,1
0.0036205218639224768,-4.265953042204007e-12,10.673550161809544,-1.5444976259766212e-14,1
0.0034492318518459797,-4.22877531602861e-12,10.675575161840243,-1.458602651434593e-14,1
0.008562173694372177,-5.394761026789041e-12,10.67755516187026,-4.6190880950997364e-14,1
0.013284128159284592,-6.613852694681288e-12,10.679580161900958,-8.785926682277598e-14,1
0.01532533299177885,-7.43016759230386e-12,10.681605161931657,-1.1386979253678038e-13,1
0.015473349019885063,-7.502560205041586e-12,10.683585161961673,-1.160897325953089e-13,1
0.014012109488248825,-6.8909357386903736e-12,10.685610161992372,-9.655654604701631e-14,1
0.010365062393248081,-5.7508268980210886e-12,10.68763516202307,-5.96076796107579e-14,1
0.00451079523190856,-4.455086907023675e-12,10.689615162053087,-2.0095984777940648e-14,1
0.0030709663406014442,-4.189373674357011e-12,10.691640162083786,-1.2865425542152176e-14,1
0.006425394676625729,-4.918624101762914e-12,10.693665162114485,-3.1604101119790434e-14,1
0.012166708707809448,-6.280719867801654e-12,10.695645162144501,-7.641568910689419e-14,1
0.014868560247123241,-7.269065124132501e-12,10.6976701621752,-1.0808053273842648e-13,1
0.01559654250741005,-7.542653134018362e-12,10.699695162205899,-1.1763931022336702e-13,1
0.014691374264657497,-7.1447951721648195e-12,10.701675162235915,-1.0496685991859136e-13,1
0.011863849125802517,-6.147068964956759e-12,10.703700162266614,-7.292789876615003e-14,1
0.005811605136841536,-4.744175538529127e-12,10.705725162297313,-2.7571274929793835e-14,1
0.0030660016927868128,-4.171261426544337e-12,10.70770516232733,-1.2789094594841273e-14,1
0.004798139911144972,-4.5570175237485966e-12,10.709730162358028,-2.186520765648517e-14,1
0.010729053989052773,-5.8954056914029e-12,10.711755162388727,-6.32521259504307e-14,1
0.014400925487279892,-7.0459870576966566e-12,10.713735162418743,-1.0146873460222804e-13,1
0.015603679232299328,-7.538840211818165e-12,10.715760162449442,-1.1763364444877017e-13,1
0.01520400308072567,-7.358672698964952e-12,10.71778516248014,-1.1188128238511501e-13,1
0.012841629795730114,-6.449255192386705e-12,10.71981016251084,-8.281894763882026e-14,1
0.007742961402982473,-5.130498022948293e-12,10.721790162540856,-3.972524816976652e-14,1
0.003434957703575492,-4.218607234374172e-12,10.723815162571555,-1.4490737418072863e-14,1
0.0038203601725399494,-4.309167606075803e-12,10.725840162602253,-1.6462572299051317e-14,1
0.009463307447731495,-5.581767253265424e-12,10.72782016263227,-5.2821979619330455e-14,1
0.013569611124694347,-6.72633823639579e-12,10.729845162662969,-9.127379416105327e-14,1
0.015539444983005524,-7.482279552883941e-12,10.731870162693667,-1.1627047145950718e-13,1
0.01554037630558014,-7.501897540673763e-12,10.733850162723684,-1.1658231078797647e-13,1
0.013812271878123283,-6.7501698675087596e-12,10.735875162754382,-9.323518143354641e-14,1
0.009537161327898502,-5.556995835709344e-12,10.737900162785081,-5.2997965783620176e-14,1
0.004093741532415152,-4.363572871091126e-12,10.739880162815098,-1.786333949210577e-14,1
0.00342782074585557,-4.218925122451145e-12,10.741905162845796,-1.4461719059949285e-14,1
0.00736748892813921,-5.126754056006266e-12,10.743930162876495,-3.7771303744918953e-14,1
0.01274015847593546,-6.4266109794930415e-12,10.745910162906512,-8.187604234192816e-14,1
0.01536815520375967,-7.34691561060652e-12,10.74793516293721,-1.1290853937272573e-13,1
0.01579638198018074,-7.536933750718067e-12,10.74996016296791,-1.190562844856589e-13,1
0.014691374264657497,-7.06654439824872e-12,10.751940162997926,-1.0381724851249084e-13,1
0.011449898593127728,-5.995499235966761e-12,10.753965163028624,-6.864785826699419e-14,1
0.005433340556919575,-4.610718057351804e-12,10.755990163059323,-2.505160141753099e-14,1
0.0032708048820495605,-4.180476711329595e-12,10.758015163090022,-1.367352363671133e-14,1
0.0059183514676988125,-4.750848586060341e-12,10.759995163120038,-2.8117191702125048e-14,1
0.011635462753474712,-6.088601844922437e-12,10.762020163150737,-7.084369998733243e-14,1
0.014932792633771896,-7.1775515218808206e-12,10.764045163181436,-1.0718088849446018e-13,1
0.015838272869586945,-7.546990810070042e-12,10.766025163211452,-1.1953129979415435e-13,1
0.01524682529270649,-7.29416874123423e-12,10.768050163242151,-1.1121291645311912e-13,1
0.012741710059344769,-6.359648051235123e-12,10.77007516327285,-8.103279154831492e-14,1
0.00705035449936986,-4.9610649789644246e-12,10.772055163302866,-3.497726679610807e-14,1
0.00342782074585557,-4.193186596557208e-12,10.774080163333565,-1.4373492006922307e-14,1
0.004534068051725626,-4.4470737856072695e-12,10.776105163364264,-2.0163335174988457e-14,1
0.010252730920910835,-5.742579155254557e-12,10.77808516339428,-5.887711887085642e-14,1
0.014340415596961975,-6.908412644029971e-12,10.780110163424979,-9.906950843069671e-14,1
0.01572500914335251,-7.52485920796353e-12,10.782135163455678,-1.1832847984766683e-13,1
0.015637192875146866,-7.476035415732163e-12,10.784115163485694,-1.1690420773723261e-13,1
0.013655255548655987,-6.6287869290859724e-12,10.786140163516393,-9.05177794942595e-14,1
0.00905183982104063,-5.432753205636409e-12,10.788165163547092,-4.9176411804665785e-14,1
0.0038777668960392475,-4.298253593326695e-12,10.790145163577108,-1.6667625494984e-14,1
0.0035919733345508575,-4.242756753564114e-12,10.792170163607807,-1.5239869123787862e-14,1
0.008595066145062447,-5.348547993389019e-12,10.794195163638506,-4.597112378321964e-14,1
0.013358291238546371,-6.593723397146922e-12,10.796175163668522,-8.808087748550595e-14,1
0.01557513140141964,-7.433663060107953e-12,10.79820016369922,-1.157802789550606e-13,1
0.015760695561766624,-7.528672130163727e-12,10.80022516372992,-1.1865710942786753e-13,1
0.014304730109870434,-6.932561729539044e-12,10.802250163760618,-9.916842451107261e-14,1
0.010669784620404243,-5.817514438927196e-12,10.804230163790635,-6.207162608944502e-14,1
0.004812414292246103,-4.515073644822953e-12,10.806255163821334,-2.1728404938889687e-14,1
0.0033778611104935408,-4.199224301615345e-12,10.808280163852032,-1.4184396462665873e-14,1
0.006476905196905136,-4.919618531995518e-12,10.810260163882049,-3.1863902836672585e-14,1
0.012277799658477306,-6.264320659421507e-12,10.812285163912748,-7.691207405283772e-14,1
0.015175454318523407,-7.273195934409671e-12,10.814310163943446,-1.1037405265230413e-13,1
0.015912745147943497,-7.561248502319096e-12,10.816290163973463,-1.2032022041767322e-13,1
0.015032712370157242,-7.185177799962084e-12,10.818315164004161,-1.0801271119526921e-13,1
0.012292074039578438,-6.2026763933409335e-12,10.82034016403486,-7.62437574704921e-14,1
0.006268378347158432,-4.795610956953578e-12,10.822320164064877,-3.0060703883963533e-14,1
0.0034492318518459797,-4.1989064135383725e-12,10.824345164095575,-1.448300174449692e-14,1
0.004990841262042522,-4.548438015117284e-12,10.826370164126274,-2.2700532123690133e-14,1
0.0109825748950243,-5.8745447742425405e-12,10.82835016415629,-6.451762795729232e-14,1
0.014711543917655945,-7.035196643995212e-12,10.83037516418699,-1.0349860439748127e-13,1
0.015910573303699493,-7.556316683476894e-12,10.832400164217688,-1.2022533049842656e-13,1
0.015637192875146866,-7.397121110086502e-12,10.834380164247705,-1.1567020951924312e-13,1
0.013262717053294182,-6.507403990663185e-12,10.836405164278403,-8.630585787964324e-14,1
0.00827389769256115,-5.2147726241347225e-12,10.838430164309102,-4.314649518205933e-14,1
0.003639450529590249,-4.246528476081757e-12,10.840410164339119,-1.5455030311195823e-14,1
0.0038560451939702034,-4.302177104148486e-12,10.842435164369817,-1.6589389346060416e-14,1
0.009458653628826141,-5.537612902950517e-12,10.844460164400516,-5.237836237952737e-14,1
0.013790860772132874,-6.723796432822615e-12,10.846485164431215,-9.272694046522035e-14,1
0.015748905017971992,-7.494270828911631e-12,10.848465164461231,-1.180265594634875e-13,1
0.015939122065901756,-7.52263442510559e-12,10.85049016449193,-1.1990418835891268e-13,1
0.01413344033062458,-6.7911605158843535e-12,10.852515164522629,-9.598246192694515e-14,1
0.009984624572098255,-5.608292909936585e-12,10.854495164552645,-5.5996699196077256e-14,1
0.004612576216459274,-4.40036375393138e-12,10.856520164583344,-2.0297013195153334e-14,1
0.0037204409018158913,-4.23100009888655e-12,10.858545164614043,-1.5741185823484603e-14,1
0.007407828699797392,-5.085404319871145e-12,10.86052516464406,-3.7671804070815105e-14,1
0.01287731435149908,-6.401273608402924e-12,10.862550164674758,-8.243121250535928e-14,1
0.015582267194986343,-7.355177231160859e-12,10.864575164705457,-1.1461033688242833e-13,1
0.015935087576508522,-7.553290458373052e-12,10.866555164735473,-1.2036234494498078e-13,1
0.014911382459104061,-7.101925818264743e-12,10.868580164766172,-1.0589953207233114e-13,1
0.011813889257609844,-6.032676962142158e-12,10.87060516479687,-7.126937755768163e-14,1
0.005821535363793373,-4.663645337965594e-12,10.872585164826887,-2.7149576259156803e-14,1
0.0036133844405412674,-4.192233366007159e-12,10.874610164857586,-1.514815081584821e-14,1
0.005811605602502823,-4.724475151374197e-12,10.876635164888285,-2.7456786258611654e-14,1
0.011608155444264412,-6.050940564578111e-12,10.878615164918301,-7.024025865762778e-14,1
0.01495420467108488,-7.158804365275939e-12,10.880640164949,-1.0705422567859229e-13,1
0.016067590564489365,-7.558858920730938e-12,10.882665164979699,-1.2145265027304267e-13,1
0.015489485114812851,-7.324990440593648e-12,10.884690165010397,-1.1346033039572174e-13,1
0.013023159466683865,-6.390801516459321e-12,10.886670165040414,-8.322842726877481e-14,1
0.007460271008312702,-5.0241191415500985e-12,10.888695165071113,-3.74812903740151e-14,1
0.003670481499284506,-4.216065430800997e-12,10.890720165101811,-1.547499016352802e-14,1
0.004585268907248974,-4.427898152303822e-12,10.892700165131828,-2.0303103722223896e-14,1
0.010236594825983047,-5.721911659761769e-12,10.894725165162527,-5.85728912910494e-14,1
0.014347552321851254,-6.890617850613401e-12,10.896750165193225,-9.886350014155799e-14,1
0.015942534431815147,-7.536381241290968e-12,10.898730165223242,-1.2014901743056704e-13,1
0.015803517773747444,-7.497849563442571e-12,10.90075516525394,-1.184923988407492e-13,1
0.013897917233407497,-6.661515956907227e-12,10.90278016528464,-9.258119741811998e-14,1
0.00950054544955492,-5.5002005554249944e-12,10.904760165314656,-5.2254905358482375e-14,1
0.0041986252181231976,-4.326326623338428e-12,10.906785165345354,-1.8164624062586504e-14,1
0.003806085791438818,-4.2576914216496675e-12,10.908810165376053,-1.620513882427174e-14,1
0.008428120985627174,-5.310541503072974e-12,10.91079016540607,-4.475788628709341e-14,1
0.013562473468482494,-6.593833985768516e-12,10.912815165436768,-8.942869848756367e-14,1
0.015675049275159836,-7.432074053403959e-12,10.914840165467467,-1.1649812700374395e-13,1
0.016017010435461998,-7.545001949604835e-12,10.916820165497484,-1.2084837496240176e-13,1
0.014633036218583584,-6.994206429300487e-12,10.918845165528182,-1.0234647600020419e-13,1
0.011107318103313446,-5.894770348929823e-12,10.920870165558881,-6.547508941154354e-14,1
0.0051264455541968346,-4.543353974290065e-12,10.92289516558958,-2.3291256782641824e-14,1
0.0035277395509183407,-4.211713009599771e-12,10.924875165619596,-1.485782656108243e-14,1
0.006553861778229475,-4.888755199272676e-12,10.926900165650295,-3.2040225843633814e-14,1
0.01242767833173275,-6.2576480455711625e-12,10.928925165680994,-7.776803702355453e-14,1
0.015391428954899311,-7.279413183347572e-12,10.93090516571101,-1.1204057084485158e-13,1
0.01596767082810402,-7.572205015793365e-12,10.932930165741709,-1.2091047713510665e-13,1
0.015089808963239193,-7.225850126579836e-12,10.934955165772408,-1.0903669800708746e-13,1
0.012606105767190456,-6.267125273601293e-12,10.936935165802424,-7.900404405525032e-14,1
0.006632369942963123,-4.8604744361246954e-12,10.938960165833123,-3.2236464558694065e-14,1
0.0035277397837489843,-4.217654003824123e-12,10.940985165863822,-1.487878582337855e-14,1
0.005017217248678207,-4.542953253167115e-12,10.942965165893838,-2.2792983421728823e-14,1
0.010907480493187904,-5.8649014464395854e-12,10.944990165924537,-6.39712981215093e-14,1
0.014740092679858208,-7.034879189599108e-12,10.947015165955236,-1.0369477124629665e-13,1
0.01592019386589527,-7.567216818438194e-12,10.948995165985252,-1.2047155877479926e-13,1
0.015646502375602722,-7.428261131203762e-12,10.951020166015951,-1.1622630543597702e-13,1
0.013348362408578396,-6.546170723542577e-12,10.95304516604665,-8.738065920627217e-14,1
0.008547279052436352,-5.288989298607438e-12,10.955025166076666,-4.520646744054739e-14,1
0.003913142252713442,-4.282158828916582e-12,10.957050166107365,-1.675669664626339e-14,1
0.0038274971302598715,-4.297728405794343e-12,10.959075166138064,-1.644954313981418e-14,1
0.009373938664793968,-5.509484361787553e-12,10.96105516616808,-5.1645568482038065e-14,1
0.013755175285041332,-6.694880327201558e-12,10.963080166198779,-9.20892524130323e-14,1
0.015789244323968887,-7.494354095638478e-12,10.965105166229478,-1.1833018786637282e-13,1
0.015981946140527725,-7.531849276209979e-12,10.967130166260176,-1.203736094709606e-13,1
0.014244530349969864,-6.83809172480343e-12,10.969110166290193,-9.740540510984023e-14,1
0.010322240181267262,-5.678378774132131e-12,10.971135166320892,-5.861358954680182e-14,1
0.004633987322449684,-4.4381768225798535e-12,10.97316016635159,-2.0566455130625062e-14,1
0.003639450529590249,-4.236581137989637e-12,10.975140166381607,-1.5418827466308444e-14,1
0.007374625653028488,-5.046044311562969e-12,10.977165166412306,-3.721268782637075e-14,1
0.01287731435149908,-6.395554225102629e-12,10.979190166443004,-8.235756220870466e-14,1
0.015451007522642612,-7.348711916765893e-12,10.98117016647302,-1.1354500310768323e-13,1
0.015939122065901756,-7.575382161839617e-12,10.98319516650372,-1.2074494097341638e-13,1
0.014961342327296734,-7.126075337454685e-12,10.985220166534418,-1.0661565257376613e-13,1
0.011786893010139465,-6.083766303233151e-12,10.987200166564435,-7.170870251490085e-14,1
0.00582587905228138,-4.709858371365616e-12,10.989225166595133,-2.7439065224951038e-14,1
0.003506328444927931,-4.211934620523827e-12,10.991250166625832,-1.4768426168119426e-14,1
0.00554598169401288,-4.6855293082959104e-12,10.993230166655849,-2.5985859770569953e-14,1
0.011449898593127728,-6.0171065179026595e-12,10.995255166686547,-6.889525945403334e-14,1
0.015004164539277554,-7.156580016098868e-12,10.997280166717246,-1.0737850410005302e-13,1
0.015994666144251823,-7.578490786308567e-12,10.999260166747263,-1.2121543000429402e-13,1
0.015496622771024704,-7.364392082265248e-12,11.001285166777961,-1.1412320603678567e-13,1
0.013177072629332542,-6.44035779567842e-12,11.00331016680866,-8.486506243254257e-14,1
0.007720618974417448,-5.093030597952408e-12,11.005290166838677,-3.9321348671840004e-14,1
0.0036918926052749157,-4.235766251636797e-12,11.007315166869375,-1.5637994102090937e-14,1
0.004362778272479773,-4.414027303389911e-12,11.009340166900074,-1.9257422413361986e-14,1
0.01028655469417572,-5.708883019095445e-12,11.011365166930773,-5.872473741857631e-14,1
0.014289215207099915,-6.876222681528876e-12,11.01334516696079,-9.825582570830777e-14,1
0.01605331525206566,-7.538840211818165e-12,11.015370166991488,-1.2102337855526645e-13,1
0.015939122065901756,-7.519139824663235e-12,11.017395167022187,-1.1984848749589043e-13,1
0.013924293220043182,-6.708778498010215e-12,11.019375167052203,-9.341499895461512e-14,1
0.00956570915877819,-5.5398372521275885e-12,11.021400167082902,-5.299247194081748e-14,1
0.004262859001755714,-4.35047614252837e-12,11.0234251671136,-1.854546638610054e-14,1
0.00380329298786819,-4.265759186855567e-12,11.025405167143617,-1.6223932003302088e-14,1
0.008281035348773003,-5.284678944450505e-12,11.027430167174316,-4.376261314591103e-14,1
0.013512514531612396,-6.5839833585101815e-12,11.029455167205015,-8.896617080776302e-14,1
0.015823377296328545,-7.434919867266299e-12,11.031435167235031,-1.1764554222772359e-13,1
0.01608186401426792,-7.565531534581282e-12,11.03346016726573,-1.216678493347919e-13,1
0.014882834628224373,-7.03615030822613e-12,11.035485167296429,-1.0471786145665944e-13,1
0.011518786661326885,-5.96904253455377e-12,11.037465167326445,-6.875612752791079e-14,1
0.005483299493789673,-4.5878396567888835e-12,11.039490167357144,-2.515649886765867e-14,1
0.003748989198356867,-4.225280281905386e-12,11.041515167387843,-1.584053013689355e-14,1
0.006499247159808874,-4.849988466393285e-12,11.04349516741786,-3.152127376531235e-14,1
0.012370581738650799,-6.230003492257996e-12,11.045520167448558,-7.706876743305747e-14,1
0.01536815520375967,-7.262392076601287e-12,11.047545167479257,-1.1160956858376307e-13,1
0.016203194856643677,-7.587775026351995e-12,11.049570167509955,-1.2294619728035598e-13,1
0.015413770452141762,-7.2681396491580674e-12,11.051550167539972,-1.1202943616623261e-13,1
0.012970096431672573,-6.32914337259094e-12,11.05357516757067,-8.208959987238586e-14,1
0.006989223416894674,-4.907184901481454e-12,11.05560016760137,-3.429741162446616e-14,1
0.003840529825538397,-4.2299497238218464e-12,11.057580167631386,-1.6245248074865706e-14,1
0.005083623342216015,-4.538905709616792e-12,11.059605167662085,-2.3074087013525467e-14,1
0.011043084785342216,-5.8585462869853444e-12,11.061630167692783,-6.469642336603099e-14,1
0.014899901114404202,-7.024766185415032e-12,11.0636101677228,-1.0466832151449439e-13,1
0.016217468306422234,-7.57665284678577e-12,11.065635167753499,-1.22874127411512e-13,1
0.01588202640414238,-7.45622400627477e-12,11.067660167784197,-1.1841994654285617e-13,1
0.013641293160617352,-6.588749511260428e-12,11.069640167814214,-8.987906364497779e-14,1
0.009058976545929909,-5.363482227793703e-12,11.071665167844913,-4.8587659706095055e-14,1
0.004105843137949705,-4.298999524421365e-12,11.073690167875611,-1.7651017697394508e-14,1
0.003952241037040949,-4.295269435267146e-12,11.075670167905628,-1.6975940127210516e-14,1
0.009408693760633469,-5.480416467862348e-12,11.077695167936326,-5.1563560226849385e-14,1
0.013905053958296776,-6.698693249401755e-12,11.079720167967025,-9.314569108300976e-14,1
0.0161361675709486,-7.501566208489852e-12,11.081700167997042,-1.210465293847578e-13,1
0.01606045290827751,-7.55727078138868e-12,11.08372516802774,-1.213731914995945e-13,1
0.014490294270217419,-6.893159654186576e-12,11.08575016805844,-9.988391184075362e-14,1
0.010744258761405945,-5.744900648946283e-12,11.087730168088456,-6.17246991308478e-14,1
0.005012252368032932,-4.491559901786957e-12,11.089755168119154,-2.251283175389344e-14,1
0.0039060048293322325,-4.2551491843956235e-12,11.091780168149853,-1.6620633263778416e-14,1
0.007189061492681503,-5.026978833200246e-12,11.093805168180552,-3.6139259954284884e-14,1
0.013023159466683865,-6.375880726161576e-12,11.095785168210568,-8.303411143735832e-14,1
0.015603679232299328,-7.353588224456864e-12,11.097810168241267,-1.1474303186083846e-13,1
0.016131823882460594,-7.591270494156088e-12,11.099835168271966,-1.2246103865584562e-13,1
0.015138217248022556,-7.158721098549092e-12,11.101815168301982,-1.0837027520783885e-13,1
0.012177880853414536,-6.138807344402419e-12,11.103840168332681,-7.475766442219875e-14,1
0.0061256373301148415,-4.744175538529127e-12,11.10586516836338,-2.9061098779431704e-14,1
0.0037213717587292194,-4.2282921955405506e-12,11.107845168393396,-1.573504716413977e-14,1
0.005576081573963165,-4.660923556831786e-12,11.109870168424095,-2.5989689962900582e-14,1
0.011435624212026596,-6.007574212402167e-12,11.111895168454794,-6.870036111889283e-14,1
0.014981822110712528,-7.138495090180941e-12,11.11387516848481,-1.0694766357928564e-13,1
0.01606045290827751,-7.591587948552192e-12,11.115900168515509,-1.2192434074676956e-13,1
0.015632227063179016,-7.39267241173236e-12,11.117925168546208,-1.1556393374389948e-13,1
0.01329126488417387,-6.487952102646188e-12,11.119905168576224,-8.623308995210331e-14,1
0.007909907028079033,-5.147408107392115e-12,11.121930168606923,-4.0715519565051885e-14,1
0.0038489082362502813,-4.2589621065958205e-12,11.123955168637622,-1.6392354329954502e-14,1
0.004324610345065594,-4.391756489724452e-12,11.125935168667638,-1.8992635548471323e-14,1
0.010079579427838326,-5.6678928044007204e-12,11.127960168698337,-5.712997571043038e-14,1
0.014297593384981155,-6.832468618656051e-12,11.129985168729036,-9.768785812518809e-14,1
0.01614609733223915,-7.546148601822456e-12,11.132010168759734,-1.2184084980856575e-13,1
0.0160765890032053,-7.545996813518308e-12,11.133990168789751,-1.2131388939043065e-13,1
0.014219085685908794,-6.762880186417242e-12,11.13601516882045,-9.61619728542016e-14,1
0.0098583297803998,-5.578921005722215e-12,11.138040168851148,-5.499884309320931e-14,1
0.004600163549184799,-4.3791567594375636e-12,11.140020168881165,-2.0144837300930906e-14,1
0.003991649951785803,-4.279616591662538e-12,11.142045168911864,-1.7082731361771493e-14,1
0.008359543047845364,-5.260211970864459e-12,11.144070168942562,-4.3972968411232947e-14,1
0.013499791733920574,-6.5536031462754e-12,11.146050168972579,-8.847227758148451e-14,1
0.015910573303699493,-7.426672124499767e-12,11.148075169003278,-1.181626112393952e-13,1
0.016174646094441414,-7.585232789097951e-12,11.150100169033976,-1.2268845590761213e-13,1
0.015063743107020855,-7.085443343157749e-12,11.152080169063993,-1.0673329832067934e-13,1
0.011685422621667385,-6.002489737894079e-12,11.154105169094692,-7.01416293695138e-14,1
0.0056902747601270676,-4.625334837360384e-12,11.15613016912539,-2.631942608216823e-14,1
0.00380329298786819,-4.228623094043593e-12,11.158110169155407,-1.6082692561913487e-14,1
0.006496764719486237,-4.849035235843235e-12,11.160135169186105,-3.1503041043771954e-14,1
0.01238485611975193,-6.212526586918399e-12,11.162160169216804,-7.69412479191179e-14,1
0.015398875810205936,-7.250566032984684e-12,11.16414016924682,-1.1165056589562867e-13,1
0.01623174175620079,-7.60175603020663e-12,11.16616516927752,-1.2338974077595611e-13,1
0.015632227063179016,-7.318635281139407e-12,11.168190169308218,-1.144065685073642e-13,1
0.013105080462992191,-6.388480456448464e-12,11.170170169338235,-8.37215504180102e-14,1
0.007246158551424742,-4.977091221797236e-12,11.172195169368933,-3.606479211804706e-14,1
0.0038274971302598715,-4.247840794391333e-12,11.174220169399632,-1.625859845033364e-14,1
0.005033663474023342,-4.527148621258359e-12,11.17624516943033,-2.2788142656303335e-14,1
0.010952785611152649,-5.857634689798719e-12,11.178225169460347,-6.415741694581602e-14,1
0.01479005254805088,-7.00914109738604e-12,11.180250169491046,-1.0366556514704255e-13,1
0.016181783750653267,-7.593812731410132e-12,11.182275169521745,-1.2288143546263638e-13,1
0.016039351001381874,-7.498581616749433e-12,11.184255169551761,-1.2027238256355374e-13,1
0.01382654532790184,-6.6376843257942575e-12,11.18628016958246,-9.177624320289787e-14,1
0.009251678362488747,-5.417818537550856e-12,11.188305169613159,-5.012391453574968e-14,1
0.004168215207755566,-4.331410664165647e-12,11.190285169643175,-1.8054251801409884e-14,1
0.004070158116519451,-4.305672571952579e-12,11.192310169673874,-1.752476816580797e-14,1
0.009201718494296074,-5.469612610053964e-12,11.194335169704573,-5.0329835510568584e-14,1
0.014073241502046585,-6.685900097447295e-12,11.19631516973459,-9.409228672993258e-14,1
0.01596767082810402,-7.500391800696615e-12,11.198340169765288,-1.1976378735533392e-13,1
0.016238879412412643,-7.576335392389666e-12,11.200365169795987,-1.230311968250098e-13,1
0.014654136262834072,-6.94585231345024e-12,11.202345169826003,-1.017854662628211e-13,1
0.011035948060452938,-5.820415330259898e-12,11.204370169856702,-6.423380127501227e-14,1
0.005197816528379917,-4.5239706078503694e-12,11.2063951698874,-2.351476919938959e-14,1
0.0038777668960392475,-4.261117500514722e-12,11.208375169917417,-1.652362038362949e-14,1
0.0070891426876187325,-4.992025456201921e-12,11.210400169948116,-3.538918075924041e-14,1
0.01287731435149908,-6.35710538030021e-12,11.212425169978815,-8.186244434773191e-14,1
0.01568218693137169,-7.356766237864854e-12,11.214450170009513,-1.1537018335260067e-13,1
0.016262773424386978,-7.610653426914915e-12,11.21643017003953,-1.2377033229345156e-13,1
0.015332469716668129,-7.2071029699749545e-12,11.218455170070229,-1.1050268803204992e-13,1
0.012441951781511307,-6.184882033605232e-12,11.220480170100927,-7.69520040364519e-14,1
0.006402431055903435,-4.785663618861458e-12,11.222460170130944,-3.0639881376505815e-14,1
0.0038203601725399494,-4.2424388654871414e-12,11.224485170161643,-1.6207644476142643e-14,1
0.005511847790330648,-4.655204173531491e-12,11.226510170192341,-2.565877683741756e-14,1
0.011548575945198536,-5.979321204829802e-12,11.228490170222358,-6.905264503471298e-14,1
0.015175454318523407,-7.1289354627857016e-12,11.230515170253057,-1.0818483445520594e-13,1
0.01638875901699066,-7.60906442021092e-12,11.232540170283755,-1.2470312312759454e-13,1
0.015853166580200195,-7.423978098941575e-12,11.234520170313772,-1.1769356149027875e-13,1
0.0135767487809062,-6.525833692871963e-12,11.23654517034447,-8.859960463409603e-14,1
0.008316720835864544,-5.1931649085179554e-12,11.23857017037517,-4.319010279875187e-14,1
0.004086293745785952,-4.281011743018093e-12,11.240550170405186,-1.7493471511131048e-14,1
0.004484108649194241,-4.373036655014317e-12,11.242575170435885,-1.960917148799315e-14,1
0.010279417969286442,-5.657088946592337e-12,11.244600170466583,-5.815158177145298e-14,1
0.014520084485411644,-6.799297236348423e-12,11.2465801704966,-9.8726370313205e-14,1
0.01638875901699066,-7.548055062922554e-12,11.248605170527298,-1.2370325547321402e-13,1
0.016488678753376007,-7.570298554693267e-12,11.250630170557997,-1.2482422093548396e-13,1
0.014676479622721672,-6.8218447384083e-12,11.252610170588014,-1.0012066529262047e-13,1
0.010493529960513115,-5.6281732746521485e-12,11.254635170618712,-5.905940488052153e-14,1
0.005047937855124474,-4.424831161198295e-12,11.256660170649411,-2.2336272721147254e-14,1
0.004369915463030338,-4.2910553582631294e-12,11.25868517068011,-1.8751549162793237e-14,1
0.008636647835373878,-5.230301001329929e-12,11.260665170710126,-4.517226782148996e-14,1
0.013819409534335136,-6.520114309571667e-12,11.262690170740825,-9.010412985464966e-14,1
0.01631738804280758,-7.429532683511653e-12,11.264715170771524,-1.2123056777358115e-13,1
0.016620246693491936,-7.605016442979728e-12,11.26669517080154,-1.2639724939038563e-13,1
0.01553230918943882,-7.119719744319575e-12,11.268720170832239,-1.1058568841092394e-13,1
0.012213565409183502,-6.037760569288508e-12,11.270745170862938,-7.374258363799422e-14,1
0.006141772959381342,-4.666961261889924e-12,11.272725170892954,-2.866341648075576e-14,1
0.0042414478957653046,-4.249429801095328e-12,11.274750170923653,-1.8023735088058156e-14,1
0.006875030230730772,-4.835689574461677e-12,11.276775170954352,-3.324551201085365e-14,1
0.012553973123431206,-6.172627946970932e-12,11.278755170984368,-7.749100534721342e-14,1
0.015896299853920937,-7.24396237439251e-12,11.280780171015067,-1.151521980338644e-13,1
0.016788434237241745,-7.616055355819107e-12,11.282805171045766,-1.2786164448836185e-13,1
0.016210641711950302,-7.36396447292842e-12,11.284785171075782,-1.1937458965017355e-13,1
0.013683805242180824,-6.427011700615992e-12,11.286810171106481,-8.794597640044661e-14,1
0.007967003621160984,-5.0317449859504926e-12,11.28883517113718,-4.00879305238262e-14,1
0.004205452278256416,-4.265427854671655e-12,11.290815171167196,-1.793805328916729e-14,1
0.005333421286195517,-4.51062538014968e-12,11.292840171197895,-2.4057065416544046e-14,1
0.011150142177939415,-5.82073365201774e-12,11.294865171228594,-6.490200779991433e-14,1
0.01511835865676403,-6.99770189710458e-12,11.296890171259292,-1.0579376705354511e-13,1
0.016605352982878685,-7.597721930763246e-12,11.298870171289309,-1.2616285452608227e-13,1
0.01642444357275963,-7.53216759796782e-12,11.300895171320008,-1.237116616933909e-13,1
0.014311867766082287,-6.674543730211813e-12,11.302920171350706,-9.552518726572507e-14,1
0.0097537562251091,-5.477322154862074e-12,11.304900171380723,-5.342446506491395e-14,1
0.00466253561899066,-4.3587377630827095e-12,11.306925171411422,-2.0322770074212805e-14,1
0.004448423162102699,-4.317111772234039e-12,11.30895017144212,-1.9204340000992132e-14,1
0.00947820208966732,-5.442507122060958e-12,11.310930171472137,-5.158518237734744e-14,1
0.014304730109870434,-6.6812163440621575e-12,11.312955171502836,-9.55729966074644e-14,1
0.016395896673202515,-7.509924973558846e-12,11.314980171533534,-1.2313195388997396e-13,1
0.016545774415135384,-7.597721930763246e-12,11.31696017156355,-1.2571019313533552e-13,1
0.015196865424513817,-6.999290903808575e-12,11.31898517159425,-1.063672819322026e-13,1
0.011528406292200089,-5.872209836443876e-12,11.321010171624948,-6.769722082757883e-14,1
0.005717271938920021,-4.5691475776543644e-12,11.322990171654965,-2.6123059230507685e-14,1
0.004148665815591812,-4.271354971108199e-12,11.325015171685664,-1.7720424354894737e-14,1
0.00738890003412962,-4.9793151372934386e-12,11.327040171716362,-3.679166178788962e-14,1
0.013201896101236343,-6.333108083095285e-12,11.329020171746379,-8.360903491092401e-14,1
0.01596767082810402,-7.344055918956371e-12,11.331045171777077,-1.172674674570843e-13,1
0.016652829945087433,-7.630036359673742e-12,11.333070171807776,-1.270616979724808e-13,1
0.01580103486776352,-7.260513371076804e-12,11.335050171837793,-1.1472362493424784e-13,1
0.013005781918764114,-6.2716290494257976e-12,11.337075171868491,-8.156743969221781e-14,1
0.007074868306517601,-4.8566615139244984e-12,11.33910017189919,-3.4360240620348224e-14,1
0.004334229975938797,-4.261821798245968e-12,11.341125171929889,-1.8471715790067064e-14,1
0.005985377822071314,-4.63612481738096e-12,11.343105171959905,-2.7748958662306418e-14,1
0.011863849125802517,-5.9557792725373204e-12,11.345130171990604,-7.065846671596464e-14,1
0.015667913481593132,-7.126710679927761e-12,11.347155172021303,-1.1166068634145393e-13,1
0.016761748120188713,-7.624247587434407e-12,11.34913517205132,-1.27795717666532e-13,1
0.016438718885183334,-7.453364314624622e-12,11.351160172082018,-1.2252376071697131e-13,1
0.01411202922463417,-6.552525449315949e-12,11.353185172112717,-9.246943063590582e-14,1
0.009038806892931461,-5.264453369763222e-12,11.355165172142733,-4.758437740613207e-14,1
0.004612576216459274,-4.3088501516796995e-12,11.357190172173432,-1.987489972992472e-14,1
0.004862373694777489,-4.37748535336846e-12,11.35921517220413,-2.128496963149254e-14,1
0.010431468486785889,-5.6271918548456146e-12,11.361195172234147,-5.869987450292026e-14,1
0.01479005254805088,-6.786393929453238e-12,11.363220172264846,-1.0037112282838689e-13,1
0.01671706512570381,-7.563943395239026e-12,11.365245172295545,-1.26446934345348e-13,1
0.016746852546930313,-7.589763886817202e-12,11.367225172325561,-1.2710465667854438e-13,1
0.015039850026369095,-6.860113171969218e-12,11.36925017235626,-1.0317507327033621e-13,1
0.010857521556317806,-5.667574916323748e-12,11.371275172386959,-6.153581682603118e-14,1
0.005456612911075354,-4.467686637310564e-12,11.373255172416975,-2.4378436587787654e-14,1
0.00454834196716547,-4.2974109513982395e-12,11.375280172447674,-1.9546094580401103e-14,1
0.008423777297139168,-5.170286941635904e-12,11.377305172478373,-4.355334575864763e-14,1
0.013840819709002972,-6.4956473359856215e-12,11.379330172509071,-8.990508367064244e-14,1
0.016515985131263733,-7.433262338985003e-12,11.381310172539088,-1.2276765026745898e-13,1
0.016902629286050797,-7.62685921362749e-12,11.383335172569787,-1.2891397390484637e-13,1
0.0157035980373621,-7.1495890804906814e-12,11.385360172600485,-1.1227427305233896e-13,1
0.012613553553819656,-6.076140458832757e-12,11.387340172630502,-7.664172307801732e-14,1
0.006625232752412558,-4.716530985215961e-12,11.3893651726612,-3.124811556102145e-14,1
0.004491245374083519,-4.265635154127034e-12,11.3913901726919,-1.915801415350108e-14,1
0.006864169612526894,-4.796937153050962e-12,11.393370172721916,-3.292699023917368e-14,1
0.012663202360272408,-6.140713805502518e-12,11.395395172752615,-7.776110155559684e-14,1
0.015960533171892166,-7.244598150546455e-12,11.397420172783313,-1.1562764909882533e-13,1
0.017000064253807068,-7.631210767466978e-12,11.39940017281333,-1.2973107338128298e-13,1
0.01633879914879799,-7.393308187886305e-12,11.401425172844029,-1.2079777752703796e-13,1
0.013890779577195644,-6.464507314868362e-12,11.403450172874727,-8.979704618600529e-14,1
0.008316409774124622,-5.090046439892859e-12,11.405430172904744,-4.233091196347321e-14,1
0.004519794136285782,-4.281840507158741e-12,11.407455172935443,-1.9353037616767014e-14,1
0.005469025578349829,-4.510942834545784e-12,11.409480172966141,-2.467046174460477e-14,1
0.011310259811580181,-5.791320548120815e-12,11.411460172996158,-6.550134005138936e-14,1
0.015275373123586178,-6.963701750656304e-12,11.413485173026857,-1.0637314256264532e-13,1
0.016902629286050797,-7.603662491306729e-12,11.415510173057555,-1.2852188830680707e-13,1
0.016761748120188713,-7.570864074546435e-12,11.417490173087572,-1.2690091666973297e-13,1
0.014761503785848618,-6.734282402554026e-12,11.41951517311827,-9.940813518027498e-14,1
0.010258005931973457,-5.548098439001059e-12,11.42154017314897,-5.691242669844554e-14,1
0.005040800664573908,-4.3844758552957774e-12,11.423565173179668,-2.2101268805183208e-14,1
0.004808690398931503,-4.3271003100087135e-12,11.425545173209684,-2.0807685715952432e-14,1
0.009515750221908092,-5.402248960673095e-12,11.427570173240383,-5.1406451746327766e-14,1
0.014476019889116287,-6.6824878963700485e-12,11.429595173271082,-9.673582769663168e-14,1
0.01661280170083046,-7.519470289485408e-12,11.431575173301098,-1.249194688145073e-13,1
0.016874078661203384,-7.615102125269058e-12,11.433600173331797,-1.2849783227488715e-13,1
0.015446662902832031,-7.039645776030223e-12,11.435625173362496,-1.0873903525768426e-13,1
0.011935840360820293,-5.940195817871752e-12,11.437605173392512,-7.090122899412957e-14,1
0.006118500139564276,-4.61453141323287e-12,11.439630173423211,-2.8234011095889047e-14,1
0.00454834196716547,-4.278345473035516e-12,11.44165517345391,-1.9459378265039844e-14,1
0.007489750161767006,-4.96603843117005e-12,11.443635173483926,-3.719438714319705e-14,1
0.013369772583246231,-6.326600701656027e-12,11.445660173514625,-8.458521260614711e-14,1
0.01623174175620079,-7.347233932364361e-12,11.447685173545324,-1.1925840381253393e-13,1
0.016977721825242043,-7.642815200159525e-12,11.44966517357534,-1.2975759043004e-13,1
0.016138959676027298,-7.294486195630334e-12,11.451690173606039,-1.1772541856861574e-13,1
0.013533925637602806,-6.32183454890578e-12,11.453715173636738,-8.555923867811911e-14,1
0.007519539445638657,-4.9182923358981334e-12,11.455695173666754,-3.6983293224968304e-14,1
0.004498382564634085,-4.286607093589856e-12,11.457720173697453,-1.9282798611241396e-14,1
0.006004306487739086,-4.614213525155897e-12,11.459745173728152,-2.770515220490699e-14,1
0.012028001248836517,-5.951966350337123e-12,11.46177017375885,-7.159025869488785e-14,1
0.015868062153458595,-7.115948455482801e-12,11.463750173788867,-1.1291631237240878e-13,1
0.017073918133974075,-7.637344749678032e-12,11.465775173819566,-1.3039939901693945e-13,1
0.016702789813280106,-7.479419861233794e-12,11.467800173850264,-1.249271778674607e-13,1
0.014408373273909092,-6.596375789341691e-12,11.469780173880281,-9.504304462781181e-14,1
0.009644217789173126,-5.334566989534384e-12,11.47180517391098,-5.1447725858003236e-14,1
0.004869510885328054,-4.335541474442817e-12,11.473830173941678,-2.111196640359054e-14,1
0.004890611860901117,-4.368878089161532e-12,11.475810173971695,-2.1366487001684397e-14,1
0.010457845404744148,-5.591948779026801e-12,11.477835174002394,-5.847973584231008e-14,1
0.014768640510737896,-6.784169580276167e-12,11.479860174033092,-1.0019296169498231e-13,1
0.016806432977318764,-7.56257469841648e-12,11.481840174063109,-1.2709990480490323e-13,1
0.016938313841819763,-7.608428644056975e-12,11.483865174093808,-1.2887395221612823e-13,1
0.015239687636494637,-6.893795430340521e-12,11.485890174124506,-1.0505928898828367e-13,1
0.011384733952581882,-5.741252959157173e-12,11.487870174154523,-6.536263749447787e-14,1
0.005747371818870306,-4.507765254818663e-12,11.489895174185222,-2.5907802991627508e-14,1
0.004719632212072611,-4.309167606075803e-12,11.49192017421592,-2.033768624085518e-14,1
0.008286620490252972,-5.120550684856173e-12,11.493900174245937,-4.243206022650805e-14,1
0.013919327408075333,-6.4533855689830055e-12,11.495925174276636,-8.982678662522297e-14,1
0.016545774415135384,-7.424130754607461e-12,11.497950174307334,-1.2283799269420387e-13,1
0.017141563817858696,-7.638173080137811e-12,11.49993017433735,-1.3093023130503261e-13,1
0.016067590564489365,-7.195028427220418e-12,11.50195517436805,-1.1560677086843954e-13,1
0.012891588732600212,-6.134040757971304e-12,11.503980174398748,-7.907753072077333e-14,1
0.00695353839546442,-4.750530697983368e-12,11.506005174429447,-3.3032997607259744e-14,1
0.00463740061968565,-4.2773644869098515e-12,11.507985174459463,-1.9835852722217137e-14,1
0.0067679742351174355,-4.7772224544273545e-12,11.510010174490162,-3.233211848698881e-14,1
0.012684613466262817,-6.1156110557625265e-12,11.512035174520861,-7.757416235235111e-14,1
0.016128720715641975,-7.23962469834083e-12,11.514015174550877,-1.1676588484560303e-13,1
0.01719524897634983,-7.647195376936367e-12,11.516040174581576,-1.3149542847721221e-13,1
0.01664569228887558,-7.426354670103663e-12,11.518065174612275,-1.236168146665997e-13,1
0.014237082563340664,-6.499888301203516e-12,11.520045174642291,-9.253944639672654e-14,1
0.008744945749640465,-5.138193256287726e-12,11.52207017467299,-4.493322127740465e-14,1
0.004726769402623177,-4.30058853112536e-12,11.524095174703689,-2.0327890282195502e-14,1
0.005531087052077055,-4.482938759792221e-12,11.526075174733705,-2.4795524529541125e-14,1
0.011357116512954235,-5.7752943052880035e-12,11.528100174764404,-6.559069032175694e-14,1
0.015375292859971523,-6.947178509547625e-12,11.530125174795103,-1.068149041347952e-13,1
0.017014959827065468,-7.609658563001442e-12,11.53210517482512,-1.2947803474715428e-13,1
0.016988273710012436,-7.592541179102241e-12,11.534130174855818,-1.2898416770512943e-13,1
0.015011301264166832,-6.771141806971581e-12,11.536155174886517,-1.0164364956684538e-13,1
0.010699573904275894,-5.611276634315265e-12,11.538135174916533,-6.003826904619268e-14,1
0.0053548323921859264,-4.420699917240256e-12,11.540160174947232,-2.3672107112971768e-14,1
0.00489805918186903,-4.3371304811468114e-12,11.54218517497793,-2.1243521776145184e-14,1
0.009522886946797371,-5.381594475606377e-12,11.54421017500863,-5.124831578470881e-14,1
0.01457221619784832,-6.672969034976495e-12,11.546190175038646,-9.723994745922475e-14,1
0.01682411879301071,-7.50102757685056e-12,11.548215175069345,-1.2619817902258312e-13,1
0.01695258729159832,-7.631307044619895e-12,11.550240175100043,-1.2937039882290796e-13,1
0.015778692439198494,-7.084448912925145e-12,11.55222017513006,-1.1178334049825998e-13,1
0.012391993775963783,-6.005985205698172e-12,11.554245175160759,-7.442613128754231e-14,1
0.006289789453148842,-4.646942552977151e-12,11.556270175191457,-2.922829025910424e-14,1
0.004696979653090239,-4.289301119148048e-12,11.558250175221474,-2.014676008261557e-14,1
0.007531641982495785,-4.941502068644965e-12,11.560275175252173,-3.7217624436796186e-14,1
0.01333408709615469,-6.3189748572556326e-12,11.562300175282871,-8.425776110505825e-14,1
0.016210641711950302,-7.342742733285057e-12,11.564280175312888,-1.1903057163231072e-13,1
0.01699541136622429,-7.652914760236662e-12,11.566305175343587,-1.300644345008718e-13,1
0.016181781888008118,-7.332298830597939e-12,11.568330175374285,-1.1864966041443282e-13,1
0.013648740015923977,-6.388149124264553e-12,11.570310175404302,-8.719018658003931e-14,1
0.007795713376253843,-4.979950479766515e-12,11.572335175435,-3.8822266568197566e-14,1
0.004541205242276192,-4.294233371671119e-12,11.5743601754657,-1.950099509899025e-14,1
0.005784298293292522,-4.5867207601468785e-12,11.576340175495716,-2.653096106472697e-14,1
0.01170683279633522,-5.921462105373809e-12,11.578365175526415,-6.932156677744631e-14,1
0.01561795361340046,-7.098112896064546e-12,11.580390175557113,-1.1085799795341567e-13,1
0.016985168680548668,-7.642483867975614e-12,11.58237017558713,-1.2980887763593783e-13,1
0.016652829945087433,-7.522635292467328e-12,11.584395175617828,-1.2527316626437148e-13,1
0.014447472058236599,-6.6478524074486955e-12,11.586420175648527,-9.604466190389593e-14,1
0.009758410975337029,-5.389220320006771e-12,11.588445175679226,-5.259022671926341e-14,1
0.004838480148464441,-4.358931184750281e-12,11.590425175709242,-2.1090602005936822e-14,1
0.004933744668960571,-4.367952614187098e-12,11.592450175739941,-2.1550362924517988e-14,1
0.010336514562368393,-5.581781131053232e-12,11.59447517577064,-5.769616194508485e-14,1
0.014996716752648354,-6.777745899244625e-12,11.596455175800656,-1.0164393547239555e-13,1
0.01688835397362709,-7.571887561397261e-12,11.598480175831355,-1.2787671738538098e-13,1
0.01699541136622429,-7.62240964791161e-12,11.600505175862054,-1.2954598756813466e-13,1
0.015443559736013412,-6.9465154114989325e-12,11.60248517589207,-1.0727892571462156e-13,1
0.0114998584613204,-5.794995559804672e-12,11.60451017592277,-6.664162872173391e-14,1
0.005890113301575184,-4.538269933462846e-12,11.606535175953468,-2.6730924101228235e-14,1
0.004786348436027765,-4.318479601694847e-12,11.608515175983484,-2.0669748087589937e-14,1
0.00818825326859951,-5.092118567084913e-12,11.610540176014183,-4.1695556501029296e-14,1
0.013919327408075333,-6.44766618568271e-12,11.612565176044882,-8.974717665649388e-14,1
0.01659790612757206,-7.414031194530324e-12,11.614545176074898,-1.2305739379370526e-13,1
0.01717383787035942,-7.652597305840558e-12,11.616570176105597,-1.3142446541765505e-13,1
0.016110412776470184,-7.220449065037382e-12,11.618595176136296,-1.1632441486923044e-13,1
0.013216790743172169,-6.202137328020774e-12,11.620575176166312,-8.197235122486753e-14,1
0.007146239280700684,-4.81217583142568e-12,11.622600176197011,-3.4388959952172667e-14,1
0.004712495021522045,-4.289148897163031e-12,11.62462517622771,-2.0212592824447554e-14,1
0.0066823288798332214,-4.754661941941407e-12,11.626650176258408,-3.177221480847897e-14,1
0.012576315551996231,-6.0850924993305355e-12,11.628630176288425,-7.652804343466623e-14,1
0.016153234988451004,-7.2096452072289985e-12,11.630655176319124,-1.1645909321572955e-13,1
0.017230933532118797,-7.645923824628476e-12,11.632680176349822,-1.317464052138168e-13,1
0.016717063263058662,-7.448514895147529e-12,11.634660176379839,-1.24517294718016e-13,1
0.014304730109870434,-6.5366375506803465e-12,11.636685176410538,-9.350483598852688e-14,1
0.008866275660693645,-5.180455023290342e-12,11.638710176441236,-4.5931342284317295e-14,1
0.004927848931401968,-4.3125112855757486e-12,11.640690176471253,-2.125140413028338e-14,1
0.005469025578349829,-4.468363613147064e-12,11.642715176501952,-2.443759489366895e-14,1
0.011250060051679611,-5.751780562252007e-12,11.64474017653265,-6.47078767294186e-14,1
0.015465902164578438,-6.908716654319136e-12,11.646720176562667,-1.0684953585849343e-13,1
0.017180973663926125,-7.608429511418713e-12,11.648745176593366,-1.3072022705952322e-13,1
0.017209522426128387,-7.609700196364866e-12,11.650770176624064,-1.3095930618545475e-13,1
0.015197796747088432,-6.823502700370465e-12,11.65275017665408,-1.0370220714343939e-13,1
0.010993125848472118,-5.6357991190525425e-12,11.65477517668478,-6.19550489724529e-14,1
0.005561807658523321,-4.446438443134193e-12,11.656800176715478,-2.4730235386176267e-14,1
0.004965085536241531,-4.3363841163712724e-12,11.658780176745495,-2.1530518055782518e-14,1
0.009351597167551517,-5.319314433371858e-12,11.660805176776194,-4.974408578843617e-14,1
0.014654448255896568,-6.621478539081682e-12,11.662830176806892,-9.703411462850211e-14,1
0.016851117834448814,-7.49725542065205e-12,11.664810176836909,-1.263371345283678e-13,1
0.01738794893026352,-7.647195376936367e-12,11.666835176867608,-1.3296904267391682e-13,1
0.016131823882460594,-7.125439994981608e-12,11.668860176898306,-1.149463430840842e-13,1
0.012827354483306408,-6.0431624981927e-12,11.670885176929005,-7.751778756454128e-14,1
0.00668543204665184,-4.666961261889924e-12,11.672865176959021,-3.120065238072161e-14,1
0.00487664807587862,-4.300270643048387e-12,11.67489017698972,-2.0970906557179234e-14,1
0.007674382999539375,-4.927838952867303e-12,11.676915177020419,-3.7818123484352745e-14,1
0.013462555594742298,-6.294646227866796e-12,11.678895177050435,-8.474202479189164e-14,1
0.01660287007689476,-7.321813294547397e-12,11.680920177081134,-1.2156311485665122e-13,1
0.017402224242687225,-7.662447065737155e-12,11.682945177111833,-1.333436220856787e-13,1
0.01667238026857376,-7.370264121231429e-12,11.68492517714185,-1.22879846108996e-13,1
0.014176263473927975,-6.4355912092473044e-12,11.686950177172548,-9.123263659278453e-14,1
0.00820966437458992,-5.0139506262147915e-12,11.688975177203247,-4.1162851831988394e-14,1
0.004875717218965292,-4.308200497737946e-12,11.690955177233263,-2.1005567349575746e-14,1
0.006032855249941349,-4.590699348439031e-12,11.692980177263962,-2.769502466513274e-14,1
0.012092235498130322,-5.907480667838305e-12,11.69500517729466,-7.143464743615297e-14,1
0.01584571972489357,-7.071849182638257e-12,11.696985177324677,-1.120585400848035e-13,1
0.017230933532118797,-7.650373390344356e-12,11.699010177355376,-1.3182307538491393e-13,1
0.017095329239964485,-7.55599922908079e-12,11.701035177386075,-1.2917229455805393e-13,1
0.0148105314001441,-6.69418947357725e-12,11.703015177416091,-9.914450339692997e-14,1
0.010315103456377983,-5.4848651662164905e-12,11.70504017744679,-5.657695163380692e-14,1
0.005219227634370327,-4.386064861999772e-12,11.707065177477489,-2.2891870933889886e-14,1
0.0051264455541968346,-4.365728265010027e-12,11.709090177508187,-2.2380668254992113e-14,1
0.010446363128721714,-5.550930375075591e-12,11.711070177538204,-5.798703440029105e-14,1
0.015061261132359505,-6.759702173009252e-12,11.713095177568903,-1.0180963960467033e-13,1
0.017123878002166748,-7.568073771835326e-12,11.715120177599601,-1.2959477198030607e-13,1
0.017223484814167023,-7.633199627932186e-12,11.717100177629618,-1.3147029787519537e-13,1
0.015696462243795395,-6.996430778477558e-12,11.719125177660317,-1.0981921155570101e-13,1
0.011799614876508713,-5.842023045876665e-12,11.721150177691015,-6.893362204103304e-14,1
0.006097089033573866,-4.580089345979088e-12,11.723130177721032,-2.7925212524157598e-14,1
0.004955155774950981,-4.315840653607017e-12,11.72515517775173,-2.1385662738489028e-14,1
0.008223938755691051,-5.075913214053207e-12,11.72718017778243,-4.17439994015765e-14,1
0.013998766429722309,-6.422632391200889e-12,11.729160177812446,-8.990893070839012e-14,1
0.016702789813280106,-7.407924967894886e-12,11.731185177843145,-1.2373301369129805e-13,1
0.01736653782427311,-7.664671848595095e-12,11.733210177873843,-1.33108813569268e-13,1
0.016344694420695305,-7.254213722773795e-12,11.73519017790386,-1.1856790656115216e-13,1
0.013505376875400543,-6.2512928861169215e-12,11.737215177934559,-8.442606638551939e-14,1
0.007467407733201981,-4.842044733915918e-12,11.739240177965257,-3.615752229055365e-14,1
0.004912953823804855,-4.303227045532321e-12,11.741220177995274,-2.1141555768048485e-14,1
0.006625232752412558,-4.705091784934501e-12,11.743245178025973,-3.1172328196655317e-14,1
0.012627515941858292,-6.048564427096892e-12,11.745270178056671,-7.637834372852297e-14,1
0.01618085242807865,-7.184915423036342e-12,11.747250178086688,-1.1625805616837735e-13,1
0.0173451267182827,-7.667848994641346e-12,11.749275178117387,-1.3299981246871075e-13,1
0.01688835397362709,-7.468934325183252e-12,11.751300178148085,-1.2613800668946834e-13,1
0.0146116241812706,-6.564918313828327e-12,11.753325178178784,-9.59241191824002e-14,1
0.009306913241744041,-5.226985511086468e-12,11.7553051782088,-4.86471006675349e-14,1
0.005019389558583498,-4.338083711696861e-12,11.7573301782395,-2.1774532086752368e-14,1
0.005504710599780083,-4.459148762042675e-12,11.759355178270198,-2.4546323456412547e-14,1
0.011235786601901054,-5.727990130821592e-12,11.761335178300214,-6.435847476770671e-14,1
0.015311058610677719,-6.870917029777601e-12,11.763360178330913,-1.0520101335202852e-13,1
0.017245206981897354,-7.613830572961167e-12,11.765385178361612,-1.3130208415581344e-13,1
0.017253275960683823,-7.632868295748274e-12,11.767365178391628,-1.316919830780994e-13,1
0.01536815520375967,-6.856618571526862e-12,11.769390178422327,-1.0537357838020575e-13,1
0.01108590792864561,-5.67202361467789e-12,11.771415178453026,-6.287953156142276e-14,1
0.005694929976016283,-4.46967593145664e-12,11.773395178483042,-2.5454491445130922e-14,1
0.005090760067105293,-4.350794030605343e-12,11.775420178513741,-2.2148848511205764e-14,1
0.009158896282315254,-5.287538636100653e-12,11.77744517854444,-4.842801795678054e-14,1
0.014467952772974968,-6.5804601351304726e-12,11.779425178574456,-9.520578645951215e-14,1
0.016874078661203384,-7.486728251238084e-12,11.781450178605155,-1.2633164142644508e-13,1
0.01730230450630188,-7.660858926394898e-12,11.783475178635854,-1.3255051392430542e-13,1
0.016158509999513626,-7.1815994991120125e-12,11.78545517866587,-1.160439473189035e-13,1
0.012848766520619392,-6.097498807949853e-12,11.787480178696569,-7.834533854310272e-14,1
0.0068036592565476894,-4.72161502604318e-12,11.789505178727268,-3.212425977779334e-14,1
0.004812414292246103,-4.312345619483793e-12,11.791530178757966,-2.075279369230868e-14,1
0.007467408198863268,-4.9159712758872764e-12,11.793510178787983,-3.670956421093697e-14,1
0.01333408709615469,-6.2462084116088334e-12,11.795535178818682,-8.328748698112623e-14,1
0.0163602102547884,-7.317046274435413e-12,11.79756017884938,-1.1970841549377948e-13,1
0.0172905120998621,-7.674977840765873e-12,11.799540178879397,-1.327042972219358e-13,1
0.016638556495308876,-7.411420435698979e-12,11.801565178910096,-1.2331533762986418e-13,1
0.014161989092826843,-6.469591355695581e-12,11.803590178940794,-9.162228221440765e-14,1
0.008420673198997974,-5.062857251492137e-12,11.805570178970811,-4.263266636799238e-14,1
0.004948019050061703,-4.32759774196545e-12,11.80759517900151,-2.1413036068249055e-14,1
0.006054266355931759,-4.584979965138736e-12,11.809620179032208,-2.7758689945560616e-14,1
0.011935840360820293,-5.8921179567350546e-12,11.811600179062225,-7.032737931871226e-14,1
0.015867751091718674,-7.05172031878476e-12,11.813625179092924,-1.1189494278689163e-13,1
0.017245206981897354,-7.65799923474475e-12,11.815650179123622,-1.3206378187038476e-13,1
0.017216037958860397,-7.587442826806345e-12,11.817630179153639,-1.3062570371698108e-13,1
0.015111221000552177,-6.738095324754223e-12,11.819655179184338,-1.0182084757514846e-13,1
0.010572037659585476,-5.535706441850419e-12,11.821680179215036,-5.852369697565254e-14,1
0.005493850447237492,-4.411982498092604e-12,11.823660179245053,-2.4238772020350036e-14,1
0.005204953718930483,-4.375578892268361e-12,11.825685179275752,-2.277468562778593e-14,1
0.010407885536551476,-5.509332573483405e-12,11.82771017930645,-5.734050280760985e-14,1
0.015160559676587582,-6.741935568849167e-12,11.829690179336467,-1.0221151652724624e-13,1
0.017309442162513733,-7.558858920730938e-12,11.831715179367166,-1.3083963130299314e-13,1
0.017516417428851128,-7.655456997490706e-12,11.833740179397864,-1.3409618037666653e-13,1
0.016067590564489365,-7.0355145320721846e-12,11.835765179428563,-1.1304376691185084e-13,1
0.012472052127122879,-5.915328123162755e-12,11.83774517945858,-7.377628070112183e-14,1
0.006518176756799221,-4.6186622235100394e-12,11.839770179489278,-3.010525675278975e-14,1
0.005169268231838942,-4.334270789496664e-12,11.841795179519977,-2.2405008300332592e-14,1
0.00848770048469305,-5.064846979319082e-12,11.843775179549993,-4.2988904161262705e-14,1
0.014169125817716122,-6.40921777456116e-12,11.845800179580692,-9.08130130408996e-14,1
0.017009684816002846,-7.413644351195181e-12,11.847825179611391,-1.2610375375176994e-13,1
0.017692672088742256,-7.685588276906685e-12,11.849805179641407,-1.359785931923916e-13,1
0.01673133857548237,-7.302747816184674e-12,11.851830179672106,-1.2218474624395026e-13,1
0.01403352152556181,-6.295460680538767e-12,11.853855179702805,-8.834748297366878e-14,1
0.008011067286133766,-4.898398093394762e-12,11.855835179732821,-3.9241396720454794e-14,1
0.005219227634370327,-4.323149043611307e-12,11.85786017976352,-2.2563498955917785e-14,1
0.006853619124740362,-4.702232093284353e-12,11.859885179794219,-3.222730780350155e-14,1
0.01276249997317791,-6.0254097718204225e-12,11.861865179824235,-7.689929205124406e-14,1
0.01640303246676922,-7.183588793258089e-12,11.863890179854934,-1.1783264020373194e-13,1
0.01763061061501503,-7.684690557507867e-12,11.865915179885633,-1.3548578691630397e-13,1
0.01720859296619892,-7.516155232922817e-12,11.86789517991565,-1.293424560741348e-13,1
0.014968479052186012,-6.621161084685578e-12,11.869920179946348,-9.91087109972653e-14,1
0.009794095531105995,-5.3069215688594795e-12,11.871945179977047,-5.1976496821496645e-14,1
0.005283461418002844,-4.3663640411639726e-12,11.873970180007746,-2.306951594844483e-14,1
0.005471507553011179,-4.4411609806394026e-12,11.875950180037762,-2.4299845849707026e-14,1
0.011264334432780743,-5.704116866345199e-12,11.87797518006846,-6.425308002617762e-14,1
0.015389567241072655,-6.869963799227552e-12,11.88000018009916,-1.0572576983194737e-13,1
0.01733519695699215,-7.636846884040427e-12,11.881980180129176,-1.3238624486523259e-13,1
0.017309442162513733,-7.650372522982618e-12,11.884005180159875,-1.324236807082519e-13,1
0.015603679232299328,-6.901421708421784e-12,11.886030180190573,-1.0768757058504074e-13,1
0.011429417878389359,-5.7283218966863725e-12,11.88801018022059,-6.547138469915647e-14,1
0.005954347085207701,-4.518251224550074e-12,11.890035180251289,-2.6903236009135857e-14,1
0.005147857125848532,-4.371130193914219e-12,11.892060180281987,-2.2501953716752986e-14,1
0.009076043032109737,-5.254837797535883e-12,11.894040180312004,-4.769313397719243e-14,1
0.014454609714448452,-6.564282103993513e-12,11.896065180342703,-9.488413586876475e-14,1
0.016924038529396057,-7.488634712338182e-12,11.898090180373401,-1.2673794240418416e-13,1
0.017387328669428825,-7.688240669101454e-12,11.900070180403418,-1.3367796740333636e-13,1
0.01623174175620079,-7.210280549702075e-12,11.902095180434117,-1.1703541187252156e-13,1
0.013077152892947197,-6.148657537979885e-12,11.904120180464815,-8.040693471053524e-14,1
0.006983327679336071,-4.77339565443935e-12,11.906100180494832,-3.333418599806883e-14,1
0.004869510885328054,-4.329186314988576e-12,11.90812518052553,-2.1081019885450116e-14,1
0.00730325561016798,-4.879222026410446e-12,11.91015018055623,-3.563420563763727e-14,1
0.013060396537184715,-6.211089802199421e-12,11.912130180586246,-8.111929574478862e-14,1
0.016438718885183334,-7.31164434553122e-12,11.914155180616945,-1.2019406598462802e-13,1
0.017309442162513733,-7.693905408612256e-12,11.916180180647643,-1.3317721067422543e-13,1
0.01684553176164627,-7.446373379016435e-12,11.918205180678342,-1.2543811926529863e-13,1
0.01434134691953659,-6.513814227587789e-12,11.920185180708359,-9.341686960724975e-14,1
0.008730671368539333,-5.14168872409182e-12,11.922210180739057,-4.4890394529369986e-14,1
0.004997977986931801,-4.340625515270036e-12,11.924235180769756,-2.1694350774834144e-14,1
0.005992825608700514,-4.583404836222549e-12,11.926215180799772,-2.7467545877556275e-14,1
0.011792479082942009,-5.871892382047772e-12,11.928240180830471,-6.924416809258488e-14,1
0.015739284455776215,-7.0523560949387054e-12,11.93026518086117,-1.1099903866166741e-13,1
0.017357539385557175,-7.672988980300666e-12,11.932245180891186,-1.33184208430515e-13,1
0.01710246503353119,-7.6195508236232e-12,11.934270180921885,-1.3031310153222955e-13,1
0.015004164539277554,-6.781309888626019e-12,11.936295180952584,-1.0174788936077473e-13,1
0.010647442191839218,-5.602324160136618e-12,11.9382751809826,-5.965042263499884e-14,1
0.005347695201635361,-4.4521582601153575e-12,11.9403001810133,-2.3808785364540134e-14,1
0.005055075045675039,-4.3844758552957774e-12,11.942325181043998,-2.216385448447041e-14,1
0.009783545508980751,-5.4710220728781955e-12,11.944305181074014,-5.352599343064203e-14,1
0.014825737103819847,-6.744132596131491e-12,11.946330181104713,-9.998673686354752e-14,1
0.01701682060956955,-7.574746385685671e-12,11.948355181135412,-1.2889810040819839e-13,1
0.017216037958860397,-7.678956429058026e-12,11.950335181165428,-1.3220120536709806e-13,1
0.015789244323968887,-7.108280977718984e-12,11.952360181196127,-1.1223438508062548e-13,1
0.012192155234515667,-5.992957432393586e-12,11.954385181226826,-7.306706732958704e-14,1
0.006268378347158432,-4.658063865181639e-12,11.956410181257525,-2.91985066721857e-14,1
0.004778901115059853,-4.349646944706853e-12,11.958390181287541,-2.078653263417626e-14,1
0.007845673710107803,-5.036829460458581e-12,11.96041518131824,-3.951732048021636e-14,1
0.013698078691959381,-6.410488459507313e-12,11.962440181348938,-8.781137537222864e-14,1
0.01658301241695881,-7.416683586725092e-12,11.964420181378955,-1.229909560113168e-13,1
0.01725948229432106,-7.707251503674684e-12,11.966445181409654,-1.3302317086555257e-13,1
0.016438718885183334,-7.338336535656076e-12,11.968470181440352,-1.2063285139452038e-13,1
0.01380513422191143,-6.3821803744645855e-12,11.970450181470369,-8.810685669793256e-14,1
0.0078099872916936874,-4.967241028219771e-12,11.972475181501068,-3.8794089305175896e-14,1
0.00489805918186903,-4.3422145219740305e-12,11.974500181531766,-2.126842370899994e-14,1
0.006402431521564722,-4.686523738528514e-12,11.976480181561783,-3.0005147310116304e-14,1
0.01228493731468916,-6.016471175429583e-12,11.978505181592482,-7.391197124578663e-14,1
0.01616750843822956,-7.185177799962084e-12,11.98053018162318,-1.161664227110667e-13,1
0.01735009253025055,-7.699182437426177e-12,11.982510181653197,-1.3358152769662414e-13,1
0.01703823357820511,-7.552186306880593e-12,11.984535181683896,-1.2867591432275375e-13,1
0.014761503785848618,-6.654525454979909e-12,11.986560181714594,-9.823080269671193e-14,1
0.009790992364287376,-5.392771298962096e-12,11.988540181744611,-5.2800582610485996e-14,1
0.005254913121461868,-4.3997279777774345e-12,11.99056518177531,-2.3120188281285532e-14,1
0.005333421286195517,-4.439765395602979e-12,11.992590181806008,-2.3679139266623188e-14,1
0.01073681190609932,-5.659686694997612e-12,11.994570181836025,-6.076699149164227e-14,1
0.015275373123586178,-6.846450056191555e-12,11.996595181866724,-1.0458207918032356e-13,1
0.017266619950532913,-7.629400583519796e-12,11.998620181897422,-1.3173396032601037e-13,1
0.017288029193878174,-7.667531540245243e-12,12.000645181928121,-1.3255650911274143e-13,1
0.015599955804646015,-6.9465154114989325e-12,12.002625181958138,-1.0836533341567577e-13,1
0.011528406292200089,-5.78228524089619e-12,12.004650181988836,-6.666053355444334e-14,1
0.005904387217015028,-4.5582886423756186e-12,12.006675182019535,-2.691390119150739e-14,1
0.005002322606742382,-4.372194013085862e-12,12.008655182049552,-2.1871124952723104e-14,1
0.008723534643650055,-5.201744850830137e-12,12.01068018208025,-4.5377601413644985e-14,1
0.014311867766082287,-6.541404137111462e-12,12.012705182110949,-9.361971101484285e-14,1
0.01693303883075714,-7.490624440165128e-12,12.014685182140965,-1.2683903451193458e-13,1
0.017452184110879898,-7.699943113670393e-12,12.016710182171664,-1.3438082486307753e-13,1
0.01641017012298107,-7.248411506427521e-12,12.018735182202363,-1.1894766594184913e-13,1
0.013306159526109695,-6.1938479518908185e-12,12.02071518223238,-8.241632892832704e-14,1
0.007260432466864586,-4.817577760329872e-12,12.022740182263078,-3.497769798274378e-14,1
0.005083623342216015,-4.344120983074129e-12,12.024765182293777,-2.2083874830966024e-14,1
0.007132275961339474,-4.828436261927749e-12,12.026745182323793,-3.443773988180711e-14,1
0.01308429054915905,-6.17630252497392e-12,12.028770182354492,-8.081253675626344e-14,1
0.016567185521125793,-7.296075202334329e-12,12.03079518238519,-1.2087543145315824e-13,1
0.017528828233480453,-7.713771461859142e-12,12.032775182415207,-1.3521337498725233e-13,1
0.017031095921993256,-7.479419861233794e-12,12.034800182445906,-1.2738271709753422e-13,1
0.014476019889116287,-6.564282103993513e-12,12.036825182476605,-9.50246782951802e-14,1
0.00903042871505022,-5.181408253840392e-12,12.038850182507304,-4.6790337879878494e-14,1
0.005195954814553261,-4.3639046369559065e-12,12.04083018253732,-2.2674651308642342e-14,1
0.005947209894657135,-4.562101564575816e-12,12.042855182568019,-2.7131775565276087e-14,1
0.011806752532720566,-5.860135293689339e-12,12.044880182598718,-6.918916722085178e-14,1
0.01587550900876522,-7.026755479561109e-12,12.046860182628734,-1.1155331991816276e-13,1
0.01743077114224434,-7.672933469149434e-12,12.048885182659433,-1.337451472904107e-13,1
0.01740936189889908,-7.648784383640361e-12,12.050910182690131,-1.3316045542144278e-13,1
0.01535419188439846,-6.825160228651761e-12,12.052890182720148,-1.0479481979248401e-13,1
0.011043084785342216,-5.65645360411926e-12,12.054915182750847,-6.246469673464355e-14,1
0.00574023462831974,-4.471541192874184e-12,12.056940182781545,-2.5667695597294552e-14,1
0.005426823627203703,-4.40435665369221e-12,12.058920182811562,-2.390166675088872e-14,1
0.00997965969145298,-5.430846744536311e-12,12.06094518284226,-5.419800234690766e-14,1
0.015118356794118881,-6.733964080796184e-12,12.06297018287296,-1.018064716122575e-13,1
0.0172905120998621,-7.565227957972986e-12,12.064950182902976,-1.3080666554554696e-13,1
0.017516417428851128,-7.69326963245831e-12,12.066975182933675,-1.3475852227484386e-13,1
0.01618891954421997,-7.143552242794282e-12,12.069000182964373,-1.1564639251852876e-13,1
0.012874211184680462,-6.068182414886714e-12,12.07098018299439,-7.812306191641582e-14,1
0.0067679742351174355,-4.705091784934501e-12,12.073005183025089,-3.184393997429941e-14,1
0.005162131041288376,-4.351747261155392e-12,12.075030183055787,-2.246428962065192e-14,1
0.007973830215632915,-5.0001903659224745e-12,12.077010183085804,-3.987066902370923e-14,1
0.013890779577195644,-6.3714047059126866e-12,12.079035183116503,-8.850377836694017e-14,1
0.01682412065565586,-7.405701052398683e-12,12.081060183147201,-1.2459440804527303e-13,1
0.017659159377217293,-7.714241571921132e-12,12.0830851831779,-1.3622702139291053e-13,1
0.01679898425936699,-7.387505537859163e-12,12.085065183207917,-1.2410258924648253e-13,1
0.01424049586057663,-6.430824622816189e-12,12.087090183238615,-9.157813142130821e-14,1
0.008202527649700642,-5.004735775110403e-12,12.089115183269314,-4.105148357478905e-14,1
0.005084244068711996,-4.354620396912479e-12,12.09109518329933,-2.2139952924494547e-14,1
0.006468216888606548,-4.665372255185929e-12,12.09312018333003,-3.0176639612630045e-14,1
0.01234203390777111,-6.000901164870953e-12,12.095145183360728,-7.406332565402046e-14,1
0.016128720715641975,-7.162700120522114e-12,12.097125183390744,-1.155251898137963e-13,1
0.017380811274051666,-7.704708399058902e-12,12.099150183421443,-1.3391408260564352e-13,1
0.01703823357820511,-7.56426084963513e-12,12.101175183452142,-1.2888164320255557e-13,1
0.014870110899209976,-6.6945212394420306e-12,12.103155183482158,-9.954827324761962e-14,1
0.010079579427838326,-5.453725145099231e-12,12.105180183512857,-5.4971255777626793e-14,1
0.005169268231838942,-4.41593376449001e-12,12.107205183543556,-2.2827146122683154e-14,1
0.0052555338479578495,-4.424582228379492e-12,12.109185183573572,-2.325354166432119e-14,1
0.010643409565091133,-5.627537932179072e-12,12.111210183604271,-5.989619105526791e-14,1
0.01522541418671608,-6.8308796119520565e-12,12.11323518363497,-1.0400297135156447e-13,1
0.01711922325193882,-7.623252723520935e-12,12.115215183664986,-1.3050416527990552e-13,1
0.01725948229432106,-7.67960608299978e-12,12.117240183695685,-1.32546025216895e-13,1
0.015667913481593132,-6.986580584900093e-12,12.119265183726384,-1.09465140136393e-13,1
0.011656874790787697,-5.815331723113548e-12,12.121290183757083,-6.77885937632303e-14,1
0.006111983675509691,-4.576442089870847e-12,12.123270183787099,-2.797113934520607e-14,1
0.005083623342216015,-4.372400878860372e-12,12.125295183817798,-2.2227639169300404e-14,1
0.008730671368539333,-5.1737824094399976e-12,12.127320183848497,-4.517059394915023e-14,1
0.014371136203408241,-6.512156699306493e-12,12.129300183878513,-9.358709090367105e-14,1
0.016924038529396057,-7.474971162879651e-12,12.131325183909212,-1.2650669996669967e-13,1
0.01748073101043701,-7.706614860159e-12,12.13335018393991,-1.3471726137147613e-13,1
0.01658301055431366,-7.271787338947178e-12,12.135330183969927,-1.205881261904855e-13,1
0.01349824108183384,-6.232862750227275e-12,12.137355184000626,-8.413268403254965e-14,1
0.007524504791945219,-4.844586537489093e-12,12.139380184031324,-3.6453114616329976e-14,1
0.0051214806735515594,-4.3446734925012276e-12,12.141360184061341,-2.2251161324736793e-14,1
0.007117690518498421,-4.806773902521488e-12,12.14338518409204,-3.421312903054285e-14,1
0.013034330680966377,-6.138489022644578e-12,12.145410184122738,-8.001109580263153e-14,1
0.01659790426492691,-7.27211823745022e-12,12.147390184152755,-1.2070192230842778e-13,1
0.017659159377217293,-7.705026720816743e-12,12.149415184183454,-1.360642948686208e-13,1
0.01717383787035942,-7.49689720025426e-12,12.151440184214152,-1.2875049704791812e-13,1
0.014892454259097576,-6.587755081027824e-12,12.153420184244169,-9.810784121434452e-14,1
0.009437242522835732,-5.230342201012483e-12,12.155445184274868,-4.936000782837724e-14,1
0.005297735333442688,-4.366681495560076e-12,12.157470184305566,-2.3133522848918977e-14,1
0.0059109041467309,-4.510791046241636e-12,12.159450184335583,-2.6662853500266298e-14,1
0.011649737134575844,-5.801350285578044e-12,12.161475184366282,-6.758420585258072e-14,1
0.01575355790555477,-6.967197218460397e-12,12.16350018439698,-1.09758144820436e-13,1
0.01756637543439865,-7.664671848595095e-12,12.165525184427679,-1.3464050327388777e-13,1
0.017476698383688927,-7.651105443651218e-12,12.167505184457696,-1.337160621404928e-13,1
0.015546582639217377,-6.855664907295944e-12,12.169530184488394,-1.0658216102805893e-13,1
0.011192964389920235,-5.665668455223649e-12,12.171555184519093,-6.341562526441269e-14,1
0.0057768505066633224,-4.478296639770507e-12,12.17353518454911,-2.5870450212446908e-14,1
0.005333421286195517,-4.38892455364992e-12,12.175560184579808,-2.340798363794264e-14,1
0.009808370843529701,-5.3939869064378865e-12,12.177585184610507,-5.2906223903486336e-14,1
0.014937138184905052,-6.685236999398603e-12,12.179565184640524,-9.985830885885694e-14,1
0.017202384769916534,-7.542335679622258e-12,12.181590184671222,-1.2974616042473201e-13,1
0.017445046454668045,-7.68818602531196e-12,12.183615184701921,-1.3412076236369683e-13,1
0.01632235199213028,-7.1693315346899045e-12,12.185595184731937,-1.170203528574882e-13,1
0.012948686257004738,-6.093367997672683e-12,12.187620184762636,-7.890111045033675e-14,1
0.006924990098923445,-4.715577754665912e-12,12.189645184793335,-3.265532926176509e-14,1
0.005054454319179058,-4.3463314544633924e-12,12.191625184823351,-2.196833379259629e-14,1
0.00785994715988636,-4.9704181742660225e-12,12.19365018485405,-3.906722421226977e-14,1
0.013805135153234005,-6.334544867814262e-12,12.195675184884749,-8.744924803440073e-14,1
0.01678409054875374,-7.365290669025804e-12,12.197655184914765,-1.236197055068201e-13,1
0.01763061061501503,-7.708203866862995e-12,12.199680184945464,-1.3590034091781462e-13,1
0.016852669417858124,-7.408560744048831e-12,12.201705184976163,-1.2485402508157596e-13,1
0.014297593384981155,-6.449890534859781e-12,12.203730185006862,-9.221791224506377e-14,1
0.0084355678409338,-5.036663360685756e-12,12.205710185036878,-4.248711547101032e-14,1
0.005176405422389507,-4.349205023901348e-12,12.207735185067577,-2.2513248468806624e-14,1
0.006503901910036802,-4.643447085173058e-12,12.209760185098276,-3.0200524366411874e-14,1
0.012367788702249527,-5.970037398467243e-12,12.211740185128292,-7.383616108877032e-14,1
0.01631738804280758,-7.119402289923471e-12,12.21376518515899,-1.1617004979753414e-13,1
0.01763061061501503,-7.692316401908261e-12,12.21579018518969,-1.35620235209538e-13,1
0.017312854528427124,-7.587111494622434e-12,12.217770185219706,-1.313545575973555e-13,1
0.015146906487643719,-6.719983076941549e-12,12.219795185250405,-1.0178695526498195e-13,1
0.010486393235623837,-5.4899496407245785e-12,12.221820185281103,-5.756977077640973e-14,1
0.005613008514046669,-4.421598070319943e-12,12.22380018531112,-2.4818467614398163e-14,1
0.005511847790330648,-4.4035413336585005e-12,12.225825185341819,-2.4271649569555283e-14,1
0.010843247175216675,-5.582733927922412e-12,12.227850185372517,-6.053496389393098e-14,1
0.015421218238770962,-6.792003157812809e-12,12.229830185402534,-1.0474096297505286e-13,1
0.017487868666648865,-7.603979945702832e-12,12.231855185433233,-1.329774026342829e-13,1
0.017637748271226883,-7.666896631453035e-12,12.233880185463931,-1.3522679280708598e-13,1
0.016084035858511925,-7.0231086571337364e-12,12.235860185493948,-1.1295993147956455e-13,1
0.012292074039578438,-5.885555497825434e-12,12.237885185524647,-7.234568394331817e-14,1
0.006425394676625729,-4.6018210943243876e-12,12.239910185555345,-2.9568516762255905e-14,1
0.0053076655603945255,-4.350973574485106e-12,12.241890185585362,-2.3093512595481264e-14,1
0.00864502601325512,-5.097838384066078e-12,12.24391518561606,-4.4070945441621685e-14,1
0.014269045554101467,-6.463871972395285e-12,12.24594018564676,-9.223328362998803e-14,1
0.017031095921993256,-7.450186301216633e-12,12.247965185677458,-1.268848375327406e-13,1
0.017588408663868904,-7.696530045231409e-12,12.249945185707475,-1.3536971572927544e-13,1
0.016588596627116203,-7.277645500125551e-12,12.251970185738173,-1.2072592559673014e-13,1
0.013733763247728348,-6.2538351233709655e-12,12.253995185768872,-8.588869097470484e-14,1
0.007601460907608271,-4.856288548377163e-12,12.255975185798889,-3.6914887556554724e-14,1
0.005119308829307556,-4.330139545538625e-12,12.258000185829587,-2.216732160760969e-14,1
0.00695353839546442,-4.757521633591555e-12,12.260025185860286,-3.308160934643149e-14,1
0.01281463261693716,-6.076140458832757e-12,12.262005185890303,-7.786350770884977e-14,1
0.016481541097164154,-7.216953597233289e-12,12.264030185921001,-1.1894651730912713e-13,1
0.0175663772970438,-7.682784096407769e-12,12.2660551859517,-1.349586841292266e-13,1
0.017052195966243744,-7.495597892370753e-12,12.268035185981716,-1.2781640414486967e-13,1
0.0148328747600317,-6.587478392633406e-12,12.270060186012415,-9.771124198234624e-14,1
0.009451515972614288,-5.252903580860169e-12,12.272085186043114,-4.9647902097102676e-14,1
0.0052555338479578495,-4.347988982744688e-12,12.27406518607313,-2.2851003269362527e-14,1
0.00578305684030056,-4.473447653974283e-12,12.27609018610383,-2.587020205504247e-14,1
0.011364254169166088,-5.753687023352105e-12,12.278115186134528,-6.538636174320598e-14,1
0.015451007522642612,-6.9020848064704765e-12,12.280095186164544,-1.0664416426669261e-13,1
0.01748073101043701,-7.632578596927786e-12,12.282120186195243,-1.3342305336891336e-13,1
0.017380811274051666,-7.644971461440164e-12,12.284145186225942,-1.3287580616680245e-13,1
0.015510897152125835,-6.86456187032336e-12,12.28617018625664,-1.064755131649902e-13,1
0.011131522245705128,-5.672949523333193e-12,12.288150186286657,-6.314856381774574e-14,1
0.005754509009420872,-4.4931484748100825e-12,12.290175186317356,-2.585586337896027e-14,1
0.005262050312012434,-4.368905844737148e-12,12.292200186348055,-2.2989402363452054e-14,1
0.009582465514540672,-5.332756805587202e-12,12.294180186378071,-5.110095818697144e-14,1
0.014697270467877388,-6.617983504958458e-12,12.29620518640877,-9.726629352432563e-14,1
0.017073918133974075,-7.51659758740919e-12,12.298230186439469,-1.2833777185345156e-13,1
0.017543723806738853,-7.681277489068883e-12,12.300210186469485,-1.34758210751145e-13,1
0.01640303246676922,-7.189309043920122e-12,12.302235186500184,-1.1792646966105934e-13,1
0.012991508468985558,-6.1054425404272195e-12,12.304260186530882,-7.931890847086492e-14,1
0.00705035449936986,-4.736259561627376e-12,12.306240186560899,-3.339230891050309e-14,1
0.005119308829307556,-4.326008735261455e-12,12.308265186591598,-2.214617471408558e-14,1
0.007781439460813999,-4.9281564072634065e-12,12.310290186622296,-3.834815073654282e-14,1
0.013715766370296478,-6.27607774777994e-12,12.312270186652313,-8.608121611036617e-14,1
0.016767024993896484,-7.335158522248086e-12,12.314295186683012,-1.2298878627672647e-13,1
0.017687708139419556,-7.700895476858705e-12,12.31632018671371,-1.3621119160685295e-13,1
0.01705964468419552,-7.42928375069285e-12,12.318300186743727,-1.2674094104488742e-13,1
0.014575939625501633,-6.491516525708452e-12,12.320325186774426,-9.461995295667251e-14,1
0.008709260262548923,-5.077184332680229e-12,12.322350186805124,-4.421851975424789e-14,1
0.005270428489893675,-4.343347296403843e-12,12.324330186835141,-2.2891301332469483e-14,1
0.0064468057826161385,-4.602774324874437e-12,12.32635518686584,-2.967319213367761e-14,1
0.012277799658477306,-5.9173308614157705e-12,12.328380186896538,-7.265180282938777e-14,1
0.016217468306422234,-7.0974771199106e-12,12.330405186927237,-1.1510311024770711e-13,1
0.01764054037630558,-7.682603685166267e-12,12.332385186957254,-1.3552528050332958e-13,1
0.017459319904446602,-7.59857801679864e-12,12.334410186987952,-1.326660044141829e-13,1
0.015346745029091835,-6.737777002996381e-12,12.336435187018651,-1.03402945727864e-13,1
0.010684679262340069,-5.532031430166562e-12,12.338415187048668,-5.910798150051414e-14,1
0.00578305684030056,-4.428326195321519e-12,12.340440187079366,-2.5609262094936265e-14,1
0.005483299493789673,-4.3997284114583035e-12,12.342465187110065,-2.4125028571361357e-14,1
0.010572968982160091,-5.538662410653483e-12,12.344445187140082,-5.856010587049532e-14,1
0.015303920954465866,-6.78035665807597e-12,12.34647018717078,-1.0376604233828099e-13,1
0.017473595216870308,-7.589363165694252e-12,12.348495187201479,-1.3261345991116678e-13,1
0.017603302374482155,-7.669340856830686e-12,12.350475187231496,-1.3500572611576063e-13,1
0.01618891954421997,-7.0625237429122745e-12,12.352500187262194,-1.143346286531501e-13,1
0.01242767833173275,-5.924321797023957e-12,12.354525187292893,-7.362556562708666e-14,1
0.006663090083748102,-4.639772073489201e-12,12.35650518732291,-3.091521929371727e-14,1
0.005240639206022024,-4.346980674724277e-12,12.358530187353608,-2.2780957351780116e-14,1
0.00853797048330307,-5.0803614787264806e-12,12.360555187384307,-4.337597634987663e-14,1
0.014289215207099915,-6.417990704860044e-12,12.362535187414323,-9.170805037891204e-14,1
0.017073918133974075,-7.431121690215647e-12,12.364560187445022,-1.2687836338234102e-13,1
0.017680570483207703,-7.701849574770492e-12,12.36658518747572,-1.3617309425779295e-13,1
0.016781296581029892,-7.307831423331024e-12,12.36861018750642,-1.2263488647908772e-13,1
0.014043452218174934,-6.302935170315882e-12,12.370590187536436,-8.851496889858538e-14,1
0.007909907028079033,-4.914493291485744e-12,12.372615187567135,-3.887318502577035e-14,1
0.005190679337829351,-4.3384011660929644e-12,12.374640187597834,-2.2519249292053515e-14,1
0.006923748180270195,-4.723659831340488e-12,12.37662018762785,-3.270543116145912e-14,1
0.012891588732600212,-6.0530131254510344e-12,12.378645187658549,-7.803295580634575e-14,1
0.016574323177337646,-7.216953597233289e-12,12.380670187689248,-1.19616121276394e-13,1
0.017722461372613907,-7.702167029166596e-12,12.382650187719264,-1.365013576598254e-13,1
0.017273757606744766,-7.519139824663235e-12,12.384675187749963,-1.2988379874245406e-13,1
0.014961342327296734,-6.621796427158655e-12,12.386700187780662,-9.907096316839107e-14,1
0.009887808933854103,-5.316509819192072e-12,12.388680187810678,-5.2568633287130435e-14,1
0.005461888387799263,-4.381298275568657e-12,12.390705187841377,-2.3930162174813383e-14,1
0.005768782924860716,-4.470905416720239e-12,12.392730187872075,-2.5791682826642997e-14,1
0.011488997377455235,-5.726995700588988e-12,12.394710187902092,-6.579743858476429e-14,1
0.015703599900007248,-6.877272189231842e-12,12.39673518793279,-1.0799793086314378e-13,1
0.01765202172100544,-7.636391519127983e-12,12.39876018796349,-1.3479774896574888e-13,1
0.017633091658353806,-7.671330584657632e-12,12.400740187993506,-1.352692753408009e-13,1
0.015889162197709084,-6.9192160681574855e-12,12.402765188024205,-1.099405463879492e-13,1
0.01164259947836399,-5.735892663616404e-12,12.404790188054903,-6.678070093337219e-14,1
0.006260931026190519,-4.528695560918061e-12,12.40677018808492,-2.8353850545523167e-14,1
0.005483299493789673,-4.3819340517226024e-12,12.408795188115619,-2.4027456767630276e-14,1
0.009415831416845322,-5.273875086642121e-12,12.410820188146317,-4.965791872932273e-14,1
0.0148328747600317,-6.600824054014964e-12,12.412845188177016,-9.790919650620869e-14,1
0.017260722815990448,-7.51715009683629e-12,12.414825188207033,-1.2975144418768694e-13,1
0.017766214907169342,-7.702801937958803e-12,12.416850188237731,-1.3684963461713658e-13,1
0.016574323177337646,-7.220449065037382e-12,12.41887518826843,-1.1967405628943502e-13,1
0.013388080522418022,-6.143449464424133e-12,12.420855188298447,-8.224899611511617e-14,1
0.0074174487963318825,-4.784530844431645e-12,12.422880188329145,-3.548901255304227e-14,1
0.005361969582736492,-4.343167318843211e-12,12.424905188359844,-2.32879310563725e-14,1
0.007817435078322887,-4.901713583638223e-12,12.42688518838986,-3.8318827712625234e-14,1
0.013648118823766708,-6.239218343362385e-12,12.42891018842056,-8.51535933176347e-14,1
0.016981136053800583,-7.337064983348185e-12,12.430935188451258,-1.2459169871781164e-13,1
0.017863962799310684,-7.708135345285694e-12,12.432915188481275,-1.3769784306023545e-13,1
0.017209522426128387,-7.463849850675164e-12,12.434940188511973,-1.2844929139044925e-13,1
0.01485428586602211,-6.523927231771864e-12,12.436965188542672,-9.690828006986556e-14,1
0.00922499131411314,-5.155034819154247e-12,12.438945188572688,-4.755515143064873e-14,1
0.005404791794717312,-4.3612795666558846e-12,12.440970188603387,-2.357180801633e-14,1
0.006575272884219885,-4.597690284047218e-12,12.442995188634086,-3.023106825473689e-14,1
0.012367788702249527,-5.888470266945944e-12,12.444975188664102,-7.282735604106631e-14,1
0.01633879914879799,-7.05902870878905e-12,12.447000188694801,-1.153360522585031e-13,1
0.017866134643554688,-7.686597018607966e-12,12.4490251887255,-1.3732977728519595e-13,1
0.017701981589198112,-7.62685921362749e-12,12.451050188756199,-1.3501052138303983e-13,1
0.015681877732276917,-6.785039977780238e-12,12.453030188786215,-1.0640216734016058e-13,1
0.011192964389920235,-5.611014691070393e-12,12.455055188816914,-6.28038876284702e-14,1
0.005982895381748676,-4.464550257265998e-12,12.457080188847613,-2.6710937115781603e-14,1
0.005702377296984196,-4.4060141819735055e-12,12.45906018887763,-2.512475524147611e-14,1
0.010621997527778149,-5.49535156962877e-12,12.461085188908328,-5.837161078686857e-14,1
0.015589404851198196,-6.7746372747756745e-12,12.463110188939027,-1.0561256319649603e-13,1
0.017633091658353806,-7.59208494682806e-12,12.465090188969043,-1.3387192974542735e-13,1
0.017887545749545097,-7.6964476458663e-12,12.467115188999742,-1.376705593744121e-13,1
0.016588596627116203,-7.108280977718984e-12,12.46914018903044,-1.179164058515834e-13,1
0.013008263893425465,-5.999878979062734e-12,12.471120189060457,-7.80480090882642e-14,1
0.007046320475637913,-4.679353692721433e-12,12.473145189091156,-3.297222573777491e-14,1
0.005518984980881214,-4.366999383637049e-12,12.475170189121854,-2.4101404009810393e-14,1
0.008636647835373878,-5.05092061925394e-12,12.477150189151871,-4.362302263292483e-14,1
0.01446174643933773,-6.419385856215598e-12,12.47917518918257,-9.283553054886091e-14,1
0.017316579818725586,-7.433980514504057e-12,12.481200189213268,-1.287311169502602e-13,1
0.018035251647233963,-7.721398173621274e-12,12.483180189243285,-1.392573591297524e-13,1
0.0171310156583786,-7.359944251272843e-12,12.485205189273984,-1.2608332021334864e-13,1
0.014490294270217419,-6.379348438390053e-12,12.487230189304682,-9.243863612452383e-14,1
0.00848770048469305,-4.981290987332576e-12,12.489210189334699,-4.227970592757983e-14,1
0.005590355955064297,-4.360326336105835e-12,12.491235189365398,-2.4375776299072943e-14,1
0.007082005497068167,-4.705409673011474e-12,12.493260189396096,-3.332373717022498e-14,1
0.01308429054915905,-6.0431624981927e-12,12.495285189426795,-7.907049396213514e-14,1
0.01676919497549534,-7.208125589464043e-12,12.497265189456812,-1.208744634175798e-13,1
0.017994601279497147,-7.714241571921132e-12,12.49929018948751,-1.3881470126044208e-13,1
0.01754496619105339,-7.553775313584588e-12,12.501315189518209,-1.325307324916553e-13,1
0.01531695481389761,-6.665674089079143e-12,12.503295189548226,-1.0209782882659335e-13,1
0.01028655469417572,-5.396211255614958e-12,12.505320189578924,-5.55084222222099e-14,1
0.005747371818870306,-4.409578605035769e-12,12.507345189609623,-2.5343487807676013e-14,1
0.005851324647665024,-4.45641310312106e-12,12.50932518963964,-2.607591983046963e-14,1
0.011385664343833923,-5.6933134422176845e-12,12.511350189670338,-6.482215585732827e-14,1
0.015846339985728264,-6.8705991417006285e-12,12.513375189701037,-1.0887384990504096e-13,1
0.017752250656485558,-7.65442050021381e-12,12.515355189731054,-1.3588319134993712e-13,1
0.017837585881352425,-7.68596124245402e-12,12.517380189761752,-1.3709899374301977e-13,1
0.016089001670479774,-6.967197218460397e-12,12.519405189792451,-1.1209524768637137e-13,1
0.012010314501821995,-5.803256746678143e-12,12.521385189822468,-6.969893866242483e-14,1
0.0064824908040463924,-4.577036232661369e-12,12.523410189853166,-2.967059528801447e-14,1
0.005554670467972755,-4.3921021333770405e-12,12.525435189883865,-2.4396680012589583e-14,1
0.009269675239920616,-5.2183643690917325e-12,12.527415189913881,-4.83725429850536e-14,1
0.014761503785848618,-6.552843337392922e-12,12.52944018994458,-9.67298217329985e-14,1
0.017273755744099617,-7.51024242795495e-12,12.531465189975279,-1.2973009327946746e-13,1
0.017844723537564278,-7.719007724671378e-12,12.533490190005978,-1.3774355883108383e-13,1
0.01661280170083046,-7.253219292541191e-12,12.535470190035994,-1.204962937996246e-13,1
0.013541063293814659,-6.2090311191143055e-12,12.537495190066693,-8.407688337719168e-14,1
0.00738890003412962,-4.820119563903047e-12,12.539520190097392,-3.561538161023207e-14,1
0.005233191419392824,-4.361252244761138e-12,12.541500190127408,-2.282326782509168e-14,1
0.007524504791945219,-4.8719136364061555e-12,12.543525190158107,-3.6658737503081375e-14,1
0.01341259479522705,-6.220788641153607e-12,12.545550190188806,-8.343691735054443e-14,1
0.01685856468975544,-7.329148572765565e-12,12.547530190218822,-1.2355892533479703e-13,1
0.017773352563381195,-7.72758766698356e-12,12.54955519024952,-1.3734514006973516e-13,1
0.017209522426128387,-7.49689720025426e-12,12.55158019028022,-1.290180204941548e-13,1
0.01479563768953085,-6.571176762448783e-12,12.553560190310236,-9.722475057105651e-14,1
0.009308774955570698,-5.19888472549912e-12,12.555585190340935,-4.839524792962525e-14,1
0.005369106307625771,-4.378438583918509e-12,12.557610190371634,-2.3508302218468914e-14,1
0.00629072031006217,-4.577768285968231e-12,12.55959019040165,-2.879745993129884e-14,1
0.012070825323462486,-5.869350144793728e-12,12.561615190432349,-7.084790036004434e-14,1
0.016203194856643677,-7.045047704934415e-12,12.563640190463047,-1.1415228073740265e-13,1
0.017796935513615608,-7.69056172911231e-12,12.565620190493064,-1.3686843115649194e-13,1
0.017644884064793587,-7.669755455741445e-12,12.567645190523763,-1.353319458218759e-13,1
0.015689324587583542,-6.842001791518282e-12,12.569670190554461,-1.0734638693595842e-13,1
0.011429417878389359,-5.682233329695752e-12,12.571650190584478,-6.494461920760452e-14,1
0.00601858040317893,-4.495372823987154e-12,12.573675190615177,-2.705576278343221e-14,1
0.005547533743083477,-4.4137098489938076e-12,12.575700190645875,-2.4485204319473026e-14,1
0.010357925668358803,-5.482958705116392e-12,12.577725190676574,-5.679207871027642e-14,1
0.015518034808337688,-6.762161577217318e-12,12.57970519070659,-1.0493545873486203e-13,1
0.01754496619105339,-7.591905402948296e-12,12.58173019073729,-1.3319972362040342e-13,1
0.017844723537564278,-7.712335110821034e-12,12.583755190767988,-1.376244878816515e-13,1
0.01653832569718361,-7.152753216110863e-12,12.585735190798005,-1.18294562319619e-13,1
0.013162797316908836,-6.0695363665597135e-12,12.587760190828703,-7.98920770006328e-14,1
0.007082005497068167,-4.709540483288643e-12,12.589785190859402,-3.335299159131524e-14,1
0.005464060232043266,-4.374183307231938e-12,12.591765190889419,-2.3900801056713525e-14,1
0.008488010615110397,-5.043184186231953e-12,12.593790190920117,-4.2806600906693705e-14,1
0.014311867766082287,-6.415255045938428e-12,12.595815190950816,-9.181428190316293e-14,1
0.01713411696255207,-7.426962690681993e-12,12.597795190980833,-1.272544474186557e-13,1
0.017794763669371605,-7.746017369192337e-12,12.599820191011531,-1.3783854846362522e-13,1
0.017045369371771812,-7.399345025582704e-12,12.60184519104223,-1.2612456907023954e-13,1
0.014460505917668343,-6.458110522050697e-12,12.603825191072247,-9.33875454210703e-14,1
0.008445188403129578,-5.0330156708966456e-12,12.605850191102945,-4.250476557662578e-14,1
0.005404791794717312,-4.37748535336846e-12,12.607875191133644,-2.3659396919381064e-14,1
0.006625853478908539,-4.677239498485086e-12,12.60985519116366,-3.099070360272584e-14,1
0.012720298022031784,-6.0247327959839225e-12,12.61188019119436,-7.663639666802431e-14,1
0.01649581454694271,-7.188355379689204e-12,12.613905191225058,-1.1857777724087107e-13,1
0.01785185933113098,-7.727905121379663e-12,12.615930191255757,-1.3795747515119644e-13,1
0.017513934522867203,-7.595400870752389e-12,12.617910191285773,-1.3302535352528588e-13,1
0.015303920954465866,-6.720300965018522e-12,12.619935191316472,-1.0284695475886414e-13,1
0.010422158986330032,-5.4489585586681155e-12,12.62196019134717,-5.678991240836284e-14,1
0.005553429014980793,-4.434197800606832e-12,12.623940191377187,-2.4625002724053996e-14,1
0.00576164573431015,-4.4559711823155546e-12,12.625965191407886,-2.567372735479737e-14,1
0.011221512220799923,-5.678696662209104e-12,12.627990191438585,-6.372356399319519e-14,1
0.015726560726761818,-6.870917029777601e-12,12.629970191468601,-1.0805589391733938e-13,1
0.01758778840303421,-7.652597305840558e-12,12.6319951914993,-1.345922621487534e-13,1
0.017780490219593048,-7.7024844835627e-12,12.634020191529999,-1.3695395002655379e-13,1
0.01616595685482025,-7.019461401025495e-12,12.636000191560015,-1.1347631015305427e-13,1
0.012277799658477306,-5.8623592091855414e-12,12.638025191590714,-7.197687189640953e-14,1
0.006632369942963123,-4.615484643782919e-12,12.640050191621413,-3.061160162363369e-14,1
0.005590666551142931,-4.403361789778737e-12,12.642030191651429,-2.4617727470696855e-14,1
0.009087525308132172,-5.195071803298923e-12,12.644055191682128,-4.72103464900428e-14,1
0.014711543917655945,-6.5391797879343905e-12,12.646080191712826,-9.620143063564487e-14,1
0.017312854528427124,-7.50421860068462e-12,12.648060191742843,-1.2991944498316978e-13,1
0.01793750375509262,-7.736802518087948e-12,12.650085191773542,-1.3877892422061262e-13,1
0.0169097650796175,-7.298616572226635e-12,12.65211019180424,-1.2341789164255553e-13,1
0.013954082503914833,-6.27243005799083e-12,12.654090191834257,-8.752600652923934e-14,1
0.007845673710107803,-4.882399606137566e-12,12.656115191864956,-3.83057142321142e-14,1
0.005426202900707722,-4.375896346664465e-12,12.658140191895654,-2.3744501449467043e-14,1
0.0074888188391923904,-4.848399893370159e-12,12.660165191926353,-3.630878846140882e-14,1
0.013373185880482197,-6.186553873355205e-12,12.66214519195637,-8.273393490799627e-14,1
0.016859807074069977,-7.31069198234291e-12,12.664170191987068,-1.2325685640025165e-13,1
0.017973190173506737,-7.74728805413849e-12,12.666195192017767,-1.3924348152596804e-13,1
0.017357539385557175,-7.522454881225826e-12,12.668175192047784,-1.305713068769541e-13,1
0.015068398788571358,-6.615759155781387e-12,12.670200192078482,-9.968889724845611e-14,1
0.009522886946797371,-5.249725567452179e-12,12.672225192109181,-4.999254308055878e-14,1
0.005598113872110844,-4.398719669757023e-12,12.674205192139198,-2.462453360279362e-14,1
0.006296926643699408,-4.562419452652788e-12,12.676230192169896,-2.872922061114181e-14,1
0.012199291959404945,-5.860135293689339e-12,12.678255192200595,-7.148950136932949e-14,1
0.016240430995821953,-7.0108402590307595e-12,12.680235192230612,-1.1385906744951955e-13,1
0.017880408093333244,-7.701849574770492e-12,12.68226019226131,-1.377122134703615e-13,1
0.017966054379940033,-7.69326963245831e-12,12.684285192292009,-1.3821770057628728e-13,1
0.01603190414607525,-6.8967795884000704e-12,12.686265192322026,-1.1056850927783824e-13,1
0.011621188372373581,-5.711425256349489e-12,12.688290192352724,-6.637354877876948e-14,1
0.006182733457535505,-4.52619539070831e-12,12.690315192383423,-2.7984259677475255e-14,1
0.00568748265504837,-4.428561250352514e-12,12.69229519241344,-2.5187365298199247e-14,1
0.010179498232901096,-5.423855808928124e-12,12.694320192444138,-5.5212130622494186e-14,1
0.01532533299177885,-6.729197928045938e-12,12.696345192474837,-1.031271990148923e-13,1
0.01758778840303421,-7.591905402948296e-12,12.698370192505536,-1.335248258029068e-13,1
0.017938435077667236,-7.731345078032525e-12,12.700350192535552,-1.386882317453286e-13,1
0.016702789813280106,-7.213140675033092e-12,12.702375192566251,-1.204795725886991e-13,1
0.013348361477255821,-6.121012984666718e-12,12.70440019259695,-8.17054939263079e-14,1
0.007340802811086178,-4.748527959730353e-12,12.706380192626966,-3.485800739530989e-14,1
0.005511847790330648,-4.391466357223095e-12,12.708405192657665,-2.4205094137371498e-14,1
0.008466599509119987,-5.031110077158285e-12,12.710430192688364,-4.259639410959696e-14,1
0.014378583990037441,-6.39345390865409e-12,12.71241019271838,-9.1928814012016e-14,1
0.017295166850090027,-7.424765663399668e-12,12.714435192749079,-1.2841256097131663e-13,1
0.018123067915439606,-7.755232220296726e-12,12.716460192779778,-1.4054860022844305e-13,1
0.017372433096170425,-7.448514895147529e-12,12.718440192809794,-1.2939882668177932e-13,1
0.014740092679858208,-6.5058149839591906e-12,12.720465192840493,-9.589631582156871e-14,1
0.008859138935804367,-5.094978258735061e-12,12.722490192871192,-4.513712026903652e-14,1
0.005613008514046669,-4.397393473659639e-12,12.724470192901208,-2.468260700726481e-14,1
0.006882167421281338,-4.686979970802696e-12,12.726495192931907,-3.225658085925647e-14,1
0.012805944308638573,-6.011704588998468e-12,12.728520192962606,-7.698555416670132e-14,1
0.016717063263058662,-7.170325964922508e-12,12.730500192992622,-1.1986679277236172e-13,1
0.018101658672094345,-7.740297985892042e-12,12.73252519302332,-1.4011223216091707e-13,1
0.01775907725095749,-7.630672135827687e-12,12.73455019305402,-1.3551369593689268e-13,1
0.01557761337608099,-6.774429541639426e-12,12.736530193084036,-1.0552944424316054e-13,1
0.010985988192260265,-5.556042605159295e-12,12.738555193114735,-6.103861845597498e-14,1
0.0060399919748306274,-4.476943121778376e-12,12.740580193145433,-2.704070052731457e-14,1
0.00580446794629097,-4.458830873965702e-12,12.742605193176132,-2.588114088586647e-14,1
0.011228338815271854,-5.653386613013733e-12,12.744585193206149,-6.347814034464038e-14,1
0.01583920419216156,-6.850580866468725e-12,12.746610193236847,-1.085077491789132e-13,1
0.01775907725095749,-7.662129611341051e-12,12.748635193267546,-1.360723516746546e-13,1
0.017968224361538887,-7.727365622378635e-12,12.750615193297563,-1.3884703922654189e-13,1
0.016395896673202515,-7.072056482093636e-12,12.752640193328261,-1.1595270734745933e-13,1
0.012541871517896652,-5.9160601764696175e-12,12.75466519335896,-7.419846662542694e-14,1
0.006774800829589367,-4.664308436014286e-12,12.756645193388977,-3.159976066177027e-14,1
0.005647452548146248,-4.413391527235966e-12,12.758670193419675,-2.4924419226455816e-14,1
0.009044703096151352,-5.170604396032008e-12,12.760695193450374,-4.6766581589764494e-14,1
0.014669032767415047,-6.525750859825985e-12,12.76267519348039,-9.572645319477429e-14,1
0.01738794893026352,-7.50706441454696e-12,12.76470019351109,-1.3053245265634115e-13,1
0.018080245703458786,-7.763493840851066e-12,12.766725193541788,-1.4036587615987623e-13,1
0.016985168680548668,-7.349043248949805e-12,12.768705193571805,-1.2482473922405985e-13,1
0.014169125817716122,-6.328189708360021e-12,12.770730193602503,-8.966491617612943e-14,1
0.008088333532214165,-4.927838952867303e-12,12.772755193633202,-3.985800504382774e-14,1
0.005531087052077055,-4.395072413648782e-12,12.774735193663219,-2.4309528120073827e-14,1
0.007374625653028488,-4.8080445874676414e-12,12.776760193693917,-3.545752895564364e-14,1
0.013348361477255821,-6.153742012487973e-12,12.778785193724616,-8.214237282046517e-14,1
0.01693117618560791,-7.303065270580777e-12,12.780810193755315,-1.2364948479119745e-13,1
0.01791609451174736,-7.75554967469283e-12,12.782790193785331,-1.3894916096234823e-13,1
0.017537828534841537,-7.567437995681381e-12,12.78481519381603,-1.3271643001630497e-13,1
0.015182591043412685,-6.647217064975619e-12,12.786840193846729,-1.0092197827431879e-13,1
0.009835677221417427,-5.306230715235172e-12,12.788820193876745,-5.219037257742408e-14,1
0.005711685866117477,-4.426419734221421e-12,12.790845193907444,-2.528231903345597e-14,1
0.0061184996739029884,-4.559241872925668e-12,12.792870193938143,-2.789571991274055e-14,1
0.01206989400088787,-5.8370773492466554e-12,12.79485019396816,-7.045290488039068e-14,1
0.01607472635805607,-6.979907537368879e-12,12.796875193998858,-1.1220010366773774e-13,1
0.01785185933113098,-7.71201765642493e-12,12.798900194029557,-1.3767385436169627e-13,1
0.01794588193297386,-7.715429857502176e-12,12.800880194059573,-1.384601932848754e-13,1
0.01606045290827751,-6.944000929820504e-12,12.802905194090272,-1.1152379992841746e-13,1
0.0116640105843544,-5.754958141979127e-12,12.80493019412097,-6.712589268056108e-14,1
0.006357747130095959,-4.563842359583958e-12,12.806910194150987,-2.901575566385528e-14,1
0.0056760008446872234,-4.4432608634070725e-12,12.808935194181686,-2.5219952413864225e-14,1
0.00989401526749134,-5.3939869064378865e-12,12.810960194212385,-5.3368188804944834e-14,1
0.015026506036520004,-6.688221157458152e-12,12.812940194242401,-1.0050059559612573e-13,1
0.017487868666648865,-7.585232789097951e-12,12.8149651942731,-1.3264955482170363e-13,1
0.017930367961525917,-7.752372528646578e-12,12.816990194303798,-1.3900289201345827e-13,1
0.016754301264882088,-7.2658190228280795e-12,12.818970194333815,-1.2173372084457283e-13,1
0.013376910239458084,-6.188694955805429e-12,12.820995194364514,-8.278561692319624e-14,1
0.007438859902322292,-4.802007316090373e-12,12.823020194395212,-3.5721459674322966e-14,1
0.005518984980881214,-4.4009995300853255e-12,12.825045194425911,-2.4289050307406193e-14,1
0.008241935633122921,-5.01511115622022e-12,12.827025194455928,-4.133422334252372e-14,1
0.01409061811864376,-6.354246122330931e-12,12.829050194486626,-8.953525554163807e-14,1
0.017180975526571274,-7.42190597174952e-12,12.831075194517325,-1.275155848611417e-13,1
0.017968224361538887,-7.773786822595774e-12,12.833055194547342,-1.3968114576717536e-13,1
0.017209522426128387,-7.494354095638478e-12,12.83508019457804,-1.2897425487823752e-13,1
0.0148328747600317,-6.557292035747064e-12,12.837105194608739,-9.726349153118952e-14,1
0.009023912250995636,-5.148402971305588e-12,12.839085194638756,-4.645873664582683e-14,1
0.005426202900707722,-4.417522771194005e-12,12.841110194669454,-2.397037487499532e-14,1
0.006775110960006714,-4.68316661492163e-12,12.843135194700153,-3.172897346029308e-14,1
0.012561420910060406,-5.9932471312140745e-12,12.84511519473017,-7.528369983319202e-14,1
0.01651722565293312,-7.163252629949213e-12,12.847140194760868,-1.1831706009783778e-13,1
0.017923230305314064,-7.750783521942584e-12,12.849165194791567,-1.389190781104102e-13,1
0.017789486795663834,-7.676304036863257e-12,12.851145194821584,-1.365575093032799e-13,1
0.015653640031814575,-6.8168986080974214e-12,12.853170194852282,-1.0670927694453485e-13,1
0.01112873014062643,-5.608154565739376e-12,12.855195194882981,-6.241163874903553e-14,1
0.0060002729296684265,-4.5001806101008235e-12,12.857175194912998,-2.7002311893406715e-14,1
0.005747371818870306,-4.470587962324135e-12,12.859200194943696,-2.569413126844256e-14,1
0.010943165980279446,-5.61069680299342e-12,12.861225194974395,-6.139878638018024e-14,1
0.015760695561766624,-6.861066836200136e-12,12.863250195005094,-1.0813518563428366e-13,1
0.01781182922422886,-7.668678192462863e-12,12.86523019503511,-1.3659318633971657e-13,1
0.01798032782971859,-7.745064138642288e-12,12.867255195065809,-1.3925879227498537e-13,1
0.01640303246676922,-7.1162242765154815e-12,12.869280195096508,-1.1672765784849474e-13,1
0.012874211184680462,-5.990263406835394e-12,12.871260195126524,-7.711991615146232e-14,1
0.007067731581628323,-4.704456442461424e-12,12.873285195157223,-3.3249835372779435e-14,1
0.0056902747601270676,-4.425148615594399e-12,12.875310195187922,-2.5180311477128042e-14,1
0.00896433275192976,-5.168960311857651e-12,12.877290195217938,-4.633628021701061e-14,1
0.014640172943472862,-6.5020020617589935e-12,12.879315195248637,-9.519043466296878e-14,1
0.01752355322241783,-7.513102119605097e-12,12.881340195279336,-1.3165624485836014e-13,1
0.018005462363362312,-7.77544435087707e-12,12.883320195309352,-1.4000047061813519e-13,1
0.017109602689743042,-7.388223713378217e-12,12.88534519534005,-1.2640957231883927e-13,1
0.014283319935202599,-6.377124089212982e-12,12.88737019537075,-9.10865036327165e-14,1
0.008234488777816296,-4.9856013414895095e-12,12.889350195400766,-4.1053878297161235e-14,1
0.005561807658523321,-4.4124382966859166e-12,12.891375195431465,-2.454113311126933e-14,1
0.007210472598671913,-4.801689861694269e-12,12.893400195462164,-3.462245317506726e-14,1
0.013149764388799667,-6.118249570169487e-12,12.89538019549218,-8.04535403196036e-14,1
0.016774160787463188,-7.27637394781766e-12,12.897405195522879,-1.220550665504017e-13,1
0.018037423491477966,-7.77239123755935e-12,12.899430195553578,-1.4019391229331053e-13,1
0.01756606623530388,-7.605016442979728e-12,12.901410195583594,-1.3359022255795701e-13,1
0.015275373123586178,-6.7015533747327716e-12,12.903435195614293,-1.0236872830667123e-13,1
0.010086716152727604,-5.380959133133301e-12,12.905460195644991,-5.427620740534279e-14,1
0.005754509009420872,-4.451840372038385e-12,12.90748519567569,-2.561815552939845e-14,1
0.006074746139347553,-4.533005915074995e-12,12.909465195705707,-2.7536860182241446e-14,1
0.011735381558537483,-5.796583699146929e-12,12.911490195736405,-6.802512144548786e-14,1
0.01596767082810402,-6.9691036795604955e-12,12.913515195767104,-1.112803535221505e-13,1
0.017908645793795586,-7.71675605359956e-12,12.91549519579712,-1.381966508410424e-13,1
0.01802315004169941,-7.730447358633707e-12,12.91752019582782,-1.393270126341142e-13,1
0.01612468622624874,-6.9805428798419555e-12,12.919545195858518,-1.125590636263263e-13,1
0.011816682294011116,-5.804583376456396e-12,12.921525195888535,-6.859091760868355e-14,1
0.006518175825476646,-4.600867863774338e-12,12.923550195919233,-2.998926568586627e-14,1
0.005747371818870306,-4.450251799015259e-12,12.925575195949932,-2.557725177653718e-14,1
0.009694176726043224,-5.350661320263628e-12,12.927555195979949,-5.187025643983937e-14,1
0.015046986751258373,-6.661515956907227e-12,12.929580196010647,-1.0023574234687929e-13,1
0.017580650746822357,-7.585232789097951e-12,12.931605196041346,-1.3335332849847632e-13,1
0.01807248964905739,-7.771465762584917e-12,12.933585196071363,-1.404497345523198e-13,1
0.0169097650796175,-7.293850419476389e-12,12.935610196102061,-1.233372971192153e-13,1
0.013676667585968971,-6.222376780495864e-12,12.93763519613276,-8.510137882149375e-14,1
0.007765303831547499,-4.854962352279779e-12,12.939615196162777,-3.7700257756177026e-14,1
0.005604629870504141,-4.418476001744054e-12,12.941640196193475,-2.476392258148043e-14,1
0.008031237870454788,-4.978679794820362e-12,12.943665196224174,-3.9984961713029366e-14,1
0.013962151482701302,-6.329460826987043e-12,12.945690196254873,-8.837289087021695e-14,1
0.017186248674988747,-7.414031194530324e-12,12.94767019628489,-1.2741938379332201e-13,1
0.018123067915439606,-7.78065285811369e-12,12.949695196315588,-1.4100930017405369e-13,1
0.017445046454668045,-7.527718899613678e-12,12.951720196346287,-1.3132140590144323e-13,1
0.015056295320391655,-6.5897443751739004e-12,12.953700196376303,-9.921713739850803e-14,1
0.00940155703574419,-5.215090512211695e-12,12.955725196407002,-4.9029970897126637e-14,1
0.0056902747601270676,-4.4343634666987874e-12,12.9577501964377,-2.5232746511785675e-14,1
0.006648195441812277,-4.676576400436394e-12,12.959730196467717,-3.10907939086681e-14,1
0.012598968110978603,-5.9634059842994525e-12,12.961755196498416,-7.513276182900777e-14,1
0.016552910208702087,-7.14418715158649e-12,12.963780196529115,-1.182570884343743e-13,1
0.018079934641718864,-7.762181522541489e-12,12.965760196559131,-1.4033973460470795e-13,1
0.017944641411304474,-7.704390944662798e-12,12.96778519658983,-1.3825253279447524e-13,1
0.015810653567314148,-6.855347019218971e-12,12.969810196620529,-1.0838751680459084e-13,1
0.011399628594517708,-5.677922541857949e-12,12.971790196650545,-6.472620816562055e-14,1
0.00615418516099453,-4.530961543458556e-12,12.973815196681244,-2.7884376295789516e-14,1
0.0058401538990437984,-4.474718772601305e-12,12.975840196711943,-2.613304628693199e-14,1
0.01072191633284092,-5.567840893200282e-12,12.977820196741959,-5.969792421146368e-14,1
0.015667913481593132,-6.836917317010194e-12,12.979845196772658,-1.0712022900372156e-13,1
0.017794763669371605,-7.663401163648942e-12,12.981870196803357,-1.3636841261072027e-13,1
0.017998015508055687,-7.761517990811928e-12,12.983850196833373,-1.396919211646863e-13,1
0.0165814608335495,-7.185177799962084e-12,12.985875196864072,-1.1914074427216065e-13,1
0.013091426342725754,-6.070489597109763e-12,12.98790019689477,-7.94713674248454e-14,1
0.007067731581628323,-4.7375029246787825e-12,12.98992519692547,-3.3483399038808776e-14,1
0.005605561193078756,-4.432871604509447e-12,12.991905196955486,-2.484873304013892e-14,1
0.008773493580520153,-5.130567411887332e-12,12.993930196986184,-4.5013000252619406e-14,1
0.014604488387703896,-6.502637837912939e-12,12.995955197016883,-9.496769879324348e-14,1
0.017499038949608803,-7.50753452460895e-12,12.9979351970469,-1.3137463906166482e-13,1
0.018144480884075165,-7.796541190430162e-12,12.999960197077598,-1.414641925916647e-13,1
0.01721666008234024,-7.41459758174523e-12,13.001985197108297,-1.2765460621224958e-13,1
0.01452753134071827,-6.446173889812501e-12,13.003965197138314,-9.36469932119709e-14,1
0.008566518314182758,-5.044137850462871e-12,13.005990197169012,-4.3210699275252635e-14,1
0.005633178632706404,-4.422924700098196e-12,13.008015197199711,-2.491512491466254e-14,1
0.0072067491710186005,-4.782348128617997e-12,13.009995197229728,-3.4465183411440105e-14,1
0.013198482804000378,-6.1029007368540444e-12,13.012020197260426,-8.054903042988934e-14,1
0.016916902735829353,-7.277962954521655e-12,13.014045197291125,-1.2312059141661207e-13,1
0.01816185750067234,-7.782738863093552e-12,13.016025197321142,-1.4134899419644976e-13,1
0.017723392695188522,-7.625270206923496e-12,13.01805019735184,-1.3514565828422656e-13,1
0.015439527109265327,-6.733328738323108e-12,13.020075197382539,-1.0395941159093493e-13,1
0.010558074340224266,-5.462733130429109e-12,13.022055197412556,-5.767594249187656e-14,1
0.0059614842757582664,-4.48456896617877e-12,13.024080197443254,-2.6734687375428244e-14,1
0.00599716929718852,-4.529690424831534e-12,13.026105197473953,-2.71653203415685e-14,1
0.011592640541493893,-5.781331576665272e-12,13.028130197504652,-6.702089881946864e-14,1
0.01603190414607525,-6.9518201958884696e-12,13.030110197534668,-1.11450915021234e-13,1
0.017973190173506737,-7.718690270275275e-12,13.032135197565367,-1.3872948811805362e-13,1
0.018037423491477966,-7.751419298096529e-12,13.034160197596066,-1.3981563253978198e-13,1
0.01627766713500023,-7.02410308736634e-12,13.036140197626082,-1.1433601197807672e-13,1
0.012156469747424126,-5.857275602039191e-12,13.038165197656781,-7.120379365851486e-14,1
0.006518176756799221,-4.62597061351433e-12,13.04019019768748,-3.0152894130645336e-14,1
0.005739613901823759,-4.463707615337542e-12,13.042170197717496,-2.5619958282667937e-14,1
0.00946579035371542,-5.304062310890201e-12,13.044195197748195,-5.020714185792998e-14,1
0.015054124407470226,-6.6414972479944545e-12,13.046220197778894,-9.998192582317966e-14,1
0.01762564666569233,-7.577827254579006e-12,13.04820019780891,-1.3356410568286292e-13,1
0.01820157654583454,-7.79113926152597e-12,13.050225197839609,-1.4181101764792174e-13,1
0.01697399839758873,-7.327532677847692e-12,13.052250197870308,-1.2437752793206578e-13,1
0.013939187861979008,-6.271767827303876e-12,13.054230197900324,-8.742334997150464e-14,1
0.007831399329006672,-4.89638104367307e-12,13.056255197931023,-3.834551521998227e-14,1
0.005626040976494551,-4.425148615594399e-12,13.058280197961722,-2.489606743841222e-14,1
0.007809987757354975,-4.930892066185022e-12,13.060260197991738,-3.85102066697438e-14,1
0.0137409009039402,-6.273535510525896e-12,13.062285198022437,-8.620402976748623e-14,1
0.01708105579018593,-7.393308187886305e-12,13.064310198053136,-1.262855096313244e-13,1
0.018042700365185738,-7.790364707493946e-12,13.066290198083152,-1.405592161528311e-13,1
0.017466457560658455,-7.567120541285277e-12,13.06831519811385,-1.3217078979074613e-13,1
0.015125494450330734,-6.634188857990164e-12,13.07034019814455,-1.0034538675397622e-13,1
0.009401556104421616,-5.2583050760834915e-12,13.072365198175248,-4.943625018696392e-14,1
0.005717271938920021,-4.441492312823314e-12,13.074345198205265,-2.5393219367033718e-14,1
0.0065253134816884995,-4.661559332985732e-12,13.076370198235963,-3.0418135961222645e-14,1
0.012477638199925423,-5.957368279241315e-12,13.078395198266662,-7.433388601208542e-14,1
0.016478747129440308,-7.126558457942744e-12,13.080375198296679,-1.1743675473161254e-13,1
0.01810879446566105,-7.762540610301016e-12,13.082400198327377,-1.4057025244328819e-13,1
0.017887545749545097,-7.729811582479762e-12,13.084425198358076,-1.3826735831697033e-13,1
0.016002114862203598,-6.90639516062741e-12,13.086405198388093,-1.1051692864412688e-13,1
0.011635462753474712,-5.728583839931245e-12,13.088430198418791,-6.665472389967714e-14,1
0.0063611604273319244,-4.557335411825569e-12,13.09045519844949,-2.898994167578325e-14,1
0.006007720250636339,-4.481944329559617e-12,13.092435198479507,-2.6926267710920023e-14,1
0.010686231777071953,-5.535388120092577e-12,13.094460198510205,-5.915244042735987e-14,1
0.015696462243795395,-6.824842340574788e-12,13.096485198540904,-1.0712588011868836e-13,1
0.017968224361538887,-7.664367404625061e-12,13.09846519857092,-1.377150731155686e-13,1
0.01815161667764187,-7.776839935913493e-12,13.10049019860162,-1.4116221748007868e-13,1
0.016788434237241745,-7.225532672183732e-12,13.102515198632318,-1.213053800959982e-13,1
0.01355937123298645,-6.1464331888028134e-12,13.104495198662335,-8.334176936572604e-14,1
0.007381762843579054,-4.7924745769090116e-12,13.106520198693033,-3.537691076062419e-14,1
0.005861565005034208,-4.442307632857023e-12,13.108545198723732,-2.603887496235108e-14,1
0.008755805902183056,-5.0973409521093416e-12,13.110525198753749,-4.463132799391837e-14,1
0.014604488387703896,-6.472133159268756e-12,13.112550198784447,-9.452219356821387e-14,1
0.01752355322241783,-7.496578878496418e-12,13.114575198815146,-1.3136669896338536e-13,1
0.018358591943979263,-7.805437719776709e-12,13.116600198845845,-1.4329684604152456e-13,1
0.0174394603818655,-7.46244125521267e-12,13.118580198875861,-1.3014094862228003e-13,1
0.01491851918399334,-6.5108994584672786e-12,13.12060519890656,-9.713297847619594e-14,1
0.00895192101597786,-5.084810610761492e-12,13.122630198937259,-4.5518822968743017e-14,1
0.005873666610568762,-4.441492312823314e-12,13.124610198967275,-2.6087845098928126e-14,1
0.007303254678845406,-4.7581574097455e-12,13.126635198997974,-3.475003536540676e-14,1
0.013241305015981197,-6.096227689322831e-12,13.128660199028673,-8.072201028119386e-14,1
0.017081985250115395,-7.26283486476853e-12,13.13064019905869,-1.2406363803399987e-13,1
0.018365729600191116,-7.79526963812227e-12,13.132665199089388,-1.4316581433433328e-13,1
0.017944641411304474,-7.657045136832963e-12,13.134690199120087,-1.3740292925064032e-13,1
0.01581593044102192,-6.780729623623305e-12,13.136670199150103,-1.0724354806660293e-13,1
0.01105022244155407,-5.536659672400468e-12,13.138695199180802,-6.118132096320705e-14,1
0.006147048436105251,-4.501092640968318e-12,13.1407201992115,-2.7668434479429156e-14,1
0.006179009564220905,-4.523722108712436e-12,13.142700199241517,-2.7952122175611702e-14,1
0.011649737134575844,-5.735892229935535e-12,13.144725199272216,-6.682163671100505e-14,1
0.016110412776470184,-6.938599000916312e-12,13.146750199302915,-1.1178369399516541e-13,1
0.01808738335967064,-7.724050565816043e-12,13.148730199332931,-1.3970786367339568e-13,1
0.018215849995613098,-7.77239123755935e-12,13.15075519936363,-1.4158071289059878e-13,1
0.016610007733106613,-7.08603791962914e-12,13.152780199394329,-1.1769914464212671e-13,1
0.012434815987944603,-5.9084343320692234e-12,13.154805199425027,-7.347029369613517e-14,1
0.006893958896398544,-4.66563463211167e-12,13.156785199455044,-3.21646933793914e-14,1
0.006004306487739086,-4.462961684242872e-12,13.158810199485742,-2.6796989795230436e-14,1
0.009551435708999634,-5.283408259504352e-12,13.160835199516441,-5.046413431505347e-14,1
0.015056295320391655,-6.61593869966115e-12,13.162815199546458,-9.961152688370623e-14,1
0.017766214907169342,-7.576971168543611e-12,13.164840199577156,-1.3461409812577182e-13,1
0.01818016543984413,-7.80448448922666e-12,13.166865199607855,-1.418868191868381e-13,1
0.01714901253581047,-7.371258117783164e-12,13.168845199637872,-1.2640979786655817e-13,1
0.014211948029696941,-6.325647904786846e-12,13.17087019966857,-8.989977927699201e-14,1
0.008138293400406837,-4.936735915894719e-12,13.17289519969927,-4.0176605323877394e-14,1
0.005866219289600849,-4.442487176736787e-12,13.174875199729286,-2.6060603969977756e-14,1
0.00790276937186718,-4.910044593131602e-12,13.176900199759984,-3.880295002510247e-14,1
0.013812271878123283,-6.25319934721702e-12,13.178925199790683,-8.637088949186452e-14,1
0.017312854528427124,-7.368605725588395e-12,13.1809051998207,-1.2757159900444708e-13,1
0.018365729600191116,-7.807662502634649e-12,13.182930199851398,-1.4339341833293943e-13,1
0.017816174775362015,-7.592858633498345e-12,13.184955199882097,-1.352756964590229e-13,1
0.015406323596835136,-6.682915939387746e-12,13.186935199912114,-1.0295916553265508e-13,1
0.010029619559645653,-5.329800403103269e-12,13.188960199942812,-5.345587037197183e-14,1
0.005918661132454872,-4.4623263417697956e-12,13.190985199973511,-2.6410997479362425e-14,1
0.006610957905650139,-4.625514814921017e-12,13.192965200003528,-3.0579083733403935e-14,1
0.012420541606843472,-5.913836260973415e-12,13.194990200034226,-7.345304933547993e-14,1
0.016510087996721268,-7.0815896549558666e-12,13.197015200064925,-1.1691766835999236e-13,1
0.01824439875781536,-7.768895769755257e-12,13.199040200095624,-1.4173883233131983e-13,1
0.018281016498804092,-7.758202066887598e-12,13.20102020012564,-1.418278199858282e-13,1
0.016181781888008118,-6.953534102682735e-12,13.203045200156339,-1.1252057220043825e-13,1
0.011920945718884468,-5.770527718856888e-12,13.205070200187038,-6.879014770581118e-14,1
0.0065737213008105755,-4.5774365201034506e-12,13.207050200217054,-3.009079195531229e-14,1
0.006097088567912579,-4.499185746187351e-12,13.209075200247753,-2.743193397799412e-14,1
0.01065768301486969,-5.511239034583504e-12,13.211100200278452,-5.873703864976744e-14,1
0.01580103486776352,-6.806592182245774e-12,13.213080200308468,-1.0755120040231206e-13,1
0.018115932121872902,-7.659269919690903e-12,13.215105200339167,-1.3875481396822331e-13,1
0.018280085176229477,-7.796540323068424e-12,13.217130200369866,-1.4252142118559847e-13,1
0.017081985250115395,-7.276428591607154e-12,13.219110200399882,-1.2429584587535133e-13,1
0.013676667585968971,-6.19187253553255e-12,13.22113520043058,-8.468418240316953e-14,1
0.007624424062669277,-4.82361503170714e-12,13.22316020046128,-3.677728651680115e-14,1
0.005955588072538376,-4.455086907023675e-12,13.225140200491296,-2.6532662445592085e-14,1
0.008766356855630875,-5.089894651588711e-12,13.227165200521995,-4.461983287339362e-14,1
0.01462589856237173,-6.458151721733252e-12,13.229190200552694,-9.445627198247689e-14,1
0.017647987231612206,-7.486645851872975e-12,13.23117020058271,-1.3212423040145675e-13,1
0.018494196236133575,-7.82005449978529e-12,13.233195200613409,-1.4462562249628853e-13,1
0.01765202172100544,-7.509606651801004e-12,13.235220200644108,-1.3255973973379826e-13,1
0.015075534582138062,-6.555385574646966e-12,13.237245200674806,-9.882594192983932e-14,1
0.009128175675868988,-5.137129437116084e-12,13.239225200704823,-4.689261997167358e-14,1
0.005918662063777447,-4.460419880669697e-12,13.241250200735522,-2.6399717936238462e-14,1
0.00732466671615839,-4.763558904968823e-12,13.24327520076622,-3.4891481361685046e-14,1
0.013276370242238045,-6.098355761346985e-12,13.245255200796237,-8.096402895652805e-14,1
0.01701682060956955,-7.245868835492608e-12,13.247280200826935,-1.2330165013404833e-13,1
0.018401414155960083,-7.808297411426857e-12,13.249305200857634,-1.4368371452057663e-13,1
0.01813206821680069,-7.695535181317936e-12,13.25128520088765,-1.3953596887244648e-13,1
0.015996219590306282,-6.824842340574788e-12,13.25331020091835,-1.091716767490542e-13,1
0.011150140315294266,-5.589406975453626e-12,13.255335200949048,-6.232267205559246e-14,1
0.006342852488160133,-4.535990506815413e-12,13.257315200979065,-2.8771118672424885e-14,1
0.006139911245554686,-4.52619539070831e-12,13.259340201009763,-2.7790437978987734e-14,1
0.011592640541493893,-5.719686876903829e-12,13.261365201040462,-6.630627397384592e-14,1
0.016113825142383575,-6.90937888500609e-12,13.263345201070479,-1.1133652319546533e-13,1
0.01818016543984413,-7.727905121379663e-12,13.265370201101177,-1.4049459361010103e-13,1
0.018344318494200706,-7.786372241413986e-12,13.267395201131876,-1.4283569231090159e-13,1
0.01682877354323864,-7.1348478340726995e-12,13.269375201161893,-1.2007073846507616e-13,1
0.013077152892947197,-5.992639544316614e-12,13.271400201192591,-7.836666355334978e-14,1
0.007174787577241659,-4.7171667613699064e-12,13.27342520122329,-3.3844669479254075e-14,1
0.00603750953450799,-4.4756442475757385e-12,13.275405201253307,-2.702174481780436e-14,1
0.009522886946797371,-5.23224952947432e-12,13.277430201284005,-4.9826120746617687e-14,1
0.015175454318523407,-6.59319820961457e-12,13.279455201314704,-1.0005477824297623e-13,1
0.017908956855535507,-7.579830860193759e-12,13.281480201345403,-1.3574686384746662e-13,1
0.018541673198342323,-7.822858680284206e-12,13.28346020137542,-1.4504888912664526e-13,1
0.01752355322241783,-7.39998080173665e-12,13.285485201406118,-1.2967395742410236e-13,1
0.014497431926429272,-6.362825197281374e-12,13.287510201436817,-9.224462515735562e-14,1
0.008457910269498825,-4.974327807300005e-12,13.289490201466833,-4.207241824521629e-14,1
0.005990032106637955,-4.453111490665407e-12,13.291515201497532,-2.667428080352419e-14,1
0.007931318134069443,-4.888755199272676e-12,13.29354020152823,-3.877427276501765e-14,1
0.013827476650476456,-6.214737058307662e-12,13.295520201558247,-8.593413156259993e-14,1
0.017416497692465782,-7.3615323906151e-12,13.297545201588946,-1.2821211189416e-13,1
0.0185512937605381,-7.821325184731442e-12,13.299570201619645,-1.4509570109864792e-13,1
0.017983119934797287,-7.623584055704846e-12,13.301550201649661,-1.3709582640674857e-13,1
0.01571073569357395,-6.71489903611433e-12,13.30357520168036,-1.0549600396542673e-13,1
0.010343651287257671,-5.374286085602087e-12,13.305600201711059,-5.558974118742902e-14,1
0.006119430996477604,-4.487580879813935e-12,13.307580201741075,-2.746144153513363e-14,1
0.006610957905650139,-4.613896070759793e-12,13.309605201771774,-3.050227270483757e-14,1
0.012420541606843472,-5.900807620307091e-12,13.311630201802473,-7.329122656200324e-14,1
0.016530878841876984,-7.042671133772327e-12,13.313610201832489,-1.1642154323557475e-13,1
0.01847992278635502,-7.769214091513099e-12,13.315635201863188,-1.4357447652182343e-13,1
0.01841568946838379,-7.781287766905898e-12,13.317660201893887,-1.4329777917947255e-13,1
0.016545774415135384,-6.989757730946344e-12,13.319685201924585,-1.1565095463268678e-13,1
0.012159261852502823,-5.796293566645572e-12,13.321665201954602,-7.047865125082103e-14,1
0.006796522065997124,-4.620250796533165e-12,13.3236902019853,-3.1401636489078444e-14,1
0.006254104431718588,-4.5058587937185646e-12,13.325715202016,-2.8180111450493445e-14,1
0.010543178766965866,-5.4733426992081835e-12,13.327695202046016,-5.770643053061936e-14,1
0.015696462243795395,-6.760337949163198e-12,13.329720202076714,-1.0611338937433732e-13,1
0.018165890127420425,-7.654185445182815e-12,13.331745202107413,-1.3904509181209161e-13,1
0.018489543348550797,-7.819211424175965e-12,13.33372520213743,-1.445736485787851e-13,1
0.017209522426128387,-7.311962667289063e-12,13.335750202168128,-1.2583538550172466e-13,1
0.013940739445388317,-6.23762933665839e-12,13.337775202198827,-8.695716533926498e-14,1
0.00792169850319624,-4.855625450328471e-12,13.339755202228844,-3.846480086194862e-14,1
0.005975758191198111,-4.466456718366096e-12,13.341780202259542,-2.6690465320408033e-14,1
0.008716396987438202,-5.07210029185301e-12,13.343805202290241,-4.4210439703892e-14,1
0.01453497912734747,-6.424621685346965e-12,13.345785202320258,-9.338174209762206e-14,1
0.01765202172100544,-7.476242715187542e-12,13.347810202350956,-1.3197079879999918e-13,1
0.018537018448114395,-7.83371804924382e-12,13.349835202381655,-1.4521377599615942e-13,1
0.017804382368922234,-7.561580701864745e-12,13.351815202411672,-1.3462927412946328e-13,1
0.0152682363986969,-6.61925462358548e-12,13.35384020244237,-1.0106434437607057e-13,1
0.0094229681417346,-5.2058752274264375e-12,13.355865202473069,-4.9054796417884686e-14,1
0.0059406934306025505,-4.471333893418805e-12,13.357845202503086,-2.656282388666362e-14,1
0.0071319653652608395,-4.744175972209996e-12,13.359870202533784,-3.3835298720504365e-14,1
0.013005781918764114,-6.058415054355226e-12,13.361895202564483,-7.879442497030151e-14,1
0.017009684816002846,-7.237925103015241e-12,13.363920202595182,-1.2311482472412418e-13,1
0.01840762048959732,-7.821532484186822e-12,13.365900202625198,-1.4397580161596837e-13,1
0.018208714202046394,-7.730764813029811e-12,13.367925202655897,-1.4076728704369646e-13,1
0.016046177595853806,-6.8629732973002344e-12,13.369950202686596,-1.1012448836408194e-13,1
0.011429417878389359,-5.6487440593111504e-12,13.371930202716612,-6.456185634193654e-14,1
0.006453942507505417,-4.559559327321772e-12,13.373955202747311,-2.9427133758094786e-14,1
0.006218418478965759,-4.5315968859316325e-12,13.37598020277801,-2.8179365814700953e-14,1
0.011377287097275257,-5.681238899463148e-12,13.377960202808026,-6.463708602740036e-14,1
0.01618891954421997,-6.913178363099348e-12,13.379985202838725,-1.1191688831505766e-13,1
0.018237262964248657,-7.734578602591746e-12,13.382010202869424,-1.4105754389311659e-13,1
0.018370384350419044,-7.804622399743e-12,13.38399020289944,-1.4337391319316873e-13,1
0.016966862604022026,-7.184224569412034e-12,13.386015202930139,-1.218937511856533e-13,1
0.013141386210918427,-6.03903168791553e-12,13.388040202960838,-7.936124775087258e-14,1
0.007422723341733217,-4.76378008221201e-12,13.390020202990854,-3.536022161111887e-14,1
0.006104225292801857,-4.484886854255743e-12,13.392045203021553,-2.7376759771102462e-14,1
0.009344460442662239,-5.219220888807996e-12,13.394070203052252,-4.877080313698277e-14,1
0.014996716752648354,-6.5582448326162446e-12,13.396050203082268,-9.835214014926553e-14,1
0.01784472167491913,-7.56648563249307e-12,13.398075203112967,-1.3502183016911325e-13,1
0.018451374024152756,-7.837213517047914e-12,13.400100203143666,-1.4460735791019674e-13,1
0.017423635348677635,-7.42603721570756e-12,13.402125203174364,-1.2938856453219788e-13,1
0.014639241620898247,-6.4312530995147554e-12,13.40410520320438,-9.414866804894726e-14,1
0.008587929420173168,-5.0342872232045366e-12,13.40613020323508,-4.3234103353760125e-14,1
0.006004306487739086,-4.470270074247162e-12,13.408155203265778,-2.6840871608748123e-14,1
0.007653593085706234,-4.86490925669103e-12,13.410135203295795,-3.723403584959872e-14,1
0.013562474399805069,-6.18964775267461e-12,13.412160203326494,-8.394693918946037e-14,1
0.017295166850090027,-7.353906546214706e-12,13.414185203357192,-1.2718704071675262e-13,1
0.01842251606285572,-7.832474252511545e-12,13.416165203387209,-1.442938827287978e-13,1
0.017973190173506737,-7.656727682436859e-12,13.418190203417907,-1.3761582274319117e-13,1
0.015675049275159836,-6.740637128327398e-12,13.420215203448606,-1.0565981913250386e-13,1
0.010505941696465015,-5.429907391774069e-12,13.422195203478623,-5.704629047518279e-14,1
0.006261241622269154,-4.50744736674169e-12,13.424220203509321,-2.8222217062830566e-14,1
0.006625232752412558,-4.605316562128481e-12,13.42624520354002,-3.051129412264161e-14,1
0.01206244621425867,-5.853987000009608e-12,13.428225203570037,-7.061340332658537e-14,1
0.01641017012298107,-7.021851416294522e-12,13.430250203600735,-1.152297763196887e-13,1
0.018272947520017624,-7.77429769865945e-12,13.432275203631434,-1.420593338525979e-13,1
0.018370384350419044,-7.798654083623902e-12,13.43425520366145,-1.432642729321361e-13,1
0.016617145389318466,-7.046635844276672e-12,13.43628020369215,-1.1709497232992834e-13,1
0.012327759526669979,-5.855369140939093e-12,13.438305203722848,-7.218358270938131e-14,1
0.006871616933494806,-4.6560194935652e-12,13.440285203752865,-3.199438239466454e-14,1
0.006147048436105251,-4.50744736674169e-12,13.442310203783563,-2.770749728655624e-14,1
0.010165223851799965,-5.421631893431922e-12,13.444335203814262,-5.511210183879358e-14,1
0.015489485114812851,-6.741590792558316e-12,13.44636020384496,-1.0442377023149141e-13,1
0.01811717264354229,-7.652099440202953e-12,13.448340203874977,-1.386344066437102e-13,1
0.018444236367940903,-7.828951896493574e-12,13.450365203905676,-1.443990392921667e-13,1
0.01717383787035942,-7.343738464560268e-12,13.452390203936375,-1.2612017375268027e-13,1
0.014021108858287334,-6.266130843368689e-12,13.454370203966391,-8.785810267514421e-14,1
0.008102607913315296,-4.905595894777459e-12,13.45639520399709,-3.974812011655087e-14,1
0.005975758191198111,-4.4753541150743814e-12,13.458420204027789,-2.6743634011667906e-14,1
0.008465358056128025,-5.042631676804854e-12,13.460400204057805,-4.268768268932634e-14,1
0.014304730109870434,-6.3857035978442944e-12,13.462425204088504,-9.134576652879124e-14,1
0.017573513090610504,-7.471158240679454e-12,13.464450204119203,-1.3129449714460293e-13,1
0.018467199057340622,-7.840432296457589e-12,13.46643020414922,-1.4479082391428456e-13,1
0.017858996987342834,-7.584597880305743e-12,13.468455204179918,-1.3545331069458712e-13,1
0.01536815520375967,-6.6516653296488926e-12,13.470480204210617,-1.0222382514951141e-13,1
0.009813334792852402,-5.277716198098803e-12,13.472460204240633,-5.179199599360368e-14,1
0.006089951377362013,-4.487746545905891e-12,13.474485204271332,-2.7330158258491195e-14,1
0.007139102555811405,-4.7324188838515635e-12,13.47651020430203,-3.3785223748874854e-14,1
0.012844421900808811,-6.02441490790695e-12,13.478490204332047,-7.738012678267912e-14,1
0.01695258729159832,-7.1969348883205164e-12,13.480515204362746,-1.2200666692620296e-13,1
0.01847992278635502,-7.817512262531245e-12,13.482540204393445,-1.4446702299296094e-13,1
0.018365729600191116,-7.753960667988835e-12,13.484565204424143,-1.4240714495880023e-13,1
0.016240430995821953,-6.895121626437906e-12,13.48654520445416,-1.1197974698196444e-13,1
0.011806752532720566,-5.7266773788311465e-12,13.488570204484859,-6.761346264658821e-14,1
0.006511039100587368,-4.578624805684495e-12,13.490595204515557,-2.9811605136730985e-14,1
0.006305614951997995,-4.536653604864105e-12,13.492575204545574,-2.8606390802866705e-14,1
0.011257197707891464,-5.640565705483658e-12,13.494600204576273,-6.349696333098183e-14,1
0.016138959676027298,-6.905869973095058e-12,13.496625204606971,-1.1145355702366886e-13,1
0.01836293749511242,-7.72305570190257e-12,13.498605204636988,-1.4181798912530847e-13,1
0.01850847154855728,-7.821325184731442e-12,13.500630204667686,-1.4476077465361643e-13,1
0.017023958265781403,-7.2261684483376776e-12,13.502655204698385,-1.2301799008600698e-13,1
0.013484897091984749,-6.114602314061246e-12,13.504635204728402,-8.245478296352771e-14,1
0.007531641982495785,-4.801371973617297e-12,13.5066602047591,-3.6162214730074675e-14,1
0.00613277405500412,-4.4918773561830605e-12,13.5086852047898,-2.7547668908259973e-14,1
0.009105833247303963,-5.1709500396845964e-12,13.510665204819816,-4.7085808791507744e-14,1
0.014982752501964569,-6.545217059311659e-12,13.512690204850514,-9.806536727130293e-14,1
0.017858996987342834,-7.566167310735228e-12,13.514715204881213,-1.3512415920815227e-13,1
0.018593804910779,-7.847726808674071e-12,13.51669520491123,-1.4591910127357595e-13,1
0.017644884064793587,-7.481326322333892e-12,13.518720204941928,-1.320071356084701e-13,1
0.01493993028998375,-6.488974288454408e-12,13.520745204972627,-9.694482352300575e-14,1
0.008986675180494785,-5.0996615784393295e-12,13.522725205002644,-4.5829002135883584e-14,1
0.006075677461922169,-4.486475427278869e-12,13.524750205033342,-2.7258377636985855e-14,1
0.0076172868721187115,-4.835371686384704e-12,13.526775205064041,-3.683241326851272e-14,1
0.013562473468482494,-6.178526440470122e-12,13.52880020509474,-8.379610092319362e-14,1
0.017312854528427124,-7.336775284527697e-12,13.530780205124756,-1.2702052320878754e-13,1
0.018515609204769135,-7.845156815844412e-12,13.532805205155455,-1.452578577523061e-13,1
0.018094521015882492,-7.676110615195686e-12,13.534830205186154,-1.3889554484689702e-13,1
0.01580103486776352,-6.784708645596327e-12,13.53681020521617,-1.0720541787668416e-13,1
0.01075760181993246,-5.501070952929066e-12,13.538835205246869,-5.917833089480731e-14,1
0.006254104431718588,-4.5328680045586545e-12,13.540860205277568,-2.8349029875705673e-14,1
0.006394983734935522,-4.584067934271241e-12,13.542840205307584,-2.9315039879504064e-14,1
0.011885261163115501,-5.831219188068282e-12,13.544865205338283,-6.930556294956186e-14,1
0.01629597693681717,-7.008187433155122e-12,13.546890205368982,-1.1420526077958778e-13,1
0.018281016498804092,-7.777433211342277e-12,13.548870205398998,-1.4217938485489507e-13,1
0.01833004504442215,-7.806390950326758e-12,13.550895205429697,-1.430914977538589e-13,1
0.01662428304553032,-7.0790474177018226e-12,13.552920205460396,-1.176840879646056e-13,1
0.012621000409126282,-5.925275027574006e-12,13.554900205490412,-7.478289854719727e-14,1
0.007060594391077757,-4.691746123552942e-12,13.556925205521111,-3.312651636431871e-14,1
0.006182733457535505,-4.519840231254069e-12,13.55895020555181,-2.7944967420489546e-14,1
0.009910151362419128,-5.3569614022475065e-12,13.560930205581826,-5.308829833890981e-14,1
0.015375292859971523,-6.687889391593371e-12,13.562955205612525,-1.0282825801084486e-13,1
0.018001738935709,-7.641475993636071e-12,13.564980205643224,-1.3755985592092408e-13,1
0.018422827124595642,-7.845156815844412e-12,13.567005205673922,-1.445299677836448e-13,1
0.017387328669428825,-7.371258117783164e-12,13.568985205703939,-1.2816648760109116e-13,1
0.014211948029696941,-6.323423555609775e-12,13.571010205734638,-8.986816694208757e-14,1
0.008202526718378067,-4.936735915894719e-12,13.573035205765336,-4.049370825170305e-14,1
0.00603750953450799,-4.482938759792221e-12,13.575015205795353,-2.7065785504860958e-14,1
0.008309583179652691,-5.009502361541518e-12,13.577040205826052,-4.162687656189583e-14,1
0.014233360067009926,-6.356470471508002e-12,13.57906520585675,-9.047393297628975e-14,1
0.017603302374482155,-7.457135603461396e-12,13.581045205886767,-1.312702128752474e-13,1
0.01852274499833584,-7.848970605406347e-12,13.583070205917466,-1.4538448102337543e-13,1
0.017866134643554688,-7.614148894719008e-12,13.585095205948164,-1.360354093491229e-13,1
0.015473349019885063,-6.6862318633120754e-12,13.58707520597818,-1.0345839924890418e-13,1
0.009922564029693604,-5.319950209525803e-12,13.58910020600888,-5.2787546588801685e-14,1
0.006025718059390783,-4.502681213991444e-12,13.591125206039578,-2.713188750682786e-14,1
0.006946091074496508,-4.70476001906972e-12,13.593105206069595,-3.2679691576108203e-14,1
0.012763122096657753,-6.006620548171249e-12,13.595130206100293,-7.666323144460297e-14,1
0.016838394105434418,-7.1788226405078426e-12,13.597155206130992,-1.208798448338864e-13,1
0.01845230534672737,-7.820537620273349e-12,13.599135206161009,-1.4430694814485247e-13,1
0.018358591943979263,-7.785101556467833e-12,13.601160206191707,-1.4292350271763078e-13,1
0.01631738804280758,-6.954486899551915e-12,13.603185206222406,-1.1347906137861037e-13,1
0.01203265693038702,-5.793641174450803e-12,13.605165206252423,-6.971289662993105e-14,1
0.006653781048953533,-4.61770899295999e-12,13.607190206283121,-3.0725224586939487e-14,1
0.006325474940240383,-4.543989316763142e-12,13.60921520631382,-2.8742890551905274e-14,1
0.011107318103313446,-5.618323081074683e-12,13.611240206344519,-6.24045016686846e-14,1
0.0160616934299469,-6.900758610373092e-12,13.613220206374535,-1.1083786923387899e-13,1
0.01822298765182495,-7.71710126357128e-12,13.615245206405234,-1.4062864103394216e-13,1
0.01859411597251892,-7.836577740893969e-12,13.617270206435933,-1.4571423534184278e-13,1
0.01710432767868042,-7.26250309890375e-12,13.61925020646595,-1.2422023277108173e-13,1
0.013797997497022152,-6.183928369374314e-12,13.621275206496648,-8.532582816239106e-14,1
0.007809988223016262,-4.831240876107534e-12,13.623300206527347,-3.773193434495461e-14,1
0.006111983675509691,-4.499848844236043e-12,13.625280206557363,-2.7503002678231846e-14,1
0.009044703096151352,-5.168380480535806e-12,13.627305206588062,-4.6746466934390415e-14,1
0.014904244802892208,-6.54744140848873e-12,13.62933020661876,-9.758466958470939e-14,1
0.01785651408135891,-7.558264777940416e-12,13.631310206648777,-1.349642614379321e-13,1
0.01859411597251892,-7.864540615964977e-12,13.633335206679476,-1.4623418028383817e-13,1
0.01775907725095749,-7.513102119605097e-12,13.635360206710175,-1.3342576093639938e-13,1
0.015182901173830032,-6.565871110697508e-12,13.637340206740191,-9.968897219382589e-14,1
0.009258815087378025,-5.152810036296307e-12,13.63936520677089,-4.7708915306453156e-14,1
0.006168459542095661,-4.492513132337006e-12,13.641390206801589,-2.7711885499154272e-14,1
0.007467408198863268,-4.809205551153939e-12,13.643370206831605,-3.5912300962705664e-14,1
0.013476829044520855,-6.150881887156956e-12,13.645395206862304,-8.289438366625411e-14,1
0.017380813136696815,-7.318635281139407e-12,13.647420206893003,-1.272038322371206e-13,1
0.018644075840711594,-7.855007443102746e-12,13.649445206923701,-1.4644935449856166e-13,1
0.018340595066547394,-7.70680914918831e-12,13.651425206953718,-1.4134746586042543e-13,1
0.016138959676027298,-6.829926815082876e-12,13.653450206984417,-1.1022791345884009e-13,1
0.011192964389920235,-5.5589022968094426e-12,13.655475207015115,-6.22205954552339e-14,1
0.006536484695971012,-4.555552983454003e-12,13.657455207045132,-2.977730235803218e-14,1
0.006639506667852402,-4.5764008901882924e-12,13.65948020707583,-3.0385044225170835e-14,1
0.012085098773241043,-5.808658675582334e-12,13.66150520710653,-7.019821383445601e-14,1
0.01656811498105526,-6.979341150153973e-12,13.663485207136546,-1.1563452666776148e-13,1
0.018544156104326248,-7.782559319213789e-12,13.665510207167245,-1.443209949066795e-13,1
0.01861552707850933,-7.81910126923524e-12,13.667535207197943,-1.455566914070553e-13,1
0.017014959827065468,-7.1295430496831624e-12,13.66951520722796,-1.2130888857569283e-13,1
0.013020056299865246,-5.964994991003447e-12,13.671540207258658,-7.766457061127907e-14,1
0.007474544923752546,-4.7286059616513665e-12,13.673565207289357,-3.534417768708725e-14,1
0.006417326629161835,-4.521069716517667e-12,13.675545207319374,-2.901318108410597e-14,1
0.010029619559645653,-5.326940277772252e-12,13.677570207350072,-5.3427184403008824e-14,1
0.015539444983005524,-6.675496960761862e-12,13.679595207380771,-1.0373351775597954e-13,1
0.018206540495157242,-7.630547235737417e-12,13.681575207410788,-1.3892586724766344e-13,1
0.018729720264673233,-7.863904839811031e-12,13.683600207441486,-1.4728873783767058e-13,1
0.017552101984620094,-7.413961805591285e-12,13.685625207472185,-1.3013061372181637e-13,1
0.014661584049463272,-6.387817358399772e-12,13.687605207502202,-9.365552109279871e-14,1
0.00866643711924553,-4.995520924006014e-12,13.6896302075329,-4.329336796577344e-14,1
0.006275515537708998,-4.496643942614176e-12,13.691655207563599,-2.8218758929420307e-14,1
0.008409502916038036,-4.9869414153747016e-12,13.693680207594298,-4.1937698374704405e-14,1
0.01428176835179329,-6.3278032987057475e-12,13.695660207624314,-9.037222088782892e-14,1
0.017709117382764816,-7.439064989012145e-12,13.697685207655013,-1.3173927510843214e-13,1
0.018736857920885086,-7.865175524757184e-12,13.699710207685712,-1.4736867633019816e-13,1
0.018228882923722267,-7.643810064072998e-12,13.701690207715728,-1.3933811874915668e-13,1
0.01586061343550682,-6.7285621518919925e-12,13.703715207746427,-1.0671912326794082e-13,1
0.010386473499238491,-5.360940424220528e-12,13.705740207777126,-5.568126564716287e-14,1
0.006402431055903435,-4.514438302349877e-12,13.707720207807142,-2.890337998692483e-14,1
0.007196198683232069,-4.698101283007183e-12,13.709745207837841,-3.3808470266467187e-14,1
0.01308429054915905,-5.986920161016318e-12,13.71177020786854,-7.833460288135559e-14,1
0.01704474911093712,-7.1471162321756765e-12,13.713750207898556,-1.218208030441406e-13,1
0.018893873319029808,-7.82227928264323e-12,13.715775207929255,-1.4779315383233254e-13,1
0.01863693818449974,-7.807662502634649e-12,13.717800207959954,-1.455109234270385e-13,1
0.01682877354323864,-7.009514062933375e-12,13.71978020798997,-1.1796152481325237e-13,1
0.012420541606843472,-5.8302659575182325e-12,13.721805208020669,-7.24150609043183e-14,1
0.0071319653652608395,-4.643129630776954e-12,13.723830208051368,-3.311463971311759e-14,1
0.0066556427627801895,-4.542621920983203e-12,13.725810208081384,-3.02340687124385e-14,1
0.011064495891332626,-5.562397764613536e-12,13.727835208112083,-6.154512721252425e-14,1
0.016131823882460594,-6.85725348031907e-12,13.729860208142782,-1.106200054618972e-13,1
0.018537020310759544,-7.71710126357128e-12,13.73188520817348,-1.4305206286300896e-13,1
0.018809780478477478,-7.846400612576687e-12,13.733865208203497,-1.475890730687587e-13,1
0.017452184110879898,-7.325626216747594e-12,13.735890208234196,-1.2784817746216758e-13,1
0.014119165949523449,-6.225236905826881e-12,13.737915208264894,-8.789515294846761e-14,1
0.008063198998570442,-4.857282978609767e-12,13.73989520829491,-3.916523924889953e-14,1
0.006332612596452236,-4.508083142895636e-12,13.74192020832561,-2.854794409655489e-14,1
0.009258815087378025,-5.16043631437757e-12,13.743945208356308,-4.7779525605012494e-14,1
0.015019059181213379,-6.517461917376899e-12,13.745925208386325,-9.788614624838806e-14,1
0.01795891672372818,-7.53947598797211e-12,13.747950208417024,-1.3540082140853938e-13,1
0.018751131370663643,-7.87407292146547e-12,13.749975208447722,-1.4764777577258428e-13,1
0.017968224361538887,-7.554948854016086e-12,13.751955208477739,-1.3574901604891213e-13,1
0.015546582639217377,-6.615123379627441e-12,13.753980208508437,-1.0284256228999696e-13,1
0.00954429805278778,-5.194118572748874e-12,13.756005208539136,-4.957421577983592e-14,1
0.006350299809128046,-4.508801752095559e-12,13.757985208569153,-2.863224290572863e-14,1
0.007631560787558556,-4.8080445874676414e-12,13.760010208599851,-3.6692884538551204e-14,1
0.013555336743593216,-6.134676100444381e-12,13.76203520863055,-8.315760035439686e-14,1
0.0174394603818655,-7.298975659986162e-12,13.764015208660567,-1.2729019685052928e-13,1
0.018779680132865906,-7.858821232664681e-12,13.766040208691265,-1.4758614897081766e-13,1
0.01839427836239338,-7.74315767754219e-12,13.768065208721964,-1.4242979772461447e-13,1
0.01630745828151703,-6.881527465918413e-12,13.77004520875198,-1.1222022206357812e-13,1
0.011678284965455532,-5.6561361497231566e-12,13.77207020878268,-6.605396975988148e-14,1
0.006718014366924763,-4.5891107754159055e-12,13.774095208813378,-3.082971212065329e-14,1
0.006639506667852402,-4.587204314315807e-12,13.776120208844077,-3.0456773631701105e-14,1
0.01200286764651537,-5.780710111980003e-12,13.778100208874093,-6.938509837696902e-14,1
0.016545774415135384,-6.978636418741857e-12,13.780125208904792,-1.1546694390975104e-13,1
0.01859411597251892,-7.783194228005996e-12,13.78215020893549,-1.4472161611218337e-13,1
0.01871296390891075,-7.841094960825412e-12,13.784130208965507,-1.467301270082679e-13,1
0.017188111320137978,-7.179457982980919e-12,13.786155208996206,-1.234013230297293e-13,1
0.013234168291091919,-6.019012979002758e-12,13.788180209026905,-7.965663071038901e-14,1
0.007586566265672445,-4.771074594428493e-12,13.790160209056921,-3.6196073569098046e-14,1
0.006354023702442646,-4.530961543458556e-12,13.79218520908762,-2.878983704199178e-14,1
0.009901151992380619,-5.308510575563474e-12,13.794210209118319,-5.256037006181388e-14,1
0.015503140166401863,-6.645448080710992e-12,13.796190209148335,-1.0302531306380875e-13,1
0.018337180837988853,-7.628765674727589e-12,13.798215209179034,-1.3989005574812185e-13,1
0.018865324556827545,-7.874390375861573e-12,13.800240209209733,-1.4855293012778782e-13,1
0.017737356945872307,-7.463435251764405e-12,13.80222020923975,-1.323816151029516e-13,1
0.01485428586602211,-6.434002636224179e-12,13.804245209270448,-9.557251442121381e-14,1
0.008809179067611694,-5.037464802931657e-12,13.806270209301147,-4.437592949581622e-14,1
0.006350299809128046,-4.511122378425547e-12,13.808250209331163,-2.864697957866901e-14,1
0.008138293400406837,-4.9370538039716916e-12,13.810275209361862,-4.017919239031629e-14,1
0.01411202922463417,-6.278302096957011e-12,13.81230020939256,-8.859958267333934e-14,1
0.017644884064793587,-7.424130754607461e-12,13.81432520942326,-1.3099792644691717e-13,1
0.018757648766040802,-7.870605209236992e-12,13.816305209453276,-1.4763404809103856e-13,1
0.01826580986380577,-7.67261601475333e-12,13.818330209483975,-1.401465452834755e-13,1
0.015846339985728264,-6.757160369436077e-12,13.820355209514673,-1.0707626055217328e-13,1
0.01049849484115839,-5.4066976590272375e-12,13.82233520954469,-5.67621874810006e-14,1
0.006496764719486237,-4.5455783234671365e-12,13.824360209575389,-2.953155288156269e-14,1
0.007103416603058577,-4.680942265744559e-12,13.826385209606087,-3.325068300844853e-14,1
0.012777394615113735,-5.955448374034278e-12,13.828365209636104,-7.609511398497343e-14,1
0.01693117618560791,-7.1073277471689345e-12,13.830390209666803,-1.2033541829617698e-13,1
0.018672622740268707,-7.823549967589383e-12,13.832415209697501,-1.4608619703443802e-13,1
0.0186831746250391,-7.833137784241107e-12,13.834395209727518,-1.4634788108496845e-13,1
0.01678129844367504,-7.04854230537677e-12,13.836420209758217,-1.1828369201939688e-13,1
0.012584693729877472,-5.8636303278125634e-12,13.838445209788915,-7.379199182074215e-14,1
0.007095038425177336,-4.669613654084692e-12,13.840425209818932,-3.313108830646364e-14,1
0.006546724587678909,-4.56146578842187e-12,13.84245020984963,-2.986266023291762e-14,1
0.010828971862792969,-5.529033394319205e-12,13.84447520988033,-5.987374705552537e-14,1
0.015987219288945198,-6.816539520337894e-12,13.846455209910346,-1.0897751210340323e-13,1
0.018451374024152756,-7.6964476458663e-12,13.848480209941044,-1.4201003417118908e-13,1
0.01874399557709694,-7.866447077065075e-12,13.850505209971743,-1.4744864921997491e-13,1
0.017662880942225456,-7.378221297815735e-12,13.85248521000176,-1.303206443487115e-13,1
0.014283319935202599,-6.293236765042565e-12,13.854510210032458,-8.988831414308238e-14,1
0.008245349861681461,-4.9179887592898375e-12,13.856535210063157,-4.055053793616144e-14,1
0.006354023702442646,-4.512213953172806e-12,13.858560210093856,-2.867071440895244e-14,1
0.009157964959740639,-5.138455633213468e-12,13.860540210123872,-4.7057796636150835e-14,1
0.014840012416243553,-6.475311172676745e-12,13.862565210154571,-9.60936982015635e-14,1
0.017923230305314064,-7.539793442368214e-12,13.86459021018527,-1.3513745432206223e-13,1
0.01872785948216915,-7.884862901486045e-12,13.866570210215286,-1.476666044551992e-13,1
0.018115932121872902,-7.602073484602734e-12,13.868595210245985,-1.3771864723255293e-13,1
0.015667913481593132,-6.659609495807128e-12,13.870620210276684,-1.0434218540150215e-13,1
0.009805887937545776,-5.252184537979376e-12,13.8726002103067,-5.15023330067364e-14,1
0.006304063834249973,-4.5303257673046105e-12,13.874625210337399,-2.8559462827035755e-14,1
0.007467407733201981,-4.804231665267444e-12,13.876650210368098,-3.5875156689311943e-14,1
0.01332850195467472,-6.114602314061246e-12,13.878630210398114,-8.149848889502389e-14,1
0.017402224242687225,-7.278280408917759e-12,13.880655210428813,-1.2665826777714411e-13,1
0.018736857920885086,-7.866447077065075e-12,13.882680210459512,-1.4739250122513009e-13,1
0.018549121916294098,-7.782738863093552e-12,13.884660210489528,-1.4436297201420242e-13,1
0.016345936805009842,-6.9243005426655735e-12,13.886685210520227,-1.1318417908930682e-13,1
0.011778204701840878,-5.707612334149292e-12,13.888710210550926,-6.722542643036218e-14,1
0.0067003266885876656,-4.612915084634128e-12,13.890690210580942,-3.090803805376268e-14,1
0.00662523228675127,-4.586251083765758e-12,13.892715210611641,-3.03849787553129e-14,1
0.011692559346556664,-5.740341361970547e-12,13.89474021064234,-6.711928204433452e-14,1
0.01643158122897148,-6.973870265991611e-12,13.896765210673038,-1.145917157559501e-13,1
0.018556568771600723,-7.787712315299178e-12,13.898745210703055,-1.445132191522911e-13,1
0.01870117336511612,-7.855008310464484e-12,13.900770210733754,-1.4689787219842418e-13,1
0.017209522426128387,-7.216953597233289e-12,13.902795210764452,-1.2420032477991422e-13,1
0.013440213166177273,-6.084429401281843e-12,13.904775210794469,-8.177602814778433e-14,1
0.007702931296080351,-4.812811173898757e-12,13.906800210825168,-3.7072753813549945e-14,1
0.006425393745303154,-4.537634157308901e-12,13.908825210855866,-2.915608613284656e-14,1
0.009619703516364098,-5.269758154152759e-12,13.910805210885883,-5.0693511045891676e-14,1
0.015403840690851212,-6.624656552489672e-12,13.912830210916582,-1.0204515416615451e-13,1
0.018165890127420425,-7.624316976373446e-12,13.91485521094728,-1.3850250448942634e-13,1
0.018757648766040802,-7.881546977561715e-12,13.916835210977297,-1.4783928993815312e-13,1
0.017730530351400375,-7.484821790137985e-12,13.918860211007996,-1.3270985992486444e-13,1
0.015046986751258373,-6.469591355695581e-12,13.920885211038694,-9.73478554152071e-14,1
0.009031359106302261,-5.09336193013632e-12,13.92286521106871,-4.5999980649429914e-14,1
0.006418257020413876,-4.521110916200222e-12,13.92489021109941,-2.901765187797188e-14,1
0.008066922426223755,-4.923708142590133e-12,13.926915211130108,-3.9719171635640853e-14,1
0.013946635648608208,-6.2359574969084175e-12,13.928895211160125,-8.697062712958854e-14,1
0.01767343282699585,-7.394261418436354e-12,13.930920211190823,-1.3068198248398196e-13,1
0.01878681778907776,-7.880746402677552e-12,13.932945211221522,-1.480541467090332e-13,1
0.018281016498804092,-7.710787737480462e-12,13.934925211251539,-1.409610378476566e-13,1
0.016024766489863396,-6.806412638366011e-12,13.936950211282237,-1.0907117316347035e-13,1
0.010786149650812149,-5.475014538958156e-12,13.938975211312936,-5.905432615757496e-14,1
0.006582410074770451,-4.559241872925668e-12,13.941000211343635,-3.0010799637661215e-14,1
0.006841827649623156,-4.6563503920682425e-12,13.942980211373651,-3.185794685878612e-14,1
0.012556145898997784,-5.9262282581240555e-12,13.94500521140435,-7.441058663976914e-14,1
0.016767023131251335,-7.084448912925145e-12,13.947030211435049,-1.187851187951843e-13,1
0.018690621480345726,-7.832805584695457e-12,13.949010211465065,-1.4640000431268087e-13,1
0.018629800528287888,-7.844839361448308e-12,13.951035211495764,-1.461477924802433e-13,1
0.016816982999444008,-7.0803185363288446e-12,13.953060211526463,-1.1906959645609046e-13,1
0.012643342837691307,-5.907701845081492e-12,13.95504021155648,-7.46930998102268e-14,1
0.007203335873782635,-4.70604501548455e-12,13.957065211587178,-3.3899222883675815e-14,1
0.006553861778229475,-4.565914486776013e-12,13.959090211617877,-2.992437243754556e-14,1
0.01052083633840084,-5.4733426992081835e-12,13.961070211647893,-5.75841427623504e-14,1
0.015832066535949707,-6.778768085052844e-12,13.963095211678592,-1.0732190735432901e-13,1
0.018315769731998444,-7.699943113670393e-12,13.96512021170929,-1.4103038501947404e-13,1
0.018720410764217377,-7.881879177107365e-12,13.967100211739307,-1.475520157893815e-13,1
0.017559239640831947,-7.402523038990694e-12,13.969125211770006,-1.2998267598841716e-13,1
0.014333277940750122,-6.328189708360021e-12,13.971150211800705,-9.070370195171864e-14,1
0.008301515132188797,-4.962391608742678e-12,13.973130211830721,-4.119536903182405e-14,1
0.006318337749689817,-4.523653153454266e-12,13.97515521186142,-2.858196848597347e-14,1
0.008830590173602104,-5.096249377362083e-12,13.977180211892119,-4.5002889673959453e-14,1
0.014682996086776257,-6.4508433317289615e-12,13.979205211922817,-9.471770739618305e-14,1
0.017893752083182335,-7.528423197344924e-12,13.981185211952834,-1.3471173827056896e-13,1
0.01880822889506817,-7.888372247077946e-12,13.983210211983533,-1.4836631083254524e-13,1
0.018115932121872902,-7.627176668023594e-12,13.985235212014231,-1.3817341479944816e-13,1
0.015674429014325142,-6.691868413566393e-12,13.987215212044248,-1.0489121642165103e-13,1
0.010022482834756374,-5.309781694190496e-12,13.989240212074947,-5.321719588632787e-14,1
0.006375434808433056,-4.541129625112994e-12,13.991265212105645,-2.8951675881551936e-14,1
0.0074525135569274426,-4.789310874969699e-12,13.993245212135662,-3.569240422405171e-14,1
0.01333408709615469,-6.081293454918146e-12,13.99527021216636,-8.108849658515403e-14,1
0.017230933532118797,-7.265570090009277e-12,13.99729521219706,-1.2519255529390024e-13,1
0.018757648766040802,-7.869279013139607e-12,13.999275212227076,-1.4760917177044894e-13,1
0.01890101097524166,-7.8937733086204e-12,13.999950212237309,-1.4920029594230386e-13,1
0.01819164678454399,-7.609658563001442e-12,14.001930212267325,-1.3843222072910284e-13,1
0.015726560726761818,-6.695847435539415e-12,14.003910212297342,-1.05302651312143e-13,1
0.010022482834756374,-5.304062310890201e-12,14.00593521232804,-5.3159873465375265e-14,1
0.006468216888606548,-4.5417654012669395e-12,14.00796021235874,-2.9377123672563715e-14,1
0.007445065304636955,-4.7949478589048855e-12,14.009940212388756,-3.569869994187602e-14,1
0.01341259479522705,-6.092732221518737e-12,14.011965212419454,-8.171934848305436e-14,1
0.017395086586475372,-7.283364883425847e-12,14.013990212450153,-1.2669476278808671e-13,1
0.018908146768808365,-7.874390375861573e-12,14.016015212480852,-1.4889012894168269e-13,1
0.0186980701982975,-7.797327887526517e-12,14.017995212510868,-1.4579498420011358e-13,1
0.01651722565293312,-6.946225712678444e-12,14.020020212541567,-1.1473237753251605e-13,1
0.012028001248836517,-5.7355747755394315e-12,14.022045212572266,-6.898750056298351e-14,1
0.007005669642239809,-4.623193321229291e-12,14.024025212602282,-3.238856510074188e-14,1
0.006732288748025894,-4.586886426238834e-12,14.026050212632981,-3.088024387584041e-14,1
0.01187098678201437,-5.733985768835437e-12,14.02807521266368,-6.806806927010397e-14,1
0.016575563699007034,-6.966078321818392e-12,14.030055212693696,-1.1546667495557278e-13,1
0.018686898052692413,-7.783512549763838e-12,14.032080212724395,-1.4544970550928883e-13,1
0.018815364688634872,-7.868353538165174e-12,14.034105212755094,-1.4804594131968827e-13,1
0.0174245648086071,-7.2535506247251025e-12,14.03608521278511,-1.2638996295303508e-13,1
0.013755175285041332,-6.135947219071403e-12,14.038110212815809,-8.440102953808905e-14,1
0.007959866896271706,-4.8321945403384525e-12,14.040135212846508,-3.846362535798492e-14,1
0.0065513793379068375,-4.5469318414592674e-12,14.042115212876524,-2.978867531700693e-14,1
0.009786958806216717,-5.2608473133375355e-12,14.044140212907223,-5.148769594143035e-14,1
0.015546582639217377,-6.629104817162945e-12,14.046165212937922,-1.0305992586405773e-13,1
0.01819164678454399,-7.61894280304487e-12,14.048145212967938,-1.386011163446358e-13,1
0.018936697393655777,-7.900764244228586e-12,14.050170212998637,-1.4961438167157223e-13,1
0.01795891672372818,-7.505157953446862e-12,14.052195213029336,-1.347845066843784e-13,1
0.01534674409776926,-6.525087761777293e-12,14.054175213059352,-1.001388520954821e-13,1
0.009294500574469566,-5.127071944083239e-12,14.056200213090051,-4.765357312962846e-14,1
0.00643253093585372,-4.537316702912797e-12,14.05822521312075,-2.918643005725237e-14,1
0.0081668421626091,-4.919576898632094e-12,14.060250213151448,-4.0177408037946303e-14,1
0.014132820069789886,-6.2581727994226455e-12,14.062230213181465,-8.844563013989352e-14,1
0.017723392695188522,-7.399345025582704e-12,14.064255213212164,-1.3114149757559203e-13,1
0.018929559737443924,-7.892502623674247e-12,14.066280213242862,-1.4940159989277456e-13,1
0.018429962918162346,-7.715761189686088e-12,14.068260213272879,-1.4220119261131078e-13,1
0.01614609733223915,-6.828973150851958e-12,14.070285213303578,-1.1026126517290359e-13,1
0.011121592484414577,-5.509650027879509e-12,14.072310213334276,-6.127608234181932e-14,1
0.006707774009555578,-4.575115893773463e-12,14.074290213364293,-3.068884348295827e-14,1
0.007060594391077757,-4.661241444908759e-12,14.076315213394992,-3.2911135201381964e-14,1
0.01271316222846508,-5.9173317287775085e-12,14.07834021342569,-7.52279982275922e-14,1
0.016895800828933716,-7.072512280686949e-12,14.080320213455707,-1.1949575885467444e-13,1
0.0187654048204422,-7.833082273089875e-12,14.082345213486406,-1.469909598463611e-13,1
0.018779680132865906,-7.859773595852992e-12,14.084370213517104,-1.4760403404686446e-13,1
0.017067091539502144,-7.120921907688427e-12,14.08635021354712,-1.2153342604416461e-13,1
0.012984370812773705,-5.937985346482488e-12,14.08837521357782,-7.710100361954517e-14,1
0.007460271008312702,-4.72892341604747e-12,14.090400213608518,-3.527905026127001e-14,1
0.006640748120844364,-4.571468203984352e-12,14.092380213638535,-3.035796888510885e-14,1
0.010557763278484344,-5.450865453449083e-12,14.094405213669233,-5.754894712038364e-14,1
0.015981944277882576,-6.772730813675576e-12,14.096430213699932,-1.0824140647326137e-13,1
0.01850133389234543,-7.708203866862995e-12,14.098455213730631,-1.4261205345110042e-13,1
0.01891404204070568,-7.894147141529473e-12,14.100435213760647,-1.4931023091040503e-13,1
0.017880408093333244,-7.423177524057412e-12,14.102460213791346,-1.3272944347940558e-13,1
0.014647310599684715,-6.346937732326641e-12,14.104485213822045,-9.296556832224687e-14,1
0.008562173694372177,-4.973001611202621e-12,14.106465213852061,-4.2579703577509534e-14,1
0.006525313016027212,-4.53858738785895e-12,14.10849021388276,-2.961570335637295e-14,1
0.009016154333949089,-5.098156272143051e-12,14.110515213913459,-4.59657637682323e-14,1
0.0148179791867733,-6.425616982941307e-12,14.112495213943475,-9.521465871540133e-14,1
0.01804456114768982,-7.515961811255245e-12,14.114520213974174,-1.356222324868968e-13,1
0.019043752923607826,-7.901717474778636e-12,14.116545214004873,-1.504783552618387e-13,1
0.01836293563246727,-7.651768108019041e-12,14.11852521403489,-1.4050892524211952e-13,1
0.01607472635805607,-6.731422277223009e-12,14.120550214065588,-1.0820577110688251e-13,1
0.010165223851799965,-5.3377441355806354e-12,14.122575214096287,-5.425936400180966e-14,1
0.006648195441812277,-4.552900591259235e-12,14.124555214126303,-3.0268572957834064e-14,1
0.0076529718935489655,-4.783259725804623e-12,14.126580214157002,-3.660615224112751e-14,1
0.013405459001660347,-6.0835173704143486e-12,14.1286052141877,-8.155234269497811e-14,1
0.017357539385557175,-7.2512291310333765e-12,14.130585214217717,-1.2586349523561136e-13,1
0.018972381949424744,-7.875661928169464e-12,14.132610214248416,-1.49420066205774e-13,1
0.0187654048204422,-7.828316120339629e-12,14.134635214279115,-1.4690152106056665e-13,1
0.016836222261190414,-6.99459327263563e-12,14.136615214309131,-1.177625269647207e-13,1
0.01240626722574234,-5.816920729817543e-12,14.13864021433983,-7.21662730050766e-14,1
0.007267569657415152,-4.654886285454518e-12,14.140665214370529,-3.382971032688718e-14,1
0.006939264014363289,-4.60213898240136e-12,14.142690214401227,-3.1935457429676245e-14,1
0.011853919364511967,-5.70113270828565e-12,14.144670214431244,-6.758076741039982e-14,1
0.01666710525751114,-6.949084970647723e-12,14.146695214461943,-1.158211306491743e-13,1
0.018801091238856316,-7.781923543059843e-12,14.148720214492641,-1.4630865454687212e-13,1
0.01898851804435253,-7.884199369756484e-12,14.150700214522658,-1.4970926199789385e-13,1
0.017723392695188522,-7.30338359233862e-12,14.152725214553357,-1.29440735410614e-13,1
0.014147715643048286,-6.1937789966326484e-12,14.154750214584055,-8.762782400024364e-14,1
0.008308962918817997,-4.8768458889292265e-12,14.156730214614072,-4.0521531651902935e-14,1
0.0067679742351174355,-4.551297706767432e-12,14.15875521464477,-3.080306561575105e-14,1
0.009865466505289078,-5.2468663094829004e-12,14.16078021467547,-5.176278383393327e-14,1
0.01554782409220934,-6.607649323531195e-12,14.162760214705486,-1.0273456934526906e-13,1
0.018387140706181526,-7.617961816919205e-12,14.164785214736185,-1.400725358220117e-13,1
0.01907230168581009,-7.906801949286724e-12,14.166810214766883,-1.5080091214674768e-13,1
0.018295910209417343,-7.560254505767361e-12,14.1687902147969,-1.3832173759786253e-13,1
0.015589404851198196,-6.5903385179644225e-12,14.170815214827599,-1.027394552629929e-13,1
0.009665628895163536,-5.1686979349319095e-12,14.172840214858297,-4.9958716110249963e-14,1
0.006789695471525192,-4.549584667334905e-12,14.174820214888314,-3.089029441312425e-14,1
0.008223938755691051,-4.887484080645654e-12,14.176845214919013,-4.0194369748644845e-14,1
0.014226223342120647,-6.218245970218694e-12,14.178870214949711,-8.846215596857284e-14,1
0.017901819199323654,-7.386634706674222e-12,14.18089521498041,-1.3223419901033104e-13,1
0.019226834177970886,-7.907741302048965e-12,14.182875215010426,-1.5204083073678704e-13,1
0.018758269026875496,-7.747288921500228e-12,14.184900215041125,-1.453257298184334e-13,1
0.016574323177337646,-6.853758446195846e-12,14.186925215071824,-1.1359640746665746e-13,1
0.01155602466315031,-5.569499288843316e-12,14.18890521510184,-6.436127114327147e-14,1
0.007103416603058577,-4.606587680755503e-12,14.19093021513254,-3.272251141492374e-14,1
0.007174787577241659,-4.6428117426999815e-12,14.192955215163238,-3.3311188014995526e-14,1
0.012702921405434608,-5.877197600118178e-12,14.194935215193254,-7.465757919851011e-14,1
0.01705964282155037,-7.047271620430617e-12,14.196960215223953,-1.2022393671099482e-13,1
0.01907229982316494,-7.829905127043624e-12,14.198985215254652,-1.4933429816991236e-13,1
0.019182149320840836,-7.873921133161321e-12,14.200965215284668,-1.5103873091682474e-13,1
0.01754496619105339,-7.157850701045021e-12,14.202990215315367,-1.255842485504427e-13,1
0.01345541886985302,-5.981518232112126e-12,14.205015215346066,-8.048383329073138e-14,1
0.008033408783376217,-4.764111414395922e-12,14.206995215376082,-3.827205448139109e-14,1
0.007074868306517601,-4.574811883484298e-12,14.209020215406781,-3.236619160274315e-14,1
0.010843247175216675,-5.4130528184814786e-12,14.21104521543748,-5.869506968329795e-14,1
0.016195746138691902,-6.725025918086214e-12,14.213025215467496,-1.0891681254544776e-13,1
0.01885105110704899,-7.684372235750025e-12,14.215050215498195,-1.4485849374171203e-13,1
0.019350646063685417,-7.898857783128488e-12,14.217075215528894,-1.528480012687062e-13,1
0.01830335706472397,-7.459125331288341e-12,14.21905521555891,-1.3652703432909797e-13,1
0.015218276530504227,-6.4060401948340395e-12,14.221080215589609,-9.748889115050959e-14,1
0.009194580838084221,-5.018717212645907e-12,14.223105215620308,-4.6145001115157506e-14,1
0.006889304146170616,-4.543353974290065e-12,14.225130215651006,-3.1300547372597294e-14,1
0.009210096672177315,-5.056889369053907e-12,14.227110215681023,-4.6574439949492233e-14,1
0.015004164539277554,-6.379984214543999e-12,14.229135215711722,-9.572633291301162e-14,1
0.01850133389234543,-7.503887268500709e-12,14.23116021574242,-1.3883192384505152e-13,1
0.019353440031409264,-7.90575157422202e-12,14.233140215772437,-1.5300348899492524e-13,1
0.018843913450837135,-7.682465774649927e-12,14.235165215803136,-1.447677201465217e-13,1
0.0163602102547884,-6.753982789708957e-12,14.237190215833834,-1.1049657849686083e-13,1
0.010937890037894249,-5.395091925292084e-12,14.239170215863851,-5.901092222317599e-14,1
0.007024908438324928,-4.566232374852985e-12,14.24119521589455,-3.2077364341457214e-14,1
0.007831399329006672,-4.762923562495747e-12,14.243220215925248,-3.730035639143926e-14,1
0.01355937123298645,-6.054256054821572e-12,14.245200215955265,-8.209190538688166e-14,1
0.017594926059246063,-7.209326885471157e-12,14.247225215985964,-1.2684757348679971e-13,1
0.019386332482099533,-7.878521619819612e-12,14.249250216016662,-1.5273563958923237e-13,1
0.019152360036969185,-7.848720805225806e-12,14.251230216046679,-1.5032152669133533e-13,1
0.01730230450630188,-7.0329727284990096e-12,14.253255216077378,-1.2168663573300664e-13,1
0.0129201365634799,-5.845200625603786e-12,14.255280216108076,-7.552079032373906e-14,1
0.007549329660832882,-4.6808871882741965e-12,14.257260216138093,-3.533756048945102e-14,1
0.007310391869395971,-4.60213898240136e-12,14.259285216168792,-3.3643439398777154e-14,1
0.011892396956682205,-5.645649746310877e-12,14.26131021619949,-6.714030786152114e-14,1
0.01682412065565586,-6.932879183935148e-12,14.263335216230189,-1.1663959588160987e-13,1
0.019048096612095833,-7.771465762584917e-12,14.265315216260205,-1.4803163066331252e-13,1
0.019286412745714188,-7.893138399828192e-12,14.267340216290904,-1.5223032503813254e-13,1
0.017994601279497147,-7.344691695110317e-12,14.269365216321603,-1.3216479857434418e-13,1
0.01452753134071827,-6.248557227195306e-12,14.27134521635162,-9.077611095235146e-14,1
0.0086022038012743,-4.90464266422741e-12,14.273370216382318,-4.2190735770109134e-14,1
0.007039183285087347,-4.565279144302936e-12,14.275395216413017,-3.2135836644335095e-14,1
0.009887808933854103,-5.216706840810437e-12,14.277375216443033,-5.158180050586325e-14,1
0.015767831355333328,-6.575404283559738e-12,14.279400216473732,-1.0367986583630632e-13,1
0.01857270486652851,-7.60175603020663e-12,14.28142521650443,-1.4118517121638113e-13,1
0.01934599131345749,-7.923656522579314e-12,14.283405216534447,-1.532909902566402e-13,1
0.018644075840711594,-7.592223724706137e-12,14.285430216565146,-1.4154999492307109e-13,1
0.01606045290827751,-6.6237028882587534e-12,14.287455216595845,-1.0637966831530145e-13,1
0.010252730920910835,-5.220353663237809e-12,14.289435216625861,-5.352288142116843e-14,1
0.007103416603058577,-4.555428950725471e-12,14.29146021665656,-3.235910964263702e-14,1
0.008445188403129578,-4.8782687958603965e-12,14.293485216687259,-4.119789906214911e-14,1
0.01430410984903574,-6.187548303587809e-12,14.295465216717275,-8.850737063073476e-14,1
0.018058834597468376,-7.352317539510711e-12,14.297490216747974,-1.327742863540896e-13,1
0.01944342814385891,-7.903623935878734e-12,14.299515216778673,-1.536735440733415e-13,1
0.019152360036969185,-7.780417803082695e-12,14.30149521680869,-1.490133630026846e-13,1
0.016959724947810173,-6.904917176225878e-12,14.303520216839388,-1.17105496096201e-13,1
0.01212078332901001,-5.6523223601612216e-12,14.305545216870087,-6.851057463323265e-14,1
0.0073460778221488,-4.622793033787209e-12,14.307570216900785,-3.3959397381888185e-14,1
0.0073482501320540905,-4.633472425186191e-12,14.309550216930802,-3.404791436024342e-14,1
0.01273457333445549,-5.836303228895501e-12,14.3115752169615,-7.432283147048912e-14,1
0.017166700214147568,-7.034561301522135e-12,14.3136002169922,-1.2076020500127423e-13,1
0.019271517172455788,-7.836452840803698e-12,14.315580217022216,-1.510203354926884e-13,1
0.019279275089502335,-7.883287772569858e-12,14.317605217052915,-1.519840735770844e-13,1
0.01775907725095749,-7.194710105462576e-12,14.319630217083613,-1.277714125611544e-13,1
0.013842371292412281,-6.037346404058619e-12,14.32161021711363,-8.357119054588954e-14,1
0.008281035348773003,-4.805502783894466e-12,14.323635217144329,-3.979453842205715e-14,1
0.007196198683232069,-4.580849154861566e-12,14.325660217175027,-3.296470065629954e-14,1
0.010677232407033443,-5.370224230583087e-12,14.327640217205044,-5.733913218781798e-14,1
0.016217468306422234,-6.706636981879122e-12,14.329665217235743,-1.0876467269630392e-13,1
0.018972381949424744,-7.678970306845834e-12,14.331690217266441,-1.4568835763977048e-13,1
0.01963643915951252,-7.919677934287161e-12,14.333670217296458,-1.5551427391956364e-13,1
0.01857270486652851,-7.476878491341488e-12,14.335695217327157,-1.388658575425804e-13,1
0.015560857020318508,-6.446395067055688e-12,14.337720217357855,-1.003114319349401e-13,1
0.009664387442171574,-5.068494235427323e-12,14.339700217387872,-4.8983892039582834e-14,1
0.007224746979773045,-4.554793174571525e-12,14.34172521741857,-3.2907228231476505e-14,1
0.009280226193368435,-5.01998789759206e-12,14.34375021744927,-4.6586623177626373e-14,1
0.01516118086874485,-6.360600848104303e-12,14.345775217479968,-9.643421989200123e-14,1
0.018593804910779,-7.48763984842471e-12,14.347755217509985,-1.392237145837839e-13,1
0.019671814516186714,-7.911886423794812e-12,14.349780217540683,-1.5564116220202737e-13,1
0.019150808453559875,-7.706297405762896e-12,14.351805217571382,-1.4758182550393061e-13,1
0.01668727397918701,-6.780729623623305e-12,14.353785217601398,-1.1315189300819172e-13,1
0.011407076381146908,-5.4527719145491815e-12,14.355810217632097,-6.220018571823517e-14,1
0.007281843572854996,-4.5770357989805e-12,14.357835217662796,-3.3329258715533384e-14,1
0.00799617264419794,-4.738580621638233e-12,14.359815217692812,-3.789050873907011e-14,1
0.01370521541684866,-6.019330867079731e-12,14.361840217723511,-8.249622619861414e-14,1
0.017751939594745636,-7.182953450785012e-12,14.36386521775421,-1.2751135577020526e-13,1
0.019457701593637466,-7.874583797529144e-12,14.365845217784226,-1.532213017064146e-13,1
0.019429154694080353,-7.869942544869168e-12,14.367870217814925,-1.5290633113778748e-13,1
0.017559239640831947,-7.065383868243291e-12,14.369895217845624,-1.2406276849695216e-13,1
0.013164659030735493,-5.898749804583714e-12,14.37187521787564,-7.765502988496221e-14,1
0.007952729240059853,-4.707951476584649e-12,14.373900217906339,-3.7441063368617694e-14,1
0.007438859902322292,-4.608176253778629e-12,14.375925217937038,-3.4279577557067596e-14,1
0.011667734943330288,-5.591714591357544e-12,14.377905217967054,-6.524264373071226e-14,1
0.016902629286050797,-6.8807676570359355e-12,14.379930217997753,-1.1630306491032673e-13,1
0.019143670797348022,-7.75777445755077e-12,14.381955218028452,-1.4851228033542707e-13,1
0.019524728879332542,-7.904425378124635e-12,14.383935218058468,-1.5433176245479912e-13,1
0.01833004504442215,-7.394261418436354e-12,14.385960218089167,-1.355371448701712e-13,1
0.014925656840205193,-6.309760006151244e-12,14.387985218119866,-9.417731259586447e-14,1
0.00899474322795868,-4.93800746820261e-12,14.390010218150564,-4.441610923422481e-14,1
0.007214196491986513,-4.563510593719178e-12,14.391990218180581,-3.292206211635218e-14,1
0.009908289648592472,-5.1918937898909334e-12,14.39401521821128,-5.1442787494967875e-14,1
0.01579638011753559,-6.5595163849241356e-12,14.396040218241978,-1.0361661420346455e-13,1
0.018757648766040802,-7.596727066849773e-12,14.398020218271995,-1.424967380914434e-13,1
0.019628992304205894,-7.924278420945452e-12,14.400045218302694,-1.5554560014112311e-13,1
0.018865324556827545,-7.620185732415408e-12,14.402070218333392,-1.4375727702532328e-13,1
0.01636703684926033,-6.68755805940946e-12,14.404050218363409,-1.0945550918992253e-13,1
0.010564900934696198,-5.279277015546313e-12,14.406075218394108,-5.5775038676065396e-14,1
0.007196198683232069,-4.574811883484298e-12,14.408100218424806,-3.2921255251964125e-14,1
0.008532384410500526,-4.860930668398877e-12,14.410080218454823,-4.1475329055570485e-14,1
0.014333277940750122,-6.171218050465832e-12,14.412105218485522,-8.845378355030088e-14,1
0.01817302778363228,-7.345327471264262e-12,14.41413021851622,-1.3348684021516287e-13,1
0.01959175616502762,-7.908403966416788e-12,14.416110218546237,-1.5493952216457498e-13,1
0.019215041771531105,-7.812110333627054e-12,14.418135218576936,-1.5011002638445363e-13,1
0.0171310156583786,-6.940505462016411e-12,14.420160218607634,-1.1889790774686534e-13,1
0.012524183839559555,-5.736611272816328e-12,14.42214021863765,-7.184637419684142e-14,1
0.0075744641944766045,-4.655839516004567e-12,14.42416521866835,-3.526548970920588e-14,1
0.007503093220293522,-4.638363044345839e-12,14.426190218699048,-3.4802070311291285e-14,1
0.012698887847363949,-5.8137427164095534e-12,14.428215218729747,-7.382806672911395e-14,1
0.017342643812298775,-7.037697681566701e-12,14.430195218759764,-1.2205228415005219e-13,1
0.019414879381656647,-7.820371954181393e-12,14.432220218790462,-1.5183157821012223e-13,1
0.01944342814385891,-7.890596162574148e-12,14.434245218821161,-1.534202394992193e-13,1
0.017998013645410538,-7.233324616356951e-12,14.436225218851177,-1.3018547514687635e-13,1
0.014176263473927975,-6.1105270149353075e-12,14.438250218881876,-8.662444092827754e-14,1
0.008523696102201939,-4.8372781474848026e-12,14.440275218912575,-4.1231488890982826e-14,1
0.00730356527492404,-4.586057662098186e-12,14.442255218942591,-3.349457148969964e-14,1
0.010600585490465164,-5.3352023320074604e-12,14.44428021897329,-5.655626842937419e-14,1
0.016303114593029022,-6.687889391593371e-12,14.446305219003989,-1.0903342713664988e-13,1
0.019048096612095833,-7.671330584657632e-12,14.448285219034005,-1.4612424611988418e-13,1
0.019650403410196304,-7.926820658199496e-12,14.450310219064704,-1.557652236938979e-13,1
0.018644075840711594,-7.510877336747157e-12,14.452335219095403,-1.400333666965959e-13,1
0.015793588012456894,-6.5032046588087145e-12,14.45431521912542,-1.0270893514191514e-13,1
0.009822644293308258,-5.1213525607829435e-12,14.456340219156118,-5.0305224505194214e-14,1
0.007239021360874176,-4.565279144302936e-12,14.458365219186817,-3.3048153243962335e-14,1
0.00900901760905981,-4.972006747289148e-12,14.460345219216833,-4.479289633869213e-14,1
0.014868560247123241,-6.299273602738964e-12,14.462370219247532,-9.366112907543736e-14,1
0.01861552707850933,-7.455588230120824e-12,14.46439521927823,-1.3878970458402966e-13,1
0.019755598157644272,-7.919345734741512e-12,14.466375219308247,-1.5645141200700744e-13,1
0.0192079059779644,-7.732353819733806e-12,14.468400219338946,-1.4852232515780084e-13,1
0.016838394105434418,-6.829926815082876e-12,14.470425219369645,-1.1500499942363997e-13,1
0.011485584080219269,-5.485500942370436e-12,14.472450219400343,-6.300418229571768e-14,1
0.007385486736893654,-4.603962610455481e-12,14.47443021943036,-3.400250479667324e-14,1
0.007824262604117393,-4.713989181642786e-12,14.476455219461059,-3.6883489270141605e-14,1
0.013526788912713528,-5.99232208992051e-12,14.478480219491757,-8.105687600734511e-14,1
0.017692672088742256,-7.1471157984948075e-12,14.480460219521774,-1.264515762030379e-13,1
0.01946483924984932,-7.86803608376907e-12,14.482485219552473,-1.5315005758257892e-13,1
0.019372057169675827,-7.879792304765765e-12,14.484510219583171,-1.5264778701309404e-13,1
0.01761075109243393,-7.1079908452176266e-12,14.486490219613188,-1.2517705754242669e-13,1
0.01345541886985302,-5.933536648128346e-12,14.488515219643887,-7.983822098019058e-14,1
0.008031237870454788,-4.734325344951662e-12,14.490540219674585,-3.8022493001429717e-14,1
0.007385486736893654,-4.6112571226719634e-12,14.492520219704602,-3.405637831990018e-14,1
0.011449898593127728,-5.5411083707546105e-12,14.4945452197353,-6.344512893867149e-14,1
0.01666710525751114,-6.856300249769021e-12,14.496570219766,-1.1427467794000018e-13,1
0.019018307328224182,-7.740629318075953e-12,14.498550219796016,-1.4721366728503086e-13,1
0.019429154694080353,-7.916970030941162e-12,14.500575219826715,-1.5382003543955395e-13,1
0.018208714202046394,-7.419363734495477e-12,14.502600219857413,-1.3509707380245576e-13,1
0.015153112821280956,-6.368586213945093e-12,14.50458021988743,-9.650390541196454e-14,1
0.009066114202141762,-4.9856707304285486e-12,14.506605219918129,-4.5200660216340755e-14,1
0.00697494950145483,-4.573222876780303e-12,14.508630219948827,-3.18979986244406e-14,1
0.009744136594235897,-5.171557626582057e-12,14.510655219979526,-5.039236391837797e-14,1
0.015532929450273514,-6.5154726232308224e-12,14.512635220009543,-1.0120437659183287e-13,1
0.018558431416749954,-7.56934445678148e-12,14.514660220040241,-1.4047515997093552e-13,1
0.019429154694080353,-7.924914197099397e-12,14.51668522007094,-1.539743838727578e-13,1
0.018645936623215675,-7.653425636300337e-12,14.518665220100957,-1.427052893649502e-13,1
0.016324523836374283,-6.7247492296917954e-12,14.520690220131655,-1.0977832909374331e-13,1
0.010621997527778149,-5.325987480903072e-12,14.522715220162354,-5.6572625855129796e-14,1
0.007162065245211124,-4.585062798184714e-12,14.52469522019237,-3.2838518913989205e-14,1
0.008245349861681461,-4.845858089796984e-12,14.52672022022307,-3.995579533043555e-14,1
0.014054933562874794,-6.149292880452961e-12,14.528745220253768,-8.642790289342534e-14,1
0.017878856509923935,-7.313233352235216e-12,14.530725220283784,-1.3075224972820342e-13,1
0.01935778371989727,-7.907755179836773e-12,14.532750220314483,-1.530766144811776e-13,1
0.019143670797348022,-7.830858357593673e-12,14.534775220345182,-1.499113744584347e-13,1
0.017081985250115395,-6.9786780521052805e-12,14.536755220375198,-1.1920967555136643e-13,1
0.012634653598070145,-5.792452888869759e-12,14.538780220405897,-7.31856357340101e-14,1
0.007531641982495785,-4.674587106290318e-12,14.540805220436596,-3.520731650056964e-14,1
0.007251434028148651,-4.625183049056236e-12,14.542785220466612,-3.3539209748342723e-14,1
0.012334896251559258,-5.753369135275133e-12,14.544810220497311,-7.096721138054196e-14,1
0.01705964282155037,-7.000561588754728e-12,14.54683522052801,-1.1942708025442084e-13,1
0.019167253747582436,-7.80793832366733e-12,14.548815220558026,-1.4965673509520514e-13,1
0.019364921376109123,-7.900764244228586e-12,14.550840220588725,-1.529976784006608e-13,1
0.01783044822514057,-7.289084266726142e-12,14.552865220619424,-1.299676396265472e-13,1
0.01415485143661499,-6.154694809357153e-12,14.554890220650123,-8.711879066415592e-14,1
0.008398331701755524,-4.857614744474548e-12,14.556870220680139,-4.079585990343565e-14,1
0.0070891426876187325,-4.582120273488588e-12,14.558895220710838,-3.248330443059117e-14,1
0.010357925668358803,-5.308828029959578e-12,14.560920220741536,-5.498844612042101e-14,1
0.016098931431770325,-6.669652677371296e-12,14.562900220771553,-1.0737428112672386e-13,1
0.018779680132865906,-7.64846606188252e-12,14.564925220802252,-1.4363574614923429e-13,1
0.01937919482588768,-7.924278420945452e-12,14.56695022083295,-1.535661353740795e-13,1
0.018482094630599022,-7.535055045193584e-12,14.568930220862967,-1.392636003920404e-13,1
0.01583920419216156,-6.5506189882158505e-12,14.570955220893666,-1.0375659173940162e-13,1
0.00981550756841898,-5.1470906529960114e-12,14.572980220924364,-5.052130725982094e-14,1
0.007028011605143547,-4.570473773751749e-12,14.574960220954381,-3.212134272293151e-14,1
0.008744945749640465,-4.942773187271987e-12,14.57698522098508,-4.3224283375471017e-14,1
0.014597350731492043,-6.275760293383836e-12,14.579010221015778,-9.160947410929526e-14,1
0.018221436068415642,-7.421325706746806e-12,14.580990221045795,-1.3522721190837646e-13,1
0.01944342814385891,-7.915381024237167e-12,14.583015221076494,-1.539021421760197e-13,1
0.018958106637001038,-7.742839355784348e-12,14.585040221107192,-1.4678957418012808e-13,1
0.016709616407752037,-6.858980397539405e-12,14.587020221137209,-1.1461093139117403e-13,1
0.011671148240566254,-5.562079876536563e-12,14.589045221167908,-6.491585876492867e-14,1
0.007296117953956127,-4.616437874332968e-12,14.591070221198606,-3.368207525824383e-14,1
0.007567327003926039,-4.694923703280063e-12,14.593095221229305,-3.552802292120366e-14,1
0.013134869746863842,-5.95279554815864e-12,14.595075221259322,-7.818919415477469e-14,1
0.017266619950532913,-7.096206434964447e-12,14.59710022129002,-1.2252749960305716e-13,1
0.019229315221309662,-7.8543716669488e-12,14.599125221320719,-1.5103418864908191e-13,1
0.01920449174940586,-7.874583797529144e-12,14.601105221350736,-1.5122737956965353e-13,1
0.017537828534841537,-7.140374229386293e-12,14.603130221381434,-1.2522665890957808e-13,1
0.013376910239458084,-5.952284672094965e-12,14.605155221412133,-7.962317777831654e-14,1
0.00791425071656704,-4.754827174352494e-12,14.60713522144215,-3.7630894371771657e-14,1
0.007203335873782635,-4.607858365701656e-12,14.609160221472848,-3.319195146696816e-14,1
0.01109304465353489,-5.494715793474825e-12,14.611185221503547,-6.095312765549962e-14,1
0.016374483704566956,-6.7933293539101935e-12,14.613165221533563,-1.1123726080535883e-13,1
0.01885105110704899,-7.715512256867285e-12,14.615190221564262,-1.4544551587126807e-13,1
0.019364919513463974,-7.909979095332975e-12,14.617215221594961,-1.5317610853430564e-13,1
0.01808738335967064,-7.43856712337454e-12,14.619195221624977,-1.3454421520711775e-13,1
0.015004164539277554,-6.384115024821169e-12,14.621220221655676,-9.578831227009082e-14,1
0.009087525308132172,-4.9999691886792874e-12,14.623245221686375,-4.5437346542004106e-14,1
0.006923748180270195,-4.554889885405311e-12,14.625225221716391,-3.153691055540614e-14,1
0.009387282654643059,-5.0991095026931e-12,14.62725022174709,-4.786678218875653e-14,1
0.015132632106542587,-6.44766618568271e-12,14.629275221777789,-9.757016033373116e-14,1
0.01839272677898407,-7.521460884674092e-12,14.631255221807805,-1.3834017503062638e-13,1
0.019229315221309662,-7.914745248083221e-12,14.633280221838504,-1.52195131271755e-13,1
0.018672624602913857,-7.666578309695193e-12,14.635305221869203,-1.431551387657802e-13,1
0.01623174175620079,-6.7361888636541245e-12,14.637330221899902,-1.093400780558294e-13,1
0.010550626553595066,-5.346682731971475e-12,14.639310221929918,-5.6410852805586455e-14,1
0.0069249896332621574,-4.5738586529342484e-12,14.641335221960617,-3.1673923755576086e-14,1
0.007981278002262115,-4.813446516371833e-12,14.643360221991315,-3.8417454796183724e-14,1
0.013767898082733154,-6.103992311601303e-12,14.645340222021332,-8.403914404391349e-14,1
0.017580650746822357,-7.256037350827915e-12,14.64736522205203,-1.275658584708037e-13,1
0.019215041771531105,-7.88138131146976e-12,14.64939022208273,-1.5144107111725603e-13,1
0.019025754183530807,-7.836122375981525e-12,14.651370222112746,-1.4908813807748986e-13,1
0.01695258729159832,-6.99770189710458e-12,14.653395222143445,-1.1862915225124856e-13,1
0.012513323687016964,-5.808658675582334e-12,14.655420222174143,-7.268562619496101e-14,1
0.0074152760207653046,-4.671934714095549e-12,14.65740022220416,-3.4643685456013735e-14,1
0.0069678123109042645,-4.608494141855601e-12,14.659425222234859,-3.211112221635164e-14,1
0.011842437088489532,-5.698079161287062e-12,14.661450222265557,-6.747914399277523e-14,1
0.01665748469531536,-6.94552054758546e-12,14.663430222295574,-1.1569490222240316e-13,1
0.018865324556827545,-7.77652248151739e-12,14.665455222326273,-1.4670662053729149e-13,1
0.019043751060962677,-7.87534447377336e-12,14.667480222356971,-1.4997609967786798e-13,1
0.01768522523343563,-7.313564684419127e-12,14.669460222386988,-1.2934203870325284e-13,1
0.014261907897889614,-6.210937580214404e-12,14.671485222417687,-8.857981972855922e-14,1
0.008323857560753822,-4.8846239553146376e-12,14.673510222448385,-4.0658914041884987e-14,1
0.006867893040180206,-4.563372683202838e-12,14.675535222479084,-3.134075549071724e-14,1
0.009895255789160728,-5.26014258192542e-12,14.6775152225091,-5.205045633560837e-14,1
0.01553230918943882,-6.602731382476801e-12,14.6795402225398,-1.025556653274405e-13,1
0.018322907388210297,-7.609381874607024e-12,14.681565222570498,-1.3942599936995056e-13,1
0.01913001760840416,-7.903099182027251e-12,14.683545222600515,-1.5118642651314582e-13,1
0.018280085176229477,-7.542971455776204e-12,14.685570222631213,-1.3788616069345666e-13,1
0.01566077582538128,-6.564918313828327e-12,14.687595222661912,-1.028117140248055e-13,1
0.009671834297478199,-5.165644387933321e-12,14.689575222691929,-4.9961256559789277e-14,1
0.006839345209300518,-4.555111062648498e-12,14.691600222722627,-3.11539770241568e-14,1
0.008359543047845364,-4.895109925046048e-12,14.693625222753326,-4.092088214235753e-14,1
0.014207293279469013,-6.214737058307662e-12,14.695605222783342,-8.829459204216147e-14,1
0.017823312431573868,-7.366616865123188e-12,14.697630222814041,-1.3129751395079183e-13,1
0.019015204161405563,-7.888054792681842e-12,14.69965522284474,-1.4999297231919887e-13,1
0.01868317276239395,-7.737645593697273e-12,14.701635222874756,-1.4456376940122247e-13,1
0.016545774415135384,-6.8642444159272564e-12,14.703660222905455,-1.1357423963628512e-13,1
0.011635462753474712,-5.578921005722215e-12,14.705685222936154,-6.491332756665851e-14,1
0.007117380388081074,-4.6019728826285355e-12,14.70766522296617,-3.2753991541301264e-14,1
0.007117690518498421,-4.638045156268866e-12,14.70969022299687,-3.3012170033142435e-14,1
0.012663202360272408,-5.87062126342075e-12,14.711715223027568,-7.434086503921502e-14,1
0.01691814325749874,-7.018798302976803e-12,14.713695223057584,-1.187450351852506e-13,1
0.01878681778907776,-7.811157103077004e-12,14.715720223088283,-1.4674678521736816e-13,1
0.018893873319029808,-7.853736758156593e-12,14.717745223118982,-1.4838750738961851e-13,1
0.01725948229432106,-7.137514537736145e-12,14.71977022314968,-1.2318980578951616e-13,1
0.013179553672671318,-5.964400414532056e-12,14.721750223179697,-7.860813538862829e-14,1
0.00790276937186718,-4.758474864141604e-12,14.723775223210396,-3.760512941313811e-14,1
0.006917852442711592,-4.573540764857276e-12,14.725800223241094,-3.1639080152008946e-14,1
0.010580415837466717,-5.419296955633257e-12,14.727780223271111,-5.733841533731728e-14,1
0.015931986272335052,-6.719983076941549e-12,14.72980522330181,-1.0706267813215663e-13,1
0.01852988265454769,-7.675793160799582e-12,14.731830223332508,-1.4223154655019598e-13,1
0.019077885895967484,-7.880884313193892e-12,14.733810223362525,-1.5035061168643314e-13,1
0.01784472167491913,-7.433028151315746e-12,14.735835223393224,-1.3264031856206815e-13,1
0.014754366129636765,-6.372357502781867e-12,14.737860223423922,-9.402009570498149e-14,1
0.008874963968992233,-5.011463900111979e-12,14.739840223453939,-4.4476561545399104e-14,1
0.006596683990210295,-4.533185892635627e-12,14.741865223484638,-2.9903994802596606e-14,1
0.008823453448712826,-5.046679654036046e-12,14.743890223515336,-4.45291429979532e-14,1
0.01457221619784832,-6.353002325598656e-12,14.745870223545353,-9.257732339405678e-14,1
0.01787327043712139,-7.46861600342541e-12,14.747895223576052,-1.334885936202351e-13,1
0.018843913450837135,-7.888054792681842e-12,14.74992022360675,-1.486418218087577e-13,1
0.018266119062900543,-7.671330584657632e-12,14.751900223636767,-1.4012543783022674e-13,1
0.015917710959911346,-6.749851979431787e-12,14.753925223667466,-1.0744219283078065e-13,1
0.010422158986330032,-5.381911930002481e-12,14.755950223698164,-5.6091141784912165e-14,1
0.006639506667852402,-4.557335411825569e-12,14.757975223728863,-3.025845885445574e-14,1
0.007489750161767006,-4.7528378802064175e-12,14.75995522375888,-3.559756828212837e-14,1
0.013005781918764114,-6.030452179284218e-12,14.761980223789578,-7.843074591530633e-14,1
0.017073918133974075,-7.196616566562675e-12,14.764005223820277,-1.228744420990927e-13,1
0.018690621480345726,-7.848390340403633e-12,14.765985223850294,-1.4669129308248604e-13,1
0.01863693818449974,-7.820690275939235e-12,14.768010223880992,-1.4575372123279774e-13,1
0.01675274968147278,-6.998019785181553e-12,14.770035223911691,-1.1723607372714046e-13,1
0.012367788702249527,-5.819835498938053e-12,14.772015223941708,-7.197849573271679e-14,1
0.007196198683232069,-4.666325485735978e-12,14.774040223972406,-3.357980531598549e-14,1
0.006775110960006714,-4.5906997821199e-12,14.776065224003105,-3.110250040794097e-14,1
0.011347497813403606,-5.622218836320858e-12,14.778045224033121,-6.37981159516275e-14,1
0.01631738804280758,-6.895384437044516e-12,14.78007022406382,-1.1251466356359166e-13,1
0.018444236367940903,-7.738708979188047e-12,14.782095224094519,-1.42734577594851e-13,1
0.01871296390891075,-7.863973361388332e-12,14.784075224124535,-1.4715824969229543e-13,1
0.01750214397907257,-7.322448203339604e-12,14.786100224155234,-1.2815854273415102e-13,1
0.01406920701265335,-6.233498092700351e-12,14.788125224185933,-8.770037507918107e-14,1
0.008286620490252972,-4.900719153405619e-12,14.79010522421595,-4.06103997535862e-14,1
0.006546724587678909,-4.539541052089868e-12,14.792130224246648,-2.9719125022494525e-14,1
0.00946579035371542,-5.1969782643990214e-12,14.794155224277347,-4.919350672361696e-14,1
0.015168007463216782,-6.541003415988511e-12,14.796135224307363,-9.92139886306402e-14,1
0.018165890127420425,-7.567120541285277e-12,14.798160224338062,-1.3746348033393452e-13,1
0.018915284425020218,-7.879474850369661e-12,14.80018522436876,-1.4904250791453576e-13,1
0.018187303096055984,-7.546148601822456e-12,14.80221022439946,-1.3724409182922408e-13,1
0.015637192875146866,-6.596707555206471e-12,14.804190224429476,-1.0315398838170213e-13,1
0.009851193055510521,-5.204286654403312e-12,14.806215224460175,-5.126843254874399e-14,1
0.006653781048953533,-4.544625092917087e-12,14.808240224490874,-3.0238940317850405e-14,1
0.008078093640506268,-4.863251294728865e-12,14.81022022452089,-3.928579935613312e-14,1
0.013897917233407497,-6.1642279822193835e-12,14.812245224551589,-8.56699303047395e-14,1
0.01758778840303421,-7.333887837301933e-12,14.814270224582287,-1.289868674540526e-13,1
0.018951280042529106,-7.870605209236992e-12,14.816250224612304,-1.4915804342443862e-13,1
0.0185512937605381,-7.74093289468425e-12,14.818275224643003,-1.4360432010990006e-13,1
0.016331661492586136,-6.868375226204426e-12,14.820300224673701,-1.1217197919843542e-13,1
0.011630497872829437,-5.6271918548456146e-12,14.822280224703718,-6.544704289778506e-14,1
0.006882167421281338,-4.612307064055798e-12,14.824305224734417,-3.174266941319059e-14,1
0.006875030230730772,-4.614213525155897e-12,14.826330224765115,-3.1722857476493595e-14,1
0.012181605212390423,-5.798614626656429e-12,14.828310224795132,-7.06364341607213e-14,1
0.016588596627116203,-6.9843558020421526e-12,14.83033522482583,-1.1586066110033594e-13,1
0.01850847154855728,-7.784148325917783e-12,14.83236022485653,-1.440726878199991e-13,1
0.0186831746250391,-7.844742216933653e-12,14.834340224886546,-1.465646887273878e-13,1
0.01708105579018593,-7.17024313187653e-12,14.836365224917245,-1.224753229647805e-13,1
0.013241305015981197,-6.011069246525391e-12,14.838390224947943,-7.959440136542698e-14,1
0.007631560787558556,-4.770549406896141e-12,14.840415224978642,-3.640673778877931e-14,1
0.0065513793379068375,-4.558205809329641e-12,14.842395225008659,-2.986253535716912e-14,1
0.010022482834756374,-5.3390152542076574e-12,14.844420225039357,-5.351018873979869e-14,1
0.015475211665034294,-6.678357086092879e-12,14.846445225070056,-1.0334898948196895e-13,1
0.01817675121128559,-7.648783516278623e-12,14.848425225100073,-1.3903003504437873e-13,1
0.018758269026875496,-7.874708697619415e-12,14.850450225130771,-1.4771590425822134e-13,1
0.017687708139419556,-7.427626222411554e-12,14.85247522516147,-1.3137768479071497e-13,1
0.014713716693222523,-6.400748420870572e-12,14.854455225191487,-9.417879888928104e-14,1
0.00890909880399704,-5.040324928262674e-12,14.856480225222185,-4.490475279014145e-14,1
0.006546724587678909,-4.530961543458556e-12,14.858505225252884,-2.966295734238771e-14,1
0.008450462482869625,-4.9826171834299604e-12,14.8604852252829,-4.21054195750764e-14,1
0.014176263473927975,-6.2948253380656904e-12,14.8625102253136,-8.923710251477696e-14,1
0.01775907725095749,-7.436205297361997e-12,14.864535225344298,-1.3206014432983102e-13,1
0.018750200048089027,-7.870936541420903e-12,14.866515225374314,-1.475816347174559e-13,1
0.01820157654583454,-7.666578309695193e-12,14.868540225405013,-1.3954381194855185e-13,1
0.015867751091718674,-6.749534525035683e-12,14.870565225435712,-1.0709993382822784e-13,1
0.01072191633284092,-5.428248996131035e-12,14.872545225465728,-5.820123157034467e-14,1
0.006639506667852402,-4.551615594844405e-12,14.874570225496427,-3.02204820914704e-14,1
0.007181924767792225,-4.713671293565813e-12,14.876595225527126,-3.385323261049153e-14,1
0.01279973704367876,-5.970700496515935e-12,14.878575225557142,-7.642339632196618e-14,1
0.016852669417858124,-7.12448633075069e-12,14.880600225587841,-1.200666129041904e-13,1
0.01870117336511612,-7.830222581439727e-12,14.88262522561854,-1.4643434998295142e-13,1
0.018586978316307068,-7.815605801431147e-12,14.884650225649239,-1.4526849556000445e-13,1
0.01667238026857376,-7.024434853231121e-12,14.886630225679255,-1.1711404904489236e-13,1
0.012563283555209637,-5.85918206313929e-12,14.888655225709954,-7.361056566081711e-14,1
0.007239021360874176,-4.6838019573947065e-12,14.890680225740653,-3.390614241968456e-14,1
0.006871616933494806,-4.58075244402778e-12,14.892660225770669,-3.1477176062529015e-14,1
0.01108590792864561,-5.556042605159295e-12,14.894685225801368,-6.159377676842824e-14,1
0.016203194856643677,-6.853758446195846e-12,14.896710225832066,-1.1105278360407868e-13,1
0.01843740977346897,-7.708798009653517e-12,14.898690225862083,-1.421302677648839e-13,1
0.018758269026875496,-7.857232225960686e-12,14.900715225892782,-1.4738807590120635e-13,1
0.017495006322860718,-7.338971444448283e-12,14.90274022592348,-1.2839535182391697e-13,1
0.014326452277600765,-6.27243005799083e-12,14.904720225953497,-8.986166989039422e-14,1
0.008380954153835773,-4.921165905336089e-12,14.906745225984196,-4.124406583604148e-14,1
0.006546724587678909,-4.5354102418126985e-12,14.908770226014894,-2.969208174528594e-14,1
0.009269675239920616,-5.13911873126216e-12,14.910750226044911,-4.7637961658193096e-14,1
0.0149970268830657,-6.4994602581858185e-12,14.91277522607561,-9.747258021742986e-14,1
0.01804456114768982,-7.541064994676105e-12,14.914800226106308,-1.3607520841513619e-13,1
0.018832121044397354,-7.876904857540001e-12,14.916780226136325,-1.483388257323948e-13,1
0.01813020557165146,-7.586186019648e-12,14.918805226167024,-1.3753911204100658e-13,1
0.015567993745207787,-6.646899176898646e-12,14.920830226197722,-1.0347888481098491e-13,1
0.009765547700226307,-5.237015248543697e-12,14.922855226228421,-5.1142322216466e-14,1
0.0065141418017446995,-4.539637762923654e-12,14.924835226258438,-2.957184411623977e-14,1
0.007867084816098213,-4.8271100658303645e-12,14.926860226289136,-3.797528430452891e-14,1
0.013583885505795479,-6.134676100444381e-12,14.928885226319835,-8.333273776357635e-14,1
0.0173649862408638,-7.301628919542669e-12,14.930865226349852,-1.2679268572375166e-13,1
0.018708309158682823,-7.856914771564583e-12,14.93289022638055,-1.4698959057985204e-13,1
0.018472785130143166,-7.753961535350573e-12,14.934915226411249,-1.4323726534992614e-13,1
0.01639682613313198,-6.88351676006449e-12,14.936895226441266,-1.1286782749927741e-13,1
0.011849574744701385,-5.6933134422176845e-12,14.938920226471964,-6.746334317857159e-14,1
0.006939264014363289,-4.622793033787209e-12,14.940945226502663,-3.2078781345208876e-14,1
0.006849274970591068,-4.603299512406789e-12,14.94292522653268,-3.152926413246189e-14,1
0.01191380899399519,-5.752733359121187e-12,14.944950226563378,-6.853696643395416e-14,1
0.016574323177337646,-6.973870265991611e-12,14.946975226594077,-1.155871795853706e-13,1
0.018511883914470673,-7.77246062649839e-12,14.948955226624093,-1.438828888475322e-13,1
0.018644075840711594,-7.841661348040319e-12,14.950980226654792,-1.462005288900404e-13,1
0.017166700214147568,-7.191850847493297e-12,14.953005226685491,-1.2346034748378055e-13,1
0.013626396656036377,-6.075477360784065e-12,14.954985226715507,-8.27868643928127e-14,1
0.007931318134069443,-4.813446516371833e-12,14.957010226746206,-3.817697564267331e-14,1
0.0066823288798332214,-4.552568825394454e-12,14.959035226776905,-3.042176213936177e-14,1
0.009902703575789928,-5.2803685902935715e-12,14.961015226806921,-5.2289924920588974e-14,1
0.015496622771024704,-6.62338543386265e-12,14.96304022683762,-1.0264010553566928e-13,1
0.018258672207593918,-7.615737901423003e-12,14.965065226868319,-1.3905326196103182e-13,1
0.018815364688634872,-7.869306768715223e-12,14.967090226899018,-1.480638767001198e-13,1
0.017804382368922234,-7.450503755612736e-12,14.969070226929034,-1.3265161770602029e-13,1
0.015068398788571358,-6.453703457059978e-12,14.971095226959733,-9.724697735416136e-14,1
0.009108936414122581,-5.070511285149015e-12,14.973120226990432,-4.6186964883513353e-14,1
0.0065960632637143135,-4.534332544853248e-12,14.975100227020448,-2.990874432457074e-14,1
0.008409501984715462,-4.941502068644965e-12,14.977125227051147,-4.1555571453745394e-14,1
0.014204811304807663,-6.2652743236524255e-12,14.979150227081846,-8.899703954033916e-14,1
0.01764054037630558,-7.402425894476039e-12,14.981130227111862,-1.3058279287411452e-13,1
0.018801091238856316,-7.868988446957381e-12,14.98315522714256,-1.4794556974875199e-13,1
0.01839427836239338,-7.673886699699484e-12,14.98518022717326,-1.4115560807574055e-13,1
0.0161361675709486,-6.777082801195933e-12,14.987160227203276,-1.0935614372229131e-13,1
0.010950303636491299,-5.467388694557762e-12,14.989185227233975,-5.986956630412728e-14,1
0.0068464819341897964,-4.5713164156802044e-12,14.991210227264673,-3.1297435255419773e-14,1
0.0072663286700844765,-4.677571264349867e-12,14.99319022729469,-3.398877018450873e-14,1
0.012727435678243637,-5.928453040981996e-12,14.995215227325389,-7.545400475058624e-14,1
0.016852669417858124,-7.083496116055965e-12,14.997240227356087,-1.1937581836657316e-13,1
0.0186087004840374,-7.812580443689043e-12,14.999220227386104,-1.4538196948405742e-13,1
0.018579840660095215,-7.825456428689481e-12,15.001245227416803,-1.4539573353756831e-13,1
0.01680270954966545,-7.0574397020850554e-12,15.003270227447501,-1.1858410947841266e-13,1
0.012663202360272408,-5.883331582329232e-12,15.0052952274782,-7.450181837961673e-14,1
0.0073110125958919525,-4.6961393107558536e-12,15.007275227508217,-3.43335336529994e-14,1
0.006746563129127026,-4.578307351288391e-12,15.009300227538915,-3.088783957001347e-14,1
0.010821836069226265,-5.51282760760663e-12,15.011325227569614,-5.965891664742376e-14,1
0.015912745147943497,-6.8026135939536214e-12,15.01330522759963,-1.0824825646051996e-13,1
0.01826580986380577,-7.68596124245402e-12,15.01533022763033,-1.403903066752455e-13,1
0.018644075840711594,-7.848970605406347e-12,15.017355227661028,-1.4633680323871192e-13,1
0.017484145238995552,-7.361642545555824e-12,15.019335227691045,-1.2871202746406696e-13,1
0.014383237808942795,-6.29895614834286e-12,15.021360227721743,-9.059938422971771e-14,1
0.008388090878725052,-4.940549271775785e-12,15.023385227752442,-4.144177628247416e-14,1
0.0064694578759372234,-4.533669446804556e-12,15.025365227782459,-2.933038350952569e-14,1
0.009101799689233303,-5.1149969676478335e-12,15.027390227813157,-4.655567781056634e-14,1
0.014647310599684715,-6.4559278062370495e-12,15.029415227843856,-9.456197978709523e-14,1
0.01787140779197216,-7.515491701193255e-12,15.031395227873872,-1.3431241694920725e-13,1
0.018686898052692413,-7.86485807036108e-12,15.033420227904571,-1.4696980095973269e-13,1
0.018030285835266113,-7.598578884160379e-12,15.03544522793527,-1.3700454922322906e-13,1
0.015622297301888466,-6.683247705252526e-12,15.037425227965286,-1.0440768259361882e-13,1
0.010086716152727604,-5.297389263358987e-12,15.039450227995985,-5.3433261850008877e-14,1
0.006525313016027212,-4.54907379127123e-12,15.041475228026684,-2.968413042105041e-14,1
0.007623802870512009,-4.789310874969699e-12,15.0434552280567,-3.651276199636837e-14,1
0.013326950371265411,-6.085106377118343e-12,15.0454802280874,-8.109591069172683e-14,1
0.017230933532118797,-7.2519065405507455e-12,15.047505228118098,-1.2495711958136746e-13,1
0.018665486946702003,-7.846745822548407e-12,15.049530228148797,-1.4646333172486576e-13,1
0.018489543348550797,-7.771797094768829e-12,15.051510228178813,-1.436969792798694e-13,1
0.016438718885183334,-6.9217578717306605e-12,15.053535228209512,-1.137848318446852e-13,1
0.011985179036855698,-5.732397195812311e-12,15.05556022824021,-6.87038067021801e-14,1
0.006983327679336071,-4.6241886188236325e-12,15.057540228270227,-3.229222437630191e-14,1
0.006810796447098255,-4.5954659348701465e-12,15.059565228300926,-3.1298783061974656e-14,1
0.011742519214749336,-5.714603269757479e-12,15.061590228331625,-6.710383869979658e-14,1
0.016448957845568657,-6.9418737251580875e-12,15.063570228361641,-1.1418658827438604e-13,1
0.0184371005743742,-7.746334823588441e-12,15.06559522839234,-1.428199542252773e-13,1
0.018629800528287888,-7.838802523751909e-12,15.067620228423038,-1.4603532739813774e-13,1
0.017111776396632195,-7.2266932021891606e-12,15.069600228453055,-1.236615581629228e-13,1
0.013748038560152054,-6.127686032197932e-12,15.071625228483754,-8.424366385516231e-14,1
0.007945592515170574,-4.8271100658303645e-12,15.073650228514452,-3.835424960896628e-14,1
0.0065290373750030994,-4.541295724885819e-12,15.075630228544469,-2.9650289518721304e-14,1
0.009715588763356209,-5.250360909925256e-12,15.077655228575168,-5.1010347460034494e-14,1
0.015296785160899162,-6.599871257145784e-12,15.079680228605866,-1.0095681271015253e-13,1
0.01810227893292904,-7.586116630708961e-12,15.081660228635883,-1.3732599926682545e-13,1
0.01872258260846138,-7.856596449806741e-12,15.083685228666582,-1.470957760528511e-13,1
0.017858996987342834,-7.478466630683744e-12,15.08571022869728,-1.335579130273249e-13,1
0.015061261132359505,-6.481030555977041e-12,15.08773522872798,-9.761249361037132e-14,1
0.009239885956048965,-5.095019892098485e-12,15.089715228757996,-4.7077402746790903e-14,1
0.006632369011640549,-4.531279431535529e-12,15.091740228788694,-3.005311728480044e-14,1
0.00818825326859951,-4.9078202439545304e-12,15.093765228819393,-4.018647515425953e-14,1
0.013998766429722309,-6.223026434437617e-12,15.09574522884941,-8.711469354167984e-14,1
0.017573513090610504,-7.358355244568848e-12,15.097770228880108,-1.2931215221579311e-13,1
0.018665486946702003,-7.855007443102746e-12,15.099795228910807,-1.466175388954814e-13,1
0.01828846149146557,-7.681608821252794e-12,15.101775228940824,-1.4048480711998395e-13,1
0.016110412776470184,-6.798468905888644e-12,15.103800228971522,-1.0952614032186368e-13,1
0.011021673679351807,-5.4975754851249725e-12,15.105825229002221,-6.059248302465165e-14,1
0.006715221330523491,-4.568484479605672e-12,15.107805229032238,-3.067838442561352e-14,1
0.007039183285087347,-4.642493854623009e-12,15.109830229062936,-3.267936514258301e-14,1
0.012556145898997784,-5.890004629860446e-12,15.111855229093635,-7.39557574783002e-14,1
0.01655322127044201,-7.021118929306791e-12,15.113835229123652,-1.162221352029042e-13,1
0.01850847154855728,-7.785419010863937e-12,15.11586022915435,-1.4409620625617214e-13,1
0.018565567210316658,-7.810521326923059e-12,15.117885229185049,-1.450067586426017e-13,1
0.01684366911649704,-7.086107308568179e-12,15.119865229215065,-1.193560468295138e-13,1
0.012927274219691753,-5.9173308614157705e-12,15.121890229245764,-7.649495869416649e-14,1
0.007474544923752546,-4.715577754665912e-12,15.123915229276463,-3.524679776869852e-14,1
0.006745011545717716,-4.562847495670486e-12,15.12589522930648,-3.077645903964659e-14,1
0.010464981198310852,-5.419725432331823e-12,15.127920229337178,-5.6717324749359685e-14,1
0.015746422111988068,-6.7349177450271025e-12,15.129945229367877,-1.0605085770271558e-13,1
0.01822298765182495,-7.652279851444455e-12,15.131970229398576,-1.3944740124118117e-13,1
0.018735306337475777,-7.844742216933653e-12,15.133950229428592,-1.4697364857278085e-13,1
0.017516417428851128,-7.37614917062368e-12,15.13597522945929,-1.2920370789011842e-13,1
0.014433197677135468,-6.315796843847643e-12,15.13800022948999,-9.115714433588132e-14,1
0.008584516122937202,-4.947802150628844e-12,15.139980229520006,-4.2474487335176675e-14,1
0.006596683990210295,-4.522064146750271e-12,15.142005229550705,-2.983062815957149e-14,1
0.009001879952847958,-5.068604824048917e-12,15.144030229581404,-4.5626972154514393e-14,1
0.014549873769283295,-6.379527982269817e-12,15.14601022961142,-9.282132684963639e-14,1
0.017809037119150162,-7.463214074521218e-12,15.148035229642119,-1.329126564813123e-13,1
0.018672624602913857,-7.843568676502155e-12,15.150060229672818,-1.4646001344349862e-13,1
0.01810227893292904,-7.60236405078496e-12,15.152040229702834,-1.3762011459698165e-13,1
0.01566077582538128,-6.685982930493273e-12,15.154065229733533,-1.0470767984678093e-13,1
0.010158087126910686,-5.316136419963868e-12,15.156090229764231,-5.4001776932536034e-14,1
0.006566273979842663,-4.535658740950632e-12,15.158070229794248,-2.978237797215007e-14,1
0.007531641982495785,-4.756568403041506e-12,15.160095229824947,-3.5824770276960334e-14,1
0.01312711276113987,-6.037760569288508e-12,15.162120229855645,-7.92583638178143e-14,1
0.01707453839480877,-7.185578521085034e-12,15.164100229885662,-1.2269043634717963e-13,1
0.0185512937605381,-7.813064431538841e-12,15.16612522991636,-1.4494245343948867e-13,1
0.018422827124595642,-7.771438007009301e-12,15.16815022994706,-1.4317185891264446e-13,1
0.01641017012298107,-6.933514526408224e-12,15.170175229977758,-1.137801529285195e-13,1
0.012077340856194496,-5.753852689444061e-12,15.172155230007775,-6.949124016674734e-14,1
0.007103416603058577,-4.637091925718817e-12,15.174180230038473,-3.293919577505991e-14,1
0.00673942593857646,-4.574493995407325e-12,15.176205230069172,-3.082946348851039e-14,1
0.011481549590826035,-5.6593549291328316e-12,15.178185230099189,-6.497816427092436e-14,1
0.01609613746404648,-6.889029277590275e-12,15.180210230129887,-1.1088676224593387e-13,1
0.018344318494200706,-7.719643500825324e-12,15.182235230160586,-1.4161159904082628e-13,1
0.018593804910779,-7.81788522807858e-12,15.184215230190603,-1.453642327457541e-13,1
0.017252344638109207,-7.2493643032967015e-12,15.186240230221301,-1.2506853136768114e-13,1
0.013755175285041332,-6.150881887156956e-12,15.188265230252,-8.460645851542975e-14,1
0.008048304356634617,-4.847336074198516e-12,15.190245230282017,-3.901283604404406e-14,1
0.006589546799659729,-4.529690858512403e-12,15.192270230312715,-2.9848609900158335e-14,1
0.009551435708999634,-5.202697647699317e-12,15.194295230343414,-4.969323209536365e-14,1
0.015145665034651756,-6.547966596021082e-12,15.19627523037343,-9.917330872142418e-14,1
0.01793750375509262,-7.543288910172308e-12,15.19830023040413,-1.353077731519643e-13,1
0.018586978316307068,-7.837848425840122e-12,15.200325230434828,-1.4568191873759182e-13,1
0.01782672479748726,-7.492281968446424e-12,15.202305230464844,-1.3356284875667051e-13,1
0.015211138874292374,-6.533460404634095e-12,15.204330230495543,-9.938137354457966e-14,1
0.00930163823068142,-5.1264366016101626e-12,15.206355230526242,-4.768425868070162e-14,1
0.006603510584682226,-4.519080422371591e-12,15.208335230556258,-2.9841795402161025e-14,1
0.008045511320233345,-4.848717781447132e-12,15.210360230586957,-3.901041379924961e-14,1
0.013712353073060513,-6.1591435077112955e-12,15.212385230617656,-8.445635040538569e-14,1
0.01738794893026352,-7.318635281139407e-12,15.214410230648355,-1.272560565076768e-13,1
0.018616147339344025,-7.832142920327634e-12,15.216390230678371,-1.4580432658761942e-13,1
0.018165890127420425,-7.679606950361517e-12,15.21841523070907,-1.3950689608204157e-13,1
0.01598908193409443,-6.789254054784255e-12,15.220440230739769,-1.0855393935332828e-13,1
0.011116627603769302,-5.526394446231375e-12,15.222420230769785,-6.143486905029307e-14,1
0.006746563129127026,-4.568139269633953e-12,15.224445230800484,-3.0819239965229687e-14,1
0.006896441336721182,-4.610082714878727e-12,15.226470230831183,-3.1793165000593464e-14,1
0.012151814065873623,-5.815193378916339e-12,15.228450230861199,-7.066514869769073e-14,1
0.01643158122897148,-6.9703747981875175e-12,15.230475230891898,-1.145342796927939e-13,1
0.018365729600191116,-7.75554967469283e-12,15.232500230922597,-1.424363282262587e-13,1
0.01836293563246727,-7.794011963602188e-12,15.234480230952613,-1.431209400063068e-13,1
0.01680270954966545,-7.096523889360551e-12,15.236505230983312,-1.1924082972518754e-13,1
0.012827354483306408,-5.92781726482805e-12,15.23853023101401,-7.603821336821322e-14,1
0.007407828699797392,-4.727307087448729e-12,15.240510231044027,-3.501908111515831e-14,1
0.006489627994596958,-4.535092353735726e-12,15.242535231074726,-2.9431062296885977e-14,1
0.010143812745809555,-5.35903396312043e-12,15.244560231105424,-5.436103702032731e-14,1
0.01535419188439846,-6.652743026608343e-12,15.246540231135441,-1.0214749298813827e-13,1
0.01802315004169941,-7.603979945702832e-12,15.24856523116614,-1.3704767147547548e-13,1
0.01841568946838379,-7.823868289347224e-12,15.250590231196838,-1.4408192885815357e-13,1
0.017309442162513733,-7.36884078061939e-12,15.252615231227537,-1.2755052329690388e-13,1
0.01433389913290739,-6.316529330835374e-12,15.254595231257554,-9.054049429824527e-14,1
0.008480872958898544,-4.9729604115200665e-12,15.256620231288252,-4.217504547973351e-14,1
0.006246967241168022,-4.4969618306911485e-12,15.258645231318951,-2.8092373241110582e-14,1
0.008443015627563,-4.9932276195707725e-12,15.260625231348968,-4.215789882401523e-14,1
0.014062069356441498,-6.305946650270178e-12,15.262650231379666,-8.867465915411918e-14,1
0.017295166850090027,-7.413009442402974e-12,15.264675231410365,-1.2820923516765226e-13,1
0.018429962918162346,-7.823190879829856e-12,15.266655231440382,-1.441811178169701e-13,1
0.017823312431573868,-7.59571919251023e-12,15.26868023147108,-1.3538087631061182e-13,1
0.015425252728164196,-6.684711811866251e-12,15.270705231501779,-1.0311336911298131e-13,1
0.010133572854101658,-5.335409197781971e-12,15.272685231531796,-5.406675781216768e-14,1
0.006311200559139252,-4.512849295645882e-12,15.274710231562494,-2.848149699799147e-14,1
0.007160513661801815,-4.711446944388742e-12,15.276735231593193,-3.373638021215e-14,1
0.012591210193932056,-5.976005280905472e-12,15.27871523162321,-7.524513861192878e-14,1
0.016588596627116203,-7.11304713046923e-12,15.280740231653908,-1.1799546963702046e-13,1
0.018272947520017624,-7.779699627563641e-12,15.282765231684607,-1.4215804301597107e-13,1
0.01819164678454399,-7.761186658628016e-12,15.284745231714624,-1.4118876632267608e-13,1
0.016267428174614906,-6.952262550374844e-12,15.286770231745322,-1.1309543168928782e-13,1
0.012106509879231453,-5.7854623869424415e-12,15.288795231776021,-7.004175754344065e-14,1
0.00682693300768733,-4.6288303051644775e-12,15.290775231806037,-3.160071439731079e-14,1
0.006461079698055983,-4.546213665940213e-12,15.292800231836736,-2.9373448820030973e-14,1
0.010950303636491299,-5.56271521900964e-12,15.294825231867435,-6.091342069148675e-14,1
0.01577496901154518,-6.840412784814287e-12,15.296850231898134,-1.0790729970662285e-13,1
0.017983119934797287,-7.67729890077673e-12,15.29883023192815,-1.3806178690795531e-13,1
0.01822298765182495,-7.798129329772419e-12,15.300855231958849,-1.4210521448377677e-13,1
0.016959724947810173,-7.255402008354839e-12,15.302880231989548,-1.230496224474876e-13,1
0.013633844442665577,-6.168980257181822e-12,15.304860232019564,-8.410691719629205e-14,1
0.007895632646977901,-4.851577473097279e-12,15.306885232050263,-3.830627348592943e-14,1
0.006225556135177612,-4.504270220695439e-12,15.308910232080962,-2.8041587106948307e-14,1
0.009128175675868988,-5.142435088867359e-12,15.310890232110978,-4.69410508929342e-14,1
0.014740092679858208,-6.476899745699871e-12,15.312915232141677,-9.547010252976616e-14,1
0.017602061852812767,-7.502616583554556e-12,15.314940232172376,-1.320615211616661e-13,1
0.018400173634290695,-7.818548759808142e-12,15.316920232202392,-1.4386265474863798e-13,1
0.017602061852812767,-7.496260556738576e-12,15.31894523223309,-1.319496419845131e-13,1
0.015096946619451046,-6.544581716838582e-12,15.32097023226379,-9.880320082574736e-14,1
0.009418623521924019,-5.165313489430279e-12,15.322950232293806,-4.8650143129659456e-14,1
0.006268378347158432,-4.5020454378374986e-12,15.324975232324505,-2.822052414046398e-14,1
0.0076101492159068584,-4.803596322794368e-12,15.327000232355203,-3.655608478944663e-14,1
0.013313607312738895,-6.103329213552611e-12,15.32898023238522,-8.125732844960697e-14,1
0.01695258729159832,-7.251589086154642e-12,15.331005232415919,-1.2293319698583825e-13,1
0.01833004504442215,-7.80448448922666e-12,15.333030232446617,-1.4305655223601866e-13,1
0.017944641411304474,-7.664353526837253e-12,15.335055232477316,-1.3753407568856127e-13,1
0.01586061343550682,-6.798965904164511e-12,15.337035232507333,-1.0783576996714443e-13,1
0.011257197707891464,-5.580509578745341e-12,15.339060232538031,-6.282089963871841e-14,1
0.006703739985823631,-4.557335411825569e-12,15.34108523256873,-3.0551191629065075e-14,1
0.006692879367619753,-4.569478909838276e-12,15.343065232598747,-3.05829711164302e-14,1
0.011821026913821697,-5.7419295013128036e-12,15.345090232629445,-6.787550317228545e-14,1
0.016138959676027298,-6.928748807338847e-12,15.347115232660144,-1.1182279760696389e-13,1
0.018109725788235664,-7.725045429729516e-12,15.34909523269016,-1.3989845443406467e-13,1
0.018215849995613098,-7.77429769865945e-12,15.35112023272086,-1.4161544070002065e-13,1
0.01668851636350155,-7.092392645402512e-12,15.353145232751558,-1.1836151071917786e-13,1
0.012904001399874687,-5.9564423705860126e-12,15.355125232781575,-7.686194068831481e-14,1
0.007374625653028488,-4.7375029246787825e-12,15.357150232812273,-3.493731059963364e-14,1
0.006382571533322334,-4.515073644822953e-12,15.359175232842972,-2.88177805163009e-14,1
0.009805887937545776,-5.278379296147495e-12,15.361155232872989,-5.175919586988409e-14,1
0.015061261132359505,-6.5916092029105755e-12,15.363180232903687,-9.927794748750027e-14,1
0.01775907725095749,-7.568392093593168e-12,15.365205232934386,-1.3440765985565695e-13,1
0.018325699493288994,-7.80130647581867e-12,15.367185232964403,-1.4296439813090235e-13,1
0.01732371561229229,-7.379326316669932e-12,15.369210232995101,-1.2783735052029426e-13,1
0.01446174643933773,-6.3409000272685034e-12,15.3712352330258,-9.17004883915468e-14,1
0.008718568831682205,-4.997537973727706e-12,15.373215233055816,-4.357137881289062e-14,1
0.0063254754059016705,-4.482345050682568e-12,15.375240233086515,-2.835296337885766e-14,1
0.008131156675517559,-4.927203610394226e-12,15.377265233117214,-4.006386452829123e-14,1
0.01382654532790184,-6.2398536858354614e-12,15.379290233147913,-8.627561982667938e-14,1
0.017327750101685524,-7.373247845610109e-12,15.38127023317793,-1.2776179610652314e-13,1
0.01839427836239338,-7.79622286867232e-12,15.383295233208628,-1.434058936216157e-13,1
0.0178946815431118,-7.589680620090355e-12,15.385320233239327,-1.3581491771044421e-13,1
0.015421218238770962,-6.679600449144285e-12,15.387300233269343,-1.0300757627404656e-13,1
0.010357925668358803,-5.361257878616632e-12,15.389325233300042,-5.5531510595614076e-14,1
0.006375434808433056,-4.501727983441395e-12,15.39135023333074,-2.8700473283729416e-14,1
0.006893958896398544,-4.647067019386553e-12,15.393330233360757,-3.203668902046019e-14,1
0.01249191164970398,-5.9122472542694204e-12,15.395355233391456,-7.385527035153854e-14,1
0.016467265784740448,-7.061570946043094e-12,15.397380233422155,-1.1628476562629268e-13,1
0.018228882923722267,-7.757539402519775e-12,15.399360233452171,-1.4141127754469537e-13,1
0.018215849995613098,-7.749830291392534e-12,15.40138523348287,-1.4116974607946495e-13,1
0.016331661492586136,-6.958299821752112e-12,15.403410233513569,-1.1364059725277794e-13,1
0.012337999418377876,-5.815193378916339e-12,15.405390233543585,-7.174785252682467e-14,1
0.007039183285087347,-4.634232234068669e-12,15.407415233574284,-3.262121008126917e-14,1
0.006511039100587368,-4.529690424831534e-12,15.409440233604982,-2.9492991469634324e-14,1
0.010617652907967567,-5.486274629040722e-12,15.411420233634999,-5.82513597689429e-14,1
0.015696462243795395,-6.761926955867192e-12,15.413445233665698,-1.0613833115807171e-13,1
0.01798032596707344,-7.639886986932076e-12,15.415470233696396,-1.3736765837664128e-13,1
0.01833004504442215,-7.792091624714281e-12,15.417495233727095,-1.4282939047127735e-13,1
0.01711922325193882,-7.268471415022848e-12,15.419475233757112,-1.244305848541118e-13,1
0.013926465064287186,-6.2103022377413275e-12,15.42150023378781,-8.648755715256913e-14,1
0.008066922426223755,-4.8579326325515204e-12,15.42352523381851,-3.9188565698614064e-14,1
0.006253483705222607,-4.489570173960011e-12,15.425505233848526,-2.8075453926312354e-14,1
0.00893050990998745,-5.096567265439056e-12,15.427530233879224,-4.5514944470921126e-14,1
0.014575939625501633,-6.448619416232759e-12,15.429555233909923,-9.399468727884628e-14,1
0.017603302374482155,-7.47802427619737e-12,15.43153523393994,-1.3163792249762037e-13,1
0.018301494419574738,-7.808297411426857e-12,15.433560233970638,-1.4290351150160849e-13,1
0.01763061061501503,-7.51024242795495e-12,15.435585234001337,-1.3241015987163878e-13,1
0.015160559676587582,-6.585434021016967e-12,15.437565234031354,-9.983886547185785e-14,1
0.009629943408071995,-5.203015969457159e-12,15.439590234062052,-5.0104749337167285e-14,1
0.006289789453148842,-4.496326054537203e-12,15.441615234092751,-2.8280944195746444e-14,1
0.007534434553235769,-4.78665848277493e-12,15.443595234122768,-3.606476506715854e-14,1
0.013134248554706573,-6.0669941293056695e-12,15.445620234153466,-7.968540887424626e-14,1
0.01699541136622429,-7.235065845045963e-12,15.447645234184165,-1.229629202982753e-13,1
0.01825122721493244,-7.796996555342606e-12,15.449625234214182,-1.4230475572560347e-13,1
0.018123067915439606,-7.703438581474487e-12,15.45165023424488,-1.3960994059447986e-13,1
0.016039041802287102,-6.840730239210391e-12,15.453675234275579,-1.097187582648649e-13,1
0.011645392514765263,-5.6620073213276e-12,15.455655234305596,-6.593629767833455e-14,1
0.0068036592565476894,-4.5891107754159055e-12,15.457680234336294,-3.122274600648117e-14,1
0.0066466438584029675,-4.566232374852985e-12,15.459705234366993,-3.035012037035739e-14,1
0.011728244833648205,-5.719368988826856e-12,15.461730234397692,-6.707815979493633e-14,1
0.016113825142383575,-6.926952501179473e-12,15.463710234427708,-1.1161970137360259e-13,1
0.018215849995613098,-7.711381880270984e-12,15.465735234458407,-1.4046937558990514e-13,1
0.018337180837988853,-7.783512549763838e-12,15.467760234489106,-1.427276771797752e-13,1
0.01681387983262539,-7.141147916056578e-12,15.469740234519122,-1.2007040292757853e-13,1
0.013241305015981197,-6.029498948734169e-12,15.471765234549821,-7.98384346737271e-14,1
0.007674382999539375,-4.774362762777207e-12,15.47379023458052,-3.664028842029124e-14,1
0.006380089092999697,-4.522727244798963e-12,15.475770234610536,-2.8855402765154433e-14,1
0.009551435708999634,-5.248454448825157e-12,15.477795234641235,-5.01302752395666e-14,1
0.015146906487643719,-6.587160938237302e-12,15.479820234671934,-9.977511075053987e-14,1
0.017729908227920532,-7.570532742362523e-12,15.48180023470195,-1.342248507585551e-13,1
0.018301496282219887,-7.82736288978958e-12,15.483825234732649,-1.432524528270699e-13,1
0.017423635348677635,-7.413009442402974e-12,15.485850234763348,-1.2916157336073354e-13,1
0.014721163548529148,-6.430258669282152e-12,15.487830234793364,-9.466088952984996e-14,1
0.008880550041794777,-5.052716925413314e-12,15.489855234824063,-4.4870905503156384e-14,1
0.006418257020413876,-4.506176681795537e-12,15.491880234854762,-2.892180012315951e-14,1
0.008063198998570442,-4.896408365567817e-12,15.493860234884778,-3.948071502983836e-14,1
0.013776587322354317,-6.211255468291377e-12,15.495885234915477,-8.55699033403669e-14,1
0.017295166850090027,-7.360261705668947e-12,15.497910234946175,-1.2729695425987265e-13,1
0.01845851168036461,-7.82640965923953e-12,15.499935234976874,-1.4446387411039127e-13,1
0.018065040931105614,-7.629221039640033e-12,15.50191523500689,-1.3782219035354932e-13,1
0.01577496901154518,-6.744450050527595e-12,15.50394023503759,-1.0639349054698714e-13,1
0.010693367570638657,-5.4298935139862614e-12,15.505965235068288,-5.806384721448187e-14,1
0.006566273979842663,-4.544942547313191e-12,15.507945235098305,-2.9843337988302437e-14,1
0.007032046094536781,-4.657110634631589e-12,15.509970235129003,-3.274901665008678e-14,1
0.012506186030805111,-5.91320048481947e-12,15.511995235159702,-7.395158530059926e-14,1
0.01652343198657036,-7.0582550221187645e-12,15.513975235189719,-1.1662659680184807e-13,1
0.018344318494200706,-7.779382173167537e-12,15.516000235220417,-1.4270746427269254e-13,1
0.018294358626008034,-7.79399808581438e-12,15.518025235251116,-1.425861961123084e-13,1
0.01661280170083046,-7.028081675658493e-12,15.520005235281133,-1.167561272149548e-13,1
0.012570420280098915,-5.870938717816854e-12,15.522030235311831,-7.38001671216629e-14,1
0.007338940631598234,-4.684755621625625e-12,15.52405523534253,-3.438114338065654e-14,1
0.0065737213008105755,-4.562847495670486e-12,15.526035235372547,-2.999488777463926e-14,1
0.01055062748491764,-5.464529002907614e-12,15.528060235403245,-5.765420989020667e-14,1
0.015782106667757034,-6.770188142740663e-12,15.530085235433944,-1.0684783142951703e-13,1
0.01810227893292904,-7.663041208527677e-12,15.53206523546396,-1.3871850943129764e-13,1
0.018515609204769135,-7.82958767264752e-12,15.53409023549466,-1.4496958558121937e-13,1
0.017416497692465782,-7.33992554236007e-12,15.536115235525358,-1.2783579627138483e-13,1
0.014319004490971565,-6.300614110305025e-12,15.538095235555375,-9.021852174133647e-14,1
0.008609340526163578,-4.944044305899009e-12,15.540120235586073,-4.256496100592462e-14,1
0.006618095096200705,-4.530643655381583e-12,15.542145235616772,-2.998423055831369e-14,1
0.009237403981387615,-5.117221750505774e-12,15.54417023564747,-4.7269844571765336e-14,1
0.014885006472468376,-6.4441845956664245e-12,15.546150235677487,-9.592172941627573e-14,1
0.017887545749545097,-7.487999803545975e-12,15.548175235708186,-1.3394193905851333e-13,1
0.018779680132865906,-7.849923835956396e-12,15.550200235738885,-1.4741905870662085e-13,1
0.018094830214977264,-7.580811846319424e-12,15.552180235768901,-1.371735032508383e-13,1
0.015810655429959297,-6.6659642215805e-12,15.5542052357996,-1.0539326341584614e-13,1
0.010229458101093769,-5.278323784996264e-12,15.556230235830299,-5.399439200262596e-14,1
0.006834380328655243,-4.548921569286213e-12,15.558210235860315,-3.108906008972523e-14,1
0.007895632646977901,-4.79660582086705e-12,15.560235235891014,-3.787223751392212e-14,1
0.013519651256501675,-6.086695383822338e-12,15.562260235921713,-8.228999889383662e-14,1
0.01739477552473545,-7.240619562254302e-12,15.56424023595173,-1.2594895194542185e-13,1
0.01882964000105858,-7.82958767264752e-12,15.566265235982428,-1.4742831723267888e-13,1
0.018708309158682823,-7.757138681396825e-12,15.568290236013127,-1.45122948638349e-13,1
0.016590457409620285,-6.924963207033397e-12,15.570270236043143,-1.1488830714947507e-13,1
0.01236344501376152,-5.7508268980210886e-12,15.572295236073842,-7.110003213734446e-14,1
0.007381762843579054,-4.639316274895888e-12,15.57432023610454,-3.4246332497638056e-14,1
0.0072439867071807384,-4.595341902141614e-12,15.576300236134557,-3.32885956540645e-14,1
0.01203513890504837,-5.6958552457908596e-12,15.578325236165256,-6.855040906614142e-14,1
0.016795571893453598,-6.938599000916312e-12,15.580350236195954,-1.1653773835973523e-13,1
0.018772542476654053,-7.74295037808681e-12,15.582330236225971,-1.453548648672592e-13,1
0.018993793055415154,-7.834035503639925e-12,15.58435523625667,-1.4879804914491175e-13,1
0.017552103847265244,-7.225850993941574e-12,15.586380236287368,-1.2682888703052728e-13,1
0.014119165949523449,-6.1117981335623295e-12,15.588405236318067,-8.629349209775421e-14,1
0.008443015627563,-4.835067676095539e-12,15.590385236348084,-4.082255194959935e-14,1
0.007117690518498421,-4.555428950725471e-12,15.592410236378782,-3.242413345027189e-14,1
0.010279417037963867,-5.2646602355377325e-12,15.594435236409481,-5.4117638124277434e-14,1
0.01578613929450512,-6.608644187444668e-12,15.596415236439498,-1.0432497769082312e-13,1
0.01845851168036461,-7.590634718002143e-12,15.598440236470196,-1.4011181960362367e-13,1
0.01905088871717453,-7.863587385414927e-12,15.600465236500895,-1.498083281973172e-13,1
0.01814696192741394,-7.482335064035173e-12,15.602445236530912,-1.3578164953520063e-13,1
0.01553230732679367,-6.506768648190109e-12,15.60447023656161,-1.0106513034803457e-13,1
0.009729862213134766,-5.120398896552025e-12,15.606495236592309,-4.98207757397385e-14,1
0.006983327679336071,-4.5499159995188165e-12,15.608475236622326,-3.17735543380938e-14,1
0.00864502601325512,-4.910997823681651e-12,15.610500236653024,-4.245570393676715e-14,1
0.014319004490971565,-6.218563858295667e-12,15.612525236683723,-8.904364381432912e-14,1
0.017819276079535484,-7.353685368971519e-12,15.61450523671374,-1.3103734979174426e-13,1
0.018972381949424744,-7.856914771564583e-12,15.616530236744438,-1.4906438799020052e-13,1
0.01850847154855728,-7.686597018607966e-12,15.618555236775137,-1.4226716222413076e-13,1
0.016463853418827057,-6.814549792510949e-12,15.620535236805154,-1.121937488991986e-13,1
0.011521268635988235,-5.5334816589924785e-12,15.622560236835852,-6.375272868556619e-14,1
0.007224747445434332,-4.594512704320097e-12,15.624585236866551,-3.3194193923552207e-14,1
0.007503093220293522,-4.668867722990022e-12,15.62661023689725,-3.503094975881369e-14,1
0.012829527258872986,-5.911680867054514e-12,15.628590236927266,-7.584407082963378e-14,1
0.01695258729159832,-7.038374657403201e-12,15.630615236957965,-1.193186607706012e-13,1
0.018772542476654053,-7.803848713072714e-12,15.632640236988664,-1.464980814475396e-13,1
0.01882467418909073,-7.826174604208536e-12,15.63462023701868,-1.4732518707116177e-13,1
0.01717383787035942,-7.099383581010699e-12,15.636645237049379,-1.2192366259976942e-13,1
0.013091426342725754,-5.9236864545508805e-12,15.638670237080078,-7.754950489715512e-14,1
0.007891909219324589,-4.7405699157843095e-12,15.640650237110094,-3.741214742323098e-14,1
0.007082005497068167,-4.589428663492878e-12,15.642675237140793,-3.2502359023258773e-14,1
0.010871795937418938,-5.455949494276302e-12,15.644700237171492,-5.931596954663601e-14,1
0.015949983149766922,-6.7488987488817376e-12,15.646680237201508,-1.0764482132414678e-13,1
0.018515609204769135,-7.663718618045046e-12,15.648705237232207,-1.4189841898703544e-13,1
0.018958106637001038,-7.85754968035679e-12,15.650730237262906,-1.4896426474573744e-13,1
0.017878856509923935,-7.403420758389512e-12,15.652710237292922,-1.3236469742183832e-13,1
0.014840012416243553,-6.350750654526838e-12,15.65473523732362,-9.424521856564514e-14,1
0.00907325092703104,-4.993614462905915e-12,15.65676023735432,-4.5308317054796707e-14,1
0.007028011605143547,-4.549584667334905e-12,15.658740237384336,-3.1974533840612856e-14,1
0.009294500574469566,-5.079726136253404e-12,15.660765237415035,-4.7213517491555335e-14,1
0.014947067946195602,-6.401591062799028e-12,15.662790237445734,-9.568501657941559e-14,1
0.01819164678454399,-7.481671532305612e-12,15.66477023747575,-1.361039258736817e-13,1
0.019079437479376793,-7.869942544869168e-12,15.666795237506449,-1.501540767511188e-13,1
0.018544156104326248,-7.629718905277638e-12,15.668820237537147,-1.414866984115977e-13,1
0.016203194856643677,-6.701870829128875e-12,15.670845237567846,-1.0859171894843129e-13,1
0.010699573904275894,-5.344361671960618e-12,15.672825237597863,-5.718239268032211e-14,1
0.007217609789222479,-4.569727842657079e-12,15.674850237628561,-3.298251241124425e-14,1
0.00820966437458992,-4.801054519221193e-12,15.67687523765926,-3.9415046246914164e-14,1
0.013767898082733154,-6.077134889065361e-12,15.678855237689277,-8.366937378767374e-14,1
0.017573513090610504,-7.2147288143753485e-12,15.680880237719975,-1.2678813126463e-13,1
0.01909371092915535,-7.845156815844412e-12,15.682905237750674,-1.4979315643562603e-13,1
0.018921490758657455,-7.802301339732143e-12,15.68488523778069,-1.4763117269600242e-13,1
0.016959724947810173,-6.978636418741857e-12,15.68691023781139,-1.1835575417263291e-13,1
0.012648927979171276,-5.801032397501071e-12,15.688935237842088,-7.337684100083033e-14,1
0.007638697512447834,-4.6732609101929334e-12,15.690915237872105,-3.569762648971046e-14,1
0.007374625653028488,-4.612942840209744e-12,15.692940237902803,-3.401872660536487e-14,1
0.011999453417956829,-5.6806031233092025e-12,15.694965237933502,-6.816413256404885e-14,1
0.01670216955244541,-6.915015868941277e-12,15.696945237963519,-1.1549576750090784e-13,1
0.018793955445289612,-7.74315767754219e-12,15.698970237994217,-1.455245603975801e-13,1
0.018936695531010628,-7.85341930376049e-12,15.700995238024916,-1.4871781023267385e-13,1
0.017722461372613907,-7.295991935607482e-12,15.702975238054933,-1.2930293525370617e-13,1
0.014354689978063107,-6.211891244445322e-12,15.705000238085631,-8.916977299145723e-14,1
0.008587929420173168,-4.890025884218829e-12,15.70702523811633,-4.1995197156491195e-14,1
0.007032046094536781,-4.574811883484298e-12,15.709050238147029,-3.217028803849621e-14,1
0.010096335783600807,-5.2558322277684866e-12,15.711030238177045,-5.306464699382132e-14,1
0.015553719364106655,-6.5916092029105755e-12,15.713055238207744,-1.0252403969993385e-13,1
0.018272947520017624,-7.582373097447803e-12,15.715080238238443,-1.3855230568685718e-13,1
0.019010858610272408,-7.888510157594286e-12,15.71706023826846,-1.4996735125172268e-13,1
0.01818016543984413,-7.531532689175613e-12,15.719085238299158,-1.369245103048068e-13,1
0.01561795361340046,-6.564282971355251e-12,15.721110238329857,-1.0252066695186084e-13,1
0.009850571863353252,-5.179902513863244e-12,15.723090238359873,-5.102500195797405e-14,1
0.00701777171343565,-4.56877417842616e-12,15.725115238390572,-3.206261419443431e-14,1
0.008480872958898544,-4.906231237250536e-12,15.72714023842127,-4.1609123830101416e-14,1
0.01408813614398241,-6.204458388031631e-12,15.729120238451287,-8.740925447026326e-14,1
0.017766214907169342,-7.346279834452574e-12,15.731145238481986,-1.3051558630708884e-13,1
0.01885105110704899,-7.867717762011228e-12,15.733170238512685,-1.4831474962751075e-13,1
0.018645936623215675,-7.736982061967712e-12,15.735150238542701,-1.442632771824065e-13,1
0.016531500965356827,-6.84899185976473e-12,15.7371752385734,-1.1322411554142169e-13,1
0.011813889257609844,-5.599575490788933e-12,15.739200238604099,-6.615276473780674e-14,1
0.00730356527492404,-4.625183049056236e-12,15.741180238634115,-3.378032630725442e-14,1
0.00738890003412962,-4.657428522708562e-12,15.743205238664814,-3.441327377039756e-14,1
0.012698887847363949,-5.860452748085443e-12,15.745230238695513,-7.442123218271289e-14,1
0.016806431114673615,-7.0108402590307595e-12,15.747210238725529,-1.1782720386938098e-13,1
0.01890101097524166,-7.804167034830556e-12,15.749235238756228,-1.475066467779515e-13,1
0.018950968980789185,-7.841662215402057e-12,15.751260238786926,-1.4860709740191097e-13,1
0.017295166850090027,-7.135607642955177e-12,15.753285238817625,-1.2341152476168742e-13,1
0.013410422950983047,-5.974347752624176e-12,15.755265238847642,-8.011853021894524e-14,1
0.008181115612387657,-4.7924745769090116e-12,15.75729023887834,-3.9207788583121246e-14,1
0.007353214547038078,-4.602774324874437e-12,15.75931523890904,-3.384518712240008e-14,1
0.010788942687213421,-5.4242704078388826e-12,15.761295238939056,-5.852214255012147e-14,1
0.01601049304008484,-6.709179219133166e-12,15.763320238969754,-1.0741726719261338e-13,1
0.018537018448114395,-7.665625079145144e-12,15.765345239000453,-1.420978335084419e-13,1
0.019033201038837433,-7.878562385821297e-12,15.76732523903047,-1.4995426178635944e-13,1
0.018080245703458786,-7.433980514504057e-12,15.769350239061168,-1.3440819425695832e-13,1
0.015075534582138062,-6.3933298759255575e-12,15.771375239091867,-9.638286563953218e-14,1
0.009269675239920616,-5.043957872902238e-12,15.773355239121884,-4.6755851405644536e-14,1
0.0071248277090489864,-4.565914486776013e-12,15.775380239152582,-3.2531354052529917e-14,1
0.009223129600286484,-5.059072084867555e-12,15.777405239183281,-4.6660477495925e-14,1
0.014758400619029999,-6.365270723701633e-12,15.779385239213298,-9.39412153889717e-14,1
0.018058834597468376,-7.46130761342112e-12,15.781410239243996,-1.3474252007160352e-13,1
0.01905088871717453,-7.886465785977848e-12,15.783435239274695,-1.5024418206046834e-13,1
0.018616147339344025,-7.672325448571105e-12,15.785415239304712,-1.4282914098599842e-13,1
0.016246017068624496,-6.758114033666995e-12,15.78744023933541,-1.0979243594266475e-13,1
0.010928891599178314,-5.411145490019642e-12,15.789465239366109,-5.913782248780729e-14,1
0.007174787577241659,-4.5916525789890805e-12,15.791490239396808,-3.294413188274048e-14,1
0.007936593145132065,-4.78665848277493e-12,15.793470239426824,-3.798976090247976e-14,1
0.013398321345448494,-6.041573491488705e-12,15.795495239457523,-8.09469430711089e-14,1
0.017352264374494553,-7.20043035612461e-12,15.797520239488222,-1.249437711496102e-13,1
0.01897362247109413,-7.852368928695785e-12,15.799500239518238,-1.489878835568237e-13,1
0.018858186900615692,-7.834035503639925e-12,15.801525239548937,-1.4773570571370068e-13,1
0.017002547159790993,-7.018673402886533e-12,15.803550239579636,-1.19335325531749e-13,1
0.012881658971309662,-5.873218578145156e-12,15.805530239609652,-7.565679878762613e-14,1
0.007695794105529785,-4.712718063015764e-12,15.807555239640351,-3.626810789038046e-14,1
0.007281843572854996,-4.6364565832457405e-12,15.80958023967105,-3.376195157152923e-14,1
0.011697524227201939,-5.642444411008141e-12,15.811560239701066,-6.60026301984079e-14,1
0.01643158122897148,-6.904917176225878e-12,15.813585239731765,-1.134587074604759e-13,1
0.018672624602913857,-7.745064138642288e-12,15.815610239762464,-1.446206751863578e-13,1
0.018995964899659157,-7.875909993626529e-12,15.81759023979248,-1.496105097918043e-13,1
0.017787626013159752,-7.346279834452574e-12,15.819615239823179,-1.3067287828325952e-13,1
0.014426061883568764,-6.266227120521606e-12,15.821640239853878,-9.039698021714159e-14,1
0.00871112197637558,-4.947802150628844e-12,15.823620239883894,-4.310090804910128e-14,1
0.0070891426876187325,-4.586251083765758e-12,15.825645239914593,-3.251258833406151e-14,1
0.00991542637348175,-5.234791333047495e-12,15.827670239945292,-5.190518804337282e-14,1
0.015436112880706787,-6.5575817345675524e-12,15.829650239975308,-1.0122357187924575e-13,1
0.018280085176229477,-7.575064707443513e-12,15.831675240006007,-1.3847282806751724e-13,1
0.01909371092915535,-7.900128468074641e-12,15.833700240036706,-1.5084276927260808e-13,1
0.018294358626008034,-7.576335392389666e-12,15.835725240067404,-1.3860419673929385e-13,1
0.015719113871455193,-6.633512315834533e-12,15.83770524009742,-1.0427293546030347e-13,1
0.010193772614002228,-5.251632462233147e-12,15.83973024012812,-5.353394717231734e-14,1
0.0071676503866910934,-4.596419165420196e-12,15.841755240158818,-3.294552560841842e-14,1
0.00848025269806385,-4.898729425578674e-12,15.843735240188835,-4.1542463428348326e-14,1
0.01407634373754263,-6.1912367593786044e-12,15.845760240219533,-8.714997678552274e-14,1
0.01780189946293831,-7.346279834452574e-12,15.847785240250232,-1.307777350395358e-13,1
0.01907043717801571,-7.893814941983823e-12,15.849765240280249,-1.5053850194598422e-13,1
0.0187654048204422,-7.768259993601312e-12,15.851790240310947,-1.4577454353037435e-13,1
0.016652829945087433,-6.901104254025681e-12,15.853815240341646,-1.1492291557560912e-13,1
0.012203946709632874,-5.683228193609224e-12,15.855795240371663,-6.935781401349007e-14,1
0.007553053088486195,-4.662830017931885e-12,15.857820240402361,-3.521860266802656e-14,1
0.007495956029742956,-4.671409960244066e-12,15.85984524043306,-3.501668365889281e-14,1
0.012568867765367031,-5.830445501397996e-12,15.861825240463077,-7.328209852025049e-14,1
0.016874078661203384,-7.019627067117451e-12,15.863850240493775,-1.1844973930285228e-13,1
0.018858186900615692,-7.816241577585092e-12,15.865875240524474,-1.4740014453046292e-13,1
0.018966175615787506,-7.880884313193892e-12,15.86785524055449,-1.4947023589174026e-13,1
0.01752355322241783,-7.2071029699749545e-12,15.86988024058519,-1.2629405247380174e-13,1
0.013790860772132874,-6.0644523257324945e-12,15.871905240615888,-8.363401768341423e-14,1
0.008359543047845364,-4.837596035561775e-12,15.873930240646587,-4.044009230736473e-14,1
0.007251434028148651,-4.61987783098583e-12,15.875910240676603,-3.350073930950023e-14,1
0.01063627190887928,-5.383183482310372e-12,15.877935240707302,-5.725700325324075e-14,1
0.01598908193409443,-6.7053662969329686e-12,15.879960240738,-1.0721265111977659e-13,1
0.018601253628730774,-7.671993249025455e-12,15.881940240768017,-1.4270869226303274e-13,1
0.019122259691357613,-7.904577166428783e-12,15.883965240798716,-1.511533773268269e-13,1
0.01810879446566105,-7.475606939033597e-12,15.885990240829415,-1.3537422956502893e-13,1
0.015309507958590984,-6.4534688357098524e-12,15.887970240859431,-9.879943250081888e-14,1
0.009551435708999634,-5.099427390770073e-12,15.88999524089013,-4.87068528756521e-14,1
0.007217609789222479,-4.59896140267424e-12,15.892020240920829,-3.3193508840197936e-14,1
0.009217544458806515,-5.044952736815711e-12,15.894000240950845,-4.650207614417642e-14,1
0.014775778166949749,-6.336451328914361e-12,15.896025240981544,-9.362599920171254e-14,1
0.01820157654583454,-7.46861600342541e-12,15.898050241012243,-1.3594058587779245e-13,1
0.019241727888584137,-7.904093178578986e-12,15.90003024104226,-1.520884101482309e-13,1
0.018629800528287888,-7.708204734224733e-12,15.902055241072958,-1.4360231662981112e-13,1
0.0164744034409523,-6.7962449903924416e-12,15.904080241103657,-1.1196408185527608e-13,1
0.011354943737387657,-5.486937727089414e-12,15.906060241133673,-6.230386918165e-14,1
0.0073318034410476685,-4.62597061351433e-12,15.908085241164372,-3.3916707262349756e-14,1
0.007981278002262115,-4.7670543727729164e-12,15.91011024119507,-3.8047186200999904e-14,1
0.013425317592918873,-6.017451727874379e-12,15.912090241225087,-8.078620054677197e-14,1
0.017288031056523323,-7.1508597654368344e-12,15.914115241255786,-1.2362428570571508e-13,1
0.01913653314113617,-7.862634154864878e-12,15.916140241286485,-1.5046355908120092e-13,1
0.019058026373386383,-7.857867134752894e-12,15.918165241317183,-1.4975543909268674e-13,1
0.017253275960683823,-7.070191654356961e-12,15.9201452413472,-1.2198396770754434e-13,1
0.013105700723826885,-5.909387128938404e-12,15.922170241377898,-7.744665917310132e-14,1
0.007924181409180164,-4.747353551937117e-12,15.924195241408597,-3.761889075906552e-14,1
0.007549329660832882,-4.649719411581321e-12,15.926175241438614,-3.510226466840128e-14,1
0.01158550288528204,-5.6037063010661026e-12,15.928200241469312,-6.492175551927448e-14,1
0.016724200919270515,-6.893795430340521e-12,15.930225241500011,-1.1529321987336383e-13,1
0.018809780478477478,-7.745602770281579e-12,15.932205241530028,-1.4569308778248352e-13,1
0.019107986241579056,-7.899493559282433e-12,15.934230241560726,-1.509434142462111e-13,1
0.01791609451174736,-7.390448496236157e-12,15.936255241591425,-1.3240797374276815e-13,1
0.014885006472468376,-6.321503216721869e-12,15.938235241621442,-9.409561629663468e-14,1
0.009087525308132172,-4.989165330870904e-12,15.94026024165214,-4.533916621074496e-14,1
0.0072889807634055614,-4.608811596251705e-12,15.94228524168284,-3.359353906723916e-14,1
0.009932493790984154,-5.200459854415307e-12,15.944265241712856,-5.165353521424239e-14,1
0.015446662902832031,-6.534731089580248e-12,15.946290241743554,-1.0093978830140236e-13,1
0.01847992278635502,-7.57792439909366e-12,15.948315241774253,-1.400394577760866e-13,1
0.019256623461842537,-7.918019538644128e-12,15.95029524180427,-1.5247432081918213e-13,1
0.018515609204769135,-7.630354681431584e-12,15.952320241834968,-1.412806653751679e-13,1
0.016138959676027298,-6.6926559780244865e-12,15.954345241865667,-1.0801250495486023e-13,1
0.010500667616724968,-5.305333429517223e-12,15.956370241896366,-5.5709542939259916e-14,1
0.007355697453022003,-4.6095991607097986e-12,15.958350241926382,-3.390681680588543e-14,1
0.00855938158929348,-4.895745267519125e-12,15.960375241957081,-4.190455190867388e-14,1
0.014169125817716122,-6.183293026901238e-12,15.96240024198778,-8.761185686597039e-14,1
0.017819276079535484,-7.339759008906377e-12,15.964380242017796,-1.3078919213696048e-13,1
0.01911512389779091,-7.894091630378242e-12,15.966405242048495,-1.5089653957519432e-13,1
0.018915284425020218,-7.800035790872517e-12,15.968430242079194,-1.4753989550969118e-13,1
0.016895800828933716,-6.9488364715097894e-12,15.97041024210921,-1.1740615701545994e-13,1
0.012456227093935013,-5.761948210225576e-12,15.972435242139909,-7.177213541006217e-14,1
0.007638697978109121,-4.69460581520309e-12,15.974460242170608,-3.586067594861117e-14,1
0.007579118944704533,-4.671271616046857e-12,15.976440242200624,-3.540412320104129e-14,1
0.012456227093935013,-5.805481095855214e-12,15.978465242231323,-7.231439091951924e-14,1
0.016959724947810173,-7.0126361315092645e-12,15.980490242262022,-1.189323799494727e-13,1
0.018876807764172554,-7.815896367613373e-12,15.982470242292038,-1.4753917323613218e-13,1
0.01916508376598358,-7.885194233669957e-12,15.984495242322737,-1.5112040799933543e-13,1
0.017687706276774406,-7.252859771100795e-12,15.986520242353436,-1.282864532978641e-13,1
0.01405834686011076,-6.142122400965011e-12,15.988500242383452,-8.634808717002242e-14,1
0.008637889288365841,-4.887484080645654e-12,15.99052524241415,-4.221754638726767e-14,1
0.00738890003412962,-4.628194962691401e-12,15.99255024244485,-3.4197269917789026e-14,1
0.010453810915350914,-5.336404061695443e-12,15.994530242474866,-5.578575902887478e-14,1
0.01596767082810402,-6.678039198015906e-12,15.996555242505565,-1.0663273169109374e-13,1
0.018601253628730774,-7.656092773644652e-12,15.998580242536264,-1.4241292348765703e-13,1
