0,0,0,0,0
Voltage [V],Current [A],Time [s],Power [W],Cycle
-0.03841601312160492,1.4501611717010476e-12,0.4424400067073293,-5.570941060050941e-14,0
-0.026341671124100685,-1.083274637526943e-12,0.4524750068594585,2.853526423881411e-14,0
-0.037876203656196594,1.0373959720769155e-12,0.46251000701158773,-3.9292621110503286e-14,0
-0.02793501503765583,-2.1971407169769225e-13,0.47259000716439914,6.137715896859624e-15,0
-0.028368573635816574,-7.609317364577761e-13,0.48262500731652835,2.1586547997532193e-14,0
-0.03617030009627342,1.2019601893648035e-12,0.49270500746933976,-4.3475260753098574e-14,0
-0.0251883864402771,-1.1748047196516453e-12,0.502740007621469,2.959143527044704e-14,0
-0.03614099696278572,7.94802103906006e-13,0.5127750077735982,-2.8724940423282665e-14,0
-0.027115294709801674,-2.472083139321707e-13,0.5228550079264096,6.703126286983979e-15,0
-0.02673216722905636,-9.703416455758562e-13,0.5328900080785388,2.5939335138851523e-14,0
-0.03549889102578163,1.1421551638496341e-12,0.5429700082313502,-4.0545241696031925e-14,0
-0.023938952013850212,-1.2506539857556898e-12,0.5530050083834794,2.9939345750935964e-14,0
-0.03428639844059944,5.359253080379489e-13,0.5630400085356086,-1.8374948645790107e-14,0
-0.02623344399034977,-2.745018838970492e-13,0.5731200086884201,7.201129796458736e-15,0
-0.025087526068091393,-1.1865531343926983e-12,0.5831550088405493,2.976768269025237e-14,0
-0.03475332632660866,1.0644888833247212e-12,0.5932350089933607,-3.6994529533231287e-14,0
-0.02278214693069458,-1.340724948596661e-12,0.6032700091454899,3.054459277257707e-14,0
-0.032228026539087296,2.4287191181804335e-13,0.6133500092983013,-7.82728241967077e-15,0
-0.02550126053392887,-2.9429407587093503e-13,0.6233850094504305,7.504869902376544e-15,0
-0.02351287007331848,-1.3827717183084731e-12,0.6334200096025597,3.251293175364647e-14,0
-0.03387748822569847,9.569200900422237e-13,0.6435000097553711,-3.241804908333975e-14,0
-0.02161504700779915,-1.424200275941534e-12,0.6535350099075004,3.0784155912996776e-14,0
-0.03021981194615364,-4.6319579980391365e-14,0.6636150100603118,1.39976899643225e-15,0
-0.024861104786396027,-3.0006522982496675e-13,0.673650010212441,7.459953121432505e-15,0
-0.022037016227841377,-1.5563182253347518e-12,0.6836850103645702,3.429660998738722e-14,0
-0.03289342299103737,8.336975857933804e-13,0.6937650105173816,-2.7423167336108327e-14,0
-0.020441774278879166,-1.5041717871255855e-12,0.7038000106695108,3.07479401490795e-14,0
-0.02804725058376789,-3.439399643995894e-13,0.7138800108223222,9.646570367287492e-15,0
-0.02432798594236374,-2.9429407587093503e-13,0.7239150109744514,7.159582140709035e-15,0
-0.02053949236869812,-1.7369156243493555e-12,0.7339950111272628,3.567536521139612e-14,0
-0.03181516006588936,6.912090799900128e-13,0.7440300112793921,-2.199092751887838e-14,0
-0.019332310184836388,-1.5649748207405278e-12,0.7540650114315213,3.0254578666014607e-14,0
-0.025958867743611336,-6.319272904432849e-13,0.7641450115843327,1.64041169561959e-14,0
-0.02393277734518051,-2.720339687019291e-13,0.7741800117364619,6.510528403269073e-15,0
-0.019128531217575073,-1.89184670533471e-12,0.7842600118892733,3.618824876186155e-14,0
-0.030657488852739334,5.433453708660052e-13,0.7942950120414025,-1.6657604650512074e-14,0
-0.018325766548514366,-1.607227914125764e-12,0.8043300121935317,2.9453683544524445e-14,0
-0.02397269941866398,-8.906141340907225e-13,0.8144100123463431,2.1350424934570587e-14,0
-0.02364048734307289,-2.4997999547096694e-13,0.8244450124984724,5.909648918952813e-15,0
-0.017881914973258972,-2.0150693180037704e-12,0.8345250126512838,3.603329820976637e-14,0
-0.029702402651309967,4.153497207629031e-13,0.844560012803413,-1.2336884647208908e-14,0
-0.017733603715896606,-1.5910155137799364e-12,0.8546400129562244,2.821443862721703e-14,0
-0.022531675174832344,-1.0852814957482138e-12,0.8646750131083536,2.4453210135454942e-14,0
-0.02378663420677185,-1.74542983690483e-13,0.8747100132604828,4.151790106404064e-15,0
-0.017000064253807068,-2.098756064772278e-12,0.8847900134132942,3.5678987954195995e-14,0
-0.028986087068915367,3.1167538168397346e-13,0.8948250135654234,-9.034249750729085e-15,0
-0.017318733036518097,-1.5528846654747075e-12,0.9049050137182348,2.689399495785917e-14,0
-0.021186906844377518,-1.2679673934076763e-12,0.914940013870364,2.6864307045836617e-14,0
-0.02405010536313057,-9.539595404849804e-14,0.9249750140224933,2.29428274608274e-15,0
-0.016200385987758636,-2.1691977641208338e-12,0.9350550141753047,3.514184106254052e-14,0
-0.02818331867456436,2.0367265003446572e-13,0.9450900143274339,-5.7401712012143695e-15,0
-0.016887828707695007,-1.5101381516807733e-12,0.9551700144802453,2.550295443054004e-14,0
-0.019846903160214424,-1.4462542491724961e-12,0.9652050146323745,2.870366802837515e-14,0
-0.024339469149708748,-1.9427390130096443e-14,0.9752850147851859,4.728523627308386e-16,0
-0.015444799326360226,-2.208532618938608e-12,0.9853200149373151,3.4110343105227596e-14,0
-0.02744848094880581,1.0700607880245044e-13,0.9953550150894444,-2.937154315415474e-15,0
-0.016537092626094818,-1.4525406702090016e-12,1.0054350152422558,2.4020799606416105e-14,0
-0.018574830144643784,-1.6239228928585647e-12,1.015470015394385,3.0164091902846405e-14,0
-0.024487780407071114,3.596251172289372e-14,1.0255500155471964,-8.806420899569421e-16,0
-0.014707143418490887,-2.2385489729243035e-12,1.0355850156993256,3.2922660794113205e-14,0
-0.0266189556568861,-1.5630597131281038e-14,1.0456200158514548,4.1607017192822104e-16,0
-0.016208402812480927,-1.4045762166195463e-12,1.0557000160042662,2.2765937099800074e-14,0
-0.0173850879073143,-1.7993242529615316e-12,1.0657350161563954,3.128141031149886e-14,0
-0.024527864530682564,5.763682445810575e-14,1.0758150163092068,-1.4137082222871493e-15,0
-0.01404023077338934,-2.282038490467042e-12,1.085850016461336,3.204034703991432e-14,0
-0.025521842762827873,-1.8794028020050618e-13,1.0958850166134653,4.796582280079131e-15,0
-0.015965893864631653,-1.3714627307079286e-12,1.1059650167662767,2.189662839778069e-14,0
-0.016296207904815674,-1.9590609516562107e-12,1.116000016918406,3.192526456639566e-14,0
-0.02443567104637623,5.803819610235988e-14,1.1260800170712173,-1.4182022680823411e-15,0
-0.013414484448730946,-2.312337170698453e-12,1.1361150172233465,3.101881101655691e-14,0
-0.02432543970644474,-3.9551676278733183e-13,1.146195017376158,9.621119166071447e-15,0
-0.015742504969239235,-1.3341293131005627e-12,1.1562300175282871,2.1002537341093336e-14,0
-0.015232028439640999,-2.1111716975302786e-12,1.1662650176804163,3.215742733774637e-14,0
-0.02440560795366764,4.880654325242935e-14,1.1763450178332278,-1.1911533601925134e-15,0
-0.012836080975830555,-2.3455211297512824e-12,1.186380017985357,3.0107299152009026e-14,0
-0.023010680451989174,-6.104536906352542e-13,1.1964600181381684,1.4046954805945291e-14,0
-0.015483151189982891,-1.3221748999467375e-12,1.2064950182902976,2.047143387547584e-14,0
-0.014188433066010475,-2.272145145643112e-12,1.2165300184424268,3.2238179315217915e-14,0
-0.02422122098505497,2.733291464527849e-14,1.2266100185952382,-6.620365657889357e-16,0
-0.012232976965606213,-2.3700483849781184e-12,1.2366450187473674,2.899274730080953e-14,0
-0.021611744537949562,-8.320132777184241e-13,1.2467250189001788,1.7981258410232665e-14,0
-0.015324655920267105,-1.2852808010596628e-12,1.256760019052308,1.969648603716461e-14,0
-0.013188062235713005,-2.4222652963284963e-12,1.2668400192051195,3.1944985479388014e-14,0
-0.02387850172817707,-3.869345436505883e-14,1.2768750193572487,9.23941716925198e-16,0
-0.01162575650960207,-2.397049139041263e-12,1.286910019509378,2.7867509632045e-14,0
-0.020136646926403046,-1.0624030951852936e-12,1.2969900196621893,2.1393236021264025e-14,0
-0.015337007120251656,-1.2222104838616188e-12,1.3070250198143185,1.874505089343187e-14,0
-0.012354312464594841,-2.527626545567596e-12,1.31710501996713,3.122708813774655e-14,0
-0.02349022775888443,-1.1085436632226123e-13,1.3271400201192591,2.603994312976724e-15,0
-0.01112763024866581,-2.4211643974425545e-12,1.3371750202713883,2.6941822185974498e-14,0
-0.01859942078590393,-1.306038393752984e-12,1.3472550204241998,2.4291557647957833e-14,0
-0.01546462532132864,-1.1513079985897567e-12,1.357290020576329,1.780454682763935e-14,0
-0.011450415477156639,-2.63338916645095e-12,1.3673700207291404,3.015340006890658e-14,0
-0.022985925897955894,-1.836119147349824e-13,1.3774050208812696,4.220489866080101e-15,0
-0.010694829747080803,-2.3959751283691988e-12,1.387485021034081,2.5624546076148653e-14,0
-0.01709025353193283,-1.518165584565856e-12,1.3975200211862102,2.594583474368549e-14,0
-0.015754856169223785,-1.0674203491586876e-12,1.4075550213383394,1.6817054073097756e-14,0
-0.010694829747080803,-2.7068410447111946e-12,1.4176350214911508,2.894920412559656e-14,0
-0.02248574234545231,-2.6853009833099906e-13,1.42767002164328,6.038098603069818e-15,0
-0.010334072634577751,-2.373297522048623e-12,1.4377500217960915,2.4525828976313862e-14,0
-0.015763089060783386,-1.7218261321935713e-12,1.4477850219482207,2.7141298668951452e-14,0
-0.0159895122051239,-9.884794805598007e-13,1.4578200221003499,1.5805304718925468e-14,0
-0.00994926504790783,-2.7965483661435142e-12,1.4679000222531613,2.7823600914055413e-14,0
-0.02189704403281212,-3.5777660673495804e-13,1.4779350224052905,7.834250111585481e-15,0
-0.010019412264227867,-2.3253328516187333e-12,1.488015022558102,2.3298468491920695e-14,0
-0.014532181434333324,-1.8770284805624815e-12,1.4980500227102311,2.7277318436944983e-14,0
-0.016337376087903976,-8.817134305658114e-13,1.5080850228623603,1.440488391690967e-14,0
-0.009321948513388634,-2.8465198947946746e-12,1.5181650230151718,2.6535111901612387e-14,0
-0.021279532462358475,-4.424886292878766e-13,1.528200023167301,9.415951151155875e-15,0
-0.009760869666934013,-2.2713480402059005e-12,1.5382800233201124,2.2170332188695792e-14,0
-0.01341860182583332,-2.0404754275116233e-12,1.5483150234722416,2.7380327297175493e-14,0
-0.01682569831609726,-7.888653380701272e-13,1.558395023625053,1.3273210190394034e-14,0
-0.008651405572891235,-2.9003748187872436e-12,1.5684300237771822,2.5092318870729366e-14,0
-0.020692894235253334,-5.358573827718427e-13,1.5784650239293114,1.1088440146877403e-14,0
-0.009540406987071037,-2.2169614234679447e-12,1.5885450240821228,2.1150714254520532e-14,0
-0.012189751490950584,-2.2162887844401347e-12,1.598580024234252,2.701600951450619e-14,0
-0.017136350274086,-7.11600483399577e-13,1.6086600243870635,1.2194235138744071e-14,0
-0.00801536813378334,-2.9288182122610973e-12,1.6186950245391927,2.347555616820189e-14,0
-0.02008361555635929,-6.26340559278793e-13,1.6287300246913219,1.2579182999910345e-14,0
-0.009368045255541801,-2.1471218900059874e-12,1.6388100248441333,2.0114335034740536e-14,0
-0.011179089546203613,-2.372109670148448e-12,1.6488450249962625,2.6518026416005015e-14,0
-0.017475061118602753,-6.534008902513155e-13,1.658925025149074,1.1418220492091189e-14,0
-0.007490482646971941,-2.9556129679114695e-12,1.6689600253012031,2.21389676473061e-14,0
-0.01929287612438202,-7.683951131626232e-13,1.6790400254540145,1.4824551732826993e-14,0
-0.00921572558581829,-2.092735490108466e-12,1.6890750256061438,1.928607600054257e-14,0
-0.01013549417257309,-2.5266936980183896e-12,1.699110025758273,2.5609289252142538e-14,0
-0.01760733872652054,-6.293183205455244e-13,1.7091900259110844,1.1080620836650077e-14,0
-0.006980006117373705,-2.981995076214994e-12,1.7192250260632136,2.0814343873958924e-14,0
-0.01829478144645691,-9.301497289407323e-13,1.729305026216025,1.7016886003451833e-14,0
-0.00907337199896574,-2.0297574385153005e-12,1.7393400263681542,1.8416744307317153e-14,0
-0.009196875616908073,-2.6736514478070683e-12,1.7493750265202834,2.4589239808447795e-14,0
-0.01770354062318802,-6.05637176694096e-13,1.7594550266730948,1.0721922360516829e-14,0
-0.006529221776872873,-2.9894153558834846e-12,1.769490026825224,1.9518555841752618e-14,0
-0.017236560583114624,-1.116187546036651e-12,1.7795700269780355,1.923923425937878e-14,0
-0.009026030078530312,-1.993069338040998e-12,1.7896050271301647,1.7989503793754546e-14,0
-0.008281765505671501,-2.81641680463518e-12,1.799685027282976,2.3324903542221186e-14,0
-0.017707549035549164,-6.074434033033482e-13,1.8097200274351053,1.0756333850314906e-14,0
-0.006029036827385426,-3.0114691122740123e-12,1.8197550275872345,1.8156258182433715e-14,0
-0.016054078936576843,-1.3086474178608531e-12,1.829835027740046,2.1009128946485597e-14,0
-0.008875768631696701,-1.9605038079073545e-12,1.8398700278921751,1.740097820054603e-14,0
-0.00736584234982729,-2.965929151582669e-12,1.8499500280449865,2.1846566551314947e-14,0
-0.01765061914920807,-6.242794367387894e-13,1.8599850281971158,1.1018918580558503e-14,0
-0.005584427621215582,-3.0203320313532123e-12,1.870020028349245,1.6866825621131045e-14,0
-0.01474132388830185,-1.5171622638754378e-12,1.8801000285020564,2.2364980322897106e-14,0
-0.008923111483454704,-1.892899248803759e-12,1.8901350286541856,1.6890551024023604e-14,0
-0.006592218764126301,-3.064868454513703e-12,1.900215028806997,2.0204283335424008e-14,0
-0.017434488981962204,-6.663263148708187e-13,1.9102500289591262,1.1617058795006767e-14,0
-0.005215328652411699,-3.018710064903174e-12,1.9203300291119376,1.5743565094813104e-14,0
-0.013362430036067963,-1.7453445372989096e-12,1.9303650292640668,2.332204426849009e-14,0
-0.009081605821847916,-1.8156070180283534e-12,1.940400029416196,1.6488627265114228e-14,0
-0.0058646914549171925,-3.1740426259529997e-12,1.9504800295690075,1.8614780665969484e-14,0
-0.017129849642515182,-7.341371976478384e-13,1.9605150297211367,1.2575659812684922e-14,0
-0.004786428529769182,-3.0114853753065995e-12,1.970595029873948,1.441425951735016e-14,0
-0.011895404197275639,-1.9701911543185124e-12,1.9806300300260773,2.3436220126515768e-14,0
-0.009394478984177113,-1.7073981117832204e-12,1.9906650301782065,1.604011567877115e-14,0
-0.005139168817549944,-3.2436813651726126e-12,2.000745030331018,1.6669826125962924e-14,0
-0.016709942370653152,-7.986503168869175e-13,2.010780030483147,1.3345400769484269e-14,0
-0.004547927528619766,-2.979576004327744e-12,2.0208600306359585,1.3550895733697035e-14,0
-0.010652146302163601,-2.1633179188990104e-12,2.0308950307880878,2.304397897020435e-14,0
-0.009787628427147865,-1.6189762204465996e-12,2.040930030940217,1.5845937678119547e-14,0
-0.004547927528619766,-3.3177354093194555e-12,2.0510100310930284,1.508882020072052e-14,0
-0.016320908442139626,-8.668733049096988e-13,2.0610450312451576,1.4148159840366181e-14,0
-0.00427134707570076,-2.9296046925170183e-12,2.071125031397969,1.251335843634179e-14,0
-0.009439763613045216,-2.33645221225931e-12,2.081160031550098,2.2055556576904432e-14,0
-0.010243883356451988,-1.5187677504524544e-12,2.0912400317029096,1.5558079681175924e-14,0
-0.0039047941099852324,-3.381027879542642e-12,2.101275031855039,1.3202217749733968e-14,0
-0.015872184187173843,-9.418981436817853e-13,2.111310032007168,1.494998082207443e-14,0
-0.0040849559009075165,-2.870401616048013e-12,2.1213900321599795,1.1725464019449801e-14,0
-0.008400283753871918,-2.480936680052115e-12,2.1314250323121087,2.0840572087826712e-14,0
-0.010726897045969963,-1.4023686725761486e-12,2.14150503246492,1.5043064371217907e-14,0
-0.0033016905654221773,-3.4245178307662494e-12,2.1515400326170493,1.1306698212960946e-14,0
-0.015361705794930458,-1.0226940821977948e-12,2.1615750327691785,1.571032560893895e-14,0
-0.003948669880628586,-2.8124028713522042e-12,2.17165503292199,1.11052505103018e-14,0
-0.007346396800130606,-2.647269339503544e-12,2.181690033074119,1.9447891004812698e-14,0
-0.011239973828196526,-1.3164741649238088e-12,2.1917700332269305,1.4797135159240487e-14,0
-0.0028138558845967054,-3.4626483538108266e-12,2.2018050333790598,9.74339344665969e-15,0
-0.014847544953227043,-1.1155853801500526e-12,2.211885033531871,1.6563704080940786e-14,0
-0.0038945565465837717,-2.7455737336423702e-12,2.2219200336840004,1.0692792158485342e-14,0
-0.006335734855383635,-2.8049450782885454e-12,2.2319550338361296,1.7771388299949515e-14,0
-0.011688916012644768,-1.2337907388457192e-12,2.242035033988941,1.4421676323546546e-14,0
-0.0023713051341474056,-3.486557180118477e-12,2.25207003414107,8.267690941713445e-15,0
-0.014348499476909637,-1.2048916551987698e-12,2.2621500342938816,1.7288387284352336e-14,0
-0.0038615684024989605,-2.6567502538210608e-12,2.272185034446011,1.0259222833486501e-14,0
-0.005378590431064367,-2.960353533490445e-12,2.28222003459814,1.5922529187799296e-14,0
-0.012053681537508965,-1.177798743950964e-12,2.2923000347509515,1.4196810974862984e-14,0
-0.001936988322995603,-3.4880000363696206e-12,2.3023350349030807,6.756215341056194e-15,0
-0.013655043207108974,-1.3381485589741837e-12,2.312415035055892,1.827247639032309e-14,0
-0.0037833501119166613,-2.594092258709213e-12,2.3224500352080213,9.814359237309646e-15,0
-0.004477780312299728,-3.113635434551232e-12,2.3325300353608327,1.3942175448512315e-14,0
-0.01229819469153881,-1.143681828928711e-12,2.342565035512962,1.4065221797340471e-14,0
-0.0015211966820061207,-3.500985308949045e-12,2.352600035665091,5.325687235725461e-15,0
-0.012775195762515068,-1.4880624944063614e-12,2.3626800358179025,1.901028967289775e-14,0
-0.003805992193520069,-2.533907545593239e-12,2.3727150359700317,9.644032337629467e-15,0
-0.0036740938667207956,-3.232242381731587e-12,2.382795036122843,1.187556191047504e-14,0
-0.012502624653279781,-1.1039022343797833e-12,2.3928300362749724,1.3801675290367314e-14,0
-0.0011753897415474057,-3.5081991565238946e-12,2.4028650364271016,4.123501299883447e-15,0
-0.01167889591306448,-1.6783147137669485e-12,2.412945036579913,1.9600862851448797e-14,0
-0.003814225783571601,-2.478051184390262e-12,2.422980036732042,9.45184672051148e-15,0
-0.002848360687494278,-3.3564683150910657e-12,2.4330600368848536,9.560432397525549e-15,0
-0.012622009962797165,-1.0983372414688497e-12,2.443095037036983,1.3863223604330976e-14,0
-0.0008316411986015737,-3.5063443034472064e-12,2.453130037189112,2.9160203792286348e-15,0
-0.010598627850413322,-1.8671622407928634e-12,2.4632100373419235,1.9789357726507388e-14,0
-0.0038389263208955526,-2.4292024555089275e-12,2.4732450374940527,9.32552924523733e-15,0
-0.0020907705184072256,-3.4835036331198888e-12,2.483325037646864,7.283206696891524e-15,0
-0.012597309425473213,-1.120597213112584e-12,2.4933600377989933,1.411650983490217e-14,0
-0.00047938834177330136,-3.5015655739517593e-12,2.5034400379518047,1.6786097141072121e-15,0
-0.009332727640867233,-2.083140517722404e-12,2.513475038103934,1.9441383089558357e-14,0
-0.004073580726981163,-2.3475821980811773e-12,2.523510038256063,9.563065597107559e-15,0
-0.0014173571253195405,-3.5822419249681436e-12,2.5335900384088745,5.077316116971985e-15,0
-0.012457340024411678,-1.162850198077603e-12,2.5436250385610037,1.448602031490717e-14,0
-0.00018476997502148151,-3.4997592931323984e-12,2.553705038713815,6.466504371732711e-16,0
-0.00801536813378334,-2.3016191817021303e-12,2.5637400388659444,1.8448325045119743e-14,0
-0.004345286637544632,-2.2585416609849363e-12,2.5737750390180736,9.814010899815702e-15,0
-0.0008160950965248048,-3.668939284329209e-12,2.583855039170885,2.994203359388294e-15,0
-0.012212393805384636,-1.2160271704517167e-12,2.593890039323014,1.4850602683603952e-14,0
4.170538522885181e-05,-3.4740712910596994e-12,2.6039700394758256,-1.4488748150613932e-16,0
-0.006722709164023399,-2.496807448293392e-12,2.614005039627955,1.6785310313443867e-14,0
-0.004876617807894945,-2.134277997389855e-12,2.6240850397807662,1.0408058089069729e-14,0
-0.0002388835564488545,-3.727138823267362e-12,2.6341200399328955,8.90352177480706e-16,0
-0.011926279403269291,-1.2675551797416973e-12,2.6441550400850247,1.5117217232660708e-14,0
0.00022007980442140251,-3.4226952869143012e-12,2.654235040237836,-7.532661093381556e-16,0
-0.00558854453265667,-2.677979799720065e-12,2.6642700403899653,1.4966009368290572e-14,0
-0.005347606260329485,-2.0399545767879612e-12,2.6743500405427767,1.0908873865619086e-14,0
0.00032722362084314227,-3.793458169115693e-12,2.684385040694906,-1.2413091176150343e-15,0
-0.011551654897630215,-1.3359843830176854e-12,2.694420040847035,1.5432830541243726e-14,0
0.0003683911054395139,-3.3610841974202055e-12,2.7045000409998465,-1.238193522962911e-15,0
-0.00456759100779891,-2.8323578291772344e-12,2.7145350411519757,1.2937052151418778e-14,0
-0.005826611537486315,-1.9319843034409923e-12,2.724615041304787,1.1256922032671747e-14,0
0.0008603426394984126,-3.841276255411863e-12,2.7346500414569164,-3.3048137526236207e-15,0
-0.01121191494166851,-1.4122023862805921e-12,2.7447300416097278,1.5833493035399296e-14,0
0.0004405425279401243,-3.299272096843331e-12,2.754765041761857,-1.4534696699056755e-15,0
-0.0035919214133173227,-2.9671551673993157e-12,2.764800041913986,1.0657788182416747e-14,0
-0.006443907041102648,-1.804547613767915e-12,2.7748800420667976,1.1628337074364049e-14,0
0.0012967181392014027,-3.877757923792524e-12,2.784915042218927,-5.0283590392137365e-15,0
-0.010793035849928856,-1.4888652376948697e-12,2.7949950423717382,1.6069375886153576e-14,0
0.0004816017171833664,-3.2217032860937245e-12,2.8050300425238675,-1.5515778348380321e-15,0
-0.002632718998938799,-3.1341058220890616e-12,2.8150650426759967,8.251219942498576e-15,0
-0.006965001113712788,-1.7196564268059933e-12,2.825145042828808,1.1977408927907096e-14,0
0.0017413269961252809,-3.89610219087011e-12,2.8351800429809373,-6.784387924624974e-15,0
-0.010352110490202904,-1.562919065001278e-12,2.8452600431337487,1.6179510848137845e-14,0
0.00045278447214514017,-3.128128615512149e-12,2.855295043285878,-1.4163680639767765e-15,0
-0.0016658786917105317,-3.2852236556135672e-12,2.8653750434386893,5.47278408539002e-15,0
-0.00750413304194808,-1.6279421387321857e-12,2.8754100435908185,1.221629439363982e-14,0
0.0021036008838564157,-3.906201317266378e-12,2.8854450437429477,-8.217088543522648e-15,0
-0.009921206161379814,-1.6556368906059382e-12,2.895525043895759,1.642591492008735e-14,0
0.00038691647932864726,-3.0539282040720206e-12,2.9055600440478884,-1.1816151488420048e-15,0
-0.0008160950965248048,-3.432127412134056e-12,2.9156400442006998,2.800942351690971e-15,0
-0.007984492927789688,-1.567448211156619e-12,2.925675044352829,1.2515279156656622e-14,0
0.0023979484103620052,-3.909705025006982e-12,2.935710044504958,-9.375270949699836e-15,0
-0.009157603606581688,-1.79451299740091e-12,2.9457900446577696,1.6433438697056288e-14,0
0.00038897484773769975,-2.985499217636467e-12,2.955825044809899,-1.1612841036011665e-15,0
-6.050911906640977e-05,-3.555349807962682e-12,2.9659050449627102,2.1513108485275104e-16,0
-0.008291189558804035,-1.5241646920266527e-12,2.9759400451148394,1.2637138380429151e-14,0
0.00274993060156703,-3.908881031355893e-12,2.9859750452669687,-1.0749151566010463e-14,0
-0.008289782330393791,-1.952454690978822e-12,2.99605504541978,1.618542439817071e-14,0
0.00029634800739586353,-2.9226350072714125e-12,3.0060900455719093,-8.661170607502782e-16,0
0.0007071020663715899,-3.67295300077175e-12,3.0161700457247207,-2.5971526565314365e-15,0
-0.008468209765851498,-1.5041717871255855e-12,3.02620504587685,1.2737642217255183e-14,0
0.0030019190162420273,-3.900131953504804e-12,3.0362850460296613,-1.1707880277079237e-14,0
-0.007237302605062723,-2.14353122925115e-12,3.0463200461817905,1.551338414949265e-14,0
0.000214013023651205,-2.8678090718131655e-12,3.0563550463339197,-6.137484907130912e-16,0
0.0014246080536395311,-3.799386586594844e-12,3.066435046486731,-5.4126367301530226e-15,0
-0.008632879704236984,-1.498194580548673e-12,3.0764700466388604,1.293373358741648e-14,0
0.003276495262980461,-3.8991284159739514e-12,3.0865500467916718,-1.2775475784691161e-14,0
-0.006185472942888737,-2.327177079514131e-12,3.096585046943801,1.4394690858645488e-14,0
8.43354282551445e-05,-2.791135378377163e-12,3.10662004709593,-2.3539159745352285e-16,0
0.0020839921198785305,-3.897723723639279e-12,3.1167000472487416,-8.122825525527861e-15,0
-0.008651405572891235,-1.5113857431206523e-12,3.126735047400871,1.3075611040822373e-14,0
0.003527021035552025,-3.884277448296114e-12,3.1368150475536822,-1.3699928268060737e-14,0
-0.00503072515130043,-2.5332891166740534e-12,3.1468500477058114,1.2744281274767811e-14,0
-0.00032306023058481514,-2.6873741947042173e-12,3.156930047858623,8.681837270088264e-16,0
0.0026632079388946295,-3.987631839313943e-12,3.166965048010752,-1.0619892771849887e-14,0
-0.008567011915147305,-1.553226405999475e-12,3.1770000481628813,1.3306509127118926e-14,0
0.0037675260100513697,-3.868021788283604e-12,3.1870800483156927,-1.457287269480389e-14,0
-0.0037730582989752293,-2.7377525160104943e-12,3.197115048467822,1.032969985107371e-14,0
-0.0007419394096359611,-2.5804076757285355e-12,3.2071950486206333,1.914506147550132e-15,0
0.003202772932127118,-4.060579129883113e-12,3.2172300487727625,-1.300511292594992e-14,0
-0.008285014890134335,-1.5993955292115114e-12,3.2272650489248917,1.3251015774731656e-14,0
0.0039098248817026615,-3.825475960311797e-12,3.237345049077703,-1.4956941093982448e-14,0
-0.0025853763800114393,-2.9234594346033704e-12,3.2473800492298324,7.558242970145151e-15,0
-0.0013051214627921581,-2.464610330057959e-12,3.2574600493826438,3.2166158391779073e-15,0
0.003682374255731702,-4.11540506534136e-12,3.267495049534773,-1.5154461664520866e-14,0
-0.008083348162472248,-1.6546334614953029e-12,3.2775750496875844,1.3374978350543152e-14,0
0.003994001541286707,-3.767076060812169e-12,3.2876100498397136,-1.504570759302806e-14,0
-0.0014985546004027128,-3.09185294554426e-12,3.297645049991843,4.633310455314029e-15,0
-0.0018101815367117524,-2.3598514635458923e-12,3.3077250501446542,4.271759548692981e-15,0
0.004166092723608017,-4.1572461619010515e-12,3.3177600502967834,-1.7319472985343327e-14,0
-0.0078047639690339565,-1.7096220272794227e-12,3.327840050449595,1.3343196399177226e-14,0
0.00403641490265727,-3.680921019377781e-12,3.337875050601724,-1.4857724458120866e-14,0
-0.0005866946885362267,-3.2243830001832396e-12,3.3479100507538533,1.89172838001401e-15,0
-0.0024294813629239798,-2.2428500029425535e-12,3.3579900509066647,5.448962281982927e-15,0
0.00459423428401351,-4.2104232426953825e-12,3.368025051058794,-1.934367081179846e-14,0
-0.00748008256778121,-1.7816691047847777e-12,3.3781050512116053,1.332703201225497e-14,0
0.004040531814098358,-3.6209425215150137e-12,3.3881400513637345,-1.4630533455202942e-14,0
0.0003242985694669187,-3.38677198265247e-12,3.398220051516546,-1.098325309084836e-15,0
-0.003088865429162979,-2.1236415403969033e-12,3.408255051668675,6.559642938066411e-15,0
0.005010026041418314,-4.231034359675201e-12,3.4182900518208044,-2.1197592324108418e-14,0
-0.007073228247463703,-1.8627469358656334e-12,3.4283700519736158,1.3175634244641258e-14,0
0.004003480542451143,-3.5294287024228987e-12,3.438405052125745,-1.4129999136118661e-14,0
0.0012241874355822802,-3.534277688219123e-12,3.4484850522785564,-4.3266183397766376e-15,0
-0.003785408567637205,-2.0180090237742476e-12,3.4585200524306856,7.63898864816423e-15,0
0.005339365452528,-4.242782774416254e-12,3.468555052582815,-2.2653767768299044e-14,0
-0.006762575823813677,-1.9325864693275907e-12,3.4786350527356262,1.3069262534904197e-14,0
0.00395407946780324,-3.444922732492861e-12,3.4886700528877554,-1.3621498244718655e-14,0
0.0021160594187676907,-3.672150257483242e-12,3.498750053040567,-7.770488139477615e-15,0
-0.004283534828573465,-1.9368009800124764e-12,3.508785053192696,8.296354453898663e-15,0
0.0056007797829806805,-4.242369910228971e-12,3.5188200533448253,-2.3760579625135987e-14,0
-0.006257516331970692,-2.0323285155471327e-12,3.5289000534976367,1.2717328877965934e-14,0
0.003826460335403681,-3.366393969139736e-12,3.538935053649766,-1.2881372996255362e-14,0
0.0028375741094350815,-3.806812070433763e-12,3.5490150538025773,-1.0802111370547803e-14,0
-0.004658159334212542,-1.88465454180331e-12,3.5590500539547065,8.77902114566715e-15,0
0.005912027321755886,-4.24531547069118e-12,3.569130054107518,-2.5098421052199206e-14,0
-0.005523976404219866,-2.1744155954961375e-12,3.579165054259647,1.2011420442488352e-14,0
0.0037132499273866415,-3.2893080620377546e-12,3.5892000544117764,-1.2214022922513987e-14,0
0.003549067536368966,-3.921204073248363e-12,3.5992800545645878,-1.3916618079843524e-14,0
-0.005057483911514282,-1.8442565183351967e-12,3.609315054716717,9.327297670185602e-15,0
0.00615453626960516,-4.233474681925031e-12,3.6193950548695284,-2.6055073476362772e-14,0
-0.004619050305336714,-2.346963986002426e-12,3.6294300550216576,1.0840744716158777e-14,0
0.0035712220706045628,-3.2237643544236194e-12,3.639465055173787,-1.15127784129459e-14,0
0.004226489458233118,-4.036198458789997e-12,3.6495450553265982,-1.705895023741268e-14,0
-0.005316839087754488,-1.8151948043623745e-12,3.6595800554787274,9.651098687722733e-15,0
0.006366982124745846,-4.220429995066555e-12,3.669660055631539,-2.6871402337329952e-14,0
-0.0036351471208035946,-2.5153574969433157e-12,3.679695055783668,9.14369456280523e-15,0
0.003432823345065117,-3.157385594296236e-12,3.6897750559364795,-1.0838746977472417e-14,0
0.004881864879280329,-4.145172052827384e-12,3.6998100560886087,-2.023616986327235e-14,0
-0.005392998922616243,-1.812515415533511e-12,3.709845056240738,9.774893683197558e-15,0
0.006545356474816799,-4.202769209038504e-12,3.7199250563935493,-2.750862265454085e-14,0
-0.002618310274556279,-2.7000339897914616e-12,3.7299600565456785,7.069526737122168e-15,0
0.0031522344797849655,-3.064868454513703e-12,3.74004005669849,-9.661184018323353e-15,0
0.005477277096360922,-4.244637193812073e-12,3.750075056850619,-2.3249054084028563e-14,0
-0.005442399997264147,-1.8347753871772454e-12,3.7601100570027484,9.985581562153764e-15,0
0.006739764474332333,-4.196347696411307e-12,3.7701900571555598,-2.8282395126219245e-14,0
-0.001492379466071725,-2.913978303445419e-12,3.780225057307689,4.3487613846404654e-15,0
0.0027293467428535223,-2.9675346381596857e-12,3.7903050574605004,-8.099430998966144e-15,0
0.005928060971200466,-4.3252272423355276e-12,3.8003400576126296,-2.5640210806862262e-14,0
-0.005355623085051775,-1.8773971093011266e-12,3.810420057765441,1.0054631298382584e-14,0
0.0069161346182227135,-4.161829301324582e-12,3.8204550579175702,-2.878377170602459e-14,0
-0.00025117959012277424,-3.1021585040341693e-12,3.8304900580696994,7.791989015391811e-16,0
0.002228295197710395,-2.844513036573404e-12,3.840570058222511,-6.338414739221129e-15,0
0.006455004680901766,-4.378816319955403e-12,3.85060505837464,-2.826527984212117e-14,0
-0.005183261353522539,-1.9193409882267698e-12,3.8606850585274515,9.948445968507575e-15,0
0.006988123524934053,-4.109428075604882e-12,3.8707200586795807,-2.871719100915895e-14,0
0.0007780076703056693,-3.2798269308798034e-12,3.88075505883171,-2.5517305094995893e-15,0
0.001625028788112104,-2.739352364736214e-12,3.8908350589845213,-4.451526453479316e-15,0
0.0068790302611887455,-4.4365279679159375e-12,3.9008700591366505,-3.0519010145903946e-14,0
-0.004976828116923571,-1.9743295540108896e-12,3.910950059289462,9.825898836474569e-15,0
0.007039583288133144,-4.040380443409708e-12,3.920985059441591,-2.8442594647126964e-14,0
0.0017927862936630845,-3.434410958749745e-12,3.9310200595937204,-6.157164893652836e-15,0
0.0010237667011097074,-2.6213478002828916e-12,3.9411000597465318,-2.683648589956804e-15,0
0.007325697690248489,-4.478574629207532e-12,3.951135059898661,-3.2808683816791105e-14,0
-0.004710268694907427,-2.036342231989674e-12,3.9612150600514724,9.591719067458878e-15,0
0.007004590705037117,-3.9641189636396845e-12,3.9712500602036016,-2.7767030846371903e-14,0
0.0026952752377837896,-3.568193917419249e-12,3.981330060356413,-9.617264709230838e-15,0
0.00024077192938420922,-2.47887561172222e-12,3.9913650605085422,-5.968436637378208e-16,0
0.007661212235689163,-4.507842883694213e-12,4.001400060660671,-3.4535541057122426e-14,0
-0.004481789190322161,-2.0915313751757036e-12,4.011480060813483,9.373802708482112e-15,0
0.006930489093065262,-3.885177769780146e-12,4.021515060965612,-2.692618215808092e-14,0
0.0035250168293714523,-3.708675727631672e-12,4.0315950611184235,-1.307314435458306e-14,0
-0.0004920094506815076,-2.3638651799884336e-12,4.041630061270553,1.1630440086912523e-15,0
0.007953502237796783,-4.517942010090481e-12,4.051665061422682,-3.593346188749074e-14,0
-0.004127044230699539,-2.1593638335759557e-12,4.061745061575493,8.911790051340888e-15,0
0.0068275704979896545,-3.78995402769422e-12,4.0717800617276225,-2.5876178308222123e-14,0
0.004350750241428614,-3.850762590740242e-12,4.081860061880434,-1.6753706271347382e-14,0
-0.0010889379773288965,-2.2622518008191816e-12,4.091895062032563,2.4634519001926934e-15,0
0.008236907422542572,-4.514438302349877e-12,4.1019750621853746,-3.718501036123619e-14,0
-0.0038705060724169016,-2.2251896505953717e-12,4.112010062337504,8.61261005490863e-15,0
0.006693776696920395,-3.686073581782301e-12,4.122045062489633,-2.467375344486826e-14,0
0.005104332230985165,-3.982614585340549e-12,4.132125062642444,-2.0328587991545382e-14,0
-0.0016467575915157795,-2.1952654537943372e-12,4.142160062794574,3.6150700514281575e-15,0
0.00848342478275299,-4.515040251396041e-12,4.152240062947385,-3.8303004363820466e-14,0
-0.0032975738868117332,-2.347376199668405e-12,4.162275063099514,7.740646458549898e-15,0
0.006557923275977373,-3.6116673887698347e-12,4.172310063251643,-2.368503763390212e-14,0
0.0058038001880049706,-4.107041096101938e-12,4.182390063404455,-2.3836445885700566e-14,0
-0.002056373981758952,-2.1328134570952617e-12,4.192425063556584,4.385862101116059e-15,0
0.008693866431713104,-4.498583797141187e-12,4.2025050637093955,-3.911008666421424e-14,0
-0.0025668509770184755,-2.4862956745502762e-12,4.212540063861525,6.381950481376186e-15,0
0.006360969506204128,-3.520630835474048e-12,4.222620064014336,-2.2394625387052382e-14,0
0.0064210956916213036,-4.2069837197233895e-12,4.232655064166465,-2.7013445037436822e-14,0
-0.0024454069789499044,-2.0849955876395265e-12,4.2426900643185945,5.098662761093455e-15,0
0.008868232369422913,-4.48333167465953e-12,4.252770064471406,-3.9759227080074676e-14,0
-0.0016529327258467674,-2.6478875515822953e-12,4.262805064623535,4.376779988372646e-15,0
0.006180590949952602,-3.4572132483201568e-12,4.2728850647763466,-2.13676209146238e-14,0
0.007074576336890459,-4.3369756570765805e-12,4.282920064928476,-3.0682265357223927e-14,0
-0.0027191706467419863,-2.070155461983414e-12,4.292955065080605,5.629105966417895e-15,0
0.009042598307132721,-4.465670888631479e-12,4.303035065233416,-4.0381268017750884e-14,0
-0.0007781235035508871,-2.817929917187101e-12,4.313070065385546,2.192697499922488e-15,0
0.005867934785783291,-3.381353357034822e-12,4.323150065538357,-1.984156098676974e-14,0
0.0076159280724823475,-4.429107688247447e-12,4.333185065690486,-3.373176557897112e-14,0
-0.0029414750169962645,-2.055933765246487e-12,4.343220065842615,6.0474778070716046e-15,0
0.009064644575119019,-4.433359929167935e-12,4.353300065995427,-4.018683203148216e-14,0
9.256895282305777e-05,-2.986941857047176e-12,4.363335066147556,-2.764980798502166e-16,0
0.005402958951890469,-3.2569268462734335e-12,4.3734150663003675,-1.759704205972544e-14,0
0.007934976369142532,-4.4938267516891894e-12,4.383450066452497,-3.5658409081674265e-14,0
-0.0031409747898578644,-2.064839835572152e-12,4.393530066605308,6.485609868626387e-15,0
0.009087665937840939,-4.407260147110126e-12,4.403565066757437,-4.0051707918096534e-14,0
0.0011320480844005942,-3.188519327040895e-12,4.4136000669095665,-3.609557196250917e-15,0
0.0048377723433077335,-3.1467489204628496e-12,4.423680067062378,-1.522325489874864e-14,0
0.008352826349437237,-4.552774823807226e-12,4.433715067214507,-3.802853751135147e-14,0
-0.0031610168516635895,-2.1049774336784344e-12,4.4437950673673186,6.653869140229107e-15,0
0.009139125235378742,-4.3656254826440755e-12,4.453830067519448,-3.989799801664497e-14,0
0.002198286121711135,-3.377111741295624e-12,4.463865067671577,-7.423857872357895e-15,0
0.0041102454997599125,-3.032557495050159e-12,4.473945067824388,-1.2464555796793108e-14,0
0.008640998974442482,-4.611310899099719e-12,4.483980067976518,-3.984633274995611e-14,0
-0.003138970583677292,-2.1378903421881423e-12,4.494060068129329,6.710774895256358e-15,0
0.008968280628323555,-4.291837284869926e-12,4.504095068281458,-3.849040118181572e-14,0
0.0030460115522146225,-3.5314678698689095e-12,4.51417506843427,-1.0756891927895463e-14,0
0.0032945331186056137,-2.8858545327720142e-12,4.524210068586399,-9.50754333369553e-15,0
0.008867420256137848,-4.622440884921586e-12,4.534245068738528,-4.098912593575343e-14,0
-0.0031890757381916046,-2.1505336574023648e-12,4.5443250688913395,6.858214710986338e-15,0
0.008729509077966213,-4.178681706212828e-12,4.554360069043469,-3.6477839888316226e-14,0
0.003645269200205803,-3.6209748307397538e-12,4.56444006919628,-1.3199428025216045e-14,0
0.002163293771445751,-2.706835623700332e-12,4.574475069348409,-5.855680645078404e-15,0
0.00876450166106224,-4.616463461504239e-12,4.5845100695005385,-4.046100167658704e-14,0
-0.003483694279566407,-2.1633777668589316e-12,4.59459006965335,7.536546750947608e-15,0
0.008089354261755943,-4.047181860478144e-12,4.604625069805479,-3.273908783116022e-14,0
0.003981976304203272,-3.702654936127425e-12,4.6147050699582906,-1.4743884218300686e-14,0
0.0010085456306114793,-2.5233957718501232e-12,4.62474007011042,-2.544959780002923e-15,0
0.00875399261713028,-4.5915020917275395e-12,4.634820070263231,-4.0193975412521117e-14,0
-0.0034957195166498423,-2.1938822286626802e-12,4.64485507041536,7.669196923967383e-15,0
0.007883517071604729,-3.947835981732428e-12,4.65489007056749,-3.112283235788301e-14,0
0.00467543164268136,-3.8415308260819625e-12,4.664970070720301,-1.7960814780599473e-14,0
0.0002510637859813869,-2.425080535689572e-12,4.67500507087243,-6.088499005999938e-16,0
0.00901053100824356,-4.6091628777555904e-12,4.685085071025242,-4.153100503206187e-14,0
-0.00321523891761899,-2.27296957297507e-12,4.695120071177371,7.308140229593261e-15,0
0.007735313847661018,-3.85652837789352e-12,4.7051550713295,-2.983145736541743e-14,0
0.005535236559808254,-3.986227146979271e-12,4.7152350714823115,-2.2064710239659812e-14,0
-0.00032116431975737214,-2.3374826380040403e-12,4.725270071634441,7.507160213792354e-16,0
0.00932919979095459,-4.6111695191364266e-12,4.735350071787252,-4.301852171398373e-14,0
-0.0027274040039628744,-2.348612840666342e-12,4.745385071939381,6.405616065392002e-15,0
0.007667712401598692,-3.760653680823234e-12,4.755465072092193,-2.883561086656608e-14,0
0.006368986330926418,-4.127110111995513e-12,4.765500072244322,-2.6285507889527624e-14,0
-0.0007575397612527013,-2.282038490467042e-12,4.775535072396451,1.728734893237878e-15,0
0.009635843336582184,-4.615785618306001e-12,4.7856150725492625,-4.4476987093245754e-14,0
-0.002107833279296756,-2.48876895654615e-12,4.795650072701392,5.245910031088637e-15,0
0.007523409556597471,-3.688405917495752e-12,4.805730072854203,-2.7749388328298203e-14,0
0.007060166914016008,-4.250821049323061e-12,4.815765073006332,-3.001150612983349e-14,0
-0.0012083237525075674,-2.2265945597704784e-12,4.825800073158462,2.6904470937747995e-15,0
0.009820230305194855,-4.610366775847918e-12,4.835880073311273,-4.527486353024522e-14,0
-0.001257724710740149,-2.6363451352540146e-12,4.845915073463402,3.3157964226485546e-15,0
0.007381110452115536,-3.618767178276139e-12,4.855995073616214,-2.6710520243346652e-14,0
0.007786773610860109,-4.360884483384231e-12,4.866030073768343,-3.395722021522565e-14,0
-0.0014450368471443653,-2.1876393925535087e-12,4.876065073920472,3.1612195305043367e-15,0
0.010146915912628174,-4.5997303188549665e-12,4.8861450740732835,-4.6673076766187724e-14,0
-0.00027382170083001256,-2.816487060935957e-12,4.896180074225413,7.71215277391207e-16,0
0.00731497211381793,-3.5629758692035107e-12,4.906260074378224,-2.6063069125429882e-14,0
0.008523670956492424,-4.498361318855393e-12,4.916295074530353,-3.834255172533667e-14,0
-0.001533601083792746,-2.1944843945492787e-12,4.926375074683165,3.365463645847042e-15,0
0.010464719496667385,-4.593172630434905e-12,4.936410074835294,-4.806626317727117e-14,0
0.0008603426394984126,-3.008789831865366e-12,4.946445074987423,-2.588590185643034e-15,0
0.00724081601947546,-3.4999603042151772e-12,4.9565250751402345,-2.534256863828946e-14,0
0.0092585114762187,-4.608837617103845e-12,4.966560075292364,-4.2670975969984395e-14,0
-0.0014734748983755708,-2.218767487446871e-12,4.976640075445175,3.2692981980847988e-15,0
0.010732308030128479,-4.59482191877969e-12,4.986675075597304,-4.9313044175929615e-14,0
0.002087133936583996,-3.2225277134256824e-12,4.996710075749434,-6.725846952273167e-15,0
0.006976260803639889,-3.4110550755500624e-12,5.006790075902245,-2.37964098226168e-14,0
0.00989866629242897,-4.699526792023567e-12,5.016825076054374,-4.651904744657054e-14,0
-0.0012490038061514497,-2.2651264544593097e-12,5.026905076207186,2.829151563034016e-15,0
0.01109869871288538,-4.588844495362343e-12,5.036940076359315,-5.09302024943092e-14,0
0.0035931598395109177,-3.470057574617158e-12,5.047020076512126,-1.2468471517905032e-14,0
0.006691663525998592,-3.316129922742439e-12,5.0570550766642555,-2.219042565148811e-14,0
0.010530587285757065,-4.788567112279374e-12,5.067090076816385,-5.04264239495636e-14,0
-0.0009884568862617016,-2.3279418757266024e-12,5.077170076969196,2.3010701778789425e-15,0
0.011263368651270866,-4.550507540224125e-12,5.087205077121325,-5.1254043975932106e-14,0
0.004697477910667658,-3.640040525942911e-12,5.097285077274137,-1.709900996455191e-14,0
0.006082438863813877,-3.189137755960081e-12,5.107320077426266,-1.9397735428907772e-14,0
0.010997837409377098,-4.834323913405214e-12,5.117355077578395,-5.3167108383894154e-14,0
-0.0008662003092467785,-2.3666747814982125e-12,5.1274350777312065,2.0500144276203036e-15,0
0.011218084022402763,-4.477337771369161e-12,5.137470077883336,-5.022715131589678e-14,0
0.005673526786267757,-3.7927638460444335e-12,5.147550078036147,-2.1518347274521014e-14,0
0.0053352490067481995,-3.0574321286530592e-12,5.157585078188276,-1.6312161727596268e-14,0
0.011333406902849674,-4.863635535978794e-12,5.167665078341088,-5.512156055640704e-14,0
-0.0007339226431213319,-2.407815700294913e-12,5.177700078493217,1.7671504629094833e-15,0
0.01110898982733488,-4.391595160441186e-12,5.187735078645346,-4.878618596311423e-14,0
0.0064090704545378685,-3.924013891598577e-12,5.197815078798158,-2.51492814958406e-14,0
0.00456130038946867,-2.929436641180283e-12,5.207850078950287,-1.3362040492339417e-14,0
0.01156990323215723,-4.8967488050499774e-12,5.217930079103098,-5.665490982660979e-14,0
-0.0004220247210469097,-2.4819673226372796e-12,5.2279650792552275,1.0474515669835432e-15,0
0.011043122038245201,-4.3120364050242e-12,5.238000079407357,-4.761834425403835e-14,0
0.007276891730725765,-4.05526393715272e-12,5.248080079560168,-2.950971661017704e-14,0
0.0038655695971101522,-2.802883793118216e-12,5.258115079712297,-1.0834742374910558e-14,0
0.01191262248903513,-4.903571906161863e-12,5.268195079865109,-5.841440096594467e-14,0
-0.00017090303299482912,-2.53349533192726e-12,5.278230080017238,4.329820363046101e-16,0
0.01089047733694315,-4.202167693673209e-12,5.288310080170049,-4.5763612033982744e-14,0
0.008052520453929901,-4.195344158880454e-12,5.2983450803221785,-3.3783094650660193e-14,0
0.003204831387847662,-2.7037439127852725e-12,5.308380080474308,-8.665043356396293e-15,0
0.012111038900911808,-4.90517739273888e-12,5.318460080627119,-5.940679421933373e-14,0
6.786841549910605e-05,-2.599657468460581e-12,5.328495080779248,-1.764346332248369e-16,0
0.01059585902839899,-4.104833660478757e-12,5.33857508093206,-4.3494238801459916e-14,0
0.00868834089487791,-4.3260516696674856e-12,5.348610081084189,-3.758621163492688e-14,0
0.0023238470312207937,-2.593267831377255e-12,5.358645081236318,-6.02635775110642e-15,0
0.01208097580820322,-4.869254738998352e-12,5.36872508138913,-5.882534870581798e-14,0
0.00013373640831559896,-2.6577808964062255e-12,5.378760081541259,-3.554420711751816e-16,0
0.010134890675544739,-3.985424403690763e-12,5.38884008169407,-4.039184062705396e-14,0
0.009067081846296787,-4.415092423604161e-12,5.3988750818461995,-4.0032004363783774e-14,0
0.0015890073264017701,-2.498044089291329e-12,5.408910081998329,-3.96941035955856e-15,0
0.012060933746397495,-4.840756701735005e-12,5.41899008215114,-5.838404586205556e-14,0
0.0006298046791926026,-2.7676387657354917e-12,5.429025082303269,-1.743071844975052e-15,0
0.009802192449569702,-3.8782570904727365e-12,5.439105082456081,-3.801542236972202e-14,0
0.00960225984454155,-4.510109733596446e-12,5.44914008260821,-4.330724558938914e-14,0
0.0010297793196514249,-2.4316976383886857e-12,5.459220082761021,-2.5041119396578774e-15,0
0.012119055725634098,-4.8100516625293466e-12,5.4692550829131505,-5.829328414137209e-14,0
0.0013070099521428347,-2.9117110198623175e-12,5.47929008306528,-3.805635280724012e-15,0
0.009511582553386688,-3.8015940222180244e-12,5.489370083218091,-3.615917537678809e-14,0
0.010149788111448288,-4.608013189771887e-12,5.49940508337022,-4.67703574909436e-14,0
0.0005988748744130135,-2.3883490671283703e-12,5.509485083523032,-1.4303222476309406e-15,0
0.012216394767165184,-4.788773544373015e-12,5.519520083675161,-5.850154806861757e-14,0
0.002159177092835307,-3.081341171801144e-12,5.52955508382729,-6.653161273363333e-15,0
0.009261056780815125,-3.735567844637133e-12,5.539635083980102,-3.459530591777166e-14,0
0.010728191584348679,-4.7250844729951336e-12,5.549670084132231,-5.0691611478523e-14,0
0.00039444578578695655,-2.3833318131549763e-12,5.559750084285042,-9.400951898309665e-16,0
0.012208161875605583,-4.75084901974121e-12,5.5697850844371715,-5.79991338795628e-14,0
0.0029317717999219894,-3.239466854487727e-12,5.579865084589983,-9.497377570769109e-15,0
0.0084754079580307,-3.5862558582511195e-12,5.589900084742112,-3.039498144055576e-14,0
0.010588221251964569,-4.734978034659498e-12,5.599935084894241,-5.013499505416713e-14,0
-0.00023287093790713698,-2.334564616277013e-12,5.610015085047053,5.436522517972433e-16,0
0.0117265023291111,-4.667373258715468e-12,5.620050085199182,-5.47319633891578e-14,0
0.003440840169787407,-3.3833602152560927e-12,5.630130085351993,-1.1641601737513731e-14,0
0.007484192028641701,-3.4226627608491267e-12,5.6401650855041225,-2.561586535147583e-14,0
0.010573812760412693,-4.7621845702949805e-12,5.650200085656252,-5.03544479768255e-14,0
-0.0007018553442321718,-2.317506212975995e-12,5.660280085809063,1.6265541208684637e-15,0
0.011432155035436153,-4.606776331933515e-12,5.670315085961192,-5.266538124024183e-14,0
0.0043066577054560184,-3.5531423723395017e-12,5.680395086114004,-1.5302167976418192e-14,0
0.006897556129842997,-3.3072401154493614e-12,5.690430086266133,-2.2811874331180402e-14,0
0.011088893748819828,-4.838348905550349e-12,5.700510086418944,-5.3651936933366524e-14,0
-0.0004894093726761639,-2.3791173024700907e-12,5.710545086571074,1.1643623065248944e-15,0
0.01153301540762186,-4.550919970730538e-12,5.720580086723203,-5.248583014128932e-14,0
0.005282706581056118,-3.716301572032066e-12,5.730660086876014,-1.963213077176299e-14,0
0.005993929225951433,-3.1650227143992238e-12,5.7406950870281435,-1.8970922148637643e-14,0
0.011078872717916965,-4.846576698996907e-12,5.750775087180955,-5.36946063658089e-14,0
-0.0008398747304454446,-2.38530072430021e-12,5.760810087333084,2.0033538028529626e-15,0
0.011026655323803425,-4.4390012499118114e-12,5.770845087485213,-4.894733676471013e-14,0
0.005741669796407223,-3.824874011265633e-12,5.780925087638025,-2.1961163585546826e-14,0
0.004861822817474604,-3.000957555371331e-12,5.790960087790154,-1.4590123916977142e-14,0
0.01114701572805643,-4.859220231051564e-12,5.801040087942965,-5.416580434162179e-14,0
-0.0008295828592963517,-2.4123014783633545e-12,5.8110750880950945,2.001203957905488e-15,0
0.010905210860073566,-4.345838359315346e-12,5.821110088247224,-4.739228367213e-14,0
0.006565398536622524,-3.946490703676808e-12,5.831190088400035,-2.5910284290714113e-14,0
0.004262836184352636,-2.8704883522218116e-12,5.841225088552164,-1.2236421614613914e-14,0
0.011630029417574406,-4.88631314229937e-12,5.851305088704976,-5.6827965588422106e-14,0
-0.0003767404705286026,-2.486089676137504e-12,5.861340088857105,9.366105943643445e-16,0
0.010966637171804905,-4.2710036896043135e-12,5.871420089009916,-4.683854782333056e-14,0
0.007565497420728207,-4.1012210988400355e-12,5.881455089162046,-3.102777764511039e-14,0
0.0037153081502765417,-2.7680507625610362e-12,5.891490089314175,-1.0284161558522214e-14,0
0.012175173498690128,-4.920429948901406e-12,5.901570089466986,-5.990708831602562e-14,0
0.00017490389291197062,-2.570183215561128e-12,5.9116050896191155,-4.495350498986478e-16,0
0.011149019934237003,-4.201565310946176e-12,5.921685089771927,-4.684333540673761e-14,0
0.008731567300856113,-4.2736994498859815e-12,5.931720089924056,-3.7316094370311196e-14,0
0.003435369348153472,-2.698591133540318e-12,5.941755090076185,-9.270657263363141e-15,0
0.012774431146681309,-4.951536576591753e-12,5.951835090228997,-6.325306306794543e-14,0
0.0008418172365054488,-2.671590596317608e-12,5.961870090381126,-2.2489910128660327e-15,0
0.01134543213993311,-4.131726211165088e-12,5.971950090533937,-4.687621934955644e-14,0
0.009793688543140888,-4.431580970243321e-12,5.9819850906860665,-4.340152377627319e-14,0
0.0029878895729780197,-2.632987794806696e-12,5.992065090838878,-7.867076777881317e-15,0
0.013101116754114628,-4.9519381650764416e-12,6.002100090991007,-6.487592005982262e-14,0
0.001376994652673602,-2.790929379964391e-12,6.012135091143136,-3.843094832200618e-15,0
0.011171066202223301,-4.04824004179849e-12,6.022215091295948,-4.522315750942215e-14,0
0.01039679255336523,-4.543293692649275e-12,6.032250091448077,-4.7235682031487204e-14,0
0.002496858825907111,-2.5757917933993957e-12,6.042330091600888,-6.431388473048387e-15,0
0.013202357105910778,-4.934700651576529e-12,6.052365091753018,-6.514968021288393e-14,0
0.001957456348463893,-2.9135660897794402e-12,6.062400091905147,-5.703178439107886e-15,0
0.010934569872915745,-3.971576539862909e-12,6.072480092057958,-4.342748118076392e-14,0
0.010997837409377098,-4.658922553302247e-12,6.0825150922100875,-5.123807274409812e-14,0
0.0021120510064065456,-2.534851452004605e-12,6.092595092362899,-5.3537355602974196e-15,0
0.013387610204517841,-4.922539806329063e-12,6.102630092515028,-6.590104414335624e-14,0
0.0029077213257551193,-3.097379774538722e-12,6.1127100926678395,-9.006317224388826e-15,0
0.010678031481802464,-3.898727261170132e-12,6.122745092819969,-4.163073243373616e-14,0
0.011568007990717888,-4.769192853137927e-12,6.132780092972098,-5.517006103437418e-14,0
0.0018334663473069668,-2.5165887169303902e-12,6.142860093124909,-4.614080722504289e-15,0
0.013564630411565304,-4.909142536924094e-12,6.1528950932770385,-6.659070415106941e-14,0
0.003905816236510873,-3.2814105165729357e-12,6.16297509342985,-1.2816586474288103e-14,0
0.010538820177316666,-3.8299398374963545e-12,6.173010093581979,-4.036304723731549e-14,0
0.012344013899564743,-4.888119423118731e-12,6.183045093734108,-6.033901410171001e-14,0
0.0019457018934190273,-2.533245748587154e-12,6.19312509388692,-4.928941049521727e-15,0
0.013928962871432304,-4.91079139158801e-12,6.203160094039049,-6.840223096277877e-14,0
0.00512437429279089,-3.4833028388775444e-12,6.21324009419186,-1.7849747521549615e-14,0
0.0103144571185112,-3.743785229742835e-12,6.22327509434399,-3.8615112213098076e-14,0
0.01286684162914753,-4.967266181710173e-12,6.233310094496119,-6.391302728988515e-14,0
0.0019396892748773098,-2.555321405861566e-12,6.24339009464893,-4.9565295248140885e-15,0
0.014073049649596214,-4.8936844160296644e-12,6.2534250948010595,-6.886906375624072e-14,0
0.006236708723008633,-3.6843922010532104e-12,6.263505094953871,-2.2978480979293533e-14,0
0.009836914949119091,-3.6374312849946078e-12,6.273540095106,-3.578110218375692e-14,0
0.013363668695092201,-5.047265123209188e-12,6.2836200952588115,-6.744997892286131e-14,0
0.0020150907803326845,-2.602130750456455e-12,6.293655095410941,-5.243529684464972e-15,0
0.014178026467561722,-4.85369860622753e-12,6.30369009556307,-6.881586730466136e-14,0
0.007335014175623655,-3.86521240361426e-12,6.313770095715881,-2.8351387772306978e-14,0
0.009167943149805069,-3.514176363100807e-12,6.3238050958680105,-3.2217769115296936e-14,0
0.013790563680231571,-5.107471303528177e-12,6.333885096020822,-7.043490825626068e-14,0
0.002118009375408292,-2.640879702420218e-12,6.343920096172951,-5.5934079690514814e-15,0
0.014165675267577171,-4.795987391947865e-12,6.35395509632508,-6.793839998172781e-14,0
0.008285008370876312,-4.023755720977684e-12,6.364035096477892,-3.3336849830661565e-14,0
0.008564839139580727,-3.3845318041236805e-12,6.374070096630021,-2.898797046511427e-14,0
0.014119255356490612,-5.137373599445327e-12,6.384150096782832,-7.25358897122619e-14,0
0.0022271033376455307,-2.681896154807517e-12,6.394185096934962,-5.972859877590536e-15,0
0.014067145064473152,-4.695258071230057e-12,6.404265097087773,-6.604887640313163e-14,0
0.009156838059425354,-4.157815151201172e-12,6.414300097239902,-3.8072440020574273e-14,0
0.007881458848714828,-3.2598342428191707e-12,6.4243350973920315,-2.5692249438410756e-14,0
0.014443935826420784,-5.155435540277198e-12,6.434415097544843,-7.446478010101281e-14,0
0.0024370576720684767,-2.7309506652611892e-12,6.444450097696972,-6.6554842708152915e-15,0
0.013964930549263954,-4.608360134467082e-12,6.4545300978497835,-6.43554292238295e-14,0
0.009958358481526375,-4.287714714529267e-12,6.464565098001913,-4.2698600193797966e-14,0
0.007062225136905909,-3.1254491182630684e-12,6.474600098154042,-2.207262532711785e-14,0
0.014726528897881508,-5.181324553432676e-12,6.484680098306853,-7.63029257654293e-14,0
0.0026778874453157187,-2.7872192401301454e-12,6.4947150984589825,-7.463859410486934e-15,0
0.013830647803843021,-4.520057071688566e-12,6.504795098611794,-6.251531741179458e-14,0
0.010771416127681732,-4.432817828081692e-12,6.514830098763923,-4.7747725444474246e-14,0
0.0062046414241194725,-2.999845380782795e-12,6.524910098916735,-1.8612964915558383e-14,0
0.01493897382169962,-5.1793174783709706e-12,6.534945099068864,-7.737368822365521e-14,0
0.0029104838613420725,-2.8525569493315084e-12,6.544980099220993,-8.302320964588531e-15,0
0.01363022718578577,-4.418308600928622e-12,6.555060099373804,-6.02225500075684e-14,0
0.01146508939564228,-4.562462387058819e-12,6.565095099525934,-5.230903913188483e-14,0
0.005547261796891689,-2.902310987026868e-12,6.575175099678745,-1.6099878861033157e-14,0
0.015151637606322765,-5.169256082210305e-12,6.585210099830874,-7.832269485193034e-14,0
0.0031904226634651423,-2.9162453701880864e-12,6.5952450999830035,-9.304055321273364e-15,0
0.013423793949186802,-4.3191687205956786e-12,6.605325100135815,-5.797963093704917e-14,0
0.012129943817853928,-4.676648391460647e-12,6.615360100287944,-5.672748224427459e-14,0
0.004958025179803371,-2.8208318927219755e-12,6.6254401004407555,-1.3985755552107957e-14,0
0.015238088555634022,-5.151324245639133e-12,6.635475100592885,-7.849633503383373e-14,0
0.0037073998246341944,-3.04098651641993e-12,6.645555100745696,-1.1274152877690199e-14,0
0.013129175640642643,-4.224845299993785e-12,6.655590100897825,-5.546873599816196e-14,0
0.012714521959424019,-4.785887831870728e-12,6.6656251010499545,-6.085027593366057e-14,0
0.004471002612262964,-2.761227444608716e-12,6.675705101202766,-1.2345455117897758e-14,0
0.015390409156680107,-5.142049546574823e-12,6.685740101354895,-7.913824642570795e-14,0
0.004380813334137201,-3.1882914277442387e-12,6.695820101507707,-1.3967309599777296e-14,0
0.01286889985203743,-4.135604185495634e-12,6.705855101659836,-5.322067609081014e-14,0
0.013210589997470379,-4.885233710616443e-12,6.715890101811965,-6.453681959277469e-14,0
0.004062144551426172,-2.716875335817548e-12,6.725970101964776,-1.1036340342295404e-14,0
0.015520086511969566,-5.125354567842022e-12,6.736005102116906,-7.954594629742657e-14,0
0.005214563570916653,-3.3416171305727937e-12,6.746085102269717,-1.7425074957035926e-14,0
0.012636303901672363,-4.073976399288082e-12,6.756120102421846,-5.1480003869645113e-14,0
0.013766352087259293,-5.003541851678062e-12,6.7661551025739755,-6.888051881353751e-14,0
0.003713412443175912,-2.700418881562694e-12,6.776235102726787,-1.0027769076582087e-14,0
0.015590071678161621,-5.0979411664320295e-12,6.786270102878916,-7.94772681957262e-14,0
0.00613048579543829,-3.520028886427884e-12,6.7963501030317275,-2.1579487087778603e-14,0
0.012321372516453266,-3.9810203744661266e-12,6.806385103183857,-4.905163502938742e-14,0
0.014323683455586433,-5.093423079138848e-12,6.816465103336668,-7.295657989096323e-14,0
0.0037564756348729134,-2.7177593942689926e-12,6.826500103488797,-1.0209196946018438e-14,0
0.015756798908114433,-5.0870176127038036e-12,6.8365351036409265,-8.015511356541018e-14,0
0.00722678704187274,-3.722322363536312e-12,6.846615103793738,-2.690043102247733e-14,0
0.011924105696380138,-3.882086058865086e-12,6.856650103945867,-4.6290404488351097e-14,0
0.014754586853086948,-5.162459869312297e-12,6.866730104098679,-7.616996251734418e-14,0
0.003439486026763916,-2.7154923275263254e-12,6.876765104250808,-9.33989791631142e-15,0
0.01550979446619749,-5.025802257002665e-12,6.886800104402937,-7.794916003386279e-14,0
0.007848091423511505,-3.8656135584180795e-12,6.896880104555748,-3.033768861443072e-14,0
0.010781709104776382,-3.706891130855761e-12,6.906915104707878,-3.9966621855962375e-14,0
0.014666401781141758,-5.169684558908871e-12,6.916995104860689,-7.582067082272211e-14,0
0.003091620746999979,-2.7086904767770204e-12,6.927030105012818,-8.374243675205101e-15,0
0.01523559633642435,-4.933073480956063e-12,6.93711010516563,-7.515831625376631e-14,0
0.00872192531824112,-4.017935723715782e-12,6.947145105317759,-3.5044135315742134e-14,0
0.010057160630822182,-3.5741548609635743e-12,6.957180105469888,-3.594584955614459e-14,0
0.014953005127608776,-5.2166456918079085e-12,6.9672601056226995,-7.800452977852189e-14,0
0.00316160568036139,-2.7571269919923758e-12,6.977295105774829,-8.716948359360808e-15,0
0.015233593992888927,-4.859019870490089e-12,6.98737510592764,-7.402033591042575e-14,0
0.009709295816719532,-4.187544408451593e-12,6.997410106079769,-4.065810740730632e-14,0
0.009427297860383987,-3.445747159824819e-12,7.0074451062318985,-3.248408482724072e-14,0
0.01532779075205326,-5.2521676244254856e-12,7.01752510638471,-8.05041263419025e-14,0
0.003307750215753913,-2.7896925221260194e-12,7.027560106536839,-9.227606041949418e-15,0
0.01515943743288517,-4.771720345242425e-12,7.037640106689651,-7.233659602092777e-14,0
0.010532645508646965,-4.316364540096762e-12,7.04767510684178,-4.5462737586933184e-14,0
0.008653782308101654,-3.308102273016922e-12,7.057755106994591,-2.8627596923624706e-14,0
0.015644455328583717,-5.280062845280931e-12,7.06779010714672,-8.260370731511216e-14,0
0.003556813346222043,-2.85111387623993e-12,7.07782510729885,-1.0140879886609046e-14,0
0.01502315141260624,-4.688033381633483e-12,7.087905107451661,-7.042903531963226e-14,0
0.011294243857264519,-4.438382820992626e-12,7.09794010760379,-5.012817791218433e-14,0
0.0077959815971553326,-3.1788593025244838e-12,7.108020107756602,-2.4782328622426912e-14,0
0.015952344983816147,-5.2918927920253545e-12,7.118055107908731,-8.441809943575849e-14,0
0.0037729425821453333,-2.9119170182750898e-12,7.12809010806086,-1.0986495713923757e-14,0
0.014874839223921299,-4.5959173966547695e-12,7.1381701082136715,-6.836353236166263e-14,0
0.012062017805874348,-4.581012652549177e-12,7.148205108365801,-5.5256256183983847e-14,0
0.007024361751973629,-3.0664739410907194e-12,7.158285108518612,-2.1540022265221484e-14,0
0.016114957630634308,-5.29045036945508e-12,7.168320108670741,-8.525538355074223e-14,0
0.0040096561424434185,-2.966124524814151e-12,7.1783551088228705,-1.1893139420173126e-14,0
0.014696466736495495,-4.493365748925449e-12,7.188435108975682,-6.603660026399102e-14,0
0.0128174414858222,-4.7114812051773924e-12,7.198470109127811,-6.038913465891229e-14,0
0.0064090704545378685,-2.9799773759719983e-12,7.208550109280623,-1.909888495553342e-14,0
0.016388721764087677,-5.29663335760433e-12,7.218585109432752,-8.680505038416287e-14,0
0.004603280685842037,-3.0895531358959838e-12,7.228665109585563,-1.422208027835268e-14,0
0.0145938191562891,-4.411381850089047e-12,7.238700109737692,-6.437890894953558e-14,0
0.013605797663331032,-4.848339611729369e-12,7.248735109889822,-6.596552776030273e-14,0
0.006066351197659969,-2.9296046925170183e-12,7.258815110042633,-1.777201093512088e-14,0
0.016536924988031387,-5.27272453129668e-12,7.268850110194762,-8.719465005660615e-14,0
0.0050802817568182945,-3.1937102702023212e-12,7.278930110347574,-1.622494802227208e-14,0
0.01409157458692789,-4.2974022777808596e-12,7.288965110499703,-6.055716472738279e-14,0
0.013770467601716518,-4.9157383892606266e-12,7.299000110651832,-6.76920162278276e-14,0
0.005012138746678829,-2.8260495072568448e-12,7.3090801108046435,-1.4164552235354645e-14,0
0.01613553985953331,-5.216455739587289e-12,7.319115110956773,-8.417032951160201e-14,0
0.005298740230500698,-3.310309925480537e-12,7.329195111109584,-1.7540472377569488e-14,0
0.013432894833385944,-4.181566985034246e-12,7.339230111261713,-5.617054954872377e-14,0
0.014093199744820595,-5.002110271129512e-12,7.349310111414525,-7.049573919664691e-14,0
0.0045231119729578495,-2.7632343028299866e-12,7.359345111566654,-1.2498418159218149e-14,0
0.016162298619747162,-5.177500789210754e-12,7.369380111718783,-8.368031385920081e-14,0
0.006136498413980007,-3.4644381547571657e-12,7.379460111871595,-2.125951924199917e-14,0
0.013208531774580479,-4.10819121776651e-12,7.389495112023724,-5.426317423592142e-14,0
0.014654377475380898,-5.09964423120457e-12,7.399575112176535,-7.473211155422038e-14,0
0.004234018735587597,-2.7507373549090497e-12,7.409610112328664,-1.1646673497365585e-14,0
0.016254926100373268,-5.155034385473378e-12,7.419645112480794,-8.379470298075289e-14,0
0.007016344927251339,-3.6382342451235505e-12,7.429725112633605,-2.5527106389924728e-14,0
0.012827732600271702,-4.005135199186549e-12,7.439760112785734,-5.137680336310099e-14,0
0.015153425745666027,-5.18152534767502e-12,7.449840112938546,-7.851785960527976e-14,0
0.004168150946497917,-2.7596002739882497e-12,7.459875113090675,-1.1502430493980035e-14,0
0.016394028440117836,-5.128945011756425e-12,7.469955113243486,-8.408407039053534e-14,0
0.008152730762958527,-3.831295957573699e-12,7.4799901133956155,-3.1235524415309745e-14,0
0.012296671979129314,-3.888063915963302e-12,7.490025113547745,-4.7810246608489734e-14,0
0.01553422398865223,-5.2483542685444196e-12,7.500105113700556,-8.152911077936805e-14,0
0.004199026618152857,-2.7925782346283068e-12,7.510140113852685,-1.1726110340478574e-14,0
0.0164621714502573,-5.08519528569229e-12,7.520220114005497,-8.371335665110664e-14,0
0.009299678727984428,-4.0366703035754625e-12,7.530255114157626,-3.7539736954047174e-14,0
0.011677101254463196,-3.76604520138657e-12,7.540290114309755,-4.397649114547621e-14,0
0.015907006338238716,-5.291903634047079e-12,7.550370114462567,-8.417834464813539e-14,0
0.004240193869918585,-2.8228766980192832e-12,7.560405114614696,-1.196954447047738e-14,0
0.016410062089562416,-5.0209749552498906e-12,7.570485114767507,-8.239451076578858e-14,0
0.01025476399809122,-4.194552257613671e-12,7.580520114919636,-4.301414347948892e-14,0
0.010864422656595707,-3.6277983655325086e-12,7.590600115072448,-3.941393475605226e-14,0
0.01625373400747776,-5.3414737910539856e-12,7.600635115224577,-8.681889420770532e-14,0
0.004324587527662516,-2.8682212854791445e-12,7.610670115376706,-1.2403873997759256e-14,0
0.0163018349558115,-4.934077018486915e-12,7.620750115529518,-8.043450921463618e-14,0
0.011129573918879032,-4.339861369578868e-12,7.630785115681647,-4.8300807910415605e-14,0
0.010267169214785099,-3.506582827925153e-12,7.640865115834458,-3.600267925996721e-14,0
0.016775695607066154,-5.3873229662049216e-12,7.6509001159865875,-9.037609021801051e-14,0
0.004730086773633957,-2.9337649930932796e-12,7.660935116138717,-1.3876962990780839e-14,0
0.01638801582157612,-4.8626319984479416e-12,7.671015116291528,-7.968889012506717e-14,0
0.012039374560117722,-4.467032212879252e-12,7.681050116443657,-5.378027398296483e-14,0
0.009493544697761536,-3.3580738016680822e-12,7.691130116596469,-3.1880023734517945e-14,0
0.016755111515522003,-5.3745436920382694e-12,7.701165116748598,-9.005107890514655e-14,0
0.004472790285944939,-2.9490173324153712e-12,7.711200116900727,-1.3190336077510729e-14,0
0.01571059413254261,-4.723755674812535e-12,7.721280117053539,-7.421300818827468e-14,0
0.012274029664695263,-4.556690962054244e-12,7.731315117205668,-5.592896004110259e-14,0
0.008118659257888794,-3.1963188606293214e-12,7.741395117358479,-2.59498237090128e-14,0
0.01654721423983574,-5.353726576645679e-12,7.751430117510608,-8.858926064525842e-14,0
0.004440939519554377,-2.984191886656884e-12,7.76151011766342,-1.3252615683388091e-14,0
0.01537394244223833,-4.598325626520294e-12,7.771545117815549,-7.069439351279252e-14,0
0.012920360080897808,-4.6795341039629346e-12,7.781580117967678,-6.046126563404259e-14,0
0.007373093627393246,-3.082729601103229e-12,7.79166011812049,-2.272925397687074e-14,0
0.016767462715506554,-5.337031164232009e-12,7.801695118272619,-8.948847105775674e-14,0
0.004677435848861933,-3.0490141661454473e-12,7.81177511842543,-1.4261568164416588e-14,0
0.015184571966528893,-4.498361318855393e-12,7.8218101185775595,-6.830569117760953e-14,0
0.013609915040433407,-4.804231665267444e-12,7.831845118729689,-6.538518479884982e-14,0
0.006773836445063353,-3.0010494957155576e-12,7.8419251188825,-2.032861844751704e-14,0
0.016965065151453018,-5.326932037835741e-12,7.851960119034629,-9.037174907924574e-14,0
0.00518049206584692,-3.1620014766253757e-12,7.862040119187441,-1.6380723561854004e-14,0
0.014916982501745224,-4.412206277421005e-12,7.87207511933957,-6.581680383437956e-14,0
0.014247522689402103,-4.929862074121161e-12,7.882155119492381,-7.023832175666415e-14,0
0.00627478864043951,-2.9416460586850768e-12,7.892190119644511,-1.8458207273230777e-14,0
0.017115328460931778,-5.313740766843544e-12,7.90222511979664,-9.094641858077077e-14,0
0.005849896930158138,-3.3028842248011836e-12,7.912305119949451,-1.9321532287332186e-14,0
0.01465145219117403,-4.335532800825437e-12,7.92234012010158,-6.352185155456073e-14,0
0.014836760237812996,-5.024587083207743e-12,7.932420120254392,-7.454859384756542e-14,0
0.005773683078587055,-2.8754353498944285e-12,7.942455120406521,-1.660185242325651e-14,0
0.017185313627123833,-5.281587233535445e-12,7.95249012055865,-9.076573305731995e-14,0
0.006589449010789394,-3.449988775564017e-12,7.962570120711462,-2.2733525124374825e-14,0
0.014398272149264812,-4.25061461722942e-12,7.972605120863591,-6.120150606051227e-14,0
0.015367874875664711,-5.1279414742255724e-12,7.982685121016402,-7.880556294563023e-14,0
0.005407291930168867,-2.8416329619224134e-12,7.9927201211685315,-1.5365538983504922e-14,0
0.017229784280061722,-5.2533715225178135e-12,8.002800121321343,-9.051445807600134e-14,0
0.007453261874616146,-3.614151295946999e-12,8.012835121473472,-2.6937216063176304e-14,0
0.014105984009802341,-4.169200575054877e-12,8.022870121625601,-5.881067664538282e-14,0
0.015856901183724403,-5.2210609967351385e-12,8.032950121778413,-8.278984829942673e-14,0
0.0052632056176662445,-2.8449306712502453e-12,8.042985121930542,-1.497345509079529e-14,0
0.017370078712701797,-5.228887635377877e-12,8.053065122083353,-9.08261898063869e-14,0
0.008577189408242702,-3.817160997010571e-12,8.063100122235483,-3.2740512873116226e-14,0
0.013815753161907196,-4.076862545471238e-12,8.073135122387612,-5.632492660325528e-14,0
0.01646818406879902,-5.318193802006377e-12,8.083215122540423,-8.75809944449871e-14,0
0.005407291930168867,-2.8929547559591873e-12,8.093250122692552,-1.5643050906241758e-14,0
0.01763663813471794,-5.230292327712549e-12,8.103330122845364,-9.224477312265781e-14,0
0.00983279850333929,-4.032754165328445e-12,8.113365122997493,-3.965325912117682e-14,0
0.013133184984326363,-3.944684856538316e-12,8.123445123150304,-5.180627592578861e-14,0
0.016682634130120277,-5.367162009967119e-12,8.133480123302434,-8.953840012936241e-14,0
0.005014142487198114,-2.8904814739633133e-12,8.143515123454563,-1.449328596705848e-14,0
0.017167653888463974,-5.132557573395147e-12,8.153595123607374,-8.811397198266241e-14,0
0.0103103406727314,-4.15600930406268e-12,8.163630123759503,-4.284987176392757e-14,0
0.01192865613847971,-3.758847400003873e-12,8.173710123912315,-4.4837998111664696e-14,0
0.016606908291578293,-5.367741841288964e-12,8.183745124064444,-8.914159649115344e-14,0
0.0048083052970469,-2.887183547795047e-12,8.193780124216573,-1.3882459946409585e-14,0
0.016979258507490158,-5.045458408708958e-12,8.203860124369385,-8.566814261025933e-14,0
0.011160450056195259,-4.305440552687667e-12,8.213895124521514,-4.805065425818842e-14,0
0.011239209212362766,-3.636026375819501e-12,8.223975124674325,-4.086606113950454e-14,0
0.01697123982012272,-5.4007202356098905e-12,8.234010124826455,-9.165691831992512e-14,0
0.004956508055329323,-2.929436641180283e-12,8.244045124978584,-1.4519776309586948e-14,0
0.01686902530491352,-4.954346394941966e-12,8.254125125131395,-8.357499470558311e-14,0
0.011996149085462093,-4.430962975005004e-12,8.264160125283524,-5.3154492440322674e-14,0
0.01045957300812006,-3.5027696888845217e-12,8.274240125436336,-3.663747529151764e-14,0
0.017253238707780838,-5.436789473484138e-12,8.284275125588465,-9.380222658997194e-14,0
0.00515644159168005,-2.992420113784311e-12,8.294355125741276,-1.5430239534497368e-14,0
0.016726728528738022,-4.872264917910041e-12,8.304390125893406,-8.14970526019753e-14,0
0.012722755782306194,-4.550919970730538e-12,8.314425126045535,-5.790024337242469e-14,0
0.009635843336582184,-3.3628900445586973e-12,8.324505126198346,-3.240428162751949e-14,0
0.017487892881035805,-5.4446221836590425e-12,8.334540126350475,-9.521496952554059e-14,0
0.005336820147931576,-3.039983195729512e-12,8.344620126503287,-1.622384356834268e-14,0
0.016510164365172386,-4.7654827133036815e-12,8.354655126655416,-7.867890287603146e-14,0
0.013488470576703548,-4.6879843756952866e-12,8.364690126807545,-6.323373931561183e-14,0
0.008900299668312073,-3.2446849027034652e-12,8.374770126960357,-2.887866796330884e-14,0
0.017687557265162468,-5.433285765743534e-12,8.384805127112486,-9.610155311958087e-14,0
0.005503169260919094,-3.090757250828746e-12,8.394885127265297,-1.7008960295723562e-14,0
0.01626521907746792,-4.654594418229685e-12,8.404920127417427,-7.570799792926516e-14,0
0.014247524552047253,-4.8238990926763314e-12,8.415000127570238,-6.87286207595045e-14,0
0.008148722350597382,-3.1379187442892587e-12,8.425035127722367,-2.5570028605948352e-14,0
0.017821351066231728,-5.435553049326636e-12,8.435070127874496,-9.686889913117636e-14,0
0.005849896930158138,-3.1740426259529997e-12,8.445150128027308,-1.856782221375353e-14,0
0.016038795933127403,-4.562049956552405e-12,8.455185128179437,-7.316978828987676e-14,0
0.01505120936781168,-4.970602054954476e-12,8.465265128332248,-7.48135722131948e-14,0
0.007751780562102795,-3.0875245936312634e-12,8.475300128484378,-2.3933813129925158e-14,0
0.018198033794760704,-5.4413240406503416e-12,8.485335128636507,-9.902139877999878e-14,0
0.006639554165303707,-3.3265655854930465e-12,8.495415128789318,-2.2086912389316322e-14,0
0.016106722876429558,-4.5066055921749726e-12,8.505450128941447,-7.258664738653e-14,0
0.015736648812890053,-5.0785721114610105e-12,8.515530129094259,-7.991970578899944e-14,0
0.007278354838490486,-3.0277520941812686e-12,8.525565129246388,-2.2037054104433938e-14,0
0.018292013555765152,-5.4079011234386964e-12,8.5356451293992,-9.892140065817823e-14,0
0.007150627207010984,-3.44858386638891e-12,8.545680129551329,-2.4659537620659674e-14,0
0.01543981023132801,-4.383144888708834e-12,8.555715129703458,-6.767492529807973e-14,0
0.015794770792126656,-5.136772084080032e-12,8.56579512985627,-8.113413767943886e-14,0
0.006345910951495171,-2.9279937849291393e-12,8.575830130008399,-1.858078782569162e-14,0
0.017917226999998093,-5.337058486126756e-12,8.58591013016121,-9.562528840819925e-14,0
0.007628278341144323,-3.578277431304233e-12,8.59594513031334,-2.7296096227823626e-14,0
0.014986967667937279,-4.282768150537519e-12,8.605980130465468,-6.418570780137734e-14,0
0.016171561554074287,-5.221261357296614e-12,8.61606013061828,-8.443594942943165e-14,0
0.006028921343386173,-2.904084958621489e-12,8.626095130770409,-1.7508499790039847e-14,0
0.017935264855623245,-5.306955395967261e-12,8.63617513092322,-9.518165060365176e-14,0
0.0085298465564847,-3.7413119477469614e-12,8.64621013107535,-3.191281683422448e-14,0
0.014602051116526127,-4.182185413953432e-12,8.656245131227479,-6.1068485193338e-14,0
0.016698667779564857,-5.3091628315904416e-12,8.66632513138029,-8.865594631234263e-14,0
0.005833375733345747,-2.909443736279216e-12,8.67636013153242,-1.697187848874596e-14,0
0.018015433102846146,-5.283073457873488e-12,8.68644013168523,-9.51768564577419e-14,0
0.009589909575879574,-3.94185899199595e-12,8.69647513183736,-3.7802071294108967e-14,0
0.014047103933990002,-4.057270578533556e-12,8.706555131990172,-5.69929015049806e-14,0
0.017081473022699356,-5.374587060125169e-12,8.7165901321423,-9.180586387567711e-14,0
0.0057839746586978436,-2.9244898603481007e-12,8.72662513229443,-1.691517524187221e-14,0
0.01806754246354103,-5.242133116478698e-12,8.736705132447241,-9.471246268151355e-14,0
0.01065820548683405,-4.1285963363335565e-12,8.74674013259937,-4.4003428124833266e-14,0
0.013403752818703651,-3.931238581195151e-12,8.756820132752182,-5.269335021369105e-14,0
0.0174426082521677,-5.4328733352371206e-12,8.766855132904311,-9.476348127018886e-14,0
0.0057839746586978436,-2.953757897994347e-12,8.77689013305644,-1.7084460829927912e-14,0
0.018039483577013016,-5.178916323567151e-12,8.786970133209252,-9.342497596571424e-14,0
0.011586532928049564,-4.292867710614656e-12,8.797005133361381,-4.973945308479746e-14,0
0.012678229250013828,-3.807213225237582e-12,8.807085133514192,-4.82687220732466e-14,0
0.017741072922945023,-5.4800729926141045e-12,8.817120133666322,-9.722237458502839e-14,0
0.005891985259950161,-3.000648340911738e-12,8.827200133819133,-1.7679775794945865e-14,0
0.017901193350553513,-5.106668560239669e-12,8.837235133971262,-9.141546127404304e-14,0
0.0124510508030653,-4.440444106162955e-12,8.847270134123391,-5.528819515400684e-14,0
0.01196072343736887,-3.681783176945341e-12,8.857350134276203,-4.403679033580056e-14,0
0.01801895536482334,-5.516142664169221e-12,8.867385134428332,-9.939512845166291e-14,0
0.006068355403840542,-3.061055532313506e-12,8.877465134581144,-1.857557288097065e-14,0
0.017916034907102585,-5.046619372395256e-12,8.887500134733273,-9.041540883869354e-14,0
0.0135069964453578,-4.608219188184659e-12,8.897535134885402,-6.22432001942398e-14,0
0.011443638242781162,-3.5868578072972834e-12,8.907615135038213,-4.104670317500538e-14,0
0.01854589954018593,-5.575090736287258e-12,8.917650135190343,-1.0339507272260469e-13,0
0.006389028392732143,-3.138119538531603e-12,8.927730135343154,-2.0049534831465903e-14,0
0.017897509038448334,-4.957579052139449e-12,8.937765135495283,-8.872831589448791e-14,0
0.014331700280308723,-4.7378038992018645e-12,8.947845135648095,-6.790078547023912e-14,0
0.010680035687983036,-3.450390147208271e-12,8.957880135800224,-3.6850289909649375e-14,0
0.01883612759411335,-5.577770450376773e-12,8.967915135952353,-1.0506359589397199e-13,0
0.006743772886693478,-3.195717128423592e-12,8.977995136105164,-2.1551190524204957e-14,0
0.01772049069404602,-4.855553892985087e-12,8.988030136257294,-8.604279757508116e-14,0
0.01509530283510685,-4.882098631614484e-12,8.998110136410105,-7.36967573150814e-14,0
0.009847206063568592,-3.3309429433442395e-12,9.008145136562234,-3.280048154910041e-14,0
0.019025499001145363,-5.5687013160443666e-12,9.018180136714363,-1.0594732132607896e-13,0
0.006896092556416988,-3.2523111807847283e-12,9.028260136867175,-2.242823892496131e-14,0
0.017467308789491653,-4.741779451727934e-12,9.038295137019304,-8.282612589499826e-14,0
0.01568654365837574,-4.992075329501855e-12,9.048375137172116,-7.83084076021313e-14,0
0.009104132652282715,-3.2250014291024254e-12,9.058410137324245,-2.936084081434981e-14,0
0.019083132967352867,-5.542318774059973e-12,9.068445137476374,-1.057648061128426e-13,0
0.00725083751603961,-3.3382053631764164e-12,9.078525137629185,-2.420478468356419e-14,0
0.01713796891272068,-4.652121136233811e-12,9.088560137781315,-7.972790741098586e-14,0
0.016265759244561195,-5.105063073662652e-12,9.098640137934126,-8.303772688449628e-14,0
0.008505146019160748,-3.1547171559093146e-12,9.108675138086255,-2.6831330060160222e-14,0
0.01915983483195305,-5.524099840753527e-12,9.118755138239067,-1.0584084054405571e-13,0
0.007755897473543882,-3.469037774053718e-12,9.128790138391196,-2.6905501307411526e-14,0
0.01685803011059761,-4.562874383884363e-12,9.138825138543325,-7.692107375439712e-14,0
0.01673273928463459,-5.213233924411531e-12,9.148905138696136,-8.723168408699058e-14,0
0.007992611266672611,-3.104425787617271e-12,9.158940138848266,-2.4812468526658795e-14,0
0.019165847450494766,-5.504431979663771e-12,9.169020139001077,-1.0549710362386074e-13,0
0.008447511121630669,-3.6209425215150137e-12,9.179055139153206,-3.0587952221283475e-14,0
0.01641959697008133,-4.475895348798886e-12,9.189090139305335,-7.34923977075393e-14,0
0.01711554452776909,-5.30294167952472e-12,9.199170139458147,-9.076273444406794e-14,0
0.007405973970890045,-3.0444470729140694e-12,9.209205139610276,-2.2547095777753985e-14,0
0.019149813801050186,-5.454059513049225e-12,9.219285139763087,-1.0444422413473911e-13,0
0.009147359058260918,-3.7557396428966605e-12,9.229320139915217,-3.435509904292039e-14,0
0.01597514934837818,-4.367534545829388e-12,9.239400140068028,-6.977201665382554e-14,0
0.017542440444231033,-5.380005902583251e-12,9.249435140220157,-9.437843313567811e-14,0
0.007066342048346996,-3.0190953903552753e-12,9.259470140372287,-2.133396070483807e-14,0
0.019107725471258163,-5.412718016850615e-12,9.269550140525098,-1.0342472991931447e-13,0
0.009989234618842602,-3.928873719416526e-12,9.279585140677227,-3.9246441371056454e-14,0
0.015498149208724499,-4.247121751510541e-12,9.289665140830039,-6.58225266125297e-14,0
0.017916034907102585,-5.446889033561275e-12,9.299700140982168,-9.758665406039807e-14,0
0.006885204929858446,-3.010438686529282e-12,9.309735141134297,-2.0727487285527998e-14,0
0.019101712852716446,-5.375991752459841e-12,9.319815141287108,-1.0269065075405976e-13,0
0.010979311540722847,-4.1168479215925036e-12,9.329850141439238,-4.520015589694144e-14,0
0.014868827536702156,-4.131926571726563e-12,9.339930141592049,-6.143690358931926e-14,0
0.018377110362052917,-5.519440373497053e-12,9.349965141744178,-1.0143136488052592e-13,0
0.006998307071626186,-3.0664739410907194e-12,9.36004514189699,-2.1460126266892603e-14,0
0.01924200728535652,-5.349100069135249e-12,9.370080142049119,-1.0292742250040153e-13,0
0.012189636938273907,-4.3066769768451696e-12,9.380115142201248,-5.249682875816568e-14,0
0.014305644668638706,-4.009707930269224e-12,9.39019514235406,-5.736145687545427e-14,0
0.01871674321591854,-5.560044612218373e-12,9.400230142506189,-1.0406592727594267e-13,0
0.006998307071626186,-3.0941690182251236e-12,9.410310142659,-2.1653944921051537e-14,0
0.01912224292755127,-5.265510250040961e-12,9.42034514281113,-1.0068836613879449e-13,0
0.013008869253098965,-4.45549023023184e-12,9.430380142963259,-5.796088986354581e-14,0
0.013495945371687412,-3.869025325814457e-12,9.44046014311607,-5.2216154438867e-14,0
0.018901996314525604,-5.590755289275329e-12,9.4504951432682,-1.0567643587329679e-13,0
0.0069161346182227135,-3.1204589693439866e-12,9.46057514342101,-2.1581514302623515e-14,0
0.018879354000091553,-5.1721417947125925e-12,9.47061014357314,-9.764669588104789e-14,0
0.013792567886412144,-4.606353493086246e-12,9.480690143725951,-6.353344326220376e-14,0
0.0126802334561944,-3.738176868745002e-12,9.49072514387808,-4.7400955396232404e-14,0
0.01910371705889702,-5.611984835174333e-12,9.50076014403021,-1.0720977042999128e-13,0
0.007032378576695919,-3.167219524841114e-12,9.510840144183021,-2.2273086734185678e-14,0
0.018669400364160538,-5.081658618205642e-12,9.52087514433515,-9.487151925726795e-14,0
0.014427902176976204,-4.711513731242567e-12,9.530955144487962,-6.797725921984791e-14,0
0.011714152060449123,-3.5727120047124306e-12,9.54099014464009,-4.1851291691393437e-14,0
0.019311614334583282,-5.621877963157829e-12,9.55102514479222,-1.0856753906059659e-13,0
0.00715263094753027,-3.2133772639303393e-12,9.561105144945031,-2.2984101664078288e-14,0
0.018442979082465172,-4.979427026957639e-12,9.57114014509716,-9.183546850084148e-14,0
0.015125365927815437,-4.842161827750546e-12,9.581220145249972,-7.323946952642663e-14,0
0.010851692408323288,-3.4467778024099838e-12,9.591255145402101,-3.7403372511589647e-14,0
0.019437173381447792,-5.618580253829997e-12,9.60129014555423,-1.0920931855127259e-13,0
0.007236807607114315,-3.248698402305572e-12,9.611370145707042,-2.3510205311025085e-14,0
0.018078645691275597,-4.853080177308344e-12,9.621405145859171,-8.773711703691051e-14,0
0.015714602544903755,-4.9437099379490146e-12,9.631485146011983,-7.768843677215957e-14,0
0.00997070875018835,-3.310331392683552e-12,9.641520146164112,-3.300635018305308e-14,0
0.01943240687251091,-5.586915045180385e-12,9.651600146316923,-1.0856720632009792e-13,0
0.007375098764896393,-3.3035297587746815e-12,9.661635146469052,-2.4363858243737632e-14,0
0.017753424122929573,-4.734772036246726e-12,9.671670146621182,-8.4058416084875e-14,0
0.01624571904540062,-5.06051017062914e-12,9.681750146773993,-8.221162645843336e-14,0
0.009281152859330177,-3.228504920002595e-12,9.691785146926122,-2.996424766964363e-14,0
0.019498545676469803,-5.5612268262672515e-12,9.701865147078934,-1.084358352891812e-13,0
0.007788831368088722,-3.4107079140144325e-12,9.711900147231063,-2.6565428788064064e-14,0
0.0174323171377182,-4.650265849476254e-12,9.721935147383192,-8.106490906277059e-14,0
0.016826938837766647,-5.164266150131658e-12,9.732015147536003,-8.689879065021404e-14,0
0.008803610689938068,-3.1654349280652028e-12,9.742050147688133,-2.786725677101816e-14,0
0.019714999943971634,-5.5542029309130214e-12,9.752130147840944,-1.095011104717573e-13,0
0.00855043064802885,-3.565085943471602e-12,9.762165147993073,-3.0483020113916436e-14,0
0.01719771698117256,-4.56340607662975e-12,9.772245148145885,-7.848016617604151e-14,0
0.017472293227910995,-5.284277355965816e-12,9.782280148298014,-9.232844346104495e-14,0
0.008344593457877636,-3.1258613319290474e-12,9.792315148450143,-2.6084042020647802e-14,0
0.01972902938723564,-5.531525324592446e-12,9.802395148602955,-1.0913162568512253e-13,0
0.009305854327976704,-3.713280551098652e-12,9.812430148755084,-3.455524788743311e-14,0
0.016889069229364395,-4.484936727555677e-12,9.822510148907895,-7.574640688100683e-14,0
0.017920153215527534,-5.388559390362424e-12,9.832545149060024,-9.656380988626428e-14,0
0.007887633517384529,-3.0831960248778323e-12,9.842580149212154,-2.4319120306493134e-14,0
0.01971099153161049,-5.486169678270425e-12,9.852660149364965,-1.0813784406936659e-13,0
0.010003643110394478,-3.865185081719513e-12,9.862695149517094,-3.8665932113142926e-14,0
0.016377994790673256,-4.3761639277606346e-12,9.872775149669906,-7.167279001199589e-14,0
0.01827419362962246,-5.454515311642538e-12,9.882810149822035,-9.967686896069624e-14,0
0.0075294217094779015,-3.068079427667736e-12,9.892890149974846,-2.3100863849083986e-14,0
0.019586730748414993,-5.4510493341375366e-12,9.902925150126975,-1.0676823560407876e-13,0
0.010909328237175941,-4.045327441082325e-12,9.912960150279105,-4.41318048816221e-14,0
0.015844877809286118,-4.253342903576263e-12,9.923040150431916,-6.739369858816011e-14,0
0.018601475283503532,-5.517791518833137e-12,9.933075150584045,-1.0263906255710002e-13,0
0.007439232897013426,-3.071290400821769e-12,9.943155150736857,-2.2848044586074854e-14,0
0.019597727805376053,-5.399483377771519e-12,9.953190150888986,-1.0581760552721871e-13,0
0.011922048404812813,-4.223201649500297e-12,9.963225151041115,-5.034921448862785e-14,0
0.015149416401982307,-4.118480296383398e-12,9.973305151193927,-6.23925729532716e-14,0
0.018879354000091553,-5.5651976083037624e-12,9.983340151346056,-1.0506733572762958e-13,0
0.007387123536318541,-3.092162160003853e-12,9.993420151498867,-2.284218387027804e-14,0
0.01896580681204796,-5.569319744963552e-12,10.000080151599832,-1.0562664235750294e-13,0
0.00731296744197607,-3.0977811461829763e-12,10.010115151751961,-2.265397266440342e-14,0
0.01954626850783825,-5.3289928893252014e-12,10.02015015190409,-1.0416192589111115e-13,0
0.0129427844658494,-4.4090768362703425e-12,10.030230152056902,-5.70657311852162e-14,0
0.014269569888710976,-3.959736618458498e-12,10.040265152209031,-5.6503738417981606e-14,0
0.01914282701909542,-5.600030422020508e-12,10.05030015236116,-1.0720041367041051e-13,0
0.007254845928400755,-3.1180507394784618e-12,10.060380152513972,-2.262097771185228e-14,0
0.019319847226142883,-5.238097715992707e-12,10.0704151526661,-1.0119924762858707e-13,0
0.01375448890030384,-4.543738649220863e-12,10.080495152818912,-6.249680281658993e-14,0
0.01336290966719389,-3.800054021452226e-12,10.090530152971041,-5.077977861912297e-14,0
0.019348664209246635,-5.611572404667919e-12,10.10056515312317,-1.0857643014379425e-13,0
0.007286913227289915,-3.143538164149251e-12,10.110645153275982,-2.2906689828829834e-14,0
0.01911401003599167,-5.1350416974127455e-12,10.120680153428111,-9.815123853958291e-14,0
0.014449947513639927,-4.65973613861248e-12,10.130760153580923,-6.733294263036152e-14,0
0.012514859437942505,-3.655981333644531e-12,10.140795153733052,-4.575409249830289e-14,0
0.019603902474045753,-5.630122670158277e-12,10.150830153885181,-1.1037237574269694e-13,0
0.007551468443125486,-3.1947135908927393e-12,10.160910154037992,-2.4124778866450626e-14,0
0.019044024869799614,-5.040642382658778e-12,10.170945154190122,-9.599411889511974e-14,0
0.01523960568010807,-4.775934422246442e-12,10.181025154342933,-7.278335734909053e-14,0
0.011751202866435051,-3.515000790432765e-12,10.191060154495062,-4.130548736405498e-14,0
0.019875336438417435,-5.633073434790914e-12,10.201140154647874,-1.1195922969878111e-13,0
0.007723830174654722,-3.241273135307088e-12,10.211175154800003,-2.5035043246782603e-14,0
0.01883612759411335,-4.934700651576529e-12,10.221210154952132,-9.295065111184979e-14,0
0.01599919982254505,-4.91621543821652e-12,10.231290155104944,-7.865551316670699e-14,0
0.011004013009369373,-3.407204423114263e-12,10.241325155257073,-3.749292179753022e-14,0
0.01995951309800148,-5.623038926844126e-12,10.251405155409884,-1.1223311911091752e-13,0
0.007856758311390877,-3.2948730549486882e-12,10.261440155562013,-2.5887021259445955e-14,0
0.018449153751134872,-4.8215455066003e-12,10.271475155714143,-8.895343436936241e-14,0
0.01652430184185505,-5.0259922092232845e-12,10.281555155866954,-8.305101232001745e-14,0
0.010143612511456013,-3.295697482280646e-12,10.291590156019083,-3.3430278215236043e-14,0
0.020033668726682663,-5.60076247532737e-12,10.301670156171895,-1.1220382004754371e-13,0
0.008116113021969795,-3.3740204640614335e-12,10.311705156324024,-2.7383931424761572e-14,0
0.0181136392056942,-4.707901603284714e-12,10.321785156476835,-8.527723105780858e-14,0
0.01707546040415764,-5.1323567791528024e-12,10.331820156628964,-8.763735496243371e-14,0
0.009524041786789894,-3.215726079516812e-12,10.341855156781094,-3.062670955618816e-14,0
0.020077761262655258,-5.578686818052958e-12,10.351935156933905,-1.120075420919892e-13,0
0.008595715276896954,-3.500573095283066e-12,10.361970157086034,-3.0089929633019106e-14,0
0.017788957804441452,-4.615785618306001e-12,10.372050157238846,-8.211001559839315e-14,0
0.01758669503033161,-5.2430442799844545e-12,10.382085157390975,-9.220782078261119e-14,0
0.008997097611427307,-3.151831443407027e-12,10.392120157543104,-2.8357335151098846e-14,0
0.020099807530641556,-5.5453727547394305e-12,10.402200157695916,-1.1146092505592611e-13,0
0.009239986538887024,-3.638049930754228e-12,10.412235157848045,-3.3615532387967936e-14,0
0.017430204898118973,-4.520458660173254e-12,10.422315158000856,-7.879252068029619e-14,0
0.018068356439471245,-5.329405319831615e-12,10.432350158152985,-9.629359492913187e-14,0
0.00843532383441925,-3.0961756596059598e-12,10.442430158305797,-2.6117244337022896e-14,0
0.02012786641716957,-5.511657102941214e-12,10.452465158457926,-1.109378979052446e-13,0
0.009948067367076874,-3.787687177791987e-12,10.462500158610055,-3.768016721008797e-14,0
0.017039384692907333,-4.443796025599411e-12,10.472580158762867,-7.571954997700105e-14,0
0.018515022471547127,-5.4369954718969105e-12,10.482615158914996,-1.0066609333987127e-13,0
0.008078575134277344,-3.0785150904183434e-12,10.492695159067807,-2.4870015459951197e-14,0
0.02010614611208439,-5.475332860715998e-12,10.502730159219936,-1.1008784250985286e-13,0
0.010822875425219536,-3.953400974643362e-12,10.512765159372066,-4.27871662545066e-14,0
0.016578415408730507,-4.325992255388433e-12,10.522845159524877,-7.171809666478044e-14,0
0.018813487142324448,-5.494707119857445e-12,10.532880159677006,-1.0337460175027664e-13,0
0.00790821760892868,-3.0736988475277283e-12,10.542960159829818,-2.4307479350562572e-14,0
0.02010614611208439,-5.440499613318384e-12,10.552995159981947,-1.0938748014811804e-13,0
0.011784136295318604,-4.135810617589275e-12,10.563030160134076,-4.8736956009297825e-14,0
0.015947090461850166,-4.1993578753229954e-12,10.573110160286888,-6.696753991945872e-14,0
0.019196344539523125,-5.553861190388254e-12,10.583145160439017,-1.0661383293537896e-13,0
0.007789969444274902,-3.087746855076623e-12,10.593225160591828,-2.4053453652702818e-14,0
0.020069096237421036,-5.392887959115855e-12,10.603260160743957,-1.0823038744912522e-13,0
0.012992890551686287,-4.337832610473713e-12,10.613340160896769,-5.636098433942057e-14,0
0.015254556201398373,-4.062640848734311e-12,10.623375161048898,-6.197378315311434e-14,0
0.01954626850783825,-5.6066258406761715e-12,10.633410161201027,-1.095886141048408e-13,0
0.007854104042053223,-3.123870736740364e-12,10.643490161353839,-2.453520578028427e-14,0
0.020005283877253532,-5.316214048839418e-12,10.653525161505968,-1.0635237119927594e-13,0
0.013808601535856724,-4.484735933313333e-12,10.66360516165878,-6.192793149666233e-14,0
0.014490899629890919,-3.927430863165382e-12,10.673640161810908,-5.69120064414654e-14,0
0.019776806235313416,-5.63671852249481e-12,10.683675161963038,-1.1147629002238199e-13,0
0.007882162928581238,-3.1680220512891877e-12,10.693755162115849,-2.4970865969599524e-14,0
0.019813857972621918,-5.241807422146083e-12,10.703790162267978,-1.0386042778223791e-13,0
0.014564188197255135,-4.630435791741494e-12,10.71387016242079,-6.74385383062292e-14,0
0.013649024069309235,-3.797374307362711e-12,10.723905162572919,-5.1830453321370124e-14,0
0.01998356357216835,-5.664180062481261e-12,10.73398516272573,-1.1319050236280278e-13,0
0.00786011666059494,-3.203342972823986e-12,10.74402016287786,-2.5178649470293537e-14,0
0.019593609496951103,-5.144110398064283e-12,10.754055163029989,-1.0079169034887726e-13,0
0.01528770662844181,-4.737001155913356e-12,10.7641351631828,-7.241788397019313e-14,0
0.012778331525623798,-3.6384619275797725e-12,10.77417016333493,-4.649347275397454e-14,0
0.020179975777864456,-5.6657855490582776e-12,10.78425016348774,-1.143354151425705e-13,0
0.007998786866664886,-3.246024759748223e-12,10.79428516363987,-2.5964260217143128e-14,0
0.019371304661035538,-5.038993527994862e-12,10.804320163792,-9.761187881577477e-14,0
0.015890972688794136,-4.8638358965402695e-12,10.81440016394481,-7.729108339469796e-14,0
0.011858237907290459,-3.514176363100807e-12,10.82443516409694,-4.167193936182611e-14,0
0.020282190293073654,-5.666788652908261e-12,10.834515164249751,-1.1493488580891586e-13,0
0.008126405999064445,-3.3024995498703857e-12,10.84455016440188,-2.6837452153974334e-14,0
0.019047599285840988,-4.921835074916947e-12,10.854630164554692,-9.374914225801517e-14,0
0.01657440885901451,-4.996490634429085e-12,10.864665164706821,-8.281387863526446e-14,0
0.01101636327803135,-3.392158299045378e-12,10.87470016485895,-3.7369248118872786e-14,0
0.02035033330321312,-5.6549482978229815e-12,10.884780165011762,-1.1508008267313536e-13,0
0.008278725668787956,-3.3552639833178688e-12,10.894815165163891,-2.7777310064253365e-14,0
0.018710892647504807,-4.8068406893753135e-12,10.904895165316702,-8.994028011255949e-14,0
0.017172962427139282,-5.115255007764885e-12,10.914930165468832,-8.784408205358243e-14,0
0.0103144571185112,-3.300232266287284e-12,10.92496516562096,-3.404010419174723e-14,0
0.020416472107172012,-5.619025210401585e-12,10.935045165773772,-1.147206714776603e-13,0
0.00867393333464861,-3.4484266570738997e-12,10.945080165925901,-2.991142293288417e-14,0
0.018456358462572098,-4.708904707134698e-12,10.955160166078713,-8.690923324097107e-14,0
0.017745191231369972,-5.221196305166265e-12,10.965195166230842,-9.26511268916977e-14,0
0.009783397428691387,-3.2295357794281943e-12,10.975230166382971,-3.159583204032463e-14,0
0.020548749715089798,-5.601565218615878e-12,10.985310166535783,-1.1510516169008995e-13,0
0.00931820459663868,-3.580338499634128e-12,10.995345166687912,-3.3362326664813166e-14,0
0.018079567700624466,-4.618595002975345e-12,11.005425166840723,-8.350220103805861e-14,0
0.018237141892313957,-5.3205421839119804e-12,11.015460166992852,-9.703148275204477e-14,0
0.009220972657203674,-3.16922616622195e-12,11.025540167145664,-2.922334782322703e-14,0
0.020589862018823624,-5.574678739461714e-12,11.035575167297793,-1.147818660447863e-13,0
0.009989234618842602,-3.7295630993250395e-12,11.045610167449922,-3.7255480824935593e-14,0
0.017686743289232254,-4.534105729758764e-12,11.055690167602734,-8.019356408848033e-14,0
0.018599415197968483,-5.413499076095674e-12,11.065725167754863,-1.0068791699012221e-13,0
0.008695870637893677,-3.131296003738848e-12,11.075805167907674,-2.722934497746646e-14,0
0.020513704046607018,-5.5332500734084356e-12,11.085840168059804,-1.135074544217672e-13,0
0.01073848269879818,-3.881880060452314e-12,11.095875168211933,-4.1685501867976806e-14,0
0.017295923084020615,-4.4325576195602956e-12,11.105955168364744,-7.666517565340438e-14,0
0.019072841852903366,-5.4876992706953676e-12,11.115990168516873,-1.0466602032626588e-13,0
0.008405260741710663,-3.1029991943987145e-12,11.126070168669685,-2.608151731023933e-14,0
0.020493119955062866,-5.493882692525487e-12,11.136105168821814,-1.1258679703696856e-13,0
0.011720218695700169,-4.068508984572672e-12,11.146185168974625,-4.768381506461274e-14,0
0.016752783209085464,-4.307930314556563e-12,11.156220169126755,-7.216982263961345e-14,0
0.019365129992365837,-5.548708194302865e-12,11.166255169278884,-1.074514554723805e-13,0
0.008230894804000854,-3.109420923866346e-12,11.176335169431695,-2.5593316525703045e-14,0
0.020474594086408615,-5.451835597553023e-12,11.186370169583824,-1.116241208857311e-13,0
0.012678229250013828,-4.255951927684132e-12,11.196450169736636,-5.3957934216217697e-14,0
0.016094373539090157,-4.173116713301894e-12,11.206485169888765,-6.716369920610089e-14,0
0.01968212053179741,-5.601885275097196e-12,11.216520170040894,-1.102569811897641e-13,0
0.00817878544330597,-3.137718166887349e-12,11.226600170193706,-2.566272366853494e-14,0
0.020371675491333008,-5.38711653411128e-12,11.236635170345835,-1.0974458986690959e-13,0
0.013580122962594032,-4.4090768362703425e-12,11.246715170498646,-5.987580558807633e-14,0
0.015190746635198593,-4.01873846700429e-12,11.256750170650776,-6.104763784538857e-14,0
0.019953500479459763,-5.633675383837078e-12,11.266830170803587,-1.124115444725138e-13,0
0.008126676082611084,-3.1459461771743413e-12,11.276865170955716,-2.556608555522449e-14,0
0.020202888175845146,-5.3019923521024914e-12,11.286900171107845,-1.0711555859871282e-13,0
0.014373788610100746,-4.557786439929323e-12,11.296980171260657,-6.551265881752774e-14,0
0.014381805434823036,-3.875903070715836e-12,11.307015171412786,-5.5742483847268304e-14,0
0.020081769675016403,-5.652540067957457e-12,11.317095171565597,-1.1351300772352321e-13,0
0.008087296038866043,-3.179450409548923e-12,11.327130171717727,-2.5713156702916022e-14,0
0.019953826442360878,-5.195844622607471e-12,11.337165171869856,-1.0367698182098352e-13,0
0.01507525984197855,-4.6719780821824486e-12,11.347245172022667,-7.043128356492903e-14,0
0.013558455742895603,-3.733273672840154e-12,11.357280172174796,-5.0617425869320546e-14,0
0.020344320684671402,-5.669799265500819e-12,11.367360172327608,-1.1534821447506303e-13,0
0.008171689696609974,-3.218818007272306e-12,11.377395172479737,-2.630318194528975e-14,0
0.01975107565522194,-5.0988419215969305e-12,11.387475172632548,-1.0070761254747819e-13,0
0.015888968482613564,-4.795200694851509e-12,11.397510172784678,-7.619079270830229e-14,0
0.012743339873850346,-3.598682333030845e-12,11.407545172936807,-4.5859232067832754e-14,0
0.02064695581793785,-5.6872592572865255e-12,11.417625173089618,-1.1742459061035293e-13,0
0.00846603699028492,-3.2847737117119857e-12,11.427660173241748,-2.7809015748069164e-14,0
0.019572701305150986,-5.0007051451139706e-12,11.437740173394559,-9.787730812044746e-14,0
0.016639843583106995,-4.943357355402522e-12,11.447775173546688,-8.225669316929942e-14,0
0.011930281296372414,-3.4768700505477534e-12,11.457810173698817,-4.148003773396727e-14,0
0.02073514088988304,-5.676823160855049e-12,11.467890173851629,-1.1770972804728062e-13,0
0.00854631420224905,-3.3286756597611378e-12,11.477925174003758,-2.844790806569734e-14,0
0.01926405355334282,-4.88149668256832e-12,11.48800517415657,-9.403741351346144e-14,0
0.017179137095808983,-5.047856230233627e-12,11.498040174308699,-8.6717814219117e-14,0
0.011010187678039074,-3.3486683478217705e-12,11.508075174460828,-3.686946698102672e-14,0
0.02072511985898018,-5.643308303299177e-12,11.51815517461364,-1.1695824098705351e-13,0
0.008725391700863838,-3.3828829494597645e-12,11.528190174765768,-2.951697881221001e-14,0
0.01888926699757576,-4.7624881469032765e-12,11.53827017491858,-8.99599101796458e-14,0
0.01772666536271572,-5.157095670643708e-12,11.548305175070709,-9.141810919701102e-14,0
0.010321282781660557,-3.257729589561942e-12,11.55838517522352,-3.362394832005178e-14,0
0.020762765780091286,-5.6074502680081295e-12,11.56842017537565,-1.164261765381629e-13,0
0.009235869161784649,-3.4966569570360484e-12,11.578455175527779,-3.229466615882899e-14,0
0.01856057718396187,-4.668365954224596e-12,11.58853517568059,-8.664756661636541e-14,0
0.018253609538078308,-5.251082554891262e-12,11.59857017583272,-9.585121060919975e-14,0
0.009822234511375427,-3.191301823496362e-12,11.608650175985531,-3.13457149069613e-14,0
0.02084921859204769,-5.585396294777167e-12,11.61868517613766,-1.164511482730224e-13,0
0.009806038811802864,-3.632690719415632e-12,11.62872017628979,-3.562230618586576e-14,0
0.018197815865278244,-4.574444122107391e-12,11.6388001764426,-8.324489182011468e-14,0
0.01869204267859459,-5.351665291475349e-12,11.64883517659473,-1.0003355602981058e-13,0
0.00925704836845398,-3.138119538531603e-12,11.658915176747541,-2.904972435417753e-14,0
0.020793642848730087,-5.553655191975482e-12,11.66895017689967,-1.154807225669337e-13,0
0.0105878422036767,-3.788148180555728e-12,11.679030177052482,-4.0108315179869045e-14,0
0.017798978835344315,-4.489753187286727e-12,11.689065177204611,-7.991302195643613e-14,0
0.019085191190242767,-5.442766896901485e-12,11.69910017735674,-1.0387624683128919e-13,0
0.008856207132339478,-3.1038019376872228e-12,11.709180177509552,-2.7487912857914673e-14,0
0.020810110494494438,-5.509959242339102e-12,11.719215177661681,-1.1466286065323757e-13,0
0.011405558325350285,-3.9599369790199734e-12,11.729295177814492,-4.5165292178923713e-14,0
0.017358217388391495,-4.372632898125284e-12,11.739330177966622,-7.5901112405291e-14,0
0.019463932141661644,-5.5138753805861196e-12,11.749365178118751,-1.07321696245307e-13,0
0.008641757071018219,-3.1025978227544604e-12,11.759445178271562,-2.681189667331409e-14,0
0.020793642848730087,-5.472653146626483e-12,11.769480178423692,-1.1379639496592997e-13,0
0.012371585704386234,-4.138950467080793e-12,11.779560178576503,-5.1205380429699467e-14,0
0.016798337921500206,-4.256179610140354e-12,11.789595178728632,-7.149674334573667e-14,0
0.01988736167550087,-5.587316633665074e-12,11.799675178881444,-1.1111698668923932e-13,0
0.008537538349628448,-3.119455431813134e-12,11.809710179033573,-2.6632470379061403e-14,0
0.020795701071619987,-5.443385325820671e-12,11.819745179185702,-1.1319901405340944e-13,0
0.01342980656772852,-4.331009075680958e-12,11.829825179338513,-5.816461412947196e-14,0
0.016075847670435905,-4.112725784932714e-12,11.839860179490643,-6.611555322885225e-14,0
0.02015792950987816,-5.627253437529012e-12,11.849940179643454,-1.1343377812792937e-13,0
0.008521613664925098,-3.148739515651533e-12,11.859975179795583,-2.683234168386574e-14,0
0.020653674378991127,-5.364032135135588e-12,11.870010179947712,-1.1078697307753496e-13,0
0.014277586713433266,-4.477912832201447e-12,11.880090180100524,-6.393378875695171e-14,0
0.015250439755618572,-3.970302385469804e-12,11.890125180252653,-6.054885734119595e-14,0
0.020356345921754837,-5.647723608226407e-12,11.900205180405464,-1.1496701543951813e-13,0
0.008437220007181168,-3.1674959963950977e-12,11.910240180557594,-2.6724860593450966e-14,0
0.020474594086408615,-5.267218952664798e-12,11.920320180710405,-1.0784417002005006e-13,0
0.015065240673720837,-4.6206020780370505e-12,11.930355180862534,-6.961048236312279e-14,0
0.014457965269684792,-3.842100682743821e-12,11.940390181014664,-5.554895823374239e-14,0
0.020584825426340103,-5.684449438936312e-12,11.950470181167475,-1.1701339934536093e-13,0
0.008505146019160748,-3.2066571620248396e-12,11.960505181319604,-2.7273087396408865e-14,0
0.02026214823126793,-5.178715529324807e-12,11.970585181472416,-1.0493190170274839e-13,0
0.015814434736967087,-4.747962873558054e-12,11.980620181624545,-7.508634899742655e-14,0
0.013552281074225903,-3.686280013875942e-12,11.990655181776674,-4.995750286634813e-14,0
0.020737145096063614,-5.6860549255133286e-12,12.000735181929485,-1.1791254601455708e-13,0
0.00861835666000843,-3.2522079647379076e-12,12.010770182081615,-2.802868817263141e-14,0
0.02001563087105751,-5.066129373648698e-12,12.020850182234426,-1.0140177548797413e-13,0
0.01642782986164093,-4.855965889810632e-12,12.030885182386555,-7.977298145174087e-14,0
0.012628071010112762,-3.5382914046616643e-12,12.040920182538684,-4.468179511253913e-14,0
0.020935561507940292,-5.681438826343754e-12,12.051000182691496,-1.1894411200251977e-13,0
0.008706866763532162,-3.2923997729528143e-12,12.061035182843625,-2.8666486155383694e-14,0
0.019714999943971634,-4.9493291409685725e-12,12.071115182996436,-9.757602373689258e-14,0
0.01714826188981533,-4.9806634511151415e-12,12.081150183148566,-8.540972124475388e-14,0
0.011742264963686466,-3.4078441023960293e-12,12.091230183301377,-4.001580840527045e-14,0
0.021019738167524338,-5.6593631690693424e-12,12.101265183453506,-1.1895833200876835e-13,0
0.008861244656145573,-3.3404236408213217e-12,12.111300183605636,-2.9600311136490275e-14,0
0.019412364810705185,-4.838147677627136e-12,12.121380183758447,-9.391988772616403e-14,0
0.017739014700055122,-5.090933317269952e-12,12.131415183910576,-9.030814095205207e-14,0
0.01103478018194437,-3.3064970032803398e-12,12.141495184063388,-3.648646760345634e-14,0
0.021063290536403656,-5.634657237324481e-12,12.151530184215517,-1.186844224628151e-13,0
0.00919264368712902,-3.4294643947579972e-12,12.161565184367646,-3.152584421870585e-14,0
0.01914380118250847,-4.73760310495952e-12,12.171645184520457,-9.069573192297986e-14,0
0.01826184242963791,-5.2067686100165655e-12,12.181680184672587,-9.508518792370732e-14,0
0.010477610863745213,-3.2422766728379404e-12,12.191760184825398,-3.3971313290594487e-14,0
0.021186791360378265,-5.6074502680081295e-12,12.201795184977527,-1.1880387889198543e-13,0
0.009818226099014282,-3.570401569882864e-12,12.211875185130339,-3.50550098773855e-14,0
0.018775027245283127,-4.645487119980807e-12,12.221910185282468,-8.721914724525149e-14,0
0.018733210861682892,-5.302610781021677e-12,12.231945185434597,-9.933492587831208e-14,0
0.009912424720823765,-3.1846790829459515e-12,12.242025185587408,-3.1567891669683806e-14,0
0.021192966029047966,-5.589518865117826e-12,12.252060185739538,-1.1845848342716483e-13,0
0.010545753873884678,-3.720315288474607e-12,12.262140185892349,-3.923352936550348e-14,0
0.018368877470493317,-4.5428816958237306e-12,12.272175186044478,-8.3447637233533e-14,0
0.019194286316633224,-5.400926234022663e-12,12.282210186196608,-1.0366692451084661e-13,0
0.009443439543247223,-3.1365140519545864e-12,12.292290186349419,-2.9619480826178516e-14,0
0.02113121561706066,-5.5518003388987935e-12,12.302325186501548,-1.1731629002414086e-13,0
0.011295326985418797,-3.878658245276556e-12,12.31240518665436,-4.38107131450894e-14,0
0.01800454594194889,-4.457963512227714e-12,12.322440186806489,-8.026360886343571e-14,0
0.019634831696748734,-5.4915880870476386e-12,12.3325201869593,-1.0782640783705072e-13,0
0.009094707667827606,-3.120659763586331e-12,12.34255518711143,-2.838148828056969e-14,0
0.021157974377274513,-5.5103716728455154e-12,12.352590187263559,-1.165883026633247e-13,0
0.012115047313272953,-4.0436239426289156e-12,12.36267018741637,-4.898869538203263e-14,0
0.017483776435256004,-4.3386245117404965e-12,12.3727051875685,-7.585554099979258e-14,0
0.019985567778348923,-5.557012315582366e-12,12.38278518772131,-1.1106004627819107e-13,0
0.008912704885005951,-3.116792414437075e-12,12.39282018787344,-2.7779050977702812e-14,0
0.02108798921108246,-5.4765692848735e-12,12.402855188025569,-1.1548983399315795e-13,0
0.013089092448353767,-4.22946096548249e-12,12.41293518817838,-5.5359805583903893e-14,0
0.016788046807050705,-4.211659666852885e-12,12.42297018833051,-7.070553962249381e-14,0
0.020274173468351364,-5.6093918572586166e-12,12.433050188483321,-1.1372578356601883e-13,0
0.00881184358149767,-3.142762525915055e-12,12.44308518863545,-2.769353179215598e-14,0
0.021024180576205254,-5.417827211168236e-12,12.45312018878758,-1.139053776182795e-13,0
0.013986976817250252,-4.398641173519735e-12,12.463200188940391,-6.152369212142298e-14,0
0.0159770455211401,-4.066350554887688e-12,12.47323518909252,-6.496826792035389e-14,0
0.020442526787519455,-5.639494947418111e-12,12.483315189245332,-1.1528552653067536e-13,0
0.008717158809304237,-3.160694362486227e-12,12.49335018939746,-2.7552274705465055e-14,0
0.020857397466897964,-5.334047873534198e-12,12.503430189550272,-1.1125435660576465e-13,0
0.0149313909932971,-4.5521568285689096e-12,12.513465189702401,-6.797003347016971e-14,0
0.01515987142920494,-3.9210414429224905e-12,12.52350018985453,-5.944248414328918e-14,0
0.020729128271341324,-5.666186703862097e-12,12.533580190007342,-1.174551109937261e-13,0
0.008704808540642262,-3.189343754372853e-12,12.543615190159471,-2.7762626752108867e-14,0
0.02063693478703499,-5.231095071001057e-12,12.553695190312283,-1.0795376784502898e-13,0
0.015680640935897827,-4.689839662452844e-12,12.563730190464412,-7.353969179385531e-14,0
0.014435323886573315,-3.792221311277322e-12,12.573765190616541,-5.47419428778539e-14,0
0.02098967507481575,-5.700103149902658e-12,12.583845190769352,-1.1964331300939056e-13,0
0.00883242767304182,-3.2423146199139774e-12,12.593880190921482,-2.8637509373636286e-14,0
0.020480606704950333,-5.1508198747884926e-12,12.603960191074293,-1.0549191606358463e-13,0
0.016378428786993027,-4.802995241109942e-12,12.613995191226422,-7.866551552078559e-14,0
0.0134458402171731,-3.633015980067378e-12,12.624075191379234,-4.884895237442249e-14,0
0.021121952682733536,-5.704518454829888e-12,12.634110191531363,-1.204905688806971e-13,0
0.008982689119875431,-3.285804137456716e-12,12.644145191683492,-2.951535707557412e-14,0
0.02023008093237877,-5.040842743220253e-12,12.654225191836304,-1.0197665666273993e-13,0
0.016973299905657768,-4.929548089172009e-12,12.664260191988433,-8.367069811687869e-14,0
0.012525909580290318,-3.5043751754615382e-12,12.674340192141244,-4.3895486583245244e-14,0
0.021195026114583015,-5.693398877348876e-12,12.684375192293373,-1.2067173788614706e-13,0
0.00904032401740551,-3.3313551570102184e-12,12.694410192445503,-3.011653003642718e-14,0
0.019861306995153427,-4.930263662605849e-12,12.704490192598314,-9.792148017006431e-14,0
0.017638156190514565,-5.056306935646848e-12,12.714525192750443,-8.918393147812118e-14,0
0.011726231314241886,-3.3988133488205285e-12,12.724605192903255,-3.985527152220261e-14,0
0.02127736061811447,-5.685773032948482e-12,12.734640193055384,-1.2097824321479531e-13,0
0.009220972657203674,-3.4150690088330382e-12,12.744720193208195,-3.14902579529131e-14,0
0.019542638212442398,-4.8321273198037584e-12,12.754755193360324,-9.44325160073838e-14,0
0.018165098503232002,-5.17605793295961e-12,12.764790193512454,-9.402360221064675e-14,0
0.011008725501596928,-3.316330500144349e-12,12.774870193665265,-3.6508572148662786e-14,0
0.021339111030101776,-5.661039345628005e-12,12.784905193817394,-1.208015471421307e-13,0
0.009718015789985657,-3.5264506158955156e-12,12.794985193970206,-3.4270102767877264e-14,0
0.019167527556419373,-4.724672476169589e-12,12.805020194122335,-9.056028988203675e-14,0
0.01868792437016964,-5.278289524207613e-12,12.815055194274464,-9.864027543225057e-14,0
0.010425501503050327,-3.24689255516708e-12,12.825135194427276,-3.385048321413731e-14,0
0.02139262855052948,-5.630947097490235e-12,12.835170194579405,-1.2046075964429072e-13,0
0.010283201932907104,-3.6635208755519955e-12,12.845250194732216,-3.767272494872181e-14,0
0.018813487142324448,-4.6255325958366456e-12,12.855285194884345,-8.702239801817536e-14,0
0.019181881099939346,-5.368767062863267e-12,12.865365195037157,-1.0298305145311377e-13,0
0.009942486882209778,-3.1870873128114763e-12,12.875400195189286,-3.1687573800085314e-14,0
0.021421445533633232,-5.594877425935119e-12,12.885435195341415,-1.1985036204702324e-13,0
0.011022754944860935,-3.805808966583779e-12,12.895515195494227,-4.1950499605607437e-14,0
0.018488263711333275,-4.545560976232377e-12,12.905550195646356,-8.40395300445297e-14,0
0.01960877701640129,-5.479145782916195e-12,12.915630195799167,-1.0743934789755914e-13,0
0.009491107426583767,-3.153274299658171e-12,12.925665195951296,-2.992806512354139e-14,0
0.02137822099030018,-5.574060310542528e-12,12.935700196103426,-1.191634931320394e-13,0
0.01187253836542368,-3.971777767786122e-12,12.945780196256237,-4.7155083926977556e-14,0
0.018082763999700546,-4.447657953737805e-12,12.955815196408366,-8.042594912883177e-14,0
0.020057719200849533,-5.560022928174924e-12,12.965895196561178,-1.1152137864361781e-13,0
0.009242044761776924,-3.147502874653596e-12,12.975930196713307,-2.908936245537008e-14,0
0.021355578675866127,-5.5324256460764776e-12,12.985965196865436,-1.181481511531657e-13,0
0.012720317579805851,-4.156611686789713e-12,12.996045197018248,-5.287342071189764e-14,0
0.017467308789491653,-4.329761809501731e-12,13.006080197170377,-7.562928651151487e-14,0
0.02030223235487938,-5.626049105755815e-12,13.016160197323188,-1.142213561850159e-13,0
0.009093841537833214,-3.166877567475912e-12,13.026195197475317,-2.8799082768344655e-14,0
0.021362457424402237,-5.503428875813787e-12,13.036275197628129,-1.175667650477979e-13,0
0.013744466938078403,-4.347465963616681e-12,13.046310197780258,-5.975360220135064e-14,0
0.016790103167295456,-4.210010812188969e-12,13.056345197932387,-7.068651587208212e-14,0
0.02067701891064644,-5.67602085124741e-12,13.066425198085199,-1.1736319047846619e-13,0
0.009023856371641159,-3.2045960936949447e-12,13.076460198237328,-2.8917814878625495e-14,0
0.02126024290919304,-5.4357967779750105e-12,13.08654019839014,-1.1556635990475758e-13,0
0.014752312563359737,-4.523507003001415e-12,13.096575198542268,-6.673218919082352e-14,0
0.0159770455211401,-4.06552612755573e-12,13.106610198694398,-6.495509600734232e-14,0
0.020847376435995102,-5.704518454829888e-12,13.116690198847209,-1.189242436139198e-13,0
0.00902591459453106,-3.228092706336616e-12,13.126725198999338,-2.913648907062293e-14,0
0.021073851734399796,-5.346289817104166e-12,13.13680519915215,-1.126669189347846e-13,0
0.015522145666182041,-4.661395835298121e-12,13.146840199304279,-7.235486516323175e-14,0
0.01506323553621769,-3.919197431867527e-12,13.15692019945709,-5.903579402916004e-14,0
0.021071847528219223,-5.730607394865972e-12,13.16695519960922,-1.2075448526870133e-13,0
0.008995039388537407,-3.2536508209890513e-12,13.176990199761349,-2.926671729134359e-14,0
0.02076520398259163,-5.249959755121436e-12,13.18707019991416,-1.0901648521549342e-13,0
0.01615406572818756,-4.7840329787940394e-12,13.19710520006629,-7.728158318525584e-14,0
0.014167356304824352,-3.765670934796628e-12,13.2071852002191,-5.3349601859984816e-14,0
0.02125883474946022,-5.750698528483866e-12,13.21722020037123,-1.2225314971100257e-13,0
0.009065024554729462,-3.298376979529727e-12,13.22725520052336,-2.989986831019137e-14,0
0.02054273709654808,-5.145401466011279e-12,13.23733520067617,-1.0570062957246278e-13,0
0.016796279698610306,-4.885027712203671e-12,13.2473702008283,-8.205029178963527e-14,0
0.01320733968168497,-3.6197707158069914e-12,13.257450200981111,-4.780754141347889e-14,0
0.021355578675866127,-5.745957962904891e-12,13.26748520113324,-1.2270825734503485e-13,0
0.009198926389217377,-3.350046151942565e-12,13.277565201286052,-3.081682795220059e-14,0
0.02022406831383705,-5.044454871178106e-12,13.287600201438181,-1.0201939992077409e-13,0
0.017475541681051254,-5.023534973419563e-12,13.29763520159031,-8.778899481421228e-14,0
0.01238361094146967,-3.4993579214881443e-12,13.307715201743122,-4.3334687044659144e-14,0
0.02140703797340393,-5.729674547316765e-12,13.317750201895251,-1.2265536060965597e-13,0
0.00927308201789856,-3.4012215786860533e-12,13.327830202048062,-3.153980666020219e-14,0
0.019863257184624672,-4.914501531422255e-12,13.337865202200192,-9.761800785287206e-14,0
0.01800454594194889,-5.1391638340725354e-12,13.34790020235232,-9.252831135376117e-14,0
0.011535831727087498,-3.3919900308682083e-12,13.357980202505132,-3.912942621605398e-14,0
0.021470846608281136,-5.70844543509863e-12,13.368015202657261,-1.2256515630874536e-13,0
0.009579725563526154,-3.4851091196969053e-12,13.378095202810073,-3.338638892563857e-14,0
0.019505100324749947,-4.81206394176148e-12,13.388130202962202,-9.385978995316935e-14,0
0.018504731357097626,-5.242425851065269e-12,13.398165203114331,-9.700968203346669e-14,0
0.010876447893679142,-3.3093063879496842e-12,13.408245203267143,-3.599349849275427e-14,0
0.021485256031155586,-5.675261042364932e-12,13.418280203419272,-1.219344365388535e-13,0
0.010032677091658115,-3.5938821363323825e-12,13.428360203572083,-3.605625897930122e-14,0
0.01913253404200077,-4.704473356015315e-12,13.438395203724212,-9.000849663364863e-14,0
0.018995489925146103,-5.3458886623003465e-12,13.448475203877024,-1.0154777422567901e-13,0
0.010236239060759544,-3.235925199671086e-12,13.458510204029153,-3.3123703926569297e-14,0
0.02153465710580349,-5.652383075482881e-12,13.468545204181282,-1.217221313611708e-13,0
0.010686048306524754,-3.742792534233708e-12,13.478625204334094,-3.99956618221216e-14,0
0.018846420571208,-4.622234886508814e-12,13.488660204486223,-8.711258265005498e-14,0
0.01950455829501152,-5.445831285921798e-12,13.498740204639034,-1.0621853378105927e-13,0
0.009830739349126816,-3.1992370991967833e-12,13.508775204791164,-3.145086603826015e-14,0
0.02154289186000824,-5.6227028241706556e-12,13.518810204943293,-1.2112927890207136e-13,0
0.01149775180965662,-3.905349568039673e-12,13.528890205096104,-4.490274006326985e-14,0
0.018469737842679024,-4.5461794051515625e-12,13.538925205248233,-8.396674179893583e-14,0
0.019969534128904343,-5.5447703720123975e-12,13.549005205401045,-1.107264811808392e-13,0
0.009484932757914066,-3.181923691544797e-12,13.559040205553174,-3.0180332255116097e-14,0
0.021496739238500595,-5.584306021072516e-12,13.569120205705985,-1.2004437036298468e-13,0
0.012323484756052494,-4.070516059634377e-12,13.579155205858115,-5.016294261017111e-14,0
0.017936620861291885,-4.4256035468259736e-12,13.589190206010244,-7.938037290180612e-14,0
0.020276177674531937,-5.608990702454797e-12,13.599270206163055,-1.1372889205777116e-13,0
0.009295562282204628,-3.1747098439699473e-12,13.609305206315184,-2.951071308255078e-14,0
0.021452646702528,-5.544570011450922e-12,13.619385206467996,-1.1894570157308826e-13,0
0.013346442952752113,-4.2736994498859815e-12,13.629420206620125,-5.703868590511134e-14,0
0.01727176457643509,-4.293279707440201e-12,13.639455206772254,-7.415251636769326e-14,0
0.020596850663423538,-5.666588292346786e-12,13.649535206925066,-1.1671387282857095e-13,0
0.009132950566709042,-3.1980004581988464e-12,13.659570207077195,-2.920718009704293e-14,0
0.021386507898569107,-5.487975959089786e-12,13.669650207230006,-1.1736864119623108e-13,0
0.014317995868623257,-4.4474519553250325e-12,13.679685207382136,-6.367859872224424e-14,0
0.016458164900541306,-4.142964617204203e-12,13.689765207534947,-6.818559484705477e-14,0
0.020835351198911667,-5.696491021944805e-12,13.699800207687076,-1.1868839104366724e-13,0
0.009079432114958763,-3.2217032860937245e-12,13.709835207839205,-2.925123628062754e-14,0
0.021272268146276474,-5.412718016850615e-12,13.719915207992017,-1.151407890546281e-13,0
0.015166046097874641,-4.596470773443606e-12,13.729950208144146,-6.971028763757924e-14,0
0.015658484771847725,-4.009105547542191e-12,13.740030208296957,-6.277651816491963e-14,0
0.02108798921108246,-5.743896677734561e-12,13.750065208449087,-1.211272311696388e-13,0
0.00911236647516489,-3.2501468964080127e-12,13.760100208601216,-2.961652961818959e-14,0
0.021059822291135788,-5.320401237629557e-12,13.770180208754027,-1.1204670458201739e-13,0
0.015954405069351196,-4.729000611242151e-12,13.780215208906156,-7.544839132496668e-14,0
0.014848786406219006,-3.868422943087424e-12,13.790295209058968,-5.744138601082226e-14,0
0.021293828263878822,-5.763064938463236e-12,13.800330209211097,-1.2271771507321752e-13,0
0.009198818355798721,-3.298995625289347e-12,13.810365209363226,-3.0346861513611326e-14,0
0.020847376435995102,-5.223870381404483e-12,13.820445209516038,-1.0890399229398456e-13,0
0.01655750907957554,-4.8388584805714174e-12,13.830480209668167,-8.011944322684234e-14,0
0.013924846425652504,-3.7237270558709845e-12,13.840560209820978,-5.18523273840506e-14,0
0.021491430699825287,-5.780584344527995e-12,13.850595209973108,-1.2423302784491838e-13,0
0.009311161935329437,-3.3536582799004178e-12,13.860675210125919,-3.1226455319911165e-14,0
0.020583687350153923,-5.13442326849356e-12,13.870710210278048,-1.0568536328202685e-13,0
0.017251180484890938,-4.977778172293723e-12,13.880745210430177,-8.587254966398956e-14,0
0.013034977950155735,-3.601708774975121e-12,13.890825210582989,-4.6948194464683125e-14,0
0.021563474088907242,-5.763683367382422e-12,13.900860210735118,-1.242850369492165e-13,0
0.00936928391456604,-3.386370611008216e-12,13.91094021088793,-3.172786769447845e-14,0
0.020225532352924347,-5.0000381439374575e-12,13.920975211040059,-1.0112843324606285e-13,0
0.017806941643357277,-5.082070615031187e-12,13.931010211192188,-9.049613486928117e-14,0
0.012157135643064976,-3.4654416922880182e-12,13.941090211345,-4.2129844716278074e-14,0
0.02154494822025299,-5.7315298340743226e-12,13.951125211497128,-1.234855134979665e-13,0
0.009479515254497528,-3.4395526791325404e-12,13.96120521164994,-3.260529209048476e-14,0
0.01983649842441082,-4.8811115739566535e-12,13.971240211802069,-9.682416204616458e-14,0
0.01837819442152977,-5.205406852087924e-12,13.98132021195488,-9.566597917083512e-14,0
0.011419587768614292,-3.3648971196204025e-12,13.99135521210701,-3.842573798986261e-14,0
0.021614933386445045,-5.6993763007662235e-12,14.001390212259139,-1.231916390853455e-13,0
0.009898394346237183,-3.540699634527189e-12,14.01147021241195,-3.504724124412799e-14,0
0.019488632678985596,-4.776200702300004e-12,14.02150521256408,-9.308162108823781e-14,0
0.018875237554311752,-5.298927529401309e-12,14.031585212716891,-1.0001851590053199e-13,0
0.01074054092168808,-3.285804137456716e-12,14.04162021286902,-3.529131379900586e-14,0
0.021606700494885445,-5.676703898616076e-12,14.05165521302115,-1.226548409355461e-13,0
0.010429509915411472,-3.661112212005602e-12,14.06173521317396,-3.818360611654645e-14,0
0.01910783350467682,-4.679946100788479e-12,14.07177021332609,-8.942363090472774e-14,0
0.019300129264593124,-5.392448206714695e-12,14.081850213478901,-1.04074947442217e-13,0
0.010211538523435593,-3.2247952138492186e-12,14.09188521363103,-3.2930120556412016e-14,0
0.021568890661001205,-5.646920864937899e-12,14.101965213783842,-1.217978187071719e-13,0
0.011108935810625553,-3.823268524688617e-12,14.112000213935971,-4.24724446275509e-14,0
0.01871262490749359,-4.614608608427551e-12,14.1220352140881,-8.635143998439572e-14,0
0.0196809284389019,-5.5042316191022955e-12,14.132115214240912,-1.0832838860669343e-13,0
0.00968047883361578,-3.191817036368727e-12,14.142150214393041,-3.089831726134171e-14,0
0.021552857011556625,-5.609191496697141e-12,14.152230214545853,-1.2089410227875278e-13,0
0.011899405159056187,-3.985760940045102e-12,14.162265214697982,-4.7428184292737325e-14,0
0.01828036829829216,-4.508048882106985e-12,14.172300214850111,-8.240879387161995e-14,0
0.02011784538626671,-5.578887612295302e-12,14.182380215002922,-1.1223519841151554e-13,0
0.009431414306163788,-3.177389341219028e-12,14.192415215155052,-2.9967275289025473e-14,0
0.021502751857042313,-5.574071152564253e-12,14.202495215307863,-1.1985786882708697e-13,0
0.012768040411174297,-4.161780729067255e-12,14.212530215459992,-5.313778453117714e-14,0
0.01760457083582878,-4.370544724741077e-12,14.222610215612804,-7.694156419786209e-14,0
0.020450543612241745,-5.641502456160685e-12,14.232645215764933,-1.1537179201828302e-13,0
0.00930996984243393,-3.1936721062858497e-12,14.242680215917062,-2.973299099614371e-14,0
0.021496739238500595,-5.5371440939311345e-12,14.252760216069873,-1.1903054271324124e-13,0
0.013815753161907196,-4.350991355400735e-12,14.262795216222003,-6.011222257580858e-14,0
0.01700531132519245,-4.237689192609917e-12,14.272875216374814,-7.206322401973508e-14,0
0.020764825865626335,-5.69278088211056e-12,14.282910216526943,-1.1820960370819245e-13,0
0.009209110401570797,-3.2120163733634355e-12,14.292945216679072,-2.957981339395692e-14,0
0.021424587815999985,-5.469111274969407e-12,14.303025216831884,-1.171734547860577e-13,0
0.014756429940462112,-4.510934160928404e-12,14.313060216984013,-6.656528391177723e-14,0
0.01622166857123375,-4.09399684292433e-12,14.323140217136825,-6.64114599175958e-14,0
0.021069465205073357,-5.725758409069748e-12,14.333175217288954,-1.2063866757255123e-13,0
0.00917823426425457,-3.227680492670637e-12,14.343210217441083,-2.962440769189571e-14,0
0.021258238703012466,-5.38301608149494e-12,14.353290217593894,-1.1443344080257425e-13,0
0.015553020872175694,-4.650471847889026e-12,14.363325217746024,-7.232888571568349e-14,0
0.01538791786879301,-3.953715826954252e-12,14.373405217898835,-6.083945442171906e-14,0
0.021238252520561218,-5.750492096390225e-12,14.383440218050964,-1.2213040326062706e-13,0
0.009202934801578522,-3.272379762997435e-12,14.393520218203776,-3.011549760487037e-14,0
0.021048881113529205,-5.27890751944593e-12,14.403555218355905,-1.1111509678613274e-13,0
0.016232285648584366,-4.77249012878489e-12,14.413590218508034,-7.746842302548552e-14,0
0.014586233533918858,-3.819254374565206e-12,14.423670218660845,-5.5708536232849306e-14,0
0.021437913179397583,-5.7787299251321755e-12,14.433705218812975,-1.2388391042217027e-13,0
0.009269073605537415,-3.3105105028824466e-12,14.443785218965786,-3.068536552312208e-14,0
0.02081834338605404,-5.173584650963736e-12,14.453820219117915,-1.0770546180058159e-13,0
0.01687449775636196,-4.869569157628373e-12,14.463855219270044,-8.217153382484938e-14,0
0.013612190261483192,-3.647465576100961e-12,14.473935219422856,-4.9649995394096685e-14,0
0.02154494822025299,-5.763889365795194e-12,14.483970219574985,-1.241826979333243e-13,0
0.00939333438873291,-3.3542606626274507e-12,14.494050219727797,-3.150769203103247e-14,0
0.020476652309298515,-5.068054916707032e-12,14.504085219879926,-1.0377679841384074e-13,0
0.01761258766055107,-5.02579141498094e-12,14.514165220032737,-8.851719185999681e-14,0
0.012742363847792149,-3.540298262882935e-12,14.524200220184866,-4.5111768595360854e-14,0
0.021604642271995544,-5.753996237811698e-12,14.534235220336996,-1.2431303035232994e-13,0
0.009467490017414093,-3.4002180411552008e-12,14.544315220489807,-3.2191530361668165e-14,0
0.02013702131807804,-4.957991482645863e-12,14.554350220641936,-9.983918018088909e-14,0
0.018207836896181107,-5.137775187930016e-12,14.564430220794748,-9.354777263107596e-14,0
0.011839712969958782,-3.424105400259836e-12,14.574465220946877,-4.0540425117962286e-14,0
0.021711677312850952,-5.7385376832364e-12,14.584500221099006,-1.24593278426064e-13,0
0.00971200317144394,-3.4814969917390526e-12,14.594580221251817,-3.381230982514221e-14,0
0.019780922681093216,-4.850194898486926e-12,14.604615221403947,-9.594133027520264e-14,0
0.01868884637951851,-5.255378597579519e-12,14.614695221556758,-9.821696327637305e-14,0
0.011203675530850887,-3.340630072914963e-12,14.624730221708887,-3.7427335405541986e-14,0
0.02174125239253044,-5.7075286337415765e-12,14.634810221861699,-1.2408882056377005e-13,0
0.010201030410826206,-3.5942835079766366e-12,14.644845222013828,-3.666539537000077e-14,0
0.01940835639834404,-4.7428103111535336e-12,14.654880222165957,-9.205015284860877e-14,0
0.019171860069036484,-5.345487073815658e-12,14.664960222318769,-1.0248293018003709e-13,0
0.01065820548683405,-3.27013980130908e-12,14.674995222470898,-3.485382197302684e-14,0
0.02172521874308586,-5.670602008789327e-12,14.68507522262371,-1.2319506904593023e-13,0
0.01087227649986744,-3.74316680082365e-12,14.695110222775838,-4.069674444367895e-14,0
0.019091365858912468,-4.655418845561643e-12,14.705145222927968,-8.887830440709325e-14,0
0.01958472654223442,-5.439409339613732e-12,14.715225223080779,-1.0652934446761086e-13,0
0.010090094059705734,-3.215726079516812e-12,14.725260223232908,-3.2446978612573393e-14,0
0.02166108414530754,-5.638291049325783e-12,14.73534022338572,-1.2213149685518014e-13,0
0.011489789932966232,-3.891155193197493e-12,14.745375223537849,-4.470855576640983e-14,0
0.018617941066622734,-4.5740043697062305e-12,14.755410223689978,-8.515854379366546e-14,0
0.019949492067098618,-5.532528428442429e-12,14.76549022384279,-1.1037113199420982e-13,0
0.009602258913218975,-3.180274836880881e-12,14.775525223994919,-3.053782239892546e-14,0
0.02154083177447319,-5.59634717040014e-12,14.78560522414773,-1.2054997294913846e-13,0
0.012282263487577438,-4.051097998725162e-12,14.79564022429986,-4.9756653034340085e-14,0
0.018047500401735306,-4.441187001491542e-12,14.80572022445267,-8.015232419360023e-14,0
0.020318157970905304,-5.607244269595357e-12,14.8157552246048,-1.13928874851092e-13,0
0.009402597323060036,-3.18068705054686e-12,14.825790224756929,-2.9906719546963625e-14,0
0.02151678130030632,-5.563635056132776e-12,14.83587022490974,-1.1971151873752643e-13,0
0.013212649151682854,-4.238042208837278e-12,14.84590522506187,-5.599576479538999e-14,0
0.017426196485757828,-4.319569875399498e-12,14.855985225214681,-7.527367338267211e-14,0
0.020602213218808174,-5.66578034488785e-12,14.86602022536681,-1.16727614716312e-13,0
0.009250277653336525,-3.191611037955955e-12,14.87605522551894,-2.952328826254616e-14,0
0.021522793918848038,-5.504632773906115e-12,14.886135225671751,-1.1847507679171814e-13,0
0.014192434959113598,-4.411588282182688e-12,14.89617022582388,-6.261117976126548e-14,0
0.016656581312417984,-4.1670469158594514e-12,14.906250225976692,-6.940875578667353e-14,0
0.02084716036915779,-5.699170302353451e-12,14.91628522612882,-1.188115172643039e-13,0
0.009160846471786499,-3.2111700451475933e-12,14.926365226281632,-2.941703577839682e-14,0
0.021337054669857025,-5.4227742088408526e-12,14.936400226433761,-1.1570602975632795e-13,0
0.015038427896797657,-4.568439376795297e-12,14.94643522658589,-6.87021461688273e-14,0
0.01584688201546669,-4.029174129754898e-12,14.956515226738702,-6.384984705399654e-14,0
0.021065348759293556,-5.7315298340743226e-12,14.966550226890831,-1.2073667487907153e-13,0
0.009138800203800201,-3.247494504213244e-12,14.976630227043643,-2.967820343694403e-14,0
0.02112298272550106,-5.346100298564416e-12,14.986665227195772,-1.1292558425537221e-13,0
0.015783557668328285,-4.712511630922123e-12,14.996700227347901,-7.43801990893271e-14,0
0.01499910093843937,-3.907958592147542e-12,15.006780227500712,-5.86158653868624e-14,0
0.02124648541212082,-5.7686299313741696e-12,15.016815227652842,-1.2256311168486482e-13,0
0.009174875915050507,-3.287632319159961e-12,15.026895227805653,-3.0163618582602366e-14,0
0.02081834338605404,-5.2471664166442444e-12,15.036930227957782,-1.0923731226547058e-13,0
0.016464177519083023,-4.8341343948654636e-12,15.047010228110594,-7.959004682816998e-14,0
0.014079169370234013,-3.7554360662883646e-12,15.057045228262723,-5.287342043635925e-14,0
0.021435854956507683,-5.77605021104266e-12,15.067080228414852,-1.2381457454541606e-13,0
0.00925704836845398,-3.328371649471973e-12,15.077160228567664,-3.0810897347353007e-14,0
0.02054869569838047,-5.144728826983469e-12,15.087195228719793,-1.0571746711636921e-13,0
0.017065439373254776,-4.953543651653458e-12,15.097275228872604,-8.453439887006316e-14,0
0.013041803613305092,-3.6021862576118835e-12,15.107310229024733,-4.697900575032061e-14,0
0.021491430699825287,-5.772134072795643e-12,15.117345229176863,-1.2405141941558784e-13,0
0.009343229234218597,-3.381353357034822e-12,15.127425229329674,-3.1592759536670943e-14,0
0.020330509170889854,-5.03569581866703e-12,15.137460229481803,-1.0237826002322174e-13,0
0.017813008278608322,-5.084191314480568e-12,15.147540229634615,-9.056474197487089e-14,0
0.01231313869357109,-3.4892366773675576e-12,15.157575229786744,-4.29634551431219e-14,0
0.021586928516626358,-5.762717993768041e-12,15.167655229939555,-1.2439938139294715e-13,0
0.009491540491580963,-3.436743294463196e-12,15.177690230091684,-3.261998813856678e-14,0
0.019937358796596527,-4.923776664167434e-12,15.187725230243814,-9.81671019878153e-14,0
0.01839422807097435,-5.2078150819534486e-12,15.197805230396625,-9.579373836891171e-14,0
0.011568007990717888,-3.3944251489476107e-12,15.207840230548754,-3.926673724691972e-14,0
0.021614987403154373,-5.720372526357709e-12,15.217920230701566,-1.2364578009857223e-13,0
0.009925424121320248,-3.5329326270039374e-12,15.227955230853695,-3.506585471506419e-14,0
0.019626542925834656,-4.819896218255515e-12,15.237990231005824,-9.459790002565999e-14,0
0.018901292234659195,-5.307958933498114e-12,15.248070231158636,-1.003272829716178e-13,0
0.010931969620287418,-3.3167212466073126e-12,15.258105231310765,-3.6258295906872956e-14,0
0.02165907993912697,-5.708933326076249e-12,15.268185231463576,-1.2365024327663148e-13,0
0.010415317490696907,-3.654332478980615e-12,15.278220231615705,-3.806103298514859e-14,0
0.01925809495151043,-4.704679788108956e-12,15.288255231767835,-9.060317007585425e-14,0
0.01931215450167656,-5.381410594917924e-12,15.298335231920646,-1.0392663284601411e-13,0
0.010300048626959324,-3.2369558422562505e-12,15.308370232072775,-3.3340802578559455e-14,0
0.021681126207113266,-5.660367140281064e-12,15.318450232225587,-1.2272313434703055e-13,0
0.011111048050224781,-3.800054021452226e-12,15.328485232377716,-4.2222582825805594e-14,0
0.018851187080144882,-4.615183669259837e-12,15.338565232530527,-8.700169075844669e-14,0
0.01985914073884487,-5.492027839448799e-12,15.348600232682656,-1.0906695380526782e-13,0
0.009948067367076874,-3.1940843199518287e-12,15.358635232834786,-3.1774965991004716e-14,0
0.021697159856557846,-5.634879281929406e-12,15.368715232987597,-1.222608765524282e-13,0
0.011891172267496586,-3.970302385469804e-12,15.378750233139726,-4.721154961967407e-14,0
0.018476400524377823,-4.538721395247469e-12,15.388830233292538,-8.385923436715518e-14,0
0.02014937251806259,-5.595289856441532e-12,15.398865233444667,-1.1274157966397739e-13,0
0.009517866186797619,-3.2017108148735263e-12,15.408900233596796,-3.0473455104788986e-14,0
0.02151678130030632,-5.603371499435239e-12,15.418980233749608,-1.2056651909771754e-13,0
0.012595136649906635,-4.1522991642284346e-12,15.429015233901737,-5.229877538475025e-14,0
0.01773083582520485,-4.398440379277391e-12,15.439095234054548,-7.798802425191916e-14,0
0.020330509170889854,-5.6412526559801446e-12,15.449130234206677,-1.1468953885771108e-13,0
0.0092410147190094,-3.1830738132093694e-12,15.459210234359489,-2.941483195956116e-14,0
0.021470684558153152,-5.539753118039004e-12,15.469245234511618,-1.1894229172746081e-13,0
0.013583156280219555,-4.3120364050242e-12,15.479280234663747,-5.857106437543981e-14,0
0.017049405723810196,-4.259765283565198e-12,15.489360234816559,-7.262646660770445e-14,0
0.02067837491631508,-5.6748490455393874e-12,15.499395234968688,-1.1734665615715623e-13,0
0.009182892739772797,-3.1892949652750913e-12,15.5094752351215,-2.928695358161857e-14,0
0.021374104544520378,-5.468118579460279e-12,15.519510235273628,-1.1687613817921827e-13,0
0.014554709196090698,-4.466413783960066e-12,15.529545235425758,-6.500735377494982e-14,0
0.01625373587012291,-4.103228173901741e-12,15.53962523557857,-6.669278695344565e-14,0
0.020884212106466293,-5.707414575673031e-12,15.549660235730698,-1.191948565778929e-13,0
0.009130783379077911,-3.220200798723094e-12,15.55974023588351,-2.940295593027424e-14,0
0.02123207598924637,-5.386704537285736e-12,15.569775236035639,-1.1437092006726894e-13,0
0.01541196834295988,-4.630636585983838e-12,15.57985523618845,-7.136722447093474e-14,0
0.015490132384002209,-3.9713761793014335e-12,15.58989023634058,-6.15171427640521e-14,0
0.02112092450261116,-5.734209548163838e-12,15.599925236492709,-1.2111180694892047e-13,0
0.009116753935813904,-3.2418753011936863e-12,15.61000523664552,-2.9555379411575424e-14,0
0.02097477950155735,-5.28199923036099e-12,15.62004023679765,-1.1078876918421739e-13,0
0.016089389100670815,-4.74643371481398e-12,15.63012023695046,-7.636721887818454e-14,0
0.014536183327436447,-3.803970159699244e-12,15.64015523710259,-5.5295207613485905e-14,0
0.021304119378328323,-5.751110525309411e-12,15.65019023725472,-1.225223451891522e-13,0
0.009160846471786499,-3.2852236556135672e-12,15.66027023740753,-3.009542953455709e-14,0
0.020721599459648132,-5.178325216542712e-12,15.67030523755966,-1.0730318100899376e-13,0
0.01670267805457115,-4.857413950232203e-12,15.680385237712471,-8.113182138851119e-14,0
0.01357286423444748,-3.66113432972992e-12,15.6904202378646,-4.969207920149908e-14,0
0.021433796733617783,-5.759561230722632e-12,15.70045523801673,-1.2344926469413436e-13,0
0.009259052574634552,-3.3466343845461877e-12,15.710535238169541,-3.09866637145929e-14,0
0.020445777103304863,-5.084750329120702e-12,15.72057023832167,-1.0396167185515791e-13,0
0.017394129186868668,-4.999501247021643e-12,15.730650238474482,-8.696197056060546e-14,0
0.012693938799202442,-3.5378791909956853e-12,15.740685238626611,-4.4909621929471077e-14,0
0.02157289907336235,-5.758101894598466e-12,15.750765238779422,-1.2421895102630925e-13,0
0.009460232220590115,-3.3927762942836948e-12,15.760800238931552,-3.209645161643694e-14,0
0.020211122930049896,-4.969533465293274e-12,15.77083523908368,-1.0043985177203922e-13,0
0.018101613968610764,-5.123325808736867e-12,15.780915239236492,-9.274046602517531e-14,0
0.012016733177006245,-3.4280215385068535e-12,15.790950239388621,-4.1193620153267297e-14,0
0.021681126207113266,-5.72880154772748e-12,15.801030239541433,-1.242068693717853e-13,0
0.009727820754051208,-3.459350861323429e-12,15.811065239693562,-3.365194510432698e-14,0
0.019877666607499123,-4.849370471154968e-12,15.821100239845691,-9.639416948186939e-14,0
0.01864876225590706,-5.226679766073827e-12,15.831180239998503,-9.747110834527073e-14,0
0.011337470263242722,-3.3305307296782605e-12,15.841215240150632,-3.775979310854336e-14,0
0.02166910097002983,-5.6866568745594925e-12,15.851295240303443,-1.232247419967439e-13,0
0.010079802945256233,-3.5574598822307735e-12,15.861330240455572,-3.585849459854064e-14,0
0.01935223862528801,-4.71914000932383e-12,15.871410240608384,-9.132592356657864e-14,0
0.018983464688062668,-5.300131861174506e-12,15.881445240760513,-1.0061486602868211e-13,0
0.010604687966406345,-3.257566959236069e-12,15.891480240912642,-3.454548113237365e-14,0
0.021616991609334946,-5.659965551796375e-12,15.901560241065454,-1.2235142784230708e-13,0
0.01065820548683405,-3.6957611450338934e-12,15.911595241217583,-3.939018171402833e-14,0
0.018995489925146103,-4.636054994761052e-12,15.921675241370394,-8.806413594540683e-14,0
0.019494807347655296,-5.412262218257302e-12,15.931710241522524,-1.0551100925991961e-13,0
0.010090094059705734,-3.199031100784011e-12,15.941745241674653,-3.2278524706834646e-14,0
0.021639037877321243,-5.620229108493913e-12,15.951825241827464,-1.2161635055792318e-13,0
0.011438329704105854,-3.85240624123373e-12,15.961860241979593,-4.406509274138656e-14,0
0.018668804317712784,-4.55678333607934e-12,15.971940242132405,-8.506969641947964e-14,0
0.01997235044836998,-5.506455534598498e-12,15.981975242284534,-1.0997685966536766e-13,0
0.00971200317144394,-3.1682226286910975e-12,15.992055242437345,-3.076978821768839e-14,0
0.021614987403154373,-5.583302483541663e-12,16.002090242589475,-1.2068301284975358e-13,0
0.012218453921377659,-4.014410331931728e-12,16.012125242741604,-4.904988766221021e-14,0
0.01818779483437538,-4.442190539022395e-12,16.022205242894415,-8.07936501389427e-14,0
0.020332567393779755,-5.582511015955749e-12,16.032240243046544,-1.1350678145843815e-13,0
0.00947350263595581,-3.1616001049811215e-12,16.042320243199356,-2.995142692837682e-14,0
0.021596407517790794,-5.546028913894219e-12,16.052355243351485,-1.1977430052991022e-13,0
0.013107671402394772,-4.192490972443341e-12,16.062390243503614,-5.495379402429383e-14,0
0.017504360526800156,-4.3171616455339734e-12,16.072470243656426,-7.556915389590049e-14,0
0.02056722156703472,-5.635069667830894e-12,16.082505243808555,-1.1589772640395475e-13,0
0.009251035749912262,-3.1690253719796058e-12,16.092585243961366,-2.931676700856234e-14,0
0.021501723676919937,-5.492027839448799e-12,16.102620244113496,-1.1808806502977968e-13,0
0.014157334342598915,-4.3811811817340285e-12,16.112700244266307,-6.202584680531126e-14,0
0.016776833683252335,-4.17005709477114e-12,16.122735244418436,-6.996035432864184e-14,0
0.02083892561495304,-5.675261476045801e-12,16.132770244570565,-1.1826635174472704e-13,0
0.009168863296508789,-3.1846790829459515e-12,16.142850244723377,-2.9199887154782404e-14,0
0.02137616276741028,-5.412468216670074e-12,16.152885244875506,-1.1569780157297435e-13,0
0.01501914206892252,-4.5306939623623865e-12,16.162965245028317,-6.804713629153018e-14,0
0.015935879200696945,-4.022036610012991e-12,16.173000245180447,-6.409468955794768e-14,0
0.02110239863395691,-5.709269862430588e-12,16.183035245332576,-1.204792885458466e-13,0
0.009196922183036804,-3.2123741600803557e-12,16.193115245485387,-2.9543955173057245e-14,0
0.02125883474946022,-5.324252323746226e-12,16.203150245637516,-1.1318740031495059e-13,0
0.01583084650337696,-4.671777721620973e-12,16.213230245790328,-7.395819600887777e-14,0
0.01520515512675047,-3.888063915963302e-12,16.223265245942457,-5.911861498494291e-14,0
0.021347343921661377,-5.738950113742813e-12,16.233300246094586,-1.2251134182732552e-13,0
0.00928911566734314,-3.2575287953195975e-12,16.243380246247398,-3.0259561769424697e-14,0
0.020999480038881302,-5.236036430822377e-12,16.253415246399527,-1.0995404251190981e-13,0
0.01652430184185505,-4.7897818523934266e-12,16.26349524655234,-7.914780108558859e-14,0
0.014219194650650024,-3.733273672840154e-12,16.273530246704468,-5.3084145038261285e-14,0
0.02152479812502861,-5.7512783598057116e-12,16.28361024685728,-1.237951056556636e-13,0
0.009357313625514507,-3.3049728318662597e-12,16.293645247009408,-3.092566731157742e-14,0
0.020736008882522583,-5.132980412242416e-12,16.303680247161537,-1.0643752742207317e-13,0
0.01715562865138054,-4.915011540124192e-12,16.31376024731435,-8.432011279962058e-14,0
0.013319684192538261,-3.5898196307920793e-12,16.323795247466478,-4.78152637903248e-14,0
0.02160496637225151,-5.736227031566399e-12,16.33387524761929,-1.2393099212059215e-13,0
0.009449939243495464,-3.3470194931578545e-12,16.34391024777142,-3.162913085713671e-14,0
0.020445777103304863,-5.0286879695049524e-12,16.353945247923548,-1.0281543334656898e-13,0
0.017790962010622025,-5.040842743220253e-12,16.36402524807636,-8.968144174615123e-14,0
0.012504568323493004,-3.4785189052116694e-12,16.37406024822849,-4.3497377314781404e-14,0
0.02170116826891899,-5.728199598681316e-12,16.3841402483813,-1.2430862336893748e-13,0
0.009589909575879574,-3.3993721466202276e-12,16.39417524853343,-3.259967150085162e-14,0
0.020051706582307816,-4.901766059023371e-12,16.40425524868624,-9.828877475065198e-14,0
0.018344122916460037,-5.151622618077001e-12,16.41429024883837,-9.450199852522017e-14,0
0.011672984808683395,-3.376905742882852e-12,16.4243252489905,-3.9418569437027247e-14,0
0.021759290248155594,-5.703916072102855e-12,16.43440524914331,-1.241131653640056e-13,0
0.009867790155112743,-3.4931528156145752e-12,16.44444024929544,-3.4469698964225866e-14,0
0.019682932645082474,-4.7998167940210834e-12,16.45452024944825,-9.447447066545268e-14,0
0.018926696851849556,-5.269838818794392e-12,16.46455524960038,-9.974064178143041e-14,0
0.011082231067121029,-3.300025834193643e-12,16.47459024975251,-3.657164882200278e-14,0
0.021767307072877884,-5.690269436198214e-12,16.48467024990532,-1.2386184214513824e-13,0
0.010413259267807007,-3.616201955936038e-12,16.49470525005745,-3.7656448531912774e-14,0
0.019398335367441177,-4.704289041645993e-12,16.50478525021026,-9.125537649522742e-14,0
0.019381597638130188,-5.358260710131013e-12,16.51482025036239,-1.0385165312396103e-13,0
0.010497652925550938,-3.2382627395549646e-12,16.524900250515202,-3.399415832159177e-14,0
0.021817412227392197,-5.654145554534473e-12,16.53493525066733,-1.2335882435695565e-13,0
0.011096639558672905,-3.76604520138657e-12,16.54497025081946,-4.1790446161456477e-14,0
0.0190175361931324,-4.620401283794706e-12,16.555050250972272,-8.786864864136123e-14,0
0.019803564995527267,-5.466057727970819e-12,16.5650852511244,-1.0824742948517422e-13,0
0.010054722428321838,-3.1904990802078537e-12,16.575165251277213,-3.20795826593061e-14,0
0.02169932797551155,-5.6150765460893926e-12,16.58520025142934,-1.2184338758119633e-13,0
0.011765611357986927,-3.930110577254897e-12,16.59523525158147,-4.624015364589478e-14,0
0.018536526709794998,-4.54313626649383e-12,16.605315251734282,-8.421396675010121e-14,0
0.02014319598674774,-5.566846462967678e-12,16.61535025188641,-1.121340793316914e-13,0
0.009617805480957031,-3.1882914277442387e-12,16.625430252039223,-3.066436676864686e-14,0
0.021588174626231194,-5.590961287688101e-12,16.635465252191352,-1.2069864860710914e-13,0
0.012535443529486656,-4.097679660863829e-12,16.64550025234348,-5.136623199068456e-14,0
0.01793927326798439,-4.420114881747983e-12,16.655580252496293,-7.929364873956157e-14,0
0.020437544211745262,-5.617343829672494e-12,16.665615252648422,-1.1480471287150605e-13,0
0.009407363831996918,-3.1722365619740733e-12,16.675695252801233,-2.9842383499653146e-14,0
0.021575825288891792,-5.535517356991537e-12,16.685730252953363,-1.1943335537807746e-13,0
0.013568096794188023,-4.278830328247052e-12,16.695810253106174,-5.805558405956331e-14,0
0.01728205569088459,-4.272668590460382e-12,16.705845253258303,-7.384049652902969e-14,0
0.020752474665641785,-5.6614517761344185e-12,16.715880253410432,-1.174891345549822e-13,0
0.009303145110607147,-3.185883197878714e-12,16.725960253563244,-2.963873369531082e-14,0
0.02152024768292904,-5.491203412116841e-12,16.735995253715373,-1.1817205750609947e-13,0
0.014572205021977425,-4.458847353838724e-12,16.746075253868185,-6.49752378018394e-14,0
0.016530748456716537,-4.1277719090015985e-12,16.756110254020314,-6.823515911440605e-14,0
0.02098507061600685,-5.7010255891110084e-12,16.766145254172443,-1.1963642457115657e-13,0
0.009239010512828827,-3.2117717773533228e-12,16.776225254325254,-2.9673593215774275e-14,0
0.021339111030101776,-5.410407365180614e-12,16.786260254477384,-1.1545328348366953e-13,0
0.015313762240111828,-4.607557391178574e-12,16.796340254630195,-7.055903839617861e-14,0
0.015670347958803177,-4.006166058612148e-12,16.806375254782324,-6.277801611919945e-14,0
0.02118007466197014,-5.755292509929122e-12,16.816455254935136,-1.2189752506177632e-13,0
0.00919291377067566,-3.256324680386835e-12,16.826490255087265,-2.993511199611915e-14,0
0.021160032600164413,-5.325076751078184e-12,16.836525255239394,-1.1267879765119197e-13,0
0.016059326007962227,-4.740412923309734e-12,16.846605255392205,-7.612783654778825e-14,0
0.014828473329544067,-3.867452798983484e-12,16.856640255544335,-5.734842068299714e-14,0
0.021370474249124527,-5.769340300637582e-12,16.866720255697146,-1.232935383292118e-13,0
0.009256452322006226,-3.2921935576996075e-12,16.876755255849275,-3.047403270166247e-14,0
0.02084510028362274,-5.230883868417857e-12,16.886790256001404,-1.090382988091547e-13,0
0.01669466122984886,-4.8485837740586124e-12,16.896870256154216,-8.094546355245059e-14,0
0.013902204111218452,-3.693493861450792e-12,16.906905256306345,-5.1347705545421314e-14,0
0.021530810743570328,-5.754288972398269e-12,16.916985256459157,-1.2389450682852092e-13,0
0.009349079802632332,-3.3183701012712286e-12,16.927020256611286,-3.102370689145385e-14,0
0.020576808601617813,-5.083389004872929e-12,16.937100256764097,-1.045999226008387e-13,0
0.01730794832110405,-4.956553830565147e-12,16.947135256916226,-8.578777755019188e-14,0
0.012990344315767288,-3.5556048123136508e-12,16.957170257068356,-4.618853076275345e-14,0
0.021594945341348648,-5.739438004720432e-12,16.967250257221167,-1.2394285000199687e-13,0
0.009419064037501812,-3.3698978937207746e-12,16.977285257373296,-3.174128406079845e-14,0
0.020274173468351364,-4.982442410039756e-12,16.987365257526108,-1.0101490171721664e-13,0
0.018037479370832443,-5.092582605614737e-12,16.997400257678237,-9.185735369303595e-14,0
0.012204044498503208,-3.4377088849180115e-12,17.007435257830366,-4.1953952204439257e-14,0
0.021697159856557846,-5.728600753485136e-12,17.017515257983177,-1.2429436630276472e-13,0
0.009620784781873226,-3.4226627608491267e-12,17.027550258135307,-3.292870180306148e-14,0
0.019945483654737473,-4.8594210252939085e-12,17.037630258288118,-9.692350263148726e-14,0
0.018617941066622734,-5.207387038935751e-12,17.047665258440247,-9.695082500200088e-14,0
0.011463680304586887,-3.3392091175477034e-12,17.05774525859306,-3.827962579372857e-14,0
0.021745260804891586,-5.6942831526407556e-12,17.067780258745188,-1.2382367225107352e-13,0
0.010050985030829906,-3.528398059837734e-12,17.077815258897317,-3.546387608223835e-14,0
0.019586730748414993,-4.757270532368407e-12,17.08789525905013,-9.317937701486885e-14,0
0.019052257761359215,-5.2962213607787856e-12,17.097930259202258,-1.0090497452677408e-13,0
0.010808304883539677,-3.267563086425951e-12,17.10801025935507,-3.531681806429158e-14,0
0.021765194833278656,-5.670520910466825e-12,17.1180452595072,-1.2341999242249113e-13,0
0.01059027947485447,-3.665050467976938e-12,17.128080259659328,-3.8813908745321934e-14,0
0.019205931574106216,-4.662545956962694e-12,17.13816025981214,-8.954853861055108e-14,0
0.019496867433190346,-5.3873229662049216e-12,17.148195259964268,-1.0503592169187915e-13,0
0.01029923651367426,-3.204948676241437e-12,17.15827526011708,-3.300852443079779e-14,0
0.021754903718829155,-5.640015798141773e-12,17.16831026026921,-1.2269800066124964e-13,0
0.011314827017486095,-3.819634279006445e-12,17.178345260421338,-4.321850113701815e-14,0
0.018813107162714005,-4.588090324331162e-12,17.18842526057415,-8.631623494385341e-14,0
0.019953826442360878,-5.499035254930007e-12,17.19846026072628,-1.0972679507729707e-13,0
0.009874343872070312,-3.1802642116995905e-12,17.20854026087909,-3.1403022430360375e-14,0
0.0216931514441967,-5.601885275097196e-12,17.21857526103122,-1.2152254564569897e-13,0
0.012127072550356388,-3.991445195195009e-12,17.22865526118403,-4.840454546290129e-14,0
0.018387403339147568,-4.475070487786059e-12,17.23869026133616,-8.228492603003812e-14,0
0.020307866856455803,-5.5804497307854195e-12,17.24872526148829,-1.1332703013193493e-13,0
0.009583733975887299,-3.167219524841114e-12,17.2588052616411,-3.035378936931341e-14,0
0.021656101569533348,-5.562311895801475e-12,17.26884026179323,-1.2045799137690034e-13,0
0.012992890551686287,-4.164438325432451e-12,17.27892026194604,-5.410809137159156e-14,0
0.017769891768693924,-4.346456788234532e-12,17.28895526209817,-7.723606670423264e-14,0
0.020589862018823624,-5.635481664656439e-12,17.2989902622503,-1.1603378988488654e-13,0
0.009383313357830048,-3.1686240003353516e-12,17.30907026240311,-2.9732191908287586e-14,0
0.021633459255099297,-5.520883229748197e-12,17.31910526255524,-1.1943580240291863e-13,0
0.013972947373986244,-4.344254556781779e-12,17.32918526270805,-6.070204030111174e-14,0
0.017026817426085472,-4.20588824184831e-12,17.33922026286018,-7.16128912084708e-14,0
0.020875435322523117,-5.677224749339738e-12,17.349300263012992,-1.185145380662692e-13,0
0.009275086224079132,-3.1854818262344597e-12,17.35933526316512,-2.9545618603561673e-14,0
0.021479079499840736,-5.445034180484587e-12,17.36937026331725,-1.169543220419786e-13,0
0.014874839223921299,-4.500590872202892e-12,17.379450263470062,-6.694556563666575e-14,0
0.016170533373951912,-4.059136707312838e-12,17.38948526362219,-6.563840559503552e-14,0
0.021075855940580368,-5.708732965514773e-12,17.399565263775003,-1.2031643358443152e-13,0
0.009213226847350597,-3.2120163733634355e-12,17.409600263927132,-2.9593035485201704e-14,0
0.02127118594944477,-5.362176848378031e-12,17.41963526407926,-1.140598608356568e-13,0
0.015632430091500282,-4.639466762157429e-12,17.429715264232073,-7.252613982126518e-14,0
0.015365708619356155,-3.915064453186012e-12,17.4397502643842,-6.01577396136552e-14,0
0.02128429338335991,-5.730607394865972e-12,17.449830264537013,-1.2197192905717917e-13,0
0.009223518893122673,-3.246024759748223e-12,17.459865264689142,-2.993977069908172e-14,0
0.021011721342802048,-5.254374626367797e-12,17.469945264841954,-1.1040345547992978e-13,0
0.016265759244561195,-4.757270532368407e-12,17.479980264994083,-7.738061714074998e-14,0
0.014484724961221218,-3.7718161927102756e-12,17.490015265146212,-5.463372015568891e-14,0
0.021426592022180557,-5.747063849120826e-12,17.500095265299024,-1.2313999242053457e-13,0
0.009297619573771954,-3.2868347800418807e-12,17.510130265451153,-3.0559739386671823e-14,0
0.020745161920785904,-5.1470069525882955e-12,17.520210265603964,-1.0677549263885501e-13,0
0.016954774037003517,-4.878431859867138e-12,17.530245265756093,-8.271270983896614e-14,0
0.013525521382689476,-3.621972947259744e-12,17.540280265908223,-4.898907254568449e-14,0
0.021552857011556625,-5.742849772116809e-12,17.550360266061034,-1.2377481997728414e-13,0
0.00938613060861826,-3.3336222237528856e-12,17.560395266213163,-3.128981359193703e-14,0
0.020452547818422318,-5.040842743220253e-12,17.570475266365975,-1.0309807725085935e-13,0
0.017605220898985863,-5.002717424346104e-12,17.580510266518104,-8.807394535081875e-14,0
0.012640421278774738,-3.4896488910335366e-12,17.590545266670233,-4.4110632097672984e-14,0
0.02158091589808464,-5.727998804438972e-12,17.600625266823045,-1.2361546046292682e-13,0
0.009505515918135643,-3.381440093208621e-12,17.610660266975174,-3.214233263221662e-14,0
0.02009579911828041,-4.926249946163308e-12,17.620740267127985,-9.899692932453753e-14,0
0.018220674246549606,-5.129476704501812e-12,17.630775267280114,-9.346252408799231e-14,0
0.011778340674936771,-3.3887790577141752e-12,17.640855267432926,-3.9914194213848775e-14,0
0.021647868677973747,-5.70329287269411e-12,17.650890267585055,-1.2346413514010574e-13,0
0.009723703376948833,-3.4577015729786442e-12,17.660925267737184,-3.3621664461653736e-14,0
0.01972101256251335,-4.81988537623379e-12,17.671005267889996,-9.505302005458097e-14,0
0.01867557503283024,-5.238303714405479e-12,17.681040268042125,-9.782833406313286e-14,0
0.011145011521875858,-3.3034866075282165e-12,17.691120268194936,-3.6817396303264565e-14,0
0.02166639268398285,-5.6800020416247765e-12,17.701155268347065,-1.230651546796667e-13,0
0.010151845403015614,-3.565498157137581e-12,17.711190268499195,-3.6196386075997793e-14,0
0.019414369016885757,-4.713320012061928e-12,17.721270268652006,-9.15061340088427e-14,0
0.019167527556419373,-5.333527456491405e-12,17.731305268804135,-1.0223053449521833e-13,0
0.01054775808006525,-3.2380621621530548e-12,17.741385268956947,-3.415429633460344e-14,0
0.021637575700879097,-5.654237928559569e-12,17.751420269109076,-1.223440012099895e-13,0
0.0108503932133317,-3.731152973390772e-12,17.761500269261887,-4.0484476900381626e-14,0
0.018995489925146103,-4.625619332010444e-12,17.771535269414017,-8.786590541876544e-14,0
0.01956890895962715,-5.425041058743085e-12,17.781570269566146,-1.0616213458078273e-13,0
0.010046705603599548,-3.186083992121058e-12,17.791650269718957,-3.2009647897181455e-14,0
0.021643750369548798,-5.615282978183034e-12,17.801685269871086,-1.215357830341701e-13,0
0.011575915850698948,-3.879460988565064e-12,17.811765270023898,-4.490831394969854e-14,0
0.01855824887752533,-4.532782135746594e-12,17.821800270176027,-8.412049898278609e-14,0
0.020017635077238083,-5.522944514918526e-12,17.831835270328156,-1.1055628785147276e-13,0
0.009647868573665619,-3.1593924525175066e-12,17.841915270480968,-3.048140315452e-14,0
0.021575825288891792,-5.5820985854493355e-12,17.851950270633097,-1.2043838382502487e-13,0
0.01234352681785822,-4.03900827714021e-12,17.862030270785908,-4.985560698643151e-14,0
0.018037479370832443,-4.4220998390853694e-12,17.872065270938037,-7.976353462326382e-14,0
0.020368371158838272,-5.599558577235042e-12,17.88214527109085,-1.140538874267797e-13,0
0.009387321770191193,-3.1575863885385802e-12,17.892180271242978,-2.96412794463876e-14,0
0.02155112475156784,-5.544792056055847e-12,17.902215271395107,-1.194965053215619e-13,0
0.013265462592244148,-4.227052735616965e-12,17.91229527154792,-5.6073809939770145e-14,0
0.017372624948620796,-4.29946312927032e-12,17.922330271700048,-7.46929604252368e-14,0
0.020626913756132126,-5.6543463487768175e-12,17.93241027185286,-1.1663171448352e-13,0
0.009268802590668201,-3.166877567475912e-12,17.94244527200499,-2.9353163001749745e-14,0
0.02152230590581894,-5.4868748433634096e-12,17.952480272157118,-1.1809019884580968e-13,0
0.014275582507252693,-4.399845071612063e-12,17.96256027230993,-6.281035133892714e-14,0
0.016656311228871346,-4.140963179993795e-12,17.97259527246206,-6.897317151327344e-14,0
0.020899485796689987,-5.69006864195587e-12,17.98267527261487,-1.189195087647478e-13,0
0.009147359058260918,-3.200267741781948e-12,17.992710272767,-2.9273998116649314e-14,0
0.021314356476068497,-5.41071094178891e-12,18.00279027291981,-1.1532582180225313e-13,0
0.01511534396559,-4.554174311971471e-12,18.01282527307194,-6.883791120470296e-14,0
0.01584942638874054,-4.0129674756805844e-12,18.02286027322407,-6.360323260620936e-14,0
0.021121952682733536,-5.722981550465578e-12,18.03294027337688,-1.2088054551309094e-13,0
0.009180293418467045,-3.2237643544236194e-12,18.04297527352901,-2.9595102685603815e-14,0
0.02113999053835869,-5.31658831542936e-12,18.05305527368182,-1.1239262668452503e-13,0
0.015909120440483093,-4.706740639598417e-12,18.06309027383395,-7.488010371748764e-14,0
0.015038427896797657,-3.881880060452314e-12,18.07312527398608,-5.837737339312865e-14,0
0.02130032703280449,-5.7524826915789085e-12,18.08320527413889,-1.2252976258117815e-13,0
0.009250277653336525,-3.27013980130908e-12,18.09324027429102,-3.0249701127335725e-14,0
0.020897481590509415,-5.226278611270008e-12,18.10332027444383,-1.092160610658881e-13,0
0.01655750907957554,-4.81309436750621e-12,18.11335527459596,-7.969285369083795e-14,0
0.014064816758036613,-3.72770867992922e-12,18.12339027474809,-5.242953951054704e-14,0
0.021450642496347427,-5.760309763902516e-12,18.1334702749009,-1.2356234541369232e-13,0
0.009274978190660477,-3.3117744657751302e-12,18.14350527505303,-3.0716635942450584e-14,0
0.020632926374673843,-5.12212147696367e-12,18.15358527520584,-1.0568435531632705e-13,0
0.017214128747582436,-4.940472076581104e-12,18.16362027535797,-8.504592240010307e-14,0
0.01308708731085062,-3.583044668256652e-12,18.173700275510782,-4.68916184121526e-14,0
0.02153671532869339,-5.753996237811698e-12,18.18373527566291,-1.239221789761233e-13,0
0.009375838562846184,-3.3573250516477637e-12,18.19377027581504,-3.147773768724866e-14,0
0.020322274416685104,-5.015355318549464e-12,18.203850275967852,-1.0192342708074334e-13,0
0.017806941643357277,-5.062077926970554e-12,18.21388527611998,-9.014012623969164e-14,0
0.012293421663343906,-3.460625015716534e-12,18.223965276272793,-4.254292253691949e-14,0
0.021639633923768997,-5.728232124746491e-12,18.234000276424922,-1.2395684620988752e-13,0
0.009505515918135643,-3.4094712730164956e-12,18.24403527657705,-3.2408783458084493e-14,0
0.019987571984529495,-4.898354291626994e-12,18.254115276729863,-9.790620900962353e-14,0
0.01840387098491192,-5.177913219717167e-12,18.264150276881992,-9.529364686674463e-14,0
0.01152180228382349,-3.366502606197419e-12,18.274230277034803,-3.8788177416583154e-14,0
0.02166227623820305,-5.709063430336947e-12,18.284265277186933,-1.2367130908938203e-13,0
0.0099244499579072,-3.518623977252777e-12,18.294345277339744,-3.492040758293759e-14,0
0.01961679384112358,-4.796605387186181e-12,18.304380277491873,-9.409401901765407e-14,0
0.018893763422966003,-5.282411660867403e-12,18.314415277644002,-9.980463622314564e-14,0
0.010904506780207157,-3.287029936432928e-12,18.324495277796814,-3.5843440228576765e-14,0
0.021717851981520653,-5.682062893114237e-12,18.334530277948943,-1.23402200862346e-13,0
0.010401451028883457,-3.6438534481431084e-12,18.344610278101754,-3.790136319728867e-14,0
0.019204577431082726,-4.69664107952128e-12,18.354645278253884,-9.019700727767038e-14,0
0.019301321357488632,-5.387528964617694e-12,18.364680278406013,-1.0398642786886411e-13,0
0.010369383729994297,-3.246491183522826e-12,18.374760278558824,-3.366411285799152e-14,0
0.021654043346643448,-5.669490051041226e-12,18.384795278710953,-1.2276738331861048e-13,0
0.011120961047708988,-3.803400303037385e-12,18.394875278863765,-4.2297466618923324e-14,0
0.01882377825677395,-4.618524746674568e-12,18.404910279015894,-8.693808570482515e-14,0
0.019789155572652817,-5.491387292805294e-12,18.414990279168705,-1.0866991744701275e-13,0
0.00985630601644516,-3.204547304597183e-12,18.425025279320835,-3.1584998878284334e-14,0
0.021631401032209396,-5.630741099077463e-12,18.435060279472964,-1.218008188226881e-13,0
0.011850492097437382,-3.961140877112301e-12,18.445140279625775,-4.6941468661055506e-14,0
0.018467679619789124,-4.524949859252558e-12,18.455175279777905,-8.356532429628613e-14,0
0.020187992602586746,-5.581696996964647e-12,18.465255279930716,-1.1268325768460295e-13,0
0.009548741392791271,-3.177801554885007e-12,18.475290280082845,-3.034400524520693e-14,0
0.021575825288891792,-5.5913737181945145e-12,18.485325280234974,-1.2063850246866613e-13,0
0.01266419980674982,-4.1291171870572185e-12,18.495405280387786,-5.229196508237739e-14,0
0.01786663383245468,-4.404992429846155e-12,18.505440280539915,-7.870238677879607e-14,0
0.020444530993700027,-5.645114584118538e-12,18.515520280692726,-1.154117200779995e-13,0
0.009334670379757881,-3.1949087472837867e-12,18.525555280844856,-2.982342004929932e-14,0
0.02152848057448864,-5.557777328635272e-12,18.535590280996985,-1.196505012568578e-13,0
0.013608180917799473,-4.315556158956957e-12,18.545670281149796,-5.872686897201005e-14,0
0.017179137095808983,-4.273905448298754e-12,18.555705281301925,-7.342200763084924e-14,0
0.02075117453932762,-5.691272973729067e-12,18.565785281454737,-1.1810059882881e-13,0
0.009200876578688622,-3.2054205210269027e-12,18.575820281606866,-2.9492678596764307e-14,0
0.021440621465444565,-5.489982600470622e-12,18.585900281759677,-1.177086387885676e-13,0
0.01458146795630455,-4.4888801876974416e-12,18.595935281911807,-6.54544626166006e-14,0
0.016349611803889275,-4.121176490345935e-12,18.605970282063936,-6.737963579247087e-14,0
0.020977649837732315,-5.721978012934725e-12,18.616050282216747,-1.2003365113454801e-13,0
0.009124716743826866,-3.215107650597626e-12,18.626085282368877,-2.933694661261402e-14,0
0.02126024290919304,-5.402683508903827e-12,18.636165282521688,-1.1486236376078676e-13,0
0.015423343516886234,-4.6331588739179086e-12,18.646200282673817,-7.14588008807457e-14,0
0.015530378557741642,-3.98761579312179e-12,18.656235282825946,-6.192918281001058e-14,0
0.021119948476552963,-5.748468975136367e-12,18.666315282978758,-1.214073685739433e-13,0
0.009130892343819141,-3.2565363166509043e-12,18.676350283130887,-2.973508252107673e-14,0
0.0210297591984272,-5.3065538074825724e-12,18.6864302832837,-1.1159554874485551e-13,0
0.016096431761980057,-4.7529098712306705e-12,18.696465283435828,-7.650488941310591e-14,0
0.014606276527047157,-3.835912056743274e-12,18.70654528358864,-5.602839223422646e-14,0
0.021328385919332504,-5.764925429391221e-12,18.716580283740768,-1.229565543542296e-13,0
0.00919264368712902,-3.287453425801501e-12,18.726615283892897,-3.022038798142484e-14,0
0.020769212394952774,-5.2007911865992185e-12,18.73669528404571,-1.0801633677627763e-13,0
0.01672629453241825,-4.8574083123809064e-12,18.746730284197838,-8.124644209709972e-14,0
0.013640248216688633,-3.670946359390914e-12,18.75681028435065,-5.0072619532241547e-14,0
0.021456439048051834,-5.769248793974224e-12,18.76684528450278,-1.237875351009545e-13,0
0.0092605696991086,-3.3340344374188646e-12,18.776880284654908,-3.087505828694573e-14,0
0.020480606704950333,-5.095831309004373e-12,18.78696028480772,-1.0436571687449079e-13,0
0.017360273748636246,-4.981900308953513e-12,18.79699528495985,-8.648715315184847e-14,0
0.012792469933629036,-3.544512556727386e-12,18.80707528511266,-4.534307031130567e-14,0
0.02153054066002369,-5.750286097977453e-12,18.81711028526479,-1.238067686392725e-13,0
0.00935325026512146,-3.380951985390568e-12,18.8271902854176,-3.1622890053717255e-14,0
0.020163942128419876,-4.979231436885723e-12,18.83722528556973,-1.0040093453737266e-13,0
0.017955144867300987,-5.100620880521545e-12,18.84726028572186,-9.158238682294466e-14,0
0.011962727643549442,-3.425103516779826e-12,18.85734028587467,-4.0973580522200436e-14,0
0.02156141586601734,-5.730086977823179e-12,18.8673752860268,-1.2354878827729605e-13,0
0.009557679295539856,-3.4421617032404095e-12,18.87745528617961,-3.289907764296107e-14,0
0.019741812720894814,-4.857614744474548e-12,18.88749028633174,-9.589812055567383e-14,0
0.018480030819773674,-5.208829895186895e-12,18.89752528648387,-9.62593369980123e-14,0
0.011257247067987919,-3.3359977107128014e-12,18.90760528663668,-3.755415044773609e-14,0
0.021610816940665245,-5.6917500226849604e-12,18.91764028678881,-1.2300336781227194e-13,0
0.009976559318602085,-3.5421045437022958e-12,18.92772028694162,-3.5338016092935926e-14,0
0.01940423995256424,-4.746520450987779e-12,18.93775528709375,-9.210262177072029e-14,0
0.018967431038618088,-5.315383983656163e-12,18.947835287246562,-1.0081917915377337e-13,0
0.010670014657080173,-3.2659575998489343e-12,18.95787028739869,-3.4847815459790513e-14,0
0.021612875163555145,-5.66784119637731e-12,18.96790528755082,-1.2249834422415785e-13,0
0.010567799210548401,-3.675762819121964e-12,18.977985287703632,-3.8844723418080253e-14,0
0.019015207886695862,-4.649235423731524e-12,18.98802028785576,-8.840617809644545e-14,0
0.019390318542718887,-5.396863511641925e-12,18.998100288008573,-1.0464690262231339e-13,0
0.010077743791043758,-3.1975882445328674e-12,19.0081352881607,-3.2224475077655615e-14,0
0.021596407517790794,-5.637954946652313e-12,19.01817028831283,-1.217595725948478e-13,0
0.011267268098890781,-3.823870473734781e-12,19.028250288465642,-4.3084573803002273e-14,0
0.01867557503283024,-4.568233378382525e-12,19.03828528861777,-8.531438522546241e-14,0
0.019805189222097397,-5.501221440190607e-12,19.048365288770583,-1.0895273157563412e-13,0
0.009635193273425102,-3.1592515062350834e-12,19.058400288922712,-3.04399988619344e-14,0
0.02155935764312744,-5.5965262805990346e-12,19.06843528907484,-1.206575116425964e-13,0
0.012042895890772343,-3.98442086615991e-12,19.078515289227653,-4.798396567618476e-14,0
0.018195973709225655,-4.464146934057833e-12,19.088550289379782,-8.122950024623665e-14,0
0.020179975777864456,-5.579690355583811e-12,19.098630289532593,-1.1259801622366521e-13,0
0.009429356083273888,-3.1543045085624666e-12,19.108665289684723,-2.9743060406311745e-14,0
0.021512772887945175,-5.54577390954325e-12,19.118745289837534,-1.1930497460389575e-13,0
0.012973877601325512,-4.174559569553038e-12,19.128780289989663,-5.416022489482323e-14,0
0.017621688544750214,-4.339242940659682e-12,19.138815290141793,-7.646478762031095e-14,0
0.020500648766756058,-5.6334745895947336e-12,19.148895290294604,-1.1548988389772686e-13,0
0.009227635338902473,-3.1625492155629154e-12,19.158930290446733,-2.9182850902546654e-14,0
0.021466676145792007,-5.512058257745034e-12,19.169010290599545,-1.1832556951575117e-13,0
0.013918670825660229,-4.350785356987963e-12,19.179045290751674,-6.055714921701808e-14,0
0.01684979721903801,-4.197231538022317e-12,19.189080290903803,-7.072250029702706e-14,0
0.02076520398259163,-5.6752176742780325e-12,19.199160291056614,-1.178470526519926e-13,0
0.009104132652282715,-3.178213768550986e-12,19.209195291208744,-2.893487974619953e-14,0
0.021320369094610214,-5.429374831666944e-12,19.219275291361555,-1.1575627536412645e-13,0
0.014785246923565865,-4.503926745447195e-12,19.229310291513684,-6.659166905708916e-14,0
0.01596713438630104,-4.043824303190391e-12,19.239390291666496,-6.456828608363114e-14,0
0.02093355730175972,-5.702310585525838e-12,19.249425291818625,-1.1936964539453615e-13,0
0.009054731577634811,-3.1992370991967833e-12,19.259460291970754,-2.896823318643791e-14,0
0.021119948476552963,-5.333044769684214e-12,19.269540292123565,-1.1263363075888087e-13,0
0.015602421946823597,-4.6389298652416144e-12,19.279575292275695,-7.23785411392212e-14,0
0.015201526693999767,-3.899730798700984e-12,19.289655292428506,-5.928186183586605e-14,0
0.02112915739417076,-5.727613695827305e-12,19.299690292580635,-1.2101965127214322e-13,0
0.009083549492061138,-3.231803063011296e-12,19.309725292732765,-2.935624307145789e-14,0
0.02090149000287056,-5.2483542685444196e-12,19.319805292885576,-1.0969842427550421e-13,0
0.016261102631688118,-4.759505723567203e-12,19.329840293037705,-7.739481104703331e-14,0
0.014263558201491833,-3.758044656715365e-12,19.339920293190517,-5.3603088684865e-14,0
0.021361753344535828,-5.7457515308112495e-12,19.349955293342646,-1.2273932698017906e-13,0
0.009166859090328217,-3.2761929020380665e-12,19.360035293495457,-3.003239868571643e-14,0
0.020594846457242966,-5.139581468749377e-12,19.370070293647586,-1.058488912033847e-13,0
0.01686626300215721,-4.86833273347087e-12,19.380105293799716,-8.211058026473062e-14,0
0.013325587846338749,-3.602110146619375e-12,19.390185293952527,-4.800023519096463e-14,0
0.02141938917338848,-5.7315298340743226e-12,19.400220294104656,-1.2276586807492462e-13,0
0.00925704836845398,-3.321949920004341e-12,19.410300294257468,-3.0751451087062014e-14,0
0.020336683839559555,-5.01796998050863e-12,19.420335294409597,-1.0204886901000483e-13,0
0.017535235732793808,-4.993854722107338e-12,19.430370294561726,-8.756841976747769e-14,0
0.012465783394873142,-3.4796907109196917e-12,19.440450294714537,-4.337707068347701e-14,0
0.02153465710580349,-5.722873130248329e-12,19.450485294866667,-1.2324011051991405e-13,0
0.00937730073928833,-3.3610837637393365e-12,19.460565295019478,-3.151789326252288e-14,0
0.01998264342546463,-4.904195972932346e-12,19.470600295171607,-9.799879941570666e-14,0
0.01814039796590805,-5.1105144421859094e-12,19.480635295323736,-9.270676579177299e-14,0
0.011746273376047611,-3.3707171168823047e-12,19.490715295476548,-3.959336472822258e-14,0
0.021600525826215744,-5.700613158604595e-12,19.500750295628677,-1.2313624175770386e-13,0
0.009683944284915924,-3.4479817005023117e-12,19.51083029578149,-3.339006268307405e-14,0
0.019663594663143158,-4.800521525433199e-12,19.520865295933618,-9.43955094478121e-14,0
0.01869085058569908,-5.2254758679814994e-12,19.53094529608643,-9.766858868761842e-14,0
0.011071939021348953,-3.28786563946748e-12,19.54098029623856,-3.640304787057242e-14,0
0.021616993471980095,-5.6699024815476395e-12,19.551015296390688,-1.2256624493037906e-13,0
0.010176979936659336,-3.567792545774995e-12,19.5610952965435,-3.630935315651486e-14,0
0.019309554249048233,-4.69561065377655e-12,19.571130296695628,-9.067014865150713e-14,0
0.019123759120702744,-5.319799288583393e-12,19.58121029684844,-1.0173456016535463e-13,0
0.010456484742462635,-3.2153140826912674e-12,19.59124529700057,-3.362088264788648e-14,0
0.021596407517790794,-5.631153529583877e-12,19.601280297152698,-1.216126864201394e-13,0
0.010726132430136204,-3.701049449550409e-12,19.61136029730551,-3.9697946526360385e-14,0
0.0188608281314373,-4.5917302078646305e-12,19.62139529745764,-8.660383427646367e-14,0
0.019474495202302933,-5.4028838694653025e-12,19.63147529761045,-1.0521843599450194e-13,0
0.009900723583996296,-3.1543045085624666e-12,19.64151029776258,-3.122989703903026e-14,0
0.021514777094125748,-5.593136197246107e-12,19.65159029791539,-1.2033507854083613e-13,0
0.011455663479864597,-3.858188074579161e-12,19.66162529806752,-4.41981042244056e-14,0
0.018508847802877426,-4.516499153839337e-12,19.67166029821965,-8.359519544023697e-14,0
0.019933458417654037,-5.508847284591001e-12,19.68174029837246,-1.0981037827660107e-13,0
0.009546684101223946,-3.1336936084230826e-12,19.69177529852459,-2.991638294963974e-14,0
0.021488722413778305,-5.556611160778546e-12,19.7018552986774,-1.1940447479527263e-13,0
0.012331664562225342,-4.0205937537618475e-12,19.71189029882953,-4.9580613512369536e-14,0
0.01801072061061859,-4.402931578356695e-12,19.72192529898166,-7.929997052545237e-14,0
0.02023208513855934,-5.568251155302351e-12,19.73200529913447,-1.1265733144695857e-13,0
0.009301736950874329,-3.1264795440077986e-12,19.7420402992866,-2.908169030065006e-14,0
0.02149273082613945,-5.521089661841838e-12,19.75212029943941,-1.186632939689479e-13,0
0.013237349689006805,-4.202590532520478e-12,19.76215529959154,-5.56311604786829e-14,0
0.017279889434576035,-4.265584847146231e-12,19.772235299744352,-7.370883453248979e-14,0
0.020546745508909225,-5.625046001905831e-12,19.78227029989648,-1.1557638867706643e-13,0
0.009221460670232773,-3.1464726657493003e-12,19.79230530004861,-2.901507393716964e-14,0
0.02142859622836113,-5.461685791130488e-12,19.802385300201422,-1.1703625954431236e-13,0
0.014225369319319725,-4.3757246090403434e-12,19.81242030035355,-6.22462986032348e-14,0
0.016498249024152756,-4.109248965405987e-12,19.822500300506363,-6.779541273351005e-14,0
0.020791584625840187,-5.654237928559569e-12,19.832535300658492,-1.175605663862816e-13,0
0.009093841537833214,-3.1584270789031255e-12,19.84257030081062,-2.8722235364346464e-14,0
0.02124420925974846,-5.377396878475382e-12,19.852650300963433,-1.1423854455904917e-13,0
0.015026076696813107,-4.518560439009667e-12,19.86268530111556,-6.789623571574475e-14,0
0.015704581514000893,-3.964954232993367e-12,19.872765301268373,-6.226794695132723e-14,0
0.021022122353315353,-5.6783527532799916e-12,19.882800301420502,-1.193710263447371e-13,0
0.009062640368938446,-3.179260674168738e-12,19.892880301573314,-2.8812496129100064e-14,0
0.021073851734399796,-5.27524681923075e-12,19.902915301725443,-1.1116976933083295e-13,0
0.015814434736967087,-4.6457317159909195e-12,19.912950301877572,-7.346962102799651e-14,0
0.014892878010869026,-3.819655963049895e-12,19.923030302030384,-5.688567030119053e-14,0
0.021166207268834114,-5.692368451604146e-12,19.933065302182513,-1.2048585049722567e-13,0
0.009090699255466461,-3.20836022679738e-12,19.943145302335324,-2.916623792501515e-14,0
0.020766884088516235,-5.176263931372382e-12,19.953180302487453,-1.0749487307437762e-13,0
0.01641959697008133,-4.7570320078904604e-12,19.963215302639583,-7.810854834333811e-14,0
0.013962926343083382,-3.667735386236881e-12,19.973295302792394,-5.121231904394605e-14,0
0.021345287561416626,-5.702674010094055e-12,19.983330302944523,-1.217252166144745e-13,0
0.009204939007759094,-3.2575287953195975e-12,19.993410303097335,-2.9985353876935853e-14,0
0.020460186526179314,-5.069085776132631e-12,20.003445303249464,-1.0371444049687607e-13,0
0.01700005866587162,-4.87245487013066e-12,20.013480303401593,-8.283201863903311e-14,0
0.013018944300711155,-3.53086613766318e-12,20.023560303554405,-4.5968149579504066e-14,0
0.021448204293847084,-5.6977274461023075e-12,20.033595303706534,-1.222060222746619e-13,0
0.00926506519317627,-3.2958603294469535e-12,20.043675303859345,-3.053636081992944e-14,0
0.020161721855401993,-4.953250917066887e-12,20.053710304011474,-9.986606726991742e-14,0
0.017712797969579697,-5.000905939356315e-12,20.063790304164286,-8.858003656868958e-14,0
0.012127885594964027,-3.3989599329542486e-12,20.073825304316415,-4.122219720873573e-14,0
0.021503780037164688,-5.68350618304625e-12,20.083860304468544,-1.2221686680009202e-13,0
0.009407363831996918,-3.351852432761926e-12,20.093940304621356,-3.153209534615542e-14,0
0.01983032375574112,-4.833293487660484e-12,20.103975304773485,-9.584577466682254e-14,0
0.018277984112501144,-5.12212147696367e-12,20.114055304926296,-9.362205497824286e-14,0
0.011370403692126274,-3.296522343293473e-12,20.124090305078425,-3.7482789823360864e-14,0
0.02152436599135399,-5.650940219231737e-12,20.134125305230555,-1.2163290547400605e-13,0
0.009764112532138824,-3.4525975828314515e-12,20.144205305383366,-3.371155132695679e-14,0
0.019478341564536095,-4.738688174493744e-12,20.154240305535495,-9.230178683061716e-14,0
0.018773023039102554,-5.220057459204286e-12,20.164320305688307,-9.79962589470812e-14,0
0.01074877381324768,-3.227268279004658e-12,20.174355305840436,-3.468917676569018e-14,0
0.021568890661001205,-5.6252463624673066e-12,20.184435305993247,-1.213303237332521e-13,0
0.010265165008604527,-3.563778612492019e-12,20.194470306145377,-3.6582775511366264e-14,0
0.019093425944447517,-4.630685158241166e-12,20.204505306297506,-8.841564414092993e-14,0
0.019203927367925644,-5.31257416530595e-12,20.214585306450317,-1.0202228840725367e-13,0
0.010193012654781342,-3.154510940656108e-12,20.224620306602446,-3.21539699377539e-14,0
0.021546844393014908,-5.588520531757402e-12,20.234700306755258,-1.2041498228494566e-13,0
0.01096284482628107,-3.7202884002607295e-12,20.244735306907387,-4.078494444107182e-14,0
0.01871262490749359,-4.535049419329695e-12,20.254770307059516,-8.48626787208632e-14,0
0.019550655037164688,-5.3996728963112695e-12,20.264850307212328,-1.0556714210930956e-13,0
0.009661952964961529,-3.1033951450321062e-12,20.274885307364457,-2.998485792299017e-14,0
0.021438617259263992,-5.534937091988823e-12,20.28496530751727,-1.1866139786925203e-13,0
0.011611233465373516,-3.8637422254683695e-12,20.295000307669397,-4.486281302993508e-14,0
0.01813768967986107,-4.425734084767541e-12,20.30508030782221,-8.02725914350976e-14,0
0.019825231283903122,-5.467706582634735e-12,20.315115307974338,-1.0839854759325318e-13,0
0.009196760132908821,-3.0757761788902105e-12,20.325150308126467,-2.8287175739768118e-14,0
0.021258238703012466,-5.482155961827884e-12,20.33523030827928,-1.1654098004368005e-13,0
0.012315196916460991,-4.0121430483486265e-12,20.345265308431408,-4.9410331697423405e-14,0
0.017430204898118973,-4.281439352354921e-12,20.35534530858422,-7.462636517041607e-14,0
0.020029984414577484,-5.519028376671509e-12,20.36538030873635,-1.1054605236834119e-13,0
0.008801552467048168,-3.048363211161087e-12,20.375415308888478,-2.683032874165374e-14,0
0.020999696105718613,-5.420343861251009e-12,20.38549530904129,-1.138255738747686e-13,0
0.013115905225276947,-4.17991813037033e-12,20.39553030919342,-5.482341004735406e-14,0
0.016538333147764206,-4.119082679110431e-12,20.40561030934623,-6.812276161031343e-14,0
0.02010614611208439,-5.5474717701453624e-12,20.41564530949836,-1.1153827796320608e-13,0
0.0085319047793746,-3.0469205717503778e-12,20.425680309650488,-2.5996036188491835e-14,0
0.020664993673563004,-5.336054948595903e-12,20.4357603098033,-1.102695417545189e-13,0
0.013793110847473145,-4.322959958752426e-12,20.44579530995543,-5.962706590026014e-14,0
0.015530216507613659,-3.959134235731465e-12,20.45587531010824,-6.148621186361519e-14,0
0.02011643722653389,-5.561281470056745e-12,20.46591031026037,-1.1187316959148262e-13,0
0.008252941071987152,-3.054633369165005e-12,20.47599031041318,-2.5209709192244364e-14,0
0.020297573879361153,-5.229853008992258e-12,20.48602531056531,-1.0615332782821958e-13,0
0.014369456097483635,-4.448688379482535e-12,20.49606031071744,-6.39252323603599e-14,0
0.014492036774754524,-3.799586947156319e-12,20.50614031087025,-5.5063753767066654e-14,0
0.020046452060341835,-5.565609605129307e-12,20.51617531102238,-1.115707261358027e-13,0
0.007990390062332153,-3.0642662886271044e-12,20.52625531117519,-2.4484682900985445e-14,0
0.019813857972621918,-5.11154486793064e-12,20.53629031132732,-1.0127942403386215e-13,0
0.014832588844001293,-4.544736548900419e-12,20.54632531147945,-6.741020863414529e-14,0
0.013359659351408482,-3.6322132367788695e-12,20.55640531163226,-4.8525131535042494e-14,0
0.019935300573706627,-5.553243195149937e-12,20.56644031178439,-1.1070557225420497e-13,0
0.007767922710627317,-3.071089823419859e-12,20.5765203119372,-2.3855988385719562e-14,0
0.01929514668881893,-4.97736574178731e-12,20.58655531208933,-9.603900211168819e-14,0
0.01518348790705204,-4.625218177206625e-12,20.596635312242142,-7.022694426109407e-14,0
0.012149118818342686,-3.4383487810402125e-12,20.60667031239427,-4.177290787976128e-14,0
0.019768571481108665,-5.517379522007593e-12,20.6167053125464,-1.0907071146921226e-13,0
0.007519401144236326,-3.0747021682181463e-12,20.626785312699212,-2.3119919001885443e-14,0
0.01868380978703499,-4.828964918907053e-12,20.63682031285134,-9.022346201312421e-14,0
0.01551819033920765,-4.722350982477863e-12,20.646900313004153,-7.328234139463573e-14,0
0.010839342139661312,-3.2651930204768975e-12,20.656935313156282,-3.539254430098324e-14,0
0.0195730272680521,-5.481309416771607e-12,20.66697031330841,-1.0728581867910142e-13,0
0.0073290010914206505,-3.087345483432369e-12,20.677050313461223,-2.2627158417668447e-14,0
0.01799631118774414,-4.6828313796098975e-12,20.687085313613352,-8.427369074719293e-14,0
0.0157987792044878,-4.809449713483183e-12,20.697165313766163,-7.598343411840792e-14,0
0.00968459527939558,-3.1161739855178894e-12,20.707200313918293,-3.017888386992186e-14,0
0.01925603672862053,-5.420945810297173e-12,20.717280314071104,-1.0438593162694394e-13,0
0.007122568320482969,-3.1130337023455024e-12,20.727315314223233,-2.2172795228921884e-14,0
0.01741379126906395,-4.543500124742916e-12,20.737350314375362,-7.911956280323916e-14,0
0.016083376482129097,-4.900762521492519e-12,20.747430314528174,-7.882080868267247e-14,0
0.008853010833263397,-3.0193013887680475e-12,20.757465314680303,-2.6729907903650745e-14,0
0.01925002411007881,-5.3826149266911205e-12,20.767545314833114,-1.0361546711407417e-13,0
0.007663270924240351,-3.2311846340921102e-12,20.777580314985244,-2.4761443257290265e-14,0
0.017082393169403076,-4.4408561029885e-12,20.787615315137373,-7.586044995999271e-14,0
0.016690652817487717,-4.994082838244429e-12,20.797695315290184,-8.335450279491143e-14,0
0.008367234840989113,-2.9407726254149225e-12,20.807730315442313,-2.4606135170798765e-14,0
0.01934422180056572,-5.352310608608413e-12,20.817810315595125,-1.0353628355844203e-13,0
0.00838575977832079,-3.3707223210527326e-12,20.827845315747254,-2.82660676637721e-14,0
0.016790863126516342,-4.334822431562024e-12,20.837925315900065,-7.27854101261107e-14,0
0.01717366650700569,-5.092821130092684e-12,20.847960316052195,-8.74624116680436e-14,0
0.007922626100480556,-2.889038834552604e-12,20.857995316204324,-2.288877447592839e-14,0
0.019430402666330338,-5.327224772422312e-12,20.868075316357135,-1.0351012242221552e-13,0
0.00911648292094469,-3.522214854848049e-12,20.878110316509265,-3.2110211568119923e-14,0
0.016482213512063026,-4.269398203027297e-12,20.888190316662076,-7.036913275031412e-14,0
0.01773901656270027,-5.205325753765422e-12,20.898225316814205,-9.233735976029509e-14,0
0.0075685856863856316,-2.8612136531575016e-12,20.908260316966334,-2.165534070097901e-14,0
0.019470486789941788,-5.299128323643654e-12,20.918340317119146,-1.0317660802371013e-13,0
0.010003643110394478,-3.689783721616546e-12,20.928375317271275,-3.691127950559506e-14,0
0.0161014162003994,-4.1570124079126636e-12,20.938455317424086,-6.693378693002628e-14,0
0.018181566148996353,-5.271900103964722e-12,20.948490317576216,-9.585140047113534e-14,0
0.007342163939028978,-2.8494650215760142e-12,20.958525317728345,-2.092123932693984e-14,0
0.01945645734667778,-5.261198161160552e-12,20.968605317881156,-1.0236427761503985e-13,0
0.010923736728727818,-3.870131645711261e-12,20.978640318033285,-4.2276299203267936e-14,0
0.015552261844277382,-4.045028634963588e-12,20.988720318186097,-6.290934449855363e-14,0
0.018482087180018425,-5.343627016568542e-12,20.998755318338226,-9.876138037772155e-14,0
0.007246829103678465,-2.8756194474233165e-12,21.008835318491037,-2.0839122702691076e-14,0
0.019482458010315895,-5.2209903067534924e-12,21.018870318643167,-1.0171772442359122e-13,0
0.01188705489039421,-4.0560449963977785e-12,21.028905318795296,-4.821442951008918e-14,0
0.014896887354552746,-3.9073566431013784e-12,21.038985318948107,-5.820745176634459e-14,0
0.018819661810994148,-5.391857099690256e-12,21.049020319100237,-1.0147292714937838e-13,0
0.00718469824641943,-2.898096693182417e-12,21.059100319253048,-2.082195022946166e-14,0
0.01942070573568344,-5.162454665141869e-12,21.069135319405177,-1.0025851292552643e-13,0
0.01286684162914753,-4.219079512840507e-12,21.079170319557306,-5.428622791249971e-14,0
0.014117250218987465,-3.774501110970219e-12,21.089250319710118,-5.328557663541275e-14,0
0.019066665321588516,-5.4437977563270845e-12,21.099285319862247,-1.03795069898303e-13,0
0.00723480386659503,-2.9394384062214618e-12,21.10936532001506,-2.1266260346948964e-14,0
0.019297203049063683,-5.0843378986142884e-12,21.119400320167188,-9.811350079960968e-14,0
0.013776534236967564,-4.383790205841898e-12,21.12948032032,-6.039343585846399e-14,0
0.013345630839467049,-3.644455397189272e-12,21.139515320472128,-4.8637556341791285e-14,0
0.01929308846592903,-5.469355003617782e-12,21.149550320624257,-1.0552074993636946e-13,0
0.007276891730725765,-2.968136804046284e-12,21.15963032077707,-2.1598810165027206e-14,0
0.019083132967352867,-4.9891141565283625e-12,21.169665320929198,-9.520792883833329e-14,0
0.014467986300587654,-4.4989849519450065e-12,21.17974532108201,-6.509125265129036e-14,0
0.0124551672488451,-3.488618682129241e-12,21.18978032123414,-4.3451329153365277e-14,0
0.019511274993419647,-5.4808978536269315e-12,21.199815321386268,-1.0693930523295857e-13,0
0.007351047825068235,-3.0072710814621484e-12,21.20989532153908,-2.2106593542772926e-14,0
0.0188381876796484,-4.885027712203671e-12,21.21993032169121,-9.20250688627762e-14,0
0.01509931031614542,-4.606955008451541e-12,21.23001032184402,-6.956184328513016e-14,0
0.011524781584739685,-3.336920149921152e-12,21.24004532199615,-3.845727589355808e-14,0
0.01967090740799904,-5.480349681008523e-12,21.25012532214896,-1.0780345113857572e-13,0
0.007465287111699581,-3.048211422856939e-12,21.26016032230109,-2.275577344878935e-14,0
0.01857677474617958,-4.779292413215064e-12,21.27019532245322,-8.878383860642126e-14,0
0.015796776860952377,-4.747035230179275e-12,21.28027532260603,-7.498785628222172e-14,0
0.010705548338592052,-3.2225277134256824e-12,21.29031032275816,-3.449892620853116e-14,0
0.019781138747930527,-5.469311635530882e-12,21.30039032291097,-1.0818921231810722e-13,0
0.007628278341144323,-3.1128762761900575e-12,21.3104253230631,-2.374588667632261e-14,0
0.01826596073806286,-4.660159411140619e-12,21.32046032321523,-8.512228883700867e-14,0
0.016375992447137833,-4.863635102297925e-12,21.33054032336804,-7.964685170086526e-14,0
0.00996453408151865,-3.1141129171879944e-12,21.34057532352017,-3.1030684297017236e-14,0
0.019825231283903122,-5.450246590849028e-12,21.35065532367298,-1.080523992178865e-13,0
0.007937035523355007,-3.1850154024598565e-12,21.36069032382511,-2.5279580391756726e-14,0
0.017961321398615837,-4.5552481058031e-12,21.37072532397724,-8.181827527876548e-14,0
0.016955208033323288,-4.975017359881706e-12,21.38080532413005,-8.435245430618912e-14,0
0.009344963356852531,-3.0347597265029114e-12,21.39084032428218,-2.8359718441021517e-14,0
0.019889365881681442,-5.425762703709092e-12,21.400920324434992,-1.0791497960125126e-13,0
0.008457803167402744,-3.31486617669019e-12,21.41095532458712,-2.8036485648726513e-14,0
0.01759655401110649,-4.457643455746396e-12,21.421035324739933,-7.843916383129685e-14,0
0.017461134120821953,-5.083101474456786e-12,21.43107032489206,-8.875671659523776e-14,0
0.008795376867055893,-2.9822012914682006e-12,21.44110532504419,-2.622958425188362e-14,0
0.019913416355848312,-5.400676867522991e-12,21.451185325197002,-1.0754592706638396e-13,0
0.009095899760723114,-3.4614117128128896e-12,21.46122032534913,-3.148465397033895e-14,0
0.017233792692422867,-4.378371797064684e-12,21.471300325501943,-7.545595188096373e-14,0
0.017913976684212685,-5.185127067292017e-12,21.481335325654072,-9.288624538814929e-14,0
0.008346651680767536,-2.929436641180283e-12,21.4913703258062,-2.4450987264809415e-14,0
0.01998356357216835,-5.370171755197939e-12,21.501450325959013,-1.073151686634609e-13,0
0.009871906600892544,-3.6129040297677717e-12,21.511485326111142,-3.566625113985574e-14,0
0.01692514307796955,-4.290469889089987e-12,21.521565326263953,-7.261681674456819e-14,0
0.018383285030722618,-5.2809688046162595e-12,21.531600326416083,-9.70815547736152e-14,0
0.007970348000526428,-2.9001035514036877e-12,21.541680326568894,-2.3114834542249976e-14,0
0.020001601427793503,-5.336255742838247e-12,21.551715326721023,-1.0673366048502477e-13,0
0.010705548338592052,-3.771198197471959e-12,21.561750326873153,-4.037274459744727e-14,0
0.01646217331290245,-4.159220277216713e-12,21.571830327025964,-6.84698050500797e-14,0
0.01872703619301319,-5.331878601827489e-12,21.581865327178093,-9.985028355317595e-14,0
0.007793977856636047,-2.893079439209023e-12,21.591945327330905,-2.254859708668416e-14,0
0.019908541813492775,-5.2962213607787856e-12,21.601980327483034,-1.0544004441457806e-13,0
0.011650342494249344,-3.965561819890828e-12,21.612015327635163,-4.620015338384688e-14,0
0.015864918008446693,-4.051651375513998e-12,21.622095327787974,-6.427911687133985e-14,0
0.019074900075793266,-5.404223943350495e-12,21.632130327940104,-1.0308503170662013e-13,0
0.007641658186912537,-2.9193696071683206e-12,21.642210328092915,-2.2308824659241433e-14,0
0.019890015944838524,-5.2599452571300276e-12,21.652245328245044,-1.0462039503329402e-13,0
0.012704283930361271,-4.161026558036074e-12,21.662325328397856,-5.2862862835064164e-14,0
0.01507125236093998,-3.92020096939838e-12,21.672360328549985,-5.908233811540453e-14,0
0.019319847226142883,-5.454103314816994e-12,21.682395328702114,-1.053724427978638e-13,0
0.007613598369061947,-2.9476666333488888e-12,21.692475328854925,-2.244234987220342e-14,0
0.019770631566643715,-5.178737647049125e-12,21.702510329007055,-1.0238691400011563e-13,0
0.013515988364815712,-4.30732793182953e-12,21.712590329159866,-5.821779421005365e-14,0
0.014262420125305653,-3.7674884913185824e-12,21.722625329311995,-5.373350368043958e-14,0
0.0195318590849638,-5.485019990286721e-12,21.732660329464125,-1.0713263752848974e-13,0
0.007629632018506527,-2.964323881846087e-12,21.742740329616936,-2.2616700402156465e-14,0
0.019599786028265953,-5.0793913346225406e-12,21.752775329769065,-9.955498331243002e-14,0
0.014309654012322426,-4.434965415744951e-12,21.762855329921877,-6.346282065592594e-14,0
0.013461711816489697,-3.620324092595828e-12,21.772890330074006,-4.8735759616819596e-14,0
0.0197610966861248,-5.5004186969020985e-12,21.782970330226817,-1.0869430568365096e-13,0
0.007679737638682127,-3.0036585198234267e-12,21.793005330378946,-2.3067309388436216e-14,0
0.01941864937543869,-4.997358429847942e-12,21.803040330531076,-9.704195115261002e-14,0
0.015005113556981087,-4.565412718010586e-12,21.813120330683887,-6.850453626823452e-14,0
0.01259307749569416,-3.4768700505477534e-12,21.823155330836016,-4.378449398900593e-14,0
0.019893374294042587,-5.522293559934166e-12,21.833235330988828,-1.0985705274935127e-13,0
0.007776481099426746,-3.06011162590214e-12,21.843270331140957,-2.379690022096404e-14,0
0.019169585779309273,-4.9029595487748434e-12,21.853305331293086,-9.398770364272285e-14,0
0.015642451122403145,-4.681009486279253e-12,21.863385331445897,-7.322246209262867e-14,0
0.011705918237566948,-3.3476379220770403e-12,21.873420331598027,-3.9187175804812347e-14,0
0.020049702376127243,-5.512660640472067e-12,21.883500331750838,-1.1052720514205593e-13,0
0.007949385792016983,-3.109372351609019e-12,21.893535331902967,-2.471760039397117e-14,0
0.0188608281314373,-4.784444975619584e-12,21.903570332055097,-9.02385943894797e-14,0
0.016319874674081802,-4.812861047198691e-12,21.913650332207908,-7.854528911405274e-14,0
0.01089080236852169,-3.2291235657622153e-12,21.923685332360037,-3.516774657825234e-14,0
0.02019200101494789,-5.506238260483132e-12,21.93376533251285,-1.1118196854422031e-13,0
0.008089355193078518,-3.1561597953200238e-12,21.943800332664978,-2.5531297630457667e-14,0
0.018516484647989273,-4.649902424908037e-12,21.95388033281779,-8.609984686545776e-14,0
0.016909489408135414,-4.922334241597159e-12,21.96391533296992,-8.323415872158943e-14,0
0.010110678151249886,-3.1153495581859314e-12,21.973950333122048,-3.149829671145648e-14,0
0.020228076726198196,-5.474730477988965e-12,21.98403033327486,-1.1074326816401651e-13,0
0.008433102630078793,-3.2497346827420337e-12,21.994065333426988,-2.7405346100090115e-14,0
0.01817977800965309,-4.556180953352307e-12,22.0041453335798,-8.283035830375452e-14,0
0.0174405500292778,-5.037550238062849e-12,22.01418033373193,-8.785764695193542e-14,0
0.00952815916389227,-3.0469205717503778e-12,22.024215333884058,-2.9031544167375234e-14,0
0.02025613561272621,-5.4522536659107335e-12,22.03429533403687,-1.1044158965167145e-13,0
0.008947696536779404,-3.3740200303805645e-12,22.044330334189,-3.0189707340860516e-14,0
0.017849083989858627,-4.45383009986533e-12,22.05441033434181,-7.949678752905672e-14,0
0.017893394455313683,-5.1313315575785e-12,22.06444533449394,-9.181693964075126e-14,0
0.008992493152618408,-2.973354635421588e-12,22.07452533464675,-2.6737871199334832e-14,0
0.02031024917960167,-5.411312890835074e-12,22.08456033479888,-1.09905113201651e-13,0
0.009622843936085701,-3.513351935768849e-12,22.09459533495101,-3.380843737044823e-14,0
0.01750035211443901,-4.363320035144502e-12,22.10467533510382,-7.635963700301519e-14,0
0.018375052139163017,-5.2329447199073176e-12,22.11471033525595,-9.615563206965477e-14,0
0.008533529937267303,-2.9400403552676257e-12,22.12479033540876,-2.5088922388450283e-14,0
0.02028316631913185,-5.38608610836655e-12,22.13482533556089,-1.0924688034516436e-13,0
0.01038238313049078,-3.669585035143141e-12,22.14486033571302,-3.8099037764771567e-14,0
0.017111536115407944,-4.2748166118045106e-12,22.15494033586583,-7.31486788396387e-14,0
0.018792903050780296,-5.317038476171376e-12,22.16497533601796,-9.992258859995727e-14,0
0.008232899010181427,-2.922179425518534e-12,22.17505533617077,-2.405800809992407e-14,0
0.02024817280471325,-5.346924725896374e-12,22.1850903363229,-1.082654558237438e-13,0
0.011355453170835972,-3.857184537048308e-12,22.195170336475712,-4.380007838172469e-14,0
0.016584429889917374,-4.157815584882041e-12,22.20520533662784,-6.8955001062682e-14,0
0.019105777144432068,-5.3813455427875745e-12,22.21524033677997,-1.0281478867768222e-13,0
0.008014440536499023,-2.9161586340142875e-12,22.225320336932782,-2.3371379967305726e-14,0
0.020219355821609497,-5.297251786523516e-12,22.23535533708491,-1.0710701874837556e-13,0
0.012293421663343906,-4.036800407836161e-12,22.245435337237723,-4.9626089584288575e-14,0
0.015896769240498543,-4.0113181873357995e-12,22.255470337389852,-6.376699957429211e-14,0
0.019379539415240288,-5.433492197837175e-12,22.26550533754198,-1.0529857621038612e-13,0
0.007954314351081848,-2.9384348686906092e-12,22.275585337694793,-2.337323464574502e-14,0
0.020169954746961594,-5.25602911888301e-12,22.28562033784692,-1.0601386947658273e-13,0
0.013237402774393559,-4.225447249039949e-12,22.295700337999733,-5.5933947137495045e-14,0
0.015102237462997437,-3.883323350384327e-12,22.305735338151862,-5.86468713831069e-14,0
0.019649187102913857,-5.469355003617782e-12,22.31577033830399,-1.0746837979834389e-13,0
0.007904209196567535,-2.96773543240203e-12,22.325850338456803,-2.3457601697771457e-14,0
0.020029984414577484,-5.174202646202053e-12,22.335885338608932,-1.036391983612927e-13,0
0.014093199744820595,-4.361112165840453e-12,22.345965338761744,-6.146202486275666e-14,0
0.014311821199953556,-3.747701367989853e-12,22.356000338913873,-5.363643188949212e-14,0
0.01988736167550087,-5.5156708193837556e-12,22.366080339066684,-1.0969214046809098e-13,0
0.007895867340266705,-3.0052859072843274e-12,22.376115339218813,-2.3729338843490112e-14,0
0.01982209086418152,-5.0870176127038036e-12,22.386150339370943,-1.0083532534670654e-13,0
0.014810704626142979,-4.497179104806515e-12,22.396230339523754,-6.660639137215139e-14,0
0.013486412353813648,-3.6007431845203053e-12,22.406265339675883,-4.856110736662494e-14,0
0.02006373181939125,-5.526508070619052e-12,22.416345339828695,-1.1088237582660202e-13,0
0.007949385792016983,-3.0376454390051988e-12,22.426380339980824,-2.4147415494013118e-14,0
0.019589493051171303,-4.973656035633933e-12,22.436415340132953,-9.743140034896714e-14,0
0.015446038916707039,-4.5953154476086056e-12,22.446495340285765,-7.097942123830755e-14,0
0.012576610781252384,-3.436678242332847e-12,22.456530340437894,-4.3221764634218775e-14,0
0.020244110375642776,-5.523096303222674e-12,22.466610340590705,-1.118101711777444e-13,0
0.008070829324424267,-3.0753639652242315e-12,22.476645340742834,-2.482073767380942e-14,0
0.019284095615148544,-4.8523966962588094e-12,22.486725340895646,-9.357408185328579e-14,0
0.016083376482129097,-4.725963544116585e-12,22.496760341047775,-7.600945092084416e-14,0
0.011707977391779423,-3.3084767564472983e-12,22.506795341199904,-3.8735571065712684e-14,0
0.020372379571199417,-5.5174766665222474e-12,22.516875341352716,-1.1240412892562729e-13,0
0.008192273788154125,-3.1190596980201768e-12,22.526910341504845,-2.5552191007778616e-14,0
0.01892935112118721,-4.739409385778881e-12,22.536990341657656,-8.971394437045865e-14,0
0.016748936846852303,-4.84854604382301e-12,22.547025341809785,-8.120799148704717e-14,0
0.010884626768529415,-3.1804810521340876e-12,22.557060341961915,-3.461834919685929e-14,0
0.020384404808282852,-5.484363397451064e-12,22.567140342114726,-1.1179548360937195e-13,0
0.008383701555430889,-3.1709999209761364e-12,22.577175342266855,-2.658471696975886e-14,0
0.01865878328680992,-4.616989516398329e-12,22.587255342419667,-8.614740682394976e-14,0
0.01729852333664894,-4.9520140592285156e-12,22.597290342571796,-8.566253076697813e-14,0
0.010106832720339298,-3.086743534386205e-12,22.607370342724607,-3.119720055263027e-14,0
0.02042248472571373,-5.459478355507308e-12,22.617405342876737,-1.1149611332571271e-13,0
0.008729509077966213,-3.273025296970933e-12,22.627440343028866,-2.857190404232082e-14,0
0.018277984112501144,-4.516043788926893e-12,22.637520343181677,-8.254417662536523e-14,0
0.017763715237379074,-5.050947941148687e-12,22.647555343333806,-8.972360090539139e-14,0
0.009543649852275848,-3.006066966529386e-12,22.657635343486618,-2.868885056104948e-14,0
0.020478710532188416,-5.425659487662271e-12,22.667670343638747,-1.1111051009405735e-13,0
0.009316145442426205,-3.3983412871946284e-12,22.677705343790876,-3.165944169450704e-14,0
0.017909210175275803,-4.416903474913081e-12,22.687785343943688,-7.91032526561244e-14,0
0.018233025446534157,-5.151736676145546e-12,22.697820344095817,-9.393174591000504e-14,0
0.009048610925674438,-2.9522825156780286e-12,22.70790034424863,-2.6714055827041826e-14,0
0.020482826977968216,-5.399277379358747e-12,22.717935344400757,-1.1059246436746287e-13,0
0.010064744390547276,-3.5675917515326505e-12,22.72801534455357,-3.5906899069000974e-14,0
0.017526406794786453,-4.338836148004566e-12,22.738050344705698,-7.60442073458523e-14,0
0.01867557503283024,-5.250464125972076e-12,22.748085344857827,-9.805543674177495e-14,0
0.008595660328865051,-2.928200000182346e-12,22.75816534501064,-2.5169812576550028e-14,0
0.020462244749069214,-5.3627957109780855e-12,22.768200345162768,-1.0973483837729223e-13,0
0.010862418450415134,-3.72573413093269e-12,22.77828034531558,-4.0470483165184645e-14,0
0.01712561957538128,-4.2314463565007454e-12,22.78831534546771,-7.246614055506496e-14,0
0.019070783630013466,-5.3324970307466746e-12,22.798350345619838,-1.016948970810591e-13,0
0.00829903781414032,-2.9127470834583447e-12,22.80843034577265,-2.4172998188647732e-14,0
0.02042107656598091,-5.331260172908303e-12,22.81846534592478,-1.0887007218412509e-13,0
0.011784353293478489,-3.9035432872203124e-12,22.82854534607759,-4.6000733192990536e-14,0
0.016536924988031387,-4.11128292868157e-12,22.83858034622972,-6.798797739618112e-14,0
0.019352780655026436,-5.385674111541006e-12,22.848615346381848,-1.0422776976010746e-13,0
0.008152730762958527,-2.9179649148336484e-12,22.85869534653466,-2.3789382326397942e-14,0
0.020351091399788857,-5.2869462280336066e-12,22.86873034668679,-1.0759512591248087e-13,0
0.012748376466333866,-4.087173308131575e-12,22.8788103468396,-5.210482401521251e-14,0
0.015835018828511238,-3.9742185237168215e-12,22.88884534699173,-6.2931825151674e-14,0
0.019634831696748734,-5.440412877144585e-12,22.89892534714454,-1.0682159120355847e-13,0
0.00805230438709259,-2.9358260614231746e-12,22.90896034729667,-2.364016507413859e-14,0
0.020305808633565903,-5.22799815591557e-12,22.9189953474488,-1.06158730090657e-13,0
0.01363423652946949,-4.257156259457329e-12,22.92907534760161,-5.80430753843528e-14,0
0.015028135851025581,-3.837360117164845e-12,22.93911034775374,-5.766836915006074e-14,0
0.019863311201334,-5.485366934981917e-12,22.94919034790655,-1.0895755048305346e-13,0
0.008066711947321892,-2.963239029152298e-12,22.95922534805868,-2.3903595679233367e-14,0
0.02013290487229824,-5.136072123157476e-12,22.96926034821081,-1.0340405147279231e-13,0
0.014413872733712196,-4.395229406123358e-12,22.97934034836362,-6.335227729533151e-14,0
0.014254187233746052,-3.692051005199648e-12,22.98937534851575,-5.26271863046561e-14,0
0.020067740231752396,-5.50663984896782e-12,22.999455348668562,-1.1050581803890246e-13,0
0.008044070564210415,-2.9982778412818156e-12,23.00949034882069,-2.41183585263794e-14,0
0.019867319613695145,-5.0298051314234815e-12,23.019570348973502,-9.992874614059422e-14,0
0.015149416401982307,-4.5142375081075325e-12,23.02960534912563,-6.838806374776799e-14,0
0.013385551981627941,-3.543856397572598e-12,23.03964034927776,-4.7436474025132744e-14,0
0.02027818188071251,-5.512861001033542e-12,23.049720349430572,-1.11790798062045e-13,0
0.008146989159286022,-3.0390882952563425e-12,23.0597553495827,-2.475941939556646e-14,0
0.019650865346193314,-4.934678967533079e-12,23.069835349735513,-9.697071191768479e-14,0
0.015779443085193634,-4.632128014492309e-12,23.079870349887642,-7.309240036801239e-14,0
0.012463401071727276,-3.396280435705168e-12,23.08990535003977,-4.232920522225417e-14,0
0.020404446870088577,-5.512861001033542e-12,23.099985350192583,-1.1248687939777224e-13,0
0.008254025131464005,-3.0759823941434172e-12,23.110020350344712,-2.5389235985200583e-14,0
0.01934422180056572,-4.821089274326118e-12,23.120100350497523,-9.326022024289286e-14,0
0.016479289159178734,-4.759711721979976e-12,23.130135350649653,-7.843666578084056e-14,0
0.011581928469240665,-3.2649544959989507e-12,23.140215350802464,-3.7814469427985556e-14,0
0.020488623529672623,-5.502826493086754e-12,23.150250350954593,-1.1274534036596316e-13,0
0.008385760709643364,-3.129777470176065e-12,23.160285351106722,-2.624556493932945e-14,0
0.019069645553827286,-4.700877274249615e-12,23.170365351259534,-8.96440634119819e-14,0
0.017061809077858925,-4.873897726381804e-12,23.180400351411663,-8.315751247253704e-14,0
0.010764212347567081,-3.1557801077192194e-12,23.190480351564474,-3.3969487201717795e-14,0
0.020596038550138474,-5.487493272282595e-12,23.200515351716604,-1.1302062297955785e-13,0
0.008587481454014778,-3.1957331746157447e-12,23.210550351868733,-2.7443299368992478e-14,0
0.01870688423514366,-4.593709961031589e-12,23.220630352021544,-8.593400045084424e-14,0
0.01757846213877201,-4.98787773237086e-12,23.230665352173673,-8.767921987130516e-14,0
0.010074765421450138,-3.0714911950641133e-12,23.240745352326485,-3.094455328432049e-14,0
0.020581629127264023,-5.464202441213262e-12,23.250780352478614,-1.1246218812134205e-13,0
0.009038264863193035,-3.312392894694316e-12,23.260815352630743,-2.9938284313205903e-14,0
0.01833811029791832,-4.4983830028988425e-12,23.270895352783555,-8.249184366944e-14,0
0.018062179908156395,-5.087430043210217e-12,23.280930352935684,-9.18900767106228e-14,0
0.009553670883178711,-3.001451084200246e-12,23.291010353088495,-2.8674875830409066e-14,0
0.020571338012814522,-5.421743349415253e-12,23.301045353240625,-1.1153251505955033e-13,0
0.009742066264152527,-3.4718636385960844e-12,23.311125353393436,-3.3823125627304754e-14,0
0.017951028421521187,-4.4010762915991375e-12,23.321160353545565,-7.900384559577918e-14,0
0.018525313585996628,-5.178531214955484e-12,23.331195353697694,-9.593391467192245e-14,0
0.009080678224563599,-2.9472652617046347e-12,23.341275353850506,-2.6763167483974012e-14,0
0.020637206733226776,-5.394536813779771e-12,23.351310354002635,-1.1132817145597561e-13,0
0.010453560389578342,-3.610137796344892e-12,23.361390354155446,-3.773879346879061e-14,0
0.017603162676095963,-4.310181118266643e-12,23.371425354307576,-7.587281938828492e-14,0
0.018939048051834106,-5.2826180929610445e-12,23.381460354459705,-1.0004775790207747e-13,0
0.008707895874977112,-2.9193696071683206e-12,23.391540354612516,-2.542156655979457e-14,0
0.020585747435688972,-5.357848713305469e-12,23.401575354764645,-1.1029532041073751e-13,0
0.011289314366877079,-3.777110135078088e-12,23.411655354917457,-4.264098371321408e-14,0
0.017096802592277527,-4.2003232489373765e-12,23.421690355069586,-7.18120974108361e-14,0
0.019316162914037704,-5.363750242570742e-12,23.431770355222397,-1.036070735157057e-13,0
0.008425302803516388,-2.922580797162788e-12,23.441805355374527,-2.46236281838388e-14,0
0.02054457925260067,-5.328580892499657e-12,23.451840355526656,-1.0947345244985281e-13,0
0.012227282859385014,-3.969369537920597e-12,23.461920355679467,-4.853460411358153e-14,0
0.016530748456716537,-4.08840452811865e-12,23.471955355831597,-6.758438684363027e-14,0
0.019594747573137283,-5.416932093854632e-12,23.482035355984408,-1.0614341699990751e-13,0
0.00824990775436163,-2.927375572850388e-12,23.492070356136537,-2.4150578438387234e-14,0
0.020507527515292168,-5.276434237450056e-12,23.502105356288666,-1.0820662030713667e-13,0
0.01315122190862894,-4.137545774746121e-12,23.512185356441478,-5.441378264079629e-14,0
0.015785617753863335,-3.932995856076316e-12,23.522220356593607,-6.208476921154921e-14,0
0.019877340644598007,-5.4560665881109305e-12,23.53230035674642,-1.0845209415149057e-13,0
0.008227265439927578,-2.9504599718260804e-12,23.542335356898548,-2.4274217358094407e-14,0
0.02035835012793541,-5.1957739326258245e-12,23.55241535705136,-1.0577738490599642e-13,0
0.014011027291417122,-4.297093063321267e-12,23.56245035720349,-6.020668818395347e-14,0
0.014956091530621052,-3.7944890285412924e-12,23.572485357355617,-5.6750725222800926e-14,0
0.020113836973905563,-5.49299321306318e-12,23.58256535750843,-1.104851699863225e-13,0
0.008204624056816101,-2.9857052160492392e-12,23.592600357660558,-2.4496588842158903e-14,0
0.020179975777864456,-5.1197132470981455e-12,23.60268035781337,-1.0331568931605236e-13,0
0.014842880889773369,-4.45239851931678e-12,23.6127153579655,-6.608642089602228e-14,0
0.014161559753119946,-3.667523749972812e-12,23.622750358117628,-5.193785673122651e-14,0
0.020322274416685104,-5.516473562672264e-12,23.63283035827044,-1.1210728955301428e-13,0
0.008262258023023605,-3.013736395857114e-12,23.64286535842257,-2.4900267715948684e-14,0
0.019957508891820908,-5.011542396349267e-12,23.65294535857538,-1.0001790193687795e-13,0
0.015528320334851742,-4.558546248811801e-12,23.66298035872751,-7.078656641278642e-14,0
0.013217361643910408,-3.4933371299838978e-12,23.67306035888032,-4.617270019109724e-14,0
0.020482610911130905,-5.530521787061593e-12,23.68309535903245,-1.1327952589991498e-13,0
0.008313717320561409,-3.0627911231512206e-12,23.69313035918458,-2.5463179609804034e-14,0
0.019700970500707626,-4.916817820943553e-12,23.70321035933739,-9.686608284776249e-14,0
0.01612319052219391,-4.686953949950556e-12,23.71324535948952,-7.556865150380211e-14,0
0.012257345952093601,-3.3602814541316972e-12,23.72332535964233,-4.118813227969636e-14,0
0.020589862018823624,-5.525211798501628e-12,23.73336035979446,-1.1376334855592484e-13,0
0.008468096144497395,-3.1104029941941835e-12,23.74339535994659,-2.6339191602968918e-14,0
0.01943240687251091,-4.807041049936789e-12,23.7534753600994,-9.341237753523372e-14,0
0.01684568077325821,-4.818041365178827e-12,23.76351036025153,-8.11631867901557e-14,0
0.011517793871462345,-3.2450862743477193e-12,23.77359036040434,-3.7376234803048736e-14,0
0.020754532888531685,-5.512638956428617e-12,23.78362536055647,-1.1441224652379872e-13,0
0.008647173643112183,-3.1578086499839397e-12,23.7936603607086,-2.7306119728132787e-14,0
0.01911373808979988,-4.690040023014319e-12,23.80374036086141,-8.96441966305747e-14,0
0.017372624948620796,-4.927280371908038e-12,23.81377536101354,-8.559979391785914e-14,0
0.010764212347567081,-3.138520910175857e-12,23.823855361166352,-3.3783705534412436e-14,0
0.020750416442751884,-5.4994476854364205e-12,23.83389036131848,-1.141158296779337e-13,0
0.008964434266090393,-3.2619441002468275e-12,23.843970361471293,-2.9241483466324056e-14,0
0.01871880143880844,-4.574623232306285e-12,23.854005361623422,-8.563146394290141e-14,0
0.017885159701108932,-5.042085238909921e-12,23.86404036177555,-9.017849972450793e-14,0
0.010118857026100159,-3.076107077393253e-12,23.874120361928362,-3.1126687713117143e-14,0
0.020740125328302383,-5.4749199965287154e-12,23.88415536208049,-1.1355052689043441e-13,0
0.009483523666858673,-3.387975880744798e-12,23.894235362233303,-3.212994944778965e-14,0
0.018385345116257668,-4.48249076745455e-12,23.904270362385432,-8.24121397400906e-14,0
0.018372995778918266,-5.138133408327805e-12,23.91430536253756,-9.440290342272569e-14,0
0.009557679295539856,-3.009879888729583e-12,23.924385362690373,-2.876746669457254e-14,0
0.020754532888531685,-5.444827748390946e-12,23.934420362842502,-1.130048565763698e-13,0
0.010112845338881016,-3.5390941479501725e-12,23.944500362995313,-3.579031175795898e-14,0
0.01799837127327919,-4.407465711842029e-12,23.954535363147443,-7.932720425598059e-14,0
0.018807094544172287,-5.2495586003176165e-12,23.964615363300254,-9.872894491134615e-14,0
0.009088695049285889,-2.9661299458250134e-12,23.974650363452383,-2.695825055415842e-14,0
0.020783349871635437,-5.411231792512572e-12,23.984685363604513,-1.1246352358030576e-13,0
0.01081832591444254,-3.692219273376818e-12,23.994765363757324,-3.994363144697663e-14,0
0.017619630321860313,-4.309356690934685e-12,24.004800363909453,-7.59292718193044e-14,0
0.019237998872995377,-5.336456537080592e-12,24.014880364062265,-1.0266274484614523e-13,0
0.008721275255084038,-2.9430401258384586e-12,24.024915364214394,-2.5667063024194362e-14,0
0.020719541236758232,-5.375986548289413e-12,24.034950364366523,-1.1138797497554005e-13,0
0.011668109335005283,-3.853973997575144e-12,24.045030364519334,-4.496858997797417e-14,0
0.017078276723623276,-4.1858955537876774e-12,24.055065364671464,-7.148788260377025e-14,0
0.01949654147028923,-5.393451744245548e-12,24.065145364824275,-1.051536555996871e-13,0
0.00848456285893917,-2.9319101400165914e-12,24.075180364976404,-2.4875975879731916e-14,0
0.020640943199396133,-5.326020440649115e-12,24.085260365129216,-1.0993408539426115e-13,0
0.012604073621332645,-4.030579255770439e-12,24.095295365281345,-5.0801717676346755e-14,0
0.01642577350139618,-4.042441294899168e-12,24.105330365433474,-6.640022510270442e-14,0
0.019787151366472244,-5.450045796606684e-12,24.115410365586285,-1.0784088113166226e-13,0
0.008324009366333485,-2.953963896407119e-12,24.125445365738415,-2.4588823141503815e-14,0
0.02056678757071495,-5.272637795122881e-12,24.135525365891226,-1.0844122146961515e-13,0
0.013626382686197758,-4.221758793249153e-12,24.145560366043355,-5.75273009256334e-14,0
0.015604480169713497,-3.908881031355893e-12,24.155595366195485,-6.099605653956228e-14,0
0.020069744437932968,-5.4863700388319e-12,24.165675366348296,-1.1011004457128861e-13,0
0.008342534303665161,-2.978903365299934e-12,24.175710366500425,-2.485160351231829e-14,0
0.020402442663908005,-5.187746499740742e-12,24.185790366653237,-1.0584270051584993e-13,0
0.014525892212986946,-4.3757246090403434e-12,24.195825366805366,-6.356130402463447e-14,0
0.014877873472869396,-3.777999614540395e-12,24.205860366957495,-5.6208600245681345e-14,0
0.020306240767240524,-5.512259051987378e-12,24.215940367110306,-1.119332594810567e-13,0
0.008330184035003185,-3.0071407603610156e-12,24.225975367262436,-2.5050035952966672e-14,0
0.02023809775710106,-5.100848562977767e-12,24.236055367415247,-1.032314718617125e-13,0
0.015186629258096218,-4.499598176693764e-12,24.246090367567376,-6.833372931985392e-14,0
0.014003010466694832,-3.6211758418225326e-12,24.256170367720188,-5.070736321478339e-14,0
0.020489003509283066,-5.54623534598786e-12,24.266205367872317,-1.1363683546725504e-13,0
0.008359001949429512,-3.0533099919932694e-12,24.276240368024446,-2.5522624175284346e-14,0
0.019985567778348923,-5.002110271129512e-12,24.286320368177257,-9.997001385843416e-14,0
0.015820609405636787,-4.6162574630914666e-12,24.296355368329387,-7.303200623942587e-14,0
0.013008924201130867,-3.4714622669518302e-12,24.306435368482198,-4.5159989497862287e-14,0
0.020575454458594322,-5.55138790839238e-12,24.316470368634327,-1.142223290911186e-13,0
0.008457803167402744,-3.0947382243656785e-12,24.326505368786457,-2.617468675632238e-14,0
0.019692953675985336,-4.9031707513580436e-12,24.336585368939268,-9.655791447194017e-14,0
0.016477230936288834,-4.750230157141155e-12,24.346620369091397,-7.827063929973841e-14,0
0.012149118818342686,-3.345630847015335e-12,24.35670036924421,-4.0646466682701786e-14,0
0.020727775990962982,-5.539433495238555e-12,24.366735369396338,-1.1482013660614187e-13,0
0.008611693978309631,-3.143538164149251e-12,24.37681536954915,-2.707118867879062e-14,0
0.019418377429246902,-4.786972467724082e-12,24.38685036970128,-9.295523812167966e-14,0
0.017063867300748825,-4.862355310053523e-12,24.396885369853408,-8.297058577984473e-14,0
0.011303343810141087,-3.2260207959849962e-12,24.40696537000622,-3.646482219568343e-14,0
0.020773058757185936,-5.524593369582442e-12,24.41700037015835,-1.147627026758959e-13,0
0.008776038885116577,-3.203142395422076e-12,24.42708037031116,-2.81109022167896e-14,0
0.019044024869799614,-4.655212847148871e-12,24.43711537046329,-8.865398923531376e-14,0
0.01758875511586666,-4.982518737872699e-12,24.447150370615418,-8.763630194065993e-14,0
0.010561787523329258,-3.12346936509611e-12,24.45723037076823,-3.298941976977325e-14,0
0.02081628516316414,-5.500066114355606e-12,24.46726537092036,-1.1449094465268244e-13,0
0.009138800203800201,-3.3151263852115864e-12,24.47734537107317,-3.029627768479507e-14,0
0.01869204267859459,-4.561843958139633e-12,24.4873803712253,-8.527018195863489e-14,0
0.0181136392056942,-5.0861983895422735e-12,24.49746037137811,-9.212956255675162e-14,0
0.010000609792768955,-3.0560380614996774e-12,24.50749537153024,-3.056224416490833e-14,0
0.020797759294509888,-5.468118579460279e-12,24.51753037168237,-1.1372461400945223e-13,0
0.009707994759082794,-3.4379474093959583e-12,24.52761037183518,-3.337557543241823e-14,0
0.01826390065252781,-4.4610552231427736e-12,24.53764537198731,-8.14762694009199e-14,0
0.018552560359239578,-5.171290045485888e-12,24.54772537214012,-9.594067070401172e-14,0
0.009351138025522232,-2.9805524368042846e-12,24.55776037229225,-2.7871557228863495e-14,0
0.020797759294509888,-5.4345221899010365e-12,24.56779537244438,-1.1302588438623451e-13,0
0.010431514121592045,-3.5842492168702833e-12,24.57787537259719,-3.738914632108759e-14,0
0.017911920323967934,-4.371396473967781e-12,24.58791037274932,-7.830010534618526e-14,0
0.019021544605493546,-5.283274252115833e-12,24.59799037290213,-1.0049603684967686e-13,0
0.009060907177627087,-2.954170111660326e-12,24.60802537305426,-2.6767461168674458e-14,0
0.02080729231238365,-5.394454848095531e-12,24.618105373207072,-1.1224399889027887e-13,0
0.011193112470209599,-3.737374125456494e-12,24.6281403733592,-4.1832848929485776e-14,0
0.01755581982433796,-4.2796764396224596e-12,24.63817537351133,-7.513322848047607e-14,0
0.019406352192163467,-5.360338475174364e-12,24.648255373664142,-1.040246163184382e-13,0
0.008694516494870186,-2.9422156985065007e-12,24.65829037381627,-2.5581142922130776e-14,0
0.02080528810620308,-5.3661580387553975e-12,24.668370373969083,-1.1164446401972371e-13,0
0.012142294086515903,-3.938354850574477e-12,24.678405374121212,-4.7820662812731697e-14,0
0.016923898831009865,-4.1564217345690935e-12,24.68844037427334,-7.034286093485788e-14,0
0.019708987325429916,-5.420544655493353e-12,24.698520374426153,-1.0683344591204537e-13,0
0.00854631420224905,-2.9488111171621645e-12,24.70855537457828,-2.5201466330352894e-14,0
0.02072712406516075,-5.320602031871902e-12,24.718635374731093,-1.1028077841595528e-13,0
0.013126197271049023,-4.128802334746329e-12,24.728670374883222,-5.4195473939048094e-14,0
0.01630226895213127,-4.026158746672781e-12,24.73870537503535,-6.563552273223543e-14,0
0.019979555159807205,-5.4769379136121454e-12,24.748785375188163,-1.0942678315185325e-13,0
0.008478387258946896,-2.978285153221183e-12,24.758820375340292,-2.525105489658118e-14,0
0.020642947405576706,-5.260797006356732e-12,24.768900375493104,-1.085983559136374e-13,0
0.013974248431622982,-4.284211006788663e-12,24.778935375645233,-5.986862894235839e-14,0
0.0153959346935153,-3.8744437345916705e-12,24.789015375798044,-5.965068271147289e-14,0
0.020223472267389297,-5.520058802416239e-12,24.799050375950173,-1.1163475610502299e-13,0
0.008416635915637016,-3.0050796920311207e-12,24.809085376102303,-2.5292661665300554e-14,0
0.020440522581338882,-5.179117117809495e-12,24.819165376255114,-1.0586386039798374e-13,0
0.014830531552433968,-4.439413246737356e-12,24.829200376407243,-6.583885823003168e-14,0
0.014566192403435707,-3.734162718621592e-12,24.839280376560055,-5.439253262517866e-14,0
0.02041078545153141,-5.5474717701453624e-12,24.849315376712184,-1.1322825609886416e-13,0
0.008418695069849491,-3.036614796420034e-12,24.859350376864313,-2.5564334015653357e-14,0
0.02020001783967018,-5.076163881595486e-12,24.869430377017125,-1.0253860096531825e-13,0
0.015474802814424038,-4.550919970730538e-12,24.879465377169254,-7.042458917127949e-14,0
0.013750479556620121,-3.574615863727315e-12,24.889545377322065,-4.915268235695242e-14,0
0.020598096773028374,-5.560663041137559e-12,24.899580377474194,-1.145390754435537e-13,0
0.008497454226016998,-3.0817260635723764e-12,24.909660377627006,-2.618682616232982e-14,0
0.019985567778348923,-4.980235408097444e-12,24.919695377779135,-9.953283230066468e-14,0
0.016090257093310356,-4.6626326931364925e-12,24.929730377931264,-7.502295876424022e-14,0
0.012780444696545601,-3.4347364362419253e-12,24.939810378084076,-4.389745907060005e-14,0
0.020752474665641785,-5.562517894214247e-12,24.949845378236205,-1.1543601167686025e-13,0
0.008583635091781616,-3.1222652501633474e-12,24.959925378389016,-2.6800385567152416e-14,0
0.01967594400048256,-4.8549354640659015e-12,24.969960378541145,-9.552543831691748e-14,0
0.016755113378167152,-4.791246826368889e-12,24.979995378693275,-8.027788379859428e-14,0
0.011924647726118565,-3.3054932489090527e-12,24.990075378846086,-3.94168425543036e-14,0
0.02083275094628334,-5.548090199064548e-12,25.000110378998215,-1.155819813446273e-13,0
0.00868985801935196,-3.162603642511974e-12,25.010190379151027,-2.7482576624914395e-14,0
0.019305437803268433,-4.737451750336241e-12,25.020225379303156,-9.145858011210148e-14,0
0.01735604926943779,-4.9120009275316345e-12,25.030305379455967,-8.525293010976317e-14,0
0.011134990490972996,-3.190298502805944e-12,25.040340379608097,-3.552394349210957e-14,0
0.020882152020931244,-5.514493809505305e-12,25.050375379760226,-1.1515449804857405e-13,0
0.008942387998104095,-3.2374599962664563e-12,25.060455379913037,-2.895062341495529e-14,0
0.01900285668671131,-4.62388374117273e-12,25.070490380065166,-8.786700006951992e-14,0
0.01789918914437294,-5.022580441826907e-12,25.080570380217978,-8.990011732108802e-14,0
0.010417376644909382,-3.106074642281187e-12,25.090605380370107,-3.23571494358453e-14,0
0.020902736112475395,-5.493058265193529e-12,25.100640380522236,-1.1481994736779222e-13,0
0.009399347007274628,-3.3482398711232042e-12,25.110720380675048,-3.1471268412279475e-14,0
0.018657049164175987,-4.531133281082678e-12,25.120755380827177,-8.453757639459357e-14,0
0.018356148153543472,-5.1229242202521785e-12,25.13083538097999,-9.403715596632516e-14,0
0.009801922366023064,-3.0368207948328063e-12,25.140870381132117,-2.976668167047562e-14,0
0.020899485796689987,-5.46529835276921e-12,25.15095038128493,-1.142219252983733e-13,0
0.010010629892349243,-3.5051779187500465e-12,25.160985381437058,-3.508903885144172e-14,0
0.01825154945254326,-4.451161661478409e-12,25.171020381589187,-8.12405971857378e-14,0
0.01879306510090828,-5.22286684387363e-12,25.181100381742,-9.815367661029249e-14,0
0.009347020648419857,-2.9879722827919064e-12,25.191135381894128,-2.7928638624162165e-14,0
0.020875435322523117,-5.432786599063322e-12,25.20121538204694,-1.134117852698167e-13,0
0.010715840384364128,-3.657630188308447e-12,25.21125038219907,-3.919458128294503e-14,0
0.01783987507224083,-4.362739770141788e-12,25.221285382351198,-7.783073247202617e-14,0
0.019203927367925644,-5.323411850222115e-12,25.23136538250401,-1.0223041452122016e-13,0
0.00896210502833128,-2.9578800346541367e-12,25.24140038265614,-2.650883153177454e-14,0
0.020843368023633957,-5.3990709472651055e-12,25.25148038280895,-1.125348227395566e-13,0
0.011568007990717888,-3.8258177008365646e-12,25.26151538296108,-4.425708973430732e-14,0
0.017397325485944748,-4.249378193071918e-12,25.27155038311321,-7.392781553774791e-14,0
0.019554663449525833,-5.39224784615322e-12,25.28163038326602,-1.0544359186795676e-13,0
0.008661583065986633,-2.953139469075161e-12,25.29166538341815,-2.5578862816838172e-14,0
0.020801279693841934,-5.361943961751381e-12,25.30174538357096,-1.1153529605109737e-13,0
0.012504568323493004,-4.012349046761399e-12,25.31178038372309,-5.0172692792929935e-14,0
0.016728732734918594,-4.1132626818485285e-12,25.3218603838759,-6.880967207315853e-14,0
0.019801180809736252,-5.462086945934308e-12,25.33189538402803,-1.0815577121494531e-13,0
0.008523670956492424,-2.9718957329782913e-12,25.34193038418016,-2.5331461344910826e-14,0
0.02075919136404991,-5.322006724206574e-12,25.35201038433297,-1.1048055602856467e-13,0
0.013406136073172092,-4.1978499669415026e-12,25.3620453844851,-5.6276947871578754e-14,0
0.015969136729836464,-3.980808304521188e-12,25.37212538463791,-6.357007211016733e-14,0
0.02011643722653389,-5.503363823683438e-12,25.38216038479004,-1.107080728939054e-13,0
0.00847015343606472,-2.9972474155370854e-12,25.39219538494217,-2.5387145495447546e-14,0
0.020632926374673843,-5.250762498409944e-12,25.40227538509498,-1.0833859604059087e-13,0
0.01428300328552723,-4.346869218740945e-12,25.41231038524711,-6.20863473330341e-14,0
0.015193509869277477,-3.843337106901323e-12,25.422390385399922,-5.83937802646656e-14,0
0.02038402482867241,-5.5458229154814465e-12,25.43242538555205,-1.1304619200459421e-13,0
0.008439332246780396,-3.0283432012057077e-12,25.442505385704862,-2.55571944322535e-14,0
0.020388413220643997,-5.161857920266133e-12,25.45254038585699,-1.0524209226463995e-13,0
0.015044602565467358,-4.4880557603654836e-12,25.46257538600912,-6.752101520635511e-14,0
0.014349738135933876,-3.7034576794159335e-12,25.472655386161932,-5.3143647897131996e-14,0
0.02052811160683632,-5.5695257433763246e-12,25.48269038631406,-1.143318460571772e-13,0
0.008487433195114136,-3.0678786334253916e-12,25.492770386466873,-2.603841495191606e-14,0
0.020176131278276443,-5.063108352715284e-12,25.502805386619002,-1.0215393880052157e-13,0
0.01571357436478138,-4.610898468593305e-12,25.51284038677113,-7.245369597469748e-14,0
0.013417782261967659,-3.556554139735879e-12,25.522920386923943,-4.7721069049875725e-14,0
0.020666023716330528,-5.580243732372647e-12,25.532955387076072,-1.1532144931611791e-13,0
0.008505471050739288,-3.109420923866346e-12,25.543035387228883,-2.644708965250822e-14,0
0.019922949373722076,-4.96602975755267e-12,25.553070387381013,-9.893795944811917e-14,0
0.016345927491784096,-4.744025051267586e-12,25.563150387533824,-7.75454895072273e-14,0
0.01253593061119318,-3.4106537039058082e-12,25.573185387685953,-4.275571817097222e-14,0
0.020781291648745537,-5.575503166793672e-12,25.583220387838082,-1.1586615739764362e-13,0
0.008625723421573639,-3.1511642253900796e-12,25.593300387990894,-2.7181071064172163e-14,0
0.019601842388510704,-4.840919765741747e-12,25.603335388143023,-9.489094626349588e-14,0
0.017039384692907333,-4.862029615720909e-12,25.613415388295834,-8.284599301057697e-14,0
0.011627700179815292,-3.283743069126821e-12,25.623450388447964,-3.8182379875353157e-14,0
0.02083892561495304,-5.5534487598818405e-12,25.633485388600093,-1.1572790561363089e-13,0
0.008780047297477722,-3.2043465103548385e-12,25.643565388752904,-2.813431391842317e-14,0
0.01927662082016468,-4.726115332420733e-12,25.653600388905033,-9.110353321544102e-14,0
0.017566490918397903,-4.976221257974034e-12,25.663680389057845,-8.741474553613946e-14,0
0.010874335654079914,-3.178213768550986e-12,25.673715389209974,-3.4560963299641674e-14,0
0.020898619666695595,-5.5348989280723515e-12,25.683750389362103,-1.156717475913852e-13,0
0.009040594100952148,-3.2966630727354618e-12,25.693830389514915,-2.9803792728199e-14,0
0.018871121108531952,-4.626151024755831e-12,25.703865389667044,-8.730065625452649e-14,0
0.018029462546110153,-5.084392108722913e-12,25.713945389819855,-9.166885709395778e-14,0
0.010188896209001541,-3.0978301521211726e-12,25.723980389971985,-3.1563469893078083e-14,0
0.020883452147245407,-5.502826493086754e-12,25.734060390124796,-1.149180137429715e-13,0
0.009523607790470123,-3.4104531265038984e-12,25.744095390276925,-3.2479817964605716e-14,0
0.018486205488443375,-4.5099037351836735e-12,25.754130390429054,-8.33710071817037e-14,0
0.018462371081113815,-5.1716912002897075e-12,25.764210390581866,-9.548168205667949e-14,0
0.009579617530107498,-3.036614796420034e-12,25.774245390733995,-2.908960833596917e-14,0
0.020851384848356247,-5.4807512694932115e-12,25.784325390886806,-1.1428125397832001e-13,0
0.010228006169199944,-3.5762159292934692e-12,25.794360391038936,-3.657755858720471e-14,0
0.0181280467659235,-4.4373523952478955e-12,25.804395391191065,-8.044053173793651e-14,0
0.01888926699757576,-5.273239310488176e-12,25.814475391343876,-9.960762527792346e-14,0
0.00911442469805479,-2.9867356417939694e-12,25.824510391496005,-2.722237710012748e-14,0
0.020823325961828232,-5.44502854263329e-12,25.834590391648817,-1.1338360421471153e-13,0
0.010950494557619095,-3.732655243920968e-12,25.844625391800946,-4.0874420934024937e-14,0
0.01767471805214882,-4.349672965558993e-12,25.854705391953757,-7.687924328530922e-14,0
0.019316162914037704,-5.374587060125169e-12,25.864740392105887,-1.0381639924905672e-13,0
0.008836544118821621,-2.9702468783143754e-12,25.874775392258016,-2.6246717584017173e-14,0
0.0207672081887722,-5.399874124234483e-12,25.884855392410827,-1.1214031013114147e-13,0
0.01179648656398058,-3.896926618202068e-12,25.894890392562957,-4.597004249243897e-14,0
0.017105523496866226,-4.2095927438312586e-12,25.904970392715768,-7.200728759184316e-14,0
0.019638894125819206,-5.431224480573205e-12,25.915005392867897,-1.0666324254753458e-13,0
0.008573072031140327,-2.967773379478067e-12,25.925040393020026,-2.5442934954366225e-14,0
0.020779233425855637,-5.3629474992822335e-12,25.935120393172838,-1.1143793793819428e-13,0
0.012751572765409946,-4.0813966789565725e-12,25.945155393324967,-5.204422673621723e-14,0
0.01642809994518757,-4.0879760514200836e-12,25.95523539347778,-6.715767914626237e-14,0
0.019918832927942276,-5.488936128533739e-12,25.965270393629908,-1.0933320169640984e-13,0
0.008431315422058105,-2.9882056030994253e-12,25.97535039378272,-2.5194503985692627e-14,0
0.02066900208592415,-5.318795751052541e-12,25.98538539393485,-1.0993420047310946e-13,0
0.013679899275302887,-4.252057473480564e-12,25.995420394086977,-5.816771795001299e-14,0
0.015664497390389442,-3.936857784214709e-12,26.00550039423979,-6.166889848716567e-14,0
0.02012878656387329,-5.527685080497502e-12,26.015535394391918,-1.1126559317764097e-13,0
0.008351147174835205,-3.0076724531064025e-12,26.02561539454473,-2.5117515309589204e-14,0
0.020460186526179314,-5.223463588749366e-12,26.03565039469686,-1.0687303933851803e-13,0
0.014460024423897266,-4.403137576769467e-12,26.045685394848988,-6.366947690186632e-14,0
0.014876844361424446,-3.7965772019254995e-12,26.0557653950018,-5.648108813917797e-14,0
0.020328449085354805,-5.554067622481895e-12,26.06580039515393,-1.1290558088024082e-13,0
0.008357159793376923,-3.035166519158028e-12,26.07588039530674,-2.5365371600111258e-14,0
0.0202666986733675,-5.126796990412297e-12,26.08591539545887,-1.0390324976421339e-13,0
0.015170163474977016,-4.529896423244306e-12,26.095950395611,-6.87192692653298e-14,0
0.014033072628080845,-3.651078137739683e-12,26.10603039576381,-5.123584467769913e-14,0
0.02052399516105652,-5.572411455878612e-12,26.11606539591594,-1.1436814575586854e-13,0
0.008405260741710663,-3.072494298914097e-12,26.12614539606875,-2.5825115709792485e-14,0
0.020025869831442833,-5.021679686662006e-12,26.13618039622088,-1.0056350374029397e-13,0
0.015860911458730698,-4.642878529553807e-12,26.14626039637369,-7.36402852708947e-14,0
0.012957410886883736,-3.4793433325436274e-12,26.15629539652582,-4.5083281176307135e-14,0
0.02067631483078003,-5.575090736287258e-12,26.16633039667795,-1.152723312736406e-13,0
0.008511483669281006,-3.114036806195486e-12,26.17641039683076,-2.650507342147286e-14,0
0.019737696275115013,-4.911616252600837e-12,26.18644539698289,-9.694398981375389e-14,0
0.01652430184185505,-4.778142291550491e-12,26.1965253971357,-7.895546546891329e-14,0
0.012082600966095924,-3.3468134947450823e-12,26.20656039728783,-4.043821196494981e-14,0
0.020746299996972084,-5.561487468469517e-12,26.21659539743996,-1.1538028745026942e-13,0
0.008583635091781616,-3.158188337584744e-12,26.22667539759277,-2.7108736240947855e-14,0
0.01942894048988819,-4.7891855411985595e-12,26.2367103977449,-9.304880087497978e-14,0
0.017177674919366837,-4.886112348057026e-12,26.246790397897712,-8.393204953442777e-14,0
0.011253075674176216,-3.2258258564343834e-12,26.25682539804984,-3.630046247417042e-14,0
0.02080729231238365,-5.54577390954325e-12,26.266905398202653,-1.153925388342571e-13,0
0.008776038885116577,-3.2167890313267167e-12,26.276940398354782,-2.8230665624139753e-14,0
0.019039908424019814,-4.676854389873419e-12,26.28697539850691,-8.904687929566496e-14,0
0.017694760113954544,-5.008331423195234e-12,26.297055398659722,-8.862122310462022e-14,0
0.010577929206192493,-3.1357546767529776e-12,26.30709039881185,-3.316979097868002e-14,0
0.020905498415231705,-5.5200856906301166e-12,26.317170398964663,-1.154001426574111e-13,0
0.00919264368712902,-3.3299123007590747e-12,26.327205399116792,-3.061069729026618e-14,0
0.01868586800992489,-4.5756532243701464e-12,26.33724039926892,-8.550005220976779e-14,0
0.0181717611849308,-5.106066611193505e-12,26.347320399421733,-9.278622305295729e-14,0
0.009921307675540447,-3.0673254734769895e-12,26.357355399573862,-3.043187976338799e-14,0
0.020851384848356247,-5.489179857182114e-12,26.367435399726673,-1.1445700170394943e-13,0
0.009727820754051208,-3.459556642895767e-12,26.377470399878803,-3.3653946910577167e-14,0
0.018296021968126297,-4.467878757935528e-12,26.387550400031614,-8.174440790611326e-14,0
0.018552560359239578,-5.187746499740742e-12,26.397585400183743,-9.624598006487396e-14,0
0.009349079802632332,-2.9817890778022216e-12,26.407620400335873,-2.7876984042990436e-14,0
0.020823325961828232,-5.440613671386929e-12,26.417700400488684,-1.1329167191166905e-13,0
0.010437959805130959,-3.594766194783827e-12,26.427735400640813,-3.7522025049997154e-14,0
0.017905201762914658,-4.366932163102355e-12,26.437815400793625,-7.8190801465309e-14,0
0.01910783350467682,-5.300137499025803e-12,26.447850400945754,-1.0127414488327924e-13,0
0.00895798858255148,-2.9479866898302065e-12,26.457885401097883,-2.640803110901272e-14,0
0.02077522501349449,-5.392849795199384e-12,26.467965401250694,-1.1203766795924488e-13,0
0.011205733753740788,-3.7557396428966605e-12,26.478000401402824,-4.208581848666948e-14,0
0.017456259578466415,-4.263176617280706e-12,26.488080401555635,-7.441911766010038e-14,0
0.019486574456095695,-5.375780549876641e-12,26.498115401707764,-1.0475554794480222e-13,0
0.008657790720462799,-2.940642521154224e-12,26.508195401860576,-2.5459467531847373e-14,0
0.020793262869119644,-5.3667604214824305e-12,26.518230402012705,-1.1159246019947151e-13,0
0.01215876080095768,-3.934438712327459e-12,26.528265402164834,-4.783789918921752e-14,0
0.01685299165546894,-4.131324622680399e-12,26.538345402317645,-6.962517939206613e-14,0
0.019735638052225113,-5.430400053241247e-12,26.548380402469775,-1.0717240992955323e-13,0
0.008485428988933563,-2.951278978147176e-12,26.558460402622586,-2.504286819560027e-14,0
0.020740125328302383,-5.323427896414268e-12,26.568495402774715,-1.1040856174781303e-13,0
0.013136488385498524,-4.141993605738525e-12,26.578530402926845,-5.441125089459329e-14,0
0.016187595203518867,-4.010711034119208e-12,26.588610403079656,-6.492376669860828e-14,0
0.020023809745907784,-5.487287273869823e-12,26.598645403231785,-1.0987639639311032e-13,0
0.008453361690044403,-2.976966980219875e-12,26.608725403384597,-2.5165378623117866e-14,0
0.020622797310352325,-5.25087655647849e-12,26.618760403536726,-1.0828776292593668e-13,0
0.014027765020728111,-4.287302717703723e-12,26.628795403688855,-6.014127509667685e-14,0
0.015393930487334728,-3.859793561156177e-12,26.638875403841666,-5.941739377590036e-14,0
0.02024817280471325,-5.516761093088407e-12,26.648910403993796,-1.1170433193517282e-13,0
0.00840325653553009,-2.9966346244691966e-12,26.658990404146607,-2.5181489492666534e-14,0
0.020458126440644264,-5.159980949465126e-12,26.669025404298736,-1.0556354269547319e-13,0
0.014890872873365879,-4.4369724908066566e-12,26.679105404451548,-6.607039330322348e-14,0
0.014478548429906368,-3.701944566864013e-12,26.689140404603677,-5.359878369616936e-14,0
0.02043136954307556,-5.541082349902471e-12,26.699175404755806,-1.132119011594709e-13,0
0.008373193442821503,-3.0347653643542083e-12,26.709255404908617,-2.5410677449312465e-14,0
0.020174071192741394,-5.060223073893866e-12,26.719290405060747,-1.0208530054388755e-13,0
0.015520194545388222,-4.552769185955929e-12,26.729370405213558,-7.065986348628479e-14,0
0.01357286423444748,-3.5490091768175525e-12,26.739405405365687,-4.817021972375285e-14,0
0.02056310512125492,-5.549739053728464e-12,26.749440405517817,-1.1411986755735222e-13,0
0.00844334065914154,-3.0692835426004983e-12,26.759520405670628,-2.5915006529672774e-14,0
0.019925007596611977,-4.958403479471407e-12,26.769555405822757,-9.879622699553504e-14,0
0.01613348349928856,-4.672379670667137e-12,26.77963540597557,-7.538176031911957e-14,0
0.012638362124562263,-3.4037004985332242e-12,26.789670406127698,-4.3017199464015995e-14,0
0.020723115652799606,-5.5459747037855944e-12,26.79975040628051,-1.149298751940499e-13,0
0.008567601442337036,-3.099186055358083e-12,26.80978540643264,-2.655259091795674e-14,0
0.019638894125819206,-4.835354772830813e-12,26.819820406584768,-9.496102044439892e-14,0
0.01682092435657978,-4.7941971573206565e-12,26.82990040673758,-8.064282773382058e-14,0
0.011786195449531078,-3.271582440719789e-12,26.83993540688971,-3.855951007557736e-14,0
0.020809296518564224,-5.52731081390756e-12,26.85001540704252,-1.1501944967686898e-13,0
0.00868834089487791,-3.1555415832412725e-12,26.86005040719465,-2.7416420983162937e-14,0
0.019218986853957176,-4.7174586285947395e-12,26.870085407346778,-9.066477536704915e-14,0
0.01738811656832695,-4.906180930269732e-12,26.88016540749959,-8.530924592083286e-14,0
0.010975195094943047,-3.151831443407027e-12,26.89020040765172,-3.4591964997768067e-14,0
0.020851384848356247,-5.502425338282935e-12,26.90028040780453,-1.1473318832788428e-13,0
0.008900354616343975,-3.2258258564343834e-12,26.91031540795666,-2.871099405283752e-14,0
0.018931355327367783,-4.6035436747360325e-12,26.92039540810947,-8.715132107148425e-14,0
0.017845075577497482,-5.0145525752609554e-12,26.9304304082616,-8.948506969286638e-14,0
0.010302107781171799,-3.069180543394112e-12,26.94046540841373,-3.161902875792157e-14,0
0.020905498415231705,-5.469512863454096e-12,26.95054540856654,-1.1434289249902902e-13,0
0.00938613060861826,-3.343515568576816e-12,26.96058040871867,-3.1382673818610534e-14,0
0.01852249726653099,-4.495372823987154e-12,26.97066040887148,-8.326553084433976e-14,0
0.018391519784927368,-5.1274154193314825e-12,26.98069540902361,-9.430096213017662e-14,0
0.009715470485389233,-3.0063163330290577e-12,26.99073040917574,-2.9207777603287397e-14,0
0.02083735540509224,-5.4472364119373395e-12,27.00081040932855,-1.1350600109109778e-13,0
0.010018051601946354,-3.489855323127178e-12,27.01084540948068,-3.4961550710415234e-14,0
0.01814771071076393,-4.407070194889506e-12,27.02092540963349,-7.997823497888478e-14,0
0.018813487142324448,-5.2100663193443975e-12,27.03096040978562,-9.801951570964348e-14,0
0.00918235071003437,-2.955200537405056e-12,27.04099540993775,-2.713568775293527e-14,0
0.020823325961828232,-5.416731299612287e-12,27.05107541009056,-1.1279436149946412e-13,0
0.010736423544585705,-3.6444393509971196e-12,27.06111041024269,-3.912824445486012e-14,0
0.017768915742635727,-4.322981642795876e-12,27.071190410395502,-7.681469656780089e-14,0
0.01926015317440033,-5.323015899588723e-12,27.08122541054763,-1.0252210157584718e-13,0
0.00877804309129715,-2.9340197806038137e-12,27.091305410700443,-2.5754952064858486e-14,0
0.020810110494494438,-5.37248240686794e-12,27.101340410852572,-1.1180195251664926e-13,0
0.011576240882277489,-3.803970159699244e-12,27.1113754110047,-4.403567487767401e-14,0
0.017261851578950882,-4.1981535435497985e-12,27.121455411157513,-7.246790337440333e-14,0
0.0195380337536335,-5.381551541200347e-12,27.131490411309642,-1.0514493565889075e-13,0
0.008553571999073029,-2.9328156656710513e-12,27.141570411462453,-2.508604995632663e-14,0
0.020742183551192284,-5.3417721634918536e-12,27.151605411614582,-1.1080001870379754e-13,0
0.012486042454838753,-4.005547629692963e-12,27.16164041176671,-5.0013437759225066e-14,0
0.01658843643963337,-4.083159591689034e-12,27.171720411919523,-6.773323335961288e-14,0
0.01982826553285122,-5.449980744476335e-12,27.181755412071652,-1.0806366535040294e-13,0
0.008425302803516388,-2.948669954039307e-12,27.191835412224464,-2.484343723041191e-14,0
0.02067837491631508,-5.294984502940414e-12,27.201870412376593,-1.0949167472788012e-13,0
0.0135460514575243,-4.194139827107257e-12,27.211950412529404,-5.6814033918046975e-14,0
0.015792766585946083,-3.934851142833873e-12,27.221985412681533,-6.214218564921855e-14,0
0.020083503797650337,-5.486050416031452e-12,27.232020412833663,-1.1017911436446887e-13,0
0.008361168205738068,-2.9581022960994963e-12,27.242100412986474,-2.4733190867467883e-14,0
0.020505471155047417,-5.197905474096931e-12,27.252135413138603,-1.0658550076575769e-13,0
0.014341721311211586,-4.341445172112435e-12,27.262215413291415,-6.226379674634156e-14,0
0.014939623884856701,-3.777999614540395e-12,27.272250413443544,-5.644189327836709e-14,0
0.02028316631913185,-5.515112238424491e-12,27.282285413595673,-1.1186393880064351e-13,0
0.008337117731571198,-3.00205303324641e-12,27.292365413748485,-2.5028469574595744e-14,0
0.020322274416685104,-5.120201571756633e-12,27.302400413900614,-1.0405414140998068e-13,0
0.015065240673720837,-4.477912832201447e-12,27.312480414053425,-6.746083453305771e-14,0
0.01407510694116354,-3.635782430330692e-12,27.322515414205554,-5.1174026521707965e-14,0
0.020484615117311478,-5.5339335544579704e-12,27.332595414358366,-1.1336049894784698e-13,0
0.008353151381015778,-3.026938292030601e-12,27.342630414510495,-2.5284473774324953e-14,0
0.02009791135787964,-5.007457989925079e-12,27.352665414662624,-1.006394468098204e-13,0
0.015748675912618637,-4.578257044307588e-12,27.362745414815436,-7.21014864354635e-14,0
0.013187948614358902,-3.4785189052116694e-12,27.372780414967565,-4.587452857600748e-14,0
0.02062090113759041,-5.538749580508151e-12,27.382860415120376,-1.1421400752552893e-13,0
0.008426927961409092,-3.073302680053902e-12,27.392895415272505,-2.5898500288419728e-14,0
0.019762396812438965,-4.909966964256052e-12,27.402930415424635,-9.703271548359442e-14,0
0.016400042921304703,-4.7225517767202074e-12,27.413010415577446,-7.745005183629518e-14,0
0.012241095304489136,-3.354439555985911e-12,27.423045415729575,-4.1062014297971754e-14,0
0.020739149302244186,-5.532930016927118e-12,27.433125415882387,-1.1474826169991995e-13,0
0.00860806554555893,-3.1112274215261415e-12,27.443160416034516,-2.6781649571637327e-14,0
0.019466478377580643,-4.773125037577097e-12,27.453240416187327,-9.291593533748336e-14,0
0.017063435167074203,-4.826307322541856e-12,27.463275416339457,-8.235338209456845e-14,0
0.011485672555863857,-3.218199361512686e-12,27.473310416491586,-3.6963184085824844e-14,0
0.020839359611272812,-5.5162727684299195e-12,27.483390416644397,-1.1495559193518253e-13,0
0.008719217032194138,-3.1714121346421154e-12,27.493425416796526,-2.76522307004787e-14,0
0.019125763326883316,-4.6611408309471525e-12,27.503505416949338,-8.914787636596748e-14,0
0.01758257858455181,-4.959434338897006e-12,27.513540417101467,-8.719964399858137e-14,0
0.010684965178370476,-3.1256551166758406e-12,27.523575417253596,-3.3397516081276864e-14,0
0.02080729231238365,-5.494397905397852e-12,27.533655417406408,-1.1432354329816156e-13,0
0.008997097611427307,-3.2767352199647437e-12,27.543690417558537,-2.948110662082453e-14,0
0.01868884637951851,-4.564810768964422e-12,27.55377041771135,-8.531104721274785e-14,0
0.018045712262392044,-5.058367787136309e-12,27.563805417863477,-9.128184960401459e-14,0
0.010018051601946354,-3.035378155422097e-12,27.573840418015607,-3.040857499243931e-14,0
0.020745161920785904,-5.4612842026458e-12,27.583920418168418,-1.1329522507931725e-13,0
0.009585793130099773,-3.3940129352816317e-12,27.593955418320547,-3.253430587849243e-14,0
0.01829802617430687,-4.459850891369577e-12,27.60403541847336,-8.160646834378634e-14,0
0.018508847802877426,-5.1527671018902765e-12,27.614070418625488,-9.537178205256093e-14,0
0.00942540168762207,-2.9733548522620223e-12,27.6241504187783,-2.8025063842409737e-14,0
0.020799817517399788,-5.424010632998355e-12,27.63418541893043,-1.128184313788019e-13,0
0.010203305631875992,-3.536436551584976e-12,27.644220419082558,-3.60833429835591e-14,0
0.01791522279381752,-4.370544724741077e-12,27.65430041923537,-7.829928247408026e-14,0
0.018912289291620255,-5.2455175619803285e-12,27.6643354193875,-9.920474561644655e-14,0
0.00894639641046524,-2.926192925120641e-12,27.67441541954031,-2.6178881881628084e-14,0
0.02080393396317959,-5.385261681034592e-12,27.68445041969244,-1.1203462838668515e-13,0
0.010997837409377098,-3.698234427029767e-12,27.69448541984457,-4.0672580930234253e-14,0
0.017542438581585884,-4.272809536742805e-12,27.70456541999738,-7.49554988691251e-14,0
0.019342489540576935,-5.332909027572219e-12,27.71460042014951,-1.0315173708666396e-13,0
0.008679836988449097,-2.9171619547047056e-12,27.72468042030232,-2.5320490235742372e-14,0
0.020723657682538033,-5.3535201445520375e-12,27.73471542045445,-1.1094451887226795e-13,0
0.011948698200285435,-3.887689215692491e-12,27.74479542060726,-4.6452825134813965e-14,0
0.016955208033323288,-4.1582167396858605e-12,27.75483042075939,-7.050342986902107e-14,0
0.019601842388510704,-5.4007202356098905e-12,27.76486542091152,-1.0586406684286547e-13,0
0.008481420576572418,-2.920573722101083e-12,27.77494542106433,-2.477061406202482e-14,0
0.020643381401896477,-5.311885913766856e-12,27.78498042121646,-1.0965528688125059e-13,0
0.012882658280432224,-4.06670313743418e-12,27.79506042136927,-5.2389946847526145e-14,0
0.016191117465496063,-4.0020434882714895e-12,27.8050954215214,-6.47975562206273e-14,0
0.019867373630404472,-5.445858607816545e-12,27.81513042167353,-1.0819490769984564e-13,0
0.008313067257404327,-2.9316117675787234e-12,27.82521042182634,-2.437068579647991e-14,0
0.02055898681282997,-5.2463419893122865e-12,27.83524542197847,-1.0785947577386746e-13,0
0.013782546855509281,-4.235882911790556e-12,27.845325422131282,-5.838125470620443e-14,0
0.015384234488010406,-3.858383664651077e-12,27.85536042228341,-5.935827904170108e-14,0
0.020085778087377548,-5.489982600470622e-12,27.865440422436222,-1.1027057221661683e-13,0
0.00826697051525116,-2.968136804046284e-12,27.87547542258835,-2.453749944428244e-14,0
0.02038608491420746,-5.171523799474276e-12,27.88551042274048,-1.0542712331192737e-13,0
0.014568197540938854,-4.385796847222734e-12,27.895590422893292,-6.389315484476761e-14,0
0.01456911675632,-3.723792541682203e-12,27.90562542304542,-5.425236831608162e-14,0
0.02032628282904625,-5.515470025141411e-12,27.915705423198233,-1.1210900366615115e-13,0
0.008237557485699654,-2.99827805812225e-12,27.925740423350362,-2.4698487861893963e-14,0
0.02014937251806259,-5.0709406292093195e-12,27.93577542350249,-1.0217627175491729e-13,0
0.015313762240111828,-4.498784591383531e-12,27.945855423655303,-6.889331760192604e-14,0
0.013737534172832966,-3.5613762373182256e-12,27.955890423807432,-4.892452776247441e-14,0
0.020516682416200638,-5.52731081390756e-12,27.965970423960243,-1.1340208058457287e-13,0
0.008379585109651089,-3.0296069472579568e-12,27.976005424112373,-2.5386849263338266e-14,0
0.019915420562028885,-4.949128346726228e-12,27.986085424265184,-9.856397244051154e-14,0
0.015915023162961006,-4.609363238317066e-12,27.996120424417313,-7.335812270431705e-14,0
0.012790681794285774,-3.4037004985332242e-12,28.006155424569442,-4.3535649999790324e-14,0
0.02063693478703499,-5.5162727684299195e-12,28.016235424722254,-1.138389613895852e-13,0
0.00847015343606472,-3.070623399645256e-12,28.026270424874383,-2.6008651339365996e-14,0
0.01960877701640129,-4.837546162261841e-12,28.036350425027194,-9.485836400234026e-14,0
0.016600733622908592,-4.74548959156218e-12,28.046385425179324,-7.877860861980904e-14,0
0.011915872804820538,-3.2818879992096983e-12,28.056420425331453,-3.910655995824973e-14,0
0.02074315771460533,-5.5080445413024925e-12,28.066500425484264,-1.1425423661930858e-13,0
0.008589539676904678,-3.116380200771096e-12,28.076535425636393,-2.6768271382843498e-14,0
0.019294116646051407,-4.7187384208391414e-12,28.086615425789205,-9.104388951387481e-14,0
0.017207954078912735,-4.866477446713313e-12,28.096650425941334,-8.374212042910719e-14,0
0.011071939021348953,-3.1584270789031255e-12,28.106685426093463,-3.4969912020992704e-14,0
0.02073514088988304,-5.4960033919748685e-12,28.116765426246275,-1.13960404663874e-13,0
0.008741859346628189,-3.178625982216965e-12,28.126800426398404,-2.7787101252078583e-14,0
0.01888926699757576,-4.60213898240136e-12,28.136880426551215,-8.693103199853091e-14,0
0.017734898254275322,-4.974068032459478e-12,28.146915426703345,-8.821459046551228e-14,0
0.010375396348536015,-3.071089823419859e-12,28.156995426856156,-3.186377413993652e-14,0
0.02074917033314705,-5.457270486203258e-12,28.167030427008285,-1.1323383487228762e-13,0
0.00917411781847477,-3.2917813440336285e-12,28.177065427160414,-3.019918988282174e-14,0
0.018572602421045303,-4.5015939760528756e-12,28.187145427313226,-8.360631517820259e-14,0
0.018160982057452202,-5.062902354302512e-12,28.197180427465355,-9.194727881512043e-14,0
0.00976812094449997,-2.989610512274532e-12,28.207260427618166,-2.920287706084614e-14,0
0.020789526402950287,-5.423186205666397e-12,28.217295427770296,-1.1274547281081735e-13,0
0.00975046306848526,-3.4168915526849863e-12,28.227330427922425,-3.3316274893474216e-14,0
0.01816374436020851,-4.39884153408121e-12,28.237410428075236,-7.989943310611854e-14,0
0.018648816272616386,-5.164721515044102e-12,28.247445428227365,-9.63159426332864e-14,0
0.009247027337551117,-2.9322137166248874e-12,28.257525428380177,-2.7114260397172698e-14,0
0.020756591111421585,-5.39433038168613e-12,28.267560428532306,-1.1196791005257773e-13,0
0.010519699193537235,-3.5824429360509225e-12,28.277640428685118,-3.7686222065268054e-14,0
0.017742861062288284,-4.314352260864629e-12,28.287675428837247,-7.654895273829045e-14,0
0.01899668201804161,-5.2572659767213814e-12,28.297710428989376,-9.987061004404503e-14,0
0.008774034678936005,-2.8974945272958186e-12,28.307790429142187,-2.5422717464520798e-14,0
0.020713364705443382,-5.3444514439005e-12,28.317825429294317,-1.1070157190804453e-13,0
0.011291318573057652,-3.735367050394789e-12,28.327905429447128,-4.2177219353310256e-14,0
0.01727382279932499,-4.190842117779425e-12,28.337940429599257,-7.239186412246966e-14,0
0.019358955323696136,-5.326107610503783e-12,28.347975429751386,-1.0310787928094072e-13,0
0.00849144160747528,-2.892076118518605e-12,28.358055429904198,-2.4557895484774494e-14,0
0.02067014016211033,-5.31538962150746e-12,28.368090430056327,-1.0986984849278577e-13,0
0.012221270240843296,-3.921404867490708e-12,28.37817043020914,-4.7924548609362234e-14,0
0.016641899943351746,-4.076037684458411e-12,28.388205430361268,-6.783301131008801e-14,0
0.0197029747068882,-5.405492893573172e-12,28.39828543051408,-1.065042897603361e-13,0
0.008361168205738068,-2.9057227544232456e-12,28.40832043066621,-2.4295236708973284e-14,0
0.020602213218808174,-5.276022240624512e-12,28.418355430818337,-1.0869773514852023e-13,0
0.01320733968168497,-4.11506852898702e-12,28.42843543097115,-5.4349107875743275e-14,0
0.015933820977807045,-3.938148852161705e-12,28.438470431123278,-6.27497587943009e-14,0
0.019915420562028885,-5.446031646483274e-12,28.44855043127609,-1.0846001063383301e-13,0
0.008289016783237457,-2.9329405657613217e-12,28.45858543142822,-2.431119357383356e-14,0
0.020489003509283066,-5.20615018109738e-12,28.468620431580348,-1.0666882933035888e-13,0
0.013996997848153114,-4.264581309615378e-12,28.47870043173316,-5.969133541396044e-14,0
0.015112529508769512,-3.795725452698795e-12,28.48873543188529,-5.736301291109805e-14,0
0.020155925303697586,-5.478744194431506e-12,28.4988154320381,-1.1042915874102824e-13,0
0.00825608242303133,-2.9562311799902208e-12,28.50885043219023,-2.440688828353443e-14,0
0.02028110809624195,-5.113606153100969e-12,28.51888543234236,-1.0370959915264872e-13,0
0.014812709763646126,-4.4096787853165065e-12,28.52896543249517,-6.5319291997801e-14,0
0.014266536571085453,-3.648767486069682e-12,28.5390004326473,-5.2055274779400645e-14,0
0.020330291241407394,-5.499013570886557e-12,28.54908043280011,-1.1179654743657538e-13,0
0.008243732154369354,-2.986529643381197e-12,28.55911543295224,-2.4620150451118816e-14,0
0.019987571984529495,-4.999902401825462e-12,28.56919543310505,-9.993590917210835e-14,0
0.015530378557741642,-4.534224991997737e-12,28.57923043325718,-7.041823059169793e-14,0
0.013373201712965965,-3.4943894566125122e-12,28.58926543340931,-4.673117506694066e-14,0
0.020490627735853195,-5.506037899921656e-12,28.59934543356212,-1.1282217290679357e-13,0
0.008309600874781609,-3.024660383266209e-12,28.60938043371425,-2.5133720566706165e-14,0
0.019747067242860794,-4.907184901481454e-12,28.61946043386706,-9.690251022270549e-14,0
0.01613965816795826,-4.6583041243830614e-12,28.62949543401919,-7.518343620993273e-14,0
0.012446933425962925,-3.3457828521599176e-12,28.63953043417132,-4.164473641856285e-14,0
0.0206068716943264,-5.51105515389505e-12,28.64961043432413,-1.1356560645667154e-13,0
0.008416635915637016,-3.072272254309172e-12,28.65964543447626,-2.5858196998233677e-14,0
0.0194404236972332,-4.790183440878115e-12,28.669725434629072,-9.312319567814098e-14,0
0.016750995069742203,-4.786918257615458e-12,28.6797604347812,-8.018564413257547e-14,0
0.01148171816021204,-3.2187963232288563e-12,28.689840434934013,-3.69573121984405e-14,0
0.02070307359099388,-5.494397905397852e-12,28.699875435086142,-1.1375092417365437e-13,0
0.008548371493816376,-3.1231818346799667e-12,28.70991043523827,-2.6698118565583356e-14,0
0.01908968761563301,-4.672178876424793e-12,28.719990435391082,-8.919043523530852e-14,0
0.01728617213666439,-4.889355847276233e-12,28.73002543554321,-8.451824681342354e-14,0
0.010760203935205936,-3.1076150767278543e-12,28.740105435696023,-3.3438571977712356e-14,0
0.02071542479097843,-5.462553586549346e-12,28.750140435848152,-1.1315911798885246e-13,0
0.008809785358607769,-3.190168181704811e-12,28.76017543600028,-2.8104696938679414e-14,0
0.01873895153403282,-4.558789977460176e-12,28.770255436153093,-8.542694444146082e-14,0
0.01786663383245468,-4.988083730783632e-12,28.780290436305222,-8.912026554353561e-14,0
0.010082782246172428,-3.0233259472323137e-12,28.790370436458034,-3.048353718514641e-14,0
0.020719541236758232,-5.43081248374766e-12,28.800405436610163,-1.1252394320611104e-13,0
0.00936126708984375,-3.3293751870028254e-12,28.810485436762974,-3.116717036783193e-14,0
0.018372181802988052,-4.456639918215544e-12,28.820520436915103,-8.187819880790977e-14,0
0.01826801709830761,-5.092376173521096e-12,28.830555437067233,-9.302761500889766e-14,0
0.009483523666858673,-2.9585036677437504e-12,28.840635437220044,-2.8057039551536045e-14,0
0.020717483013868332,-5.403811512844081e-12,28.850670437372173,-1.1195337322749338e-13,0
0.010016643442213535,-3.472465804482683e-12,28.860750437524985,-3.4782451828782213e-14,0
0.017953086644411087,-4.35779320615004e-12,28.870785437677114,-7.823583900843766e-14,0
0.018673516809940338,-5.182447353202502e-12,28.880820437829243,-9.677451776665773e-14,0
0.00900251418352127,-2.913549826746853e-12,28.890900437982054,-2.6229273639684484e-14,0
0.02069689892232418,-5.370833985884893e-12,28.900935438134184,-1.1115960813444313e-13,0
0.010694065131247044,-3.624185803893787e-12,28.911015438286995,-3.875727903458108e-14,0
0.01756816916167736,-4.27143216630288e-12,28.921050438439124,-7.504124286023898e-14,0
0.019099600613117218,-5.276228239037284e-12,28.931085438591253,-1.0077385210926289e-13,0
0.00868184119462967,-2.8796333807062924e-12,28.941165438744065,-2.500051971004659e-14,0
0.02068866416811943,-5.3289928893252014e-12,28.951200438896194,-1.1024974424154553e-13,0
0.011523806490004063,-3.779719159185957e-12,28.961280439049006,-4.355675217701983e-14,0
0.017039166763424873,-4.145703745572771e-12,28.971315439201135,-7.063933747256956e-14,0
0.019442427903413773,-5.3458886623003465e-12,28.981395439353946,-1.0393705489645158e-13,0
0.008412519469857216,-2.883885838467215e-12,28.991430439506075,-2.4260745764950948e-14,0
0.020612506195902824,-5.29148079519981e-12,29.001465439658205,-1.0907068067655689e-13,0
0.012499854899942875,-3.9707742302552695e-12,29.011545439811016,-4.963410171862323e-14,0
0.016394896432757378,-4.0080209116888366e-12,29.021580439963145,-6.571108774746428e-14,0
0.01973704621195793,-5.40589448205786e-12,29.031660440115957,-1.0669638920934438e-13,0
0.008299308829009533,-2.896046466874247e-12,29.041695440268086,-2.40351840117513e-14,0
0.02056310512125492,-5.2362424292351495e-12,29.051730440420215,-1.0767340351273761e-13,0
0.013425799086689949,-4.152998691470122e-12,29.061810440573026,-5.575732603896412e-14,0
0.015583896078169346,-3.879200780043668e-12,29.071845440725156,-6.045306182255398e-14,0
0.019981559365987778,-5.4554642053838975e-12,29.081925440877967,-1.0900868188889969e-13,0
0.008200506679713726,-2.93067328217822e-12,29.091960441030096,-2.4033005826561043e-14,0
0.020368371158838272,-5.1520237728808205e-12,29.102040441182908,-1.0493833242519484e-13,0
0.014267565682530403,-4.2956879373057255e-12,29.112075441335037,-6.128900979716298e-14,0
0.014754371717572212,-3.731006389257052e-12,29.122110441487166,-5.504865514773547e-14,0
0.020145904272794724,-5.469512863454096e-12,29.132190441639978,-1.1018828256596557e-13,0
0.008239615708589554,-2.951696829664452e-12,29.142225441792107,-2.4320847564697202e-14,0
0.02011183276772499,-5.061714068721468e-12,29.152305441944918,-1.01800346868167e-13,0
0.015017842873930931,-4.442711389746057e-12,29.162340442097047,-6.67199415854296e-14,0
0.013920729979872704,-3.5821931358703818e-12,29.172375442249177,-4.9866743380205037e-14,0
0.020320270210504532,-5.4921904697746715e-12,29.182455442401988,-1.1160279439337915e-13,0
0.008231381885707378,-2.9832317172129308e-12,29.192490442554117,-2.4556119517934235e-14,0
0.019909407943487167,-4.954747549745786e-12,29.20257044270693,-9.864609022488233e-14,0
0.01569299027323723,-4.54906511765385e-12,29.212605442859058,-7.138843464366463e-14,0
0.012914725579321384,-3.4056364499324143e-12,29.22268544301187,-4.398286017381142e-14,0
0.020468581467866898,-5.494799060201672e-12,29.232720443164,-1.1247074221329638e-13,0
0.00833224318921566,-3.025072596932188e-12,29.242755443316128,-2.5205640542671152e-14,0
0.019572701305150986,-4.851393592408826e-12,29.25283544346894,-9.495487769794135e-14,0
0.016355786472558975,-4.678297246124563e-12,29.26287044362107,-7.651723081277404e-14,0
0.01200882438570261,-3.280407412722952e-12,29.27295044377388,-3.9393836532946994e-14,0
0.020577512681484222,-5.486668844950637e-12,29.28298544392601,-1.1290199773607613e-13,0
0.008435161784291267,-3.062997121563993e-12,29.293020444078138,-2.5836876265210746e-14,0
0.019278082996606827,-4.727167442208913e-12,29.30310044423095,-9.113072628976102e-14,0
0.016954774037003517,-4.794956532522265e-12,29.31313544438308,-8.129740452616892e-14,0
0.011151024140417576,-3.1529705062094404e-12,29.32321544453589,-3.5158850228766094e-14,0
0.02068866416811943,-5.465851729558047e-12,29.33325044468802,-1.1308117082556118e-13,0
0.008569605648517609,-3.120659763586331e-12,29.34333044484083,-2.6742823537131047e-14,0
0.018919330090284348,-4.601336239112852e-12,29.35336544499296,-8.70541991641636e-14,0
0.017463192343711853,-4.9015166925237e-12,29.36340044514509,-8.559612877745572e-14,0
0.010457568801939487,-3.051422396010972e-12,29.3734804452979,-3.191045965006378e-14,0
0.020659849047660828,-5.427308342326187e-12,29.38351544545003,-1.1212737108756934e-13,0
0.008984476327896118,-3.225017475294578e-12,29.39359544560284,-2.897509316383544e-14,0
0.018580889329314232,-4.491147471280543e-12,29.40363044575497,-8.344951412549324e-14,0
0.017951028421521187,-5.007252425193176e-12,29.4136654459071,-8.988533059837359e-14,0
0.009844280779361725,-2.9797767985700885e-12,29.42374544605991,-2.9333759464951536e-14,0
0.02067014016211033,-5.410407365180614e-12,29.43378044621204,-1.1183387857239733e-13,0
0.009553670883178711,-3.3574714189410493e-12,29.44386044636485,-3.2076176936241814e-14,0
0.018191859126091003,-4.401282723692779e-12,29.45389544651698,-8.006751528351714e-14,0
0.018383285030722618,-5.107422297589981e-12,29.46393044666911,-9.389119986886481e-14,0
0.009293124079704285,-2.9245874385436244e-12,29.47401044682192,-2.717855394833043e-14,0
0.02068043127655983,-5.378253831872515e-12,29.48404544697405,-1.1122460875793411e-13,0
0.010203034617006779,-3.506582827925153e-12,29.494125447126862,-3.577778598072186e-14,0
0.017749307677149773,-4.310181118266643e-12,29.50416044727899,-7.650273081235611e-14,0
0.01883314922451973,-5.211829232076859e-12,29.514240447431803,-9.815515766041755e-14,0
0.00883242767304182,-2.8758475635604075e-12,29.524275447583932,-2.540071560384084e-14,0
0.020639263093471527,-5.339916876734296e-12,29.53431044773606,-1.1021194931618791e-13,0
0.010966637171804905,-3.659506725428585e-12,29.544390447888873,-4.013248248555517e-14,0
0.017356157302856445,-4.206506670767496e-12,29.554425448041002,-7.300879147335563e-14,0
0.01919390633702278,-5.295917350489621e-12,29.564505448193813,-1.0164934159391163e-13,0
0.008498971350491047,-2.862244078902232e-12,29.574540448345942,-2.4326130424702704e-14,0
0.020604273304343224,-5.300755927944989e-12,29.58457544849807,-1.0921822385899603e-13,0
0.011838466860353947,-3.838119492366454e-12,29.594655448650883,-4.543745041645878e-14,0
0.016765402629971504,-4.079541392199015e-12,29.604690448803012,-6.839515398585098e-14,0
0.019470486789941788,-5.34428317572333e-12,29.614770448955824,-1.0405579497462924e-13,0
0.008315776474773884,-2.864511145644899e-12,29.624805449107953,-2.3820634396681438e-14,0
0.020540732890367508,-5.2501605493637804e-12,29.634885449260764,-1.0784214547602655e-13,0
0.012808502651751041,-4.021347491112159e-12,29.644920449412894,-5.150744000352249e-14,0
0.016096431761980057,-3.947629983319656e-12,29.654955449565023,-6.354275664805131e-14,0
0.019793163985013962,-5.404890944527008e-12,29.665035449717834,-1.0697989278614006e-13,0
0.008225207217037678,-2.8908936876292923e-12,29.675070449869963,-2.377819962317712e-14,0
0.020408455282449722,-5.187144550694578e-12,29.685150450022775,-1.0586160760645305e-13,0
0.013764292933046818,-4.205476245022766e-12,29.695185450174904,-5.788540695946312e-14,0
0.015252498909831047,-3.8080918626781646e-12,29.705220450327033,-5.808291698403519e-14,0
0.01998356357216835,-5.4351948289288465e-12,29.715300450479845,-1.0861456139102029e-13,0
0.008140813559293747,-2.9100621651984016e-12,29.725335450631974,-2.3690273532834867e-14,0
0.02021404728293419,-5.110080327636046e-12,29.735415450784785,-1.0329540536242687e-13,0
0.014523833990097046,-4.351197353813507e-12,29.745450450936914,-6.319606802493694e-14,0
0.014357754960656166,-3.6546906993784045e-12,29.755530451089726,-5.247315351866424e-14,0
0.020171958953142166,-5.464695970042177e-12,29.765565451241855,-1.1023362279909221e-13,0
0.008132580667734146,-2.935619846169968e-12,29.775600451393984,-2.387416520877857e-14,0
0.020009618252515793,-5.000504350871626e-12,29.785680451546796,-1.0005818313098553e-13,0
0.015198980458080769,-4.457139084895756e-12,29.795715451698925,-6.77439698502786e-14,0
0.013491937890648842,-3.5019669455960134e-12,29.805795451851736,-4.7248320525086645e-14,0
0.02038608491420746,-5.476775283286273e-12,29.815830452003866,-1.1165000598110656e-13,0
0.008206682279706001,-2.9739568013081863e-12,29.825865452155995,-2.4406318581907034e-14,0
0.01972902938723564,-4.899758983961666e-12,29.835945452308806,-9.666748898495156e-14,0
0.01584942638874054,-4.565347665880237e-12,29.845980452460935,-7.235814176937726e-14,0
0.01252791378647089,-3.3363990823570555e-12,29.856060452613747,-4.179812006102978e-14,0
0.020472535863518715,-5.467706582634735e-12,29.866095452765876,-1.1193781910418696e-13,0
0.008340476080775261,-3.0079651876929736e-12,29.876130452918005,-2.5087861699757915e-14,0
0.019430402666330338,-4.779747344446639e-12,29.886210453070817,-9.287241554592132e-14,0
0.016471056267619133,-4.690045660865616e-12,29.896245453222946,-7.725000597782052e-14,0
0.011652075685560703,-3.202941601179732e-12,29.906325453375757,-3.732091795337722e-14,0
0.020581629127264023,-5.450187176569976e-12,29.916360453527886,-1.1217373114233349e-13,0
0.008425302803516388,-3.0526265109437345e-12,29.926440453680698,-2.5719302700742696e-14,0
0.01910371705889702,-4.645937714403692e-12,29.936475453832827,-8.875467956922683e-14,0
0.017078276723623276,-4.808766232433648e-12,29.946510453984956,-8.212544041671716e-14,0
0.010868431068956852,-3.0883490209632214e-12,29.956590454137768,-3.356550845121915e-14,0
0.020657788962125778,-5.4277207728326005e-12,29.966625454289897,-1.1212471027052209e-13,0
0.008643761277198792,-3.1316973753831023e-12,29.97670545444271,-2.7069644505241548e-14,0
0.018735269084572792,-4.537316702912797e-12,29.986740454594838,-8.500784935099788e-14,0
0.017603162676095963,-4.915325958754213e-12,29.996775454746967,-8.652528245798777e-14,0
0.020648960024118423,-5.41030978698509e-12,30.00015045479813,-1.1171727050955179e-13,0
0.008852198719978333,-3.191101246094452e-12,30.01018545495026,-2.824826236599857e-14,0
0.01854383945465088,-4.481872772216233e-12,30.02022045510239,-8.31111291441489e-14,0
0.017903197556734085,-4.986255765920822e-12,30.0303004552552,-8.92699220456849e-14,0
0.009818226099014282,-2.9651266251345954e-12,30.04033545540733,-2.911228361777862e-14,0
0.020653674378991127,-5.392475528609442e-12,30.05037045555946,-1.1137443366457746e-13,0
0.009407363831996918,-3.322752446452415e-12,30.06045045571227,-3.1258341187435724e-14,0
0.018171273171901703,-4.391389595709283e-12,30.0704854558644,-7.979713994788036e-14,0
0.01834612712264061,-5.0753611383069774e-12,30.08056545601721,-9.311322063668976e-14,0
0.009250277653336525,-2.8919241133740226e-12,30.09060045616934,-2.6751101001088764e-14,0
0.020631030201911926,-5.352902149313721e-12,30.10063545632147,-1.1043588591037064e-13,0
0.010140904225409031,-3.4676491279111987e-12,30.11071545647428,-3.5165097693470616e-14,0
0.017782241106033325,-4.291837284869926e-12,30.12075045662641,-7.631848538742046e-14,0
0.01873694732785225,-5.178514735082462e-12,30.130830456779222,-9.702955782774684e-14,0
0.008789202198386192,-2.8474041700865538e-12,30.14086545693135,-2.502641099141875e-14,0
0.020612506195902824,-5.311885913766856e-12,30.15090045708348,-1.0949128130944826e-13,0
0.010836363770067692,-3.6219783682706064e-12,30.160980457236292,-3.9249075165896495e-14,0
0.017372624948620796,-4.1951706865328564e-12,30.17101545738842,-7.288112693258333e-14,0
0.019163843244314194,-5.256382135110371e-12,30.181095457541232,-1.007324832694687e-13,0
0.008457803167402744,-2.8305027592601117e-12,30.19113045769336,-2.393983520261238e-14,0
0.02058282122015953,-5.272838589365225e-12,30.201210457846173,-1.085298940076626e-13,0
0.011777961626648903,-3.814275718189153e-12,30.211245457998302,-4.492439304229053e-14,0
0.016742762178182602,-4.078304968041513e-12,30.22128045815043,-6.828209017001965e-14,0
0.019458461552858353,-5.326422029133804e-12,30.231360458303243,-1.036439782681979e-13,0
0.008289016783237457,-2.8420451755883924e-12,30.241395458455372,-2.355776015917123e-14,0
0.020516682416200638,-5.2375174509899924e-12,30.251475458608184,-1.0745648219127036e-13,0
0.0128174414858222,-3.998539780530885e-12,30.261510458760313,-5.125104966568697e-14,0
0.016104664653539658,-3.932995856076316e-12,30.271545458912442,-6.333957934587019e-14,0
0.019700970500707626,-5.372379624501988e-12,30.281625459065253,-1.0584109250091639e-13,0
0.008210798725485802,-2.8628625078214176e-12,30.291660459217383,-2.3506387830461182e-14,0
0.020378392189741135,-5.174300224397577e-12,30.301740459370194,-1.0544391928023938e-13,0
0.01366960909217596,-4.170025002386835e-12,30.311775459522323,-5.700261168722816e-14,0
0.015217560343444347,-3.783732875628498e-12,30.321855459675135,-5.757918335835088e-14,0
0.019929450005292892,-5.4161297842469924e-12,30.331890459827264,-1.0794048775732822e-13,0
0.008153163827955723,-2.884710265799173e-12,30.341925459979393,-2.3519515393246356e-14,0
0.02025413140654564,-5.084392108722913e-12,30.352005460132204,-1.0297994589247756e-13,0
0.014484724961221218,-4.3091506925219125e-12,30.362040460284334,-6.241686259763584e-14,0
0.014427902176976204,-3.635625004175247e-12,30.372120460437145,-5.2454441912409166e-14,0
0.020192597061395645,-5.443591324233443e-12,30.382155460589274,-1.0992024617715506e-13,0
0.008157281205058098,-2.9129476608602545e-12,30.392190460741404,-2.3761733205253304e-14,0
0.019989576190710068,-5.004718861556512e-12,30.402270460894215,-1.0004220899616765e-13,0
0.01515369676053524,-4.453222946648738e-12,30.412305461046344,-6.748279014057218e-14,0
0.013528012670576572,-3.5097938010791863e-12,30.422385461199156,-4.748053501211034e-14,0
0.02039020135998726,-5.464614438038806e-12,30.432420461351285,-1.1142458874630488e-13,0
0.008212856948375702,-2.964524459247997e-12,30.442500461504096,-2.4347215303764632e-14,0
0.01974305883049965,-4.906582518754421e-12,30.452535461656225,-9.687094732446968e-14,0
0.015767091885209084,-4.549889544985808e-12,30.462570461808355,-7.173852652334338e-14,0
0.012561985291540623,-3.349644780298311e-12,30.472650461961166,-4.20781884619932e-14,0
0.020482826977968216,-5.4716227208817525e-12,30.482685462113295,-1.1207430148054061e-13,0
0.008297033607959747,-3.0136930277702145e-12,30.492765462266107,-2.5004712335483438e-14,0
0.019453641027212143,-4.7832081177812125e-12,30.502800462418236,-9.305081368176277e-14,0
0.01641548052430153,-4.686129522618598e-12,30.512835462570365,-7.692506791290002e-14,0
0.011714206077158451,-3.2230106170733075e-12,30.522915462723176,-3.775501055726635e-14,0
0.02052811160683632,-5.455133306880855e-12,30.532950462875306,-1.1198358535382027e-13,0
0.008391231298446655,-3.0496161151916112e-12,30.543030463028117,-2.559003419404315e-14,0
0.019079016521573067,-4.655212847148871e-12,30.553065463180246,-8.88168828221925e-14,0
0.017020640894770622,-4.7941321051903074e-12,30.563100463332376,-8.159920096453492e-14,0
0.0109305614605546,-3.0897537132978936e-12,30.573180463485187,-3.377274286117942e-14,0
0.020577512681484222,-5.4167967854235055e-12,30.583215463637316,-1.1146420454507516e-13,0
0.008635744452476501,-3.107815654129764e-12,30.593295463790128,-2.683830179447074e-14,0
0.018751736730337143,-4.532163706827408e-12,30.603330463942257,-8.498594064921644e-14,0
0.01760256662964821,-4.915412694928012e-12,30.613410464095068,-8.652387947468899e-14,0
0.010166254825890064,-2.99353727570284e-12,30.623445464247197,-3.043306277559579e-14,0
0.020626913756132126,-5.394124383273358e-12,30.633480464399327,-1.1126413844362894e-13,0
0.009036585688591003,-3.224616103650324e-12,30.643560464552138,-2.91395197334466e-14,0
0.018375052139163017,-4.431580970243321e-12,30.653595464704267,-8.143053138714365e-14,0
0.01802745833992958,-5.008331423195234e-12,30.66367546485708,-9.02874860842123e-14,0
0.009550800547003746,-2.9292304259270763e-12,30.673710465009208,-2.7976495554244336e-14,0
0.020612506195902824,-5.372276842136037e-12,30.683745465161337,-1.1073608969463432e-13,0
0.009661898016929626,-3.368910836062944e-12,30.69382546531415,-3.255007292616929e-14,0
0.01797367073595524,-4.3386245117404965e-12,30.703860465466278,-7.798100842096825e-14,0
0.018492434173822403,-5.1014509457048e-12,30.71394046561909,-9.433824580443005e-14,0
0.009036206640303135,-2.8632747214873966e-12,30.72397546577122,-2.5873142051316522e-14,0
0.020576808601617813,-5.3268236176184924e-12,30.73405546592403,-1.0960903003431311e-13,0
0.010437959805130959,-3.529222487169692e-12,30.74409046607616,-3.6837882464441555e-14,0
0.017656680196523666,-4.257004037472312e-12,30.754125466228288,-7.516455888495866e-14,0
0.018907304853200912,-5.2007911865992185e-12,30.7642054663811,-9.833294444287194e-14,0
0.008636882528662682,-2.826174407347115e-12,30.77424046653323,-2.4409336361769907e-14,0
0.020588833838701248,-5.283073457873488e-12,30.78432046668604,-1.0877232158181009e-13,0
0.011220142245292664,-3.688135300633499e-12,30.79435546683817,-4.1381402692993084e-14,0
0.01715032011270523,-4.134367327657262e-12,30.8043904669903,-7.090572313283172e-14,0
0.019254032522439957,-5.270630720061176e-12,30.81447046714311,-1.01480895297829e-13,0
0.008377526886761189,-2.826380622600322e-12,30.82450546729524,-2.3678079658055024e-14,0
0.02054273709654808,-5.253572316760158e-12,30.83458546744805,-1.0792275492090694e-13,0
0.012125826440751553,-3.876109069128608e-12,30.84462046760018,-4.7001025837676565e-14,0
0.01643812283873558,-4.000074577126256e-12,30.85470046775299,-6.575371726290467e-14,0
0.019490528851747513,-5.345085919011838e-12,30.86473546790512,-1.041785513195696e-13,0
0.008241674862802029,-2.846167529088617e-12,30.87477046805725,-2.3457187379813015e-14,0
0.020466577261686325,-5.218652333188745e-12,30.88485046821006,-1.0680795117908705e-13,0
0.01308297086507082,-4.063465276066269e-12,30.89488546836219,-5.316219781800196e-14,0
0.015680531039834023,-3.856983742805964e-12,30.904965468515,-6.047955329920412e-14,0
0.01981797255575657,-5.3922695301966694e-12,30.91500046866713,-1.0686384956267996e-13,0
0.008149047382175922,-2.8676030734003932e-12,30.92503546881926,-2.3368233318413104e-14,0
0.020306240767240524,-5.1361697013529994e-12,30.93511546897207,-1.0429629857707987e-13,0
0.013992772437632084,-4.221140798010836e-12,30.9451504691242,-5.906546261377033e-14,0
0.014894882217049599,-3.721920775051624e-12,30.955230469277012,-5.543757156558389e-14,0
0.020007343962788582,-5.41205621984453e-12,30.96526546942914,-1.0828087033637885e-13,0
0.008090600371360779,-2.8928788618071133e-12,30.975345469581953,-2.3405126793638378e-14,0
0.020093794912099838,-5.034621591154531e-12,30.985380469734082,-1.0116465371268891e-13,0
0.014744078740477562,-4.350991355400735e-12,30.99541546988621,-6.415135914316563e-14,0
0.014071152545511723,-3.5726090055060444e-12,31.005495470039023,-5.027072630194448e-14,0
0.020209064707159996,-5.436789473484138e-12,31.015530470191152,-1.0987243026884727e-13,0
0.008156739175319672,-2.9191690297664108e-12,31.025610470343963,-2.38109003844756e-14,0
0.019883841276168823,-4.930990945423153e-12,31.035645470496092,-9.804704129301961e-14,0
0.01535953301936388,-4.459818365304402e-12,31.04568047064822,-6.850072744225841e-14,0
0.01316725555807352,-3.424099762408539e-12,31.055760470801033,-4.5085996627972056e-14,0
0.02039225958287716,-5.449362749238018e-12,31.065795470953162,-1.111248197437228e-13,0
0.008206844329833984,-2.9657285741807593e-12,31.075875471105974,-2.4339272732841992e-14,0
0.01956273429095745,-4.835354772830813e-12,31.085910471258103,-9.459276062340213e-14,0
0.0160202719271183,-4.5841043634642364e-12,31.095945471410232,-7.343859844498662e-14,0
0.012223274447023869,-3.2747879928629597e-12,31.106025471563044,-4.00286323925824e-14,0
0.020480770617723465,-5.446064606229317e-12,31.116060471715173,-1.1153959996948511e-13,0
0.008383214473724365,-3.0074716588640582e-12,31.126140471867984,-2.5212279939905e-14,0
0.01927662082016468,-4.705504215440914e-12,31.136175472020113,-9.0706220528741e-14,0
0.016706684604287148,-4.7143231159119114e-12,31.146255472172925,-7.876070942024054e-14,0
0.01131688617169857,-3.129365256510086e-12,31.156290472325054,-3.541467039759294e-14,0
0.02052605338394642,-5.419064069006607e-12,31.166325472477183,-1.1123199837145552e-13,0
0.008469395339488983,-3.0476092569703406e-12,31.176405472629995,-2.5811407637568085e-14,0
0.018928755074739456,-4.5824550751194515e-12,31.186440472782124,-8.674016975793289e-14,0
0.017261849716305733,-4.825906167738037e-12,31.196520472934935,-8.330406701248691e-14,0
0.010551170445978642,-3.0285765215132265e-12,31.206555473087064,-3.1955027087175153e-14,0
0.020593980327248573,-5.3974220926011895e-12,31.216590473239194,-1.1115440439288572e-13,0
0.00877804309129715,-3.1525691345651863e-12,31.226670473392005,-2.7673387711506568e-14,0
0.018615882843732834,-4.495270041621202e-12,31.236705473544134,-8.368342044576232e-14,0
0.017792966216802597,-4.9404989647949815e-12,31.246785473696946,-8.790613117474531e-14,0
0.009939833544194698,-2.9549943221518493e-12,31.256820473849075,-2.9372151686229827e-14,0
0.02061488851904869,-5.373383162032841e-12,31.266900474001886,-1.1077169485544036e-13,0
0.009275086224079132,-3.2693693672453117e-12,31.276935474154016,-3.03236827795633e-14,0
0.018235083669424057,-4.386442598036666e-12,31.286970474306145,-7.998714778632444e-14,0
0.01823389157652855,-5.037029821020056e-12,31.297050474458956,-9.18446556242207e-14,0
0.009359371848404408,-2.8861531220503167e-12,31.307085474611085,-2.7012580280702224e-14,0
0.02063092216849327,-5.343480432434822e-12,31.317165474763897,-1.1024092891042957e-13,0
0.00996865052729845,-3.421632118263962e-12,31.327200474916026,-3.410905481995336e-14,0
0.01782958395779133,-4.3039976964365234e-12,31.337235475068155,-7.673848828275547e-14,0
0.018620703369379044,-5.136972444641508e-12,31.347315475220967,-9.565404010834342e-14,0
0.008900354616343975,-2.847197954833347e-12,31.357350475373096,-2.5341071460946105e-14,0
0.020592842251062393,-5.313778497079147e-12,31.367430475525907,-1.0942580234743828e-13,0
0.010722015984356403,-3.579307640208529e-12,31.377465475678036,-3.8377393731244845e-14,0
0.017448242753744125,-4.205177872584898e-12,31.387545475830848,-7.337296434353458e-14,0
0.019061628729104996,-5.229489584424041e-12,31.397580475982977,-9.968258890101264e-14,0
0.00854631420224905,-2.8206094144361815e-12,31.407615476135106,-2.4105814297593315e-14,0
0.020532716065645218,-5.270229565257356e-12,31.417695476287918,-1.0821212726419813e-13,0
0.011563890613615513,-3.757594495973349e-12,31.427730476440047,-4.345241172175952e-14,0
0.016867022961378098,-4.075533313607771e-12,31.43781047659286,-6.874211398048364e-14,0
0.01939600519835949,-5.2970457881107436e-12,31.447845476744988,-1.0274152764214422e-13,0
0.008319892920553684,-2.8222582691000975e-12,31.457880476897117,-2.3480886593059996e-14,0
0.020548749715089798,-5.229088429620221e-12,31.467960477049928,-1.0745122937833788e-13,0
0.012510742992162704,-3.939179277906435e-12,31.477995477202057,-4.9282059545940474e-14,0
0.016241708770394325,-3.943881679568939e-12,31.48807547735487,-6.405537766445234e-14,0
0.019661536440253258,-5.3594975679693846e-12,31.498110477506998,-1.0537595673407877e-13,0
0.008236907422542572,-2.8523398920565768e-12,31.50819047765981,-2.3494459628495096e-14,0
0.02043050155043602,-5.178113580278643e-12,31.51822547781194,-1.0579145753021662e-13,0
0.01344318687915802,-4.110664499762384e-12,31.528260477964068,-5.526043106782635e-14,0
0.015450048260390759,-3.8042030463258936e-12,31.53834047811688,-5.87751206580606e-14,0
0.019916774705052376,-5.397834523107603e-12,31.54837547826901,-1.0750745409188796e-13,0
0.008168764412403107,-2.8679936030229225e-12,31.55845547842182,-2.3427964079373412e-14,0
0.020227588713169098,-5.092376173521096e-12,31.56849047857395,-1.0300649081072656e-13,0
0.014248010702431202,-4.25782846480427e-12,31.57852547872608,-6.066558553564745e-14,0
0.014604272320866585,-3.658302827336257e-12,31.58860547887889,-5.342685072261487e-14,0
0.020093796774744987,-5.42030049316411e-12,31.59864047903102,-1.0891441656768965e-13,0
0.00816275179386139,-2.89428377098222e-12,31.60872047918383,-2.3625320043529022e-14,0
0.020009402185678482,-4.989732585447548e-12,31.61875547933596,-9.984156610120532e-14,0
0.014954034239053726,-4.3833508871216065e-12,31.62879047948809,-6.554877924780303e-14,0
0.013766513206064701,-3.521032207118302e-12,31.6388704796409,-4.8472336378273246e-14,0
0.02024817280471325,-5.439675185986426e-12,31.64890547979303,-1.1014348316736383e-13,0
0.008166760206222534,-2.9316117675787234e-12,31.65898547994584,-2.3941770323555623e-14,0
0.019789157435297966,-4.89430284494885e-12,31.66902048009797,-9.685412953471953e-14,0
0.01565447635948658,-4.500389644279679e-12,31.67910048025078,-7.045124329485445e-14,0
0.012852596119046211,-3.3536582799004178e-12,31.68913548040291,-4.31032153928553e-14,0
0.020441660657525063,-5.4547213100553105e-12,31.69917048055504,-1.1150356200152121e-13,0
0.00828300416469574,-2.9817834399509247e-12,31.70925048070785,-2.4698124651334298e-14,0
0.019459817558526993,-4.804231665267444e-12,31.71928548085998,-9.348947171500279e-14,0
0.01633390411734581,-4.64388163340379e-12,31.729365481012792,-7.585271733232075e-14,0
0.011862354353070259,-3.2237643544236194e-12,31.73940048116492,-3.8241435122969755e-14,0
0.020489003509283066,-5.439262755480012e-12,31.74943548131705,-1.1144507368494265e-13,0
0.00840325653553009,-3.0235265246342236e-12,31.75951548146986,-2.540746902848112e-14,0
0.01913047768175602,-4.666136400877097e-12,31.76955048162199,-8.926541827700866e-14,0
0.016879048198461533,-4.751249740864161e-12,31.779630481774802,-8.019657337897404e-14,0
0.0110369473695755,-3.0939137970337205e-12,31.78966548192693,-3.414736374386467e-14,0
0.020564783364534378,-5.41071094178891e-12,31.799745482079743,-1.1127009836600471e-13,0
0.008501462638378143,-3.0670758901368833e-12,31.809780482231872,-2.60746310890691e-14,0
0.018803194165229797,-4.548034258228251e-12,31.819815482384,-8.551757122758267e-14,0
0.017450246959924698,-4.8632339474941055e-12,31.829895482536813,-8.48646334076616e-14,0
0.010285640135407448,-2.997041417124313e-12,31.839930482688942,-3.082648948745225e-14,0
0.020548749715089798,-5.387230592179826e-12,31.850010482841753,-1.1070085309617824e-13,0
0.008947696536779404,-3.1854276161258355e-12,31.860045482993883,-2.850223964897061e-14,0
0.018451211974024773,-4.446009099073889e-12,31.870080483146012,-8.203425632545523e-14,0
0.01791522279381752,-4.967993030846607e-12,31.880160483298823,-8.900270198574972e-14,0
0.009703120216727257,-2.920985935767062e-12,31.890195483450952,-2.8342677686117364e-14,0
0.020580817013978958,-5.3509059162737405e-12,31.900275483603764,-1.1012601552184726e-13,0
0.009503458626568317,-3.315278390356169e-12,31.910310483755893,-3.150661101830586e-14,0
0.018045496195554733,-4.3394380970507296e-12,31.920390483908704,-7.830731367117421e-14,0
0.018342118710279465,-5.060309810067665e-12,31.930425484060834,-9.281680324705284e-14,0
0.009153533726930618,-2.8562668723253193e-12,31.940460484212963,-2.614493514894444e-14,0
0.02059083804488182,-5.320200443387213e-12,31.950540484365774,-1.0954738569609456e-13,0
0.01018066331744194,-3.4564649319807073e-12,31.960575484517904,-3.518910574104044e-14,0
0.017640646547079086,-4.24973077561841e-12,31.970655484670715,-7.496799853292863e-14,0
0.018764086067676544,-5.171729364206179e-12,31.980690484822844,-9.704277490869484e-14,0
0.008698633871972561,-2.8204034160234093e-12,31.990725484974973,-2.4533656687248346e-14,0
0.02059083804488182,-5.2850800992543245e-12,32.000805485127785,-1.0882422837797373e-13,0
0.010964903980493546,-3.6176445953467473e-12,32.010840485279914,-3.966712562352851e-14,0
0.017229782417416573,-4.146376384600581e-12,32.020920485432725,-7.144116292738238e-14,0
0.019188111647963524,-5.250464125972076e-12,32.030955485584855,-1.0074649185277942e-13,0
0.008439278230071068,-2.8026775778650093e-12,32.040990485736984,-2.3652575868784483e-14,0
0.020540732890367508,-5.239925680855517e-12,32.051070485889795,-1.0763191377583028e-13,0
0.011852063238620758,-3.800259586184129e-12,32.061105486041924,-4.5040916938629053e-14,0
0.01663653738796711,-4.010109085073044e-12,32.071185486194736,-6.671432972364427e-14,0
0.01943305693566799,-5.304259202004724e-12,32.081220486346865,-1.0307797107409867e-13,0
0.008244924247264862,-2.8128042429964584e-12,32.09130048649968,-2.3191357905890985e-14,0
0.020470477640628815,-5.192752911692411e-12,32.101335486651806,-1.0629813237210967e-13,0
0.012831849046051502,-3.973187664291222e-12,32.111370486803935,-5.098334433981892e-14,0
0.015921035781502724,-3.874644528834015e-12,32.121450486956746,-6.168835418417011e-14,0
0.01972123049199581,-5.347955151641104e-12,32.131485487108876,-1.0546825620637062e-13,0
0.008182793855667114,-2.831668927116837e-12,32.14156548726169,-2.3170963098095145e-14,0
0.020320216193795204,-5.128445845076213e-12,32.151600487413816,-1.0421112831011939e-13,0
0.013708717189729214,-4.139314325329879e-12,32.161635487565945,-5.67446894453421e-14,0
0.015109332278370857,-3.7269384627058866e-12,32.17171548771876,-5.6311551614063913e-14,0
0.01995794288814068,-5.38196397170676e-12,32.181750487870886,-1.074129295733543e-13,0
0.008140705525875092,-2.8517377261699783e-12,32.1918304880237,-2.321515706577841e-14,0
0.02013496309518814,-5.03981795532682e-12,32.20186548817583,-1.0147654853697207e-13,0
0.014556171372532845,-4.3001032422329555e-12,32.21194548832864,-6.259303971352701e-14,0
0.014265560545027256,-3.5934807646881284e-12,32.22198048848077,-5.126301741604934e-14,0
0.020145254209637642,-5.412674648763716e-12,32.2320154886329,-1.0903970675340619e-13,0
0.008104629814624786,-2.8830451481026698e-12,32.24209548878571,-2.336601366422223e-14,0
0.019896192476153374,-4.9326398000870686e-12,32.25213048893784,-9.814075087806702e-14,0
0.015225577168166637,-4.409879579558851e-12,32.26221048909065,-6.714296184089553e-14,0
0.013354676775634289,-3.4197768315064048e-12,32.27224548924278,-4.56700142295708e-14,0
0.020285222679376602,-5.4260719181686845e-12,32.28228048939491,-1.100690771343639e-13,0
0.008166760206222534,-2.9247882327859687e-12,32.29236048954772,-2.388604415114438e-14,0
0.01966976933181286,-4.837828054826687e-12,32.30239548969985,-9.515896190541383e-14,0
0.015852894634008408,-4.531496705650895e-12,32.31247548985266,-7.183733980903985e-14,0
0.01236871536821127,-3.268696945057936e-12,32.32251049000479,-4.042958213836332e-14,0
0.020432505756616592,-5.4161297842469924e-12,32.3325904901576,-1.1066510299520926e-13,0
0.008276991546154022,-2.9641230876037428e-12,32.34262549030973,-2.4534021737856137e-14,0
0.019334254786372185,-4.7106567778454345e-12,32.35266049046186,-9.107703835401466e-14,0
0.016506263986229897,-4.646691451754004e-12,32.36274049061467,-7.669951576520943e-14,0
0.011537131853401661,-3.136372888831729e-12,32.3727754907668,-3.6184747559885925e-14,0
0.020532716065645218,-5.399472535749794e-12,32.38285549091961,-1.1086583648079992e-13,0
0.00839811097830534,-3.0131179669379282e-12,32.39289049107174,-2.530449907707048e-14,0
0.019019324332475662,-4.598737623345839e-12,32.40292549122387,-8.746488237837281e-14,0
0.017061429098248482,-4.775533267442622e-12,32.41300549137668,-8.14774222487992e-14,0
0.010711723007261753,-3.0281643078472475e-12,32.42304049152881,-3.2436857286136224e-14,0
0.020564783364534378,-5.3794035198562185e-12,32.43312049168162,-1.1062626801625684e-13,0
0.008634823374450207,-3.0858757389673475e-12,32.44315549183375,-2.6645991961484057e-14,0
0.018667342141270638,-4.4913539033741845e-12,32.45319049198588,-8.384163999181729e-14,0
0.017616596072912216,-4.886915091345534e-12,32.46327049213869,-8.609080920685318e-14,0
0.010024226270616055,-2.9385055586722553e-12,32.47330549229082,-2.945624461759373e-14,0
0.020572800189256668,-5.345487073815658e-12,32.48338549244363,-1.0997163748386384e-13,0
0.009083549492061138,-3.1996493128627623e-12,32.49342049259576,-2.9064172890628314e-14,0
0.018271971493959427,-4.361714548567486e-12,32.50350049274857,-7.969712389621321e-14,0
0.018099231645464897,-4.978396601212909e-12,32.5135354929007,-9.010515330834757e-14,0
0.009480815380811691,-2.860389008985109e-12,32.52357049305283,-2.7118820111490734e-14,0
0.020594846457242966,-5.315584777898508e-12,32.53365049320564,-1.0947365233127772e-13,0
0.009715470485389233,-3.3346528663380504e-12,32.54368549335777,-3.2397721501925934e-14,0
0.017897184938192368,-4.280636609066413e-12,32.55376549351058,-7.661134504565825e-14,0
0.018492380157113075,-5.079803331448085e-12,32.56380049366271,-9.393765432850746e-14,0
0.00895798858255148,-2.8119527106101883e-12,32.57383549381484,-2.518944027632075e-14,0
0.020548749715089798,-5.287287968558374e-12,32.58391549396765,-1.086471571375116e-13,0
0.010468835011124611,-3.494801670278491e-12,32.59395049411978,-3.658650208274824e-14,0
0.017502356320619583,-4.192935929014929e-12,32.60403049427259,-7.338625865914739e-14,0
0.018930813297629356,-5.1873939171942496e-12,32.61406549442472,-9.820158574766254e-14,0
0.008563593029975891,-2.783704473527382e-12,32.62414549457753,-2.3838512227011795e-14,0
0.020564783364534378,-5.241129578947845e-12,32.63418049472966,-1.0778269437651572e-13,0
0.011261309497058392,-3.651240768065556e-12,32.64421549488179,-4.111775233746342e-14,0
0.017007317394018173,-4.0656995999033274e-12,32.6542954950346,-6.914664352428859e-14,0
0.01927662082016468,-5.23212029257536e-12,32.66433049518673,-1.008575989654643e-13,0
0.008321084082126617,-2.773870976663373e-12,32.674410495339544,-2.3081613629786606e-14,0
0.020493119955062866,-5.202234042850362e-12,32.68444549549167,-1.0661000627444413e-13,0
0.012183462269604206,-3.839008971828761e-12,32.6944804956438,-4.677242096094775e-14,0
0.016359958797693253,-3.936055040926201e-12,32.70456049579661,-6.439369829500547e-14,0
0.01954215206205845,-5.306526919268695e-12,32.71459549594874,-1.0370095597775539e-13,0
0.008216865360736847,-2.7917319064124646e-12,32.724675496101554,-2.293928519826442e-14,0
0.02040049247443676,-5.159774951052354e-12,32.73471049625368,-1.0526195005873085e-13,0
0.013265462592244148,-4.0454297897674074e-12,32.744790496406495,-5.366449754570965e-14,0
0.01559034176170826,-3.797379945214008e-12,32.754825496558624,-5.920245114494337e-14,0
0.019809739664196968,-5.347336722721918e-12,32.76486049671075,-1.0592934837392141e-13,0
0.008134692907333374,-2.815614061346672e-12,32.774940496863564,-2.2904155734624887e-14,0
0.02028110809624195,-5.076093625294709e-12,32.784975497015694,-1.0294880352124667e-13,0
0.014067145064473152,-4.186915137510683e-12,32.795055497168505,-5.889794261200133e-14,0
0.014739963226020336,-3.649179916576095e-12,32.805090497320634,-5.37887777754636e-14,0
0.020025869831442833,-5.3889718208688375e-12,32.81512549747276,-1.079188482100328e-13,0
0.008108638226985931,-2.85113556028338e-12,32.825205497625575,-2.3118826794432766e-14,0
0.020099971443414688,-4.985610448787758e-12,32.835240497777704,-1.0021062764862383e-13,0
0.014844777062535286,-4.325590666903745e-12,32.845320497930516,-6.421242911396942e-14,0
0.013885736465454102,-3.5042828014364424e-12,32.855355498082645,-4.8659547481169663e-14,0
0.020242106169462204,-5.401679971372975e-12,32.865435498235456,-1.0934137947398931e-13,0
0.008128680288791656,-2.879031214819694e-12,32.875470498387585,-2.3402724286720743e-14,0
0.01985090784728527,-4.886882565280359e-12,32.885505498539715,-9.700905546388546e-14,0
0.015504160895943642,-4.4387787716260174e-12,32.895585498692526,-6.881954025678885e-14,0
0.012990344315767288,-3.335683508923215e-12,32.905620498844655,-4.333167730933937e-14,0
0.020392421633005142,-5.404690150284663e-12,32.91570049899747,-1.1021472034035478e-13,0
0.008204624056816101,-2.9261387150120166e-12,32.925735499149596,-2.4007868094768545e-14,0
0.01956890895962715,-4.779704410040608e-12,32.935770499301725,-9.353360045401307e-14,0
0.016103418543934822,-4.56340607662975e-12,32.94585049945454,-7.348643803790437e-14,0
0.012049667537212372,-3.2078938030227766e-12,32.955885499606666,-3.865405382110829e-14,0
0.02047860249876976,-5.400074484795958e-12,32.96596549975948,-1.1058597883788533e-13,0
0.008344593457877636,-2.9646816685630073e-12,32.976000499911606,-2.4739063256180625e-14,0
0.01927456259727478,-4.656861701812787e-12,32.986035500063736,-8.975897237844212e-14,0
0.016766812652349472,-4.679604360263712e-12,32.99611550021655,-7.846204959565936e-14,0
0.01123455073684454,-3.0770128198881475e-12,33.006150500368676,-3.456885664295448e-14,0
0.020548749715089798,-5.388836078756842e-12,33.01623050052149,-1.1073384383802029e-13,0
0.008486621081829071,-3.0275460957684963e-12,33.02626550067362,-2.5693636522558217e-14,0
0.018863212317228317,-4.541129625112994e-12,33.03634550082643,-8.566029227856184e-14,0
0.017314990982413292,-4.818247363591599e-12,33.04638050097856,-8.342790965162515e-14,0
0.01046471856534481,-2.9883844964578854e-12,33.05641550113069,-3.1272602720471436e-14,0
0.020576808601617813,-5.3661580387553975e-12,33.0664955012835,-1.1041840688950264e-13,0
0.008780968375504017,-3.122769837854422e-12,33.07653050143563,-2.7420943190177488e-14,0
0.01850646361708641,-4.436370541760493e-12,33.08661050158844,-8.210153002300448e-14,0
0.01783781684935093,-4.920890951665147e-12,33.09664550174057,-8.777795153143108e-14,0
0.009834855794906616,-2.91294744401982e-12,33.1066805018927,-2.864841805007674e-14,0
0.020592842251062393,-5.3332451302456896e-12,33.11676050204551,-1.0982667565339619e-13,0
0.009297620505094528,-3.242520835167184e-12,33.12679550219764,-3.0147728205246646e-14,0
0.01809760555624962,-4.333216944985008e-12,33.13687550235045,-7.842085105999567e-14,0
0.01829477585852146,-5.0093132766826365e-12,33.14691050250258,-9.164426360202454e-14,0
0.009267069399356842,-2.8314683497149273e-12,33.15699050265539,-2.623941369889062e-14,0
0.020596850663423538,-5.3047475266632116e-12,33.16702550280752,-1.0926109261384754e-13,0
0.010015993379056454,-3.4008145691905023e-12,33.17706050295965,-3.40625362084108e-14,0
0.017750877887010574,-4.2513362621954265e-12,33.18714050311246,-7.546495084685099e-14,0
0.01871674321591854,-5.1241172763227816e-12,33.19717550326459,-9.590678726918541e-14,0
0.00881011039018631,-2.7961472113396946e-12,33.2072555034174,-2.463436559911432e-14,0
0.020602213218808174,-5.267365536798518e-12,33.21729050356953,-1.0851938789052505e-13,0
0.010752891190350056,-3.551482675653861e-12,33.22732550372166,-3.8188706775719245e-14,0
0.017392124980688095,-4.147780643254384e-12,33.23740550387447,-7.213871933995911e-14,0
0.019079016521573067,-5.200585188186446e-12,33.2474405040266,-9.922205072725738e-14,0
0.00849945843219757,-2.779088591198242e-12,33.25752050417941,-2.3620747960283967e-14,0
0.020519878715276718,-5.231914294162587e-12,33.26755550433154,-1.0735824676493889e-13,0
0.011704185046255589,-3.737574486017969e-12,33.27763550448435,-4.3745263408517934e-14,0
0.016806896775960922,-4.0201435930198315e-12,33.28767050463648,-6.756613839242496e-14,0
0.019371304661035538,-5.270250815619937e-12,33.29770550478861,-1.0209163418944483e-13,0
0.008256949484348297,-2.788521150098866e-12,33.30778550494142,-2.3024678272403152e-14,0
0.020462244749069214,-5.195844622607471e-12,33.31782050509355,-1.0631864434592923e-13,0
0.012678229250013828,-3.933245656256856e-12,33.32790050524636,-4.986659012664551e-14,0
0.016082022339105606,-3.886208629205745e-12,33.33793550539849,-6.249809398931177e-14,0
0.01969652995467186,-5.316626479345832e-12,33.34797050555062,-1.0471909270823677e-13,0
0.008212856948375702,-2.797150748870547e-12,33.35805050570343,-2.297259896351577e-14,0
0.02040461078286171,-5.13545369423829e-12,33.36808550585556,-1.0478693382434161e-13,0
0.01359815988689661,-4.09439799772815e-12,33.37816550600837,-5.5676278613696724e-14,0
0.015277199447154999,-3.73286124233374e-12,33.3882005061605,-5.702766570768734e-14,0
0.01994970813393593,-5.355375431309595e-12,33.39823550631263,-1.0683817680227765e-13,0
0.008134692907333374,-2.8196275609487786e-12,33.40831550646544,-2.293680432137173e-14,0
0.02024817280471325,-5.047031802901669e-12,33.41835050661757,-1.0219317209603646e-13,0
0.014433913864195347,-4.244512727402672e-12,33.42843050677038,-6.126493110281103e-14,0
0.014468258246779442,-3.594560196371055e-12,33.43846550692251,-5.2007025204690646e-14,0
0.020169954746961594,-5.388233696029809e-12,33.44854550707532,-1.0868042981497487e-13,0
0.008194332011044025,-2.860595224238316e-12,33.45858050722745,-2.3440667016615694e-14,0
0.02000116929411888,-4.946655064730354e-12,33.46861550737958,-9.893888538928241e-14,0
0.015141399577260017,-4.36893923816406e-12,33.47869550753239,-6.6151854733812e-14,0
0.013609915040433407,-3.455434506235977e-12,33.48873050768452,-4.7028170057653607e-14,0
0.020322274416685104,-5.4072991743925325e-12,33.498810507837334,-1.0988861767511985e-13,0
0.008194332011044025,-2.897901319950935e-12,33.50884550798946,-2.3746365550920682e-14,0
0.01981179788708687,-4.85782074288732e-12,33.51888050814159,-9.624216272978177e-14,0
0.015756692737340927,-4.480120701505497e-12,33.528960508294404,-7.05918853198224e-14,0
0.012689822353422642,-3.296934556959452e-12,33.53899550844653,-4.183751383867563e-14,0
0.02045455202460289,-5.4155274015199595e-12,33.549075508599344,-1.1077218697505252e-13,0
0.008282842114567757,-2.9457196230875393e-12,33.55911050875147,-2.439893055181813e-14,0
0.019470486789941788,-4.7327866452284706e-12,33.569190508904285,-9.214965985553385e-14,0
0.016473114490509033,-4.620998028670442e-12,33.579225509056414,-7.612222958670474e-14,0
0.011843829415738583,-3.1666715690631397e-12,33.58926050920854,-3.750551787965307e-14,0
0.020532716065645218,-5.4040882012384994e-12,33.599340509361355,-1.109606086297335e-13,0
0.00840428564697504,-2.982407289880973e-12,33.609375509513484,-2.506500277978039e-14,0
0.01912175491452217,-4.612775005713443e-12,33.619455509666295,-8.820435313508607e-14,0
0.017032992094755173,-4.757650436809646e-12,33.629490509818424,-8.10370222797872e-14,0
0.010971078649163246,-3.0557832739891433e-12,33.639525509970554,-3.352523863373245e-14,0
0.020594846457242966,-5.3838188247834484e-12,33.649605510123365,-1.1087892205002939e-13,0
0.008603948168456554,-3.0504244963314164e-12,33.659640510275494,-2.6245694258225698e-14,0
0.01879306510090828,-4.490556364256104e-12,33.669720510428306,-8.439131809276296e-14,0
0.017545528709888458,-4.8448359039887645e-12,33.679755510580435,-8.500520744813327e-14,0
0.010265165008604527,-2.9452581866429295e-12,33.689835510733246,-3.023356127883302e-14,0
0.02065296843647957,-5.347895303681183e-12,33.699870510885376,-1.1044991290852478e-13,0
0.00904444046318531,-3.1584270789031255e-12,33.709905511037505,-2.856620567245161e-14,0
0.018432307988405228,-4.391616844484636e-12,33.719985511190316,-8.094763424460911e-14,0
0.018053947016596794,-4.950571202977372e-12,33.730020511342445,-8.937735020044332e-14,0
0.009669914841651917,-2.8693982953575947e-12,33.74010051149526,-2.7746837162889115e-14,0
0.020624855533242226,-5.31951175816725e-12,33.750135511647386,-1.0971416151958289e-13,0
0.009622843936085701,-3.295903697533853e-12,33.760170511799515,-3.171596690973608e-14,0
0.018039483577013016,-4.2962898863518895e-12,33.77025051195233,-7.750285084693203e-14,0
0.018486205488443375,-5.0464133739824835e-12,33.780285512104456,-9.328903461106903e-14,0
0.009142808616161346,-2.818022074371762e-12,33.79036551225727,-2.5764636502099017e-14,0
0.020626913756132126,-5.2869462280336066e-12,33.8004005124094,-1.0905338387895725e-13,0
0.010389425791800022,-3.4588191685780423e-12,33.81048051256221,-3.593514507919702e-14,0
0.01772281900048256,-4.212201767939128e-12,33.82051551271434,-7.46520895266978e-14,0
0.018904054537415504,-5.146377681647385e-12,33.830550512866466,-9.728740436400013e-14,0
0.008741967380046844,-2.786915446681415e-12,33.84063051301928,-2.436312392583761e-14,0
0.020596038550138474,-5.251700983810448e-12,33.85066551317141,-1.0816423591636013e-13,0
0.011199125088751316,-3.6105391679891463e-12,33.86074551332422,-4.043487978014655e-14,0
0.017183253541588783,-4.092733096872081e-12,33.87078051347635,-7.032647048160481e-14,0
0.019223103299736977,-5.218929021583163e-12,33.88081551362848,-1.0032401169588837e-13,0
0.00844334065914154,-2.7740713372248482e-12,33.89089551378129,-2.3422429312949705e-14,0
0.020571338012814522,-5.215837744348972e-12,33.90093051393342,-1.0729676125899877e-13,0
0.0120970094576478,-3.798583843306336e-12,33.91101051408623,-4.5951504678144873e-14,0
0.01658220961689949,-3.960821254311853e-12,33.92104551423836,-6.56791682940699e-14,0
0.019525684416294098,-5.275197813292554e-12,33.93108051439049,-1.0300184773587512e-13,0
0.008280999958515167,-2.780694294615693e-12,33.9411605145433,-2.3026929338355917e-14,0
0.020466361194849014,-5.163485090886599e-12,33.95119551469543,-1.0567775089430293e-13,0
0.013057025149464607,-3.9802063554750244e-12,33.96127551484824,-5.196965448349626e-14,0
0.01586795225739479,-3.826024132930206e-12,33.97131051500037,-6.07111682769768e-14,0
0.019813206046819687,-5.324414954072099e-12,33.98139051515318,-1.0549373056379847e-13,0
0.00817992351949215,-2.8026775778650093e-12,33.99142551530531,-2.292568823673128e-14,0
0.020381968468427658,-5.090108889937994e-12,34.00146051545744,-1.0374643889557951e-13,0
0.013902799226343632,-4.139151261323137e-12,34.01154051561025,-5.754578895364258e-14,0
0.015040485188364983,-3.6823638756289245e-12,34.02157551576238,-5.538453932956711e-14,0
0.019993584603071213,-5.364753346420725e-12,34.03165551591519,-1.0726064990627218e-13,0
0.008200506679713726,-2.8300905455941328e-12,34.04169051606732,-2.320817642333935e-14,0
0.020147312432527542,-5.0008625712694155e-12,34.05172551621945,-1.0075394065549795e-13,0
0.014632332138717175,-4.2830448389319375e-12,34.06180551637226,-6.267093464827051e-14,0
0.014210960827767849,-3.535612124253018e-12,34.07184051652439,-5.024444539994071e-14,0
0.02017396315932274,-5.3908427201376785e-12,34.0819205166772,-1.0875466243376071e-13,0
0.008206682279706001,-2.872549637392141e-12,34.09195551682933,-2.3574102206761984e-14,0
0.019913416355848312,-4.893136243411256e-12,34.10203551698214,-9.743905930093987e-14,0
0.015309752896428108,-4.387803922284439e-12,34.11207051713427,-6.71761938081528e-14,0
0.013270283117890358,-3.377936168627582e-12,34.1221055172864,-4.482616931184984e-14,0
0.020338308066129684,-5.391043080699154e-12,34.13218551743921,-1.0964469497303622e-13,0
0.008210798725485802,-2.9077946647748654e-12,34.14222051759134,-2.387531672750788e-14,0
0.01959875598549843,-4.795802643897673e-12,34.15230051774415,-9.399176577235871e-14,0
0.01600792072713375,-4.525362289758972e-12,34.16233551789628,-7.24416407960221e-14,0
0.012344014830887318,-3.2402535515840825e-12,34.17237051804841,-3.999773789658922e-14,0
0.020458560436964035,-5.394454848095531e-12,34.18245051820122,-1.1036278053423607e-13,0
0.008352826349437237,-2.952727255409182e-12,34.19248551835335,-2.466361802168331e-14,0
0.019302133470773697,-4.680005515067531e-12,34.20256551850616,-9.033409109579049e-14,0
0.016613084822893143,-4.6558308423871875e-12,34.21260051865829,-7.734771270562038e-14,0
0.01145766768604517,-3.1044038867333867e-12,34.2226805188111,-3.5569228097458155e-14,0
0.02047860249876976,-5.375991752459841e-12,34.23271551896323,-1.1009279813528972e-13,0
0.00847015343606472,-2.9968352018711064e-12,34.24275051911536,-2.538365398244826e-14,0
0.018963422626256943,-4.561599795810389e-12,34.25283051926817,-8.650354477979979e-14,0
0.01713591068983078,-4.772902559291303e-12,34.2628655194203,-8.178803198728053e-14,0
0.010664002038538456,-3.0022538274887545e-12,34.27294551957311,-3.201604093654996e-14,0
0.02054252102971077,-5.366711415544234e-12,34.28298051972524,-1.1024578211420628e-13,0
0.008710984140634537,-3.082371814386309e-12,34.29301551987737,-2.6850491990658038e-14,0
0.01860066130757332,-4.459248942323413e-12,34.30309552003018,-8.294497926231235e-14,0
0.017636096104979515,-4.8827604286205695e-12,34.31313052018231,-8.611283217674333e-14,0
0.010026663541793823,-2.9191690297664108e-12,34.323210520335124,-2.926952568309252e-14,0
0.020571338012814522,-5.327962463580471e-12,34.33324552048725,-1.0960331675790185e-13,0
0.009235002100467682,-3.214782173105446e-12,34.343325520640064,-2.968852012117485e-14,0
0.018243912607431412,-4.34646199240496e-12,34.353360520792194,-7.92964727409583e-14,0
0.018107464537024498,-4.967884610629358e-12,34.36339552094432,-8.995579441100086e-14,0
0.009451456367969513,-2.8461185231504205e-12,34.373475521097134,-2.6899965039626027e-14,0
0.02054869569838047,-5.2935416466892704e-12,34.38351052124926,-1.0877537646452168e-13,0
0.009894385933876038,-3.3494439860559666e-12,34.393590521402075,-3.314069146193784e-14,0
0.01783370040357113,-4.248759764152732e-12,34.403625521554204,-7.577110872064735e-14,0
0.01854383945465088,-5.071146627622092e-12,34.41366052170633,-9.40385289136183e-14,0
0.008990488946437836,-2.802368580245851e-12,34.423740521859145,-2.5194663744545013e-14,0
0.02053634636104107,-5.265098253215417e-12,34.433775522011274,-1.0812588135294411e-13,0
0.010601871646940708,-3.5095927899964074e-12,34.443855522164085,-3.720825229257045e-14,0
0.017436433583498,-4.171261426544337e-12,34.453890522316215,-7.273192282334746e-14,0
0.01895963028073311,-5.1704929400486765e-12,34.463925522468344,-9.803063451246364e-14,0
0.008651778101921082,-2.7706597866689053e-12,34.474005522621155,-2.397113367017537e-14,0
0.020497236400842667,-5.22387601925578e-12,34.484040522773284,-1.0707502169537866e-13,0
0.01147370133548975,-3.668136541040701e-12,34.494120522926096,-4.208710312969744e-14,0
0.016907431185245514,-4.037288732494648e-12,34.504155523078225,-6.826018141962035e-14,0
0.01930413767695427,-5.231095071001057e-12,34.51423552323104,-1.0098177945184128e-13,0
0.008425302803516388,-2.767649390916782e-12,34.524270523383166,-2.3318284172441588e-14,0
0.020501352846622467,-5.184096207866418e-12,34.534305523535295,-1.0628098554830692e-13,0
0.012385615147650242,-3.8541743581366195e-12,34.544385523688106,-4.773632031182206e-14,0
0.016337260603904724,-3.902903607938546e-12,34.554420523840236,-6.376275335481202e-14,0
0.019602764397859573,-5.291903634047079e-12,34.56450052399305,-1.0373594015440178e-13,0
0.008260199800133705,-2.781654247219212e-12,34.574535524145176,-2.2977019856921206e-14,0
0.020367559045553207,-5.1375149794086195e-12,34.584570524297305,-1.0463863969051913e-13,0
0.013329597190022469,-4.036800407836161e-12,34.59465052445012,-5.3808923372974444e-14,0
0.01549744512885809,-3.761098637394822e-12,34.604685524602246,-5.828741975724918e-14,0
0.01984727755188942,-5.336054948595903e-12,34.61476552475506,-1.0590616359691592e-13,0
0.00818609818816185,-2.8047388630353387e-12,34.62480052490719,-2.2959867724960713e-14,0
0.020196009427309036,-5.050475662682352e-12,34.63488052506,-1.0199945409592764e-13,0
0.014137291349470615,-4.192735134772585e-12,34.64491552521213,-5.927391815144198e-14,0
0.01471320353448391,-3.634751787745527e-12,34.65495052536426,-5.34788428504292e-14,0
0.020077761262655258,-5.369770600394119e-12,34.66503052551707,-1.0781297214993812e-13,0
0.00812434684485197,-2.839983890418063e-12,34.6750655256692,-2.3073014159548415e-14,0
0.020019639283418655,-4.959363215234491e-12,34.68514552582201,-9.928466264444987e-14,0
0.014935508370399475,-4.3361512297446225e-12,34.69518052597414,-6.476262298716879e-14,0
0.013840453699231148,-3.486351398546139e-12,34.70521552612627,-4.82526851108276e-14,0
0.020179975777864456,-5.398669358780417e-12,34.71529552627908,-1.0894501689288785e-13,0
0.008157281205058098,-2.8752291346412218e-12,34.72533052643121,-2.3454052580244297e-14,0
0.0197610966861248,-4.842562982554366e-12,34.73541052658402,-9.569435530690572e-14,0
0.01556537114083767,-4.439413246737356e-12,34.74544552673615,-6.91011148330181e-14,0
0.012826540507376194,-3.3125173611037173e-12,34.75552552688896,-4.2488138113583725e-14,0
0.02034231647849083,-5.394454848095531e-12,34.76556052704109,-1.0973570774888847e-13,0
0.008241674862802029,-2.9150087291901494e-12,34.77559552719322,-2.402455416821494e-14,0
0.019484516233205795,-4.749443893725669e-12,34.78567552734603,-9.254061664599794e-14,0
0.016199350357055664,-4.560813098714034e-12,34.79571052749816,-7.388220929911733e-14,0
0.011966736055910587,-3.1752469577261966e-12,34.80579052765097,-3.799734225544248e-14,0
0.020480770617723465,-5.3813451091067055e-12,34.8158255278031,-1.1021409479442249e-13,0
0.008352826349437237,-2.953345684328368e-12,34.82586052795523,-2.466878365105474e-14,0
0.019179876893758774,-4.638664018868921e-12,34.83594052810804,-8.896900483341423e-14,0
0.01682921312749386,-4.688602804614472e-12,34.84597552826017,-7.89054958690224e-14,0
0.011165053583681583,-3.0560380614996774e-12,34.85605552841298,-3.412082871041429e-14,0
0.02054252102971077,-5.372688838961581e-12,34.86609052856511,-1.1036857346046062e-13,0
0.008494853973388672,-3.013736395857114e-12,34.87612552871724,-2.560125059709286e-14,0
0.018863212317228317,-4.5236696333272874e-12,34.88620552887005,-8.5330940746451e-14,0
0.017395267263054848,-4.810415087097564e-12,34.89624052902218,-8.367845608629338e-14,0
0.01037940476089716,-2.959707782676513e-12,34.90632052917499,-3.072000505037697e-14,0
0.020579572767019272,-5.359909564794929e-12,34.91635552932712,-1.1030464891333984e-13,0
0.008958421647548676,-3.140327190995218e-12,34.92643552947993,-2.8132375088197285e-14,0
0.018500613048672676,-4.4212754117534114e-12,34.93647052963206,-8.179630557446082e-14,0
0.01782134920358658,-4.919654527507644e-12,34.94650552978419,-8.767488129571946e-14,0
0.009780146181583405,-2.9017090379807042e-12,34.956585529937,-2.837913856787304e-14,0
0.020587805658578873,-5.336413168993692e-12,34.96662053008913,-1.0986503723712315e-13,0
0.009429410099983215,-3.261341934360229e-12,34.97670053024194,-3.075253057535514e-14,0
0.0181218720972538,-4.319044254186277e-12,34.98673553039407,-7.826916755674264e-14,0
0.01830301061272621,-5.009725273508181e-12,34.9967705305462,-9.169305484786296e-14,0
0.00921696424484253,-2.8278557880762056e-12,35.00685053069901,-2.606424568826938e-14,0
0.02055692858994007,-5.294160075608456e-12,35.01688553085114,-1.0883167061799476e-13,0
0.01010082010179758,-3.40523507828816e-12,35.02696553100395,-3.439566693011931e-14,0
0.01770196482539177,-4.223820512100351e-12,35.03700053115608,-7.476992213396867e-14,0
0.018686842173337936,-5.114495632563276e-12,35.04708053130889,-9.557377268193612e-14,0
0.008731946349143982,-2.7772825272193158e-12,35.05711553146102,-2.4251082024094076e-14,0
0.020497236400842667,-5.2531438400615915e-12,35.06715053161315,-1.0767493113737288e-13,0
0.010770224966108799,-3.5631768802862895e-12,35.07723053176596,-3.837621659472106e-14,0
0.017195602878928185,-4.1160234942605456e-12,35.08726553191809,-7.077750544764268e-14,0
0.01904960349202156,-5.2052060578455794e-12,35.097345532070904,-9.915711149622693e-14,0
0.008297250606119633,-2.7626919849033094e-12,35.10738053222303,-2.2922747746260835e-14,0
0.02041490189731121,-5.220578309927948e-12,35.11741553237516,-1.0657759404440982e-13,0
0.011589945293962955,-3.729145464648198e-12,35.12749553252797,-4.322059192850268e-14,0
0.01657603308558464,-3.995860500122239e-12,35.1375305326801,-6.623551585540702e-14,0
0.019318167120218277,-5.2660150545724704e-12,35.147610532832914,-1.0172975888181635e-13,0
0.00811817217618227,-2.7773258953062152e-12,35.15764553298504,-2.254680980746543e-14,0
0.020332295447587967,-5.177310836990134e-12,35.167725533137855,-1.0526661356168236e-13,0
0.012596056796610355,-3.9302350436642985e-12,35.177760533289984,-4.9505463834023885e-14,0
0.015888536348938942,-3.870956073043219e-12,35.18779553344211,-6.150382627169313e-14,0
0.019550655037164688,-5.32100362035659e-12,35.197875533594924,-1.0402910623309611e-13,0
0.008023487403988838,-2.7901047357919984e-12,35.207910533747054,-2.2386370203436704e-14,0
0.02021404728293419,-5.105665022708816e-12,35.217990533899865,-1.0320615417985927e-13,0
0.01357286423444748,-4.103450652187535e-12,35.228025534051994,-5.569557859489637e-14,0
0.015089886263012886,-3.714723407349796e-12,35.23806053420412,-5.6054753715460106e-14,0
0.019829239696264267,-5.340671047765477e-12,35.248140534356935,-1.0590144634504048e-13,0
0.00798643659800291,-2.8086550012823563e-12,35.258175534509064,-2.2431145093405323e-14,0
0.02003968134522438,-5.024787443769219e-12,35.268255534661876,-1.0069513920061971e-13,0
0.014326229691505432,-4.25061461722942e-12,35.278290534814005,-6.089528133649912e-14,0
0.014167354442179203,-3.5519384742471738e-12,35.288370534966816,-5.032157132147292e-14,0
0.020013626664876938,-5.374787854367513e-12,35.298405535118945,-1.0756899752022637e-13,0
0.007978202775120735,-2.83709839475621e-12,35.308440535271075,-2.2634946286334578e-14,0
0.019803185015916824,-4.916015077655045e-12,35.318520535423886,-9.735275612383957e-14,0
0.015052836388349533,-4.367480335720764e-12,35.328555535576015,-6.574296692293855e-14,0
0.013315567746758461,-3.4046333460824307e-12,35.33863553572883,-4.533462597263355e-14,0
0.020180247724056244,-5.390826673945526e-12,35.348670535880956,-1.0878821771767089e-13,0
0.00805230438709259,-2.8748169209752428e-12,35.358705536033085,-2.314890090485696e-14,0
0.019578713923692703,-4.817075991564446e-12,35.3687855361859,-9.431215278752865e-14,0
0.015633296221494675,-4.4744524925477425e-12,35.378820536338026,-6.995044124500405e-14,0
0.012361564673483372,-3.2551205654540727e-12,35.38890053649084,-4.023838338984628e-14,0
0.020307866856455803,-5.393918384860585e-12,35.398935536642966,-1.095389763943379e-13,0
0.008126405999064445,-2.9230472209373914e-12,35.408970536795096,-2.3753868471774273e-14,0
0.019300129264593124,-4.7125172687734196e-12,35.41905053694791,-9.095219244895434e-14,0
0.01630226895213127,-4.611722895925263e-12,35.429085537100036,-7.518154698207533e-14,0
0.011487730778753757,-3.1246734800288722e-12,35.43916553725285,-3.589540771008329e-14,0
0.02040255069732666,-5.3788718271108316e-12,35.44920053740498,-1.0974270514705082e-13,0
0.00826697051525116,-2.968136804046284e-12,35.45928053755779,-2.453749944428244e-14,0
0.018912289291620255,-4.579775794710805e-12,35.46931553770992,-8.66140447203308e-14,0
0.01686832308769226,-4.732916749489169e-12,35.47935053786205,-7.983636887753355e-14,0
0.010674023069441319,-3.0106826320180913e-12,35.48943053801486,-3.2136095868927414e-14,0
0.020443718880414963,-5.363001275709989e-12,35.49946553816699,-1.0963969043592183e-13,0
0.008447349071502686,-3.053830625876497e-12,35.5095455383198,-2.579677330202429e-14,0
0.018525313585996628,-4.470536354300725e-12,35.51958053847193,-8.281808786101905e-14,0
0.017391148954629898,-4.843805478244034e-12,35.52961553862406,-8.423934257939431e-14,0
0.010000609792768955,-2.9322137166248874e-12,35.53969553877687,-2.93239252089703e-14,0
0.020456070080399513,-5.33723759632565e-12,35.549730538929,-1.0917890630618055e-13,0
0.008860215544700623,-3.1634063858004824e-12,35.55981053908181,-2.802846243367465e-14,0
0.018193915486335754,-4.366243477882392e-12,35.56984553923394,-7.943906482935694e-14,0
0.01789918914437294,-4.955951447838114e-12,35.57992553938675,-8.870751235518332e-14,0
0.009405359625816345,-2.8523396752161423e-12,35.58996053953888,-2.6827280420392012e-14,0
0.020451951771974564,-5.303022777847222e-12,35.59999553969101,-1.0845716609821396e-13,0
0.009547658264636993,-3.29746581602397e-12,35.61007553984382,-3.1483076750719225e-14,0
0.017796648666262627,-4.276790727120172e-12,35.62011053999595,-7.611254198968758e-14,0
0.018356148153543472,-5.053084686790221e-12,35.63019054014876,-9.275517114312312e-14,0
0.008815960958600044,-2.790310951045205e-12,35.64022554030089,-2.4599272406768688e-14,0
0.02039431780576706,-5.274373385960596e-12,35.65026054045302,-1.0756724705956007e-13,0
0.010235101915895939,-3.459822272428026e-12,35.66034054060583,-3.541163356918753e-14,0
0.0174426082521677,-4.196613542784e-12,35.67037554075796,-7.319988601252293e-14,0
0.01876901462674141,-5.162259075069953e-12,35.68045554091077,-9.689051608701652e-14,0
0.008422811515629292,-2.7715549039825094e-12,35.6904905410629,-2.3344284561462715e-14,0
0.02039041742682457,-5.234908426882123e-12,35.70057054121571,-1.0674196801532804e-13,0
0.011004717089235783,-3.621376202384008e-12,35.71060554136784,-3.985222058092707e-14,0
0.016963006928563118,-4.0704726915474776e-12,35.72064054151997,-6.904745646924683e-14,0
0.01911373808979988,-5.230091533470205e-12,35.73072054167278,-9.996659975642932e-14,0
0.008159339427947998,-2.7635164122352673e-12,35.74075554182491,-2.254846842213261e-14,0
0.020322274416685104,-5.206209595376432e-12,35.75083554197772,-1.0580202006801897e-13,0
0.011975565925240517,-3.818809851674487e-12,35.76087054212985,-4.573240913468578e-14,0
0.016263160854578018,-3.930935004586855e-12,35.77090554228198,-6.39294282884874e-14,0
0.019350234419107437,-5.270630720061176e-12,35.78098554243479,-1.0198793996973278e-13,0
0.008025544695556164,-2.76063069973298e-12,35.79102054258692,-2.2155565068631518e-14,0
0.020266156643629074,-5.147809695876804e-12,35.80110054273973,-1.0432631766823185e-13,0
0.012980052269995213,-4.000601065701215e-12,35.81113554289186,-5.192801094420032e-14,0
0.015530378557741642,-3.7953134558732504e-12,35.82117054304399,-5.894265471500226e-14,0
0.01959073916077614,-5.311771855698311e-12,35.8312505431968,-1.0406153690653743e-13,0
0.00789998471736908,-2.780623604634047e-12,35.84128554334893,-2.1966883981364694e-14,0
0.020075757056474686,-5.0709458333797475e-12,35.85136554350174,-1.0180307659747437e-13,0
0.013747826218605042,-4.146940603411142e-12,35.86140054365387,-5.701141875457351e-14,0
0.014620305970311165,-3.641043629792895e-12,35.87148054380668,-5.32331719188245e-14,0
0.01984267309308052,-5.354757002390409e-12,35.88151554395881,-1.0625269269131667e-13,0
0.007862933911383152,-2.8010287232010933e-12,35.89155054411094,-2.202430373441613e-14,0
0.019869323819875717,-4.9816396667512475e-12,35.90163054426375,-9.898181169261829e-14,0
0.014495015144348145,-4.279058010703274e-12,35.91166554441588,-6.20250106686882e-14,0
0.013772526755928993,-3.486915400516266e-12,35.921745544568694,-4.802363564927114e-14,0
0.020013518631458282,-5.370833985884893e-12,35.93178054472082,-1.0748928604297666e-13,0
0.00790204294025898,-2.841426963509641e-12,35.94181554487295,-2.245307787726287e-14,0
0.01966289058327675,-4.864638639828778e-12,35.951895545025764,-9.565285730213349e-14,0
0.015176338143646717,-4.394686871356246e-12,35.96193054517789,-6.669525399514725e-14,0
0.012892680242657661,-3.3394094781091788e-12,35.972010545330704,-4.305393860056194e-14,0
0.02013907954096794,-5.381139544374802e-12,35.98204554548283,-1.0837119730521213e-13,0
0.007944293320178986,-2.8832457255045796e-12,35.992125545635645,-2.2905349757560645e-14,0
0.019366268068552017,-4.757069738126063e-12,36.002160545787774,-9.212668776934588e-14,0
0.015826784074306488,-4.508873309438943e-12,36.0121955459399,-7.136096428689386e-14,0
0.011948698200285435,-3.178658291441705e-12,36.022275546092715,-3.7980828606271875e-14,0
0.020291399210691452,-5.375574551463869e-12,36.032310546244844,-1.09077929210587e-13,0
0.008108638226985931,-2.9183662864779025e-12,36.042390546397655,-2.3663976430881696e-14,0
0.019079016521573067,-4.629860730909208e-12,36.052425546549784,-8.833318937759913e-14,0
0.016499873250722885,-4.632334446585951e-12,36.062460546701914,-7.643293122362573e-14,0
0.01113899890333414,-3.0550347408092593e-12,36.072540546854725,-3.403002862752204e-14,0
0.02037785016000271,-5.347955151641104e-12,36.082575547006854,-1.0897982874255698e-13,0
0.008276991546154022,-2.969943084865645e-12,36.092655547159666,-2.458219380599154e-14,0
0.01871056854724884,-4.514644300762649e-12,36.102690547311795,-8.447156165586586e-14,0
0.017105523496866226,-4.756668583322243e-12,36.112770547464606,-8.136530621882402e-14,0
0.01037138793617487,-2.951078400745266e-12,36.122805547616736,-3.060677892419568e-14,0
0.02042107656598091,-5.3281684619932435e-12,36.132840547768865,-1.0880693611880878e-13,0
0.008571609854698181,-3.0576437649171284e-12,36.142920547921676,-2.6208929427520107e-14,0
0.01839563623070717,-4.4035495735950114e-12,36.152955548073805,-8.10060960797395e-14,0
0.01757851615548134,-4.860825717628581e-12,36.16303554822662,-8.544610340631318e-14,0
0.009717528708279133,-2.8605950073978814e-12,36.173070548378746,-2.779791410714887e-14,0
0.020460186526179314,-5.302198350515264e-12,36.183105548530875,-1.0848396725034258e-13,0
0.009114749729633331,-3.1824714304823365e-12,36.19318554868369,-2.900743061055468e-14,0
0.018041595816612244,-4.306883408938811e-12,36.203220548835816,-7.770304969334713e-14,0
0.018071550875902176,-4.962774982630869e-12,36.21330054898863,-8.968504058426828e-14,0
0.009120600298047066,-2.7952577318773875e-12,36.22333554914076,-2.5494428502479265e-14,0
0.02043050155043602,-5.263406030464601e-12,36.23341554929357,-1.0753402506598133e-13,0
0.009748078882694244,-3.325361470560284e-12,36.2434505494457,-3.2415885928493784e-14,0
0.017642270773649216,-4.213926516755118e-12,36.253485549597826,-7.434323262885425e-14,0
0.018428299576044083,-5.0500745078785325e-12,36.26356554975064,-9.306428591252899e-14,0
0.008643057197332382,-2.746821216662032e-12,36.27360054990277,-2.3740932886456067e-14,0
0.020396430045366287,-5.225275507420024e-12,36.28368055005558,-1.0657696635485835e-13,0
0.010522352531552315,-3.498512026953171e-12,36.29371555020771,-3.681257688347692e-14,0
0.01730263978242874,-4.131894045661388e-12,36.30375055035984,-7.149267429124118e-14,0
0.018939372152090073,-5.1552351797157225e-12,36.31383055051265,-9.763691760018302e-14,0
0.008361060172319412,-2.7317750925931472e-12,36.32386555066478,-2.2840535926414738e-14,0
0.02041446790099144,-5.195974726868169e-12,36.33394555081759,-1.06073059276013e-13,0
0.011456855572760105,-3.669172604636728e-12,36.34398055096972,-4.2037180602851006e-14,0
0.016744820401072502,-4.007402482769651e-12,36.35401555112185,-6.710323484878985e-14,0
0.01923399046063423,-5.2198566649619416e-12,36.36409555127466,-1.00398673299756e-13,0
0.008177864365279675,-2.7389891570084313e-12,36.37413055142679,-2.2399081823986666e-14,0
0.02035033330321312,-5.166272791512494e-12,36.3842105515796,-1.0513537324260052e-13,0
0.012401649728417397,-3.867452365302615e-12,36.39424555173173,-4.796278957582239e-14,0
0.016025254502892494,-3.868222582525949e-12,36.40432555188454,-6.198925135881439e-14,0
0.019530612975358963,-5.280865588569439e-12,36.41436055203667,-1.0313854198524093e-13,0
0.008064654655754566,-2.768875189892994e-12,36.4243955521888,-2.2330022191373844e-14,0
0.020292211323976517,-5.109879533393702e-12,36.43447555234161,-1.0369075533168752e-13,0
0.013344384729862213,-4.039349583984109e-12,36.44451055249374,-5.3902634907092823e-14,0
0.015209543518722057,-3.720114927913132e-12,36.45459055264655,-5.658124989074235e-14,0
0.019752105697989464,-5.325901178410142e-12,36.46462555279868,-1.0519776301300376e-13,0
0.007963793352246284,-2.7847459581342715e-12,36.47466055295081,-2.217714134908442e-14,0
0.020115841180086136,-5.0348223853968754e-12,36.48474055310362,-1.0127968747458598e-13,0
0.01415950059890747,-4.192284974030569e-12,36.49477555325575,-5.936066160057663e-14,0
0.014423892833292484,-3.5864564356530293e-12,36.50485555340856,-5.173066327913144e-14,0
0.01997440867125988,-5.362176848378031e-12,36.51489055356069,-1.0710631173707111e-13,0
0.008014440536499023,-2.8178214969698523e-12,36.5249705537135,-2.2583262829933544e-14,0
0.019907403737306595,-4.937086763717735e-12,36.53500555386563,-9.828457949144136e-14,0
0.01485523208975792,-4.328731383757001e-12,36.54504055401776,-6.43043093599292e-14,0
0.013612190261483192,-3.4542032862489025e-12,36.55512055417057,-4.701927233426055e-14,0
0.020165838301181793,-5.388559390362424e-12,36.5651555543227,-1.0866481734236338e-13,0
0.008074566721916199,-2.8665884770073813e-12,36.57523555447551,-2.314645992187224e-14,0
0.019655361771583557,-4.83288105715407e-12,36.58527055462764,-9.499202557739644e-14,0
0.015507737174630165,-4.435909538996752e-12,36.59530555477977,-6.879091926119649e-14,0
0.012680234387516975,-3.290240909586961e-12,36.60538555493258,-4.1721025924959716e-14,0
0.020342858508229256,-5.3821699701195325e-12,36.61542055508471,-1.0948872216938213e-13,0
0.008192814886569977,-2.8993008081151794e-12,36.62550055523752,-2.3753434821370406e-14,0
0.01939394883811474,-4.7215807652545294e-12,36.63553555538965,-9.157009579637298e-14,0
0.016215654090046883,-4.575848380761194e-12,36.64561555554246,-7.420037451092466e-14,0
0.011774332262575626,-3.145745816612866e-12,36.65565055569459,-3.703905645840718e-14,0
0.02041901834309101,-5.3788718271108316e-12,36.66568555584672,-1.0983128250291153e-13,0
0.008254945278167725,-2.9520817214356843e-12,36.67576555599953,-2.436927306713075e-14,0
0.019058432430028915,-4.604509048350414e-12,36.68580055615166,-8.77547245714431e-14,0
0.01684497483074665,-4.694455327941549e-12,36.69588055630447,-7.907798184323991e-14,0
0.010882568545639515,-3.0201258161000055e-12,36.7059155564566,-3.286672621016379e-14,0
0.020474594086408615,-5.352283720394535e-12,36.71595055660873,-1.0958583661037105e-13,0
0.00844334065914154,-3.0052640064004432e-12,36.72603055676154,-2.5374467776695465e-14,0
0.018731150776147842,-4.487437765127167e-12,36.73606555691367,-8.405487337717687e-14,0
0.017368074506521225,-4.811055200060199e-12,36.746145557066484,-8.355876516963192e-14,0
0.010209480300545692,-2.9279937849291393e-12,36.75618055721861,-2.989329486735427e-14,0
0.020513704046607018,-5.327756465167699e-12,36.76621555737074,-1.0929201935884733e-13,0
0.00887424498796463,-3.109019552222092e-12,36.776295557523554,-2.759020117879094e-14,0
0.01842651143670082,-4.3765490363723014e-12,36.78633055767568,-8.064453087199617e-14,0
0.017885159701108932,-4.900160572446355e-12,36.796410557828494,-8.764015439928042e-14,0
0.009624902158975601,-2.8443122423310596e-12,36.806445557980624,-2.737622704201295e-14,0
0.020530711859464645,-5.2900973532277185e-12,36.816525558133435,-1.0860946446763485e-13,0
0.009462290443480015,-3.244788118750286e-12,36.826560558285564,-3.0703127607168325e-14,0
0.01798396185040474,-4.270195308464508e-12,36.83659555843769,-7.679502952120302e-14,0
0.018283996731042862,-4.999902401825462e-12,36.846675558590505,-9.141819917051011e-14,0
0.009071199223399162,-2.7923720193751e-12,36.856710558742634,-2.5330162893596958e-14,0
0.020548749715089798,-5.2692260277265035e-12,36.866790558895445,-1.0827600683598874e-13,0
0.010186837986111641,-3.408853277778179e-12,36.876825559047575,-3.472543605915193e-14,0
0.017629921436309814,-4.205269812929124e-12,36.886860559199704,-7.413857642042573e-14,0
0.018718909472227097,-5.109076790105194e-12,36.896940559352515,-9.563634592063572e-14,0
0.008628648705780506,-2.762073772824558e-12,36.906975559504644,-2.3832964285152903e-14,0
0.020480606704950333,-5.230894276758713e-12,36.917055559657456,-1.0713188839747082e-13,0
0.010979311540722847,-3.5640557345673063e-12,36.927090559809585,-3.913087825831427e-14,0
0.017185691744089127,-4.0853670273122145e-12,36.9371705599624,-7.020985839285346e-14,0
0.019149813801050186,-5.186141013163725e-12,36.947205560114526,-9.93136347480751e-14,0
0.008361060172319412,-2.74249308158947e-12,36.957240560266655,-2.293014967733925e-14,0
0.020452547818422318,-5.1957739326258245e-12,36.967320560419466,-1.0626681481074185e-13,0
0.011893230490386486,-3.752235935156056e-12,36.977355560571596,-4.462620683112186e-14,0
0.016578415408730507,-3.964954232993367e-12,36.98743556072441,-6.573265835116849e-14,0
0.019437173381447792,-5.2624189728067705e-12,36.997470560876536,-1.0228654998026559e-13,0
0.008223148994147778,-2.7513557838282354e-12,37.007505561028665,-2.2624808546329824e-14,0
0.020448539406061172,-5.145602260253623e-12,37.01758556118148,-1.0522005058671365e-13,0
0.01286272518336773,-3.932171428744358e-12,37.027620561333606,-5.0578440461829113e-14,0
0.015888968482613564,-3.809421094541632e-12,37.03770056148642,-6.052777170817525e-14,0
0.019719170406460762,-5.295396933446828e-12,37.04773556163855,-1.0442083450048775e-13,0
0.008120663464069366,-2.7696562491380528e-12,37.05781556179136,-2.2491446310406788e-14,0
0.02034231647849083,-5.079575648991863e-12,37.06785056194349,-1.0333033542822793e-13,0
0.013745767064392567,-4.093763522616811e-12,37.07788556209562,-5.627191979859786e-14,0
0.01502715889364481,-3.676967150895161e-12,37.08796556224843,-5.525436962321403e-14,0
0.01996411755681038,-5.348161583734745e-12,37.09800056240056,-1.0677132657049763e-13,0
0.008072562515735626,-2.8049773875132855e-12,37.10808056255337,-2.2643355315925793e-14,0
0.020157605409622192,-4.999419715018272e-12,37.1181155627055,-1.0077632989242415e-13,0
0.014546475373208523,-4.249378193071918e-12,37.12815056285763,-6.181347523696998e-14,0
0.014201425947248936,-3.5366859180846477e-12,37.13823056301044,-5.022598316435724e-14,0
0.02014937251806259,-5.377429404540557e-12,37.14826556316257,-1.0835182826167118e-13,0
0.008118659257888794,-2.8322710930034356e-12,37.15834556331538,-2.2994243930063156e-14,0
0.019887957721948624,-4.891004701940149e-12,37.16838056346751,-9.727209473003762e-14,0
0.01522573921829462,-4.357380775643627e-12,37.17841556361964,-6.63443433647602e-14,0
0.013363668695092201,-3.373727078953559e-12,37.18849556377245,-4.508537095079653e-14,0
0.020324334502220154,-5.367741841288964e-12,37.19853056392458,-1.0909578070392004e-13,0
0.00819481909275055,-2.8613706456320775e-12,37.20861056407739,-2.3448414798261715e-14,0
0.019616253674030304,-4.781147266291752e-12,37.21864556422952,-9.378819762847552e-14,0
0.015850888565182686,-4.484134417948038e-12,37.22872556438233,-7.107751497019467e-14,0
0.012319314293563366,-3.2126343686017522e-12,37.23876056453446,-3.9577452497108485e-14,0
0.020451951771974564,-5.375162120957455e-12,37.24879556468659,-1.0993255646436638e-13,0
0.008252941071987152,-2.915556468127689e-12,37.2588755648394,-2.4061915723508805e-14,0
0.01928485371172428,-4.669434110204929e-12,37.26891056499153,-9.004935373183748e-14,0
0.016490230336785316,-4.610969158574951e-12,37.27899056514434,-7.603594350071413e-14,0
0.011475380510091782,-3.0873183783780567e-12,37.28902556529647,-3.5428153147687716e-14,0
0.020497236400842667,-5.367536276557061e-12,37.2990605654486,-1.100196599506889e-13,0
0.008349142968654633,-2.964323881846087e-12,37.30914056560141,-2.4749563894930264e-14,0
0.018949339166283607,-4.550919970730538e-12,37.31917556575354,-8.623692604398643e-14,0
0.017079468816518784,-4.727167442208913e-12,37.32925556590635,-8.073750891966998e-14,0
0.010652030818164349,-2.9768422969700392e-12,37.33929056605848,-3.1709415888140006e-14,0
0.02053472027182579,-5.347895303681183e-12,37.34937056621129,-1.0981753410410392e-13,0
0.008633740246295929,-3.0419898371103482e-12,37.35940556636342,-2.626375008548281e-14,0
0.018619999289512634,-4.4526045177295526e-12,37.36944056651555,-8.290749295660501e-14,0
0.017646657302975655,-4.852196335697334e-12,37.37952056666836,-8.562504590280507e-14,0
0.009995409287512302,-2.9082068784408444e-12,37.38955556682049,-2.906871804277478e-14,0
0.02057480439543724,-5.328227876272296e-12,37.3996355669733,-1.0962724632861846e-13,0
0.009135008789598942,-3.172854990893259e-12,37.40967056712543,-2.898405822993279e-14,0
0.01828036829829216,-4.353670635809381e-12,37.41970556727756,-7.958670267205529e-14,0
0.01807355508208275,-4.951536576591753e-12,37.42978556743037,-8.949186905797849e-14,0
0.009447881951928139,-2.838747249420126e-12,37.4398205675825,-2.6820148903882055e-14,0
0.020602863281965256,-5.296720093778129e-12,37.44990056773531,-1.0912759993494898e-13,0
0.009801922366023064,-3.3278512324291798e-12,37.45993556788744,-3.2619339425944994e-14,0
0.017913218587636948,-4.252139005483935e-12,37.47001556804025,-7.61694954702509e-14,0
0.018504459410905838,-5.059707427340632e-12,37.48005056819238,-9.362715072028352e-14,0
0.008908587507903576,-2.791135378377163e-12,37.49008556834451,-2.4865073764678516e-14,0
0.02062290534377098,-5.266617003618634e-12,37.50016556849732,-1.0861294394752185e-13,0
0.010557346045970917,-3.4789311188776484e-12,37.51020056864945,-3.672827969208812e-14,0
0.017506364732980728,-4.164036736947763e-12,37.520280568802264,-7.289714587853846e-14,0
0.019027557224035263,-5.1595689526395816e-12,37.53031556895439,-9.817399349770533e-14,0
0.00860806554555893,-2.7476458608344245e-12,37.54035056910652,-2.3651915666046415e-14,0
0.020586829632520676,-5.22025825344663e-12,37.55043056925933,-1.0746856730146571e-13,0
0.011409512721002102,-3.641553638494832e-12,37.56046556941146,-4.154835256261828e-14,0
0.01702134497463703,-4.037001202078505e-12,37.570545569564274,-6.871519012360262e-14,0
0.019334254786372185,-5.21975388259599e-12,37.5805805697164,-1.0092005148826631e-13,0
0.008365176618099213,-2.744169041307698e-12,37.590660569869215,-2.2955458700458888e-14,0
0.020528707653284073,-5.18152534767502e-12,37.600695570021344,-1.063700190605016e-13,0
0.012298730202019215,-3.822519991508733e-12,37.61073057017347,-4.701214206739068e-14,0
0.01635795459151268,-3.914782126940297e-12,37.620810570326285,-6.403782826815481e-14,0
0.019605960696935654,-5.2749913811989124e-12,37.630845570478414,-1.034212736964602e-13,0
0.00824292004108429,-2.758417843098937e-12,37.640925570631225,-2.2737417720564727e-14,0
0.02043136954307556,-5.1358661247447035e-12,37.650960570783354,-1.0493277871842245e-13,0
0.013241466134786606,-4.0080209116888366e-12,37.660995570935484,-5.3072073169644267e-14,0
0.015554266981780529,-3.7610552693079224e-12,37.671075571088295,-5.850045779204789e-14,0
0.019791213795542717,-5.316214048839418e-12,37.681110571240424,-1.052143288234487e-13,0
0.008190810680389404,-2.7847080110582345e-12,37.691190571393236,-2.2809016118741723e-14,0
0.0202584657818079,-5.048268227059172e-12,37.701225571545365,-1.0227016913526626e-13,0
0.014052465558052063,-4.158482586058554e-12,37.711260571697494,-5.84369333143471e-14,0
0.014752584509551525,-3.619168549920393e-12,37.721340571850305,-5.3392089887011644e-14,0
0.020019695162773132,-5.348574014241159e-12,37.731375572002435,-1.070768213206378e-13,0
0.008122667670249939,-2.802970529292015e-12,37.741455572155246,-2.276759809894361e-14,0
0.020060861483216286,-4.946655064730354e-12,37.751490572307375,-9.923416205880593e-14,0
0.014874839223921299,-4.288463247709151e-12,37.76157057246019,-6.3790201327369e-14,0
0.013887795619666576,-3.459144429229788e-12,37.771605572612316,-4.803989085205149e-14,0
0.020196713507175446,-5.375986548289413e-12,37.781640572764445,-1.0857726013423029e-13,0
0.008116655051708221,-2.8409006917751167e-12,37.79172057291726,-2.3058610951297882e-14,0
0.01981179788708687,-4.846897189159094e-12,37.801755573069386,-9.602574749110942e-14,0
0.015508170239627361,-4.405464274631621e-12,37.8118355732222,-6.832068995558364e-14,0
0.012943001464009285,-3.2934306323784135e-12,37.821870573374326,-4.262687749648683e-14,0
0.02038608491420746,-5.37248240686794e-12,37.831905573526456,-1.0952388254649549e-13,0
0.008254945278167725,-2.8750174983771526e-12,37.84198557367927,-2.373311212287806e-14,0
0.0195400919765234,-4.7300314706677504e-12,37.852020573831396,-9.242524998869808e-14,0
0.016143502667546272,-4.521462197704107e-12,37.86210057398421,-7.299223704984588e-14,0
0.011996149085462093,-3.1596637199010624e-12,37.87213557413634,-3.7903797043858886e-14,0
0.02049463614821434,-5.363950603132217e-12,37.88221557428915,-1.0993221592818965e-13,0
0.008341126143932343,-2.9275978342957476e-12,37.89225057444128,-2.4419462834563966e-14,0
0.019241629168391228,-4.6195551724192985e-12,37.90228557459341,-8.888776755061574e-14,0
0.016768816858530045,-4.659134189566316e-12,37.91236557474622,-7.812816794415336e-14,0
0.011160450056195259,-3.0458897123247786e-12,37.92240057489835,-3.3993500011079636e-14,0
0.020562779158353806,-5.364351757936037e-12,37.93248057505116,-1.1030598052616573e-13,0
0.008490737527608871,-2.9937434909560467e-12,37.94251557520329,-2.5419090206695296e-14,0
0.0188752394169569,-4.512789447685961e-12,37.95255057535542,-8.517998126338921e-14,0
0.017358051612973213,-4.7739277808656055e-12,37.96263057550823,-8.286608481687186e-14,0
0.010452368296682835,-2.9397421996701922e-12,37.97266557566036,-3.0727268168253377e-14,0
0.02061288431286812,-5.323813005025935e-12,37.98274557581317,-1.0973914157594237e-13,0
0.008857128210365772,-3.0844328827162037e-12,37.9927805759653,-2.731921749848551e-14,0
0.018500450998544693,-4.395630994608046e-12,38.00286057611811,-8.132115582343043e-14,0
0.01786712184548378,-4.87708137764109e-12,38.01289557627024,-8.713940722465325e-14,0
0.00981633085757494,-2.8686334991451234e-12,38.02293057642237,-2.815945553673145e-14,0
0.02061488851904869,-5.3135777028368025e-12,38.03301057657518,-1.0953881198128352e-13,0
0.009382014162838459,-3.217787147846707e-12,38.04304557672731,-3.0189324594097374e-14,0
0.01813167706131935,-4.304919701964005e-12,38.05312557688012,-7.805541381092249e-14,0
0.018321534618735313,-4.996534436196853e-12,38.06316057703225,-9.154417864648378e-14,0
0.009264686144888401,-2.8006165095351143e-12,38.07319557718438,-2.5946832973035688e-14,0
0.020632926374673843,-5.269627182530323e-12,38.08327557733719,-1.0872782967912812e-13,0
0.01003040187060833,-3.367218396471694e-12,38.09331057748932,-3.377455370271646e-14,0
0.017780940979719162,-4.209191589027439e-12,38.10339057764213,-7.484338721682721e-14,0
0.01871468499302864,-5.085780754865432e-12,38.11342557779426,-9.517878477091397e-14,0
0.008798085153102875,-2.7515945251466167e-12,38.12350557794707,-2.4208762939051603e-14,0
0.02058282122015953,-5.239122937567009e-12,38.1335405780992,-1.0783593077437877e-13,0
0.010826991870999336,-3.5211842122628845e-12,38.14357557825133,-3.812383284246145e-14,0
0.017336007207632065,-4.099615612263019e-12,38.15365557840414,-7.107096580271264e-14,0
0.01913459226489067,-5.1620426683163245e-12,38.16369057855627,-9.877358171220114e-14,0
0.008493445813655853,-2.7333315732319674e-12,38.17377057870908,-2.321540360800042e-14,0
0.02054046094417572,-5.184920635198376e-12,38.18380557886121,-1.06500659805943e-13,0
0.011672984808683395,-3.688340865365403e-12,38.19384057901334,-4.3053946890656513e-14,0
0.01675678975880146,-3.976995382320991e-12,38.20392057916615,-6.664167549327709e-14,0
0.01942688226699829,-5.2294410121667134e-12,38.21395557931828,-1.0159173486557512e-13,0
0.008244924247264862,-2.7359405973398365e-12,38.22403557947109,-2.255762297008353e-14,0
0.020460186526179314,-5.159156522133168e-12,38.23407057962322,-1.0555730476059917e-13,0
0.012661004438996315,-3.894246904112553e-12,38.24410557977535,-4.9305077339516687e-14,0
0.016063334420323372,-3.8409288770357985e-12,38.25418557992816,-6.169812503650314e-14,0
0.01969035528600216,-5.294984502940414e-12,38.26422058008029,-1.042601260967723e-13,0
0.008174777030944824,-2.7614280220106258e-12,38.2743005802331,-2.2574058366939862e-14,0
0.02040872536599636,-5.090933317269952e-12,38.28433558038523,-1.0389945992876327e-13,0
0.013692358508706093,-4.063692958522491e-12,38.29441558053804,-5.564154085739447e-14,0
0.015317769721150398,-3.701049449550409e-12,38.30445058069017,-5.66918231948036e-14,0
0.01997029408812523,-5.325901178410142e-12,38.3144855808423,-1.0635981281714324e-13,0
0.00819481909275055,-2.787517395727579e-12,38.32456558099511,-2.2843200775882652e-14,0
0.020314041525125504,-5.009931271920953e-12,38.33460058114724,-1.0177195189582707e-13,0
0.014526108279824257,-4.210395487119767e-12,38.344680581300054,-6.116066074678513e-14,0
0.014532066881656647,-3.5481847494855945e-12,38.35471558145218,-5.1562458087998793e-14,0
0.020309923216700554,-5.357642281211827e-12,38.36475058160431,-1.0881330335396061e-13,0
0.00830705463886261,-2.8350806945132145e-12,38.374830581757124,-2.355117023490583e-14,0
0.020207006484270096,-4.931815372755111e-12,38.38486558190925,-9.965722521648546e-14,0
0.015399942174553871,-4.354690219532387e-12,38.394945582062064,-6.706197756889406e-14,0
0.013828102499246597,-3.4253418244173384e-12,38.40498058221419,-4.7365977842999296e-14,0
0.02062090113759041,-5.3984689982189416e-12,38.415060582367005,-1.1132129550661952e-13,0
0.008545555174350739,-2.8744155493309886e-12,38.425095582519134,-2.456347667081965e-14,0
0.020062919706106186,-4.8295833478262384e-12,38.43513058267126,-9.689554292138533e-14,0
0.016081372275948524,-4.471691246454856e-12,38.445210582824075,-7.191093163734083e-14,0
0.012924476526677608,-3.260864668563901e-12,38.455245582976204,-4.2144968865526497e-14,0
0.02080528810620308,-5.395659613549597e-12,38.465325583129015,-1.1225825278290374e-13,0
0.008653349243104458,-2.929848854846262e-12,38.475360583281144,-2.5353005370494364e-14,0
0.019803564995527267,-4.73312318158281e-12,38.485395583433274,-9.373271255831199e-14,0
0.016688648611307144,-4.599529958293491e-12,38.495475583586085,-7.675993925114028e-14,0
0.012012616731226444,-3.1349302494210196e-12,38.505510583738214,-3.765871556542283e-14,0
0.0207892544567585,-5.3876317469836454e-12,38.515590583891026,-1.1200484730735333e-13,0
0.008640998974442482,-2.966948952146109e-12,38.525625584043155,-2.5637402852717724e-14,0
0.019332196563482285,-4.5915020917275395e-12,38.535705584195966,-8.876382095891686e-14,0
0.017265859991312027,-4.717734883308289e-12,38.545740584348096,-8.14557499713297e-14,0
0.011131632141768932,-3.009202045531345e-12,38.555775584500225,-3.349733021111354e-14,0
0.02079125866293907,-5.360739629978184e-12,38.565855584653036,-1.1145652427154471e-13,0
0.008881828747689724,-3.033935516011388e-12,38.575890584805165,-2.6946895684746802e-14,0
0.019019540399312973,-4.4793175245361194e-12,38.58597058495798,-8.51945606192653e-14,0
0.01783575862646103,-4.847721616491052e-12,38.596005585110106,-8.646279264001188e-14,0
0.010507944971323013,-2.9284059985951183e-12,38.606040585262235,-3.077152908692972e-14,0
0.020881447941064835,-5.334650256261231e-12,38.61612058541505,-1.1139522160990707e-13,0
0.009285270236432552,-3.147915088319575e-12,38.626155585567176,-2.92292422763907e-14,0
0.01866479590535164,-4.374558441183618e-12,38.63623558571999,-8.165024048072544e-14,0
0.018323594704270363,-4.951602062402971e-12,38.64627058587212,-9.073114932830129e-14,0
0.009900723583996296,-2.8659542187364773e-12,38.656305586024246,-2.837502052409792e-14,0
0.02087743952870369,-5.312373804744475e-12,38.66638558617706,-1.1090876286242231e-13,0
0.009834855794906616,-3.282094214462905e-12,38.676420586329186,-3.227892330453998e-14,0
0.018229883164167404,-4.270000152073461e-12,38.686500586482,-7.784160388327624e-14,0
0.01867969147861004,-5.029099966330497e-12,38.69653558663413,-9.394203578614182e-14,0
0.009279094636440277,-2.7740713372248482e-12,38.70661558678694,-2.5740870466345796e-14,0
0.02082657627761364,-5.2523194127296335e-12,38.71665058693907,-1.0938783088360459e-13,0
0.010561462491750717,-3.4218383335171687e-12,38.7266855870912,-3.613961721227636e-14,0
0.017821025103330612,-4.1746731939407145e-12,38.73676558724401,-7.439695578741886e-14,0
0.01912635937333107,-5.129476704501812e-12,38.74680058739614,-9.81082148474316e-14,0
0.008892282843589783,-2.7429649263749356e-12,38.75688058754895,-2.439121995537235e-14,0
0.020793642848730087,-5.222639161417408e-12,38.76691558770108,-1.0859769345030479e-13,0
0.011347761377692223,-3.5889952034601214e-12,38.77695058785321,-4.0727061154547405e-14,0
0.01740415021777153,-4.06931172786118e-12,38.78703058800602,-7.08229125946354e-14,0
0.019498925656080246,-5.198524336696986e-12,38.79706558815815,-1.013656395625784e-13,0
0.008597664535045624,-2.7429649263749356e-12,38.80714558831096,-2.3583092268367814e-14,0
0.020748358219861984,-5.187806347700663e-12,38.81718058846309,-1.0763846447736723e-13,0
0.012349539436399937,-3.789352078648056e-12,38.8272605886159,-4.6796752933668244e-14,0
0.016754787415266037,-3.93424876010684e-12,38.83729558876803,-6.591750161436409e-14,0
0.019745931029319763,-5.257678407227795e-12,38.84733058892016,-1.0381775520346383e-13,0
0.008505471050739288,-2.7493868726830017e-12,38.85741058907297,-2.3384830452887897e-14,0
0.02068660780787468,-5.143285970732325e-12,38.8674455892251,-1.0639713972028362e-13,0
0.013279491104185581,-3.967763617662712e-12,38.87752558937791,-5.268988166426318e-14,0
0.015942053869366646,-3.779442904472408e-12,38.88756058953004,-6.025208237929466e-14,0
0.01998058333992958,-5.3071453481878805e-12,38.89759558968217,-1.0603985992658754e-13,0
0.008389227092266083,-2.7794899628424963e-12,38.90767558983498,-2.3317772498959917e-14,0
0.02056310512125492,-5.06681849254953e-12,38.91771058998711,-1.0418952129261437e-13,0
0.014151320792734623,-4.123497550356792e-12,38.92779059013992,-5.835293662315435e-14,0
0.01513928733766079,-3.634133575666776e-12,38.93782559029205,-5.501819242545995e-14,0
0.020202022045850754,-5.335452999549739e-12,38.94790559044486,-1.0778693912150436e-13,0
0.008353151381015778,-2.7905277914797022e-12,38.95794059059699,-2.3309701075161582e-14,0
0.020322274416685104,-4.966441754378215e-12,38.96797559074912,-1.0092939220695708e-13,0
0.014880853705108166,-4.25233936604541e-12,38.97805559090193,-6.327844001059415e-14,0
0.014248010702431202,-3.48903089579522e-12,38.98809059105406,-4.9711749544403416e-14,0
0.020364362746477127,-5.356123964489479e-12,38.99817059120687,-1.0907405132796292e-13,0
0.008278725668787956,-2.827617263598259e-12,39.008205591359,-2.3409067621658866e-14,0
0.020075270906090736,-4.867713870870816e-12,39.01824059151113,-9.77206746510672e-14,0
0.015520194545388222,-4.369942775694913e-12,39.02832059166394,-6.782236203099885e-14,0
0.013329976238310337,-3.3363017210019663e-12,39.03835559181607,-4.4472822664790095e-14,0
0.020508665591478348,-5.373985111079005e-12,39.04843559196888,-1.1021326353670293e-13,0
0.008385760709643364,-2.8756413483072008e-12,39.05847059212101,-2.4114440233660392e-14,0
0.019723016768693924,-4.763893272918818e-12,39.06855059227382,-9.395834690604602e-14,0
0.016115443781018257,-4.4945700806986455e-12,39.07858559242595,-7.243199145534571e-14,0
0.012381065636873245,-3.1852216177130632e-12,39.08862059257808,-3.9436437916893016e-14,0
0.02062290534377098,-5.368566268620922e-12,39.09870059273089,-1.1071543398953105e-13,0
0.008445452898740768,-2.916451585441293e-12,39.10873559288302,-2.463075449630228e-14,0
0.019434411078691483,-4.642476941069118e-12,39.11881559303583,-9.022380529608341e-14,0
0.016800396144390106,-4.643876429233362e-12,39.12885059318796,-7.801896365671627e-14,0
0.011528898030519485,-3.073508895307109e-12,39.13888559334009,-3.5434170649890246e-14,0
0.02063893899321556,-5.367964319574758e-12,39.1489655934929,-1.1078908810946132e-13,0
0.008521613664925098,-2.9721017313910636e-12,39.15900059364503,-2.5327102727769632e-14,0
0.019083674997091293,-4.530493168120042e-12,39.169080593797844,-8.645845919694537e-14,0
0.017341749742627144,-4.753322301737084e-12,39.17911559394997,-8.243092580277294e-14,0
0.010726132430136204,-2.970246661473941e-12,39.1891505941021,-3.185925904113943e-14,0
0.020666997879743576,-5.341874945857805e-12,39.199230594254914,-1.1040051817989859e-13,0
0.00881184358149767,-3.0545466329912063e-12,39.20926559440704,-2.6916187142308878e-14,0
0.018700871616601944,-4.42834310887541e-12,39.219345594559854,-8.281387595334297e-14,0
0.01785016804933548,-4.866477446713313e-12,39.229380594711984,-8.686744023213369e-14,0
0.010050714015960693,-2.879432586463948e-12,39.239460594864795,-2.8940353454787154e-14,0
0.02067100629210472,-5.310165935440425e-12,39.249495595016924,-1.0976647346360918e-13,0
0.009277037344872952,-3.1689388526462414e-12,39.25953059516905,-2.9398364079618025e-14,0
0.018308047205209732,-4.317362439776318e-12,39.269610595321865,-7.904247534942428e-14,0
0.01825772598385811,-4.966854184884628e-12,39.279645595473994,-9.068346270940246e-14,0
0.009445443749427795,-2.8013650427149983e-12,39.289725595626805,-2.646013593257791e-14,0
0.02069072425365448,-5.274579384373368e-12,39.299760595778935,-1.0913486759607996e-13,0
0.009935717098414898,-3.322698453184225e-12,39.309795595931064,-3.301339183417924e-14,0
0.01789117231965065,-4.236284500275245e-12,39.319875596083875,-7.579209598948954e-14,0
0.018634408712387085,-5.0608410691321826e-12,39.329910596236004,-9.430578091064311e-14,0
0.008942387998104095,-2.7656425326955114e-12,39.339990596388816,-2.4731448591422555e-14,0
0.020620739087462425,-5.242838281571682e-12,39.350025596540945,-1.0811120028204952e-13,0
0.010722124017775059,-3.4885208870932827e-12,39.36010559669376,-3.740435359001284e-14,0
0.017488326877355576,-4.127310906237858e-12,39.370140596845886,-7.217976225276232e-14,0
0.019048141315579414,-5.1560648112181084e-12,39.380175596998015,-9.821345115636882e-14,0
0.008537538349628448,-2.736944134870689e-12,39.390255597150826,-2.3366765512249165e-14,0
0.020575454458594322,-5.205325753765422e-12,39.400290597302956,-1.071019429887486e-13,0
0.011535831727087498,-3.653687161847552e-12,39.41037059745577,-4.214832028249326e-14,0
0.016882730647921562,-3.998539780530885e-12,39.420405597607896,-6.750627009970233e-14,0
0.019328080117702484,-5.2168681700937025e-12,39.430440597760025,-1.0083204595506303e-13,0
0.00832308828830719,-2.7347366992475086e-12,39.44052059791284,-2.27614549931108e-14,0
0.02054046094417572,-5.164309518218557e-12,39.450555598064966,-1.060772979626032e-13,0
0.012489833869040012,-3.846146925251537e-12,39.46063559821778,-4.803773613231075e-14,0
0.016211699694395065,-3.873429355039093e-12,39.47067059836991,-6.279487349134814e-14,0
0.01963282749056816,-5.2812671770541275e-12,39.48075059852272,-1.0368620741870358e-13,0
0.008172772824764252,-2.7439682470653537e-12,39.49078559867485,-2.2425829121631723e-14,0
0.02041490189731121,-5.10845315701558e-12,39.50082059882698,-1.0428857004748281e-13,0
0.013383709825575352,-4.01171457165006e-12,39.51090059897979,-5.3691623729996724e-14,0
0.015398642979562283,-3.711631696434736e-12,39.52093559913192,-5.71540913650256e-14,0
0.019853290170431137,-5.307156190209605e-12,39.53101559928473,-1.0536451182403112e-13,0
0.00812434684485197,-2.765783695818369e-12,39.54105059943686,-2.247018604266499e-14,0
0.020209064707159996,-5.015702696925528e-12,39.55108559958899,-1.013626603540449e-13,0
0.014207438565790653,-4.154002662681844e-12,39.5611655997418,-5.901773763218309e-14,0
0.014544416218996048,-3.56591037080356e-12,39.57120059989393,-5.186408463260151e-14,0
0.020029660314321518,-5.335653793792083e-12,39.58128060004674,-1.0687133304447634e-13,0
0.008064654655754566,-2.7923720193751e-12,39.59131560019887,-2.251951600665218e-14,0
0.019999109208583832,-4.935731511002128e-12,39.601350600351,-9.871023351278005e-14,0
0.014894882217049599,-4.302913060583169e-12,39.61143060050381,-6.40913832275907e-14,0
0.013686075806617737,-3.434410958749745e-12,39.62146560065594,-4.700360873252771e-14,0
0.020204026252031326,-5.364351757936037e-12,39.63154560080875,-1.0838150374247008e-13,0
0.008091412484645844,-2.8302967608473395e-12,39.64158060096088,-2.2901098545972854e-14,0
0.01966289058327675,-4.812861047198691e-12,39.65166060111369,-9.463476016358261e-14,0
0.015567428432404995,-4.412412709514646e-12,39.66169560126582,-6.868991906960346e-14,0
0.012743339873850346,-3.2505591100739917e-12,39.67173060141795,-4.142297951971339e-14,0
0.02031826600432396,-5.360739629978184e-12,39.68181060157076,-1.0892093378181794e-13,0
0.00817992351949215,-2.8680152870663722e-12,39.69184560172289,-2.3460145700937246e-14,0
0.019372280687093735,-4.704289041645993e-12,39.7019256018757,-9.113280774798536e-14,0
0.016207585111260414,-4.540408413827857e-12,39.71196060202783,-7.358905580699788e-14,0
0.01181707065552473,-3.1341058220890616e-12,39.72199560217996,-3.703594994151786e-14,0
0.020420480519533157,-5.357528656824151e-12,39.73207560233277,-1.0940330956951822e-13,0
0.008237557485699654,-2.91768822643923e-12,39.7421106024849,-2.4034624490642226e-14,0
0.019067641347646713,-4.5832742982809815e-12,39.75219060263771,-8.739223051750892e-14,0
0.016814803704619408,-4.659334983808661e-12,39.76222560278984,-7.834580314680867e-14,0
0.010904506780207157,-3.0018524558445003e-12,39.77230560294265,-3.273372045793786e-14,0
0.020416472107172012,-5.339065127507592e-12,39.78234060309478,-1.0900487425413353e-13,0
0.008418695069849491,-2.969834447807962e-12,39.79237560324691,-2.5002130624030075e-14,0
0.018708888441324234,-4.460854428900429e-12,39.80245560339972,-8.345762786328526e-14,0
0.017339691519737244,-4.767749563205914e-12,39.81249060355185,-8.267130666935254e-14,0
0.010195017792284489,-2.890470415101154e-12,39.82257060370466,-2.9468397310028197e-14,0
0.020484887063503265,-5.290861932599755e-12,39.83260560385679,-1.0838270915789461e-13,0
0.008787143044173717,-3.0669132598110105e-12,39.84264060400892,-2.6949405518032462e-14,0
0.018320072442293167,-4.353687115682403e-12,39.85272060416173,-7.975986335038002e-14,0
0.017771948128938675,-4.872866866956205e-12,39.86275560431386,-8.660033719876959e-14,0
0.009573712944984436,-2.820430304237287e-12,39.87283560446667,-2.7001990114102905e-14,0
0.020491061732172966,-5.26757196889216e-12,39.8828706046188,-1.0793814239323314e-13,0
0.00940936803817749,-3.2067547402203633e-12,39.89295060477161,-3.017353555890365e-14,0
0.017957311123609543,-4.249128392891377e-12,39.90298560492374,-7.630292055531346e-14,0
0.01825566776096821,-4.963144045050383e-12,39.91302060507587,-9.060550873626762e-14,0
0.009078674018383026,-2.7487847067964033e-12,39.92310060522868,-2.495532029972111e-14,0
0.02053634636104107,-5.2354180019031915e-12,39.93313560538081,-1.0751635743191351e-13,0
0.010209047235548496,-3.366101234553165e-12,39.943215605533624,-3.436468650319137e-14,0
0.017613455653190613,-4.165490435220631e-12,39.95325060568575,-7.336868105454825e-14,0
0.018759969621896744,-5.095673882848928e-12,39.96328560583788,-9.559468724533851e-14,0
0.0087379589676857,-2.7321276751396395e-12,39.97336560599069,-2.3873219519848694e-14,0
0.020608387887477875,-5.217280166919247e-12,39.98340060614282,-1.0751973339751715e-13,0
0.01112296525388956,-3.555349807962682e-12,39.993480606295634,-3.9546032379391836e-14,0
