0,0,0,0,0
Voltage [V],Current [A],Time [s],Power [W],Cycle
-0.0809384435415268,-1.0576068234513514e-05,0.0992250015042373,8.56010501690507e-07,0
-0.07427091151475906,-1.0132217539648991e-05,0.10125000153493602,7.5252903233556e-07,0
-0.06883959472179413,-1.0048513104266021e-05,0.10327500156563474,6.917355696543103e-07,0
-0.06487913429737091,-1.0185741302848328e-05,0.10525500159565127,6.608420779057744e-07,0
-0.06239480897784233,-1.0403995474916883e-05,0.10728000162634999,6.491553102637749e-07,0
-0.060617681592702866,-1.0672971257008612e-05,0.1093050016570487,6.469707733054177e-07,0
-0.059696994721889496,-1.0930390089924913e-05,0.11133000168774743,6.525114395064408e-07,0
-0.0593084953725338,-1.1199884283996653e-05,0.11331000171776395,6.642482852303295e-07,0
-0.05924735963344574,-1.145398255175678e-05,0.11533500174846267,6.786182234791465e-07,0
-0.05942578613758087,-1.1693889973685145e-05,0.1173600017791614,6.949186046926147e-07,0
-0.05997130647301674,-1.193043226521695e-05,0.11934000180917792,7.15483609732893e-07,0
-0.06040356680750847,-1.2144634638389107e-05,0.12136500183987664,7.335792497327179e-07,0
-0.06121005862951279,-1.236107709701173e-05,0.12339000187057536,7.566222538320157e-07,0
-0.06193741783499718,-1.2578751920955256e-05,0.1253700019005919,7.79095413570979e-07,0
-0.06275880336761475,-1.2778549717040733e-05,0.1273950019312906,8.019664890150484e-07,0
-0.06372945010662079,-1.2984484783373773e-05,0.12942000196198933,8.274940751621957e-07,0
-0.0646706074476242,-1.3187236618250608e-05,0.13140000199200585,8.528266026578205e-07,0
-0.06559935957193375,-1.3387598301051185e-05,0.13342500202270458,8.78217874755266e-07,0
-0.06655572354793549,-1.3591782590083312e-05,0.1354500020534033,9.046109245892275e-07,0
-0.06750806421041489,-1.3783297617919743e-05,0.13743000208341982,9.304837406217846e-07,0
-0.06843991577625275,-1.3984738870931324e-05,0.13945500211411854,9.571143504794277e-07,0
-0.0694391131401062,-1.4186471162247472e-05,0.14148000214481726,9.85095976094156e-07,0
-0.07037530094385147,-1.4372412806551438e-05,0.1434600021748338,1.0114628765503224e-06,0
-0.0715159997344017,-1.4581179129891098e-05,0.1454850022055325,1.0427876027805554e-06,0
-0.07240099459886551,-1.4779408957110718e-05,0.14751000223623123,1.0700439080781976e-06,0
-0.07342873513698578,-1.4971395103202667e-05,0.14949000226624776,1.0993306056642345e-06,0
-0.07445647567510605,-1.5176219676504843e-05,0.15151500229694648,1.1299678311837486e-06,0
-0.07548421621322632,-1.5373398127849214e-05,0.1535400023276452,1.1604489082145788e-06,0
-0.07649768143892288,-1.5564273780910298e-05,0.15556500235834392,1.1906308575202558e-06,0
-0.0773758515715599,-1.5768822777317837e-05,0.15754500238836044,1.220126090675978e-06,0
-0.07846751809120178,-1.596388392499648e-05,0.15957000241905916,1.2526463506905066e-06,0
-0.079381063580513,-1.6168769434443675e-05,0.16159500244975789,1.2834941144942286e-06,0
-0.08042183518409729,-1.6366708223358728e-05,0.1635750024797744,1.3162407112451654e-06,0
-0.08147222548723221,-1.655682353884913e-05,0.16560000251047313,1.3489212607094303e-06,0
-0.08242858946323395,-1.6757154298829846e-05,0.16762500254117185,1.3812685922703113e-06,0
-0.08343802392482758,-1.6959478671196848e-05,0.16960500257118838,1.4150653871199256e-06,0
-0.08455543965101242,-1.715291364234872e-05,0.1716300026018871,1.450372154324645e-06,0
-0.08547612279653549,-1.7351143469568342e-05,0.17365500263258582,1.4831084698651285e-06,0
-0.08646911382675171,-1.7548960386193357e-05,0.17563500266260235,1.51744305317491e-06,0
-0.08751019090414047,-1.7752154235495254e-05,0.17766000269330107,1.5534944061079356e-06,0
-0.088438019156456,-1.7947233573067933e-05,0.1796850027239998,1.587217786540372e-06,0
-0.08944061398506165,-1.814794450183399e-05,0.1816650027540163,1.6231632988108558e-06,0
-0.09050062298774719,-1.8349295714870095e-05,0.18369000278471503,1.6606226935821436e-06,0
-0.09147840738296509,-1.8544724298408255e-05,0.18571500281541375,1.6964418441745618e-06,0
-0.09248659759759903,-1.87374262168305e-05,0.18769500284543028,1.7329607985307047e-06,0
-0.0934625193476677,-1.8936982087325305e-05,0.189720002876129,1.7698980547230778e-06,0
-0.09448312222957611,-1.91376620932715e-05,0.19174500290682772,1.8081860667468967e-06,0
-0.09556981921195984,-1.9334216631250456e-05,0.19372500293684425,1.8477675880534733e-06,0
-0.09656001627445221,-1.9538674678187817e-05,0.19575000296754297,1.886654744907043e-06,0
-0.09753778576850891,-1.9731651264009997e-05,0.1977750029982417,1.924581573847935e-06,0
-0.09855839610099792,-1.9928129404434003e-05,0.1998000030289404,1.9640844713941503e-06,0
-0.09952438622713089,-2.01309121621307e-05,0.20178000305895694,2.0035166771283422e-06,0
-0.10054250061511993,-2.0324940123828128e-05,0.20380500308965566,2.0435203049022654e-06,0
-0.10157738626003265,-2.0519317331491038e-05,0.20583000312035438,2.0842986223730477e-06,0
-0.10258525609970093,-2.0728068193420768e-05,0.2078100031503709,2.1263941840741346e-06,0
-0.10345443338155746,-2.091472561005503e-05,0.20983500318106962,2.163721087318992e-06,0
-0.10452499240636826,-2.1116456991876476e-05,0.21186000321176834,2.2071975067252905e-06,0
-0.10550463944673538,-2.131352994183544e-05,0.21384000324178487,2.248676291850547e-06,0
-0.10649482905864716,-2.151992157450877e-05,0.2158650032724836,2.2917603694328046e-06,0
-0.10761534422636032,-2.1712197849410586e-05,0.2178900033031823,2.3365656454751605e-06,0
-0.10858040302991867,-2.1912879674346186e-05,0.21987000333319884,2.379309306586622e-06,0
-0.109528087079525,-2.2106554752099328e-05,0.22189500336389756,2.4212886539162222e-06,0
-0.11057009547948837,-2.2303034711512737e-05,0.22392000339459628,2.4660486775343067e-06,0
-0.11153700947761536,-2.2500898921862245e-05,0.2259000034246128,2.5096829763026143e-06,0
-0.11255420744419098,-2.2706499294145033e-05,0.22792500345531153,2.555712031884576e-06,0
-0.11351057142019272,-2.2903677745489404e-05,0.22995000348601025,2.5998095485144535e-06,0
-0.11452342569828033,-2.3094034986570477e-05,0.23193000351602677,2.6448079998579906e-06,0
-0.11557319015264511,-2.3299435270018876e-05,0.2339550035467255,2.6927900629111377e-06,0
-0.11665089428424835,-2.3499069357058033e-05,0.2359800035774242,2.7411874553483965e-06,0
-0.11755016446113586,-2.3691693058935925e-05,0.23800500360812293,2.784962415440669e-06,0
-0.11862692981958389,-2.3894384867162444e-05,0.23998500363813946,2.8345175167190066e-06,0
-0.11956995725631714,-2.4093056708807126e-05,0.24201000366883818,2.880805760846093e-06,0
-0.1205834150314331,-2.4292337911901996e-05,0.2440350036995369,2.9292530645146954e-06,0
-0.12165801972150803,-2.4492270313203335e-05,0.24601500372955343,2.979681104788197e-06,0
-0.12266744673252106,-2.4693348677828908e-05,0.24804000376025215,3.029070033585147e-06,0
-0.12366663664579391,-2.4882472644094378e-05,0.25006500379095087,3.0771317033261264e-06,0
-0.12459973990917206,-2.5081388230319135e-05,0.2520450038209674,3.1251344500587335e-06,0
-0.12560078501701355,-2.5281384296249598e-05,0.2540700038516661,3.175361713925748e-06,0
-0.12659284472465515,-2.5479264877503738e-05,0.25609500388236484,3.2254926223361903e-06,0
-0.12762336432933807,-2.567671617725864e-05,0.25807500391238136,3.2769489034712882e-06,0
-0.12856268882751465,-2.5873972845147364e-05,0.2601000039430801,3.3264275196222444e-06,0
-0.12959754467010498,-2.607745409477502e-05,0.2621250039737788,3.379574021930218e-06,0
-0.1307140290737152,-2.6271314709447324e-05,0.26410500400379533,3.4340293947354196e-06,0
-0.13163161277770996,-2.6471461751498282e-05,0.26613000403449405,3.4844812029331818e-06,0
-0.1326165348291397,-2.6670742954593152e-05,0.26815500406519277,3.5369815119568352e-06,0
-0.13372278213500977,-2.6865182007895783e-05,0.2701350040952093,3.592486880659232e-06,0
-0.13471484184265137,-2.7058797058998607e-05,0.272160004125908,3.6452215662553973e-06,0
-0.13569262623786926,-2.725982994888909e-05,0.27418500415660674,3.6989579165624823e-06,0
-0.13655279576778412,-2.745320125541184e-05,0.27616500418662326,3.7488113842021277e-06,0
-0.1376267671585083,-2.7661892090691254e-05,0.278190004217322,3.8070167819293475e-06,0
-0.13859741389751434,-2.785696960927453e-05,0.2802150042480207,3.8609039468671e-06,0
-0.13976788520812988,-2.8057649615220726e-05,0.2822400042787194,3.9215583506301e-06,0
-0.14064885675907135,-2.825574301823508e-05,0.28422000430873595,3.974137952392876e-06,0
-0.14175200462341309,-2.844780647137668e-05,0.28624500433943467,4.032533594456548e-06,0
-0.14275118708610535,-2.8648839361267164e-05,0.2882700043701334,4.089655827460028e-06,0
-0.1437097191810608,-2.8851804017904215e-05,0.2902500044001499,4.146284653280016e-06,0
-0.14473529160022736,-2.9049499062239192e-05,0.29227500443084864,4.204487717613721e-06,0
-0.14576303958892822,-2.9244929464766756e-05,0.29430000446154736,4.26282981134821e-06,0
-0.146673783659935,-2.9443841413012706e-05,0.2962800044915639,4.31863962552966e-06,0
-0.1476900577545166,-2.9644539608852938e-05,0.2983050045222626,4.378203766937545e-06,0
-0.1487463414669037,-2.984066668432206e-05,0.3003300045529613,4.438689996226226e-06,0
-0.14979423582553864,-3.0038441764190793e-05,0.30231000458297785,4.4995854294569045e-06,0
-0.1506519317626953,-3.0233275538193993e-05,0.3043350046136766,4.554701363342767e-06,0
-0.1518295407295227,-3.043115430045873e-05,0.3063600046443753,4.620348181307889e-06,0
-0.15269872546195984,-3.0628652893938124e-05,0.3083400046743918,4.676956259521119e-06,0
-0.1536923348903656,-3.083146657445468e-05,0.31036500470509054,4.738560085922202e-06,0
-0.1546701192855835,-3.102794289588928e-05,0.31239000473578926,4.799095628893468e-06,0
-0.1558266282081604,-3.122288399026729e-05,0.3143700047658058,4.865356735137905e-06,0
-0.1567755490541458,-3.142650530207902e-05,0.3163950047965045,4.926907623586463e-06,0
-0.15776760876178741,-3.161983113386668e-05,0.31842000482720323,4.988585147441664e-06,0
-0.15874537825584412,-3.1823663448449224e-05,0.32044500485790195,5.051859491610753e-06,0
-0.15981844067573547,-3.202396692358889e-05,0.3224250048879185,5.1180204579793056e-06,0
-0.16080085933208466,-3.2214520615525544e-05,0.3244500049186172,5.180122597947664e-06,0
-0.1618000566959381,-3.2413801818620414e-05,0.3264750049493159,5.244554971983685e-06,0
-0.16286440193653107,-3.2618198019918054e-05,0.32845500497933244,5.312343312761296e-06,0
-0.1637556105852127,-3.281481622252613e-05,0.33048000501003116,5.37361026676131e-06,0
-0.16476194560527802,-3.3014795917551965e-05,0.3325050050407299,5.4395820091370515e-06,0
-0.16582101583480835,-3.3208409149665385e-05,0.3344850050707464,5.506652139455458e-06,0
-0.16683882474899292,-3.3405300200683996e-05,0.33651000510144513,5.573301025869415e-06,0
-0.1678665727376938,-3.3604934287723154e-05,0.33853500513214385,5.641145145955499e-06,0
-0.16878508031368256,-3.379752888577059e-05,0.3405150051621604,5.704518627388795e-06,0
-0.1697436273097992,-3.39950856869109e-05,0.3425400051928591,5.770449155203692e-06,0
-0.17090696096420288,-3.4201373637188226e-05,0.3445650052235578,5.845252829133046e-06,0
-0.17180871963500977,-3.4405282349325716e-05,0.34654500525357435,5.911127509118652e-06,0
-0.1728125661611557,-3.45992339134682e-05,0.34857000528427307,5.979182399796525e-06,0
-0.17384031414985657,-3.47978129866533e-05,0.3505950053149718,6.049262741327768e-06,0
-0.17486216127872467,-3.499330341583118e-05,0.3525750053449883,6.1190046655744184e-06,0
-0.17591719329357147,-3.519532037898898e-05,0.35460000537568703,6.19146197813978e-06,0
-0.1768450140953064,-3.539180033840239e-05,0.35662500540638575,6.2588634297030404e-06,0
-0.17784854769706726,-3.558168464223854e-05,0.3586050054364023,6.328150938237167e-06,0
-0.1789361834526062,-3.578441101126373e-05,0.360630005467101,6.403125933454948e-06,0
-0.17990683019161224,-3.598088733269833e-05,0.3626550054977997,6.4732073875072905e-06,0
-0.1809060275554657,-3.618437040131539e-05,0.36468000552849844,6.5459707088975395e-06,0
-0.1818924844264984,-3.6386787542141974e-05,0.36666000555851497,6.6184831863393655e-06,0
-0.18288299441337585,-3.657872730400413e-05,0.3686850055892137,6.689627181186587e-06,0
-0.1838536262512207,-3.677695713122375e-05,0.3707100056199124,6.761576931061178e-06,0
-0.18486398458480835,-3.697809370351024e-05,0.37269000564992893,6.835917744381316e-06,0
-0.18596619367599487,-3.7173416785662994e-05,0.37471500568062766,6.912998825561083e-06,0
-0.18691544234752655,-3.7368845369201154e-05,0.3767400057113264,6.984814262200553e-06,0
-0.18794721364974976,-3.7569039704976603e-05,0.3787200057413429,7.060996332047169e-06,0
-0.1889709234237671,-3.7768808397231624e-05,0.3807450057720416,7.1372065994401886e-06,0
-0.18994870781898499,-3.7960380723234266e-05,0.38277000580274034,7.2105252666950555e-06,0
-0.19091127812862396,-3.816509706666693e-05,0.38475000583275687,7.286147460900381e-06,0
-0.19192567467689514,-3.8365247746696696e-05,0.3867750058634556,7.363276057930994e-06,0
-0.1929391324520111,-3.8560327084269375e-05,0.3888000058941543,7.43979605470472e-06,0
-0.19389022886753082,-3.875713809975423e-05,0.39078000592417084,7.514630376411846e-06,0
-0.1948947012424469,-3.895363261108287e-05,0.39280500595486956,7.591856590045032e-06,0
-0.1959652602672577,-3.915746492566541e-05,0.3948300059855683,7.673502805564036e-06,0
-0.1969659924507141,-3.935173663194291e-05,0.3968100060155848,7.750953860369758e-06,0
-0.19801358878612518,-3.955427382607013e-05,0.3988350060462835,7.832283712129245e-06,0
-0.19892001152038574,-3.974725404987112e-05,0.40086000607698224,7.906524233504061e-06,0
-0.19992631673812866,-3.994513099314645e-05,0.40288500610768097,7.986082911081837e-06,0
-0.20097269117832184,-4.0151720895664766e-05,0.4048650061376975,8.069399403842607e-06,0
-0.20201748609542847,-4.034299490740523e-05,0.4068900061683962,8.149990412754677e-06,0
-0.2029881477355957,-4.054752571391873e-05,0.40891500619909493,8.230667139929801e-06,0
-0.20392930507659912,-4.0747414459474385e-05,0.41089500622911146,8.309591914388778e-06,0
-0.2049579620361328,-4.093873576493934e-05,0.4129200062598102,8.39071985071771e-06,0
-0.20606422424316406,-4.113836257602088e-05,0.4149450062905089,8.477144770861755e-06,0
-0.20701995491981506,-4.134055052418262e-05,0.4169250063205254,8.558318905876623e-06,0
-0.20796982944011688,-4.153377085458487e-05,0.41895000635122415,8.637771240632914e-06,0
-0.20906893908977509,-4.173445267952047e-05,0.42097500638192287,8.725377745199766e-06,0
-0.21000637114048004,-4.19263778894674e-05,0.4229550064119394,8.804806475631508e-06,0
-0.21098166704177856,-4.213091597193852e-05,0.4249800064426381,8.888850885756684e-06,0
-0.21200226247310638,-4.2327388655394316e-05,0.42700500647333683,8.973502159522091e-06,0
-0.21306724846363068,-4.253230872564018e-05,0.42898500650335336,9.062241990977823e-06,0
-0.21405774354934692,-4.2725601815618575e-05,0.4310100065340521,9.145745916439192e-06,0
-0.21506409347057343,-4.2928033508360386e-05,0.4330350065647508,9.232278610949926e-06,0
-0.2160387486219406,-4.311703742132522e-05,0.43501500659476733,9.314950808788486e-06,0
-0.21704106032848358,-4.332764365244657e-05,0.43704000662546605,9.403877719861694e-06,0
-0.21806877851486206,-4.3516771256690845e-05,0.43906500665616477,9.489649152857231e-06,0
-0.21909219026565552,-4.371857357909903e-05,0.4410450066861813,9.578398040735025e-06,0
-0.22003862261772156,-4.3912179535254836e-05,0.44307000671688,9.662375501079574e-06,0
-0.22113773226737976,-4.410970723256469e-05,0.44509500674757874,9.754320628387395e-06,0
-0.222108393907547,-4.430863918969408e-05,0.44712000677827746,9.841320686651946e-06,0
-0.22307653725147247,-4.451819768291898e-05,0.449100006808294,9.930965383782092e-06,0
-0.2241567224264145,-4.471385545912199e-05,0.4511250068389927,1.0022911286765226e-05,0
-0.22512023150920868,-4.49019244115334e-05,0.4531500068696914,1.0108331618733388e-05,0
-0.22611506283283234,-4.5107677578926086e-05,0.45513000689970795,1.0199525350002014e-05,0
-0.22718998789787292,-4.530364094534889e-05,0.45715500693040667,1.0292533638103394e-05,0
-0.22816061973571777,-4.550291851046495e-05,0.4591800069611054,1.0381974087131547e-05,0
-0.22913126647472382,-4.570117744151503e-05,0.4611600069911219,1.0471568666560417e-05,0
-0.23018041253089905,-4.590042954077944e-05,0.46318500702182064,1.0565379807042077e-05,0
-0.23107968270778656,-4.61039126093965e-05,0.46521000705251936,1.0653677497366864e-05,0
-0.2322070300579071,-4.629212344298139e-05,0.4671900070825359,1.0749356499768726e-05,0
-0.23317798972129822,-4.6494766138494015e-05,0.4692150071132346,1.0841556100735922e-05,0
-0.23407725989818573,-4.669299960369244e-05,0.4712400071439333,1.0929769403659399e-05,0
-0.23514874279499054,-4.68816033389885e-05,0.47322000717394985,1.1024150085376576e-05,0
-0.2361612766981125,-4.708455526269972e-05,0.4752450072046486,1.1119548683601998e-05,0
-0.23708197474479675,-4.7287336201407015e-05,0.4772700072353473,1.1210975047050691e-05,0
-0.2381277084350586,-4.748022183775902e-05,0.4792500072653638,1.1306356422213781e-05,0
-0.2391660064458847,-4.7684847231721506e-05,0.48127500729606254,1.1404594480392933e-05,0
-0.24017232656478882,-4.788377555087209e-05,0.48330000732676126,1.1500357778759102e-05,0
-0.24126431345939636,-4.8077807150548324e-05,0.48532500735746,1.1599459134810299e-05,0
-0.24220143258571625,-4.8281301133101806e-05,0.4873050073874765,1.1693800301539623e-05,0
-0.24322699010372162,-4.8471814807271585e-05,0.48933000741817523,1.1789653620437673e-05,0
-0.2442832887172699,-4.8672496632207185e-05,0.49135500744887395,1.1889877547395815e-05,0
-0.24512824416160583,-4.8869689635466784e-05,0.4933350074788905,1.19793412130646e-05,0
-0.2462388575077057,-4.9071757530327886e-05,0.4953600075095892,1.2083373510163092e-05,0
-0.2472451776266098,-4.9268237489741296e-05,0.4973850075402879,1.2181334129501083e-05,0
-0.2482859343290329,-4.947817433276214e-05,0.49936500757030444,1.2284734743104621e-05,0
-0.24915078282356262,-4.9668549763737246e-05,0.5013900076010032,1.2374958055346211e-05,0
-0.2502570152282715,-4.986257408745587e-05,0.5034150076317019,1.2478458962725258e-05,0
-0.2512201964855194,-5.006400169804692e-05,0.5053950076617184,1.2577088343434725e-05,0
-0.2521768808364868,-5.025903374189511e-05,0.5074200076924171,1.2674166362886853e-05,0
-0.2532474398612976,-5.045656507718377e-05,0.5094450077231159,1.2777995929991745e-05,0
-0.2542661726474762,-5.0660790293477476e-05,0.5114250077531324,1.288132525121893e-05,0
-0.25528866052627563,-5.086142846266739e-05,0.5134500077838311,1.2984345944687349e-05,0
-0.25633782148361206,-5.105440504848957e-05,0.5154750078145298,1.3087174967271742e-05,0
-0.2572600245475769,-5.125173629494384e-05,0.5174550078445463,1.318502293734319e-05,0
-0.2582719624042511,-5.145086470292881e-05,0.5194800078752451,1.328831579422104e-05,0
-0.25925686955451965,-5.164419053471647e-05,0.5215050079059438,1.3389111168707747e-05,0
-0.26026877760887146,-5.184816109249368e-05,0.5234850079359603,1.349445750881118e-05,0
-0.26126953959465027,-5.204800618230365e-05,0.525510007966659,1.3598558612069986e-05,0
-0.26235437393188477,-5.224378401180729e-05,0.5275350079973578,1.3706385246250313e-05,0
-0.2634035348892212,-5.244201383902691e-05,0.5295600080280565,1.3813411821909146e-05,0
-0.2643722891807556,-5.2641931688413024e-05,0.531540008058073,1.391706798736271e-05,0
-0.2654018998146057,-5.2834970119874924e-05,0.5335650080887717,1.4022501446462731e-05,0
-0.26630115509033203,-5.3033549193060026e-05,0.5355900081194704,1.4122895408651831e-05,0
-0.2673586905002594,-5.323799268808216e-05,0.537570008149487,1.423364000994803e-05,0
-0.26832810044288635,-5.3427556849783286e-05,0.5395950081801857,1.433611484080667e-05,0
-0.2693415582180023,-5.362473530112766e-05,0.5416200082108844,1.4443369765033639e-05,0
-0.2703302204608917,-5.383259122027084e-05,0.5436000082409009,1.4552576252556881e-05,0
-0.271389901638031,-5.402995157055557e-05,0.5456250082715997,1.4663183242240654e-05,0
-0.2723676860332489,-5.4226082284003496e-05,0.5476500083022984,1.4769432554342585e-05,0
-0.27342087030410767,-5.4427189752459526e-05,0.5496300083323149,1.4881529590324294e-05,0
-0.2744017541408539,-5.462078843265772e-05,0.5516550083630136,1.4988040158477739e-05,0
-0.27537238597869873,-5.481726839207113e-05,0.5536800083937123,1.5095161989959333e-05,0
-0.2763253450393677,-5.5016666010487825e-05,0.5556600084237289,1.52024992182637e-05,0
-0.27730655670166016,-5.521652565221302e-05,0.5576850084544276,1.5311904601644083e-05,0
-0.27834856510162354,-5.541265636566095e-05,0.5597100084851263,1.542403338785107e-05,0
-0.27942344546318054,-5.561419311561622e-05,0.5616900085151428,1.553990945702018e-05,0
-0.280418336391449,-5.5819618864916265e-05,0.5637150085458416,1.565284466010456e-05,0
-0.2813818156719208,-5.601434895652346e-05,0.5657400085765403,1.5761419213067133e-05,0
-0.282380074262619,-5.620878437184729e-05,0.5677200086065568,1.5872240705133776e-05,0
-0.2834373116493225,-5.6409407989121974e-05,0.5697450086372555,1.5988530952166548e-05,0
-0.28440794348716736,-5.660238821292296e-05,0.5717700086679542,1.60981688280997e-05,0
-0.2853500247001648,-5.680096728610806e-05,0.573795008698653,1.6208157418084188e-05,0
-0.28641656041145325,-5.700511610484682e-05,0.5757750087286695,1.6327209280605766e-05,0
-0.28735554218292236,-5.7201625168090686e-05,0.5778000087593682,1.6437204013920997e-05,0
-0.2883904278278351,-5.7393903261981905e-05,0.5798250087900669,1.655185231643234e-05,0
-0.28946998715400696,-5.7606292102718726e-05,0.5818050088200835,1.6675292634963962e-05,0
-0.2904815971851349,-5.7789664424490184e-05,0.5838300088507822,1.6786834022818877e-05,0
-0.2914451062679291,-5.7989993365481496e-05,0.5858550088814809,1.6900899778879257e-05,0
-0.29242661595344543,-5.8188463299302384e-05,0.5878350089114974,1.7015855410146253e-05,0
-0.2934291958808899,-5.838435026817024e-05,0.5898600089421961,1.713167295121741e-05,0
-0.29450690746307373,-5.8585734223015606e-05,0.5918850089728949,1.725390340747389e-05,0
-0.2953683137893677,-5.878306183149107e-05,0.5938650090029114,1.7362653852543656e-05,0
-0.2964339256286621,-5.898569361306727e-05,0.5958900090336101,1.7485360713651033e-05,0
-0.29743310809135437,-5.918847455177456e-05,0.5979150090643088,1.760461194912034e-05,0
-0.2984217405319214,-5.9380221500759944e-05,0.5998950090943254,1.7720349053427804e-05,0
-0.2995385527610779,-5.957933535682969e-05,0.6019200091250241,1.7846307887251682e-05,0
-0.30036646127700806,-5.977931141387671e-05,0.6039450091557228,1.7955700226962405e-05,0
-0.30154964327812195,-5.998139749863185e-05,0.6059250091857393,1.808736901903567e-05,0
-0.30244332551956177,-6.017472333041951e-05,0.607950009216438,1.8199443436271636e-05,0
-0.3034924864768982,-6.03775042691268e-05,0.6099750092471368,1.832411889790683e-05,0
-0.3044559955596924,-6.057188147678971e-05,0.6120000092778355,1.8441472477939702e-05,0
-0.30540740489959717,-6.077516809455119e-05,0.613980009307852,1.8561186370093675e-05,0
-0.3066185414791107,-6.096729339333251e-05,0.6160050093385507,1.8693702578192637e-05,0
-0.30750352144241333,-6.11679715802893e-05,0.6180300093692495,1.880936666042842e-05,0
-0.3085204064846039,-6.136793672339991e-05,0.620010009399266,1.893326078302479e-05,0
-0.3095233142375946,-6.15553290117532e-05,0.6220350094299647,1.905280944470341e-05,0
-0.3105510473251343,-6.176336319185793e-05,0.6240600094606634,1.918067712555413e-05,0
-0.3115142583847046,-6.195888272486627e-05,0.62604000949068,1.93010754023816e-05,0
-0.3125423192977905,-6.215597386471927e-05,0.6280650095213787,1.9426372229892214e-05,0
-0.31353437900543213,-6.235524779185653e-05,0.6300900095520774,1.955051389414958e-05,0
-0.3145006597042084,-6.255603511817753e-05,0.6320700095820939,1.967391431314646e-05,0
-0.3155826926231384,-6.27552144578658e-05,0.6340950096127926,1.9804459554755797e-05,0
-0.31653907895088196,-6.294748891377822e-05,0.6361200096434914,1.992534016303821e-05,0
-0.3175242841243744,-6.314588245004416e-05,0.6381000096735079,2.0050351120352167e-05,0
-0.31855887174606323,-6.334534555207938e-05,0.6401250097042066,2.0179221809434912e-05,0
-0.3195723295211792,-6.354147626552731e-05,0.6421500097349053,2.030609759138928e-05,0
-0.3205256164073944,-6.374011718435213e-05,0.6441300097649219,2.043034035039402e-05,0
-0.32159924507141113,-6.39389909338206e-05,0.6461550097956206,2.0562731214944507e-05,0
-0.3225984573364258,-6.414212111849338e-05,0.6481800098263193,2.069214932311214e-05,0
-0.32358646392822266,-6.43347084405832e-05,0.6501600098563358,2.0817840812141497e-05,0
-0.32463252544403076,-6.453997775679454e-05,0.6521850098870345,2.0951775971289784e-05,0
-0.32559603452682495,-6.473751273006201e-05,0.6542100099177333,2.107827743003804e-05,0
-0.32668086886405945,-6.493153341580182e-05,0.656235009948432,2.121188975294985e-05,0
-0.3275485038757324,-6.513616244774312e-05,0.6582150099784485,2.1335252557964923e-05,0
-0.32857218384742737,-6.532414408866316e-05,0.6602400100091472,2.1463696681176068e-05,0
-0.32967841625213623,-6.552867853315547e-05,0.662265010039846,2.1603390957906053e-05,0
-0.33066147565841675,-6.573367863893509e-05,0.6642450100698625,2.1735595179206424e-05,0
-0.3316696882247925,-6.59233846818097e-05,0.6662700101005612,2.186478844413888e-05,0
-0.3326902985572815,-6.612266588490456e-05,0.6682950101312599,2.199836945465227e-05,0
-0.3336479067802429,-6.631804717471823e-05,0.6702750101612764,2.212687762159814e-05,0
-0.33468151092529297,-6.651352305198088e-05,0.6723000101919752,2.2260846392001266e-05,0
-0.3356093764305115,-6.671350274700671e-05,0.6743250102226739,2.2389677056418138e-05,0
-0.33667898178100586,-6.691557064186782e-05,0.6763050102526904,2.2529066188999025e-05,0
-0.33762916922569275,-6.711627065669745e-05,0.6783300102833891,2.26604107033475e-05,0
-0.33874964714050293,-6.730854511260986e-05,0.6803550103140878,2.2800745906437214e-05,0
-0.33973240852355957,-6.750248576281592e-05,0.6823350103441044,2.2932782069528743e-05,0
-0.34068381786346436,-6.770815525669605e-05,0.6843600103748031,2.3067072833343402e-05,0
-0.3416258990764618,-6.790918996557593e-05,0.6863850104055018,2.3199538077544116e-05,0
-0.3426666855812073,-6.810294144088402e-05,0.6883650104355183,2.3336609221878777e-05,0
-0.3436813950538635,-6.830038910266012e-05,0.6903900104662171,2.3473573009523928e-05,0
-0.344766229391098,-6.850072531960905e-05,0.6924150104969158,2.361673677899693e-05,0
-0.34569403529167175,-6.870455399621278e-05,0.6944400105276145,2.375075451386535e-05,0
-0.3467255234718323,-6.89065782353282e-05,0.696420010557631,2.3891669409296934e-05,0
-0.34774237871170044,-6.910206866450608e-05,0.6984450105883298,2.40297177312946e-05,0
-0.34873443841934204,-6.929819210199639e-05,0.7004700106190285,2.4166666106165396e-05,0
-0.34977149963378906,-6.950446550035849e-05,0.702450010649045,2.4310681129305345e-05,0
-0.3507542312145233,-6.969500100240111e-05,0.7044750106797437,2.4445816496092634e-05,0
-0.35178911685943604,-6.988938548602164e-05,0.7065000107104424,2.458632519797624e-05,0
-0.352742999792099,-7.008992542978376e-05,0.708480010740459,2.4723730551306448e-05,0
-0.3538517355918884,-7.029004336800426e-05,0.7105050107711577,2.4872253840597415e-05,0
-0.35480809211730957,-7.048127008602023e-05,0.7125300108018564,2.500732496922564e-05,0
-0.3557591736316681,-7.068671402521431e-05,0.7145100108318729,2.5147446968348287e-05,0
-0.3567565381526947,-7.088192796800286e-05,0.7165350108625717,2.528759123945337e-05,0
-0.3577985465526581,-7.108156569302082e-05,0.7185600108932704,2.5432880891650134e-05,0
-0.3587604761123657,-7.128094875952229e-05,0.7205400109232869,2.557278711470736e-05,0
-0.35981830954551697,-7.14752241037786e-05,0.7225650109539856,2.5718094311408604e-05,0
-0.36081036925315857,-7.16737995389849e-05,0.7245900109846843,2.5860650077438006e-05,0
-0.36176174879074097,-7.186421862570569e-05,0.7265700110147009,2.599772540551543e-05,0
-0.3627944886684418,-7.207060843938962e-05,0.7285950110453996,2.614681953679184e-05,0
-0.36386507749557495,-7.227654714370146e-05,0.7306200110760983,2.629891142755551e-05,0
-0.36480775475502014,-7.246722088893875e-05,0.7326000111061148,2.6436604145829842e-05,0
-0.36579203605651855,-7.266775355674326e-05,0.7346250111368136,2.6581285529174437e-05,0
-0.366841197013855,-7.286177424248308e-05,0.7366500111675123,2.672870047966576e-05,0
-0.36792606115341187,-7.306280895136297e-05,0.738675011198211,2.688171151427922e-05,0
-0.36886659264564514,-7.326647755689919e-05,0.7406550112282275,2.7025555931562036e-05,0
-0.3698601722717285,-7.346172060351819e-05,0.7426800112589262,2.7170564637794825e-05,0
-0.37083083391189575,-7.3659946792759e-05,0.744705011289625,2.731537949506469e-05,0
-0.3719125986099243,-7.386216748273e-05,0.7466850113196415,2.7470270647463567e-05,0
-0.37280067801475525,-7.405395444948226e-05,0.7487100113503402,2.760736442844079e-05,0
-0.37391406297683716,-7.425183866871521e-05,0.7507350113810389,2.776380668011993e-05,0
-0.37484684586524963,-7.445603841915727e-05,0.7527150114110555,2.790961115704295e-05,0
-0.3758053779602051,-7.464689406333491e-05,0.7547400114417542,2.8052704237026965e-05,0
-0.37678319215774536,-7.484687375836074e-05,0.7567650114724529,2.8201044017702945e-05,0
-0.3778853714466095,-7.503857341362163e-05,0.7587450115024694,2.8355979187230087e-05,0
-0.37889572978019714,-7.524473767261952e-05,0.7607700115331681,2.8509909792586666e-05,0
-0.37988778948783875,-7.544542313553393e-05,0.7627950115638669,2.8660795021932632e-05,0
-0.38079729676246643,-7.564121187897399e-05,0.7647750115938834,2.880396900735026e-05,0
-0.3818148076534271,-7.584047853015363e-05,0.7668000116245821,2.895701772233448e-05,0
-0.3828996419906616,-7.603485573781654e-05,0.7688250116552808,2.9113719040821558e-05,0
-0.3838730752468109,-7.622739940416068e-05,0.7708050116852974,2.926164622734208e-05,0
-0.3849479854106903,-7.643621938768774e-05,0.7728300117159961,2.9423968665699945e-05,0
-0.3859400451183319,-7.662814459763467e-05,0.7748550117466948,2.9573869583345187e-05,0
-0.38688212633132935,-7.683092553634197e-05,0.7768800117773935,2.972451183950401e-05,0
-0.3879319131374359,-7.70383485360071e-05,0.77886001180741,2.9885633932521822e-05,0
-0.3890089690685272,-7.723578892182559e-05,0.7808850118381088,3.0045414623673748e-05,0
-0.3899296522140503,-7.743261812720448e-05,0.7829100118688075,3.019327385636421e-05,0
-0.3909704387187958,-7.763404573779553e-05,0.784890011898824,3.0352616921620976e-05,0
-0.391977995634079,-7.782627653796226e-05,0.7869150119295227,3.0506187885013993e-05,0
-0.3929986357688904,-7.801645551808178e-05,0.7889400119602215,3.066036058613046e-05,0
-0.3940015137195587,-7.822900806786492e-05,0.790920011990238,3.082234759551835e-05,0
-0.39497560262680054,-7.842096965759993e-05,0.7929450120209367,3.097436974908857e-05,0
-0.3960033357143402,-7.862024358473718e-05,0.7949700120516354,3.113387871422988e-05,0
-0.3969879150390625,-7.881593046477064e-05,0.796950012081652,3.1288971907073027e-05,0
-0.39805877208709717,-7.901600474724546e-05,0.7989750121123507,3.145301382491677e-05,0
-0.3987082540988922,-7.915013702586293e-05,0.7996500121225836,3.1557812945269895e-05,0
-0.39896148443222046,-7.904288213467225e-05,0.8016300121526001,3.153506559024988e-05,0
-0.3984774053096771,-7.863576320232823e-05,0.8036100121826166,3.133457488540994e-05,0
-0.3978661000728607,-7.830083632143214e-05,0.8056350122133153,3.115324837965161e-05,0
-0.3971381187438965,-7.802661275491118e-05,0.8076600122440141,3.0987342201443946e-05,0
-0.39623573422431946,-7.777840073686093e-05,0.8096400122740306,3.081858172276344e-05,0
-0.3953324258327484,-7.75516964495182e-05,0.8116650123047293,3.0658700284832974e-05,0
-0.3944474160671234,-7.73370047681965e-05,0.813690012335428,3.050538169718591e-05,0
-0.3935338854789734,-7.713142258580774e-05,0.8157150123661268,3.0353828422713565e-05,0
-0.39243757724761963,-7.692103827139363e-05,0.8176950123961433,3.0186705898597142e-05,0
-0.39150696992874146,-7.673040818190202e-05,0.819720012426842,3.0040489608691972e-05,0
-0.3903864324092865,-7.651606574654579e-05,0.8217450124575407,2.987083392878842e-05,0
-0.3894660472869873,-7.63187708798796e-05,0.8237250124875573,2.9723570028387936e-05,0
-0.3884737193584442,-7.612170884385705e-05,0.825750012518256,2.9571283358493725e-05,0
-0.3874388337135315,-7.592593465233222e-05,0.8277750125489547,2.94166555703094e-05,0
-0.38643497228622437,-7.573147740913555e-05,0.8297550125789712,2.9265291373794123e-05,0
-0.3855403661727905,-7.552246825071052e-05,0.8317800126096699,2.911696006365188e-05,0
-0.3845197558403015,-7.532739255111665e-05,0.8338050126403687,2.896487059184192e-05,0
-0.38353049755096436,-7.51321276766248e-05,0.8357850126703852,2.881546230987849e-05,0
-0.38243573904037476,-7.493268640246242e-05,0.8378100127010839,2.8656937302606357e-05,0
-0.38152217864990234,-7.473900768673047e-05,0.8398350127317826,2.851458904277321e-05,0
-0.3804919719696045,-7.453497528331354e-05,0.8418150127617992,2.83599597262537e-05,0
-0.3795166611671448,-7.43390410207212e-05,0.8438400127924979,2.8212904642551523e-05,0
-0.37849605083465576,-7.413941784761846e-05,0.8458650128231966,2.806147686650398e-05,0
-0.3775055706501007,-7.394695421680808e-05,0.8478450128532131,2.7915387149453005e-05,0
-0.37648341059684753,-7.374506094492972e-05,0.8498700128839118,2.776379205921952e-05,0
-0.37544140219688416,-7.354612171184272e-05,0.8518950129146106,2.7612259061636935e-05,0
-0.3744819164276123,-7.335381815209985e-05,0.8538750129446271,2.7469678398880926e-05,0
-0.37344300746917725,-7.314861431950703e-05,0.8559000129753258,2.731683852367963e-05,0
-0.3723653256893158,-7.29465318727307e-05,0.8579250130060245,2.7162759098695423e-05,0
-0.3713732659816742,-7.275390817085281e-05,0.8599500130367232,2.701885649034042e-05,0
-0.3704230785369873,-7.254908268805593e-05,0.8619300130667398,2.687385455434413e-05,0
-0.36943909525871277,-7.235569501062855e-05,0.8639550130974385,2.673102250154197e-05,0
-0.3684256672859192,-7.21581673133187e-05,0.8659800131281372,2.6584920942538445e-05,0
-0.36733242869377136,-7.195412035798654e-05,0.8679600131581537,2.6431081785623133e-05,0
-0.36637017130851746,-7.176135841291398e-05,0.8699850131888525,2.6291221175071215e-05,0
-0.3653995394706726,-7.15662827133201e-05,0.8720100132195512,2.6150286745075125e-05,0
-0.36439812183380127,-7.136171188903973e-05,0.8739900132495677,2.6004073783210922e-05,0
-0.3634154200553894,-7.116141205187887e-05,0.8760150132802664,2.586115445256821e-05,0
-0.3623163104057312,-7.097124034771696e-05,0.8780400133109652,2.571403794770317e-05,0
-0.3613670766353607,-7.076931069605052e-05,0.8800200133409817,2.5573698921731343e-05,0
-0.3604249656200409,-7.05733837094158e-05,0.8820450133716804,2.543640939715614e-05,0
-0.35937583446502686,-7.037165050860494e-05,0.8840700134023791,2.5289870624211133e-05,0
-0.3583731949329376,-7.018092583166435e-05,0.8860500134323956,2.5150962613645087e-05,0
-0.3574630916118622,-6.997204036451876e-05,0.8880750134630944,2.501242187509089e-05,0
-0.3564353585243225,-6.977906014071777e-05,0.8901000134937931,2.4871724318747002e-05,0
-0.35541659593582153,-6.95812123012729e-05,0.8920800135238096,2.4730317617206125e-05,0
-0.35444411635398865,-6.938049773452803e-05,0.8941050135545083,2.45915092117147e-05,0
-0.35333070158958435,-6.918822327861562e-05,0.896130013585207,2.444632347277007e-05,0
-0.3523457944393158,-6.89840380800888e-05,0.8981550136159058,2.43062357009609e-05,0
-0.35130563378334045,-6.878853309899569e-05,0.9001350136459223,2.4165799217368972e-05,0
-0.3502832055091858,-6.859353743493557e-05,0.902160013676621,2.4027164169923565e-05,0
-0.3493339717388153,-6.839565321570262e-05,0.9041850137073197,2.3892925187512072e-05,0
-0.3484235107898712,-6.818406836828217e-05,0.9061650137373363,2.375693248081348e-05,0
-0.3473213315010071,-6.799569382565096e-05,0.908190013768035,2.3616354915859897e-05,0
-0.3462650179862976,-6.779501563869417e-05,0.9102150137987337,2.3475042309513763e-05,0
-0.34529560804367065,-6.759970710845664e-05,0.9121950138287502,2.334188196958858e-05,0
-0.34425950050354004,-6.739680247846991e-05,0.914220013859449,2.32019895567738e-05,0
-0.3432460427284241,-6.7202425270807e-05,0.9162450138901477,2.3066966535957144e-05,0
-0.3422868549823761,-6.6997432440985e-05,0.9182250139201642,2.293234044211897e-05,0
-0.34128332138061523,-6.679790385533124e-05,0.9202500139508629,2.279701048901045e-05,0
-0.34024131298065186,-6.660493090748787e-05,0.9222750139815616,2.2661749142949272e-05,0
-0.33933767676353455,-6.640429637627676e-05,0.9242550140115782,2.2533479659442952e-05,0
-0.33830714225769043,-6.620532076340169e-05,0.9262800140422769,2.239773286972016e-05,0
-0.33729371428489685,-6.600884080398828e-05,0.9283050140729756,2.2264367090417663e-05,0
-0.3362842798233032,-6.58192002447322e-05,0.9302850141029921,2.213396235284555e-05,0
-0.33533811569213867,-6.561413465533406e-05,0.9323100141336909,2.2002920278089977e-05,0
-0.33426758646965027,-6.541625771205872e-05,0.9343350141643896,2.1866534581286515e-05,0
-0.33326807618141174,-6.522204785142094e-05,0.9363150141944061,2.1736426412055036e-05,0
-0.3322192430496216,-6.501418829429895e-05,0.9383400142251048,2.1598964422617564e-05,0
-0.3313128352165222,-6.481805758085102e-05,0.9403650142558035,2.1475054430339542e-05,0
-0.3302493989467621,-6.462508463300765e-05,0.9423900142865023,2.1342395356934406e-05,0
-0.32926884293556213,-6.442425365094095e-05,0.9443700143165188,2.1212899456632493e-05,0
-0.3282153308391571,-6.423107697628438e-05,0.9463950143472175,2.1081624179926546e-05,0
-0.32724469900131226,-6.402689177775756e-05,0.9484200143779162,2.0952460927801866e-05,0
-0.3262005150318146,-6.38307465123944e-05,0.9504000144079328,2.0821622387208255e-05,0
-0.3252106308937073,-6.363218562910333e-05,0.9524250144386315,2.069386323358619e-05,0
-0.3242613971233368,-6.343325367197394e-05,0.9544500144693302,2.0568955459753305e-05,0
-0.32323646545410156,-6.3235784182325e-05,0.9564300144993467,2.044011136931312e-05,0
-0.3221559524536133,-6.30371505394578e-05,0.9584550145300454,2.030779327200083e-05,0
-0.32112109661102295,-6.283751281443983e-05,0.9604800145607442,2.0178451023282126e-05,0
-0.32018300890922546,-6.263351679081097e-05,0.9624600145907607,2.0054187864648352e-05,0
-0.31912270188331604,-6.244140968192369e-05,0.9644850146214594,1.9926471367098537e-05,0
-0.31820201873779297,-6.224773096619174e-05,0.9665100146521581,1.980735365528924e-05,0
-0.3171966075897217,-6.205536192283034e-05,0.9684900146821747,1.9683750284674173e-05,0
-0.31612512469291687,-6.184216181281954e-05,0.9705150147128734,1.954986111435712e-05,0
-0.3151901662349701,-6.164288788568228e-05,0.9725400147435721,1.9429232079891823e-05,0
-0.31420278549194336,-6.145272345747799e-05,0.9745200147735886,1.9308616886405672e-05,0
-0.3131703734397888,-6.125167419668287e-05,0.9765450148042873,1.918220968198745e-05,0
-0.31211408972740173,-6.10587012488395e-05,0.9785700148349861,1.9057280960218907e-05,0
-0.3110934793949127,-6.0854868934256956e-05,0.9805950148656848,1.893155291487938e-05,0
-0.31020352244377136,-6.065273919375613e-05,0.9825750148957013,1.881469334376654e-05,0
-0.3091379404067993,-6.0460861277533695e-05,0.9846000149264,1.8690746130557972e-05,0
-0.3080602288246155,-6.0262282204348594e-05,0.9866250149570988,1.856441244536518e-05,0
-0.3070383667945862,-6.0061800468247384e-05,0.9886050149871153,1.844127712251299e-05,0
-0.3061046600341797,-5.986442192806862e-05,0.990630015017814,1.8324778522434138e-05,0
-0.30509835481643677,-5.9669691836461425e-05,0.9926550150485127,1.8205124811708148e-05,0
-0.3039998412132263,-5.9463181969476864e-05,0.9946350150785292,1.807679787675415e-05,0
-0.3030214309692383,-5.9274283557897434e-05,0.996660015109228,1.7961378223390473e-05,0
-0.30210790038108826,-5.9072550357086584e-05,0.9986850151399267,1.7846284158535533e-05,0
-0.30105066299438477,-5.8876255934592336e-05,1.0006650151699432,1.7724735883736104e-05,0
-0.3001309335231781,-5.86771457165014e-05,1.002690015200642,1.7610826520369116e-05,0
-0.2990603744983673,-5.847541251569055e-05,1.0047150152313407,1.748767876588893e-05,0
-0.29811638593673706,-5.8279463701182976e-05,1.0066950152613572,1.7374063092927923e-05,0
-0.2970905303955078,-5.807685010950081e-05,1.008720015292056,1.7254082202732002e-05,0
-0.296019971370697,-5.787967165815644e-05,1.0107450153227546,1.7133538747192813e-05,0
-0.29507043957710266,-5.7684501371113583e-05,1.0127250153527712,1.7020991176360466e-05,0
-0.29397162795066833,-5.74811092519667e-05,1.0147500153834699,1.6897815263210874e-05,0
-0.29299384355545044,-5.729128315579146e-05,1.0167750154141686,1.6785993254038976e-05,0
-0.2921138107776642,-5.70928277738858e-05,1.0187550154441851,1.6677603489102647e-05,0
-0.29105255007743835,-5.688992314389907e-05,1.0207800154748838,1.6557957204741303e-05,0
-0.29001057147979736,-5.6695898820180446e-05,1.0228050155055826,1.64424100174013e-05,0
-0.28901851177215576,-5.649170998367481e-05,1.0248300155362813,1.6327149946945927e-05,0
-0.2879432737827301,-5.6291744840564206e-05,1.0268100155662978,1.6208829296334164e-05,0
-0.28703439235687256,-5.6092801969498396e-05,1.0288350155969965,1.6100563328909356e-05,0
-0.28605660796165466,-5.590542787103914e-05,1.0308600156276952,1.5992117063434405e-05,0
-0.2850387990474701,-5.5694952607154846e-05,1.0328400156577118,1.587522240414918e-05,0
-0.2840653657913208,-5.5505817726952955e-05,1.0348650156884105,1.576728041615327e-05,0
-0.2829377055168152,-5.530093039851636e-05,1.0368900157191092,1.5646718359901314e-05,0
-0.2820151746273041,-5.510839764610864e-05,1.0388700157491257,1.554140438559824e-05,0
-0.2809678614139557,-5.490307376021519e-05,1.0408950157798245,1.542599921946033e-05,0
-0.2800186276435852,-5.470694668474607e-05,1.0429200158105232,1.531896413323338e-05,0
-0.2790287435054779,-5.451124161481857e-05,1.0449000158405397,1.5210203254706345e-05,0
-0.27797743678092957,-5.431468889582902e-05,1.0469250158712384,1.5098257998816169e-05,0
-0.27698537707328796,-5.411470920080319e-05,1.0489500159019371,1.4988983133195797e-05,0
-0.27607956528663635,-5.39224965905305e-05,1.0509300159319537,1.4886899417883791e-05,0
-0.2749798595905304,-5.371754741645418e-05,1.0529550159626524,1.477124364612423e-05,0
-0.2739735245704651,-5.351441723178141e-05,1.0549800159933511,1.4661533504325584e-05,0
-0.2729814946651459,-5.332314322004095e-05,1.0569600160233676,1.4556231336450417e-05,0
-0.2719251811504364,-5.311760469339788e-05,1.0589850160540664,1.444401427852949e-05,0
-0.2710687518119812,-5.292497735354118e-05,1.061010016084765,1.434630755090178e-05,0
-0.26995036005973816,-5.273073475109413e-05,1.0629900161147816,1.4234680832272409e-05,0
-0.26899898052215576,-5.252571645542048e-05,1.0650150161454803,1.412936417770393e-05,0
-0.2680354714393616,-5.232958937995136e-05,1.067040016176179,1.402618615968347e-05,0
-0.26692208647727966,-5.21362635481637e-05,1.0690650162068778,1.3916320247405194e-05,0
-0.2659139037132263,-5.1929655455751345e-05,1.0710450162368943,1.380881740072168e-05,0
-0.2649165689945221,-5.173454701434821e-05,1.073070016267593,1.3705338693526924e-05,0
-0.26396021246910095,-5.1536670071072876e-05,1.0750950162982917,1.3603630381910353e-05,0
-0.2629722058773041,-5.133688682690263e-05,1.0770750163283083,1.3500174371744098e-05,0
-0.26186904311180115,-5.114196028443985e-05,1.079100016359007,1.3392496202548e-05,0
-0.26081275939941406,-5.094688094686717e-05,1.0811250163897057,1.328759660254586e-05,0
-0.259918749332428,-5.07408294652123e-05,1.0831050164197222,1.3188492934687992e-05,0
-0.25884294509887695,-5.0549373554531485e-05,1.085130016450421,1.3084348723758216e-05,0
-0.25783658027648926,-5.0348342483630404e-05,1.0871550164811197,1.2981644448568745e-05,0
-0.2568802237510681,-5.0145132263423875e-05,1.0891350165111362,1.288129279585523e-05,0
-0.25585249066352844,-4.994768096366897e-05,1.091160016541835,1.2779238577422013e-05,0
-0.2548390030860901,-4.97505025123246e-05,1.0931850165725336,1.2678368463272822e-05,0
-0.2538863718509674,-4.955345866619609e-05,1.0951650166025502,1.2580947833427405e-05,0
-0.25286203622817993,-4.935299148201011e-05,1.0971900166332489,1.2479497920093096e-05,0
-0.25174152851104736,-4.915441240882501e-05,1.0992150166639476,1.2374206912860002e-05,0
-0.2508850693702698,-4.895959500572644e-05,1.1011950166939641,1.2283231389351992e-05,0
-0.24980023503303528,-4.875865124631673e-05,1.1032200167246629,1.2179922541223718e-05,0
-0.2487725019454956,-4.855902079725638e-05,1.1052450167553616,1.2080149095756824e-05,0
-0.24782326817512512,-4.836008884012699e-05,1.1072700167860603,1.1984755265599667e-05,0
-0.24687838554382324,-4.816216460312717e-05,1.1092500168160768,1.1890197441515905e-05,0
-0.24578921496868134,-4.796958455699496e-05,1.1112750168467755,1.179040653063757e-05,0
-0.24478286504745483,-4.776925197802484e-05,1.1133000168774743,1.169309436035472e-05,0
-0.2437579333782196,-4.757633723784238e-05,1.1152800169074908,1.1597109642801692e-05,0
-0.24282018840312958,-4.738049756269902e-05,1.1173050169381895,1.1504941344808598e-05,0
-0.24184241890907288,-4.717876436188817e-05,1.1193300169688882,1.1409826494420197e-05,0
-0.2407938688993454,-4.6974062570370734e-05,1.1213100169989048,1.1311066264239498e-05,0
-0.2398083209991455,-4.677459946833551e-05,1.1233350170296035,1.1216938163909063e-05,0
-0.23885196447372437,-4.6580225898651406e-05,1.1253600170603022,1.1125778461522741e-05,0
-0.23776279389858246,-4.638421887648292e-05,1.1273400170903187,1.1028441472875946e-05,0
-0.23677508533000946,-4.6177810872904956e-05,1.1293650171210174,1.093375510978511e-05,0
-0.23579728603363037,-4.5983433665242046e-05,1.1313900171517162,1.0842768860771547e-05,0
-0.2347540557384491,-4.5784505346091464e-05,1.1333700171817327,1.0748098319973676e-05,0
-0.2337775081396103,-4.5590826630359516e-05,1.1353950172124314,1.0658109843670433e-05,0
-0.23277831077575684,-4.5392596803139895e-05,1.1374200172431301,1.0566412005559925e-05,0
-0.23172296583652496,-4.519721551332623e-05,1.1394000172731467,1.047323282630055e-05,0
-0.23068714141845703,-4.4989134039497e-05,1.1414250173038454,1.0378414726463364e-05,0
-0.2297450602054596,-4.47905549663119e-05,1.143450017334544,1.0290408747371275e-05,0
-0.2287440001964569,-4.4600790715776384e-05,1.1454300173645606,1.0202163280251687e-05,0
-0.22786086797714233,-4.439619806362316e-05,1.1474550173952593,1.0116156225662299e-05,0
-0.22679029405117035,-4.419936885824427e-05,1.149480017425958,1.002398786023736e-05,0
-0.2256840467453003,-4.400323814479634e-05,1.1515050174566568,9.930828854414799e-06,0
-0.2247149646282196,-4.380482278065756e-05,1.1534850174866733,9.843599201700892e-06,0
-0.223714217543602,-4.360853199614212e-05,1.155510017517372,9.755848613742066e-06,0
-0.2227364480495453,-4.340364466770552e-05,1.1575350175480708,9.667573645689314e-06,0
-0.2217509001493454,-4.321168671594933e-05,1.1595150175780873,9.582230426233274e-06,0
-0.22070950269699097,-4.301349326851778e-05,1.161540017608786,9.493486708554927e-06,0
-0.21962468326091766,-4.2814914195332676e-05,1.1635650176394847,9.403211968993306e-06,0
-0.21867512166500092,-4.2616724385879934e-05,1.1655450176695012,9.319217390046106e-06,0
-0.2176334261894226,-4.24170502810739e-05,1.1675700177002,9.231367981519124e-06,0
-0.21669846773147583,-4.22163684561383e-05,1.1695950177308987,9.148222357632579e-06,0
-0.21568873524665833,-4.2014453356387094e-05,1.1715750177609152,9.062044306518851e-06,0
-0.2146429866552353,-4.1813254938460886e-05,1.173600017791614,8.974921921768011e-06,0
-0.21360811591148376,-4.161922697676346e-05,1.1756250178223127,8.89020466019884e-06,0
-0.2126874327659607,-4.142424222663976e-05,1.1776050178523292,8.810415733459314e-06,0
-0.21160972118377686,-4.1229424823541194e-05,1.179630017883028,8.72454709147704e-06,0
-0.21063195168972015,-4.103013998246752e-05,1.1816550179137266,8.642258462609553e-06,0
-0.20956696569919586,-4.082781742908992e-05,1.1836350179437432,8.556161814735118e-06,0
-0.20862643420696259,-4.062562948092818e-05,1.1856600179744419,8.475580216019303e-06,0
-0.20759868621826172,-4.0427396015729755e-05,1.1876850180051406,8.392674300090885e-06,0
-0.2065780758857727,-4.02319710701704e-05,1.1897100180358393,8.311043172767874e-06,0
-0.2055826187133789,-4.0030023228609934e-05,1.1916900180658558,8.229477002495017e-06,0
-0.20457971096038818,-3.98327101720497e-05,1.1937150180965546,8.148964333766842e-06,0
-0.20360194146633148,-3.963903145631775e-05,1.1957400181272533,8.07058376235128e-06,0
-0.20255152881145477,-3.943761839764193e-05,1.1977200181572698,7.988149899125128e-06,0
-0.20165351033210754,-3.923731856048107e-05,1.1997450181879685,7.912343023740165e-06,0
-0.2005900740623474,-3.904889672412537e-05,1.2017700182186672,7.832821085945263e-06,0
-0.19958747923374176,-3.884813850163482e-05,1.2037500182486838,7.753602036464564e-06,0
-0.19857743382453918,-3.864928294206038e-05,1.2057750182793825,7.674875425792886e-06,0
-0.19756394624710083,-3.844685124931857e-05,1.2078000183100812,7.595711653590655e-06,0
-0.19649682939052582,-3.82465950679034e-05,1.2097800183400977,7.5153346658263405e-06,0
-0.19555842876434326,-3.805074084084481e-05,1.2118050183707965,7.441143092154837e-06,0
-0.19462347030639648,-3.786161687457934e-05,1.2138300184014952,7.368759267541852e-06,0
-0.19359979033470154,-3.765565270441584e-05,1.2158100184315117,7.290126468491244e-06,0
-0.192575141787529,-3.745815411093645e-05,1.2178350184622104,7.2135093390126984e-06,0
-0.1915045827627182,-3.72564209101256e-05,1.2198600184929091,7.134775341625813e-06,0
-0.19054634869098663,-3.705703420564532e-05,1.2218400185229257,7.0610825612027125e-06,0
-0.1895633041858673,-3.6859262763755396e-05,1.2238650185536244,6.987163639352576e-06,0
-0.18857836723327637,-3.666698466986418e-05,1.2258900185843231,6.914600100410562e-06,0
-0.18756738305091858,-3.646682307589799e-05,1.2278700186143396,6.8399865725270355e-06,0
-0.18662282824516296,-3.6264573282096535e-05,1.2298950186450384,6.767797231008827e-06,0
-0.18557366728782654,-3.6069846828468144e-05,1.231920018675737,6.693613754469013e-06,0
-0.1844959706068039,-3.5879671486327425e-05,1.2339450187064358,6.619654815923244e-06,0
-0.18347877264022827,-3.5665740142576396e-05,1.2359250187364523,6.543906226665237e-06,0
-0.18254753947257996,-3.547095548128709e-05,1.237950018767151,6.475135645850382e-06,0
-0.1814841330051422,-3.52741262759082e-05,1.2399750187978498,6.401694224697106e-06,0
-0.18052959442138672,-3.507114524836652e-05,1.2419550188278663,6.331379627581152e-06,0
-0.17952142655849457,-3.487976573524065e-05,1.243980018858565,6.2616653028165e-06,0
-0.1784936785697937,-3.468328941380605e-05,1.2460050188892637,6.190747912371026e-06,0
-0.1774463951587677,-3.447910421527922e-05,1.2479850189192803,6.11819275130477e-06,0
-0.17654526233673096,-3.42889288731385e-05,1.250010018949979,6.0535479431537455e-06,0
-0.17538905143737793,-3.408789780223742e-05,1.2520350189806777,5.978644061028701e-06,0
-0.1744897961616516,-3.38834106514696e-05,1.2540150190106942,5.912309417836466e-06,0
-0.17349772155284882,-3.368933539604768e-05,1.256040019041393,5.845022931844014e-06,0
-0.17251281440258026,-3.349145845277235e-05,1.2580650190720917,5.777705756134844e-06,0
-0.17148102819919586,-3.3295022149104625e-05,1.2600450191021082,5.709464632043461e-06,0
-0.17051443457603455,-3.309149542474188e-05,1.262070019132807,5.642577631625296e-06,0
-0.16941532492637634,-3.289606684120372e-05,1.2640950191635056,5.573097852702323e-06,0
-0.16852442920207977,-3.270846718805842e-05,1.2660750191935222,5.512175762942501e-06,0
-0.1673598289489746,-3.250205918448046e-05,1.2681000192242209,5.439539065604099e-06,0
-0.1663820594549179,-3.229752473998815e-05,1.2701250192549196,5.37372868153539e-06,0
-0.16538286209106445,-3.2101048418553546e-05,1.2721500192856183,5.308963263584224e-06,0
-0.16433899104595184,-3.190007555531338e-05,1.2741300193156349,5.242426231049833e-06,0
-0.1634058952331543,-3.1708092137705535e-05,1.2761550193463336,5.181289181897114e-06,0
-0.16239957511425018,-3.1509509426541626e-05,1.2781800193770323,5.117130942928821e-06,0
-0.161479189991951,-3.1306939490605146e-05,1.2801600194070488,5.055419230069942e-06,0
-0.1604440063238144,-3.1115851015783846e-05,1.2821850194377475,4.99235179714729e-06,0
-0.1593734472990036,-3.0916569812688977e-05,1.2842100194684463,4.927280309708552e-06,0
-0.15835873782634735,-3.070905222557485e-05,1.2861900194984628,4.8630467502854165e-06,0
-0.15737506747245789,-3.0522915039910004e-05,1.2882150195291615,4.803545813861936e-06,0
-0.1564115583896637,-3.0325736588565633e-05,1.2902400195598602,4.743295719131994e-06,0
-0.15541702508926392,-3.012322667927947e-05,1.2922200195898768,4.681662276583161e-06,0
-0.15435607731342316,-2.9923670808784664e-05,1.2942450196205755,4.618900444862189e-06,0
-0.15337830781936646,-2.9731396352872252e-05,1.2962700196512742,4.5601512617104295e-06,0
-0.15229657292366028,-2.952972317871172e-05,1.2982500196812907,4.497275639502171e-06,0
-0.15132996439933777,-2.9329332392080687e-05,1.3002750197119894,4.438406826749914e-06,0
-0.15032362937927246,-2.912795025622472e-05,1.3023000197426882,4.378619198894609e-06,0
-0.14932505786418915,-2.8935493901371956e-05,1.3042800197727047,4.3207943011512595e-06,0
-0.14833952486515045,-2.873079210985452e-05,1.3063050198034034,4.261912050575233e-06,0
-0.14739029109477997,-2.8536063837236725e-05,1.3083300198341021,4.205938755669545e-06,0
-0.14629396796226501,-2.834235601767432e-05,1.3103100198641187,4.146315723224756e-06,0
-0.14534908533096313,-2.8134350941400044e-05,1.3123350198948174,4.089302175712818e-06,0
-0.14427852630615234,-2.794347528833896e-05,1.314360019925516,4.0316434344739305e-06,0
-0.14335070550441742,-2.7742444217437878e-05,1.3163850199562148,3.976898950986665e-06,0
-0.14219790697097778,-2.7536891138879582e-05,1.3183650199862313,3.915688284436341e-06,0
-0.14126667380332947,-2.7349837182555348e-05,1.32039002001693,3.863620527842218e-06,0
-0.1402389407157898,-2.7147405489813536e-05,1.3224150200476288,3.807123389073467e-06,0
-0.13931576907634735,-2.6938638256979175e-05,1.3243950200776453,3.752977106640567e-06,0
-0.1382976472377777,-2.675514951988589e-05,1.326420020108344,3.7001742300951765e-06,0
-0.1373841017484665,-2.655797106854152e-05,1.3284450201390428,3.6486429995133374e-06,0
-0.13622510433197021,-2.6360487026977353e-05,1.3304250201690593,3.5909600954915372e-06,0
-0.1352287083864212,-2.6160108973272145e-05,1.332450020199758,3.5375977477036195e-06,0
-0.13419383764266968,-2.5963981897803023e-05,1.3344750202304567,3.4842063713509935e-06,0
-0.1332610547542572,-2.5759674826986156e-05,1.3364550202604732,3.432761437570863e-06,0
-0.13227395713329315,-2.5560517315170728e-05,1.338480020291172,3.38099077165169e-06,0
-0.1312105357646942,-2.5360535801155493e-05,1.3405050203218707,3.327569489749321e-06,0
-0.13024485111236572,-2.5163615646306425e-05,1.3424850203518872,3.277431373301977e-06,0
-0.12919074296951294,-2.4965476768556982e-05,1.344510020382586,3.2253084923179916e-06,0
-0.1282200962305069,-2.4771448806859553e-05,1.3465350204132847,3.176197549784607e-06,0
-0.12725099921226501,-2.4570479581598192e-05,1.3485150204433012,3.1266180778829252e-06,0
-0.12617889046669006,-2.436763679725118e-05,1.350540020474,3.074681374372443e-06,0
-0.12525106966495514,-2.4174658392439596e-05,1.3525650205046986,3.0279018224379443e-06,0
-0.12423046678304672,-2.397923162789084e-05,1.3545900205353973,2.9789511382316764e-06,0
-0.1231326013803482,-2.376610973442439e-05,1.3565700205654139,2.9263829162904916e-06,0
-0.12224635481834412,-2.357926859986037e-05,1.3585950205961126,2.882479635615571e-06,0
-0.12115439027547836,-2.3379991034744307e-05,1.3606200206268113,2.832588558460597e-06,0
-0.12004192918539047,-2.317480175406672e-05,1.3626000206568278,2.78194791104714e-06,0
-0.11922024190425873,-2.2983531380305067e-05,1.3646250206875266,2.7401021709740916e-06,0
-0.11813540756702423,-2.2785650799050927e-05,1.3666500207182253,2.6917921438257726e-06,0
-0.11721938103437424,-2.2582760720979422e-05,1.3686300207482418,2.6471372337605868e-06,0
-0.11625835299491882,-2.2383937903214246e-05,1.3706550207789405,2.602319754168225e-06,0
-0.11517351120710373,-2.2187457943800837e-05,1.3726800208096392,2.5554074361474883e-06,0
-0.11412126570940018,-2.199401023972314e-05,1.3746600208396558,2.5099842865827126e-06,0
-0.1131608635187149,-2.179485272790771e-05,1.3766850208703545,2.4663243549532556e-06,0
-0.11214026063680649,-2.1594169083982706e-05,1.3787100209010532,2.4215757493130895e-06,0
-0.11117209494113922,-2.139758362318389e-05,1.3806900209310697,2.3788141980675653e-06,0
-0.11014187335968018,-2.1194908185862005e-05,1.3827150209617685,2.3344468932772616e-06,0
-0.10912840813398361,-2.099983066727873e-05,1.3847400209924672,2.2916780918033386e-06,0
-0.10818570107221603,-2.0808103727176785e-05,1.3867200210224837,2.251139289708012e-06,0
-0.10715857148170471,-2.0605122699635103e-05,1.3887450210531824,2.2080155136981446e-06,0
-0.10606659948825836,-2.0404790120664984e-05,1.3907700210838811,2.164266701370544e-06,0
-0.10513971000909805,-2.021606451307889e-05,1.3927500211138977,2.1255111604303326e-06,0
-0.10416100919246674,-2.000588210648857e-05,1.3947750211445964,2.0838328699973618e-06,0
-0.10317608714103699,-1.981710738618858e-05,1.3968000211752951,2.044651598560681e-06,0
-0.10217689722776413,-1.9617125872173347e-05,1.3988250212059938,2.004417054145169e-06,0
-0.10101386159658432,-1.941315713338554e-05,1.4008050212360104,1.9609979678245505e-06,0
-0.10009287297725677,-1.921961666084826e-05,1.402830021266709,1.923746649105853e-06,0
-0.09910795092582703,-1.901683208416216e-05,1.4048550212974078,1.8847192609618363e-06,0
-0.09805724024772644,-1.881197931652423e-05,1.4068350213274243,1.844650775375677e-06,0
-0.09710957109928131,-1.862142380559817e-05,1.408860021358123,1.808318479019585e-06,0
-0.09609609842300415,-1.8420043488731608e-05,1.4108850213888218,1.7700943120491693e-06,0
-0.09510063380002975,-1.822067133616656e-05,1.4128650214188383,1.732797392331475e-06,0
-0.09404062479734421,-1.8025684767053463e-05,1.414890021449537,1.6951466578936776e-06,0
-0.09306284040212631,-1.7834459868026897e-05,1.4169150214802357,1.6597254923563138e-06,0
-0.09206954389810562,-1.7635573385632597e-05,1.4188950215102523,1.6236991979967636e-06,0
-0.09100736677646637,-1.7429943909519352e-05,1.420920021540951,1.5862532982668638e-06,0
-0.0899796187877655,-1.7233116523129866e-05,1.4229450215716497,1.5506292552763682e-06,0
-0.08900867402553558,-1.7039148588082753e-05,1.4249250216016662,1.5166320223493227e-06,0
-0.08796697109937668,-1.683630580373574e-05,1.426950021632365,1.4810388260574897e-06,0
-0.08703914284706116,-1.6632471670163795e-05,1.4289750216630637,1.4476760775990844e-06,0
-0.0860520601272583,-1.6443089407403022e-05,1.4309550216930802,1.414961718363729e-06,0
-0.08503362536430359,-1.6240566765191033e-05,1.432980021723779,1.3809942700152142e-06,0
-0.0840843915939331,-1.6042336937971413e-05,1.4350050217544776,1.348910141174206e-06,0
-0.08305820822715759,-1.5839721527299844e-05,1.4369850217844942,1.3156188888746611e-06,0
-0.08202891796827316,-1.5644476661691442e-05,1.4390100218151929,1.2832994927384513e-06,0
-0.08097262680530548,-1.5445895769516937e-05,1.4410350218458916,1.2506947538187417e-06,0
-0.08000912517309189,-1.5248717318172567e-05,1.4430600218765903,1.220036532638763e-06,0
-0.07903661578893661,-1.5050334695843048e-05,1.4450400219066069,1.1895275208502492e-06,0
-0.07802501320838928,-1.485295706515899e-05,1.4470650219373056,1.158902171192669e-06,0
-0.07691876590251923,-1.4655428458354436e-05,1.4490900219680043,1.127277470789283e-06,0
-0.07597573846578598,-1.4452447430812754e-05,1.4510700219980208,1.0980353661939503e-06,0
-0.07493466138839722,-1.4255466339818668e-05,1.4530950220287195,1.0682285431080061e-06,0
-0.07386410236358643,-1.405478542437777e-05,1.4551200220594183,1.038144109284482e-06,0
-0.07296700030565262,-1.3854925782652572e-05,1.4571000220894348,1.0109523738176045e-06,0
-0.07199418544769287,-1.3667081475432497e-05,1.4591250221201335,9.83950398271015e-07,0
-0.07093075662851334,-1.3463948562275618e-05,1.4611500221508322,9.55008058729594e-07,0
-0.06984654068946838,-1.3262886568554677e-05,1.4631300221808488,9.26366746370358e-07,0
-0.06898233294487,-1.3071692592347972e-05,1.4651550222115475,9.017158505583386e-07,0
-0.06795459985733032,-1.2866457836935297e-05,1.4671800222422462,8.743349938901499e-07,0
-0.06696440279483795,-1.2672674529312644e-05,1.4691600222722627,8.486180816687754e-07,0
-0.06589198112487793,-1.2466845873859711e-05,1.4711850223029614,8.214651730071264e-07,0
-0.06489992141723633,-1.2275970220798627e-05,1.4732100223336602,7.967095026501642e-07,0
-0.0638960748910904,-1.207807599712396e-05,1.4751900223636767,7.717416484525138e-07,0
-0.06285872310400009,-1.1872856703121215e-05,1.4772150223943754,7.463126119549679e-07,0
-0.06184525787830353,-1.1676728718157392e-05,1.4792400224250741,7.221502987494365e-07,0
-0.0609031617641449,-1.148340197687503e-05,1.4812650224557729,6.993754882003212e-07,0
-0.05987449362874031,-1.1274436474195682e-05,1.4832450224857894,6.750511748418667e-07,0
-0.058840543031692505,-1.1082389391958714e-05,1.485270022516488,6.520938099115192e-07,0
-0.05786990374326706,-1.08901140265516e-05,1.4872950225471868,6.302098504697436e-07,0
-0.05686575174331665,-1.0682032552722376e-05,1.4892750225772033,6.074418112571377e-07,0
-0.05582156404852867,-1.0488751286175102e-05,1.491300022607902,5.854985017103109e-07,0
-0.05487946793437004,-1.0290171303495299e-05,1.4933250226386008,5.64719126089345e-07,0
-0.05383466184139252,-1.008853087114403e-05,1.4953050226686173,5.431126479244879e-07,0
-0.05286681279540062,-9.897214113152586e-06,1.497330022699316,5.232341657160347e-07,0
-0.05185334384441376,-9.698984285932966e-06,1.4993550227300148,5.029247671200479e-07,0
-0.050773780792951584,-9.499414773017634e-06,1.5013350227600313,4.823212033465233e-07,0
-0.04979073256254196,-9.304976629209705e-06,1.50336002279073,4.633016028456836e-07,0
-0.048855774104595184,-9.103944648813922e-06,1.5053850228214287,4.447802632231911e-07,0
-0.04782462120056152,-8.911394616006874e-06,1.5073650228514452,4.2618407187925214e-07,0
-0.04681456834077835,-8.704333595233038e-06,1.509390022882144,4.0748961995497e-07,0
-0.04578682780265808,-8.505752703058533e-06,1.5114150229128427,3.894514343469346e-07,0
-0.044771190732717514,-8.309122677019332e-06,1.5133950229428592,3.7200931619438084e-07,0
-0.04374562203884125,-8.112095201795455e-06,1.515420022973558,3.548686506408416e-07,0
-0.04278925806283951,-7.907211511337664e-06,1.5174450230042567,3.383437139160825e-07,0
-0.04182947427034378,-7.721102520008571e-06,1.5194250230342732,3.2296965919938506e-07,0
-0.040769461542367935,-7.5090006248501595e-06,1.521450023064972,3.0613791219644537e-07,0
-0.0398130938410759,-7.312522029678803e-06,1.5234750230956706,2.9113412578253697e-07,0
-0.03874966874718666,-7.116393589967629e-06,1.5255000231263693,2.757578942858481e-07,0
-0.03776320070028305,-6.914905043231556e-06,1.5274800231563859,2.611289469709527e-07,0
-0.03670846298336983,-6.720634701196104e-06,1.5295050231870846,2.4670417015360793e-07,0
-0.02082846127450466,-3.946727701986674e-06,1.5415650233699125,8.220426510184422e-08,0
-0.020942654460668564,-4.097935743629932e-06,1.5435900234006112,8.582165228086455e-08,0
-0.021125735715031624,-4.245806849212386e-06,1.5455700234306278,8.969579339353199e-08,0
-0.021492209285497665,-4.339632596384035e-06,1.5475950234613265,9.326829198365331e-08,0
-0.021734869107604027,-4.3900990931433626e-06,1.5496200234920252,9.541822915888212e-08,0
-0.021796001121401787,-4.4009980229020584e-06,1.5516000235220417,9.592415784246031e-08,0
-0.02189188450574875,-4.376853212306742e-06,1.5536250235527405,9.58175650224346e-08,0
-0.021770555526018143,-4.3252093746559694e-06,1.5556500235834392,9.416221085260199e-08,0
-0.02169918455183506,-4.24946165367146e-06,1.5576300236134557,9.220985266896322e-08,0
-0.021463660523295403,-4.152827386860736e-06,1.5596550236441544,8.913487724342278e-08,0
-0.021078258752822876,-4.038999577460345e-06,1.5616800236748531,8.513507819625141e-08,0
-0.020707130432128906,-3.909984116035048e-06,1.5637050237055519,8.096455107828998e-08,0
-0.020269285887479782,-3.768174792639911e-06,1.5656850237355684,7.63782121460132e-08,0
-0.019722213968634605,-3.6200817703502253e-06,1.5677100237662671,7.13960272588007e-08,0
-0.01902991719543934,-3.46059550793143e-06,1.5697350237969658,6.585484596284445e-08,0
-0.01842978037893772,-3.2922366699494887e-06,1.5717150238269824,6.067519878265435e-08,0
-0.01758822798728943,-3.123251190118026e-06,1.573740023857681,5.493245399336888e-08,0
-0.016838833689689636,-2.944629159173928e-06,1.5757650238883798,4.958412068914041e-08,0
-0.015994485467672348,-2.764402779575903e-06,1.5777450239183963,4.4215200084719825e-08,0
-0.015190168283879757,-2.5826409455476096e-06,1.579770023949095,3.9230750579706526e-08,0
-0.014362267218530178,-2.395676801825175e-06,1.5817950239797938,3.440735039704693e-08,0
-0.013492164202034473,-2.20839433495712e-06,1.5837750240098103,2.9796018990084183e-08,0
-0.012506626546382904,-2.018500708800275e-06,1.585800024040509,2.5244634548574226e-08,0
-0.011657314375042915,-1.8256781686432078e-06,1.5878250240712077,2.128250435952649e-08,0
-0.01074407808482647,-1.6337802435373305e-06,1.5898050241012243,1.7553462510011885e-08,0
-0.009751713834702969,-1.440796950191725e-06,1.591830024131923,1.4050239552182489e-08,0
-0.008852441795170307,-1.2452042028598953e-06,1.5938550241626217,1.1023097728918663e-08,0
-0.007876833900809288,-1.0527870699661435e-06,1.5958350241926382,8.292628883042999e-09,0
-0.00684692244976759,-8.544326419723802e-07,1.597860024223337,5.850234038134923e-09,0
-0.0012300409143790603,4.166094669244558e-08,1.6099200244061649,-5.1244668963473045e-11,0
-0.0009160094778053463,6.268825814004231e-08,1.6119450244368636,-5.74230386033869e-11,0
-0.0005662925541400909,9.827047620092344e-08,1.6139700244675623,-5.5649838964383956e-11,0
-0.00022836736752651632,1.3714651458940352e-07,1.6159500244975789,-3.1319788502219047e-11,0
5.4633354011457413e-05,1.7852599398793245e-07,1.6179750245282776,9.753473829790032e-12,0
0.00031156823388300836,2.2331960281007923e-07,1.6200000245589763,6.95792942389913e-11,0
0.0007100034854374826,2.708156046082877e-07,1.6219800245889928,1.9228002318274343e-10,0
0.0009467683266848326,3.2084426493383944e-07,1.6240050246196915,3.0376518783783627e-10,0
0.0011894290801137686,3.7402475072667585e-07,1.6260300246503903,4.4487591519661165e-10,0
0.0014994266675785184,4.2925844923047407e-07,1.6280100246804068,6.436415660595724e-10,0
0.0017603954765945673,4.869147005592822e-07,1.6300350247111055,8.571624363519586e-10,0
0.0020601528231054544,5.475266107168864e-07,1.6320600247418042,1.1279884927937546e-09,0
0.002348428824916482,6.094988975746674e-07,1.6340400247718208,1.4313647798191673e-09,0
0.0026596677489578724,6.749679641870898e-07,1.6360650248025195,1.795190525928155e-09,0
0.003059344133362174,7.429227366628766e-07,1.6380900248332182,2.2728563159509427e-09,0
0.003324036719277501,8.119392305161455e-07,1.6400700248632347,2.698915816057587e-09,0
0.003616036381572485,8.843421142046282e-07,1.6420950248939334,3.197813258720665e-09,0
0.00403712410479784,9.591408343112562e-07,1.6441200249246322,3.872170582093884e-09,0
0.004358292557299137,1.036055891745491e-06,1.6461450249553309,4.515434681940294e-09,0
0.03200020268559456,7.212535820144694e-06,1.6582050251381588,2.308026081217412e-07,0
0.032644402235746384,7.127631306502735e-06,1.6601850251681753,2.326772633575738e-07,0
0.03325632959604263,7.0326723289326765e-06,1.662210025198874,2.3388086891195384e-07,0
0.03364887088537216,6.978544661251362e-06,1.6642350252295728,2.348201482742503e-07,0
0.034163668751716614,6.963270607229788e-06,1.6662150252595893,2.3789087045396307e-07,0
0.03441253677010536,6.97959512763191e-06,1.668240025290288,2.4018557397008133e-07,0
0.034769393503665924,7.024330443528015e-06,1.6702650253209868,2.4423170929080575e-07,0
0.03502756729722023,7.0937094278633595e-06,1.6722450253510033,2.4847538437140944e-07,0
0.03544027730822563,7.18196952220751e-06,1.674270025381702,2.545309914862589e-07,0
0.03593987226486206,7.288761025847634e-06,1.6762950254124007,2.6195714023806893e-07,0
0.03636809438467026,7.408609235426411e-06,1.6782750254424172,2.6943699993312747e-07,0
0.03693906217813492,7.543862011516467e-06,1.680300025473116,2.786631879066767e-07,0
0.037460070103406906,7.690136044402607e-06,1.6823250255038147,2.8807303532805793e-07,0
0.03818526118993759,7.840558282623533e-06,1.6843050255338312,2.9939376589690814e-07,0
0.03889462351799011,8.002103641047142e-06,1.68633002556453,3.112388084704665e-07,0
0.03956551104784012,8.16948613646673e-06,1.6883550255952287,3.232298939875511e-07,0
0.04037199914455414,8.33890590001829e-06,1.6903800256259274,3.3665830186205585e-07,0
0.0410599522292614,8.511821761203464e-06,1.692360025655944,3.4949499489900186e-07,0
0.042042076587677,8.683605301484931e-06,1.6943850256866426,3.650767991421875e-07,0
0.04289139062166214,8.858820365276188e-06,1.6964100257173413,3.7996712473419665e-07,0
0.04368143156170845,9.040187251230236e-06,1.6983900257473579,3.948883207196428e-07,0
0.044540055096149445,9.218643754138611e-06,1.7004150257780566,4.105989007211077e-07,0
0.04537509009242058,9.403123840456828e-06,1.7024400258087553,4.266675914109164e-07,0
0.04625822603702545,9.585597581462935e-06,1.7044200258387718,4.434127396232769e-07,0
0.047159358859062195,9.772467819857411e-06,1.7064450258694706,4.608633168552928e-07,0
0.04817996546626091,9.960163879441097e-06,1.7084700259001693,4.798803517497714e-07,0
0.04912547022104263,1.0148351066163741e-05,1.7104500259301858,4.985425180935131e-07,0
0.049978505820035934,1.033750049828086e-05,1.7124750259608845,5.166528288179544e-07,0
0.05094915255904198,1.0528920938668307e-05,1.7145000259915832,5.36439599186303e-07,0
0.05190334841609001,1.0717017175920773e-05,1.7164800260215998,5.562490764630369e-07,0
0.05284047871828079,1.0911669050983619e-05,1.7185050260522985,5.765778162694231e-07,0
0.08094629645347595,1.3599668818642385e-05,1.7305650262351264,1.1008428238629196e-06,0
0.07836981117725372,1.3392333130468614e-05,1.7325900262658251,1.0495546186577046e-06,0
0.07587897777557373,1.3362212484935299e-05,1.7346150262965239,1.0139110241768994e-06,0
0.0741412490606308,1.3495481653080788e-05,1.7365950263265404,1.0005718664342361e-06,0
0.07325252890586853,1.3689327715837862e-05,1.7386200263572391,1.0027778742063202e-06,0
0.07276007533073425,1.3919778211857192e-05,1.7406450263879378,1.0128041112818426e-06,0
0.07269646227359772,1.4159151760395616e-05,1.7426250264179544,1.0293202417757446e-06,0
0.0729670450091362,1.440064352209447e-05,1.744650026448653,1.0507724040371928e-06,0
0.07349518686532974,1.4623738934460562e-05,1.7466750264793518,1.074774425657977e-06,0
0.07399974763393402,1.4845844816591125e-05,1.7486550265093683,1.0985887698402908e-06,0
0.07476559281349182,1.5068179891386535e-05,1.750680026540067,1.126581402199851e-06,0
0.07550784945487976,1.5284622350009158e-05,1.7527050265707658,1.154108963379182e-06,0
0.07636056840419769,1.5493069440708496e-05,1.7546850266007823,1.183059588818206e-06,0
0.07727070152759552,1.569964297232218e-05,1.756710026631481,1.2131224262041198e-06,0
0.07819852232933044,1.590487954672426e-05,1.7587350266621797,1.2437380783798281e-06,0
0.07916078716516495,1.6093514204840176e-05,1.7607150266921963,1.273975252708912e-06,0
0.08006130158901215,1.630273982300423e-05,1.762740026722895,1.3052185696967402e-06,0
0.08103908598423004,1.6502719518030062e-05,1.7647650267535937,1.3373653059952696e-06,0
0.08204293251037598,1.6697980754543096e-05,1.7667450267836102,1.3699513081045361e-06,0
0.08300891518592834,1.6897778550628573e-05,1.768770026814309,1.4026662665397264e-06,0
0.08409374952316284,1.7098809621529654e-05,1.7707950268450077,1.4379030134571615e-06,0
0.0849716067314148,1.73026437551016e-05,1.7728200268757064,1.4702334405722632e-06,0
0.08612409234046936,1.7505273717688397e-05,1.774800026905723,1.5076258101073868e-06,0
0.08700567483901978,1.7695601854939014e-05,1.7768250269364216,1.539617781071579e-06,0
0.0880548283457756,1.788962799764704e-05,1.7788500269671204,1.5752681225025914e-06,0
0.08902857452630997,1.8091830497724004e-05,1.7808300269971369,1.610689879783989e-06,0
0.08999611437320709,1.828503627621103e-05,1.7828550270278356,1.6455822160321286e-06,0
0.091109499335289,1.84923719643848e-05,1.7848800270585343,1.684830751197034e-06,0
0.0920298770070076,1.869008337962441e-05,1.7868600270885509,1.7200460746775515e-06,0
0.09305792301893234,1.8887430996983312e-05,1.7888850271192496,1.7576250997426696e-06,0
0.09403570741415024,1.9082508515566587e-05,1.7909100271499483,1.79443718749785e-06,0
0.09506095945835114,1.9280296328361146e-05,1.7928900271799648,1.8328034676153352e-06,0
0.09605550020933151,1.948667340911925e-05,1.7949150272106635,1.8718021617288288e-06,0
0.09704041481018066,1.967894786503166e-05,1.7969400272413623,1.9096532638505914e-06,0
0.09808459877967834,1.9872701159329154e-05,1.7989200272713788,1.9492059198812487e-06,0
0.09906020760536194,2.0078210582141764e-05,1.8009450273020775,1.988951708611138e-06,0
0.1000594049692154,2.027223672484979e-05,1.8029700273327762,2.028427944083546e-06,0
0.10110824555158615,2.0468030925258063e-05,1.8049500273627928,2.0694866967484513e-06,0
0.10205777734518051,2.0670448066084646e-05,1.8069750273934915,2.109579986353584e-06,0
0.10308551788330078,2.08679775823839e-05,1.8090000274241902,2.1511862762571554e-06,0
0.10409463942050934,2.1060070139355958e-05,1.8109800274542067,2.1922404073268942e-06,0
0.10511958599090576,2.1264786482788622e-05,1.8130050274849054,2.235345551255749e-06,0
0.10613305866718292,2.145706457667984e-05,1.8150300275156042,2.277303893542294e-06,0
0.10708942264318466,2.165669502574019e-05,1.8170550275463029,2.3192029666660463e-06,0
0.1081981435418129,2.18626137211686e-05,1.8190350275763194,2.3654942176022084e-06,0
0.10911636054515839,2.205735472671222e-05,1.8210600276070181,2.406818271032384e-06,0
0.11005844920873642,2.2251033442444168e-05,1.8230850276377168,2.448914233967137e-06,0
0.1111622080206871,2.245538416900672e-05,1.8250650276677334,2.496190086179569e-06,0
0.1120782420039177,2.2646439902018756e-05,1.827090027698432,2.538173171865636e-06,0
0.11320590227842331,2.284747279190924e-05,1.8291150277291308,2.586468772189813e-06,0
0.11416350305080414,2.304815461684484e-05,1.8310950277591473,2.6312580699155714e-06,0
0.11514004319906235,2.324393244634848e-05,1.833120027789846,2.676307385988651e-06,0
0.11619633436203003,2.343830965401139e-05,1.8351450278205448,2.723445665438304e-06,0
0.11718714982271194,2.363690327911172e-05,1.8371250278505613,2.7699413259142165e-06,0
0.11818757653236389,2.3835469619370997e-05,1.83915002788126,2.817056389824244e-06,0
0.11920104920864105,2.4035100068431348e-05,1.8411750279119588,2.865009145991697e-06,0
0.12012886255979538,2.4236253011622466e-05,1.8431550279419753,2.911473506997622e-06,0
0.12114232778549194,2.4434713850496337e-05,1.845180027972674,2.9600781146215272e-06,0
0.12219148129224777,2.4628037863294594e-05,1.8472050280033727,3.009336427837531e-06,0
0.12321953475475311,2.4827928427839652e-05,1.8491850280333892,3.0592857898027108e-06,0
0.12421127408742905,2.5029750759131275e-05,1.851210028064088,3.10897723188249e-06,0
0.12514623999595642,2.522762952139601e-05,1.8532350280947867,3.1571429786137004e-06,0
0.1261596977710724,2.54265614785254e-05,1.8552600281254854,3.207807311488356e-06,0
0.12718155980110168,2.562864392530173e-05,1.857240028155502,3.2594909100069035e-06,0
0.12822945415973663,2.5825122065725736e-05,1.8592650281862007,3.3115413060965813e-06,0
0.12927861511707306,2.6020548830274493e-05,1.8612900282168994,3.3639005173640617e-06,0
0.13024242222309113,2.6217028789687902e-05,1.863270028246916,3.4145693330614674e-06,0
0.1311342418193817,2.6413157684146427e-05,1.8652950282776146,3.463669406966318e-06,0
0.13226190209388733,2.6607183826854452e-05,1.8673200283083133,3.519116742301486e-06,0
0.13326606154441833,2.6815279852598906e-05,1.8693000283383299,3.5735667351672468e-06,0
0.13420319557189941,2.7015550585929304e-05,1.8713250283690286,3.6255732187660122e-06,0
0.13522379100322723,2.7209927793592215e-05,1.8733500283997273,3.6794295891736176e-06,0
0.13634929060935974,2.7413898351369426e-05,1.8753300284297438,3.7378655930463177e-06,0
0.137229323387146,2.7614445571089163e-05,1.8773550284604426,3.7895116814317363e-06,0
0.1383141577243805,2.7806720027001575e-05,1.8793800284911413,3.846063059612386e-06,0
0.13927610218524933,2.800155561999418e-05,1.8813600285211578,3.899947521876252e-06,0
0.14026257395744324,2.8202128305565566e-05,1.8833850285518565,3.9557031072166935e-06,0
0.14124749600887299,2.840105844370555e-05,1.8854100285825552,4.011578389175068e-06,0
0.14230719208717346,2.8595786716323346e-05,1.8873900286125718,4.06938611312367e-06,0
0.14334578812122345,2.8800321160815656e-05,1.8894150286432705,4.128404734941469e-06,0
0.14428076148033142,2.8997148547205143e-05,1.8914400286739692,4.183730673149044e-06,0
0.1453084796667099,2.9192577130743302e-05,1.8934200287039857,4.241929000421474e-06,0
0.14634336531162262,2.9389757401077077e-05,1.8954450287346845,4.300996003765787e-06,0
0.14731401205062866,2.9590437407023273e-05,1.8974700287653832,4.3590860527616e-06,0
0.14829179644584656,2.978061093017459e-05,1.899495028796082,4.416220294090403e-06,0
0.1493077278137207,2.9982695195940323e-05,1.9014750288260984,4.476648093437209e-06,0
0.1503187119960785,3.0185829018591903e-05,1.9035000288567971,4.537494938608585e-06,0
0.15140356123447418,3.0380555472220294e-05,1.9055250288874959,4.599724290775645e-06,0
0.15235371887683868,3.0585331842303276e-05,1.9075050289175124,4.659789049257096e-06,0
0.15337339043617249,3.077281144214794e-05,1.9095300289482111,4.719730424135272e-06,0
0.15432262420654297,3.097594890277833e-05,1.9115550289789098,4.780289721964537e-06,0
0.15544438362121582,3.1175182812148705e-05,1.9135350290089264,4.846007076513177e-06,0
0.15639236569404602,3.137660678476095e-05,1.915560029039625,4.90706176252062e-06,0
0.15734873712062836,3.157168612233363e-05,1.9175850290703238,4.967764940118065e-06,0
0.15836375951766968,3.176648897351697e-05,1.9195650291003403,5.030660620522747e-06,0
0.1593899428844452,3.1970244890544564e-05,1.921590029131039,5.095735507105624e-06,0
0.16037486493587494,3.217093035345897e-05,1.9236150291617378,5.159408610297422e-06,0
0.16133525967597961,3.236547490814701e-05,1.9255950291917543,5.2216922988423e-06,0
0.16244462132453918,3.256528725614771e-05,1.927620029222453,5.290055756649757e-06,0
0.16341525316238403,3.276246570749208e-05,1.9296450292531517,5.353886627813744e-06,0
0.1643812507390976,3.295714486739598e-05,1.9316250292831683,5.417536694092182e-06,0
0.16537082195281982,3.315822687000036e-05,1.933650029313867,5.483403231990036e-06,0
0.16644138097763062,3.3357155189150944e-05,1.9356750293445657,5.55201097516742e-06,0
0.16736921668052673,3.3547679777257144e-05,1.9377000293752644,5.614848885768676e-06,0
0.16833581030368805,3.375932647031732e-05,1.939680029405281,5.682903576687611e-06,0
0.16943895816802979,3.395499516045675e-05,1.9417050294359797,5.7532990045882845e-06,0
0.170352503657341,3.4144821256631985e-05,1.9437300294666784,5.816655787999655e-06,0
0.17138923704624176,3.4352095099166036e-05,1.945710029496695,5.8875793699860075e-06,0
0.17236515879631042,3.4547236282378435e-05,1.9477350295273936,5.954739867785816e-06,0
0.17345713078975677,3.474546247161925e-05,1.9497600295580924,6.026848228290246e-06,0
0.1745096892118454,3.4944136132253334e-05,1.9517400295881089,6.098090336215947e-06,0
0.17538414895534515,3.514262425596826e-05,1.9537650296188076,6.163459247190463e-06,0
0.17644041776657104,3.533805283950642e-05,1.9557900296495063,6.2350608060596745e-06,0
0.17755569517612457,3.554275099304505e-05,1.9577700296795228,6.310817861042005e-06,0
0.17850303649902344,3.574361835489981e-05,1.9597950297102216,6.380344411811845e-06,0
0.17945228517055511,3.593169094529003e-05,1.9618200297409203,6.448024050174439e-06,0
0.18041546642780304,3.613406079239212e-05,1.9638000297709368,6.519143431790015e-06,0
0.18156485259532928,3.632184598245658e-05,1.9658250298016355,6.594770611794982e-06,0
0.18252122402191162,3.652847954072058e-05,1.9678500298323343,6.667222797431677e-06,0
0.18350614607334137,3.6719888157676905e-05,1.9698300298623508,6.738325160059416e-06,0
0.18445537984371185,3.693299731821753e-05,1.9718550298930495,6.812490049098606e-06,0
0.18551164865493774,3.712316902237944e-05,1.9738800299237482,6.886780288637524e-06,0
0.18644040822982788,3.7317044188966975e-05,1.9758600299537648,6.957404952521529e-06,0
0.18744580447673798,3.7521378544624895e-05,1.9778850299844635,7.033224986373429e-06,0
0.18854491412639618,3.771330739255063e-05,1.9799100300151622,7.110652303750841e-06,0
0.18960121273994446,3.791644121520221e-05,1.981935030045861,7.189003237185153e-06,0
0.19055137038230896,3.8119222153909504e-05,1.9839150300758774,7.263670019335127e-06,0
0.19149254262447357,3.831255162367597e-05,1.9859400301065762,7.336567924849115e-06,0
0.1926059126853943,3.8507976569235325e-05,1.9879650301372749,7.416863972785348e-06,0
0.1935228705406189,3.871016451739706e-05,1.9899450301672914,7.491302156506291e-06,0
0.19458287954330444,3.891003871103749e-05,1.9919700301979901,7.57122737553512e-06,0
0.195567786693573,3.9107919292291626e-05,1.9939950302286888,7.648249218184357e-06,0
0.19656139612197876,3.9304763049585745e-05,1.9959750302587054,7.725799099270137e-06,0
0.1975519061088562,3.950087557313964e-05,1.998000030289404,7.803473262442493e-06,0
0.19860106706619263,3.9698057662462816e-05,2.000025030320103,7.88407661222036e-06,0
0.1995701640844345,3.989753167843446e-05,2.0020050303501193,7.96235694362909e-06,0
0.20055662095546722,4.009521580883302e-05,2.004030030380818,8.04136099909978e-06,0
0.20164859294891357,4.029099363833666e-05,2.006055030411517,8.124622175684215e-06,0
0.20251187682151794,4.0488841477781534e-05,2.0080350304415333,8.19947127799446e-06,0
0.20359700918197632,4.069235728820786e-05,2.010060030472232,8.284842240443516e-06,0
0.20460334420204163,4.088463538209908e-05,2.0120850305029307,8.365133125658587e-06,0
0.20561742782592773,4.108782741241157e-05,2.0140650305329473,8.448373387495711e-06,0
0.20665882527828217,4.128984801354818e-05,2.016090030563646,8.53291148639868e-06,0
0.20753668248653412,4.148247171542607e-05,2.0181150305943447,8.609134561161013e-06,0
0.20852160453796387,4.167790393694304e-05,2.0201400306250434,8.690743402710484e-06,0
0.2095719873905182,4.188890670775436e-05,2.02212003065506,8.77874142836009e-06,0
0.21061991155147552,4.207681558909826e-05,2.0241450306857587,8.862215177743622e-06,0
0.2116333693265915,4.227364115649834e-05,2.0261700307164574,8.946513111653012e-06,0
0.21267010271549225,4.2478022805880755e-05,2.028150030746474,9.033805473277682e-06,0
0.2136174887418747,4.2673953430494294e-05,2.0301750307771727,9.1159027665099e-06,0
0.21467375755310059,4.286938201403245e-05,2.0322000308078714,9.202931320931654e-06,0
0.21571609377861023,4.307773997425102e-05,2.034180030837888,9.292561796056119e-06,0
0.2165936529636383,4.326724592829123e-05,2.0362050308685866,9.371410849284703e-06,0
0.2176642119884491,4.346477362560108e-05,2.0382300308992853,9.460725700472785e-06,0
0.21865037083625793,4.366393113741651e-05,2.040210030929302,9.54713473536495e-06,0
0.21967685222625732,4.386122964206152e-05,2.0422350309600006,9.635296862541085e-06,0
0.22074028849601746,4.4055959733668715e-05,2.0442600309906993,9.72492526157896e-06,0
0.22170378267765045,4.4261818402446806e-05,2.046240031020716,9.813012568013696e-06,0
0.22272437810897827,4.445872036740184e-05,2.0482650310514146,9.90204084535054e-06,0
0.22365933656692505,4.4647498725680634e-05,2.0502900310821133,9.985829944358362e-06,0
0.22471998631954193,4.484983946895227e-05,2.05227003111213,1.0078655311896605e-05,0
0.22570055723190308,4.504920798353851e-05,2.0542950311428285,1.0167631344740538e-05,0
0.22669973969459534,4.525549229583703e-05,2.0563200311735272,1.025940832321702e-05,0
0.2277064025402069,4.5447723096003756e-05,2.0583000312035438,1.034873752983449e-05,0
0.2286624312400818,4.564705159282312e-05,2.0603250312342425,1.0437765796156382e-05,0
0.22974728047847748,4.584212729241699e-05,2.062350031264941,1.0532104076780993e-05,0
0.2307536005973816,4.603895649779588e-05,2.06437503129564,1.0623654979612616e-05,0
0.23174285888671875,4.6241497329901904e-05,2.0663550313256565,1.0716136790434039e-05,0
0.23270916938781738,4.643751890398562e-05,2.068380031356355,1.0806436452577561e-05,0
0.2337440550327301,4.663224535761401e-05,2.070405031387054,1.0900010125169902e-05,0
0.23474416136741638,4.683609586209059e-05,2.0723850314170704,1.0994500044870376e-05,0
0.23575669527053833,4.703360900748521e-05,2.074410031447769,1.1088488226251338e-05,0
0.23669879138469696,4.7232184442691505e-05,2.076435031478468,1.1179800972044166e-05,0
0.23777525126934052,4.7429963160539046e-05,2.0784150315084844,1.1277671408192736e-05,0
0.23874711990356445,4.762829848914407e-05,2.080440031539183,1.1371119090190437e-05,0
0.23977486789226532,4.782162432093173e-05,2.082465031569882,1.1466423653944948e-05,0
0.24073931574821472,4.80238268210087e-05,2.0844450315998984,1.1561223208500396e-05,0
0.2417803853750229,4.821773472940549e-05,2.086470031630597,1.1658102484786285e-05,0
0.2427724450826645,4.841981717618182e-05,2.088495031661296,1.1754997406317256e-05,0
0.24370336532592773,4.8619160224916413e-05,2.0904750316913123,1.184865296613262e-05,0
0.2446780502796173,4.8818728828337044e-05,2.092500031722011,1.1944871386846854e-05,0
0.2457628846168518,4.90099482703954e-05,2.0945250317527098,1.204482626185506e-05,0
0.24682383239269257,4.9211197620024905e-05,2.0965050317827263,1.2146496393208698e-05,0
0.2478112280368805,4.9414469685871154e-05,2.098530031813425,1.2245460415646935e-05,0
0.2487889975309372,4.961269587511197e-05,2.1005550318441237,1.234309287157637e-05,0
0.2497953474521637,4.9808477342594415e-05,2.1025800318748225,1.2441925903856595e-05,0
0.2508305311203003,5.001081444788724e-05,2.104560031904839,1.2544239149722344e-05,0
0.25177231431007385,5.02017792314291e-05,2.1065850319355377,1.2639418139580305e-05,0
0.25279292464256287,5.040281394030899e-05,2.1086100319662364,1.2741474746185647e-05,0
0.2538467049598694,5.060321927885525e-05,2.110590031996253,1.2845460474299143e-05,0
0.25486981868743896,5.080172559246421e-05,2.1126150320269517,1.294782659076038e-05,0
0.2557690739631653,5.099575355416164e-05,2.1146400320576504,1.3043136662601717e-05,0
0.2567810118198395,5.11996477143839e-05,2.116620032087667,1.314709734491883e-05,0
0.25778886675834656,5.139326094649732e-05,2.1186450321183656,1.3248610498413534e-05,0
0.258838027715683,5.158903877600096e-05,2.1206700321490644,1.3353205048527981e-05,0
0.2598642110824585,5.179168510949239e-05,2.122650032179081,1.3458805391609353e-05,0
0.26088637113571167,5.198654980631545e-05,2.1246750322097796,1.3562582326835573e-05,0
0.2618570327758789,5.21882830071263e-05,2.1267000322404783,1.3665868933913916e-05,0
0.2627984881401062,5.238226367509924e-05,2.128680032270495,1.3765979699172483e-05,0
0.26383399963378906,5.258369128569029e-05,2.1307050323011936,1.387336558741209e-05,0
0.2648046314716339,5.277351738186553e-05,2.1327300323318923,1.3974671821766768e-05,0
0.26588913798332214,5.297357347444631e-05,2.134710032361909,1.408509778701671e-05,0
0.2668958008289337,5.31794321432244e-05,2.1367350323926075,1.4193367129493816e-05,0
0.26788783073425293,5.337905895430595e-05,2.1387600324233063,1.429960030990482e-05,0
0.2688383162021637,5.3568535804515705e-05,2.140740032453323,1.440127496710132e-05,0
0.26982200145721436,5.3774470870848745e-05,2.1427650324840215,1.4509535357675081e-05,0
0.2709139585494995,5.396954657044262e-05,2.1447900325147202,1.4621103502520175e-05,0
0.27184179425239563,5.4163578170118853e-05,2.146815032545419,1.4723924272894997e-05,0
0.2729566991329193,5.4371077567338943e-05,2.1487950325754355,1.4840949861080754e-05,0
0.27391868829727173,5.4561089200433344e-05,2.150820032606134,1.494530198585314e-05,0
0.27492499351501465,5.4758267651777714e-05,2.152845032636833,1.5054416379058425e-05,0
0.27592822909355164,5.4969332268228754e-05,2.1548250326668494,1.5167590507227384e-05,0
0.27695906162261963,5.516137753147632e-05,2.156850032697548,1.5277443358928736e-05,0
0.2779083251953125,5.5355409131152555e-05,2.158875032728247,1.5383729042139915e-05,0
0.2788773775100708,5.555625830311328e-05,2.1608550327582634,1.5493383619844328e-05,0
0.2799566388130188,5.575396789936349e-05,2.162880032788962,1.560869345359475e-05,0
0.28094157576560974,5.595394759438932e-05,2.164905032819661,1.5719790207474084e-05,0
0.281982958316803,5.6149030569940805e-05,2.1668850328496774,1.5833069746732514e-05,0
0.2829328179359436,5.634270200971514e-05,2.168910032880376,1.5941199449733857e-05,0
0.28388917446136475,5.654128472087905e-05,2.170935032911075,1.605145864239533e-05,0
0.2849246561527252,5.673448686138727e-05,2.1729150329410913,1.6165054160982074e-05,0
0.2858661413192749,5.694719948223792e-05,2.17494003297179,1.6279276174926364e-05,0
0.2869795262813568,5.713807695428841e-05,2.176965033002489,1.6397458256969398e-05,0
0.2879408597946167,5.732835779781453e-05,2.1789450330325053,1.6507176634916135e-05,0
0.2889779210090637,5.753033474320546e-05,2.180970033063204,1.662499652904702e-05,0
0.2899913787841797,5.773451630375348e-05,2.1829950330939027,1.6742511986363173e-05,0
0.29097938537597656,5.7922585256164894e-05,2.1849750331239193,1.6854278257226463e-05,0
0.29196834564208984,5.812852396047674e-05,2.187000033154618,1.6971688975356974e-05,0
0.29297468066215515,5.832605165778659e-05,2.1890250331853167,1.7088056358724392e-05,0
0.2939453125,5.851762762176804e-05,2.1910500332160154,1.720098233803924e-05,0
0.29499351978302,5.872330075362697e-05,2.193030033246032,1.7322993182589293e-05,0
0.29593658447265625,5.8923542383126915e-05,2.1950550332767307,1.743763187789238e-05,0
0.2969571650028229,5.9115118347108364e-05,2.1970800333074294,1.755465795316366e-05,0
0.2979873716831207,5.931863415753469e-05,2.199060033337446,1.767620388443635e-05,0
0.2989983558654785,5.9514379245229065e-05,2.2010850333681447,1.779470154467805e-05,0
0.2999761700630188,5.9713311202358454e-05,2.2031100333988434,1.7912570396264645e-05,0
0.3009365499019623,5.9914691519225016e-05,2.20509003342886,1.8030520554235935e-05,0
0.30201736092567444,6.009926073602401e-05,2.2071150334595586,1.8151020121077977e-05,0
0.30305224657058716,6.0305199440335855e-05,2.2091400334902573,1.8275626170281096e-05,0
0.3040271997451782,6.050234514987096e-05,2.211120033520274,1.8394358573931534e-05,0
0.3049721121788025,6.0698155721183866e-05,2.2131450335509726,1.8511244755647308e-05,0
0.3060069680213928,6.0894286434631795e-05,2.2151700335816713,1.8634075961687906e-05,0
0.30699869990348816,6.108963134465739e-05,2.217150033611688,1.8754437400393198e-05,0
0.3080125153064728,6.129774556029588e-05,2.2191750336423866,1.888047279264291e-05,0
0.30902597308158875,6.149738328531384e-05,2.2212000336730853,1.9004288711715542e-05,0
0.3100000321865082,6.16904508206062e-05,2.223180033703102,1.9124041739988122e-05,0
0.3110671639442444,6.189489067764953e-05,2.2252050337338005,1.925346810573549e-05,0
0.312059223651886,6.208681588759646e-05,2.2272300337644992,1.937476356490093e-05,0
0.3131369352340698,6.228539859876037e-05,2.229255033795198,1.9503858827048248e-05,0
0.31414079666137695,6.249006401048973e-05,2.2312350338252145,1.9630678491675685e-05,0
0.3150781989097595,6.268361175898463e-05,2.233260033855913,1.97502394941795e-05,0
0.3161487579345703,6.287763244472444e-05,2.235285033886612,1.9878685399266072e-05,0
0.3171122968196869,6.308502634055912e-05,2.2372650339166285,2.000503759778515e-05,0
0.3180543780326843,6.328320159809664e-05,2.239290033947327,2.01274993241996e-05,0
0.31921058893203735,6.347722955979407e-05,2.241315033978026,2.0262603831555995e-05,0
0.320068895816803,6.367560854414478e-05,2.2432950340080424,2.0380581717187405e-05,0
0.3211019039154053,6.386913446476683e-05,2.245320034038741,2.0508500678065658e-05,0
0.32217246294021606,6.407227192539722e-05,2.24734503406944,2.064232165238048e-05,0
0.3230999708175659,6.42654558760114e-05,2.2493250340994564,2.0764166918116854e-05,0
0.3241351842880249,6.446662155212834e-05,2.251350034130155,2.089590025722548e-05,0
0.32512009143829346,6.465329352067783e-05,2.253375034160854,2.1020084701229604e-05,0
0.32607895135879517,6.486115307779983e-05,2.2553550341908704,2.1149856779531257e-05,0
0.327118456363678,6.506306817755103e-05,2.257380034221569,2.1283330428525232e-05,0
0.32817476987838745,6.525884236907586e-05,2.259405034252268,2.1416305577001433e-05,0
0.3290802240371704,6.54557443340309e-05,2.2613850342822843,2.1540191009962635e-05,0
0.3301517367362976,6.565215153386816e-05,2.263410034312983,2.167517184938116e-05,0
0.3311794698238373,6.5852131228894e-05,2.2654350343436818,2.180887390715487e-05,0
0.3321560025215149,6.605034286621958e-05,2.2674150343736983,2.1939017851618954e-05,0
0.3330707848072052,6.625524838455021e-05,2.269440034404397,2.2067687577038454e-05,0
0.3342270255088806,6.64499748381786e-05,2.2714650344350957,2.2209377435304396e-05,0
0.33515483140945435,6.665030377916992e-05,2.2734900344657945,2.233817132649661e-05,0
0.33614781498908997,6.68492357362993e-05,2.275470034495811,2.24712245264476e-05,0
0.33720314502716064,6.70481676934287e-05,2.2774950345265097,2.2608853014532623e-05,0
0.3381809592247009,6.724148988723755e-05,2.2795200345572084,2.273979154976402e-05,0
0.33918634057044983,6.744638812961057e-05,2.281500034587225,2.2876893574376835e-05,0
0.3401721715927124,6.763830606359988e-05,2.2835250346179237,2.30086694565073e-05,0
0.3411000370979309,6.78403812344186e-05,2.2855500346486224,2.314035655579796e-05,0
0.3422546684741974,6.8042085331399e-05,2.287530034678639,2.328772135739101e-05,0
0.3431341052055359,6.824244337622076e-05,2.2895550347093376,2.341630974493896e-05,0
0.34422606229782104,6.843787559773773e-05,2.2915800347400364,2.3558100429037394e-05,0
0.3452708423137665,6.86341300024651e-05,2.293560034770053,2.3697363877423676e-05,0
0.34621018171310425,6.88336294842884e-05,2.2955850348007516,2.3830903371727975e-05,0
0.34718793630599976,6.902941095177084e-05,2.2976100348314503,2.3966178732764097e-05,0
0.34825727343559265,6.922250759089366e-05,2.299590034861467,2.410724175397924e-05,0
0.34923624992370605,6.942727486602962e-05,2.3016150348921656,2.4246521116634556e-05,0
0.35019978880882263,6.962585030123591e-05,2.3036400349228643,2.4382958071127517e-05,0
0.35121387243270874,6.982003105804324e-05,2.305620034952881,2.452176348126736e-05,0
0.3522338569164276,7.002196070970967e-05,2.3076450349835795,2.4664105289631593e-05,0
0.3531830906867981,7.02201941749081e-05,2.3096700350142783,2.480058520732114e-05,0
0.35421082377433777,7.042052311589941e-05,2.311695035044977,2.4943711503502526e-05,0
0.3552801311016083,7.062111399136484e-05,2.3136750350749935,2.5090278637393722e-05,0
0.3563305139541626,7.081698277033865e-05,2.3157000351056922,2.523425186723785e-05,0
0.3572583794593811,7.100120274117216e-05,2.317725035136391,2.5365774630978135e-05,0
0.35829630494117737,7.121132512111217e-05,2.3197050351664075,2.551475466085933e-05,0
0.3592495918273926,7.141132664401084e-05,2.321730035197106,2.56544899487135e-05,0
0.3603130280971527,7.161410758271813e-05,2.323755035227805,2.5803495957604436e-05,0
0.3613870143890381,7.180920511018485e-05,2.3257350352578214,2.595091424041976e-05,0
0.36224716901779175,7.20081152394414e-05,2.32776003528852,2.6084735891794553e-05,0
0.36333200335502625,7.220949191832915e-05,2.329785035319219,2.6236019359935107e-05,0
0.3643287122249603,7.239613478304818e-05,2.3317650353492354,2.6375990555572602e-05,0
0.36530184745788574,7.259930134750903e-05,2.333790035379934,2.652065890639682e-05,0
0.3663367033004761,7.27964797988534e-05,2.335815035410633,2.6668022421391657e-05,0
0.3673747181892395,7.299621211132035e-05,2.3377950354406494,2.6816962853278264e-05,0
0.36830657720565796,7.319293945329264e-05,2.339820035471348,2.6957441005663173e-05,0
0.3693414330482483,7.339956937357783e-05,2.341845035502047,2.7109502137561553e-05,0
0.37043556571006775,7.358862058026716e-05,2.3438250355320633,2.72598422944748e-05,0
0.3713540732860565,7.378867303486913e-05,2.345850035562762,2.7401724293871655e-05,0
0.3723675608634949,7.398935849778354e-05,2.347875035593461,2.7551236953674355e-05,0
0.37337732315063477,7.418321183649823e-05,2.3498550356234773,2.7698329058228194e-05,0
0.37430882453918457,7.438406464643776e-05,2.351880035654176,2.7842611802254835e-05,0
0.3753865361213684,7.458370237145573e-05,2.3539050356848747,2.7997717684327857e-05,0
0.3764071464538574,7.478402403648943e-05,2.3559300357155735,2.814924108791167e-05,0
0.37742868065834045,7.498430204577744e-05,2.35791003574559,2.8301226191224278e-05,0
0.3783698081970215,7.517558697145432e-05,2.3599350357762887,2.844417242348768e-05,0
0.37936902046203613,7.537556666648015e-05,2.3619600358069874,2.8595154893033478e-05,0
0.3804076313972473,7.557633944088593e-05,2.363940035837004,2.874981627638178e-05,0
0.3814030885696411,7.576747157145292e-05,2.3659650358677027,2.889794767046462e-05,0
0.3824593722820282,7.597060175612569e-05,2.3679900358984014,2.905566865953578e-05,0
0.3834536373615265,7.616618677275255e-05,2.369970035928418,2.9206201361969353e-05,0
0.3844006657600403,7.637161616003141e-05,2.3719950359591166,2.9357300097086324e-05,0
0.38542839884757996,7.656880188733339e-05,2.3740200359898154,2.9511790713112468e-05,0
0.3864400088787079,7.676626410102472e-05,2.376000036019832,2.9665555780785226e-05,0
0.38739824295043945,7.69680627854541e-05,2.3780250360505306,2.9817292286384023e-05,0
0.388354629278183,7.716138497926295e-05,2.3800500360812293,2.996598105821282e-05,0
0.38942641019821167,7.73462452343665e-05,2.382030036111246,3.0120670623929886e-05,0
0.3904743194580078,7.755609112791717e-05,2.3840550361419446,3.0283661902996695e-05,0
0.3914735019207001,7.775537233101204e-05,2.3860800361726433,3.043916789956919e-05,0
0.39252451062202454,7.795290002832189e-05,2.38806003620266,3.059842393518465e-05,0
0.39352187514305115,7.815778371877968e-05,2.3900850362333586,3.0756797606039214e-05,0
0.39447110891342163,7.834761345293373e-05,2.3921100362640573,3.090586995949888e-05,0
0.3954560160636902,7.854724390199408e-05,2.394135036294756,3.106198014626556e-05,0
0.3965163230895996,7.874485163483769e-05,2.3961150363247725,3.1223619032481886e-05,0
0.39756858348846436,7.894475129432976e-05,2.3981400363554712,3.13859529459358e-05,0
0.3982822895050049,7.91091806604527e-05,2.399490036375937,3.150778559431015e-05,0
0.3987952172756195,7.904269295977429e-05,2.4014700364059536,3.1521847912943267e-05,0
0.39833346009254456,7.863155769882724e-05,2.40345003643597,3.1321580450640414e-05,0
0.3977755308151245,7.829823152860627e-05,2.405475036466669,3.1145120608176875e-05,0
0.39689767360687256,7.802259642630816e-05,2.4075000364973675,3.0966987010369595e-05,0
0.39613649249076843,7.778442522976547e-05,2.409480036527384,3.081324938092973e-05,0
0.3951990604400635,7.755328988423571e-05,2.411505036558083,3.064898729628583e-05,0
0.39422842860221863,7.733824895694852e-05,2.4135300365887815,3.048893635714499e-05,0
0.3933006227016449,7.71340710343793e-05,2.4155550366194802,3.033687816933429e-05,0
0.3922713100910187,7.692158396821469e-05,2.4175350366494968,3.0174130517487876e-05,0
0.39130935072898865,7.67285018810071e-05,2.4195600366801955,3.0024580253464874e-05,0
0.3903886675834656,7.652641943423077e-05,2.421585036710894,2.9875046917862778e-05,0
0.3893742859363556,7.632808410562575e-05,2.4235650367409107,2.972019324551812e-05,0
0.38839030265808105,7.613451452925801e-05,2.4255900367716094,2.956990714074459e-05,0
0.38736969232559204,7.593347982037812e-05,2.427615036802308,2.9414328715231426e-05,0
0.3863581120967865,7.573312177555636e-05,2.4295950368323247,2.9260105952399985e-05,0
0.38537129759788513,7.554052717750892e-05,2.4316200368630234,2.911115097962492e-05,0
0.3844006657600403,7.533949246862903e-05,2.433645036893722,2.896055106296454e-05,0
0.3833716809749603,7.514071330660954e-05,2.4356250369237387,2.880682157001247e-05,0
0.3823951482772827,7.494548481190577e-05,2.4376500369544374,2.8658789777361547e-05,0
0.38142451643943787,7.47444573789835e-05,2.439675036985136,2.8509368512306954e-05,0
0.3804001808166504,7.454831211362034e-05,2.4416550370151526,2.8358191407597266e-05,0
0.3793618679046631,7.43528944440186e-05,2.4436800370458513,2.8206652920401143e-05,0
0.37831270694732666,7.415922300424427e-05,2.44570503707655,2.8055376399846108e-05,0
0.37736910581588745,7.395261491183192e-05,2.4476850371065666,2.7907432162024674e-05,0
0.37639284133911133,7.375575660262257e-05,2.4497100371372653,2.776113879277703e-05,0
0.37530088424682617,7.355472189374268e-05,2.451735037167964,2.7605152167251013e-05,0
0.37443479895591736,7.33602064428851e-05,2.4537150371979806,2.7468614150806276e-05,0
0.373323917388916,7.315546099562198e-05,2.4557400372286793,2.7310683277277648e-05,0
0.3723033368587494,7.296318653970957e-05,2.457765037259378,2.716443781658126e-05,0
0.37134695053100586,7.27677543181926e-05,2.4597900372900767,2.7022083663050256e-05,0
0.3702642619609833,7.256204844452441e-05,2.4617700373200933,2.6867133313688944e-05,0
0.36936283111572266,7.236639794427902e-05,2.463795037350792,2.672945762234591e-05,0
0.36837077140808105,7.217377424240112e-05,2.4658200373814907,2.6586708893105993e-05,0
0.36724066734313965,7.197658851509914e-05,2.467800037411507,2.6432730399367568e-05,0
0.3663509786128998,7.178256055340171e-05,2.469825037442206,2.6297611306078453e-05,0
0.3652305006980896,7.15801288606599e-05,2.4718500374729047,2.6143246303812588e-05,0
0.36430636048316956,7.13776025804691e-05,2.473830037502921,2.600331461610479e-05,0
0.3633034825325012,7.11850734660402e-05,2.47585503753362,2.586178509454435e-05,0
0.3623114228248596,7.098018249962479e-05,2.4778800375643186,2.5716930913807258e-05,0
0.3613274395465851,7.078593625919893e-05,2.479860037594335,2.5576901104444128e-05,0
0.36030587553977966,7.058793562464416e-05,2.481885037625034,2.5433247947783018e-05,0
0.35928529500961304,7.038374315015972e-05,2.4839100376557326,2.5287843921585965e-05,0
0.35837826132774353,7.019206532277167e-05,2.485890037685749,2.515531032937831e-05,0
0.35730117559432983,6.999429024290293e-05,2.487915037716448,2.500904218867995e-05,0
0.35635194182395935,6.979571480769664e-05,2.4899400377471466,2.487183850271397e-05,0
0.3553248345851898,6.960149039514363e-05,2.491920037777163,2.4731138061537088e-05,0
0.3542322516441345,6.939189916010946e-05,2.493945037807862,2.45808486853483e-05,0
0.35325443744659424,6.919717270648107e-05,2.4959700378385605,2.4444208317322795e-05,0
0.35230523347854614,6.900314474478364e-05,2.4979950378692592,2.4310169020064915e-05,0
0.35121387243270874,6.879529246361926e-05,2.4999750378992758,2.4161861071288464e-05,0
0.3502497375011444,6.860108260298148e-05,2.5020000379299745,2.4027511173988587e-05,0
0.34922200441360474,6.840565765742213e-05,2.504025037960673,2.3888760880355804e-05,0
0.34816789627075195,6.820105772931129e-05,2.5060050379906897,2.3745418793054418e-05,0
0.3472521901130676,6.800709525123239e-05,2.5080300380213885,2.3615612769218447e-05,0
0.3462172746658325,6.781551928725094e-05,2.510055038052087,2.347890426768022e-05,0
0.3452484905719757,6.761962140444666e-05,2.5120350380821037,2.334557222293367e-05,0
0.34428316354751587,6.741625838913023e-05,2.5140600381128024,2.3210282712746513e-05,0
0.3432411551475525,6.721382669638842e-05,2.516085038143501,2.3070551517155764e-05,0
0.34221741557121277,6.702099199173972e-05,2.5180650381735177,2.2935750668432115e-05,0
0.3411928117275238,6.681666127406061e-05,2.5200900382042164,2.279736453034229e-05,0
0.34017932415008545,6.662053056061268e-05,2.522115038234915,2.2662927060629334e-05,0
0.3391416370868683,6.642347580054775e-05,2.5240950382649316,2.2526966323997743e-05,0
0.33820948004722595,6.622582441195846e-05,2.5261200382956304,2.2398201640067353e-05,0
0.337303102016449,6.602934445254505e-05,2.528145038326329,2.227190270795605e-05,0
0.3362371623516083,6.582814967259765e-05,2.5301250383563456,2.2133870248771184e-05,0
0.33514055609703064,6.562448106706142e-05,2.5321500383870443,2.1993425078394024e-05,0
0.33414849638938904,6.542450137203559e-05,2.534175038417743,2.1861498760491213e-05,0
0.3332209885120392,6.523537740577012e-05,2.5361550384477596,2.1737796945106667e-05,0
0.3321572542190552,6.503469194285572e-05,2.5381800384784583,2.1601744704721065e-05,0
0.3312722444534302,6.48347195237875e-05,2.540205038509157,2.1477943055153714e-05,0
0.33014458417892456,6.464173929998651e-05,2.5422300385398557,2.1341120141796493e-05,0
0.3291323482990265,6.442698941100389e-05,2.5442100385698723,2.1205006318680223e-05,0
0.32817476987838745,6.423687591450289e-05,2.546235038600571,2.1080921970948515e-05,0
0.3272183835506439,6.403934094123542e-05,2.5482600386312697,2.0954849626439627e-05,0
0.3260938227176666,6.384079460985959e-05,2.5502400386612862,2.081808875966252e-05,0
0.32509154081344604,6.364918954204768e-05,2.552265038691985,2.0691813099751356e-05,0
0.32412803173065186,6.344745634123683e-05,2.5542900387226837,2.056509914220156e-05,0
0.32308509945869446,6.325313734123483e-05,2.5562700387527,2.0436146168967316e-05,0
0.32207968831062317,6.305170245468616e-05,2.558295038783399,2.0307672674059474e-05,0
0.3211090564727783,6.285487324930727e-05,2.5603200388140976,2.0183269043801133e-05,0
0.32018059492111206,6.26600012765266e-05,2.562300038844114,2.0062516486475928e-05,0
0.3191392123699188,6.245596159715205e-05,2.564325038874813,1.9932146391921004e-05,0
0.3181328773498535,6.225737888598815e-05,2.5663500389055116,1.9806119081259427e-05,0
0.3170824944972992,6.206065154401585e-05,2.568330038935528,1.967834620170421e-05,0
0.3161630630493164,6.186337122926489e-05,2.570355038966227,1.955891293840134e-05,0
0.3151995539665222,6.166619277792051e-05,2.5723800389969256,1.943715645841412e-05,0
0.3140960931777954,6.146459054434672e-05,2.574360039026942,1.930578775875217e-05,0
0.3131226599216461,6.126413063611835e-05,2.576385039057641,1.9183187542568588e-05,0
0.312059223651886,6.106799992267042e-05,2.5784100390883395,1.9056832645841966e-05,0
0.3111528158187866,6.0868718719575554e-05,2.5804350391190383,1.8939473224877622e-05,0
0.3100670576095581,6.066680361982435e-05,2.582415039149055,1.8810777292975825e-05,0
0.30905452370643616,6.047260467312299e-05,2.5844400391797535,1.868933203453963e-05,0
0.3080410361289978,6.0275779105722904e-05,2.5864650392104522,1.856741344920948e-05,0
0.3070806562900543,6.00762250542175e-05,2.5884450392404688,1.8448246617078115e-05,0
0.3060712218284607,5.9877216699533165e-05,2.5904700392711675,1.8326692874913626e-05,0
0.3049863874912262,5.968179175397381e-05,2.592495039301866,1.8202134066048125e-05,0
0.3040197789669037,5.947541649220511e-05,2.5944750393318827,1.8081702975924737e-05,0
0.3030664920806885,5.928393147769384e-05,2.5965000393625814,1.796697314969658e-05,0
0.30200308561325073,5.908079765504226e-05,2.59852503939328,1.784258319231487e-05,0
0.3009961247444153,5.888374289497733e-05,2.6005050394232967,1.7723778421834674e-05,0
0.30001184344291687,5.868888911209069e-05,2.6025300394539954,1.760736181213526e-05,0
0.2989055812358856,5.849031003890559e-05,2.604555039484694,1.748308011884623e-05,0
0.2979575991630554,5.829279689351097e-05,2.6065350395147107,1.7368781810890143e-05,0
0.29702138900756836,5.808614514535293e-05,2.6085600395454094,1.725282751316795e-05,0
0.2959437072277069,5.789036731584929e-05,2.610585039576108,1.7132289916226115e-05,0
0.29497864842414856,5.7696008298080415e-05,2.6125650396061246,1.701909054723622e-05,0
0.29403096437454224,5.74949590372853e-05,2.6145900396368233,1.69052982524078e-05,0
0.2929033041000366,5.730058182962239e-05,2.616615039667522,1.678352974475092e-05,0
0.29203692078590393,5.710396362701431e-05,2.6185950396975386,1.6676465702303517e-05,0
0.2909620404243469,5.689676618203521e-05,2.6206200397282373,1.6554799181871943e-05,0
0.29001277685165405,5.670378959621303e-05,2.622645039758936,1.644482347880967e-05,0
0.2889850437641144,5.6504512031096965e-05,2.6246700397896348,1.6328958882176484e-05,0
0.2880004346370697,5.630946543533355e-05,2.6266500398196513,1.6217150519557116e-05,0
0.28683680295944214,5.6105251132976264e-05,2.62867503985035,1.609305086421953e-05,0
0.28588756918907166,5.5914373660925776e-05,2.6307000398810487,1.5985224368651524e-05,0
0.28485018014907837,5.570390203502029e-05,2.6326800399110653,1.5867266529682143e-05,0
0.28396767377853394,5.5517211876576766e-05,2.634705039941764,1.57650935112615e-05,0
0.2829185426235199,5.5314780183834955e-05,2.6367300399724627,1.5649576995150944e-05,0
0.28193825483322144,5.512282223207876e-05,2.638710040002479,1.5541232301594186e-05,0
0.2809058725833893,5.4922871640883386e-05,2.640735040033178,1.5428157183067833e-05,0
0.27987098693847656,5.4720439948141575e-05,2.6427600400638767,1.5314663533994022e-05,0
0.27892208099365234,5.453004996525124e-05,2.644740040093893,1.5209635012995715e-05,0
0.2778512239456177,5.4322226787917316e-05,2.646765040124592,1.5093497200474246e-05,0
0.2768377363681793,5.413170583778992e-05,2.6487900401552906,1.498569890988192e-05,0
0.275831401348114,5.3934723837301135e-05,2.650770040185307,1.4876890457366301e-05,0
0.27495354413986206,5.372298983274959e-05,2.652795040216006,1.4771326456304275e-05,0
0.2738187611103058,5.352720836526714e-05,2.6548200402467046,1.4656753880270645e-05,0
0.272867351770401,5.333500666893087e-05,2.656800040276721,1.4553382026407844e-05,0
0.2718275189399719,5.313845394994132e-05,2.65882504030742,1.44444940975185e-05,0
0.27086400985717773,5.294162474456243e-05,2.6608500403381186,1.4339980766666163e-05,0
0.26988837122917175,5.274114300846122e-05,2.662830040368135,1.4234221183318419e-05,0
0.2688227891921997,5.25388604728505e-05,2.664855040398834,1.4123643013291484e-05,0
0.2678450345993042,5.23444869031664e-05,2.6668800404295325,1.402021090566143e-05,0
0.26688864827156067,5.214625707594678e-05,2.6689050404602312,1.3917244063420741e-05,0
0.2658817172050476,5.194115510676056e-05,2.6708850404902478,1.3810203513399226e-05,0
0.26481175422668457,5.174488978809677e-05,2.6729100405209465,1.3702655037052362e-05,0
0.263826847076416,5.155156759428792e-05,2.674935040551645,1.3600687540247722e-05,0
0.26280590891838074,5.134510138304904e-05,2.6769150405816617,1.3493796037478611e-05,0
0.26182132959365845,5.115160456625745e-05,2.6789400406123605,1.3392581118386575e-05,0
0.2607864439487457,5.0954076868947595e-05,2.680965040643059,1.3288132511343883e-05,0
0.2597748339176178,5.075232911622152e-05,2.6829450406730757,1.3184177867098723e-05,0
0.2587738037109375,5.0556216592667624e-05,2.6849700407037744,1.3082624468918613e-05,0
0.2577531933784485,5.03660376125481e-05,2.686995040734473,1.298200703245332e-05,0
0.25676611065864563,5.01657668792177e-05,2.6889750407644897,1.2880868849785032e-05,0
0.25580477714538574,4.9962574848905206e-05,2.6910000407951884,1.2780665324833851e-05,0
0.2547770142555237,4.977205389877781e-05,2.693025040825887,1.2680775285695608e-05,0
0.2537126839160919,4.956970951752737e-05,2.6950050408559036,1.2576464042632915e-05,0
0.2527572512626648,4.9368936743121594e-05,2.6970300408866024,1.2478356748951789e-05,0
0.2517651915550232,4.9168254918185994e-05,2.699055040917301,1.2378855117903308e-05,0
0.25075605511665344,4.8976940888678655e-05,2.7010350409473176,1.2281264488926582e-05,0
0.2497025579214096,4.876759339822456e-05,2.7030600409780163,1.2177392815207922e-05,0
0.24876044690608978,4.857462045038119e-05,2.705085041008715,1.2083444291530513e-05,0
0.2477184385061264,4.838058885070495e-05,2.7071100410394138,1.198476392410354e-05,0
0.24667488038539886,4.8177316784858704e-05,2.7090900410694303,1.188413385519449e-05,0
0.2456701099872589,4.798448208021e-05,2.711115041100129,1.1788352990326845e-05,0
0.24471372365951538,4.778205038746819e-05,2.7131400411308277,1.169292347440393e-05,0
0.2436065524816513,4.7578334488207474e-05,2.7151200411608443,1.1590394037491074e-05,0
0.24267253279685974,4.738138522952795e-05,2.717145041191543,1.1498160761073267e-05,0
0.2417803853750229,4.71838575322181e-05,2.7191700412222417,1.1408131257619868e-05,0
0.24074675142765045,4.699579949374311e-05,2.7211500412522582,1.1314086058863873e-05,0
0.2397463321685791,4.679300036514178e-05,2.723175041282957,1.1218450208705724e-05,0
0.23871859908103943,4.659336991608143e-05,2.7252000413136557,1.1122703992831606e-05,0
0.23770077526569366,4.63916985609103e-05,2.727180041343672,1.1027342713820743e-05,0
0.23665598034858704,4.6195862523745745e-05,2.729205041374371,1.0932527133605601e-05,0
0.23567819595336914,4.5996930566616356e-05,2.7312300414050696,1.0840473615332524e-05,0
0.2346622496843338,4.5805143599864095e-05,2.733210041435086,1.0748738044258073e-05,0
0.23373690247535706,4.560257002594881e-05,2.735235041465785,1.0659003462780837e-05,0
0.23268775641918182,4.540539157460444e-05,2.7372600414964836,1.0565278694829128e-05,0
0.23168328404426575,4.5208715164335445e-05,2.7392400415265,1.0474103596695033e-05,0
0.23068223893642426,4.500822979025543e-05,2.741265041557199,1.038259921858119e-05,0
0.22964736819267273,4.480685311136767e-05,2.7432900415878976,1.0289775894021256e-05,0
0.2286224216222763,4.461631033336744e-05,2.745270041617914,1.0200288912265453e-05,0
0.22767752408981323,4.4406886445358396e-05,2.747295041648613,1.0110449958416687e-05,0
0.22660696506500244,4.4213211367605254e-05,2.7493200416793115,1.0019021643790493e-05,0
0.22559349238872528,4.401043042889796e-05,2.7513450417100103,9.928466701986116e-06,0
0.22461572289466858,4.3821441067848355e-05,2.753325041740027,9.842984663740876e-06,0
0.22365933656692505,4.362342588137835e-05,2.7553500417707255,9.75678649140551e-06,0
0.22265301644802094,4.3422391172498465e-05,2.7573750418014242,9.6681263759427e-06,0
0.2216293066740036,4.321186133893207e-05,2.7593550418314408,9.577014868640695e-06,0
0.22069033980369568,4.302103116060607e-05,2.7613800418621395,9.494325985539534e-06,0
0.2197125405073166,4.281789733795449e-05,2.763405041892838,9.40762900330345e-06,0
0.21870994567871094,4.262603397364728e-05,2.7653850419228547,9.322737574875284e-06,0
0.21760711073875427,4.242669092491269e-05,2.7674100419535534,9.232349630376377e-06,0
0.216550812125206,4.22298617195338e-05,2.769435041984252,9.144910851300193e-06,0
0.21562671661376953,4.202924174023792e-05,2.7714150420142687,9.062627398213896e-06,0
0.21450960636138916,4.183760756859556e-05,2.7734400420449674,8.974568730641709e-06,0
0.2134961485862732,4.164148049312644e-05,2.775465042075666,8.890295706712919e-06,0
0.2125658392906189,4.144305057707243e-05,2.7774450421056827,8.809376828678968e-06,0
0.21156913042068481,4.123661346966401e-05,2.7794700421363814,8.724394453270713e-06,0
0.21061991155147552,4.103593164472841e-05,2.78149504216708,8.642984293445093e-06,0
0.2095719873905182,4.084625834366307e-05,2.7834750421970966,8.560231538548005e-06,0
0.2085787057876587,4.0644375985721126e-05,2.7855000422277953,8.477551340648707e-06,0
0.20757237076759338,4.04503480240237e-05,2.787525042258494,8.396374637720835e-06,0
0.20661601424217224,4.0250368328997865e-05,2.789550042289193,8.316370675916901e-06,0
0.20551316440105438,4.004846778116189e-05,2.7915300423192093,8.230487343120253e-06,0
0.2045605182647705,3.9852158806752414e-05,2.793555042349908,8.152178259479212e-06,0
0.20353993773460388,3.9659178582951427e-05,2.7955800423806068,8.07222673937947e-06,0
0.2026161402463913,3.944656054954976e-05,2.7975600424106233,7.99250984454534e-06,0
0.20157009363174438,3.925781857105903e-05,2.799585042441322,7.913202165146403e-06,0
0.20057088136672974,3.905678750015795e-05,2.8016100424720207,7.833654292259754e-06,0
0.19951802492141724,3.886110062012449e-05,2.8035900425020372,7.7534900419997e-06,0
0.1985296905040741,3.865892722387798e-05,2.805615042532736,7.67494485697602e-06,0
0.1974591314792633,3.846840263577178e-05,2.8076400425634347,7.595937373854099e-06,0
0.1965167224407196,3.826577085419558e-05,2.809620042593451,7.519863869934131e-06,0
0.19551071524620056,3.806914173765108e-05,2.81164504262415,7.442925129937149e-06,0
0.194525808095932,3.786986053455621e-05,2.8136700426548487,7.36666522296479e-06,0
0.19354522228240967,3.766751615330577e-05,2.815650042684865,7.290367786717822e-06,0
0.19247031211853027,3.746779475477524e-05,2.817675042715564,7.211438150844622e-06,0
0.19140689074993134,3.72741196770221e-05,2.8197000427462626,7.134523352819635e-06,0
0.190469428896904,3.708571239258163e-05,2.821680042776279,7.063694459649857e-06,0
0.18942992389202118,3.687940989038907e-05,2.823705042806978,6.986063808719055e-06,0
0.18851636350154877,3.667977944132872e-05,2.8257300428376766,6.91473863431816e-06,0
0.18741601705551147,3.648343772510998e-05,2.827710042867693,6.837580586932903e-06,0
0.18647515773773193,3.6286124668549746e-05,2.829735042898392,6.76646082125882e-06,0
0.18547597527503967,3.6084042221773416e-05,2.8317600429290906,6.692722922949134e-06,0
0.1844482421875,3.58917641278822e-05,2.8337850429597893,6.62017280239624e-06,0
0.18340188264846802,3.568454849300906e-05,2.835765042989806,6.544613375078414e-06,0
0.18244270980358124,3.549180109985173e-05,2.8377900430205045,6.475220368466674e-06,0
0.18132218718528748,3.5293574910610914e-05,2.8398150430512032,6.399508196379758e-06,0
0.18042291700839996,3.508702866383828e-05,2.8417950430812198,6.330504060687045e-06,0
0.17944514751434326,3.4892560506705195e-05,2.8438200431119185,6.2613006672788615e-06,0
0.17842453718185425,3.4696782677201554e-05,2.845845043142617,6.190757390879065e-06,0
0.17745140194892883,3.449571886449121e-05,2.8478250431726337,6.1213136737400765e-06,0
0.17633336782455444,3.4299970138818026e-05,2.8498500432033325,6.048229250859433e-06,0
0.17539840936660767,3.4101041819667444e-05,2.851875043234031,5.981268492913838e-06,0
0.17431606352329254,3.39091602654662e-05,2.8538550432640477,5.910911334856513e-06,0
0.1733143925666809,3.370983904460445e-05,2.8558800432947464,5.842400277536203e-06,0
0.17238657176494598,3.350915358169004e-05,2.857905043325445,5.776528108692607e-06,0
0.1714339256286621,3.3314197935396805e-05,2.8598850433554617,5.711183731235345e-06,0
0.17027400434017181,3.311759792268276e-05,2.8619100433861604,5.63906601242295e-06,0
0.16935330629348755,3.29162176058162e-05,2.863935043416859,5.574470282220878e-06,0
0.16840283572673798,3.2723986805649474e-05,2.8659150434468756,5.510812174355729e-06,0
0.16736921668052673,3.2514853955945e-05,2.8679400434775744,5.4419856370882405e-06,0
0.16639141738414764,3.231732262065634e-05,2.869965043508273,5.3773251169117854e-06,0
0.1653422713279724,3.212294541299343e-05,2.871990043538972,5.311280756328807e-06,0
0.16428442299365997,3.1923635106068105e-05,2.8739700435689883,5.244555973260546e-06,0
0.16322970390319824,3.172823926433921e-05,2.875995043599687,5.1789911004879174e-06,0
0.16238752007484436,3.152510544168763e-05,2.8780200436303858,5.119283692773635e-06,0
0.16132782399654388,3.132026904495433e-05,2.8800000436604023,5.052830852008794e-06,0
0.16035345196723938,3.113109778496437e-05,2.882025043691101,4.991978993348716e-06,0
0.1592971682548523,3.093076520599425e-05,2.8840500437217997,4.927183309270597e-06,0
0.15821480751037598,3.073188054258935e-05,2.8860300437518163,4.862238564477643e-06,0
0.15729165077209473,3.0536059057340026e-05,2.888055043782515,4.8030671372031875e-06,0
0.156256765127182,3.0337127100210637e-05,2.8900800438132137,4.740381343931082e-06,0
0.15529543161392212,3.01350919471588e-05,2.8920600438432302,4.679842110659254e-06,0
0.15427979826927185,2.9941016691736877e-05,2.894085043873929,4.619294015178067e-06,0
0.15324492752552032,2.973823393404018e-05,2.8961100439046277,4.557233503958957e-06,0
0.15224945545196533,2.9541222829720937e-05,2.898090043934644,4.497635089210179e-06,0
0.15127509832382202,2.9338272724999115e-05,2.900115043965343,4.438150091125347e-06,0
0.15027588605880737,2.9144946893211454e-05,2.9021400439960416,4.379782718514236e-06,0
0.14926305413246155,2.8953201763215475e-05,2.904120044026058,4.3216433220909125e-06,0
0.14821328222751617,2.8754089726135135e-05,2.906145044056757,4.26173801577499e-06,0
0.14732113480567932,2.8555510652950034e-05,2.9081700440874556,4.206830234348264e-06,0
0.14627665281295776,2.8362992452457547e-05,2.910150044117472,4.148843599704674e-06,0
0.14527280628681183,2.815309926518239e-05,2.912175044148171,4.089879735924226e-06,0
0.1442379355430603,2.7956266421824694e-05,2.9142000441788696,4.032354154175771e-06,0
0.14322446286678314,2.775698885670863e-05,2.9162250442095683,3.975479819801379e-06,0
0.1422029286623001,2.755131026788149e-05,2.918205044239585,3.917877008576448e-06,0
0.1412903070449829,2.736367969191633e-05,2.9202300442702835,3.866222705551422e-06,0
0.14024116098880768,2.7165098799741827e-05,2.9222550443009823,3.8096649940514598e-06,0
0.13922397792339325,2.6960733521264046e-05,2.924235044330999,3.753580568562954e-06,0
0.13821423053741455,2.6770741897053085e-05,2.9262600443616975,3.7000974922169177e-06,0
0.13719363510608673,2.65718117589131e-05,2.9282850443923962,3.6454834465599485e-06,0
0.13620777428150177,2.6369789338787086e-05,2.9302650444224128,3.5917703141082633e-06,0
0.1352309286594391,2.616869824123569e-05,2.9322900444531115,3.5388173649709325e-06,0
0.1341889202594757,2.597572165541351e-05,2.93431504448381,3.4856540419006196e-06,0
0.13318413496017456,2.577446139184758e-05,2.9362950445138267,3.432749344537637e-06,0
0.1321762651205063,2.5578561690053903e-05,2.9383200445445254,3.38087875134579e-06,0
0.13119134306907654,2.5373326934641227e-05,2.940345044575224,3.3287608386863574e-06,0
0.1301753968000412,2.518351720937062e-05,2.9423250446052407,3.2782743455504867e-06,0
0.12909305095672607,2.4980719899758697e-05,2.9443500446359394,3.2248373469552505e-06,0
0.12817949056625366,2.4785991627140902e-05,2.946375044666638,3.1770557799463495e-06,0
0.12717409431934357,2.4585264327470213e-05,2.9483550446966547,3.1266087244476897e-06,0
0.12611687183380127,2.438392948533874e-05,2.9503800447273534,3.0752249097069136e-06,0
0.12509627640247345,2.4182547349482775e-05,2.952405044758052,3.025146627346799e-06,0
0.12414704263210297,2.398781907686498e-05,2.954430044788751,2.9780167975867295e-06,0
0.12307802587747574,2.3788203179719858e-05,2.9564100448187673,2.9278050865322113e-06,0
0.12210583686828613,2.359135942242574e-05,2.958435044849466,2.8806426851358223e-06,0
0.12109237164258957,2.3398031771648675e-05,2.960460044880165,2.8333231589976e-06,0
0.11999481171369553,2.3193240849650465e-05,2.9624400449101813,2.783068568784199e-06,0
0.11909398436546326,2.2992817321210168e-05,2.96446504494088,2.7383062265701565e-06,0
0.11807338893413544,2.2795989934820682e-05,2.9664900449715788,2.691599785712719e-06,0
0.11698606610298157,2.2595719201490283e-05,2.9684700450015953,2.643384300149952e-06,0
0.11614637821912766,2.2401980459108017e-05,2.970495045032294,2.6019088952610668e-06,0
0.11507581919431686,2.2210055249161087e-05,2.9725200450629927,2.5558403021482494e-06,0
0.11399221420288086,2.200258313678205e-05,2.9745000450930092,2.5081231699447537e-06,0
0.11309884488582611,2.180624142056331e-05,2.976525045123708,2.4662607159671663e-06,0
0.11208537220954895,2.1611163901980035e-05,2.9785500451544067,2.4222953498350005e-06,0
0.11105794459581375,2.1410909539554268e-05,2.980530045184423,2.377851605389798e-06,0
0.11010127514600754,2.12105005630292e-05,2.982555045215122,2.3353031584746257e-06,0
0.10909494012594223,2.101437348756008e-05,2.9845800452458207,2.2925618174095546e-06,0
0.10803431272506714,2.0819599740207195e-05,2.986560045275837,2.2492311491442707e-06,0
0.10701805353164673,2.0620365830836818e-05,2.988585045306536,2.2067514143266336e-06,0
0.10606168210506439,2.041758125415072e-05,2.9906100453372346,2.1655230123320554e-06,0
0.10499577224254608,2.0229021174600348e-05,2.992590045367251,2.12396169993798e-06,0
0.10402761399745941,2.0023573597427458e-05,2.99461504539795,2.0830045850429033e-06,0
0.10295705497264862,1.9823943148367107e-05,2.9966400454286486,2.041014804501093e-06,0
0.10198640823364258,1.9626764697022736e-05,2.9986650454593473,2.001663236696205e-06,0
0.10098908096551895,1.9430133761488833e-05,3.000645045489364,1.962231351609859e-06,0
0.09998802840709686,1.922715273394715e-05,3.0026700455200626,1.9224850937494978e-06,0
0.09896742552518845,1.9034527213079855e-05,3.0046950455507613,1.8837981543676533e-06,0
0.09798778593540192,1.883517143141944e-05,3.006675045580778,1.8456167462785257e-06,0
0.0970047265291214,1.864121986727696e-05,3.0087000456114765,1.8082864353944261e-06,0
0.09596271812915802,1.8442289729136974e-05,3.0107250456421752,1.7697722509334374e-06,0
0.09510564059019089,1.8236551113659516e-05,3.0127050456721918,1.7343988758203473e-06,0
0.09400715678930283,1.8042326701106504e-05,3.0147300457028905,1.696107835034744e-06,0
0.09295086562633514,1.7838843632489443e-05,3.016755045733589,1.6581359574127305e-06,0
0.09193305671215057,1.7643416867940687e-05,3.0187350457636057,1.6220132435165052e-06,0
0.09095248579978943,1.7443784599890932e-05,3.0207600457943045,1.5865555711161656e-06,0
0.08991046994924545,1.7253611076739617e-05,3.022785045825003,1.5512802802311658e-06,0
0.08897645026445389,1.7048087102011777e-05,3.0247650458550197,1.5168782741362287e-06,0
0.08796205371618271,1.6848045561346225e-05,3.0267900458857184,1.4819886886798303e-06,0
0.08694858849048615,1.664946466917172e-05,3.028815045916417,1.4476474521067e-06,0
0.08585599064826965,1.645568227104377e-05,3.0307950459464337,1.4128189031736306e-06,0
0.08488596975803375,1.624845390324481e-05,3.0328200459771324,1.3792657666456443e-06,0
0.08393673598766327,1.605057332199067e-05,3.034845046007831,1.3472327353785622e-06,0
0.08294405788183212,1.5860718121984974e-05,3.0368250460378476,1.3155523219573453e-06,0
0.08184556663036346,1.5658668417017907e-05,3.0388500460685464,1.281592589267807e-06,0
0.08083924651145935,1.5467092453036457e-05,3.040875046099245,1.2503480996265467e-06,0
0.07984718680381775,1.5264307876350358e-05,3.042900046129944,1.2188120424339336e-06,0
0.07882566004991531,1.5064022591104731e-05,3.0448800461599603,1.187431523750666e-06,0
0.07785594463348389,1.4868899597786367e-05,3.046905046190659,1.1576322238460862e-06,0
0.07684247940778732,1.4669618394691497e-05,3.0489300462213578,1.1272498494141795e-06,0
0.07586904615163803,1.4466500942944549e-05,3.0509100462513743,1.097559627692975e-06,0
0.07486550509929657,1.4271057807491161e-05,3.052935046282073,1.0684099510590856e-06,0
0.07378780841827393,1.4078082131163683e-05,3.0549600463127717,1.0387908271910313e-06,0
0.07285284996032715,1.3882136045140214e-05,3.0569400463427883,1.0113531744254493e-06,0
0.07189647853374481,1.3671465239895042e-05,3.058965046373487,9.829302071449523e-07,0
0.07081164419651031,1.3483392649504822e-05,3.0609900464041857,9.54781202858578e-07,0
0.06976963579654694,1.3282055988383945e-05,3.0629700464342022,9.266842089388931e-07,0
0.06879185140132904,1.3082028999633621e-05,3.064995046464901,8.999369949706733e-07,0
0.06779266148805618,1.2886952390545048e-05,3.0670200464955997,8.736408010249168e-07,0
0.06686515361070633,1.2686727131949738e-05,3.069000046525616,8.48299958494935e-07,0
0.06585851311683655,1.2491893357946537e-05,3.071025046556315,8.226975225684454e-07,0
0.06483077257871628,1.2288410289329477e-05,3.0730500465870136,7.966671328214764e-07,0
0.06381916254758835,1.2090667951270007e-05,3.07503004661703,7.716163032910176e-07,0
0.06285379827022552,1.1895803254446946e-05,3.077055046647729,7.476964180173006e-07,0
0.0618189238011837,1.1697222362272441e-05,3.0790800466784276,7.231096978988221e-07,0
0.06079832464456558,1.1496891602291726e-05,3.0811050467091263,6.989917480395121e-07,0
0.05985715612769127,1.1291413102298975e-05,3.083085046739143,6.758718769665686e-07,0
0.05880707502365112,1.1099381481471937e-05,3.0851100467698416,6.527221594970442e-07,0
0.057786472141742706,1.0911308891081717e-05,3.0871350468005403,6.305260472644431e-07,0
0.056826069951057434,1.0700469829316717e-05,3.089115046830557,6.080656470299313e-07,0
0.0558023676276207,1.0512047083466314e-05,3.0911400468612555,5.865971158704452e-07,0
0.05478176102042198,1.0307163393008523e-05,3.0931650468919543,5.646445617942347e-07,0
0.053832221776247025,1.0113181815540884e-05,3.095145046921971,5.444150463577054e-07,0
0.052847616374492645,9.910703738569282e-06,3.0971700469526695,5.237570691771595e-07,0
0.051798462867736816,9.71492499957094e-06,3.0991950469833682,5.032181818531234e-07,0
0.05068197473883629,9.513101758784615e-06,3.1011750470133848,4.821427830267009e-07,0
0.04970730096101761,9.313912414654624e-06,3.1032000470440835,4.629694475197956e-07,0
0.04872952029109001,9.1177844296908e-06,3.105225047074782,4.4430526137640244e-07,0
0.047770045697689056,8.92727530299453e-06,3.1072050471047987,4.2645634917989965e-07,0
0.04673827439546585,8.726928172109183e-06,3.1092300471354974,4.078815635375602e-07,0
0.04574621841311455,8.520994015270844e-06,3.111255047166196,3.8980325331942195e-07,0
0.044671934098005295,8.327559953613672e-06,3.1132350471962127,3.72008209445018e-07,0
0.04372642561793327,8.122082363115624e-06,3.1152600472269114,3.55149630313503e-07,0
0.04276292026042938,7.925953468657099e-06,3.11728504725761,3.389369161680572e-07,0
0.04174511134624481,7.727479896857403e-06,3.1192650472876267,3.2258450872018067e-07,0
0.04074312746524811,7.535448276030365e-06,3.1212900473183254,3.070177296180893e-07,0
0.039729662239551544,7.335116606554948e-06,3.123315047349024,2.9142170526615357e-07,0
0.0386519618332386,7.138638011383591e-06,3.125340047379723,2.759223639573049e-07,0
0.03770117834210396,6.931880761840148e-06,3.1273200474097393,2.6134007284833487e-07,0
0.036667853593826294,6.740077424183255e-06,3.129345047440438,2.4714417220100544e-07,0
0.020887769758701324,3.94356038668775e-06,3.141405047623266,8.237218138666889e-08,0
0.020952004939317703,4.073021955264267e-06,3.1434300476539647,8.533797612464636e-08,0
0.021123293787240982,4.218811227474362e-06,3.1454100476839812,8.911518899085169e-08,0
0.021387366577982903,4.31210810347693e-06,3.14743504771468,9.222463673295174e-08,0
0.021651437506079674,4.36231948697241e-06,3.1494600477453787,9.445048775373668e-08,0
0.02177121676504612,4.3731047298933845e-06,3.151440047775395,9.520781101075734e-08,0
0.021872688084840775,4.349488335719798e-06,3.153465047806094,9.513500169585235e-08,0
0.021737081930041313,4.298384737921879e-06,3.1554900478367927,9.343434121504704e-08,0
0.02161482162773609,4.225057637086138e-06,3.157470047866809,9.1323867192521e-08,0
0.021394502371549606,4.12775443692226e-06,3.159495047897508,8.83112520899077e-08,0
0.021066196262836456,4.012430508737452e-06,3.1615200479282066,8.45266485880559e-08,0
0.020630836486816406,3.88456146538374e-06,3.1635450479589053,8.014175241531987e-08,0
0.02028173953294754,3.742673925444251e-06,3.165525047988922,7.590793771261462e-08,0
0.0196316447108984,3.5933849176217336e-06,3.1675500480196206,7.054405601225079e-08,0
0.019053541123867035,3.4333256735408213e-06,3.1695750480503193,6.541701191243852e-08,0
0.018367761746048927,3.266736030127504e-06,3.171555048080336,6.00026290886157e-08,0
0.017526205629110336,3.097859689660254e-06,3.1735800481110346,5.429372593111754e-08,0
0.016805360093712807,2.9203520170995034e-06,3.1756050481417333,4.9077567247757695e-08,0
0.016066517680883408,2.740629270192585e-06,3.17758504817175,4.4032368626295756e-08,0
0.015128145925700665,2.5573131097189616e-06,3.1796100482024485,3.8687405901535806e-08,0
0.014300244860351086,2.3701895770500414e-06,3.1816350482331472,3.389429131726757e-08,0
0.01339290477335453,2.1824280338478275e-06,3.1836150482631638,2.922905083202331e-08,0
0.012587346136569977,1.993172872971627e-06,3.1856400482938625,2.508875686211549e-08,0
0.011602429673075676,1.801814732971252e-06,3.187665048324561,2.090542872321058e-08,0
0.010704398155212402,1.6093422345875297e-06,3.1896450483545777,1.7227040047024158e-08,0
0.009761062450706959,1.416073928339756e-06,3.1916700483852765,1.382238604934229e-08,0
0.008818968199193478,1.221786533278646e-06,3.193695048415975,1.0774896583187222e-08,0
0.007732890546321869,1.0292461638528039e-06,3.1956750484459917,7.959047930295396e-09,0
0.006792036816477776,8.325113185492228e-07,3.1977000484766904,5.654447525720778e-09,0
0.0010324133327230811,-6.884033609821927e-08,3.211740048689535,-7.107168081693958e-11,1
0.0005685031064786017,-1.0539571348999743e-07,3.2137650487202336,-5.991779052859221e-11,1
0.0002116491086781025,-1.4529875613789045e-07,3.2157900487509323,-3.075235222862149e-11,1
-0.00011665655620163307,-1.8861253181512438e-07,3.217770048780949,2.2002888418023362e-11,1
-0.00027367231086827815,-2.341534468541795e-07,3.2197950488116476,6.408131489835586e-11,1
-0.000680485856719315,-2.8361466775095323e-07,3.2218200488423463,1.929957701626713e-10,1
-0.0009209743584506214,-3.360439961852535e-07,3.223800048872363,3.094879037978969e-10,1
-0.0012014927342534065,-3.9043209199007833e-07,3.2258250489030615,4.691013217454368e-10,1
-0.0015012499643489718,-4.486305442696903e-07,3.2278500489337603,6.735065885907324e-10,1
-0.0017476342618465424,-5.09353299094073e-07,3.229830048963777,8.901632768813714e-10,1
-0.0021293130703270435,-5.726710696762893e-07,3.2318550489944755,1.219395993659892e-09,1
-0.002400522120296955,-6.392174327629618e-07,3.2338800490251742,1.5344555870269215e-09,1
-0.002678557764738798,-7.077317718540144e-07,3.2358600490551908,1.8957004328519178e-09,1
-0.003007174003869295,-7.787684239701775e-07,3.2378850490858895,2.3418921595973795e-09,1
-0.0034211245365440845,-8.528381272299157e-07,3.239910049116588,2.9176654427665704e-09,1
-0.003750981530174613,-9.288679052588122e-07,3.2418900491466047,3.484166356597787e-09,1
-0.0041062841191887856,-1.0072908480651677e-06,3.2439150491773034,4.136222412814202e-09,1
-0.03227633610367775,-7.108179033821216e-06,3.25800004939083,2.2942597558072893e-07,1
-0.032833028584718704,-7.013709819148062e-06,3.260025049421529,2.3028133497701057e-07,1
-0.033324554562568665,-6.940396360732848e-06,3.2620050494515453,2.3128561720909478e-07,1
-0.03360383212566376,-6.90679144099704e-06,3.264030049482244,2.320946601102358e-07,1
-0.03401064872741699,-6.9065044954186305e-06,3.266055049512943,2.3489469832800938e-07,1
-0.034151215106248856,-6.937605576240458e-06,3.2680350495429593,2.369276603564994e-07,1
-0.03463157266378403,-6.992504495428875e-06,3.270060049573658,2.4216142753528155e-07,1
-0.03492419421672821,-7.071977051964495e-06,3.2720850496043568,2.4698310005905305e-07,1
-0.03534279763698578,-7.168979664129438e-06,3.2740650496343733,2.53371797532993e-07,1
-0.03573781996965408,-7.284285857167561e-06,3.276090049665072,2.6032449657095166e-07,1
-0.03633733466267586,-7.413110324705485e-06,3.2781150496957707,2.693726707601609e-07,1
-0.036899302154779434,-7.552254828624427e-06,3.2800950497257872,2.786729328713047e-07,1
-0.03745785355567932,-7.702821676502936e-06,3.282120049756486,2.8853116632395924e-07,1
-0.038150154054164886,-7.861925951146986e-06,3.2841450497871847,2.9993368619869433e-07,1
-0.0388728603720665,-8.023640475585125e-06,3.286125049817201,3.119018558830818e-07,1
-0.03959184139966965,-8.195449481718242e-06,3.2881500498479,3.2447293607919345e-07,1
-0.040398333221673965,-8.369199349544942e-06,3.2901750498785987,3.381017041215336e-07,1
-0.04120388999581337,-8.543567673768848e-06,3.292155049908615,3.5202822260175875e-07,1
-0.04198276624083519,-8.725106454221532e-06,3.294180049939314,3.6630410469398495e-07,1
-0.042910587042570114,-8.908314157451969e-06,3.2962050499700126,3.8226099005590235e-07,1
-0.043874092400074005,-9.092475920624565e-06,3.2982300500007113,3.9892412868693013e-07,1
-0.04465203359723091,-9.280216545448638e-06,3.300210050030728,4.143805409769508e-07,1
-0.045572713017463684,-9.464461982133798e-06,3.3022350500614266,4.313212097764791e-07,1
-0.046479128301143646,-9.653941560827661e-06,3.3042600500921253,4.487067884174518e-07,1
-0.04751182720065117,-9.845694876275957e-06,3.306240050122142,4.6778695363195984e-07,1
-0.0483347624540329,-1.003417401079787e-05,3.3082650501528406,4.849994172343456e-07,1
-0.04939819127321243,-1.0226965059700888e-05,3.3102900501835393,5.051935761635649e-07,1
-0.0503045991063118,-1.0419842510600574e-05,3.312270050213556,5.241660002466673e-07,1
-0.05125383287668228,-1.0613246558932588e-05,3.3142950502442545,5.439695654105541e-07,1
-0.05217451602220535,-1.0807947546709329e-05,3.3163200502749532,5.638994324429409e-07,1
-0.07991541177034378,-1.3426976693153847e-05,3.3303600504877977,1.0730223712641986e-06,1
-0.07678316533565521,-1.3245055015431717e-05,3.3323850505184964,1.0169972491297428e-06,1
-0.07460635155439377,-1.3305644642969128e-05,3.334410050549195,9.92685601891191e-07,1
-0.07326489686965942,-1.346717635897221e-05,3.3363900505792117,9.866712870656145e-07,1
-0.07270075380802155,-1.36933485919144e-05,3.3384150506099104,9.955167647881873e-07,1
-0.07233676314353943,-1.392765170749044e-05,3.340440050640609,1.0074812427104485e-06,1
-0.07242240756750107,-1.4158453268464655e-05,3.342465050671308,1.0253892731341648e-06,1
-0.07287762314081192,-1.4397629456652794e-05,3.3444450507013244,1.049265013662995e-06,1
-0.07327885925769806,-1.4621806258219294e-05,3.346470050732023,1.0714692828893803e-06,1
-0.07393546402454376,-1.4843151802779175e-05,3.348495050762722,1.0974353161252216e-06,1
-0.074679896235466,-1.5064953004184645e-05,3.3504750507927383,1.125049127144681e-06,1
-0.07557699829339981,-1.5272182281478308e-05,3.352500050823437,1.154225694223777e-06,1
-0.07639062404632568,-1.5476714906981215e-05,3.3545250508541358,1.1822759099313664e-06,1
-0.07741308957338333,-1.5681844161008485e-05,3.3565050508841523,1.2139800067119882e-06,1
-0.07831049710512161,-1.5881581930443645e-05,3.358530050914851,1.2436945757887587e-06,1
-0.07928827404975891,-1.6091016732389107e-05,3.3605550509455497,1.2758289444169237e-06,1
-0.08026544004678726,-1.6291060092044063e-05,3.3625350509755663,1.3076091071165713e-06,1
-0.08116532862186432,-1.6490979760419577e-05,3.364560051006265,1.3384957915509683e-06,1
-0.08221448212862015,-1.6688158211763948e-05,3.3665850510369637,1.3720082850606527e-06,1
-0.08311033993959427,-1.688200245553162e-05,3.3685650510669802,1.403068962940298e-06,1
-0.08419858664274216,-1.70884704857599e-05,3.370590051097679,1.438825062787197e-06,1
-0.08514069020748138,-1.728424831526354e-05,3.3726150511283777,1.471592831279035e-06,1
-0.0861712172627449,-1.7483544070273638e-05,3.374595051158394,1.506578274602325e-06,1
-0.08718188852071762,-1.768421134329401e-05,3.376620051189093,1.5417429419078684e-06,1
-0.0881311222910881,-1.788138979463838e-05,3.3786450512197916,1.57590695072589e-06,1
-0.08924450725317001,-1.8081371308653615e-05,3.3806700512504904,1.6136630729023978e-06,1
-0.0901704654097557,-1.828608765208628e-05,3.382650051280507,1.6488650341122069e-06,1
-0.0911715179681778,-1.8473978343536146e-05,3.3846750513112056,1.6843006484914332e-06,1
-0.09217070788145065,-1.8670805729925632e-05,3.3867000513419043,1.7209013808442905e-06,1
-0.0931866466999054,-1.88759331649635e-05,3.388680051371921,1.7589849149744806e-06,1
-0.09414767473936081,-1.906656689243391e-05,3.3907050514026196,1.7950729381851333e-06,1
-0.09513973444700241,-1.9263043213868514e-05,3.3927300514333183,1.8326808160085823e-06,1
-0.0962400883436203,-1.9472359781502746e-05,3.394710051463335,1.8740216256305832e-06,1
-0.09712384641170502,-1.9661954866023734e-05,3.3967350514940335,1.9096446845615653e-06,1
-0.09820868074893951,-1.986053575819824e-05,3.3987600515247323,1.9504770157797882e-06,1
-0.09923393279314041,-2.0060744645888917e-05,3.400740051554749,1.990706585970492e-06,1
-0.10019278526306152,-2.0257346477592364e-05,3.4027650515854475,2.0296399656288475e-06,1
-0.10120625793933868,-2.0456976926652715e-05,3.4047900516161462,2.0703740834979146e-06,1
-0.1021905466914177,-2.0654975742218085e-05,3.4067700516461628,2.110743262995237e-06,1
-0.10319750010967255,-2.0850635337410495e-05,3.4087950516768615,2.151733442519162e-06,1
-0.10423237085342407,-2.1044310415163636e-05,3.41082005170756,2.193498367547911e-06,1
-0.10525887459516525,-2.1247016775305383e-05,3.4128000517375767,2.2364370742732417e-06,1
-0.10625216364860535,-2.1448475308716297e-05,3.4148250517682754,2.278946908514795e-06,1
-0.10730131715536118,-2.1649857444572262e-05,3.416850051798974,2.3230582200284056e-06,1
-0.10820057988166809,-2.1841979105374776e-05,3.4188300518289907,2.3633148049648288e-06,1
-0.10914981365203857,-2.2043865101295523e-05,3.4208550518596894,2.406083767977083e-06,1
-0.11019183695316315,-2.2238242308958434e-05,3.422880051890388,2.450472770633682e-06,1
-0.11121243238449097,-2.243472044938244e-05,3.424905051921087,2.4950198310419013e-06,1
-0.11222217231988907,-2.2641233954345807e-05,3.4268850519511034,2.5408484583595186e-06,1
-0.11320367455482483,-2.2832229660707526e-05,3.428910051981802,2.5846922958717533e-06,1
-0.11426710337400436,-2.3030812371871434e-05,3.430935052012501,2.631664218083932e-06,1
-0.1152234748005867,-2.3234002583194524e-05,3.4329150520425173,2.6771025111614805e-06,1
-0.1163083165884018,-2.3431472072843462e-05,3.434940052073216,2.7252750719805726e-06,1
-0.11725753545761108,-2.3626902475371026e-05,3.436965052103915,2.770432354759337e-06,1
-0.11832904070615768,-2.3824582967790775e-05,3.4389450521339313,2.8191400478029457e-06,1
-0.1192701980471611,-2.4019507691264153e-05,3.44097005216463,2.864811439332385e-06,1
-0.120247982442379,-2.4219840270234272e-05,3.4429950521953288,2.9123869275723545e-06,1
-0.12128564715385437,-2.4422104615950957e-05,3.4449750522253453,2.962050763204746e-06,1
-0.12222494930028915,-2.46226027229568e-05,3.447000052256044,3.0094963694545564e-06,1
-0.12328837811946869,-2.4820132239256054e-05,3.4490250522867427,3.0600338484886155e-06,1
-0.12418268620967865,-2.500939262972679e-05,3.4510050523167592,3.105733557232012e-06,1
-0.12533670663833618,-2.521624082874041e-05,3.453030052347458,3.160520579273472e-06,1
-0.1262359917163849,-2.5408517103642225e-05,3.4550550523781567,3.2074693546210037e-06,1
-0.1272137612104416,-2.5603259928175248e-05,3.457035052408173,3.257086994711754e-06,1
-0.12828433513641357,-2.5809878934524022e-05,3.459060052438872,3.3110031590667405e-06,1
-0.1292906552553177,-2.6009160137618892e-05,3.4610850524695707,3.3627413568332353e-06,1
-0.13028208911418915,-2.6204435926047154e-05,3.463065052499587,3.413968656504335e-06,1
-0.13133186101913452,-2.6404217351228e-05,3.465090052530286,3.4677150034904958e-06,1
-0.13239528238773346,-2.6600348064675927e-05,3.4671150525609846,3.5217605936347686e-06,1
-0.1333373785018921,-2.680032775970176e-05,3.4691400525916833,3.573485446470119e-06,1
-0.13436326384544373,-2.6995650841854513e-05,3.4711200526217,3.627223756743573e-06,1
-0.135335773229599,-2.7193635105504654e-05,3.4731450526523986,3.6802716339270404e-06,1
-0.1363278180360794,-2.738976399996318e-05,3.4751700526830973,3.7339867626381387e-06,1
-0.1373720020055771,-2.7589516321313567e-05,3.477150052713114,3.790027091424389e-06,1
-0.13834761083126068,-2.778552152449265e-05,3.4791750527438126,3.844060518614126e-06,1
-0.1393967568874359,-2.7991807655780576e-05,3.4812000527745113,3.901967206632712e-06,1
-0.14038075506687164,-2.818703796947375e-05,3.483180052804528,3.9569176732533054e-06,1
-0.14133091270923615,-2.838476575561799e-05,3.4852050528352265,4.011644851279362e-06,1
-0.1423443853855133,-2.8584396204678342e-05,3.4872300528659252,4.068828309370938e-06,1
-0.143389493227005,-2.8785290851374157e-05,3.4892100528959418,4.127508267570484e-06,1
-0.14442840218544006,-2.8982256480958313e-05,3.4912350529266405,4.185860995273424e-06,1
-0.1453704982995987,-2.9172781069064513e-05,3.493260052957339,4.240861720795008e-06,1
-0.14633120596408844,-2.9370750780799426e-05,3.4952400529873557,4.297857381825072e-06,1
-0.14736174046993256,-2.9570641345344484e-05,3.4972650530180545,4.357581175462111e-06,1
-0.14840376377105713,-2.9773422284051776e-05,3.499290053048753,4.418487927298348e-06,1
-0.149399533867836,-2.996973489644006e-05,3.5012700530787697,4.477464423670763e-06,1
-0.15048065781593323,-3.017408562300261e-05,3.5032950531094684,4.540616253543726e-06,1
-0.15142987668514252,-3.036320958926808e-05,3.505320053140167,4.597897083868002e-06,1
-0.1523933857679367,-3.0556886486010626e-05,3.507345053170866,4.656667390129669e-06,1
-0.15354028344154358,-3.077190922340378e-05,3.5093250532008824,4.724727664198866e-06,1
-0.15444886684417725,-3.096770524280146e-05,3.511350053231581,4.782926983515172e-06,1
-0.1554337739944458,-3.115997969871387e-05,3.51337505326228,4.843313242161411e-06,1
-0.15646709501743317,-3.136431405437179e-05,3.5153550532922964,4.907483107302005e-06,1
-0.1574036180973053,-3.155609010718763e-05,3.517380053322995,4.967042755875915e-06,1
-0.15853840112686157,-3.175151869072579e-05,3.519405053353694,5.033835006577328e-06,1
-0.159468412399292,-3.194904638803564e-05,3.5213850533837103,5.094863705171378e-06,1
-0.1604868322610855,-3.214972821297124e-05,3.523410053414409,5.159608038954604e-06,1
-0.16149315237998962,-3.235215990571305e-05,3.5254350534451078,5.224652289475109e-06,1
-0.16241757571697235,-3.254437615396455e-05,3.5274150534751243,5.285778678148167e-06,1
-0.16344158351421356,-3.274932169006206e-05,3.529440053505823,5.352600996040124e-06,1
-0.1644764542579651,-3.29450995195657e-05,3.5314650535365217,5.418693154153956e-06,1
-0.16546353697776794,-3.314482091809623e-05,3.5334450535665383,5.484259301602912e-06,1
-0.16650338470935822,-3.3338408684358e-05,3.535470053597237,5.550957886769469e-06,1
-0.1674669086933136,-3.353838837938383e-05,3.5374950536279357,5.616570224451162e-06,1
-0.16854676604270935,-3.3731012081261724e-05,3.5394750536579522,5.6852530016442224e-06,1
-0.1694367378950119,-3.393449878785759e-05,3.541500053688651,5.749750776716826e-06,1
-0.17052869498729706,-3.412852674955502e-05,3.5435250537193497,5.819893128440677e-06,1
-0.1714661419391632,-3.4331456845393404e-05,3.545505053749366,5.886682452430482e-06,1
-0.17251995205879211,-3.4529886761447415e-05,3.547530053780065,5.9570944086804285e-06,1
-0.17349058389663696,-3.4725315344985574e-05,3.5495550538107636,6.024515235196395e-06,1
-0.1745540201663971,-3.4923545172205195e-05,3.5515800538414624,6.0960452082711855e-06,1
-0.1755175143480301,-3.512705734465271e-05,3.553560053871479,6.165413791494158e-06,1
-0.17658808827400208,-3.532455593813211e-05,3.5555850539021776,6.237895802242797e-06,1
-0.17757299542427063,-3.5515084164217114e-05,3.5576100539328763,6.306519877785112e-06,1
-0.1786007285118103,-3.57128847099375e-05,3.559590053962893,6.378347226453128e-06,1
-0.17954283952713013,-3.59125915565528e-05,3.5616150539935916,6.447848662841527e-06,1
-0.1804920732975006,-3.6113975511398166e-05,3.5636400540242903,6.51828631506742e-06,1
-0.18164671957492828,-3.631589061114937e-05,3.565620054054307,6.596662397957221e-06,1
-0.18256181478500366,-3.650938378996216e-05,3.5676450540850055,6.6652193613776865e-06,1
-0.1836109757423401,-3.67051616194658e-05,3.5696700541157043,6.739470539730407e-06,1
-0.18460334837436676,-3.690939047373831e-05,3.571650054145721,6.8135970679090475e-06,1
-0.18563076853752136,-3.710722376126796e-05,3.5736750541764195,6.8882424650979455e-06,1
-0.1865728497505188,-3.730475509655662e-05,3.5757000542071182,6.9600544676097584e-06,1
-0.18759717047214508,-3.749631287064403e-05,3.5776800542371348,7.034202197671096e-06,1
-0.18861405551433563,-3.76963107555639e-05,3.5797050542678335,7.110054049535577e-06,1
-0.18960611522197723,-3.789944457821548e-05,3.581730054298532,7.185966455546065e-06,1
-0.19058358669281006,-3.809237023233436e-05,3.5837100543285487,7.259780544508713e-06,1
-0.19168299436569214,-3.829555134871043e-05,3.5857350543592474,7.340605953405936e-06,1
-0.192575141787529,-3.849343192996457e-05,3.587760054389946,7.412878111801523e-06,1
-0.19366711378097534,-3.868920975946821e-05,3.589785054420645,7.492827588582952e-06,1
-0.1946573108434677,-3.889089566655457e-05,3.5917650544506614,7.570397166745384e-06,1
-0.19560126960277557,-3.9089522033464164e-05,3.59379005448136,7.64596013791126e-06,1
-0.19662901759147644,-3.927864599972963e-05,3.595815054512059,7.723321575250214e-06,1
-0.19757667183876038,-3.949061283492483e-05,3.5977950545420754,7.802423852797482e-06,1
-0.19859884679317474,-3.9685262890998274e-05,3.599820054572774,7.88144744483623e-06,1
-0.19971221685409546,-3.9878937968751416e-05,3.601845054603473,7.964311107526304e-06,1
-0.20064501464366913,-4.0080820326693356e-05,3.6038250546334893,8.04201678137966e-06,1
-0.2016320824623108,-4.0277151128975675e-05,3.605850054664188,8.121165857784577e-06,1
-0.20270267128944397,-4.0475380956195295e-05,3.607875054694887,8.204467841278675e-06,1
-0.2037133425474167,-4.0673960029380396e-05,3.6098550547249033,8.285828352225103e-06,1
-0.2047153115272522,-4.0871840610634536e-05,3.611880054755602,8.367091583298247e-06,1
-0.2057073712348938,-4.107356653548777e-05,3.6139050547863008,8.449135399256694e-06,1
-0.20659546554088593,-4.127586726099253e-05,3.6158850548163173,8.527407012388563e-06,1
-0.2077057659626007,-4.147318395553157e-05,3.617910054847016,8.614219440391526e-06,1
-0.2086692452430725,-4.167141378275119e-05,3.6199350548777147,8.69554246225846e-06,1
-0.20962655544281006,-4.18554809584748e-05,3.6219150549077312,8.774020299727198e-06,1
-0.21069619059562683,-4.206086669000797e-05,3.62394005493843,8.862064384735171e-06,1
-0.21173106133937836,-4.225874727126211e-05,3.6259650549691287,8.947489410616885e-06,1
-0.21270231902599335,-4.246396565577015e-05,3.627945054999145,9.032183970022448e-06,1
-0.21373657882213593,-4.265590905561112e-05,3.629970055029844,9.117128068094487e-06,1
-0.21471437811851501,-4.28569401265122e-05,3.6319950550605427,9.202001247326499e-06,1
-0.21576350927352905,-4.306217306293547e-05,3.6340200550912414,9.29124557700299e-06,1
-0.21676860749721527,-4.326285488787107e-05,3.636000055121258,9.378028810397906e-06,1
-0.21776190400123596,-4.3457228457555175e-05,3.6380250551519566,9.46332881153391e-06,1
-0.21881103515625,-4.365300992503762e-05,3.6400500551826553,9.551760289383537e-06,1
-0.2198294848203659,-4.384868225315586e-05,3.642030055212672,9.639233229763173e-06,1
-0.22077374160289764,-4.404351784614846e-05,3.6440550552433706,9.723652228248191e-06,1
-0.2217586636543274,-4.424594953889027e-05,3.6460800552740693,9.81192264186111e-06,1
-0.22280098497867584,-4.443743091542274e-05,3.648060055304086,9.900703377878047e-06,1
-0.22375702857971191,-4.4638552935793996e-05,3.6500850553347846,9.98818996501144e-06,1
-0.2248561680316925,-4.4840286136604846e-05,3.6521100553654833,1.0082614914121591e-05,1
-0.22572781145572662,-4.503349191509187e-05,3.6540900553955,1.0165311572202847e-05,1
-0.2268259972333908,-4.5234293793328106e-05,3.6561150554261985,1.0260313798819828e-05,1
-0.2277752161026001,-4.5431122998706996e-05,3.6581400554568972,1.0348083858814291e-05,1
-0.22884824872016907,-4.563137918012217e-05,3.6601200554869138,1.0442661212056942e-05,1
-0.22978787124156952,-4.58324866485782e-05,3.6621450555176125,1.053174954068444e-05,1
-0.23082274198532104,-4.6028617362026125e-05,3.664170055548311,1.0624451669296025e-05,1
-0.23180487751960754,-4.622268534149043e-05,3.6661500555783277,1.0714643914211549e-05,1
-0.2328282594680786,-4.6427878260146827e-05,3.6681750556090265,1.0809722086105832e-05,1
-0.2337775081396103,-4.662400169763714e-05,3.670200055639725,1.089964293637057e-05,1
-0.2348623275756836,-4.6816283429507166e-05,3.672225055670424,1.099538129469696e-05,1
-0.23579666018486023,-4.702011574408971e-05,3.6742050557004404,1.1087186253961917e-05,1
-0.23677508533000946,-4.72169449494686e-05,3.676230055731139,1.1179796169432786e-05,1
-0.23786704242229462,-4.742042438010685e-05,3.678255055761838,1.127975609770609e-05,1
-0.23886500298976898,-4.761982927448116e-05,3.6802350557918544,1.1374710662021231e-05,1
-0.2398083209991455,-4.781303141498938e-05,3.682260055822553,1.1465962785508002e-05,1
-0.24084320664405823,-4.8013360355980694e-05,3.684285055853252,1.1563691669891091e-05,1
-0.24180671572685242,-4.82104042021092e-05,3.6862650558832684,1.1657599503976071e-05,1
-0.2429414987564087,-4.840807378059253e-05,3.688290055913967,1.176032999616796e-05,1
-0.24394071102142334,-4.8602447350276634e-05,3.690315055944666,1.1856115564007775e-05,1
-0.24492716789245605,-4.8799887736095116e-05,3.6922950559746823,1.1952418296671576e-05,1
-0.2458391636610031,-4.89985613967292e-05,3.694320056005381,1.204576535436422e-05,1
-0.24693113565444946,-4.920239371131174e-05,3.6963450560360798,1.2149602956051551e-05,1
-0.2478465437889099,-4.940143116982654e-05,3.6983250560660963,1.2243973973667232e-05,1
-0.24894379079341888,-4.9596401368035004e-05,3.700350056096795,1.234671616627054e-05,1
-0.24992869794368744,-4.979462755727582e-05,3.7023750561274937,1.2445106429980802e-05,1
-0.25084036588668823,-4.998944859835319e-05,3.7043550561575103,1.2539371576884709e-05,1
-0.2520127296447754,-5.0187587476102635e-05,3.706380056188209,1.2647910914138569e-05,1
-0.2528834640979767,-5.0389669922878966e-05,3.7084050562189077,1.2742714284851259e-05,1
-0.25392359495162964,-5.058185706730001e-05,3.7103850562489242,1.2843926985858312e-05,1
-0.25502458214759827,-5.0786831707227975e-05,3.712410056279623,1.2951890534736209e-05,1
-0.25589531660079956,-5.098785914015025e-05,3.7144350563103217,1.304755435746572e-05,1
-0.25695160031318665,-5.11853868374601e-05,3.7164600563410204,1.3152167060534892e-05,1
-0.2580271363258362,-5.1386588893365115e-05,3.718440056371037,1.325913437770802e-05,1
-0.2589285671710968,-5.158254862180911e-05,3.7204650564017356,1.3356195405678467e-05,1
-0.2599563002586365,-5.177833008929156e-05,3.7224900564324344,1.3460103123582668e-05,1
-0.2609390318393707,-5.198593498789705e-05,3.724470056462451,1.3565159545006326e-05,1
-0.2619975209236145,-5.217373836785555e-05,3.7264950564931496,1.3669390109695423e-05,1
-0.26306092739105225,-5.237792356638238e-05,3.7285200565238483,1.3778585148190199e-05,1
-0.2640148103237152,-5.257395969238132e-05,3.730500056553865,1.3880303996150704e-05,1
-0.26503077149391174,-5.276842784951441e-05,3.7325250565845636,1.3985257143477622e-05,1
-0.2660799026489258,-5.297015741234645e-05,3.7345500566152623,1.4094294327575418e-05,1
-0.2670310139656067,-5.3165997087489814e-05,3.736530056645279,1.4196970110764897e-05,1
-0.26802122592926025,-5.336591857485473e-05,3.7385550566759775,1.4303198919273646e-05,1
-0.268949031829834,-5.3558891522698104e-05,3.7405800567066763,1.4404612020908758e-05,1
-0.27000996470451355,-5.3755844419356436e-05,3.742560056736693,1.4514613654331753e-05,1
-0.2710544466972351,-5.3961306548444554e-05,3.7445850567673915,1.4626452089548528e-05,1
-0.27208220958709717,-5.416094063548371e-05,3.7466100567980902,1.4736228401418007e-05,1
-0.27296656370162964,-5.435336788650602e-05,3.7485900568281068,1.4836652057590057e-05,1
-0.27398067712783813,-5.4553893278352916e-05,3.7506150568588055,1.494671262036295e-05,1
-0.27510833740234375,-5.4750722483731806e-05,3.752640056889504,1.5062380234076578e-05,1
-0.275971919298172,-5.4944051953498274e-05,3.754665056920203,1.5163015471625395e-05,1
-0.2770403027534485,-5.514750228030607e-05,3.7566450569502194,1.5278080727832485e-05,1
-0.2780630886554718,-5.534646334126592e-05,3.758670056980918,1.5389808542829245e-05,1
-0.27909794449806213,-5.554644303629175e-05,3.760695057011617,1.5502898075607724e-05,1
-0.28007882833480835,-5.574977694777772e-05,3.7626750570416334,1.561433220746049e-05,1
-0.28111061453819275,-5.594185131485574e-05,3.764700057072332,1.5725848201523303e-05,1
-0.282109797000885,-5.614288238575682e-05,3.766725057103031,1.583845715289042e-05,1
-0.28315460681915283,-5.634656554320827e-05,3.7687050571330474,1.5954789611996763e-05,1
-0.28415101766586304,-5.653619155054912e-05,3.770730057163746,1.60648163640407e-05,1
-0.2851359248161316,-5.672811676049605e-05,3.772755057194445,1.6175224035581536e-05,1
-0.28609633445739746,-5.69305666431319e-05,3.7747350572244613,1.628762643518262e-05,1
-0.28715571761131287,-5.712912752642296e-05,3.77676005725516,1.6404955611358193e-05,1
-0.28801217675209045,-5.732455610996112e-05,3.778785057285859,1.651017018657725e-05,1
-0.28910505771636963,-5.7535027735866606e-05,3.7807650573158753,1.6633667514290643e-05,1
-0.29007476568222046,-5.772451913799159e-05,3.782790057346574,1.674442636307176e-05,1
-0.2911524772644043,-5.791749572381377e-05,3.7848150573772728,1.6862822356938922e-05,1
-0.2920542359352112,-5.8116474974667653e-05,3.7867950574072893,1.6973162693974383e-05,1
-0.2930937707424164,-5.831816088175401e-05,3.788820057437988,1.7092689675596165e-05,1
-0.29406440258026123,-5.8519537560641766e-05,3.7908450574686867,1.720851285204328e-05,1
-0.29509276151657104,-5.8708876167656854e-05,3.7928250574987032,1.7324564393848265e-05,1
-0.29611989855766296,-5.891879845876247e-05,3.794850057529402,1.744702862274813e-05,1
-0.2971048057079315,-5.9117031923960894e-05,3.7968750575601007,1.7563954283797987e-05,1
-0.2981468141078949,-5.9313511883374304e-05,3.7989000575907994,1.7684134601578813e-05,1
-0.2991143465042114,-5.952165156486444e-05,3.800880057620816,1.78037799106758e-05,1
-0.30012378096580505,-5.971101927570999e-05,3.8029050576515147,1.7920696870348148e-05,1
-0.30113011598587036,-5.9909601986873895e-05,3.8049300576822134,1.8040585394974665e-05,1
-0.30213800072669983,-6.010747893014923e-05,3.80691005771223,1.8160753512677522e-05,1
-0.30316418409347534,-6.029940414009616e-05,3.8089350577429286,1.828061965745498e-05,1
-0.30412769317626953,-6.0501839470816776e-05,3.8109600577736273,1.8400284871180478e-05,1
-0.3051765263080597,-6.070427116355859e-05,3.812940057803644,1.8525518605757327e-05,1
-0.30615463852882385,-6.090179886086844e-05,3.8149650578343426,1.8645368216004313e-05,1
-0.30726802349090576,-6.109617243055254e-05,3.8169900578650413,1.8772900145595448e-05,1
-0.30809590220451355,-6.129301618784666e-05,3.818970057895058,1.888412712123047e-05,1
-0.3092164397239685,-6.148738611955196e-05,3.8209950579257566,1.9012910623820815e-05,1
-0.31021562218666077,-6.168876279843971e-05,3.8230200579564553,1.9136817933443307e-05,1
-0.3112461566925049,-6.188542465679348e-05,3.825000057986472,1.9261600579710547e-05,1
-0.3122568130493164,-6.208066770341247e-05,3.8270250580171705,1.9385111449041204e-05,1
-0.31324175000190735,-6.228170241229236e-05,3.8290500580478692,1.9509229456724474e-05,1
-0.31414318084716797,-6.247892451938242e-05,3.8310300580778858,1.9627328084428908e-05,1
-0.3152615427970886,-6.268061406444758e-05,3.8330550581085845,1.9760787093426636e-05,1
-0.3161536753177643,-6.28847919870168e-05,3.835080058139283,1.9881258108288453e-05,1
-0.3171146810054779,-6.306950672296807e-05,3.8370600581692997,2.0000266505626864e-05,1
-0.31820914149284363,-6.327354640234262e-05,3.8390850581999985,2.013422087989705e-05,1
-0.31921547651290894,-6.34787866147235e-05,3.841110058230697,2.026341111768023e-05,1
-0.32014328241348267,-6.367001333273947e-05,3.843135058261396,2.038352705965342e-05,1
-0.3212330937385559,-6.387424218701199e-05,3.8451150582914124,2.0518520427939644e-05,1
-0.32219165563583374,-6.407032196875662e-05,3.847140058322111,2.0642923112234625e-05,1
-0.32319796085357666,-6.426575419027358e-05,3.84916505835281,2.077056070701362e-05,1
-0.3243311941623688,-6.446335464715958e-05,3.8511450583828264,2.090747679242555e-05,1
-0.3251892030239105,-6.466641207225621e-05,3.853170058413525,2.1028819004192782e-05,1
-0.3262597918510437,-6.485798803623766e-05,3.855195058444224,2.116055367658038e-05,1
-0.32722824811935425,-6.506014324259013e-05,3.8571750584742404,2.128951669566701e-05,1
-0.32826530933380127,-6.525935168610886e-05,3.859200058504939,2.142238126816385e-05,1
-0.32927876710891724,-6.545022188220173e-05,3.861225058535638,2.1551368368376463e-05,1
-0.33028167486190796,-6.56540141790174e-05,3.8632050585656543,2.1684317764453318e-05,1
-0.3313271105289459,-6.585018854821101e-05,3.865230058596353,2.1817952699465038e-05,1
-0.3322620689868927,-6.604807276744395e-05,3.8672550586270518,2.1945269310307772e-05,1
-0.3332606256008148,-6.624531670240685e-05,3.8692350586570683,2.2076955687368215e-05,1
-0.3342747092247009,-6.644803215749562e-05,3.871260058687767,2.2211896628000424e-05,1
-0.3353595435619354,-6.664590910077095e-05,3.8732850587184657,2.2350341656304784e-05,1
-0.3362767994403839,-6.683443643851206e-05,3.8752650587484823,2.2474870377944605e-05,1
-0.3372722864151001,-6.704271800117567e-05,3.877290058779181,2.261165078773931e-05,1
-0.33833572268486023,-6.723989645252004e-05,3.8793150588098797,2.2749658959518538e-05,1
-0.3392849564552307,-6.743077392457053e-05,3.8813400588405784,2.287824719474042e-05,1
-0.34029096364974976,-6.763917190255597e-05,3.883320058870595,2.301699898719185e-05,1
-0.3412761688232422,-6.783563731005415e-05,3.8853450589012937,2.3150686410858268e-05,1
-0.34228965640068054,-6.804017175454646e-05,3.8873700589319924,2.3289447011307e-05,1
-0.343389093875885,-6.823852163506672e-05,3.889350058962009,2.3432364111695535e-05,1
-0.34438082575798035,-6.842927541583776e-05,3.8913750589927076,2.3565730373726473e-05,1
-0.3453514575958252,-6.863065937068313e-05,3.8934000590234064,2.3701698249428e-05,1
-0.3463978171348572,-6.882836896693334e-05,3.895380059053423,2.3841996767098254e-05,1
-0.34735700488090515,-6.902536551933736e-05,3.8974050590841216,2.3976444227606728e-05,1
-0.34841328859329224,-6.922885222593322e-05,3.8994300591148203,2.4120252069576454e-05,1
-0.3494512438774109,-6.94284462952055e-05,3.901410059144837,2.4261856918335583e-05,1
-0.35038310289382935,-6.962601037230343e-05,3.9034350591755356,2.439577755636562e-05,1
-0.35146793723106384,-6.981653859838843e-05,3.9054600592062343,2.4538274805788532e-05,1
-0.3524227738380432,-7.00146410963498e-05,3.907440059236251,2.4674754024450653e-05,1
-0.35345205664634705,-7.021299097687006e-05,3.9094650592669495,2.481692606406613e-05,1
-0.3544084429740906,-7.04129779478535e-05,3.9114900592976483,2.4954953879667736e-05,1
-0.35530489683151245,-7.061325595714152e-05,3.913470059327665,2.508923562278935e-05,1
-0.3564210832118988,-7.081398507580161e-05,3.9154950593583635,2.5239597267268446e-05,1
-0.35740599036216736,-7.1012917032931e-05,3.9175200593890622,2.5380441940661127e-05,1
-0.35844770073890686,-7.12078544893302e-05,3.9195000594190788,2.5524291716251058e-05,1
-0.35944005846977234,-7.140763045754284e-05,3.9215250594497775,2.5666762866847093e-05,1
-0.36044639348983765,-7.160060340538621e-05,3.923550059480476,2.5808179269167647e-05,1
-0.3614170253276825,-7.179673411883414e-05,3.925575059511175,2.5948562073471564e-05,1
-0.3625139594078064,-7.200272375484928e-05,3.9275550595411914,2.610199247651693e-05,1
-0.36335116624832153,-7.219984399853274e-05,3.92958005957189,2.623389751981375e-05,1
-0.36449310183525085,-7.240367995109409e-05,3.931605059602589,2.639064188966105e-05,1
-0.36554503440856934,-7.260536222020164e-05,3.9335850596326054,2.654052963103025e-05,1
-0.36644870042800903,-7.279068086063489e-05,3.935610059663304,2.6674050404649607e-05,1
-0.3675406575202942,-7.298891432583332e-05,3.937635059694003,2.68263935630092e-05,1
-0.3685910105705261,-7.319009455386549e-05,3.9396150597240194,2.6977210915361642e-05,1
-0.3695390224456787,-7.339202420553192e-05,3.941640059754718,2.7121216880221857e-05,1
-0.370545357465744,-7.358429866144434e-05,3.943665059785417,2.726632025137096e-05,1
-0.37150296568870544,-7.378944428637624e-05,3.9456450598154333,2.7412997388910273e-05,1
-0.37250804901123047,-7.398110756184906e-05,3.947670059846132,2.7558558041554382e-05,1
-0.3735215365886688,-7.418388850055635e-05,3.949695059876831,2.7709280022850287e-05,1
-0.3744819164276123,-7.437929161824286e-05,3.9516750599068473,2.7853699667727827e-05,1
-0.37549135088920593,-7.458315667463467e-05,3.953700059937546,2.8005330253339867e-05,1
-0.3764762580394745,-7.477543113054708e-05,3.9557250599682448,2.8151174505316795e-05,1
-0.3774757385253906,-7.497608021367341e-05,3.9577050599982613,2.83016512503953e-05,1
-0.3785674273967743,-7.516908954130486e-05,3.95973006002896,2.8456568847409552e-05,1
-0.3795594871044159,-7.537432247772813e-05,3.9617550600596587,2.8609039180489335e-05,1
-0.3804872930049896,-7.557289791293442e-05,3.9637800600903574,2.875452735143485e-05,1
-0.38157182931900024,-7.577168435091153e-05,3.965760060120374,2.8912340208359175e-05,1
-0.38251423835754395,-7.59690155973658e-05,3.9677850601510727,2.9059230139998754e-05,1
-0.38356339931488037,-7.616198854520917e-05,3.9698100601817714,2.921295122498141e-05,1
-0.38460293412208557,-7.636737427674234e-05,3.971790060211788,2.9371116218034586e-05,1
-0.3855903148651123,-7.656475645489991e-05,3.9738150602424867,2.9522628549015495e-05,1
-0.3865966498851776,-7.676193490624428e-05,3.9758400602731854,2.9675906873458113e-05,1
-0.38758188486099243,-7.696087413933128e-05,3.977820060303202,2.9828640659471627e-05,1
-0.38855934143066406,-7.715979154454544e-05,3.9798450603339006,2.99811577874759e-05,1
-0.3895442485809326,-7.736257248325273e-05,3.9818700603645993,3.013614516627662e-05,1
-0.39060550928115845,-7.756168633932248e-05,3.983850060394616,3.0296021993276526e-05,1
-0.39158546924591064,-7.775588164804503e-05,3.9858750604253146,3.0448073401779206e-05,1
-0.3926631808280945,-7.795551209710538e-05,3.9879000604560133,3.06102593431324e-05,1
-0.3936068117618561,-7.815079879947007e-05,3.98988006048603,3.07606867521017e-05,1
-0.39459019899368286,-7.835091673769057e-05,3.9919050605167286,3.09165038268628e-05,1
-0.395682156085968,-7.854634895920753e-05,3.9939300605474273,3.107938870886007e-05,1
-0.39667510986328125,-7.873699360061437e-05,3.995910060577444,3.123300558682818e-05,1
-0.3976520001888275,-7.894175359979272e-05,3.9979350606081425,3.139134621737115e-05,1
-0.3985155522823334,-7.911179272923619e-05,3.9992850606286083,3.1527279771537044e-05,1
-0.3988795578479767,-7.904178346507251e-05,4.001265060658625,3.152815164006364e-05,1
-0.39854443073272705,-7.862991333240643e-05,4.003245060688641,3.1337514047627586e-05,1
-0.39792320132255554,-7.82976858317852e-05,4.00527006071934,3.115646580233167e-05,1
-0.3971095681190491,-7.802240725141019e-05,4.007295060750039,3.098344444721606e-05,1
-0.3963325321674347,-7.777949940646067e-05,4.009275060780055,3.082654595047804e-05,1
-0.39538952708244324,-7.754924445180222e-05,4.011300060810754,3.0662159089398866e-05,1
-0.3943546414375305,-7.733560778433457e-05,4.013325060841453,3.0497655878144753e-05,1
-0.3933982849121094,-7.71282720961608e-05,4.0153500608721515,3.034212996086416e-05,1
-0.39248228073120117,-7.692469807807356e-05,4.017330060902168,3.019158094624136e-05,1
-0.3915497958660126,-7.672165520489216e-05,4.019355060932867,3.0040348433978126e-05,1
-0.3904435336589813,-7.652517524547875e-05,4.0213800609635655,2.9878759836717526e-05,1
-0.389495849609375,-7.631438347743824e-05,4.023360060993582,2.9724135629960458e-05,1
-0.3885093927383423,-7.612101035192609e-05,4.025385061024281,2.957372750645587e-05,1
-0.38744598627090454,-7.592663314426318e-05,4.0274100610549795,2.9417469262808197e-05,1
-0.3864647448062897,-7.572124741273001e-05,4.029390061084996,2.9263592557774625e-05,1
-0.3854975402355194,-7.552317401859909e-05,4.031415061115695,2.9113997814949038e-05,1
-0.3844341039657593,-7.532739255111665e-05,4.033440061146393,2.8958418659465537e-05,1
-0.3833964467048645,-7.512664888054132e-05,4.03542006117641,2.880329023364353e-05,1
-0.3824428915977478,-7.493198063457385e-05,4.037445061207109,2.8657203347032863e-05,1
-0.38149362802505493,-7.473025470972061e-05,4.039470061237807,2.8509115992447764e-05,1
-0.38044726848602295,-7.453606667695567e-05,4.041450061267824,2.8357042970939862e-05,1
-0.37948811054229736,-7.433484279317781e-05,4.043475061298523,2.820918903904176e-05,1
-0.3785032033920288,-7.414116407744586e-05,4.045500061329221,2.8062668106527272e-05,1
-0.3775651454925537,-7.394512795144692e-05,4.047480061359238,2.7919102993453557e-05,1
-0.37639063596725464,-7.37433074391447e-05,4.049505061389937,2.7756290385348454e-05,1
-0.3755127787590027,-7.354542321991175e-05,4.051530061420635,2.761724623831594e-05,1
-0.3745042681694031,-7.335052941925824e-05,4.053510061450652,2.7470086339997576e-05,1
-0.3734501302242279,-7.314721733564511e-05,4.055535061481351,2.7316837839536567e-05,1
-0.37242239713668823,-7.294407987501472e-05,4.057560061512049,2.716600908398304e-05,1
-0.37140893936157227,-7.275530515471473e-05,4.059585061542748,2.702197072044013e-05,1
-0.370393306016922,-7.254725642269477e-05,4.0615650615727645,2.6871018148859295e-05,1
-0.3694319725036621,-7.235640077851713e-05,4.063590061603463,2.6730767862873095e-05,1
-0.368504136800766,-7.216096855700016e-05,4.065615061634162,2.659161542880456e-05,1
-0.3673696517944336,-7.195375656010583e-05,4.0675950616641785,2.643362649278752e-05,1
-0.3665057420730591,-7.176240615081042e-05,4.069620061694877,2.6301333919251033e-05,1
-0.3654137849807739,-7.156277570175007e-05,4.071645061725576,2.6150024732906653e-05,1
-0.36442047357559204,-7.135367195587605e-05,4.0736250617555925,2.6002738925517792e-05,1
-0.36340826749801636,-7.116316555766389e-05,4.075650061786291,2.5861282704985143e-05,1
-0.3624519109725952,-7.0966336352285e-05,4.07767506181699,2.572188422560965e-05,1
-0.3614490032196045,-7.076784822857007e-05,4.079655061847006,2.5578968202212907e-05,1
-0.3604106903076172,-7.057057518977672e-05,4.081680061877705,2.543438971955303e-05,1
-0.35939010977745056,-7.037549949018285e-05,4.083705061908404,2.529225848741973e-05,1
-0.35841789841651917,-7.018092583166435e-05,4.08568506193842,2.515409994551074e-05,1
-0.35743457078933716,-6.99709853506647e-05,4.087710061969119,2.5010049116521837e-05,1
-0.3564639091491699,-6.978010787861422e-05,4.089735061999818,2.4874090035261615e-05,1
-0.355349600315094,-6.958632729947567e-05,4.091715062029834,2.4727473593263993e-05,1
-0.3543870151042938,-6.938470323802903e-05,4.093740062060533,2.458903787442234e-05,1
-0.3533806800842285,-6.91847235430032e-05,4.095765062091232,2.4448544657065807e-05,1
-0.35238146781921387,-6.899069558130577e-05,4.0977900621219305,2.431104257480908e-05,1
-0.35139504075050354,-6.878451677039266e-05,4.099770062151947,2.417053807353582e-05,1
-0.35038310289382935,-6.859423592686653e-05,4.101795062182646,2.403426122468688e-05,1
-0.34936249256134033,-6.839250272605568e-05,4.1038200622133445,2.3893775224883076e-05,1
-0.3483564555644989,-6.818699330324307e-05,4.105800062243361,2.375337930271798e-05,1
-0.34737128019332886,-6.799254333600402e-05,4.10782506227406,2.3618656822228107e-05,1
-0.34632211923599243,-6.779571413062513e-05,4.1098500623047585,2.3479155392835613e-05,1
-0.34541475772857666,-6.759312964277342e-05,4.111830062334775,2.3347664499674854e-05,1
-0.3443237245082855,-6.739854870829731e-05,4.113855062365474,2.3206919317694027e-05,1
-0.34338876605033875,-6.720382225466892e-05,4.115880062396172,2.3077037597897055e-05,1
-0.34233900904655457,-6.700218364130706e-05,4.117860062426189,2.2937461151720327e-05,1
-0.3414117991924286,-6.680245860479772e-05,4.119885062456888,2.2807147582741723e-05,1
-0.3402984142303467,-6.660458166152239e-05,4.121910062487586,2.2665433519891698e-05,1
-0.33931535482406616,-6.640466017415747e-05,4.123890062517603,2.2532120828965777e-05,1
-0.3383214473724365,-6.619796477025375e-05,4.125915062548302,2.239619125418181e-05,1
-0.3372722864151001,-6.600953929591924e-05,4.127940062579,2.226318824354208e-05,1
-0.3362768292427063,-6.581518391612917e-05,4.129920062609017,2.213212136334148e-05,1
-0.3352739214897156,-6.561203190358356e-05,4.131945062639716,2.1998003233222787e-05,1
-0.3342461585998535,-6.541800394188613e-05,4.133970062670414,2.1865716520845513e-05,1
-0.3332606256008148,-6.521875184262171e-05,4.135950062700431,2.1734842039976407e-05,1
-0.33226919174194336,-6.501979078166187e-05,4.13797506273113,2.160407333025305e-05,1
-0.33122718334198,-6.482611934188753e-05,4.140000062761828,2.1472172916604457e-05,1
-0.3301280736923218,-6.462543387897313e-05,4.142025062792527,2.133466999799591e-05,1
-0.32921668887138367,-6.442023004638031e-05,4.1440050628225436,2.120821483220215e-05,1
-0.3282153606414795,-6.422827573260292e-05,4.146030062853242,2.1080706682956654e-05,1
-0.3271447718143463,-6.403775478247553e-05,4.148055062883941,2.0949616675816022e-05,1
-0.32624518871307373,-6.38281853753142e-05,4.1500350629139575,2.0823638382982436e-05,1
-0.32523202896118164,-6.363008287735283e-05,4.152060062944656,2.0694540957169605e-05,1
-0.3242328464984894,-6.343360291793942e-05,4.154085062975355,2.056725763773838e-05,1
-0.3231619894504547,-6.32324954494834e-05,4.1560650630053715,2.043433902737188e-05,1
-0.3222416043281555,-6.303224654402584e-05,4.15809006303607,2.0311612250754722e-05,1
-0.321156769990921,-6.283961556619033e-05,4.160115063066769,2.018136796270889e-05,1
-0.3201904594898224,-6.2645944126416e-05,4.1620950630967855,2.0058633635010878e-05,1
-0.3191797733306885,-6.244280666578561e-05,4.164120063127484,1.9930480877717455e-05,1
-0.3181948661804199,-6.224913522601128e-05,4.166145063158183,1.9807355253087522e-05,1
-0.3171519339084625,-6.204804958542809e-05,4.168125063188199,1.9678658921266695e-05,1
-0.3161037266254425,-6.184776430018246e-05,4.170150063218898,1.955030877873968e-05,1
-0.31511878967285156,-6.164603109937161e-05,4.172175063249597,1.942582270816895e-05,1
-0.3141283094882965,-6.144907092675567e-05,4.174155063279613,1.9302892769848187e-05,1
-0.3132203221321106,-6.125413347035646e-05,4.176180063310312,1.918603941750835e-05,1
-0.31215691566467285,-6.105800275690854e-05,4.178205063341011,1.905967781724166e-05,1
-0.3111434578895569,-6.085661880206317e-05,4.1802300633717095,1.8935138809540557e-05,1
-0.3101513683795929,-6.065456545911729e-05,4.182210063401726,1.881209647561482e-05,1
-0.3091236352920532,-6.0462611145339906e-05,4.184235063432425,1.8690422156497286e-05,1
-0.3081815540790558,-6.0263333580223843e-05,4.1862600634631235,1.8572047796737933e-05,1
-0.3071053922176361,-6.006508192513138e-05,4.18824006349314,1.8446310543201918e-05,1
-0.30606183409690857,-5.986056930851191e-05,4.190265063523839,1.832103563264827e-05,1
-0.3051411509513855,-5.967109609628096e-05,4.1922900635545375,1.82081069413499e-05,1
-0.30404454469680786,-5.946390956523828e-05,4.194270063584554,1.807967730965503e-05,1
-0.30308568477630615,-5.9270780184306204e-05,4.196295063615253,1.7964124999386363e-05,1
-0.30214357376098633,-5.9073950978927314e-05,4.1983200636459514,1.7848814664954415e-05,1
-0.30107301473617554,-5.887552833883092e-05,4.200300063675968,1.772583281115696e-05,1
-0.30008095502853394,-5.867188883712515e-05,4.202325063706667,1.7606316435572495e-05,1
-0.299074649810791,-5.847401189384982e-05,4.204350063737365,1.7488094630185164e-05,1
-0.2980344891548157,-5.8272886235499755e-05,4.206330063767382,1.736732988077386e-05,1
-0.2970762550830841,-5.807859997730702e-05,4.208355063798081,1.7253772981726864e-05,1
-0.29599857330322266,-5.788177077192813e-05,4.210380063828779,1.71329215687549e-05,1
-0.2951746881008148,-5.7687790103955194e-05,4.212360063858796,1.7027975451160246e-05,1
-0.2940358519554138,-5.749056435888633e-05,4.214385063889495,1.690428707066269e-05,1
-0.2930580973625183,-5.729443728341721e-05,4.216410063920193,1.679059877973438e-05,1
-0.29206913709640503,-5.709538527298719e-05,4.21839006395021,1.667579990886816e-05,1
-0.2910454273223877,-5.689027238986455e-05,4.220415063980909,1.6557653638195162e-05,1
-0.2899891436100006,-5.6695898820180446e-05,4.222440064011607,1.644119514506337e-05,1
-0.2890755832195282,-5.64899601158686e-05,4.224465064042306,1.6329868166542602e-05,1
-0.2879730463027954,-5.629466977552511e-05,4.226445064072323,1.621134754586787e-05,1
-0.28695589303970337,-5.609735308098607e-05,4.228470064103021,1.6097466050517912e-05,1
-0.28604233264923096,-5.590402724919841e-05,4.23049506413372,1.5990918358846883e-05,1
-0.2850164473056793,-5.5699343647575006e-05,4.2324750641637365,1.5875229043689986e-05,1
-0.28399398922920227,-5.550791684072465e-05,4.234500064194435,1.576391473740021e-05,1
-0.2831018567085266,-5.5307238653767854e-05,4.236525064225134,1.565758195230327e-05,1
-0.2820151746273041,-5.510583650902845e-05,4.2385050642551505,1.5540682106077327e-05,1
-0.28101783990859985,-5.490377589012496e-05,4.240530064285849,1.542894050346878e-05,1
-0.28004005551338196,-5.471079930430278e-05,4.242555064316548,1.532121527435845e-05,1
-0.2789915204048157,-5.451124161481857e-05,4.2445350643465645,1.5208174177272493e-05,1
-0.2780345380306244,-5.431328827398829e-05,4.246560064377263,1.5100970014182463e-05,1
-0.2770068049430847,-5.4113654186949134e-05,4.248585064407962,1.4989850450121758e-05,1
-0.27599766850471497,-5.3922489314572886e-05,4.250565064437978,1.4882481330792522e-05,1
-0.2750869393348694,-5.372070154407993e-05,4.252590064468677,1.477786336668294e-05,1
-0.2739592492580414,-5.352281732484698e-05,4.254615064499376,1.466307085249037e-05,1
-0.2730187177658081,-5.332424188964069e-05,4.256595064529392,1.4558516146543493e-05,1
-0.27201083302497864,-5.312496068654582e-05,4.258620064560091,1.445056481076657e-05,1
-0.27099737524986267,-5.291832349030301e-05,4.26064506459079,1.4340726768495267e-05,1
-0.26997271180152893,-5.2733295888174325e-05,4.262625064620806,1.4236550893162838e-05,1
-0.26899898052215576,-5.253167182672769e-05,4.264650064651505,1.41309661665142e-05,1
-0.2679569721221924,-5.23348426213488e-05,4.266675064682204,1.4023485965308086e-05,1
-0.26690781116485596,-5.213380791246891e-05,4.2687000647129025,1.3914920557606125e-05,1
-0.265943706035614,-5.193513788981363e-05,4.270680064742919,1.3811823043887676e-05,1
-0.26501649618148804,-5.173910176381469e-05,4.272705064773618,1.3711715465023616e-05,1
-0.26394593715667725,-5.153596794116311e-05,4.2747300648043165,1.3602709355506771e-05,1
-0.26289770007133484,-5.13332306582015e-05,4.276710064834333,1.3495388277272508e-05,1
-0.26194754242897034,-5.1144415920134634e-05,4.278735064865032,1.3397154059244373e-05,1
-0.2608984112739563,-5.094653170090169e-05,4.2807600648957305,1.32918691806835e-05,1
-0.26000067591667175,-5.0745577027555555e-05,4.282740064925747,1.3193884326945975e-05,1
-0.2589428424835205,-5.0546572310850024e-05,4.284765064956446,1.3088673111970317e-05,1
-0.2579507827758789,-5.034659261582419e-05,4.286790064987144,1.2986942975350135e-05,1
-0.2568504214286804,-5.0149148592026904e-05,4.288770065017161,1.2880829950151626e-05,1
-0.25590959191322327,-4.9951529945246875e-05,4.29079506504786,1.278307564372928e-05,1
-0.25493180751800537,-4.9754351493902504e-05,4.292820065078558,1.2683966758226736e-05,1
-0.2538193464279175,-4.9558573664398864e-05,4.294800065108575,1.2578924777397523e-05,1
-0.2529833912849426,-4.9360693083144724e-05,4.296825065139274,1.2487435532349163e-05,1
-0.25183430314064026,-4.915756289847195e-05,4.298850065169972,1.2379560596628876e-05,1
-0.25094467401504517,-4.897128383163363e-05,4.300830065199989,1.2289082857227553e-05,1
-0.24978595972061157,-4.876670936937444e-05,4.302855065230688,1.2181239302245335e-05,1
-0.24876537919044495,-4.856813029618934e-05,4.304880065261386,1.2082069349702478e-05,1
-0.24780187010765076,-4.836569132748991e-05,4.306905065292085,1.1985108760001386e-05,1
-0.24679647386074066,-4.816362707060762e-05,4.308885065322102,1.1886613329369674e-05,1
-0.24583202600479126,-4.797063593287021e-05,4.3109100653528,1.1792718620115723e-05,1
-0.24487565457820892,-4.776890273205936e-05,4.312935065383499,1.1697441324995828e-05,1
-0.24378027021884918,-4.7571589675499126e-05,4.3149150654135155,1.1597014985833393e-05,1
-0.24281303584575653,-4.737279596156441e-05,4.316940065444214,1.1502732403929049e-05,1
-0.24186381697654724,-4.71822677354794e-05,4.318965065474913,1.141168336811244e-05,1
-0.24080875515937805,-4.697552867582999e-05,4.3209450655049295,1.1312118583380287e-05,1
-0.23982974886894226,-4.6780558477621526e-05,4.322970065535628,1.1219369591636838e-05,1
-0.23888051509857178,-4.65823250124231e-05,4.324995065566327,1.1127609793456714e-05,1
-0.23779258131980896,-4.638202517526224e-05,4.3269750655963435,1.1029301493265973e-05,1
-0.2368464469909668,-4.6181314246496186e-05,4.329000065627042,1.0937880196655939e-05,1
-0.23575447499752045,-4.5988337660674006e-05,4.331025065657741,1.0841956401200898e-05,1
-0.23479872941970825,-4.578487278195098e-05,4.3330050656877575,1.0750229955845073e-05,1
-0.2337632179260254,-4.558767977869138e-05,4.335030065718456,1.0656722722848094e-05,1
-0.23271408677101135,-4.538664506981149e-05,4.337055065749155,1.0562111659021206e-05,1
-0.23187190294265747,-4.5192464313004166e-05,4.339035065779171,1.0478862698924413e-05,1
-0.2307370901107788,-4.4988082663621753e-05,4.34106006580987,1.0380419283467258e-05,1
-0.22969508171081543,-4.4791253458242863e-05,4.343085065840569,1.0288330623020939e-05,1
-0.22872164845466614,-4.459969204617664e-05,4.345065065870585,1.0200915085371983e-05,1
-0.2277894914150238,-4.439864642336033e-05,4.347090065901284,1.0113545088292716e-05,1
-0.22673320770263672,-4.420462209964171e-05,4.349115065931983,1.002265576393463e-05,1
-0.2257910966873169,-4.400288889883086e-05,4.3511400659626815,9.935460541877182e-06,1
-0.22475963830947876,-4.380702011985704e-05,4.353120065992698,9.846049997555128e-06,1
-0.22366425395011902,-4.359977538115345e-05,4.355145066023397,9.751711233018452e-06,1
-0.22272931039333344,-4.3408199417172e-05,4.3571700660540955,9.668278321603018e-06,1
-0.2217211127281189,-4.32105953223072e-05,4.359150066084112,9.580701276506402e-06,1
-0.22073805332183838,-4.301349326851778e-05,4.361175066114811,9.494714770664613e-06,1
-0.21978169679641724,-4.2820167436730117e-05,4.3632000661455095,9.411089056351237e-06,1
-0.21865278482437134,-4.2614534322638065e-05,4.365180066175526,9.317786603638568e-06,1
-0.21773335337638855,-4.242020077072084e-05,4.367205066206225,9.23629256470871e-06,1
-0.21669134497642517,-4.221811832394451e-05,4.3692300662369234,9.148300841989396e-06,1
-0.21562914550304413,-4.2020667024189606e-05,4.37121006626694,9.060880523893949e-06,1
-0.2146429866552353,-4.1815706936176866e-05,4.373235066297639,8.975448225881041e-06,1
-0.21367233991622925,-4.162272671237588e-05,4.375260066328337,8.893625410327094e-06,1
-0.21265019476413727,-4.14282621932216e-05,4.377240066358354,8.809728024128318e-06,1
-0.2116168588399887,-4.1220668208552524e-05,4.379265066389053,8.72298832557927e-06,1
-0.21067479252815247,-4.1030143620446324e-05,4.381290066419751,8.644016994637828e-06,1
-0.20971593260765076,-4.0838778659235686e-05,4.383270066449768,8.564542553079037e-06,1
-0.20859074592590332,-4.0628779970575124e-05,4.385295066480467,8.474787520121665e-06,1
-0.2075844258069992,-4.0430899389320984e-05,4.387320066511165,8.392825034592751e-06,1
-0.20664231479167938,-4.0232669562101364e-05,4.389345066541864,8.313771968561368e-06,1
-0.2055826187133789,-4.0031485696090385e-05,4.391325066571881,8.229777660389431e-06,1
-0.20464394986629486,-3.98327101720497e-05,4.393350066602579,8.151523143487592e-06,1
-0.20355910062789917,-3.963763083447702e-05,4.395375066633278,8.068600483686827e-06,1
-0.20264090597629547,-3.9437982195522636e-05,4.397355066663295,7.991748441977717e-06,1
-0.2016749233007431,-3.924292104784399e-05,4.399380066693993,7.914313092421054e-06,1
-0.20056867599487305,-3.905064659193158e-05,4.401405066724692,7.832336483687419e-06,1
-0.19958002865314484,-3.884228863171302e-05,4.4033850667547085,7.752145078071006e-06,1
-0.19859884679317474,-3.864928294206038e-05,4.405410066785407,7.675703021676312e-06,1
-0.19758537411689758,-3.845070386887528e-05,4.407435066816106,7.5972967089897635e-06,1
-0.19660107791423798,-3.825171006610617e-05,4.4094150668461225,7.52032743105938e-06,1
-0.19560126960277557,-3.805424421443604e-05,4.411440066876821,7.443458482117766e-06,1
-0.19460207223892212,-3.78584663849324e-05,4.41346506690752,7.367336010295419e-06,1
-0.19359232485294342,-3.765784640563652e-05,4.4154450669375365,7.290270034622233e-06,1
-0.19258227944374084,-3.745675348909572e-05,4.417470066968235,7.213506967492346e-06,1
-0.19156882166862488,-3.726342401932925e-05,4.419495066998934,7.138510230721238e-06,1
-0.1905612349510193,-3.706982533913106e-05,4.42147506702895,7.064071696043402e-06,1
-0.18955616652965546,-3.6865218135062605e-05,4.423500067059649,6.9880294279620015e-06,1
-0.18857836723327637,-3.666278280434199e-05,4.425525067090348,6.913807719471053e-06,1
-0.18747802078723907,-3.6471570638241246e-05,4.427505067120364,6.837617878259451e-06,1
-0.1864943504333496,-3.6266323149902746e-05,4.429530067151063,6.763464378447062e-06,1
-0.18550942838191986,-3.6071596696274355e-05,4.431555067181762,6.6916212839490045e-06,1
-0.18453878164291382,-3.5876517358701676e-05,4.433580067212461,6.620608802965656e-06,1
-0.18352344632148743,-3.566610757843591e-05,4.435560067242477,6.545566979667479e-06,1
-0.18257609009742737,-3.547900996636599e-05,4.437585067273176,6.477618920186761e-06,1
-0.1814698427915573,-3.527342414599843e-05,4.4396100673038745,6.401062734494257e-06,1
-0.180522158741951,-3.507333531160839e-05,4.441590067333891,6.331514204731845e-06,1
-0.1795785278081894,-3.488046786515042e-05,4.44361506736459,6.2637830684845715e-06,1
-0.1784936785697937,-3.469169314485043e-05,4.4456400673952885,6.192247925238849e-06,1
-0.17755064368247986,-3.449116411502473e-05,4.447620067425305,6.123928389980692e-06,1
-0.17648103833198547,-3.429067874094471e-05,4.449645067456004,6.051654589310463e-06,1
-0.17551752924919128,-3.4091397537849844e-05,4.4516700674867025,5.983637864495368e-06,1
-0.17451211810112,-3.38892568834126e-05,4.453650067516719,5.914085999597293e-06,1
-0.17349772155284882,-3.369529076735489e-05,4.455675067547418,5.846056175196816e-06,1
-0.17249852418899536,-3.349425969645381e-05,4.457700067578116,5.77771036644123e-06,1
-0.17142145335674286,-3.329758328618482e-05,4.459680067608133,5.707920120184991e-06,1
-0.17043590545654297,-3.309745079604909e-05,4.461705067638832,5.640993994728005e-06,1
-0.169422447681427,-3.289886808488518e-05,4.46373006766953,5.573806756889628e-06,1
-0.16842015087604523,-3.270371598773636e-05,4.465710067699547,5.50796478086189e-06,1
-0.16739553213119507,-3.250486042816192e-05,4.467735067730246,5.44116840822239e-06,1
-0.16641061007976532,-3.230348011129536e-05,4.469760067760944,5.375641833020226e-06,1
-0.16543996334075928,-3.210349677829072e-05,4.471785067791643,5.3112013301106e-06,1
-0.16439113020896912,-3.189934432157315e-05,4.47376506782166,5.243969265948472e-06,1
-0.1634344458580017,-3.170913987560198e-05,4.475790067852358,5.182365704202874e-06,1
-0.1624281108379364,-3.1515814043814316e-05,4.477815067883057,5.119054136656464e-06,1
-0.16138982772827148,-3.130620825686492e-05,4.479795067913074,5.05250355740082e-06,1
-0.16034409403800964,-3.1117255275603384e-05,4.481820067943772,4.989468106116101e-06,1
-0.1594662368297577,-3.0919021810404956e-05,4.483845067974471,4.93054005456248e-06,1
-0.15836618840694427,-3.071380342589691e-05,4.4858250680044875,4.864027980039441e-06,1
-0.15742503106594086,-3.0523264285875484e-05,4.487850068035186,4.805125828437871e-06,1
-0.15639014542102814,-3.0323284590849653e-05,4.489875068065885,4.742262886806199e-06,1
-0.15536488592624664,-3.0125785997370258e-05,4.4918550680959015,4.680489304919949e-06,1
-0.15437035262584686,-2.9925773560535163e-05,4.4938800681266,4.619652217141058e-06,1
-0.1533711552619934,-2.9729293601121753e-05,4.495905068157299,4.559616104727032e-06,1
-0.15234869718551636,-2.952497379737906e-05,4.4978850681873155,4.498091292467208e-06,1
-0.15140846371650696,-2.933353607659228e-05,4.499910068218014,4.44134563272957e-06,1
-0.15037359297275543,-2.913635762524791e-05,4.501935068248713,4.381338782247668e-06,1
-0.14937718212604523,-2.8936223316122778e-05,4.5039150682787294,4.3224115003323885e-06,1
-0.1483466625213623,-2.873394259950146e-05,4.505940068309428,4.262584485716439e-06,1
-0.14724040031433105,-2.853536352631636e-05,4.507965068340127,4.201558348729782e-06,1
-0.14629396796226501,-2.834345468727406e-05,4.509945068370143,4.146476451959982e-06,1
-0.14537763595581055,-2.813995524775237e-05,4.511970068400842,4.090920169820544e-06,1
-0.14430707693099976,-2.794347528833896e-05,4.513995068431541,4.032441238153821e-06,1
-0.1433078944683075,-2.7747348212869838e-05,4.51602006846224,3.976414049465331e-06,1
-0.14233195781707764,-2.7538717404240742e-05,4.518000068492256,3.919639563916815e-06,1
-0.14131663739681244,-2.735123962338548e-05,4.520025068522955,3.865185212211295e-06,1
-0.14028888940811157,-2.7151258109370247e-05,4.5220500685536535,3.809019846196535e-06,1
-0.13935300707817078,-2.6951795007335022e-05,4.52403006858367,3.755813680426565e-06,1
-0.13824769854545593,-2.6750945835374296e-05,4.526055068614369,3.6982566956546455e-06,1
-0.13731986284255981,-2.6558320314507e-05,4.5280800686450675,3.6469849029168713e-06,1
-0.136247456073761,-2.636815952428151e-05,4.530060068675084,3.5925946565304673e-06,1
-0.13525012135505676,-2.616746314743068e-05,4.532085068705783,3.539152566243975e-06,1
-0.13427947461605072,-2.595977821329143e-05,4.5341100687364815,3.485865379629973e-06,1
-0.1333504170179367,-2.5766983526409604e-05,4.536090068766498,3.436037998541026e-06,1
-0.132281094789505,-2.5562618247931823e-05,4.538115068797197,3.3814511275226e-06,1
-0.13125336170196533,-2.536509055062197e-05,4.5401400688278954,3.3292534046438886e-06,1
-0.1302671879529953,-2.5170924345729873e-05,4.542120068857912,3.2789455326958186e-06,1
-0.12926924228668213,-2.496372690075077e-05,4.544145068888611,3.227042061111716e-06,1
-0.1282058209180832,-2.4776352802291512e-05,4.546170068919309,3.1764726503738343e-06,1
-0.1272212117910385,-2.457888695062138e-05,4.548150068949326,3.1269557823329955e-06,1
-0.12621457874774933,-2.4376391593250446e-05,4.550175068980025,3.076655996332283e-06,1
-0.12521538138389587,-2.418096482870169e-05,4.552200069010723,3.0278287332564545e-06,1
-0.12421619147062302,-2.398133437964134e-05,4.554225069041422,2.978870023022563e-06,1
-0.12320707738399506,-2.3771955966367386e-05,4.556205069071439,2.9288732183171495e-06,1
-0.12221067398786545,-2.3580671040690504e-05,4.558230069102137,2.881809700968927e-06,1
-0.12119721621274948,-2.3379991034744307e-05,4.560255069132836,2.8335898284900503e-06,1
-0.1201685443520546,-2.317480175406672e-05,4.562235069162853,2.7848821924336394e-06,1
-0.11917027831077576,-2.298808249179274e-05,4.564260069193551,2.739496188378012e-06,1
-0.1181568130850792,-2.2789503418607637e-05,4.56628506922425,2.692735095734196e-06,1
-0.11718214303255081,-2.2583855752600357e-05,4.568265069254267,2.6464246150277105e-06,1
-0.116201251745224,-2.2389889636542648e-05,4.570290069284965,2.601733202203674e-06,1
-0.11514496803283691,-2.219656562374439e-05,4.572315069315664,2.5558228391848146e-06,1
-0.11412126570940018,-2.199620212195441e-05,4.5742950693456805,2.5102344269572314e-06,1
-0.1131608635187149,-2.1796604414703324e-05,4.576320069376379,2.4665225773436617e-06,1
-0.11208315938711166,-2.1597672457573935e-05,4.578345069407078,2.420735364452891e-06,1
-0.11115720123052597,-2.140123979188502e-05,4.5803250694370945,2.3789019181293027e-06,1
-0.11015614867210388,-2.11991118703736e-05,4.582350069467793,2.3352125189094364e-06,1
-0.1091141328215599,-2.100753590639215e-05,4.584375069498492,2.292219063143762e-06,1
-0.10821548104286194,-2.0806277461815625e-05,4.5863550695285085,2.2515613242416344e-06,1
-0.10717998445034027,-2.0604424207704142e-05,4.588380069559207,2.2083818661899446e-06,1
-0.10610942542552948,-2.0402691006893292e-05,4.590405069589906,2.1649178198760648e-06,1
-0.10516205430030823,-2.021277578023728e-05,4.592385069619922,2.125617024161268e-06,1
-0.10416099429130554,-2.000868335017003e-05,4.594410069650621,2.084124352213601e-06,1
-0.10314039885997772,-1.9821309251710773e-05,4.59643506968132,2.0443777421484156e-06,1
-0.10206270217895508,-1.9618177248048596e-05,4.598460069712019,2.0022841817615364e-06,1
-0.10111811757087708,-1.94149833987467e-05,4.600440069742035,1.9632065739510953e-06,1
-0.10011427849531174,-1.921891453093849e-05,4.602465069772734,1.9240877617279697e-06,1
-0.09917932003736496,-1.9017183149117045e-05,4.604490069803433,1.8861112937554634e-06,1
-0.09804979711771011,-1.8820019249687903e-05,4.606470069833449,1.8452990691832978e-06,1
-0.0970810204744339,-1.861582131823525e-05,4.608495069864148,1.8072429305439992e-06,1
-0.09613892436027527,-1.8428798284730874e-05,4.6105200698948465,1.7717248443465121e-06,1
-0.09513042122125626,-1.8227248801849782e-05,4.612500069924863,1.7339658562246082e-06,1
-0.09416909515857697,-1.8027085388894193e-05,4.614525069955562,1.6975943194185697e-06,1
-0.09306284040212631,-1.7838661733549088e-05,4.6165500699862605,1.6601165298967967e-06,1
-0.09206954389810562,-1.763411273714155e-05,4.618530070016277,1.6235647167563974e-06,1
-0.09103591740131378,-1.7437649148632772e-05,4.620555070046976,1.5874523875680226e-06,1
-0.09004385769367218,-1.723766945360694e-05,4.6225800700776745,1.5521462552511433e-06,1
-0.08912783116102219,-1.703805355646182e-05,4.624560070107691,1.5185647606927826e-06,1
-0.08801692724227905,-1.683490518189501e-05,4.62658507013839,1.4817566245255197e-06,1
-0.08702486753463745,-1.663422335695941e-05,4.628610070169088,1.447591084180965e-06,1
-0.08600737154483795,-1.64394350576913e-05,4.630590070199105,1.41391259899409e-06,1
-0.08501221984624863,-1.6242665878962725e-05,4.632615070229804,1.3808250825915404e-06,1
-0.08409153670072556,-1.60486397362547e-05,4.634640070260502,1.3495547773779846e-06,1
-0.08294650167226791,-1.5851050193305127e-05,4.636620070290519,1.3147891613661864e-06,1
-0.08207173645496368,-1.5648678527213633e-05,4.638645070321218,1.2843142199539265e-06,1
-0.0810297280550003,-1.5445895769516937e-05,4.640670070351916,1.2515767337698371e-06,1
-0.07999484986066818,-1.5253970559570007e-05,4.642695070382615,1.2202390846918553e-06,1
-0.07896959781646729,-1.505216187069891e-05,4.644675070412632,1.1886631691974568e-06,1
-0.07795364409685135,-1.4854358596494421e-05,4.64670007044333,1.1579513833181304e-06,1
-0.07701868563890457,-1.4656829080195166e-05,4.648725070474029,1.1288497113907063e-06,1
-0.0759236067533493,-1.4455005839408841e-05,4.650705070504046,1.0974761789686447e-06,1
-0.07498461753129959,-1.425826849299483e-05,4.652730070534744,1.0691508096057967e-06,1
-0.07399256527423859,-1.4059338354854845e-05,4.654755070565443,1.0402865109342032e-06,1
-0.07296700030565262,-1.3857118574378546e-05,4.6567350705954595,1.011112375252144e-06,1
-0.07199418544769287,-1.3666382074006833e-05,4.658760070626158,9.839000454350735e-07,1
-0.07086652517318726,-1.3468152246787213e-05,4.660785070656857,9.544411502332645e-07,1
-0.06994335353374481,-1.3262886568554677e-05,4.6627650706868735,9.276507641423754e-07,1
-0.06896091997623444,-1.3072742149233818e-05,4.664790070717572,9.015083252232603e-07,1
-0.06796887516975403,-1.2876614164269995e-05,4.666815070748271,8.752089807403539e-07,1
-0.06695695966482162,-1.2675963262154255e-05,4.6687950707782875,8.487439608568232e-07,1
-0.0659276694059372,-1.2473850802052766e-05,4.670820070808986,8.223719118967193e-07,1
-0.06495702266693115,-1.2276321285753511e-05,4.672845070839685,7.974332800252202e-07,1
-0.0638960748910904,-1.2079903171979822e-05,4.6748250708697014,7.718583977539431e-07,1
-0.06283731013536453,-1.1879161320393905e-05,4.6768500709004,7.464545440376183e-07,1
-0.06186666712164879,-1.1679530871333554e-05,4.678875070931099,7.225736485538136e-07,1
-0.06088888645172119,-1.1490406905068085e-05,4.680900070961798,6.996380813267637e-07,1
-0.05985959991812706,-1.1282477316854056e-05,4.682880070991814,6.753645782722275e-07,1
-0.058954741805791855,-1.108694323193049e-05,4.684905071022513,6.536278756539336e-07,1
-0.05799837037920952,-1.0889062650676351e-05,4.686930071053212,6.31547888696344e-07,1
-0.056843407452106476,-1.0686052519304212e-05,4.688910071083228,6.074316374094182e-07,1
-0.05585724860429764,-1.049225375027163e-05,4.690935071113927,5.860684261482966e-07,1
-0.054865192621946335,-1.029682516673347e-05,4.6929600711446255,5.649372961673365e-07,1
-0.05386444926261902,-1.0094378012581728e-05,4.694940071174642,5.437281122964055e-07,1
-0.05281684920191765,-9.893361493595876e-06,4.696965071205341,5.225361821073121e-07,1
-0.05181766301393509,-9.69968459685333e-06,4.6989900712360395,5.026149877812027e-07,1
-0.05080357566475868,-9.498317922407296e-06,4.700970071266056,4.825485132589525e-07,1
-0.04985496401786804,-9.301474165113177e-06,4.702995071296755,4.6372465981484663e-07,1
-0.04886291176080704,-9.10604649106972e-06,4.7050200713274535,4.4494794618294624e-07,1
-0.04783206433057785,-8.910297765396535e-06,4.70700007135747,4.2619793591905115e-07,1
-0.046778883785009384,-8.703982530278154e-06,4.709025071388169,4.071625872506337e-07,1
-0.0458296500146389,-8.514858564012684e-06,4.7110500714188674,3.9023298791285207e-07,1
-0.044860560446977615,-8.31496981845703e-06,4.713030071448884,3.7301420615568607e-07,1
-0.04372420907020569,-8.107192115858197e-06,4.715055071479583,3.5448056304610703e-07,1
-0.04280352592468262,-7.918068149592727e-06,4.717080071510281,3.3892123531449603e-07,1
-0.041777338832616806,-7.710869795118924e-06,4.719060071540298,3.2213962012487383e-07,1
-0.040769461542367935,-7.514604476455133e-06,4.721085071570997,3.063663782089435e-07,1
-0.039741721004247665,-7.318825737456791e-06,4.723110071601695,2.9086273053671496e-07,1
-0.03868543356657028,-7.119545898603974e-06,4.725135071632394,2.7542271988459195e-07,1
-0.03777064383029938,-6.919655788806267e-06,4.727115071662411,2.613598542272708e-07,1
-0.03671560063958168,-6.720985311403638e-06,4.729140071693109,2.467650125979905e-07,1
-0.02082132361829281,-3.967295924667269e-06,4.741200071875937,8.260435233703141e-08,1
-0.02104257419705391,-4.0974264265969396e-06,4.743225071906636,8.622039959863556e-08,1
-0.021125737577676773,-4.245176114636706e-06,4.7452050719366525,8.968247656883654e-08,1
-0.021470798179507256,-4.33985542258597e-06,4.747230071967351,9.318015990658353e-08,1
-0.02167777344584465,-4.391022230265662e-06,4.74925507199805,9.518758510336652e-08,1
-0.021863028407096863,-4.40136318502482e-06,4.7512350720280665,9.622712834414797e-08,1
-0.02180624008178711,-4.377808636490954e-06,4.753260072058765,9.546354615944282e-08,1
-0.021749144420027733,-4.326291673351079e-06,4.755285072089464,9.409314240687607e-08,1
-0.021736420691013336,-4.251355676387902e-06,4.7572650721194805,9.2409255489095e-08,1
-0.021442249417304993,-4.154992893745657e-06,4.759290072150179,8.90923939548242e-08,1
-0.02110680751502514,-4.04122874897439e-06,4.761315072180878,8.52974373287883e-08,1
-0.020721405744552612,-3.9129454307840206e-06,4.763340072211577,8.10817299275689e-08,1
-0.020202260464429855,-3.770899184019072e-06,4.765320072241593,7.61806875006593e-08,1
-0.01968652755022049,-3.623361180871143e-06,4.767345072272292,7.13313997116192e-08,1
-0.019022779539227486,-3.464097744654282e-06,4.769370072302991,6.589676769889355e-08,1
-0.01839999109506607,-3.2963901048788102e-06,4.771350072333007,6.065354857563402e-08,1
-0.017673872411251068,-3.125416469629272e-06,4.773375072363706,5.52382119162505e-08,1
-0.016903067007660866,-2.9476539111783495e-06,4.775400072394405,4.982439157604127e-08,1
-0.016135985031723976,-2.7697185487340903e-06,4.777380072424421,4.4692137044461535e-08,1
-0.015190168283879757,-2.5870028821373126e-06,4.77940507245512,3.9297009130547726e-08,1
-0.014426501467823982,-2.3989564397197682e-06,4.7814300724858185,3.460854859886303e-08,1
-0.01352940034121275,-2.2129793251224328e-06,4.783410072515835,2.99402832364082e-08,1
-0.012577997520565987,-2.022608214247157e-06,4.785435072546534,2.5440361103877137e-08,1
-0.011628765612840652,-1.8309955294171232e-06,4.7874600725772325,2.1292217849750807e-08,1
-0.01077386736869812,-1.6389300299124443e-06,4.789440072607249,1.7657614768853118e-08,1
-0.009758850559592247,-1.4458913710768684e-06,4.791465072637948,1.4110237815743098e-08,1
-0.008795345202088356,-1.2508717190939933e-06,4.7934900726686465,1.1001848572961368e-08,1
-0.007988544180989265,-1.0581029528111685e-06,4.795470072698663,8.45270218656722e-09,1
-0.006861196830868721,-8.599408829468302e-07,4.797495072729362,5.9002236608092414e-09,1
-0.0009374207584187388,6.285103637537759e-08,4.811580072942888,-5.89178661864102e-11,1
-0.0006519375601783395,9.864558592198591e-08,4.813605072973587,-6.431076260834225e-11,1
-0.00020602521544788033,1.379108880428248e-07,4.815585073003604,-2.8413120421631484e-11,1
0.00013314123498275876,1.7955930786683894e-07,4.817610073034302,2.3906748002040326e-11,1
0.00032584238215349615,2.2513499686738214e-07,4.819635073065001,7.335852368538769e-11,1
0.0006206348189152777,2.734742849952454e-07,4.821615073095018,1.6972766334600918e-10,1
0.0010110021103173494,3.2494216384293395e-07,4.823640073125716,3.2851721337629214e-10,1
0.0012037032283842564,3.7978230693624937e-07,4.825665073156415,4.571451889423839e-10,1
0.001402610563673079,4.370831163669209e-07,4.8276450731864315,6.130573962193929e-10,1
0.0017960809636861086,4.968303528585238e-07,4.82967007321713,8.923475389506469e-10,1
0.002102975267916918,5.600891768153815e-07,4.831695073247829,1.1778536866706929e-09,1
0.002400560537353158,6.248121735552559e-07,4.8336750732778455,1.4998994470945996e-09,1
0.0027024901937693357,6.935074452485424e-07,4.835700073308544,1.8741970700902102e-09,1
0.003137851832434535,7.647780648767366e-07,4.837725073339243,2.3997602522792057e-09,1
0.003398510394617915,8.373961577490263e-07,4.8397050733692595,2.8458995465231694e-09,1
0.0037373665254563093,9.136076641880209e-07,4.841730073399958,3.414486701536638e-09,1
0.004094220697879791,9.923026027536253e-07,4.843755073430657,4.062705854753881e-09,1
0.032310664653778076,7.158041626098566e-06,4.857840073644184,2.3128108255865507e-07,1
0.03291250765323639,7.056497906887671e-06,4.8598200736742,2.3224704136548703e-07,1
0.03349185734987259,6.972908522584476e-06,4.861845073704899,2.3353565755211008e-07,1
0.03381302207708359,6.928491984581342e-06,4.8638700737355975,2.342732524355456e-07,1
0.03413388133049011,6.920079158589942e-06,4.865850073765614,2.3620916079690696e-07,1
0.03431975468993187,6.944220785953803e-06,4.867875073796313,2.383239538866604e-07,1
0.034747980535030365,6.99561041983543e-06,4.8699000738270115,2.430833346990971e-07,1
0.03496798872947693,7.068990271363873e-06,4.871880073857028,2.4718837213783397e-07,1
0.03539745509624481,7.161433131841477e-06,4.873905073887727,2.5349650770911853e-07,1
0.035839952528476715,7.274305517057655e-06,4.8759300739184255,2.6071076440898263e-07,1
0.03636065125465393,7.396947239612928e-06,4.877910073948442,2.6895781892864073e-07,1
0.03685341775417328,7.535807071690215e-06,4.879935073979141,2.777202461278527e-07,1
0.03753144294023514,7.6841815825901e-06,4.8819600740098394,2.8839842260938606e-07,1
0.03817781060934067,7.837667908461299e-06,4.883940074039856,2.9922500102814265e-07,1
0.03885180130600929,8.00391808297718e-06,4.885965074070555,3.109666350294042e-07,1
0.03963688015937805,8.173243259079754e-06,4.887990074101253,3.239618635735887e-07,1
0.04031490162014961,8.34661113913171e-06,4.890015074131952,3.364928069357398e-07,1
0.04116421565413475,8.52474659041036e-06,4.891995074161969,3.5091450704450195e-07,1
0.04197784513235092,8.70006624609232e-06,4.894020074192667,3.6521003351965703e-07,1
0.04289139062166214,8.88133126863977e-06,4.896045074223366,3.809326486836105e-07,1
0.04373355954885483,9.067265636986122e-06,4.898025074253383,3.9654380168041765e-07,1
0.044582873582839966,9.249146387446672e-06,4.900050074284081,4.123535241407159e-07,1
0.04558206722140312,9.437066182726994e-06,4.90207507431478,4.30160985113892e-07,1
0.046436965465545654,9.625334314478096e-06,4.904055074344797,4.469713171557509e-07,1
0.0473877489566803,9.815260455070529e-06,4.906080074375495,4.6512309838931385e-07,1
0.04832984134554863,1.0007828677771613e-05,4.908105074406194,4.836767722101338e-07,1
0.049229737371206284,1.0199549251410645e-05,4.910085074436211,5.021211309516297e-07,1
0.05014266073703766,1.0392073818366043e-05,4.912110074466909,5.2108623182858e-07,1
0.051270321011543274,1.0586520147626288e-05,4.914135074497608,5.427742863639703e-07,1
0.05224592983722687,1.0776921044453047e-05,4.9161150745276245,5.630502607498276e-07,1
0.07996588945388794,1.346499630017206e-05,4.930200074741151,1.0767404056365691e-06,1
0.07707799971103668,1.3286563444125932e-05,4.93222507477185,1.0241017333070091e-06,1
0.07487978041172028,1.3323337043402717e-05,4.934250074802549,9.976485521613339e-07,1
0.07350821793079376,1.3484518603945617e-05,4.936230074832565,9.912229322306772e-07,1
0.07272438704967499,1.369703204545658e-05,4.938255074863264,9.961082599055859e-07,1
0.07228901982307434,1.3932385627413169e-05,4.940280074893963,1.0071585008027866e-06,1
0.07251771539449692,1.4178521269059274e-05,4.942260074923979,1.0281939701044617e-06,1
0.07281003147363663,1.4406246918952093e-05,4.944285074954678,1.0489192915858825e-06,1
0.07324539124965668,1.4633896171289962e-05,4.946310074985377,1.0718654505729861e-06,1
0.07390293478965759,1.4856808775220998e-05,4.948290075015393,1.09796177009757e-06,1
0.07459429651498795,1.5063977116369642e-05,4.950315075046092,1.1236867757134702e-06,1
0.07545788586139679,1.528357097413391e-05,4.9523400750767905,1.1532659541207534e-06,1
0.07633823156356812,1.5494166291318834e-05,4.954320075106807,1.1827972542311285e-06,1
0.07720647007226944,1.5698593415436335e-05,4.956345075137506,1.2120329827056115e-06,1
0.07818424701690674,1.5904528481769376e-05,4.9583700751682045,1.2434835835060856e-06,1
0.07904163002967834,1.610191975487396e-05,4.960350075198221,1.2727219840323167e-06,1
0.08005416393280029,1.6304489690810442e-05,4.96237507522892,1.3052422905487915e-06,1
0.08096770942211151,1.649851765250787e-05,4.9644000752596185,1.3358471831838347e-06,1
0.08200568705797195,1.669871198828332e-05,4.966380075289635,1.3693893495823667e-06,1
0.08302319049835205,1.6893925931071863e-05,4.968405075320334,1.4025876308404288e-06,1
0.08397956192493439,1.7095308066927828e-05,4.970430075351032,1.435656482432396e-06,1
0.08500730246305466,1.7295289580943063e-05,4.972455075381731,1.4702259125933448e-06,1
0.08609430491924286,1.7501984984846786e-05,4.974435075411748,1.5068212319774093e-06,1
0.0870485007762909,1.769805203366559e-05,4.976460075442446,1.5405888961913757e-06,1
0.08809765428304672,1.7892078176373616e-05,4.978485075473145,1.5762501175874079e-06,1
0.08896154910326004,1.8092927348334342e-05,4.980465075503162,1.609574844720562e-06,1
0.08998897671699524,1.828888889576774e-05,4.98249007553386,1.645798397020956e-06,1
0.0910024493932724,1.8480815924704075e-05,4.984515075564559,1.6817995159342652e-06,1
0.09203732013702393,1.8691545847104862e-05,4.986495075594576,1.7203197889858503e-06,1
0.09303651750087738,1.8883227312471718e-05,4.988520075625274,1.7568297083298207e-06,1
0.09396433085203171,1.9083559891441837e-05,4.990545075655973,1.793173935474003e-06,1
0.09507586061954498,1.927956509462092e-05,4.99252507568599,1.8330212437416232e-06,1
0.09606977552175522,1.9481069102766924e-05,4.994550075716688,1.8715419356266197e-06,1
0.09704755246639252,1.967719799722545e-05,4.996575075747387,1.9096239050273305e-06,1
0.09799522906541824,1.9871240510838106e-05,4.9985550757774035,1.947286765673599e-06,1
0.09906734526157379,2.0073306586709805e-05,5.000580075808102,1.9886091941670036e-06,1
0.10003798454999924,2.0265933926566504e-05,5.002605075838801,2.0273631850371653e-06,1
0.10102631896734238,2.0461087842704728e-05,5.0045850758688175,2.067108386815899e-06,1
0.10209347307682037,2.066414526780136e-05,5.006610075899516,2.109674358553783e-06,1
0.10309265553951263,2.0868676074314862e-05,5.008635075930215,2.151407234095011e-06,1
0.10402761399745941,2.1059338905615732e-05,5.0106150759602315,2.1907527787150727e-06,1
0.1050981804728508,2.1257081243675202e-05,5.01264007599093,2.234080560873828e-06,1
0.10608309507369995,2.145356120308861e-05,5.014665076021629,2.27586017277669e-06,1
0.10709655284881592,2.1654943338944577e-05,5.016690076052328,2.319169783737392e-06,1
0.10807154327630997,2.1859690605197102e-05,5.018670076082344,2.362410499246305e-06,1
0.10909494012594223,2.2050702682463452e-05,5.020695076113043,2.405620088878304e-06,1
0.11007985472679138,2.2249980247579515e-05,5.022720076143742,2.4492745933275308e-06,1
0.1111324280500412,2.2451729819294997e-05,5.024700076173758,2.4951152487417657e-06,1
0.11208537220954895,2.265029434056487e-05,5.026725076204457,2.5387666718180535e-06,1
0.11320590227842331,2.2843621991341934e-05,5.028750076235156,2.5860328388370966e-06,1
0.11416350305080414,2.3047788999974728e-05,5.030730076265172,2.631216329812905e-06,1
0.1151614636182785,2.3240081645781174e-05,5.032755076295871,2.6763618169364507e-06,1
0.11612497270107269,2.3437260097125545e-05,5.0347800763265695,2.7216511889666443e-06,1
0.1171424612402916,2.3635444449610077e-05,5.036760076356586,2.7687141353355135e-06,1
0.11815902590751648,2.3838972992962226e-05,5.038785076387285,2.8167898274840094e-06,1
0.11912253499031067,2.4036851755226962e-05,5.0408100764179835,2.8633307142689342e-06,1
0.12021823972463608,2.423515798000153e-05,5.042790076448,2.913508031804251e-06,1
0.12111377716064453,2.4432962163700722e-05,5.044815076478699,2.9591683348689085e-06,1
0.12211297452449799,2.463153941789642e-05,5.0468400765093975,3.0078305454367535e-06,1
0.12325676530599594,2.4823542844387703e-05,5.048820076539414,3.05966959443403e-06,1
0.12414704263210297,2.50273005804047e-05,5.050845076570113,3.1070653521219575e-06,1
0.1251819133758545,2.5223429474863224e-05,5.0528700766008114,3.157517163564303e-06,1
0.12622393667697906,2.5420957172173075e-05,5.05489507663151,3.208733288368571e-06,1
0.12721878290176392,2.5627547074691392e-05,5.056875076661527,3.260305347599899e-06,1
0.128172367811203,2.5819868824328296e-05,5.058900076692225,3.30939372378882e-06,1
0.1292572021484375,2.601810047053732e-05,5.060925076722924,3.363026872038599e-06,1
0.13019773364067078,2.6224703105981462e-05,5.062905076752941,3.414396909798246e-06,1
0.13125558197498322,2.6416659238748252e-05,5.064930076783639,3.467333982216719e-06,1
0.13224762678146362,2.6612438887241296e-05,5.066955076814338,3.519431885704396e-06,1
0.13323625922203064,2.6811992938746698e-05,5.068935076844355,3.57232964144611e-06,1
0.13424602150917053,2.7007496100850403e-05,5.070960076875053,3.6256489024636025e-06,1
0.13528089225292206,2.7209578547626734e-05,5.072985076905752,3.6809360637489116e-06,1
0.13625246286392212,2.7416823286330327e-05,5.074965076935769,3.735609696667438e-06,1
0.13727213442325592,2.7609541575657204e-05,5.076990076966467,3.7900207025380887e-06,1
0.13829272985458374,2.7801117539638653e-05,5.079015076997166,3.844692437564778e-06,1
0.13927610218524933,2.799424692057073e-05,5.080995077027183,3.8989295947085105e-06,1
0.14030539989471436,2.8205631679156795e-05,5.083020077057881,3.957402432027118e-06,1
0.14132601022720337,2.8394406399456784e-05,5.08504507708858,4.012868169204998e-06,1
0.14226995408535004,2.859249616449233e-05,5.0870250771185965,4.067853116507871e-06,1
0.14334578812122345,2.879716885217931e-05,5.089050077149295,4.127952864775591e-06,1
0.14428788423538208,2.899364881159272e-05,5.091075077179994,4.183432243288414e-06,1
0.1453382819890976,2.9182345315348357e-05,5.0930550772100105,4.241311932545321e-06,1
0.14638619124889374,2.9391507268883288e-05,5.095080077240709,4.3025108041559994e-06,1
0.14729973673820496,2.9584834919660352e-05,5.097105077271408,4.357838395109223e-06,1
0.14832034707069397,2.9779561373288743e-05,5.099130077302107,4.416914878499218e-06,1
0.14930029213428497,2.998561831191182e-05,5.101110077332123,4.4768615737956e-06,1
0.15029016137123108,3.0179875466274098e-05,5.103135077362822,4.535738353989992e-06,1
0.1513393223285675,3.038125578314066e-05,5.105160077393521,4.59787866171138e-06,1
0.15236860513687134,3.0585331842303276e-05,5.107140077423537,4.6602443504600854e-06,1
0.153309166431427,3.077351357205771e-05,5.109165077454236,4.717861713898373e-06,1
0.1543654501438141,3.097734588664025e-05,5.111190077484935,4.78183194205185e-06,1
0.15531033277511597,3.117335290880874e-05,5.113170077514951,4.841543813983214e-06,1
0.15630672872066498,3.137590829282999e-05,5.11519507754565,4.90426558589184e-06,1
0.15732020139694214,3.156853199470788e-05,5.117220077576349,4.966367811213256e-06,1
0.1583414226770401,3.176648897351697e-05,5.119200077606365,5.029951057521184e-06,1
0.15942563116550446,3.196884790668264e-05,5.121225077637064,5.096653755156896e-06,1
0.1604248285293579,3.216637560399249e-05,5.1232500776677625,5.160285290681417e-06,1
0.16134271025657654,3.236181873944588e-05,5.125230077697779,5.221343544254266e-06,1
0.16238752007484436,3.256773925386369e-05,5.127255077728478,5.288594411879087e-06,1
0.16338671743869781,3.276351708336733e-05,5.1292800777591765,5.353123507998087e-06,1
0.16437380015850067,3.295239366707392e-05,5.131260077789193,5.416510171375852e-06,1
0.16538509726524353,3.315472349640913e-05,5.133285077819892,5.4832971702558795e-06,1
0.16631291806697845,3.3351901947753504e-05,5.1353100778505905,5.546852136014628e-06,1
0.1673906147480011,3.355223452672362e-05,5.137335077881289,5.616329163597375e-06,1
0.16837304830551147,3.375640153535642e-05,5.139315077911306,5.683668226332808e-06,1
0.16941040754318237,3.3944139431696385e-05,5.141340077942004,5.7504904948262915e-06,1
0.1704310178756714,3.4143769880756736e-05,5.143365077972703,5.8191574548900615e-06,1
0.171366885304451,3.4345517633482814e-05,5.14534507800272,5.885684381019048e-06,1
0.17246508598327637,3.4541983040980995e-05,5.147370078033418,5.957286075195661e-06,1
0.17344999313354492,3.474371260381304e-05,5.149395078064117,6.0262967125652295e-06,1
0.17444266378879547,3.49401161656715e-05,5.151375078094134,6.095046937029691e-06,1
0.17546264827251434,3.513386764097959e-05,5.153400078124832,6.164681460342275e-06,1
0.1764475703239441,3.53362993337214e-05,5.155425078155531,6.235004161674745e-06,1
0.17748120427131653,3.5532157198758796e-05,5.157405078185548,6.30629004999344e-06,1
0.17847448587417603,3.573240974219516e-05,5.159430078216246,6.37732345778368e-06,1
0.17946654558181763,3.593659494072199e-05,5.161455078246945,6.4494165539843995e-06,1
0.18047505617141724,3.612821456044912e-05,5.163435078276962,6.52024155217007e-06,1
0.1814863532781601,3.633025335147977e-05,5.16546007830766,6.593445194431717e-06,1
0.1824784129858017,3.652287705335766e-05,5.167485078338359,6.664636642372259e-06,1
0.18343167006969452,3.6719888157676905e-05,5.1694650783683755,6.735590409535073e-06,1
0.1844625174999237,3.69235422112979e-05,5.171490078399074,6.8110095513107104e-06,1
0.18546883761882782,3.712141915457323e-05,5.173515078429773,6.8848664613599874e-06,1
0.18649254739284515,3.7315217923605815e-05,5.1754950784597895,6.959010047092402e-06,1
0.18748149275779724,3.7521029298659414e-05,5.177520078490488,7.034498582721713e-06,1
0.18852350115776062,3.771575939026661e-05,5.179545078521187,7.110307009076749e-06,1
0.18952271342277527,3.791609196923673e-05,5.181570078551886,7.185960632397244e-06,1
0.1905588060617447,3.811008355114609e-05,5.183550078581902,7.262212020419734e-06,1
0.19158530235290527,3.8307996874209493e-05,5.185575078612601,7.339249163679576e-06,1
0.1925274133682251,3.8506925193360075e-05,5.1876000786433,7.413638704241356e-06,1
0.19351543486118317,3.870980071951635e-05,5.189580078673316,7.490943919626948e-06,1
0.19457575678825378,3.8908641727175564e-05,5.191605078704015,7.570678409668215e-06,1
0.19556066393852234,3.9104768802644685e-05,5.193630078734714,7.64735455020761e-06,1
0.19644226133823395,3.929891681764275e-05,5.19561007876473,7.719968087800894e-06,1
0.19755904376506805,3.9498776459367946e-05,5.197635078795429,7.803340507202912e-06,1
0.19847974181175232,3.9694205042906106e-05,5.199660078826128,7.87849556833876e-06,1
0.19958505034446716,3.98957054130733e-05,5.201640078856144,7.962586373396266e-06,1
0.20054948329925537,4.009276381111704e-05,5.203665078886843,8.040583066358607e-06,1
0.20160578191280365,4.028889088658616e-05,5.2056900789175415,8.122473349589832e-06,1
0.20257890224456787,4.0485188947059214e-05,5.207670078947558,8.201445134059168e-06,1
0.20361843705177307,4.06916587962769e-05,5.209695078978257,8.285571965141935e-06,1
0.2045748084783554,4.088953573955223e-05,5.2117200790089555,8.364968942687766e-06,1
0.20562487840652466,4.107759377802722e-05,5.213700079038972,8.446575225839461e-06,1
0.2066088765859604,4.128178989049047e-05,5.215725079069671,8.529184232731893e-06,1
0.20755809545516968,4.147617073613219e-05,5.2177500791003695,8.60871500476504e-06,1
0.20852874219417572,4.1678602428874e-05,5.219775079131068,8.691186540904213e-06,1
0.20959433913230896,4.18841555074323e-05,5.221755079161085,8.778681893695131e-06,1
0.2105770707130432,4.208066820865497e-05,5.223780079191783,8.861223845026047e-06,1
0.21161910891532898,4.227224417263642e-05,5.225805079222482,8.945614643664527e-06,1
0.2125956267118454,4.2478386603761464e-05,5.227785079252499,9.030719221734726e-06,1
0.2136317491531372,4.267220356268808e-05,5.229810079283197,9.116137487315788e-06,1
0.21465949714183807,4.286097828298807e-05,5.231835079313896,9.200516045233462e-06,1
0.21564160287380219,4.30715226684697e-05,5.233815079343913,9.288012186444111e-06,1
0.21672211587429047,4.3266540160402656e-05,5.235840079374611,9.376816130122426e-06,1
0.21761423349380493,4.3461619497975335e-05,5.23786507940531,9.45786701345131e-06,1
0.218642920255661,4.366100620245561e-05,5.239845079435327,9.546169897405423e-06,1
0.21967685222625732,4.385772626847029e-05,5.241870079466025,9.634527252458391e-06,1
0.22066891193389893,4.4057360355509445e-05,5.243895079496724,9.722089772329964e-06,1
0.22167399525642395,4.425815859576687e-05,5.245875079526741,9.810882838616084e-06,1
0.22273866832256317,4.4454522139858454e-05,5.247900079557439,9.901741062347974e-06,1
0.2237093150615692,4.465064557734877e-05,5.249925079588138,9.988765339165578e-06,1
0.22471998631954193,4.4845452066510916e-05,5.251905079618155,1.0077669374880006e-05,1
0.2257576584815979,4.50534098490607e-05,5.253930079648853,1.0171152314135705e-05,1
0.22670689225196838,4.5247441448736936e-05,5.255955079679552,1.0257906833196053e-05,1
0.22765424847602844,4.544552939478308e-05,5.2579350797095685,1.0345867840964602e-05,1
0.22877663373947144,4.565055132843554e-05,5.259960079740267,1.0443779461270439e-05,1
0.22975441813468933,4.584668204188347e-05,5.261985079770966,1.0533477755939047e-05,1
0.23072504997253418,4.60407100035809e-05,5.264010079801665,1.0622745116347157e-05,1
0.23170563578605652,4.624039866030216e-05,5.265990079831681,1.0714160970586029e-05,1
0.232630655169487,4.643856664188206e-05,5.26801507986238,1.0803034183032908e-05,1
0.2337297648191452,4.663294748752378e-05,5.270040079893079,1.0899507849082481e-05,1
0.2347516268491745,4.6838289563311264e-05,5.272020079923095,1.099536467382003e-05,1
0.23577812314033508,4.703290687757544e-05,5.274045079953794,1.1089330509428895e-05,1
0.2367059290409088,4.72304382128641e-05,5.276070079984493,1.1179724756185238e-05,1
0.23777525126934052,4.742813325719908e-05,5.278050080014509,1.1277236302466276e-05,1
0.23878996074199677,4.763145261676982e-05,5.280075080045208,1.1373912700442745e-05,1
0.23968923091888428,4.782652831636369e-05,5.282100080075907,1.1463503789669455e-05,1
0.24069462716579437,4.8022364353528246e-05,5.284080080105923,1.1558725083692415e-05,1
0.2418232262134552,4.8218433221336454e-05,5.286105080136622,1.1660337084541629e-05,1
0.2427082061767578,4.8413159674964845e-05,5.288130080167321,1.1750271140059665e-05,1
0.2437257170677185,4.86191529489588e-05,5.290110080197337,1.1849737915710064e-05,1
0.2447565644979477,4.8819427320268005e-05,5.292135080228036,1.1948875311666046e-05,1
0.24572721123695374,4.9016256525646895e-05,5.2941600802587345,1.2044628021322347e-05,1
0.2467195689678192,4.9211561417905614e-05,5.296140080288751,1.2141455221259035e-05,1
0.24774698913097382,4.941411316394806e-05,5.29816508031945,1.224219775694535e-05,1
0.24876759946346283,4.9609545385465026e-05,5.3001900803501485,1.2341247516015844e-05,1
0.2497953474521637,4.9805323214968666e-05,5.302215080380847,1.2441138017450413e-05,1
0.2508007287979126,5.001154568162747e-05,5.304195080410864,1.2542932105262267e-05,1
0.2518080174922943,5.020633398089558e-05,5.3062200804415625,1.2642357425285324e-05,1
0.25273582339286804,5.040631731390022e-05,5.308245080472261,1.2739482110530752e-05,1
0.253824383020401,5.060797411715612e-05,5.310225080502278,1.2845537806199575e-05,1
0.25482699275016785,5.080242408439517e-05,5.312250080532976,1.294582895384512e-05,1
0.2557690739631653,5.099469854030758e-05,5.314275080563675,1.3042866822685246e-05,1
0.2568405568599701,5.1196722779423e-05,5.316255080593692,1.3149394788072519e-05,1
0.2577674686908722,5.139326094649732e-05,5.31828008062439,1.3247510781948073e-05,1
0.258838027715683,5.159394277143292e-05,5.320305080655089,1.3354474389033516e-05,1
0.25981953740119934,5.179533764021471e-05,5.322285080685106,1.3457440665219514e-05,1
0.26087209582328796,5.1995302783325315e-05,5.324310080715804,1.3564123610052513e-05,1
0.26189982891082764,5.218302976572886e-05,5.326335080746503,1.3666726567693015e-05,1
0.26287296414375305,5.2385184972081333e-05,5.32831508077652,1.3770648850829808e-05,1
0.263826847076416,5.257983866613358e-05,5.330340080807218,1.387197305507265e-05,1
0.26484745740890503,5.2780869737034664e-05,5.332365080837917,1.3978879149684252e-05,1
0.26583701372146606,5.29732096765656e-05,5.334345080867934,1.4082239867659269e-05,1
0.2667887210845947,5.318048351909965e-05,5.336370080898632,1.4187953184720964e-05,1
0.26793065667152405,5.3375209972728044e-05,5.338395080929331,1.4300855057973504e-05,1
0.2689053416252136,5.357255577109754e-05,5.3403750809593475,1.4405946411362794e-05,1
0.26982200145721436,5.3776922868564725e-05,5.342400080990046,1.4510196960606375e-05,1
0.27089256048202515,5.397865243139677e-05,5.344425081020745,1.4622415368510363e-05,1
0.2719202935695648,5.4169180657481775e-05,5.346450081051444,1.4729699506805236e-05,1
0.2729567289352417,5.437838626676239e-05,5.34843008108146,1.4842946440152532e-05,1
0.27391868829727173,5.4567390179727226e-05,5.350455081112159,1.4947027941836308e-05,1
0.27487504482269287,5.4760366765549406e-05,5.352480081142858,1.5052258269187494e-05,1
0.27593567967414856,5.4969696066109464e-05,5.354460081172874,1.5168100445483285e-05,1
0.27693766355514526,5.5165233789011836e-05,5.356485081203573,1.527733095500229e-05,1
0.2778797745704651,5.536311073228717e-05,5.358510081234272,1.5384288729807655e-05,1
0.27895185351371765,5.555589450523257e-05,5.360490081264288,1.5497419745847188e-05,1
0.2798924148082733,5.575221439357847e-05,5.362515081294987,1.560462191752725e-05,1
0.2809344232082367,5.595359834842384e-05,5.364540081325686,1.5719291878439796e-05,1
0.28197550773620605,5.6152683100663126e-05,5.366520081355702,1.5833681328059762e-05,1
0.2830113172531128,5.634795525111258e-05,5.368545081386401,1.5947109040136825e-05,1
0.28398194909095764,5.655038694385439e-05,5.3705700814171,1.6059289106163614e-05,1
0.28490978479385376,5.6743258028291166e-05,5.372550081447116,1.616670943334255e-05,1
0.28599461913108826,5.695105210179463e-05,5.374575081477815,1.628769445496752e-05,1
0.2870151996612549,5.71461278013885e-05,5.3766000815085135,1.640180728078311e-05,1
0.2879483103752136,5.733384023187682e-05,5.37858008153853,1.6509182422091376e-05,1
0.2889779210090637,5.753908772021532e-05,5.380605081569229,1.662752594614597e-05,1
0.29001277685165405,5.7737313909456134e-05,5.3826300815999275,1.6744558734837003e-05,1
0.29100918769836426,5.793099262518808e-05,5.384610081629944,1.6858451106415914e-05,1
0.29202544689178467,5.8140427427133545e-05,5.386635081660643,1.6978484301888048e-05,1
0.29303178191185,5.833585964865051e-05,5.3886600816913415,1.7094260902203646e-05,1
0.2940381169319153,5.852918548043817e-05,5.39068508172204,1.7209811484226838e-05,1
0.29503822326660156,5.87328067922499e-05,5.392665081752057,1.7328422963446e-05,1
0.2960507571697235,5.8927744248649105e-05,5.394690081782755,1.7445603303116388e-05,1
0.29699283838272095,5.9121070080436766e-05,5.396715081813454,1.7558534411412675e-05,1
0.2980171740055084,5.9326670452719554e-05,5.398695081843471,1.768036667147558e-05,1
0.29896268248558044,5.952068750048056e-05,5.400720081874169,1.7794464398529627e-05,1
0.29999756813049316,5.9719262935686857e-05,5.402745081904868,1.7915633651251553e-05,1
0.3010333776473999,5.991944271954708e-05,5.404725081934885,1.8037752228615162e-05,1
0.3020102381706238,6.011992445564829e-05,5.406750081965583,1.815683270365025e-05,1
0.303002268075943,6.0319209296721965e-05,5.408775081996282,1.827685722545426e-05,1
0.30406445264816284,6.051257878425531e-05,5.410755082026299,1.8399724146363422e-05,1
0.30510056018829346,6.071006282581948e-05,5.412780082056997,1.8522674177224013e-05,1
0.30617111921310425,6.090689203119837e-05,5.414805082087696,1.8647931300983705e-05,1
0.3070657551288605,6.110315734986216e-05,5.416785082117713,1.8762687152393005e-05,1
0.3081195652484894,6.130510882940143e-05,5.418810082148411,1.8889303480026497e-05,1
0.30916157364845276,6.150403351057321e-05,5.42083508217911,1.9014683785855985e-05,1
0.31010428071022034,6.169702101033181e-05,5.422815082209127,1.9132510322372297e-05,1
0.31120991706848145,6.190224667079747e-05,5.424840082239825,1.926459305277156e-05,1
0.3121020495891571,6.209872663021088e-05,5.426865082270524,1.9381139858165586e-05,1
0.3131083846092224,6.229940481716767e-05,5.428890082301223,1.9506466004419378e-05,1
0.31410351395606995,6.249701255001128e-05,5.430870082331239,1.9630531253715146e-05,1
0.3151281774044037,6.269026198424399e-05,5.432895082361938,1.9755468000099384e-05,1
0.31612735986709595,6.288778968155384e-05,5.434920082392637,1.9880550919906814e-05,1
0.31715697050094604,6.308868614723906e-05,5.436900082422653,2.000901657134334e-05,1
0.318168580532074,6.32877490716055e-05,5.438925082453352,2.0136173287182806e-05,1
0.319189190864563,6.349053728627041e-05,5.440950082484051,2.026549322396102e-05,1
0.32017314434051514,6.368693721015006e-05,5.442930082514067,2.03908469399907e-05,1
0.32115185260772705,6.388454494299367e-05,5.444955082544766,2.0516639961444018e-05,1
0.322136789560318,6.408137414837256e-05,5.446980082575465,2.0642968138770293e-05,1
0.3231223225593567,6.427532207453623e-05,5.448960082605481,2.0768791351974836e-05,1
0.3241208791732788,6.448273779824376e-05,5.45098508263618,2.0900201666666784e-05,1
0.3252342939376831,6.467360799433663e-05,5.453010082666879,2.1034075232440573e-05,1
0.3261831998825073,6.486809434136376e-05,5.454990082696895,2.1158882582546397e-05,1
0.3271898329257965,6.507497164420784e-05,5.457015082727594,2.1291869099919307e-05,1
0.328139066696167,6.527075311169028e-05,5.4590400827582926,2.1417884008625987e-05,1
0.32923662662506104,6.546927033923566e-05,5.461020082788309,2.1554881714094115e-05,1
0.3301374316215515,6.567036325577646e-05,5.463045082819008,2.1680245058916352e-05,1
0.3311723470687866,6.586543895537034e-05,5.4650700828497065,2.1812812009565884e-05,1
0.3320740759372711,6.605839007534087e-05,5.467050082879723,2.193627884217262e-05,1
0.33317071199417114,6.626224785577506e-05,5.469075082910422,2.2076640296442816e-05,1
0.3341841697692871,6.646398105658591e-05,5.4711000829411205,2.2211210328956787e-05,1
0.33518335223197937,6.66566047584638e-05,5.473125082971819,2.2342184231344004e-05,1
0.3361924886703491,6.68609282001853e-05,5.475105083001836,2.2478141846429822e-05,1
0.33724600076675415,6.705307168886065e-05,5.4771300830325345,2.261338026619472e-05,1
0.3381880521774292,6.725724961142987e-05,5.479155083063233,2.2745598240900625e-05,1
0.3391788899898529,6.745479186065495e-05,5.48113508309325,2.287924142779351e-05,1
0.3402292728424072,6.765020953025669e-05,5.483160083123948,2.301658159611572e-05,1
0.3412998616695404,6.785088771721348e-05,5.485185083154647,2.315749859204048e-05,1
0.34218016266822815,6.805012526456267e-05,5.487165083184664,2.3285402932621355e-05,1
0.34315547347068787,6.82501558912918e-05,5.489190083215362,2.3420414559324493e-05,1
0.3442688584327698,6.845223833806813e-05,5.491215083246061,2.3565973949814592e-05,1
0.3452708423137665,6.864801252959296e-05,5.493195083276078,2.3702157109258557e-05,1
0.3463100790977478,6.884063623147085e-05,5.495220083306776,2.3840206178459954e-05,1
0.3472450375556946,6.90385204507038e-05,5.497245083337475,2.397328362669423e-05,1
0.3482721745967865,6.923383625689894e-05,5.499225083367492,2.4112218708868035e-05,1
0.34926483035087585,6.944093183847144e-05,5.50125008339819,2.4253275277970462e-05,1
0.35032111406326294,6.963951454963535e-05,5.503275083428889,2.4396192319853065e-05,1
0.3512957692146301,6.983282219152898e-05,5.505255083458906,2.4531974988201664e-05,1
0.35226237773895264,7.003456994425505e-05,5.507280083489604,2.4670544132488273e-05,1
0.3533329665660858,7.023525540716946e-05,5.509305083520303,2.4816431150541905e-05,1
0.3542822003364563,7.043172809062526e-05,5.511330083551002,2.4952707601445714e-05,1
0.3553173840045929,7.063244265737012e-05,5.513310083581018,2.5096934750871167e-05,1
0.3563234210014343,7.082048250595108e-05,5.515335083611717,2.523499660349272e-05,1
0.35728690028190613,7.102396921254694e-05,5.517360083642416,2.537593380566843e-05,1
0.3584229350090027,7.122046372387558e-05,5.519340083672432,2.552704764061369e-05,1
0.35934948921203613,7.142183312680572e-05,5.521365083703131,2.5665399252704918e-05,1
0.36033445596694946,7.162180554587394e-05,5.52339008373383,2.580780433674313e-05,1
0.36131253838539124,7.181835098890588e-05,5.525370083763846,2.5948870698454555e-05,1
0.3623042702674866,7.20158132025972e-05,5.527395083794545,2.6091636650086604e-05,1
0.3633248805999756,7.221859414130449e-05,5.529420083825244,2.623881209348755e-05,1
0.3643212616443634,7.241513958433643e-05,5.53140008385526,2.638237501551813e-05,1
0.365416020154953,7.260980783030391e-05,5.533425083885959,2.6532787001565597e-05,1
0.3663438558578491,7.280698628164828e-05,5.535450083916658,2.6672392087808555e-05,1
0.3673672676086426,7.300462311832234e-05,5.537430083946674,2.681950891777682e-05,1
0.36835652589797974,7.320449367398396e-05,5.539455083977373,2.6965352969869367e-05,1
0.36933431029319763,7.340517913689837e-05,5.541480084008072,2.711105120847498e-05,1
0.3703685402870178,7.359812298091128e-05,5.543460084038088,2.7258429376304533e-05,1
0.37143975496292114,7.380163879133761e-05,5.545485084068787,2.7412862628516457e-05,1
0.3724674880504608,7.400056347250938e-05,5.5475100840994855,2.7562803990924256e-05,1
0.373436838388443,7.418943278025836e-05,5.549490084129502,2.7705067219291595e-05,1
0.3744087815284729,7.439387263730168e-05,5.551515084160201,2.7853719207316524e-05,1
0.3754293620586395,7.458755135303363e-05,5.5535400841908995,2.8002356821985432e-05,1
0.3763643205165863,7.479243504349142e-05,5.555565084221598,2.8149203994924567e-05,1
0.37739887833595276,7.49981845729053e-05,5.557545084251615,2.8304230735047217e-05,1
0.37848401069641113,7.51899424358271e-05,5.5595700842823135,2.8458190977144124e-05,1
0.37941187620162964,7.538186764577404e-05,5.561595084313012,2.860077583506605e-05,1
0.3804597556591034,7.558913057437167e-05,5.563575084343029,2.8758622148809506e-05,1
0.3814673125743866,7.578358054161072e-05,5.565600084373727,2.8908958806472818e-05,1
0.38248080015182495,7.597375952173024e-05,5.567625084404426,2.9058504332413714e-05,1
0.3834536373615265,7.618006929988042e-05,5.569605084434443,2.9211524667492302e-05,1
0.3844934403896332,7.638247916474938e-05,5.571630084465141,2.9368562199543966e-05,1
0.3854498267173767,7.657790411030874e-05,5.57365508449584,2.9516939869698392e-05,1
0.38654428720474243,7.677394023630768e-05,5.575635084525857,2.9676528004543047e-05,1
0.38751956820487976,7.697610999457538e-05,5.577660084556555,2.982974890718918e-05,1
0.3885330557823181,7.717119297012687e-05,5.579685084587254,2.9983559423050338e-05,1
0.38951578736305237,7.735903636785224e-05,5.581665084617271,3.013256596047097e-05,1
0.39048144221305847,7.756835111649707e-05,5.583690084647969,3.028900161405868e-05,1
0.39148780703544617,7.77581735746935e-05,5.585715084678668,3.044137685183834e-05,1
0.3924277126789093,7.795546116540208e-05,5.587695084708685,3.059188331596828e-05,1
0.39349329471588135,7.81616399763152e-05,5.589720084739383,3.075608123467681e-05,1
0.39447110891342163,7.835742144379765e-05,5.591745084770082,3.090973892853118e-05,1
0.395513117313385,7.855355215724558e-05,5.593770084800781,3.106896028975178e-05,1
0.3966578245162964,7.875983283156529e-05,5.595750084830797,3.1240703950235864e-05,1
0.397575706243515,7.895316230133176e-05,5.597775084861496,3.138985926211084e-05,1
0.3984428644180298,7.911496504675597e-05,5.599125084881962,3.1522793291561754e-05,1
0.39877286553382874,7.904744416009635e-05,5.601105084911978,3.1521975820846936e-05,1
0.3984675407409668,7.864068902563304e-05,5.603085084941995,3.133576195821913e-05,1
0.39775416254997253,7.830803224351257e-05,5.605110084972694,3.114734578595459e-05,1
0.3970118761062622,7.802819891367108e-05,5.607135085003392,3.0978121639909165e-05,1
0.3961067199707031,7.77822351665236e-05,5.609115085033409,3.081006604380154e-05,1
0.39526328444480896,7.756169361528009e-05,5.6111400850641076,3.065728976547758e-05,1
0.394356906414032,7.734315295238048e-05,5.613165085094806,3.050080653060807e-05,1
0.3932720422744751,7.71319682826288e-05,5.615190085125505,3.0333846691159468e-05,1
0.3923383355140686,7.692122017033398e-05,5.6171700851555215,3.0179143487340035e-05,1
0.39132365584373474,7.672709762118757e-05,5.61919508518622,3.0025128343402242e-05,1
0.3903387188911438,7.653307693544775e-05,5.621220085216919,2.987382320378002e-05,1
0.38939663767814636,7.63295465731062e-05,5.6232000852469355,2.9722468791065033e-05,1
0.3883974254131317,7.612961053382605e-05,5.625225085277634,2.956854472904247e-05,1
0.38744819164276123,7.593943155370653e-05,5.627250085308333,2.9422595429862836e-05,1
0.3864400088787079,7.574225310236216e-05,5.6292300853383495,2.926983696137017e-05,1
0.3853641748428345,7.553141767857596e-05,5.631255085369048,2.9107102448413906e-05,1
0.3843792676925659,7.533423922723159e-05,5.633280085399747,2.8956919706339852e-05,1
0.3833344578742981,7.513449963880703e-05,5.635260085429763,2.880164268669874e-05,1
0.38237375020980835,7.494268356822431e-05,5.637285085460462,2.865611496676891e-05,1
0.38131746649742126,7.47444573789835e-05,5.639310085491161,2.850136712247847e-05,1
0.3803704082965851,7.454903970938176e-05,5.641290085521177,2.8356248672375874e-05,1
0.3793404996395111,7.435394945787266e-05,5.643315085551876,2.820546433752037e-05,1
0.3783698081970215,7.415746949845925e-05,5.645340085582575,2.8058947510508497e-05,1
0.37733927369117737,7.395846478175372e-05,5.647320085612591,2.790743338406147e-05,1
0.3764142692089081,7.375435234280303e-05,5.64934508564329,2.776219063809252e-05,1
0.37537941336631775,7.355962588917464e-05,5.651370085673989,2.7612769213724176e-05,1
0.3744497299194336,7.336459384532645e-05,5.653350085704005,2.747135235103143e-05,1
0.37336671352386475,7.315966649912298e-05,5.655375085734704,2.7315384243279534e-05,1
0.37240323424339294,7.296948751900345e-05,5.657400085765403,2.717407315315978e-05,1
0.3713112771511078,7.276776159415022e-05,5.6594250857961015,2.7019490492951248e-05,1
0.37035366892814636,7.256534445332363e-05,5.661405085826118,2.6874841555323123e-05,1
0.36924153566360474,7.23684934200719e-05,5.663430085856817,2.6721453644088823e-05,1
0.36832794547080994,7.21720207366161e-05,5.6654550858875155,2.65829721183945e-05,1
0.3673076629638672,7.196562364697456e-05,5.667435085917532,2.6433525035507444e-05,1
0.3662510812282562,7.177765655796975e-05,5.669460085948231,2.6288644322386857e-05,1
0.3652518689632416,7.158188236644492e-05,5.671485085978929,2.614541631825091e-05,1
0.36436596512794495,7.138089858926833e-05,5.673465086008946,2.6008770006178718e-05,1
0.3633034825325012,7.118192297639325e-05,5.675490086039645,2.5860640510683933e-05,1
0.3622400462627411,7.097843626979738e-05,5.677515086070343,2.5711232038028425e-05,1
0.361297607421875,7.07877625245601e-05,5.67949508610036,2.5575449234871428e-05,1
0.36027735471725464,7.058512710500509e-05,5.681520086131059,2.5430222875772422e-05,1
0.3592638671398163,7.038620242383331e-05,5.683545086161757,2.5287219276072265e-05,1
0.3583112359046936,7.019096665317193e-05,5.685525086191774,2.5150212010843168e-05,1
0.3572940528392792,6.998694152571261e-05,5.687550086222473,2.5005917983547503e-05,1
0.3562948405742645,6.979396130191162e-05,5.689575086253171,2.486722831511099e-05,1
0.3553471863269806,6.960221799090505e-05,5.691555086283188,2.4732952325185256e-05,1
0.3542536497116089,6.940065941307694e-05,5.693580086313887,2.458543688947483e-05,1
0.3532330393791199,6.919927545823157e-05,5.695605086344585,2.4443470392944075e-05,1
0.35229095816612244,6.900279549881816e-05,5.697630086375284,2.430906094241965e-05,1
0.3512585461139679,6.879310240037739e-05,5.6996100864053005,2.4164165131825878e-05,1
0.3501926362514496,6.860002758912742e-05,5.701635086435999,2.4023224508358705e-05,1
0.34917205572128296,6.840390415163711e-05,5.703660086466698,2.388473183198873e-05,1
0.3482423424720764,6.820069393143058e-05,5.7056400864967145,2.375036941290251e-05,1
0.3472450375556946,6.801760173402727e-05,5.707665086527413,2.3618774668580575e-05,1
0.3462315499782562,6.781131378374994e-05,5.709690086558112,2.3478416277409632e-05,1
0.3451889455318451,6.76152267260477e-05,5.7116700865881285,2.3340028815461034e-05,1
0.3441689610481262,6.741450488334522e-05,5.713695086618827,2.3201980105274755e-05,1
0.34315547347068787,6.721452518831939e-05,5.715720086649526,2.3065032215105214e-05,1
0.3421950936317444,6.701624806737527e-05,5.717700086679542,2.293263128226369e-05,1
0.34114283323287964,6.68187640258111e-05,5.719725086710241,2.2794742472884415e-05,1
0.34013649821281433,6.662298983428627e-05,5.72175008674094,2.266091046270206e-05,1
0.3392086625099182,6.641617073910311e-05,5.723730086770956,2.252894044544153e-05,1
0.33820948004722595,6.622442742809653e-05,5.725755086801655,2.2397729166881777e-05,1
0.3371746242046356,6.602374196518213e-05,5.727780086832354,2.2261530385694114e-05,1
0.3362446129322052,6.583180220331997e-05,5.72976008686237,2.2135588850484816e-05,1
0.33515483140945435,6.562833732459694e-05,5.731785086893069,2.1995654331708088e-05,1
0.33411991596221924,6.543150811921805e-05,5.733810086923768,2.18619699940744e-05,1
0.33320608735084534,6.52313610771671e-05,5.735790086953784,2.173548659709307e-05,1
0.33221435546875,6.503224722109735e-05,5.737815086984483,2.1604646095241264e-05,1
0.3312080204486847,6.483821925939992e-05,5.739840087015182,2.147493825032363e-05,1
0.33014458417892456,6.463648605858907e-05,5.7418650870458805,2.1339385812599743e-05,1
0.32909512519836426,6.443064194172621e-05,5.743845087075897,2.1203810176423366e-05,1
0.32826754450798035,6.423687591450289e-05,5.745870087106596,2.1086881523317688e-05,1
0.32721126079559326,6.403864244930446e-05,5.7478950871372945,2.095416493547511e-05,1
0.32616084814071655,6.384299194905907e-05,5.749875087167311,2.0823084401946045e-05,1
0.32510581612586975,6.36404292890802e-05,5.75190008719801,2.0689873702627124e-05,1
0.32414230704307556,6.345305882859975e-05,5.753925087228708,2.0567820877642317e-05,1
0.3231521248817444,6.32491210126318e-05,5.755905087258725,2.0439087852134556e-05,1
0.3220939636230469,6.304609269136563e-05,5.757930087289424,2.0306765885907962e-05,1
0.3211019039154053,6.28562702331692e-05,5.759955087320122,2.0183268044891844e-05,1
0.32009124755859375,6.265049887588248e-05,5.761935087350139,2.0053876345349497e-05,1
0.3191606402397156,6.245385884540156e-05,5.763960087380838,1.9932813574539184e-05,1
0.3180757761001587,6.225492688827217e-05,5.765985087411536,1.9801784186045807e-05,1
0.31700801849365234,6.206065154401585e-05,5.767965087441553,1.9673724172393492e-05,1
0.31608453392982483,6.185671372804791e-05,5.769990087472252,1.955195052916062e-05,1
0.3151710033416748,6.166304228827357e-05,5.77201508750295,1.9434402907095305e-05,1
0.3140588402748108,6.146825035102665e-05,5.773995087532967,1.9304647418965162e-05,1
0.313079833984375,6.126343214418739e-05,5.776020087563666,1.918034516501521e-05,1
0.3121163249015808,6.107010267442092e-05,5.778045087594364,1.906097600810246e-05,1
0.3110957145690918,6.0873622715007514e-05,5.780070087625063,1.893752315693456e-05,1
0.3100968599319458,6.066862988518551e-05,5.7820500876550796,1.8813151623769432e-05,1
0.30906879901885986,6.0466303693829104e-05,5.784075087685778,1.868824786376141e-05,1
0.3080267906188965,6.0270875110290945e-05,5.786100087716477,1.856504422801525e-05,1
0.30696895718574524,6.0072932683397084e-05,5.7880800877464935,1.8440525500911875e-05,1
0.30603551864624023,5.987546683172695e-05,5.790105087777192,1.8324019546033313e-05,1
0.3050006628036499,5.967968900222331e-05,5.792130087807891,1.8202344701593806e-05,1
0.3039378523826599,5.947724275756627e-05,5.7941100878379075,1.8077385429376806e-05,1
0.30300942063331604,5.928497921559028e-05,5.796135087868606,1.7963907204374195e-05,1
0.3019317090511322,5.9088499256176874e-05,5.798160087899305,1.7840691565684037e-05,1
0.3010035753250122,5.888629675609991e-05,5.8001400879293215,1.772498586123574e-05,1
0.29996901750564575,5.868644075235352e-05,5.80216508796002,1.7604113973386775e-05,1
0.29891273379325867,5.848435830557719e-05,5.804190087990719,1.748171942526455e-05,1
0.2979203462600708,5.8289871958550066e-05,5.806170088020735,1.7365738837346427e-05,1
0.2969571650028229,5.808369314763695e-05,5.808195088051434,1.7248368850016158e-05,1
0.295986533164978,5.789141505374573e-05,5.810220088082133,1.713507924177302e-05,1
0.29494884610176086,5.7698198361322284e-05,5.812200088112149,1.7018017028822517e-05,1
0.2939167618751526,5.74949590372853e-05,5.814225088142848,1.6898732184383435e-05,1
0.29291045665740967,5.73002289456781e-05,5.816250088173547,1.6783836227052696e-05,1
0.2919922471046448,5.7102504797512665e-05,5.818230088203563,1.6673488691129482e-05,1
0.29094773530960083,5.6898519687820226e-05,5.820255088234262,1.655449544564003e-05,1
0.2899414300918579,5.670344035024755e-05,5.822280088264961,1.6440676586279134e-05,1
0.2889065444469452,5.6510816648369655e-05,5.8243050882956595,1.6326344761755378e-05,1
0.2878589332103729,5.630873056361452e-05,5.826285088325676,1.6208971110472396e-05,1
0.28692957758903503,5.6111202866304666e-05,5.828310088356375,1.609996373644145e-05,1
0.28593751788139343,5.590736691374332e-05,5.8303350883870735,1.5986013726600103e-05,1
0.28490233421325684,5.570645953412168e-05,5.83231508841709,1.5870900352027602e-05,1
0.2839105725288391,5.551230788114481e-05,5.834340088447789,1.576053111293301e-05,1
0.28293997049331665,5.5319334933301434e-05,5.8363650884784875,1.565205099373821e-05,1
0.28182655572891235,5.5118438467616215e-05,5.838345088508504,1.5533839670484268e-05,1
0.2808844745159149,5.4922522394917905e-05,5.840370088539203,1.5426883841985085e-05,1
0.27982819080352783,5.4722542699892074e-05,5.842395088569901,1.53129101198796e-05,1
0.27883270382881165,5.452420373330824e-05,5.844375088599918,1.5203131151071323e-05,1
0.27784407138824463,5.4325031669577584e-05,5.846400088630617,1.5093887977370764e-05,1
0.27689483761787415,5.412294922280125e-05,5.848425088661315,1.4986365236448e-05,1
0.2758239805698395,5.392522143665701e-05,5.850405088691332,1.4873869229768775e-05,1
0.2748893201351166,5.3724386816611513e-05,5.852430088722031,1.4768260166694359e-05,1
0.273897260427475,5.352860898710787e-05,5.854455088752729,1.4661339356062363e-05,1
0.272867351770401,5.334122397471219e-05,5.856435088782746,1.455507852617154e-05,1
0.27180612087249756,5.313670408213511e-05,5.858460088813445,1.444288141251495e-05,1
0.2708283066749573,5.294583024806343e-05,5.860485088844143,1.4339229551582752e-05,1
0.2698809504508972,5.274296927382238e-05,5.86246508887416,1.4234322677221653e-05,1
0.26878711581230164,5.253991548670456e-05,5.864490088904859,1.4122052348693398e-05,1
0.26778078079223633,5.234518539509736e-05,5.866515088935557,1.4017034615813537e-05,1
0.26681727170944214,5.214380144025199e-05,5.868540088966256,1.3912866836846916e-05,1
0.26589658856391907,5.194408367970027e-05,5.8705200889962725,1.3811754646511046e-05,1
0.26479747891426086,5.174839679966681e-05,5.872545089026971,1.3702845010406576e-05,1
0.2638482451438904,5.154911195859313e-05,5.87457008905767,1.3601142729000731e-05,1
0.2627091109752655,5.134436651133001e-05,5.8765500890876865,1.3488632879779701e-05,1
0.2617214024066925,5.115965905133635e-05,5.878575089118385,1.3389577713563989e-05,1
0.2608506679534912,5.0954426114913076e-05,5.880600089149084,1.3291496087261892e-05,1
0.25981205701828003,5.0749767979141325e-05,5.8825800891791005,1.3185401611861148e-05,1
0.2587738037109375,5.055446672486141e-05,5.884605089209799,1.3082171648970409e-05,1
0.25771036744117737,5.0359034503344446e-05,5.886630089240498,1.2978045285839826e-05,1
0.25673630833625793,5.016321301809512e-05,5.888610089270514,1.2878718124551057e-05,1
0.2557976245880127,4.9965376092586666e-05,5.890635089301213,1.2781024516130349e-05,1
0.2548055648803711,4.9767499149311334e-05,5.892660089331912,1.2681035733423662e-05,1
0.2537945806980133,4.957701821695082e-05,5.894640089361928,1.25823785506288e-05,1
0.2527143955230713,4.935948163620196e-05,5.896665089392627,1.2473851565024917e-05,1
0.25170809030532837,4.9169655540026724e-05,5.898690089423326,1.2376400096950936e-05,1
0.2508081793785095,4.897364851785824e-05,5.900670089453342,1.2282991622287066e-05,1
0.24965974688529968,4.877249739365652e-05,5.902695089484041,1.2176529354264226e-05,1
0.24874618649482727,4.857812018599361e-05,5.90472008951474,1.20836221433533e-05,1
0.24767562747001648,4.837428787141107e-05,5.9067450895454385,1.1981132101966945e-05,1
0.2467195689678192,4.81740316899959e-05,5.908725089575455,1.1885476333997852e-05,1
0.24569150805473328,4.798097870661877e-05,5.910750089606154,1.1788519016371212e-05,1
0.24472087621688843,4.778170114150271e-05,5.9127750896368525,1.169317977048204e-05,1
0.2437182515859604,4.7574681957485154e-05,5.914755089666869,1.1594818306436417e-05,1
0.2426939457654953,4.737998460768722e-05,5.916780089697568,1.1498835414748044e-05,1
0.2417018860578537,4.718700802186504e-05,5.9188050897282665,1.1405188836311852e-05,1
0.2407318651676178,4.699104465544224e-05,5.920785089758283,1.1312241826079428e-05,1
0.23971065878868103,4.678774712374434e-05,5.922810089788982,1.1215521686270971e-05,1
0.23867575824260712,4.659617115976289e-05,5.92483508981968,1.112137648275871e-05,1
0.23767098784446716,4.6397908590734005e-05,5.926815089849697,1.102743676867704e-05,1
0.23664169013500214,4.619550600182265e-05,5.928840089880396,1.0931782616912947e-05,1
0.23570673167705536,4.599832755047828e-05,5.930865089911094,1.0842115449533887e-05,1
0.23473671078681946,4.5806969865225255e-05,5.932845089941111,1.0752577437273935e-05,1
0.2336227148771286,4.559906665235758e-05,5.93487008997181,1.0652977747186917e-05,1
0.23265206813812256,4.540188820101321e-05,5.936895090002508,1.0562843187341547e-05,1
0.2316981852054596,4.521237133303657e-05,5.938875090032525,1.047562438669992e-05,1
0.23070365190505981,4.5009634050074965e-05,5.940900090063224,1.0383886946262622e-05,1
0.22966162860393524,4.4808602979173884e-05,5.942925090093922,1.0290816735664219e-05,1
0.2286521941423416,4.461192656890489e-05,5.944905090123939,1.020061489489713e-05,1
0.2277132123708725,4.4411790440790355e-05,5.946930090154638,1.011315146841438e-05,1
0.22666405141353607,4.42104137619026e-05,5.948955090185336,1.0020911497941594e-05,1
0.22564345598220825,4.4012529542669654e-05,5.950980090216035,9.93113927252702e-06,1
0.22451144456863403,4.3816322431666777e-05,5.9529600902460515,9.837265844818551e-06,1
0.22362366318702698,4.361852188594639e-05,5.95498509027675,9.754133646938841e-06,1
0.2225959151983261,4.3423795432318e-05,5.957010090307449,9.665959485641719e-06,1
0.22162187099456787,4.321515007177368e-05,5.9589900903374655,9.577422414217517e-06,1
0.22067604959011078,4.30245345341973e-05,5.961015090368164,9.494484316459957e-06,1
0.21961262822151184,4.282630106899887e-05,5.963040090398863,9.405196534768585e-06,1
0.21868015825748444,4.262932270648889e-05,5.9650200904288795,9.322187035864366e-06,1
0.21762852370738983,4.242669092491269e-05,5.967045090459578,9.233258111778463e-06,1
0.21660791337490082,4.223091673338786e-05,5.969070090490277,9.147550753528326e-06,1
0.2155894786119461,4.203216667519882e-05,5.9710500905202935,9.06169289843653e-06,1
0.21449534595012665,4.183200508123264e-05,5.973075090550992,8.97277040168645e-06,1
0.21357464790344238,4.163727498962544e-05,5.975100090581691,8.89266634556806e-06,1
0.2125360518693924,4.144122431171127e-05,5.977080090611707,8.807754199844991e-06,1
0.21161910891532898,4.123906546737999e-05,5.979105090642406,8.726974286707868e-06,1
0.2106555998325348,4.103593164472841e-05,5.981130090673105,8.644448795307159e-06,1
0.20959433913230896,4.0844432078301907e-05,5.983110090703121,8.560761748686169e-06,1
0.20855015516281128,4.0642975363880396e-05,5.98513509073382,8.476098818415573e-06,1
0.20753668248653412,4.044404340675101e-05,5.987160090764519,8.393622594978487e-06,1
0.20663027465343475,4.025351881864481e-05,5.9891850907952175,8.317595649263781e-06,1
0.20548337697982788,4.004627407994121e-05,5.991165090825234,8.22884363340607e-06,1
0.20451770722866058,3.9853206544648856e-05,5.993190090855933,8.150686428221835e-06,1
0.20356133580207825,3.9653576095588505e-05,5.9952150908866315,8.071934919347355e-06,1
0.20257890224456787,3.9455331716453657e-05,5.997195090916648,7.992817786814464e-06,1
0.201491579413414,3.925256532966159e-05,5.999220090947347,7.90906138430173e-06,1
0.2005138099193573,3.9057485992088914e-05,6.0012450909780455,7.831565322145677e-06,1
0.19945843517780304,3.885744445142336e-05,6.003225091008062,7.750445065289309e-06,1
0.19859391450881958,3.8656122342217714e-05,6.005250091038761,7.676870655672855e-06,1
0.1974591314792633,3.8466998375952244e-05,6.0072750910694594,7.595660089929762e-06,1
0.19644969701766968,3.8268692151177675e-05,6.009255091099476,7.517872978361328e-06,1
0.1954750269651413,3.806878885370679e-05,6.011280091130175,7.441497527708606e-06,1
0.19446870684623718,3.786915840464644e-05,6.013305091160873,7.364366264306908e-06,1
0.19351543486118317,3.7670073652407154e-05,6.01528509119089,7.289740684098369e-06,1
0.1925131380558014,3.74726987502072e-05,6.017310091221589,7.213986827822095e-06,1
0.19146399199962616,3.727306830114685e-05,6.019335091252287,7.1364504510123e-06,1
0.19046199321746826,3.7084613722981885e-05,6.021315091282304,7.063209447379006e-06,1
0.18945132195949554,3.687731077661738e-05,6.023340091313003,6.9864552769413136e-06,1
0.1884806752204895,3.667908094939776e-05,6.025365091343701,6.9132979438094825e-06,1
0.1874532550573349,3.648599886219017e-05,6.027345091373718,6.839419250735765e-06,1
0.18642520904541016,3.6282970540924e-05,6.029370091404417,6.764060367880215e-06,1
0.18549738824367523,3.608263796195388e-05,6.031395091435115,6.693235102884533e-06,1
0.18438401818275452,3.5883709642803296e-05,6.033420091465814,6.616382571243327e-06,1
0.18337953090667725,3.5681627196026966e-05,6.035400091495831,6.543280057194362e-06,1
0.18232139945030212,3.5487952118273824e-05,6.037425091526529,6.470213093828997e-06,1
0.1813650131225586,3.5293924156576395e-05,6.039450091557228,6.401083017804066e-06,1
0.18042291700839996,3.508775989757851e-05,6.0414300915872445,6.3306359920114715e-06,1
0.1794094443321228,3.4893611882580444e-05,6.043455091617943,6.260243518594515e-06,1
0.17842453718185425,3.4698532545007765e-05,6.045480091648642,6.191069610232518e-06,1
0.17740672826766968,3.449389259913005e-05,6.0474600916786585,6.119448631228047e-06,1
0.17639760673046112,3.4294367651455104e-05,6.049485091709357,6.049444378051225e-06,1
0.17538414895534515,3.4102442441508174e-05,6.051510091740056,5.981027844902554e-06,1
0.17432349920272827,3.3898930269060656e-05,6.0534900917700725,5.909380143731937e-06,1
0.17337147891521454,3.370493504917249e-05,6.055515091800771,5.843474436216284e-06,1
0.17232947051525116,3.351160557940602e-05,6.05754009183147,5.7750372456149765e-06,1
0.1713147610425949,3.331712287035771e-05,6.059520091861486,5.707714943162104e-06,1
0.17029540240764618,3.311409818707034e-05,6.061545091892185,5.63917867613345e-06,1
0.16926053166389465,3.291166649432853e-05,6.063570091922884,5.570646168774835e-06,1
0.16836559772491455,3.271448440500535e-05,6.0655500919529,5.5079937211111214e-06,1
0.1673620641231537,3.251310408813879e-05,6.067575091983599,5.441460211241854e-06,1
0.16635572910308838,3.231066875741817e-05,6.069600092014298,5.375064858948678e-06,1
0.16537082195281982,3.211944567738101e-05,6.071625092044997,5.311619132337443e-06,1
0.16427697241306305,3.1916690204525366e-05,6.073605092075013,5.243177236245093e-06,1
0.1633581668138504,3.172158540110104e-05,6.075630092105712,5.181980039552865e-06,1
0.16226619482040405,3.152195131406188e-05,6.0776550921364105,5.1149470930468566e-06,1
0.1613650619983673,3.132721030851826e-05,6.079635092166427,5.055117233669941e-06,1
0.16031062602996826,3.1126546673476696e-05,6.081660092197126,4.989916183376075e-06,1
0.15929003059864044,3.093006671406329e-05,6.0836850922278245,4.926851273301131e-06,1
0.1582520604133606,3.072640174650587e-05,6.085665092257841,4.862516385473236e-06,1
0.15726310014724731,3.0530456569977105e-05,6.08769009228854,4.801314249105494e-06,1
0.15621395409107208,3.0335024348460138e-05,6.0897150923192385,4.738754100921906e-06,1
0.1552581936120987,3.0138013244140893e-05,6.091695092349255,4.6791734953428215e-06,1
0.15427979826927185,2.9937866202089936e-05,6.093720092379954,4.618807958270887e-06,1
0.15333056449890137,2.9742437618551776e-05,6.095745092410652,4.5604247496259034e-06,1
0.15225689113140106,2.9545242796302773e-05,6.097725092440669,4.498466815887483e-06,1
0.15123941004276276,2.9335820727283135e-05,6.099750092471368,4.436732219914553e-06,1
0.15029016137123108,2.914739707193803e-05,6.101775092502066,4.380567009492915e-06,1
0.14923326671123505,2.8949183615623042e-05,6.103755092532083,4.320181239582789e-06,1
0.14820614457130432,2.874813617381733e-05,6.105780092562782,4.2606504259323145e-06,1
0.14721408486366272,2.8555861717904918e-05,6.10780509259348,4.203825050294672e-06,1
0.14629898965358734,2.835495070030447e-05,6.109785092623497,4.148300639131823e-06,1
0.1453084945678711,2.8151696824352257e-05,6.111810092654196,4.090680685077744e-06,1
0.14420224726200104,2.7955216864938848e-05,6.113835092684894,4.031205094620773e-06,1
0.14323873817920685,2.7762942409026437e-05,6.115860092715593,3.976728838810936e-06,1
0.1422327160835266,2.7554600819712505e-05,6.11784009274561,3.919165715185078e-06,1
0.14124035835266113,2.736087844823487e-05,6.119865092776308,3.864460276872296e-06,1
0.1402054727077484,2.716650124057196e-05,6.121890092807007,3.8088921482500255e-06,1
0.13918673992156982,2.696256160561461e-05,6.1238700928370235,3.752831049819985e-06,1
0.1382356435060501,2.6763036657939665e-05,6.125895092867722,3.6996055945862983e-06,1
0.13717222213745117,2.6573563445708714e-05,6.127920092898421,3.645154747958408e-06,1
0.1361854374408722,2.63613837887533e-05,6.1299000929284375,3.590036582818085e-06,1
0.1351524293422699,2.6171150238951668e-05,6.131925092959136,3.5370945334758453e-06,1
0.13422460854053497,2.597081765998155e-05,6.133950092989835,3.485922833888636e-06,1
0.13317669928073883,2.5774093955988064e-05,6.1359300930198515,3.4325087600101307e-06,1
0.13215485215187073,2.5573308448656462e-05,6.13795509305055,3.3796367970663813e-06,1
0.13114137947559357,2.5382081730640493e-05,6.139980093081249,3.3286412121184556e-06,1
0.1302349716424942,2.5179499061778188e-05,6.1419600931112655,3.2792513462828916e-06,1
0.12920010089874268,2.4976518034236506e-05,6.143985093141964,3.2269686501226226e-06,1
0.12815093994140625,2.478073838574346e-05,6.146010093172663,3.175674916575111e-06,1
0.12710706889629364,2.458745802869089e-05,6.147990093202679,3.125239721637541e-06,1
0.12610259652137756,2.438427873130422e-05,6.150015093233378,3.0749208623184645e-06,1
0.1251034140586853,2.4183598725358024e-05,6.152040093264077,3.025450764767559e-06,1
0.1241113543510437,2.3985367079149e-05,6.154065093294776,2.9768563928001196e-06,1
0.12301100045442581,2.3784185032127425e-05,6.156045093324792,2.9257163957951743e-06,1
0.12217720597982407,2.3595213860971853e-05,6.158070093355491,2.882797304029958e-06,1
0.12109951674938202,2.339698221476283e-05,6.1600950933861895,2.8333632396016644e-06,1
0.12008418142795563,2.318922088306863e-05,6.162075093416206,2.7846586076953506e-06,1
0.1191011294722557,2.2993168386165053e-05,6.164100093446905,2.7385123249380207e-06,1
0.11813049018383026,2.279949330841191e-05,6.1661250934776035,2.693315320465657e-06,1
0.11704565584659576,2.2592796085518785e-05,6.16810509350762,2.6443886352379477e-06,1
0.1160321831703186,2.2402331524062902e-05,6.170130093538319,2.5993914348422693e-06,1
0.11509008705615997,2.2203050320968032e-05,6.1721550935690175,2.5553509943525114e-06,1
0.11412627249956131,2.2004776838002726e-05,6.174135093599034,2.5113231577059342e-06,1
0.11312025785446167,2.180729279643856e-05,6.176160093629733,2.4668465842408744e-06,1
0.11200686544179916,2.16118642129004e-05,6.1781850936604314,2.42067716684077e-06,1
0.11096858233213425,2.140542710549198e-05,6.180165093690448,2.375329900110285e-06,1
0.11007985472679138,2.1210853446973488e-05,6.182190093721147,2.3348876660741038e-06,1
0.10905212163925171,2.1009820557083003e-05,6.184215093751845,2.2911655070098668e-06,1
0.10804175585508347,2.0814848539885134e-05,6.186195093781862,2.24887278410681e-06,1
0.107053741812706,2.0614061213564128e-05,6.188220093812561,2.206812386868211e-06,1
0.10604740679264069,2.0420386135810986e-05,6.190245093843259,2.1655289954071477e-06,1
0.10492130368947983,2.0227194909239188e-05,6.192225093873276,2.122263659858585e-06,1
0.1039990708231926,2.0022875105496496e-05,6.194250093903975,2.08236040618047e-06,1
0.10304983705282211,1.9821844034595415e-05,6.196275093934673,2.0426377978515116e-06,1
0.10197927802801132,1.9618008082034066e-05,6.198300093965372,2.000630300553525e-06,1
0.1010039821267128,1.941953451023437e-05,6.200280093995389,1.9614503165807948e-06,1
0.10000230371952057,1.922680348798167e-05,6.202305094026087,1.9227246419606804e-06,1
0.09896742552518845,1.9027873349841684e-05,6.204330094056786,1.8831396386531749e-06,1
0.09793564677238464,1.883261211332865e-05,6.206310094086803,1.844384047732287e-06,1
0.097004733979702,1.8633163563208655e-05,6.208335094117501,1.8075050746493317e-06,1
0.0960126742720604,1.8439837731420994e-05,6.2103600941482,1.770458133736573e-06,1
0.09493435174226761,1.823509046516847e-05,6.2123400941782165,1.7311364922723737e-06,1
0.09402143210172653,1.8037424524663948e-05,6.214365094208915,1.6959044852357083e-06,1
0.0928509458899498,1.7837093764683232e-05,6.216390094239614,1.6561910279785637e-06,1
0.09191815555095673,1.763939690135885e-05,6.2183700942696305,1.6213808282041669e-06,1
0.09080974757671356,1.7439931980334222e-05,6.220395094300329,1.583715820889205e-06,1
0.08993187546730042,1.7252210454898886e-05,6.222420094331028,1.5515236421656249e-06,1
0.08898389339447021,1.70517414517235e-05,6.2244000943610445,1.5173303435302328e-06,1
0.08788354694843292,1.684944800217636e-05,6.226425094391743,1.4807892545544454e-06,1
0.08692003786563873,1.664771480136551e-05,6.228450094422442,1.4470200009110445e-06,1
0.08586343377828598,1.6450931070721708e-05,6.230430094452458,1.4125334305820607e-06,1
0.08483600616455078,1.625790901016444e-05,6.232455094483157,1.379256069009016e-06,1
0.0838867723941803,1.605302531970665e-05,6.234480094513856,1.346636481232245e-06,1
0.08291427046060562,1.5855968740652315e-05,6.236460094543872,1.3146860805773544e-06,1
0.08189553022384644,1.5660769349779002e-05,6.238485094574571,1.2825470096135142e-06,1
0.08094629645347595,1.5461137081729248e-05,6.24051009460527,1.2515217857254858e-06,1
0.0798400491476059,1.5267462003976107e-05,6.242535094635969,1.218954916756658e-06,1
0.07879586517810822,1.5067311323946342e-05,6.244515094665985,1.1872418316782592e-06,1
0.07789163291454315,1.4871350686007645e-05,6.246540094696684,1.158353788577947e-06,1
0.07684247940778732,1.4666466995549854e-05,6.2485650947273825,1.127007688090532e-06,1
0.07584670186042786,1.4467597793554887e-05,6.250545094757399,1.0973195764843414e-06,1
0.07485122978687286,1.4271058716985863e-05,6.252570094788098,1.0682062953270638e-06,1
0.07390914112329483,1.407107811246533e-05,6.2545950948187965,1.039981297971105e-06,1
0.07288263738155365,1.3882866369385738e-05,6.256575094848813,1.011819915416507e-06,1
0.0717751532793045,1.3674616639036685e-05,6.258600094879512,9.814977053025859e-07,1
0.07079023122787476,1.3480239431373775e-05,6.2606250949102105,9.542692663540644e-07,1
0.06980686634778976,1.327547670371132e-05,6.262605094940227,9.267194279591727e-07,1
0.06878471374511719,1.3075725291855633e-05,6.264630094970926,8.994100212100786e-07,1
0.0678212121129036,1.2882048395113088e-05,6.266655095001624,8.736761366536541e-07,1
0.06683536618947983,1.2684899957093876e-05,6.268635095031641,8.477999337092861e-07,1
0.06579428166151047,1.2488040738389827e-05,6.27066009506234,8.216416697420375e-07,1
0.06480222940444946,1.2285257980693132e-05,6.272685095093038,7.961121059577199e-07,1
0.06382661312818527,1.2088475159544032e-05,6.274665095123055,7.715664273178947e-07,1
0.06280384212732315,1.1888798326253891e-05,6.276690095153754,7.466622131656331e-07,1
0.06174755096435547,1.1693720807670616e-05,6.278715095184452,7.220586215345853e-07,1
0.06081259250640869,1.1495139915496111e-05,6.280740095215151,6.990492594852182e-07,1
0.05979757755994797,1.1291778719169088e-05,6.282720095245168,6.752210137492834e-07,1
0.058785662055015564,1.1096929483755957e-05,6.284745095275866,6.52340346480416e-07,1
0.05786497890949249,1.0903253496508114e-05,6.286770095306565,6.309165336202923e-07,1
0.056840963661670685,1.0701201972551644e-05,6.288750095336582,6.082666324580066e-07,1
0.05586659908294678,1.0506442777113989e-05,6.29077509536728,5.869592264169492e-07,1
0.05477462336421013,1.0310664947610348e-05,6.292800095397979,5.647627891399202e-07,1
0.05372795835137367,1.0105506589752622e-05,6.2947800954279955,5.429482371737611e-07,1
0.052804794162511826,9.915605915011838e-06,6.296805095458694,5.235915293387848e-07,1
0.05179132521152496,9.713874533190392e-06,6.298830095489393,5.030944350124138e-07,1
0.05083092674612999,9.51090896705864e-06,6.3008100955194095,4.834483169936686e-07,1
0.049735844135284424,9.313562259194441e-06,6.302835095550108,4.632178808675622e-07,1
0.04866528511047363,9.113231499213725e-06,6.304860095580807,4.43498009186985e-07,1
0.04771791398525238,8.920331310946494e-06,6.3068400956108235,4.256596022156984e-07,1
0.046852465718984604,8.71747215569485e-06,6.308865095641522,4.0843506533089577e-07,1
0.045717671513557434,8.522744792571757e-06,6.310890095672221,3.896400468206778e-07,1
0.044642142951488495,8.327925570483785e-06,6.3128700957022374,3.717764438068935e-07,1
0.04374783858656883,8.122432518575806e-06,6.314895095732936,3.553388667529521e-07,1
0.042684413492679596,7.921400538180023e-06,6.316920095763635,3.381203360128108e-07,1
0.04172276705503464,7.724922397756018e-06,6.318900095793651,3.2230513771979395e-07,1
0.04076454043388367,7.535797976743197e-06,6.32092509582435,3.071933413245268e-07,1
0.03965115547180176,7.334766451094765e-06,6.322950095855049,2.9083196490171416e-07,1
0.03875188156962395,7.132684459065786e-06,6.324975095885748,2.7640494343121457e-07,1
0.03766394406557083,6.931149982847273e-06,6.326955095915764,2.6105444526404193e-07,1
0.03673208877444267,6.736574505339377e-06,6.328980095946463,2.474484527657732e-07,1
0.020759303122758865,3.934963842766592e-06,6.341040096129291,8.168710718908774e-08,1
0.02090204507112503,4.066271685587708e-06,6.3430650961599895,8.499339404359382e-08,1
0.021130740642547607,4.212997282593278e-06,6.345045096190006,8.902375290623641e-08,1
0.02142305299639702,4.307523340685293e-06,6.347070096220705,9.228030081071816e-08,1
0.021565793082118034,4.357702891866211e-06,6.3490950962514034,9.397731887933408e-08,1
0.021689295768737793,4.370347141957609e-06,6.35107509628142,9.478975177397648e-08,1
0.021851276978850365,4.3467498471727595e-06,6.353100096312119,9.498203486834746e-08,1
0.021851276978850365,4.29653846367728e-06,6.355125096342817,9.388485202009645e-08,1
0.021607372909784317,4.222067218506709e-06,6.357105096372834,9.122778084045028e-08,1
0.021415915340185165,4.125494342588354e-06,6.359130096403533,8.835123757728504e-08,1
0.021137569099664688,4.01115721615497e-06,6.361155096434231,8.478611282609433e-08,1
0.02063797228038311,3.883064891851973e-06,6.36318009646493,8.013858560096985e-08,1
0.02019236981868744,3.7409463402582332e-06,6.365160096494947,7.553857197435958e-08,1
0.019603095948696136,3.5919520087190904e-06,6.367185096525645,7.041337987003215e-08,1
0.01901785470545292,3.432529410929419e-06,6.369210096556344,6.527934560924959e-08,1
0.018308181315660477,3.2647760690451832e-06,6.371190096586361,5.977211222710848e-08,1
0.01753334328532219,3.0967453312769067e-06,6.373215096617059,5.429629896049679e-08,1
0.016841046512126923,2.9198745323810726e-06,6.375240096647758,4.917374280940449e-08,1
0.01601438596844673,2.740396894296282e-06,6.377220096677775,4.388577357199338e-08,1
0.015199517831206322,2.5566127987985965e-06,6.379245096708473,3.885928182282957e-08,1
0.014343067072331905,2.370030415477231e-06,6.381270096739172,3.399350521265658e-08,1
0.01336311548948288,2.183192236770992e-06,6.3832500967691885,2.917424999571322e-08,1
0.012565935030579567,1.993618752749171e-06,6.385275096799887,2.5051683722791154e-08,1
0.011595292016863823,1.80012727923895e-06,6.387300096830586,2.087300147029819e-08,1
0.010607581585645676,1.60967454121419e-06,6.3892800968606025,1.7074754022266293e-08,1
0.009696828201413155,1.4162330899125664e-06,6.391305096891301,1.3732968966038665e-08,1
0.008776145055890083,1.2221366887388285e-06,6.393330096922,1.0725648858497148e-08,1
0.007859495468437672,1.0296780601493083e-06,6.3953100969520165,8.092750047693181e-09,1
0.006834859028458595,8.327659770657192e-07,6.397335096982715,5.691838056940774e-09,1
