0,0,0,0,0
Time [s],Voltage [V],Current [A],Power [W],Cycle
0.0,0.011400039307773113,0.0,0.0,0
3.400000059627928e-05,0.010000893846154213,1.4316262877400732e-06,1.4317542531052298e-08,0
0.00010200000178883784,-0.18458443880081177,-0.00019302862347103655,3.5630080135894485e-05,0
0.00013600000238511711,-0.4336399734020233,-0.0003070488746743649,0.0001331486658469128,0
0.0001700000029813964,-0.4875962734222412,-0.00032796020968817174,0.00015991217607472935,0
0.00020400000357767567,-0.5035262107849121,-0.0003325393481645733,0.00016744227791819222,0
0.00023800000417395495,-0.5114055871963501,-0.0003336841182317585,0.00017064792242240875,0
0.00027200000477023423,-0.5170581340789795,-0.00033406572765670717,0.00017273140180191354,0
0.0003060000053665135,-0.5228819847106934,-0.0003342183481436223,0.0001747567532040667,0
0.0003400000059627928,-0.5287058353424072,-0.0003343709686305374,0.00017678388228405811,0
0.00037400000655907206,-0.5336732268333435,-0.0003345236473251134,0.00017852631432005266,0
0.00040800000715535134,-0.5386406779289246,-0.0003343709686305374,0.00018010580522290383,0
0.0004420000077516306,-0.5446358323097229,-0.00033467626781202853,0.00018227668767411588,0
0.0004760000083479099,-0.5497745275497437,-0.0003345236473251134,0.0001839125801623813,0
0.0005100000089441892,-0.5550844669342041,-0.0003345236473251134,0.00018568888045234627,0
0.0005440000095404685,-0.5598806142807007,-0.00033467626781202853,0.00018737875440777083,0
0.0005780000101367477,-0.5653618574142456,-0.0003347525780554861,0.00018925633930365685,0
0.000612000010733027,-0.5701580047607422,-0.0003347525780554861,0.00019086186199263055,0
0.0006460000113293063,-0.5754680037498474,-0.0003349815378896892,0.00019277115690243332,0
0.0006800000119255856,-0.5807780027389526,-0.0003349815378896892,0.00019454990852999648,0
0.0007140000125218648,-0.5857453942298889,-0.0003351341874804348,0.00019630330676564077,0
0.0007480000131181441,-0.5908840894699097,-0.00033521049772389233,0.00019807054972833735,0
0.0007820000137144234,-0.5956801772117615,-0.0003352868079673499,0.00019972370518675682,0
0.0008160000143107027,-0.6009901762008667,-0.0003352868079673499,0.00020150407779812377,0
0.000850000014906982,-0.605957567691803,-0.0003352868079673499,0.00020316957863504397,0
0.0008840000155032612,-0.6107537150382996,-0.0003352868079673499,0.00020477766356939188,0
0.0009180000160995405,-0.6158924102783203,-0.000335592107148841,0.00020668863174228003,0
0.0009520000166958198,-0.6210311055183411,-0.00033551579690538347,0.0002083657462710175,0
0.000986000017292099,-0.6258272528648376,-0.000335592107148841,0.00021002268650008142,0
0.0010200000178883784,-0.630452036857605,-0.0003356684173922986,0.00021162283745374336,0
0.0010540000184846576,-0.6352481842041016,-0.0003358973772265017,0.00021337819896205534,0
0.001088000019080937,-0.6403868794441223,-0.0003356684173922986,0.00021495765034180124,0
0.0011220000196772162,-0.6451829671859741,-0.00033574472763575613,0.00021661677959308387,0
0.0011560000202734955,-0.6496365070343018,-0.00033574472763575613,0.00021811203211647562,0
0.0011900000208697747,-0.6547752022743225,-0.00033612630795687437,0.00022008717128218364,0
0.001224000021466054,-0.6594000458717346,-0.00033612630795687437,0.00022164170288545976,0
0.0012580000220623333,-0.6643674373626709,-0.00033612630795687437,0.00022331137384748456,0
0.0012920000226586126,-0.668992280960083,-0.0003362026473041624,0.0002249169758848299,0
0.0013260000232548919,-0.6739596724510193,-0.0003363552677910775,0.00022668988610764947,0
0.0013600000238511711,-0.6782419085502625,-0.0003363552677910775,0.00022813023877755502,0
0.0013940000244474504,-0.6833806037902832,-0.00033666056697256863,0.00023006730153009303,0
0.0014280000250437297,-0.6876628994941711,-0.00033650791738182306,0.00023140401016952944,0
0.001462000025640009,-0.6926302909851074,-0.00033650791738182306,0.0002330755767349646,0
0.0014960000262362882,-0.6974263787269592,-0.0003365842567291111,0.0002347427393070891,0
0.0015300000268325675,-0.7020512223243713,-0.00033666056697256863,0.0002363529625515077,0
0.0015640000274288468,-0.7068473696708679,-0.0003369658370502293,0.00023818341558789688,0
0.001598000028025126,-0.7111296057701111,-0.000337194767780602,0.00023978918227956364,0
0.0016320000286214054,-0.7157544493675232,-0.00033727110712789,0.00024140329556989783,0
0.0016660000292176846,-0.7203792333602905,-0.000337194767780602,0.00024290810830689125,0
0.001700000029813964,-0.7251753807067871,-0.00033727110712789,0.0002445807035128672,0
0.0017340000304102432,-0.7292863130569458,-0.00033757637720555067,0.00024618983150735685,0
0.0017680000310065225,-0.7340824604034424,-0.0003375000669620931,0.00024775287954185987,0
0.0018020000316028018,-0.73853600025177,-0.00033772902679629624,0.0002494250446190595,0
0.001836000032199081,-0.7428182363510132,-0.0003376527165528387,0.0002508145954089082,0
0.0018700000327953603,-0.747614324092865,-0.00033795798663049936,0.0002526622317465463,0
0.0019040000333916396,-0.7518966197967529,-0.0003378053370397538,0.00025399469106949374,0
0.0019380000339879189,-0.7565214037895203,-0.00033818691736087203,0.0002558456414650974,0
0.001972000034584198,-0.7606323957443237,-0.0003382632276043296,0.00025729396920488867,0
0.0020060000351804774,-0.76559978723526,-0.00033818691736087203,0.0002589158319772321,0
0.0020400000357767567,-0.7698820233345032,-0.0003383395669516176,0.00026048155037883096,0
0.002074000036373036,-0.7738217115402222,-0.0003386448370292783,0.0002620507273942557,0
0.0021080000369693153,-0.778617799282074,-0.0003386448370292783,0.00026367489774597325,0
0.0021420000375655945,-0.782557487487793,-0.00033879748662002385,0.000265128509896545,0
0.002176000038161874,-0.7866684198379517,-0.00033895010710693896,0.00026664134516172014,0
0.002210000038758153,-0.7918071746826172,-0.00033902644645422697,0.00026844357270960906,0
0.0022440000393544324,-0.7955754995346069,-0.00033925537718459964,0.00026990326617343935,0
0.0022780000399507117,-0.8003716468811035,-0.0003391790669411421,0.00027146930839527794,0
0.002312000040546991,-0.804140031337738,-0.0003393316874280572,0.00027287019376228544,0
0.00234600004114327,-0.8089361190795898,-0.00033940805587917566,0.00027455943550724893,0
0.0023800000417395495,-0.8132184147834778,-0.0003395606763660908,0.00027613699495723787,0
0.0024140000423358288,-0.817158043384552,-0.000339942256687209,0.00027778654933824885,0
0.002448000042932108,-0.8214402794837952,-0.00034032383700832725,0.0002795557077871179,0
0.0024820000435283873,-0.8257225751876831,-0.0003400949062779546,0.0002808240418200464,0
0.0025160000441246666,-0.8298335075378418,-0.0003402475267648697,0.0002823487985663675,0
0.002550000044720946,-0.8342870473861694,-0.00034032383700832725,0.0002839277691328093,0
0.002584000045317225,-0.8385692834854126,-0.00034032383700832725,0.0002853851161530793,0
0.0026180000459135044,-0.8425089716911316,-0.0003405528259463608,0.0002869188111945774,0
0.0026520000465097837,-0.8469625115394592,-0.0003408580960240215,0.0002886940290870634,0
0.002686000047106063,-0.8503882884979248,-0.0003411633661016822,0.00029012133099740045,0
0.0027200000477023423,-0.8548418283462524,-0.0003410870267543942,0.00029157545757591344,0
0.0027540000482986216,-0.8594666719436646,-0.0003411633661016822,0.0002932185428525108,0
0.002788000048894901,-0.8634063005447388,-0.0003413923259358853,0.0002947602851706664,0
0.00282200004949118,-0.8673459887504578,-0.000341697596013546,0.0002963700392680235,0
0.0028560000500874594,-0.8712856769561768,-0.000341697596013546,0.0002977162212569606,0
0.0028900000506837387,-0.875225305557251,-0.00034177390625700355,0.0002991291715352812,0
0.002924000051280018,-0.87916499376297,-0.00034200286609120667,0.00030067694763399357,0
0.0029580000518762972,-0.8837898373603821,-0.0003421554865781218,0.00030239354183484064,0
0.0029920000524725765,-0.8877295255661011,-0.0003421554865781218,0.0003037415277698345,0
0.0030260000530688558,-0.8914978504180908,-0.0003422318259254098,0.0003050989371571611,0
0.003060000053665135,-0.8954375386238098,-0.0003424607857596129,0.00030665224307576365,0
0.0030940000542614143,-0.8998910784721375,-0.0003426134353503585,0.00030831477383647804,0
0.0031280000548576936,-0.9034881591796875,-0.00034284236608073115,0.0003097540182190883,0
0.003162000055453973,-0.907599151134491,-0.0003429950156714767,0.0003113019850667937,0
0.003196000056050252,-0.9113674759864807,-0.00034314763615839183,0.0003127335950564008,0
0.0032300000566465314,-0.9153071641921997,-0.0003433002857491374,0.0003142252110154148,0
0.0032640000572428107,-0.9190755486488342,-0.0003435292455833405,0.0003157293298614288,0
0.00329800005783909,-0.9230152368545532,-0.0003436818951740861,0.0003172236258767308,0
0.0033320000584353693,-0.9272974729537964,-0.0003438345156610012,0.00031883687748673895,0
0.0033660000590316486,-0.930723249912262,-0.0003439871652517468,0.00032015685237121207,0
0.003400000059627928,-0.9348342418670654,-0.00034421609598211944,0.00032178499312588565,0
0.003434000060224207,-0.938260018825531,-0.0003445213951636106,0.00032325065071200747,0
0.0034680000608204864,-0.9425422549247742,-0.000344445084920153,0.00032465404703839636,0
0.0035020000614167657,-0.9459680914878845,-0.0003447503549978137,0.0003261228353570525,0
0.003536000062013045,-0.9502503275871277,-0.0003449029754847288,0.0003277441654401386,0
0.0035700000626093242,-0.9538474082946777,-0.0003449029754847288,0.00032898480927923135,0
0.0036040000632056035,-0.9577870965003967,-0.00034497928572818637,0.0003304167084303804,0
0.003638000063801883,-0.9613841772079468,-0.00034513193531893194,0.0003318043816647777,0
0.003672000064398162,-0.9658377170562744,-0.0003453609242569655,0.0003335626066447925,0
0.0037060000649944413,-0.9696061015129089,-0.0003455898549873382,0.0003350860320166845,0
0.0037400000655907206,-0.97286057472229,-0.00034574250457808375,0.00033635925170975856,0
0.003774000066187,-0.9766289591789246,-0.000346124084899202,0.00033803480478186536,0
0.003808000066783279,-0.9802260398864746,-0.0003463530447334051,0.0003395042734416487,0
0.0038420000673795585,-0.9843370318412781,-0.00034658200456760824,0.0003411535016656798,0
0.0038760000679758377,-0.9877628087997437,-0.00034658200456760824,0.0003423408143111463,0
0.003910000068572117,-0.9918737411499023,-0.0003465056943241507,0.0003436898993590398,0
0.003944000069168396,-0.9951282739639282,-0.00034696358488872647,0.00034527327335865526,0
0.003978000069764676,-0.9990679621696472,-0.00034703989513218403,0.00034671644082127917,0
0.004012000070360955,-1.0024937391281128,-0.0003472688840702176,0.0003481348820743996,0
0.004046000070957234,-1.0062620639801025,-0.0003474215045571327,0.00034959708024673297,0
0.004080000071553513,-1.0098592042922974,-0.0003475741541478783,0.0003510009587403447,0
0.004114000072149793,-1.0131137371063232,-0.0003477267746347934,0.0003522867721421838,0
0.004148000072746072,-1.0167107582092285,-0.0003479557344689965,0.00035377033861522245,0
0.004182000073342351,-1.0206503868103027,-0.00034818469430319965,0.00035537484292198773,0
0.0042160000739386305,-1.0242475271224976,-0.00034826103365048766,0.0003567055025096369,0
0.00425000007453491,-1.027673363685608,-0.0003486426139716059,0.00035829072782434315,0
0.004284000075131189,-1.0314416885375977,-0.0003486426139716059,0.000359604526451035,0
0.004318000075727468,-1.035210132598877,-0.00034902419429272413,0.00036131338245398714,0
0.004352000076323748,-1.0386358499526978,-0.00034902419429272413,0.00036250904069327905,0
0.004386000076920027,-1.0422329902648926,-0.0003492531832307577,0.00036400318951812505,0
0.004420000077516306,-1.0456587076187134,-0.0003494821139611304,0.0003654390156204515,0
0.0044540000781125855,-1.0487419366836548,-0.00034963476355187595,0.0003666766390593261,0
0.004488000078708865,-1.0523390769958496,-0.0003497110737953335,0.0003680146286130087,0
0.004522000079305144,-1.0561074018478394,-0.00035009265411645174,0.00036973544334494013,0
0.004556000079901423,-1.0595332384109497,-0.0003503216430544853,0.0003711774249509636,0
0.004590000080497703,-1.06295907497406,-0.00035047426354140043,0.00037253979897618195,0
0.004624000081093982,-1.0668987035751343,-0.00035062688402831554,0.0003740833680083988,0
0.004658000081690261,-1.0699819326400757,-0.0003507795336190611,0.0003753277633123074,0
0.00469200008228654,-1.0737502574920654,-0.00035100849345326424,0.00037689546022734444,0
0.00472600008288282,-1.0768334865570068,-0.00035123745328746736,0.0003782242514329473,0
0.004760000083479099,-1.0802593231201172,-0.00035123745328746736,0.00037942753354275327,0
0.004794000084075378,-1.0836851596832275,-0.0003514664131216705,0.0003808789360270487,0
0.0048280000846716575,-1.0871108770370483,-0.00035177168319933116,0.0003824148230396236,0
0.004862000085267937,-1.0903654098510742,-0.0003518479934427887,0.0003836428815755244,0
0.004896000085864216,-1.093962550163269,-0.00035207695327699184,0.0003851590016606121,0
0.004930000086460495,-1.097217082977295,-0.00035230591311119497,0.00038655606629951766,0
0.004964000087056775,-1.1006428003311157,-0.0003526874934323132,0.0003881829504131032,0
0.004998000087653054,-1.1042399406433105,-0.0003527638327796012,0.0003895359137696536,0
0.005032000088249333,-1.1074944734573364,-0.00035284014302305877,0.00039076850841193375,0
0.0050660000888456125,-1.1107488870620728,-0.00035306907375343144,0.00039217108072766085,0
0.005100000089441892,-1.114174723625183,-0.00035314541310071945,0.0003934656930409952,0
0.005134000090038171,-1.117429256439209,-0.00035345068317838013,0.00039495613409194774,0
0.00516800009063445,-1.1210262775421143,-0.0003537559532560408,0.0003965697194369816,0
0.00520200009123073,-1.1241095066070557,-0.00035398491309024394,0.0003979178060002156,0
0.005236000091827009,-1.127192735671997,-0.0003542139020282775,0.0003992673372403069,0
0.005270000092423288,-1.1306185722351074,-0.00035429021227173507,0.00040056709395554224,0
0.005304000093019567,-1.1337018013000488,-0.00035451914300210774,0.00040191899101683914,0
0.005338000093615847,-1.1371275186538696,-0.00035474810283631086,0.00040339382992542194,0
0.005372000094212126,-1.1407246589660645,-0.00035490075242705643,0.0004048440397791536,0
0.005406000094808405,-1.1436365842819214,-0.0003551296831574291,0.0004061392978232832,0
0.0054400000954046845,-1.1468911170959473,-0.00035543498233892024,0.0004076452239496625,0
0.005474000096000964,-1.1501456499099731,-0.00035566394217312336,0.00040906533592025007,0
0.005508000096597243,-1.153571367263794,-0.00035581656266003847,0.000410459798682844,0
0.005542000097193522,-1.1564832925796509,-0.0003560455224942416,0.00041176069816238267,0
0.005576000097789802,-1.1595665216445923,-0.00035619817208498716,0.0004130354754207505,0
0.005610000098386081,-1.1628210544586182,-0.00035650344216264784,0.00041454970853369716,0
0.00564400009898236,-1.1662468910217285,-0.00035650344216264784,0.00041577103106073265,0
0.0056780000995786395,-1.16933012008667,-0.0003568087122403085,0.00041722717433193,0
0.005712000100174919,-1.1724133491516113,-0.00035703767207451165,0.00041859573289017293,0
0.005746000100771198,-1.1754964590072632,-0.00035696133272722363,0.00041960678262336487,0
0.005780000101367477,-1.1784083843231201,-0.00035741928149946034,0.0004211858780377095,0
0.005814000101963757,-1.181662917137146,-0.00035757190198637545,0.00042252945678749806,0
0.005848000102560036,-1.1849174499511719,-0.000357724551577121,0.0004238740634396887,0
0.005882000103156315,-1.1883432865142822,-0.0003578008618205786,0.0004251902520535089,0
0.0059160001037525944,-1.1912552118301392,-0.0003582587814889848,0.00042677764063266815,0
0.005950000104348874,-1.1943384408950806,-0.0003585640515666455,0.00042824683030913066,0
0.005984000104945153,-1.197079062461853,-0.00035864036181010306,0.00042932086807661793,0
0.006018000105541432,-1.200333595275879,-0.0003588693216443062,0.00043076290308352583,0
0.0060520001061377116,-1.202902913093567,-0.0003590219421312213,0.0004318685400541561,0
0.006086000106733991,-1.2061574459075928,-0.000359479890903458,0.000433589347067255,0
0.00612000010733027,-1.209754467010498,-0.00035955620114691556,0.00043497472047880625,0
0.006154000107926549,-1.212666392326355,-0.00035970882163383067,0.00043620679901866174,0
0.006188000108522829,-1.2159209251403809,-0.0003599377814680338,0.0004376558802355879,0
0.006222000109119108,-1.2188328504562378,-0.0003600904019549489,0.0004388900110366828,0
0.006256000109715387,-1.2215734720230103,-0.0003604720113798976,0.00044034304650845957,0
0.0062900001103116665,-1.2248280048370361,-0.0003605483507271856,0.0004416097170684627,0
0.006324000110907946,-1.227739930152893,-0.00036062466097064316,0.0004427532960715082,0
0.006358000111504225,-1.23065185546875,-0.00036092993104830384,0.0004441790893388031,0
0.006392000112100504,-1.2339063882827759,-0.0003613878507167101,0.0004459187776471307,0
0.006426000112696784,-1.2369896173477173,-0.000361235230229795,0.00044684422921446865,0
0.006460000113293063,-1.2393876314163208,-0.00036169312079437077,0.0004482779802809124,0
0.006494000113889342,-1.2426421642303467,-0.0003618457412812859,0.0004496447750633112,0
0.0065280001144856215,-1.2453827857971191,-0.00036169312079437077,0.0004504463863785474,0
0.006562000115081901,-1.2484660148620605,-0.0003622273507062346,0.00045222853701025467,0
0.00659600011567818,-1.2513779401779175,-0.0003624563105404377,0.00045356983128858053,0
0.006630000116274459,-1.2539472579956055,-0.0003624563105404377,0.0004545010967453855,0
0.0066640001168707386,-1.2575443983078003,-0.0003627615806180984,0.0004561887936275731,0
0.006698000117467018,-1.2601137161254883,-0.00036299051134847105,0.0004574093221736131,0
0.006732000118063297,-1.2631969451904297,-0.00036306685069575906,0.0004586249366987927,0
0.006766000118659576,-1.2657662630081177,-0.00036344846012070775,0.00046004079916304313,0
0.006800000119255856,-1.269192099571228,-0.0003636773908510804,0.00046157647126086887,0
0.006834000119852135,-1.2719327211380005,-0.00036390635068528354,0.00046286439486653216,0
0.006868000120448414,-1.2748446464538574,-0.0003639826609287411,0.0004640213466870352,0
0.0069020001210446935,-1.2775852680206299,-0.0003644406097009778,0.0004656039540224255,0
0.006936000121640973,-1.2804971933364868,-0.0003644406097009778,0.0004666651778599401,0
0.006970000122237252,-1.2832378149032593,-0.00036482219002209604,0.00046815362995217616,0
0.007004000122833531,-1.2863210439682007,-0.0003648985002655536,0.00046937661980401765,0
0.007038000123429811,-1.2890617847442627,-0.0003651274892035872,0.0004706718928919676,0
0.00707200012402609,-1.2918024063110352,-0.00036535641993395984,0.0004719683024318744,0
0.007106000124622369,-1.2945430278778076,-0.0003655090695247054,0.00047316721757931224,0
0.0071400001252186485,-1.297626256942749,-0.0003657380002550781,0.00047459123229272315,0
0.007174000125814928,-1.3000242710113525,-0.0003659669600892812,0.00047576593050430854,0
0.007208000126411207,-1.303107500076294,-0.00036627225927077234,0.0004772921281256323,0
0.007242000127007486,-1.3060194253921509,-0.000366577529348433,0.0004787573742413148,0
0.007276000127603766,-1.3087600469589233,-0.00036673014983534813,0.0004799617681197632,0
0.007310000128200045,-1.3113293647766113,-0.0003670354199130088,0.00048130432404504264,0
0.007344000128796324,-1.3142412900924683,-0.0003670354199130088,0.0004823731037761035,0
0.007378000129392603,-1.3169820308685303,-0.00036734071909449995,0.00048378112625378084,0
0.007412000129988883,-1.3197226524353027,-0.0003674170293379575,0.0004848885765077887,0
0.007446000130585162,-1.3224632740020752,-0.00036779860965907574,0.0004864001535031526,0
0.007480000131181441,-1.3253751993179321,-0.0003679512592498213,0.00048767347356751603,0
0.0075140001317777205,-1.3281158208847046,-0.00036840917891822755,0.0004892900590804418,0
0.007548000132374,-1.3303426504135132,-0.0003684854891616851,0.0004902119622902761,0
0.007582000132970279,-1.333768367767334,-0.00036871444899588823,0.0004917796688094778,0
0.007616000133566558,-1.336337685585022,-0.0003687907592393458,0.0004928289896670504,0
0.007650000134162838,-1.3389071226119995,-0.0003691723686642945,0.0004942875138761668,0
0.007684000134759117,-1.3414764404296875,-0.0003693249891512096,0.0004954407718082976,0
0.007718000135355396,-1.3440457582473755,-0.00036947763874195516,0.000496594853118381,0
0.0077520001359516755,-1.347128987312317,-0.00036963025922887027,0.0004979396367949772,0
0.007786000136547955,-1.3493558168411255,-0.00036993552930653095,0.0004991746583259682,0
0.007820000137144234,-1.3519251346588135,-0.000370088208001107,0.0005003315504375355,0
0.007854000137740513,-1.3551796674728394,-0.0003703934489749372,0.0005019496710159735,0
0.007888000138336793,-1.357235074043274,-0.00037031713873147964,0.0005026074092057131,0
0.007922000138933072,-1.3601469993591309,-0.0003707750583998859,0.0005043085831198113,0
0.007956000139529351,-1.3627164363861084,-0.00037085136864334345,0.000505365255506568,0
0.00799000014012563,-1.3654570579528809,-0.0003713092883117497,0.0005070068884087398,0
0.00802400014072191,-1.3680263757705688,-0.0003715382481459528,0.0005082741230712541,0
0.008058000141318189,-1.3705956935882568,-0.00037169086863286793,0.0005094379038942873,0
0.008092000141914468,-1.3735076189041138,-0.0003717671788763255,0.0005106250526451216,0
0.008126000142510748,-1.375563144683838,-0.0003722251276485622,0.0005120191671185992,0
0.008160000143107027,-1.3786463737487793,-0.00037230143789201975,0.0005132720272912894,0
0.008194000143703306,-1.3812156915664673,-0.0003723777481354773,0.0005143339889149071,0
0.008228000144299585,-1.3836137056350708,-0.0003729119780473411,0.0005159661238217858,0
0.008262000144895865,-1.3863544464111328,-0.00037275932845659554,0.0005167765524470291,0
0.008296000145492144,-1.3889237642288208,-0.0003730646276380867,0.0005181583269197147,0
0.008330000146088423,-1.3914930820465088,-0.0003732172481250018,0.0005193292188663753,0
0.008364000146684702,-1.3940623998641968,-0.00037352251820266247,0.0005207136981289218,0
0.008398000147280982,-1.3964605331420898,-0.00037352251820266247,0.000521609454909866,0
0.008432000147877261,-1.3988585472106934,-0.00037382778828032315,0.0005229321968207995,0
0.00846600014847354,-1.4019417762756348,-0.00037405677721835673,0.0005244058226814424,0
0.00850000014906982,-1.4043397903442383,-0.0003743620472960174,0.0005257315190125289,0
0.008534000149666099,-1.4063953161239624,-0.0003748199378605932,0.0005271450049970129,0
0.008568000150262378,-1.4089646339416504,-0.0003748199378605932,0.0005281080365417828,0
0.008602000150858657,-1.411191463470459,-0.0003750489267986268,0.0005292658438819792,0
0.008636000151454937,-1.414103388786316,-0.0003752015472855419,0.0005305737794943539,0
0.008670000152051216,-1.4165014028549194,-0.00037550681736320257,0.0005319059335765625,0
0.008704000152647495,-1.418728232383728,-0.0003757357771974057,0.0005330669550266016,0
0.008738000153243775,-1.4214688539505005,-0.00037581208744086325,0.0005342051772353092,0
0.008772000153840054,-1.423524260520935,-0.0003761173866223544,0.0005354122246606537,0
0.008806000154436333,-1.426778793334961,-0.0003762700071092695,0.0005368540667115007,0
0.008840000155032612,-1.429348111152649,-0.00037642265670001507,0.0005380390133492285,0
0.008874000155628892,-1.431403636932373,-0.0003764989669434726,0.000538921990584168,0
0.008908000156225171,-1.4338016510009766,-0.00037703319685533643,0.0005405908201333576,0
0.00894200015682145,-1.4361997842788696,-0.00037741477717645466,0.0005420430215644818,0
0.00897600015741773,-1.4385977983474731,-0.00037741477717645466,0.0005429480675098498,0
0.009010000158014009,-1.4411671161651611,-0.00037756742676720023,0.0005441377595919866,0
0.009044000158610288,-1.4433939456939697,-0.0003776437370106578,0.0005450886836304292,0
0.009078000159206567,-1.4459632635116577,-0.00037810165667906404,0.0005467211054308238,0
0.009112000159802847,-1.4481900930404663,-0.00037817799602635205,0.0005476736272512599,0
0.009146000160399126,-1.4509307146072388,-0.0003784069267567247,0.0005490422326514637,0
0.009180000160995405,-1.4531574249267578,-0.0003785595763474703,0.0005501066591464543,0
0.009214000161591684,-1.4557268619537354,-0.0003788648173213005,0.000551523691623812,0
0.009248000162187964,-1.4579535722732544,-0.0003790938062593341,0.0005527011690624611,0
0.009282000162784243,-1.460351586341858,-0.0003793227660935372,0.0005539446032002786,0
0.009316000163380522,-1.462749719619751,-0.0003793227660935372,0.0005548542697487099,0
0.009350000163976802,-1.465319037437439,-0.000379780656658113,0.0005564998262516246,0
0.00938400016457308,-1.4675458669662476,-0.00037993333535268903,0.0005575695960195401,0
0.00941800016516936,-1.469943881034851,-0.00037993333535268903,0.0005584806815028473,0
0.00945200016576564,-1.4719994068145752,-0.0003803912259172648,0.0005599356589076829,0
0.009486000166361919,-1.4747400283813477,-0.0003806201566476375,0.0005613157806170499,0
0.009520000166958198,-1.4771380424499512,-0.0003808491164818406,0.0005625667183887795,0
0.009554000167554477,-1.4793648719787598,-0.0003806964959949255,0.0005631890230602954,0
0.009588000168150757,-1.4815915822982788,-0.00038115441566333175,0.0005647151738026115,0
0.009622000168747036,-1.4839895963668823,-0.00038138337549753487,0.0005659689614656259,0
0.009656000169343315,-1.4863877296447754,-0.00038153599598445,0.0005671104228490847,0
0.009690000169939594,-1.488785743713379,-0.00038184126606211066,0.0005684798332747376,0
0.009724000170535874,-1.491355061531067,-0.00038207025500014424,0.0005698024086549305,0
0.009758000171132153,-1.4927253723144531,-0.0003821465652436018,0.000570439873881945,0
0.009792000171728432,-1.4954661130905151,-0.00038252814556472003,0.0005720578789953946,0
0.009826000172324711,-1.4975215196609497,-0.00038268076605163515,0.000573072682322661,0
0.00986000017292099,-1.5002621412277222,-0.0003828334156423807,0.0005743504798851606,0
0.00989400017351727,-1.5023176670074463,-0.0003829097549896687,0.000575252089790472,0
0.00992800017411355,-1.5047156810760498,-0.00038313871482387185,0.0005765148322228048,0
0.009962000174709829,-1.506771206855774,-0.0003835202951449901,0.0005778773379692993,0
0.009996000175306108,-1.5095118284225464,-0.0003835202951449901,0.0005789284219614686,0
0.010030000175902387,-1.5108821392059326,-0.00038397821481339633,0.0005801458266057394,0
0.010064000176498666,-1.513622760772705,-0.0003840545250568539,0.0005813136705038052,0
0.010098000177094946,-1.5158495903015137,-0.00038435979513451457,0.0005826316379830276,0
0.010132000177691225,-1.5180763006210327,-0.0003845124156214297,0.000583719185449437,0
0.010166000178287504,-1.5203031301498413,-0.00038466506521217525,0.0005848075027013629,0
0.010200000178883784,-1.5223585367202759,-0.0003847413754556328,0.0005857143173543834,0
0.010234000179480063,-1.525099277496338,-0.00038504667463712394,0.0005872344052914452,0
0.010268000180076342,-1.526640772819519,-0.00038527563447132707,0.0005881774923578373,0
0.010302000180672621,-1.529038906097412,-0.00038550456520169973,0.0005894514786715654,0
0.0103360001812689,-1.5316082239151,-0.0003856572147924453,0.0005906757617883014,0
0.01037000018186518,-1.5338350534439087,-0.0003858861746266484,0.0005918857412817308,0
0.01040400018246146,-1.5355478525161743,-0.00038626775494776666,0.000593132621606287,0
0.010438000183057738,-1.5381172895431519,-0.0003864967147819698,0.000594477279357776,0
0.010472000183654018,-1.540001392364502,-0.00038664936437271535,0.0005954405594908313,0
0.010506000184250297,-1.542056918144226,-0.00038664936437271535,0.0005962353272270134,0
0.010540000184846576,-1.544626235961914,-0.00038695463445037603,0.0005977002804991027,0
0.010574000185442856,-1.5468530654907227,-0.00038718359428457916,0.0005989161297268175,0
0.010608000186039135,-1.5485659837722778,-0.0003872599045280367,0.0005996975150310176,0
0.010642000186635414,-1.5509639978408813,-0.00038748886436223984,0.0006009812781900825,0
0.010676000187231693,-1.552848219871521,-0.0003877941344399005,0.0006021854313416168,0
0.010710000187827973,-1.555417537689209,-0.00038802309427410364,0.0006035379258623741,0
0.010744000188424252,-1.5571304559707642,-0.00038825205410830677,0.0006045590980452535,0
0.010778000189020531,-1.5595284700393677,-0.00038825205410830677,0.0006054901319331694,0
0.01081200018961681,-1.5619266033172607,-0.00038840470369905233,0.0006066596395611079,0
0.01084600019021309,-1.5639820098876953,-0.0003888626233674586,0.0006081741472644397,0
0.010880000190809369,-1.565523624420166,-0.0003888626233674586,0.0006087736235357577,0
0.010914000191405648,-1.568435549736023,-0.0003892442036885768,0.0006105044465938535,0
0.010948000192001928,-1.5701484680175781,-0.0003893205139320344,0.0006112910085182,0
0.010982000192598207,-1.5722039937973022,-0.00038947316352277994,0.0006123312631673844,0
0.011016000193194486,-1.5744307041168213,-0.0003895494737662375,0.0006133186522701145,0
0.011050000193790765,-1.576314926147461,-0.00039016001392155886,0.0006150150535304544,0
0.011084000194387045,-1.57854163646698,-0.0003903126635123044,0.0006161247905944987,0
0.011118000194983324,-1.580597162246704,-0.0003903126635123044,0.0006169270883365011,0
0.011152000195579603,-1.583166480064392,-0.00039046528399921954,0.0006181715492563876,0
0.011186000196175883,-1.5845367908477783,-0.0003907705540768802,0.000619190319714788,0
0.011220000196772162,-1.5865923166275024,-0.00039092323277145624,0.0006202357975063771,0
0.011254000197368441,-1.5891616344451904,-0.0003912285028491169,0.0006217253270292475,0
0.01128800019796472,-1.5912171602249146,-0.0003914574335794896,0.0006228937858092885,0
0.011322000198561,-1.5929300785064697,-0.0003916863934136927,0.0006239290374103895,0
0.011356000199157279,-1.5948141813278198,-0.0003918390430044383,0.0006249104625813996,0
0.011390000199753558,-1.5973836183547974,-0.0003920680028386414,0.000626283005015528,0
0.011424000200349838,-1.598925232887268,-0.00039214431308209896,0.0006270094371202128,0
0.011458000200946117,-1.6009806394577026,-0.00039244958315975964,0.0006283041846020208,0
0.011492000201542396,-1.6030361652374268,-0.00039260220364667475,0.0006293555309975288,0
0.011526000202138675,-1.6050915718078613,-0.0003927548532374203,0.0006304075047180169,0
0.011560000202734955,-1.606975793838501,-0.00039283119258470833,0.0006312702175483367,0
0.011594000203331234,-1.6093738079071045,-0.000393136462662369,0.000632703525942066,0
0.011628000203927513,-1.6114293336868286,-0.0003934417327400297,0.0006340035492338573,0
0.011662000204523792,-1.6133135557174683,-0.00039367066347040236,0.0006351142178650897,0
0.011696000205120072,-1.6151976585388184,-0.00039367066347040236,0.000635855933872817,0
0.011730000205716351,-1.617424488067627,-0.00039389965240843594,0.0006371029436467307,0
0.01176400020631263,-1.6193087100982666,-0.0003942049224860966,0.0006383394645453483,0
0.01179800020690891,-1.6217067241668701,-0.00039443388232029974,0.000639656079198074,0
0.011832000207505189,-1.6234196424484253,-0.0003945101925637573,0.0006404555957541143,0
0.011866000208101468,-1.624961256980896,-0.000394891801988706,0.0006416838789310188,0
0.011900000208697747,-1.6266741752624512,-0.0003950444224756211,0.0006426085601225623,0
0.011934000209294027,-1.629586100578308,-0.00039527338230982423,0.0006441320097406653,0
0.011968000209890306,-1.6309564113616943,-0.0003953496925532818,0.0006447981157996496,0
0.012002000210486585,-1.633011817932129,-0.0003955786523874849,0.0006459846142704284,0
0.012036000211082865,-1.6352386474609375,-0.0003958076413255185,0.0006472399520558447,0
0.012070000211679144,-1.6367802619934082,-0.00039588395156897604,0.0006479750379680543,0
0.012104000212275423,-1.6390069723129272,-0.0003961128822993487,0.0006492317759116024,0
0.012138000212871702,-1.6407198905944824,-0.0003961892216466367,0.000650035536394783,0
0.012172000213467982,-1.642946720123291,-0.0003964181523770094,0.0006512939032451426,0
0.012206000214064261,-1.6444883346557617,-0.0003964181523770094,0.0006519050272297822,0
0.01224000021466054,-1.6463724374771118,-0.0003967997618019581,0.0006532801910282271,0
0.01227400021525682,-1.648427963256836,-0.00039695241139270365,0.0006543474550219641,0
0.012308000215853099,-1.6508259773254395,-0.00039741030195727944,0.0006560552501278238,0
0.012342000216449378,-1.6521962881088257,-0.00039741030195727944,0.0006565998257500247,0
0.012376000217045657,-1.6547657251358032,-0.00039756292244419456,0.0006578734976454767,0
0.012410000217641937,-1.6561360359191895,-0.0003977155720349401,0.0006586710908932786,0
0.012444000218238216,-1.6578489542007446,-0.00039817349170334637,0.0006601115068108517,0
0.012478000218834495,-1.6599043607711792,-0.00039824980194680393,0.0006610565829277583,0
0.012512000219430774,-1.6617885828018188,-0.00039847876178100705,0.0006621874568166833,0
0.012546000220027054,-1.663501501083374,-0.0003987077216152102,0.0006632508934004341,0
0.012580000220623333,-1.6653856039047241,-0.0003989366814494133,0.0006643834061553777,0
0.012614000221219612,-1.6676124334335327,-0.00039908933104015887,0.00066552633049324,0
0.012648000221815892,-1.669325351715088,-0.000399241951527074,0.0006664647111523508,0
0.01268200022241217,-1.671038269996643,-0.000399241951527074,0.0006671485799898853,0
0.01271600022300845,-1.6730936765670776,-0.0003994709113612771,0.0006683522557710403,0
0.01275000022360473,-1.6746352910995483,-0.0003998525207862258,0.0006696071425437294,0
0.012784000224201009,-1.6770334243774414,-0.0004000051412731409,0.0006708219918378777,0
0.012818000224797288,-1.678746223449707,-0.0004000814806204289,0.0006716352746637122,0
0.012852000225393567,-1.6806304454803467,-0.0004003104113508016,0.0006727738649589185,0
0.012886000225989847,-1.6825146675109863,-0.00040046306094154716,0.0006737849738304991,0
0.012920000226586126,-1.6842275857925415,-0.00040084467036649585,0.0006751136514491704,0
0.012954000227182405,-1.6861116886138916,-0.00040084467036649585,0.0006758688840235311,0
0.012988000227778684,-1.6878246068954468,-0.00040114994044415653,0.0006770707405362904,0
0.013022000228374964,-1.6897088289260864,-0.0004012262506876141,0.0006779555381837728,0
0.013056000228971243,-1.691593050956726,-0.00040153152076527476,0.0006792279302666251,0
0.013090000229567522,-1.6933059692382812,-0.00040153152076527476,0.0006799157209491646,0
0.013124000230163801,-1.6951900720596313,-0.0004017604805994779,0.000681060378058141,0
0.01315800023076008,-1.6972455978393555,-0.000401989440433681,0.0006822748081539709,0
0.01319200023135636,-1.6986159086227417,-0.0004021420609205961,0.0006830849022060603,0
0.01322600023195264,-1.7005001306533813,-0.00040259998058900237,0.0006846213195926473,0
0.013260000232548919,-1.702212929725647,-0.00040275263017974794,0.0006855707345729788,0
0.013294000233145198,-1.7040971517562866,-0.00040275263017974794,0.0006863296099516615,0
0.013328000233741477,-1.7056387662887573,-0.00040275263017974794,0.0006869504992593374,0
0.013362000234337756,-1.707522988319397,-0.0004030579002574086,0.0006882306303132718,0
0.013396000234934036,-1.7094072103500366,-0.00040321052074432373,0.00068925097144934,0
0.013430000235530315,-1.7112913131713867,-0.0004035921301692724,0.0006906637064230114,0
0.013464000236126594,-1.7135181427001953,-0.0004035921301692724,0.0006915624372960671,0
0.013498000236722874,-1.7145458459854126,-0.0004038974002469331,0.0006925006097976867,0
0.013532000237319153,-1.7162587642669678,-0.0004041263600811362,0.0006935854073605585,0
0.013566000237915432,-1.7181429862976074,-0.00040435531991533935,0.0006947402568846656,0
0.013600000238511711,-1.720198392868042,-0.0004044316301587969,0.0006957026402241648,0
0.01363400023910799,-1.7217400074005127,-0.00040473692934028804,0.0006968517637176083,0
0.01366800023970427,-1.7234529256820679,-0.000404584250645712,0.0006972819104602394,0
0.01370200024030055,-1.725165843963623,-0.0004049658600706607,0.0006986332697652559,0
0.013736000240896828,-1.7268787622451782,-0.0004051185096614063,0.0006995905505267005,0
0.013770000241493108,-1.7287629842758179,-0.00040519481990486383,0.000700485806071835,0
0.013804000242089387,-1.730133295059204,-0.0004052711301483214,0.0007011730757958828,0
0.013838000242685666,-1.7318460941314697,-0.0004057290789205581,0.0007026603206041274,0
0.013872000243281946,-1.733559012413025,-0.0004058816994074732,0.0007036198779813395,0
0.013906000243878225,-1.73527193069458,-0.0004060343198943883,0.000704579958211396,0
0.013940000244474504,-1.7373274564743042,-0.00040626327972859144,0.0007058123504297825,0
0.013974000245070783,-1.7393828630447388,-0.0004065685498062521,0.0007071783681859463,0
0.014008000245667063,-1.7404106855392456,-0.0004065685498062521,0.0007075962484869962,0
0.014042000246263342,-1.7421234846115112,-0.0004067211993969977,0.0007085585531588709,0
0.014076000246859621,-1.7445216178894043,-0.0004067975387442857,0.0007096671004436089,0
0.0141100002474559,-1.745720624923706,-0.0004071028088219464,0.0007106877698248443,0
0.01414400024805218,-1.7477761507034302,-0.00040717911906540394,0.0007116579533669454,0
0.014178000248648459,-1.748975157737732,-0.00040733173955231905,0.000712413093435102,0
0.014212000249244738,-1.751201868057251,-0.0004075606993865222,0.0007137210581123973,0
0.014246000249841018,-1.7525721788406372,-0.00040794230881147087,0.0007149483409949996,0
0.014280000250437297,-1.7544564008712769,-0.00040794230881147087,0.0007157169948804921,0
0.014314000251033576,-1.7556554079055786,-0.000408171268645674,0.0007166080951494583,0
0.014348000251629855,-1.7575396299362183,-0.00040824757888913155,0.0007175112987231613,0
0.014382000252226135,-1.7589099407196045,-0.0004084765096195042,0.0007184733933201931,0
0.014416000252822414,-1.7607941627502441,-0.00040840019937604666,0.0007191086871273789,0
0.014450000253418693,-1.7625070810317993,-0.0004088581190444529,0.0007206153299531906,0
0.014484000254014973,-1.76404869556427,-0.0004090107686351985,0.0007215149128826613,0
0.014518000254611252,-1.7657614946365356,-0.00040931603871285915,0.0007227545002963243,0
0.014552000255207531,-1.7671319246292114,-0.00040946865919977427,0.0007235851398070398,0
0.01458600025580381,-1.769187331199646,-0.00040969764813780785,0.0007248318887076999,0
0.01462000025640009,-1.7710715532302856,-0.00040969764813780785,0.0007256038500422224,0
0.014654000256996369,-1.772099256515503,-0.00040985026862472296,0.0007262953563125507,0
0.014688000257592648,-1.7739834785461426,-0.0004103081882931292,0.000727879947144211,0
0.014722000258188928,-1.7756963968276978,-0.0004103081882931292,0.0007285827715410101,0
0.014756000258785207,-1.777066707611084,-0.00041038449853658676,0.000729280629669038,0
0.014790000259381486,-1.7784370183944702,-0.0004105371190235019,0.0007301144098964124,0
0.014824000259977765,-1.7804924249649048,-0.0004106134583707899,0.0007310941522178337,0
0.014858000260574045,-1.7820340394973755,-0.0004109950677957386,0.0007324072008775377,0
0.014892000261170324,-1.7839182615280151,-0.00041122399852611125,0.0007335900005492994,0
0.014926000261766603,-1.785117268562317,-0.0004113766481168568,0.0007343555584366848,0
0.014960000262362882,-1.7866588830947876,-0.00041145295836031437,0.0007351260830300854,0
0.014994000262959162,-1.7883718013763428,-0.0004115292686037719,0.0007359673394120164,0
0.015028000263555441,-1.7899134159088135,-0.0004117582575418055,0.000737011629285314,0
0.01506200026415172,-1.7916263341903687,-0.00041183456778526306,0.0007378536569739857,0
0.015096000264748,-1.7931679487228394,-0.00041229245834983885,0.0007393096218130772,0
0.015130000265344279,-1.79470956325531,-0.00041229245834983885,0.0007399452178584974,0
0.015164000265940558,-1.7965937852859497,-0.0004123687685932964,0.0007408591669007362,0
0.015198000266536837,-1.7981352806091309,-0.00041259775753133,0.0007419065845172962,0
0.015232000267133117,-1.7993344068527222,-0.00041290302760899067,0.0007429506242705164,0
0.015266000267729396,-1.8010473251342773,-0.00041290302760899067,0.0007436578934150173,0
0.015300000268325675,-1.802760124206543,-0.00041320829768665135,0.0007449154420607618,0
0.015334000268921955,-1.8043017387390137,-0.000413437228417024,0.0007459655100922752,0
0.015368000269518234,-1.8055007457733154,-0.000413437228417024,0.0007464612242373894,0
0.015402000270114513,-1.807384967803955,-0.00041374252759851515,0.0007477920249227693,0
0.015436000270710792,-1.8085839748382568,-0.0004139714874327183,0.0007487021982107711,0
0.015470000271307072,-1.8101255893707275,-0.00041381886694580317,0.0007490641204229986,0
0.015504000271903351,-1.8118385076522827,-0.0004141241079196334,0.0007503260056759414,0
0.01553800027249963,-1.8133801221847534,-0.0004143530677538365,0.0007513796166310795,0
0.01557200027309591,-1.8149217367172241,-0.00041442937799729407,0.0007521568864614879,0
0.015606000273692189,-1.8164633512496948,-0.0004147346771787852,0.0007533503415876365,0
0.015640000274288468,-1.817833662033081,-0.00041481098742224276,0.0007540573763173339,0
0.015674000274884747,-1.8197178840637207,-0.0004150399472564459,0.000755255614623418,0
0.015708000275481027,-1.8209168910980225,-0.000415192567743361,0.000756031159662246,0
0.015742000276077306,-1.8226298093795776,-0.000415268907090649,0.0007568814889718951,0
0.015776000276673585,-1.8241714239120483,-0.00041557420627214015,0.0007580785915965692,0
0.015810000277269864,-1.8255417346954346,-0.00041572682675905526,0.0007589266724811541,0
0.015844000277866144,-1.8272546529769897,-0.0004158031370025128,0.0007597782168102703,0
0.015878000278462423,-1.8287962675094604,-0.0004159557865932584,0.0007606983899707126,0
0.01594600027965498,-1.8313655853271484,-0.00041641367715783417,0.0007626056776063872,0
0.01598000028025126,-1.8327358961105347,-0.00041648998740129173,0.0007633161502809717,0
0.01601400028084754,-1.8347914218902588,-0.00041679528658278286,0.0007647324165063821,0
0.01604800028144382,-1.836161732673645,-0.000416947907069698,0.0007655837914797466,0
0.0160820002820401,-1.8373607397079468,-0.000416947907069698,0.0007660837149532605,0
0.016116000282636378,-1.8389023542404175,-0.0004171768669039011,0.000767147522684225,0
0.016150000283232657,-1.8401013612747192,-0.00041725317714735866,0.0007677881392650562,0
0.016184000283828937,-1.8421568870544434,-0.0004173294873908162,0.0007687863893678926,0
0.016218000284425216,-1.8435271978378296,-0.0004174058267381042,0.0007694989941276799,0
0.016252000285021495,-1.8447262048721313,-0.00041771112591959536,0.0007705626600505201,0
0.016286000285617774,-1.8460965156555176,-0.0004180163668934256,0.0007716985584089314,0
0.016320000286214054,-1.8472955226898193,-0.00041794005664996803,0.0007720587954022154,0
0.016354000286810333,-1.849179744720459,-0.00041816901648417115,0.000773269675152205,0
0.016388000287406612,-1.8507213592529297,-0.0004183979763183743,0.0007743380714406167,0
0.01642200028800289,-1.852091670036316,-0.00041847428656183183,0.000775052740265559,0
0.01645600028859917,-1.8532906770706177,-0.00041877958574332297,0.0007761203020055958,0
0.01649000028919545,-1.8548322916030884,-0.0004189322062302381,0.0007770489841083701,0
0.01652400028979173,-1.856373906135559,-0.0004189322062302381,0.0007776948160856147,0
0.01655800029038801,-1.8574016094207764,-0.00041923747630789876,0.0007786923632237958,0
0.016592000290984288,-1.8591145277023315,-0.00041939009679481387,0.0007796942217257255,0
0.016626000291580567,-1.8606561422348022,-0.00041939009679481387,0.0007803407595937187,0
0.016660000292176846,-1.861855149269104,-0.000419695395976305,0.0007814120341230191,0
0.016694000292773126,-1.8633967638015747,-0.00041977170621976256,0.0007822012389053709,0
0.016728000293369405,-1.8649383783340454,-0.0004201532865408808,0.0007835599888532697,0
0.016762000293965684,-1.8661373853683472,-0.0004201532865408808,0.0007840637555993173,0
0.016796000294561964,-1.8676789999008179,-0.00042030593613162637,0.000784996570446693,0
0.016830000295158243,-1.869049310684204,-0.0004203822463750839,0.0007857151478112279,0
0.016864000295754522,-1.8704197406768799,-0.00042053492506965995,0.0007865768254943645,0
0.0168980002963508,-1.871961236000061,-0.0004207638558000326,0.0007876536275675805,0
0.01693200029694708,-1.8731603622436523,-0.00042099281563423574,0.0007885870550354002,0
0.01696600029754336,-1.874873161315918,-0.00042114543612115085,0.0007895942751942331,0
0.01703400029873592,-1.8777852058410645,-0.00042114543612115085,0.0007908206694557801,0
0.017068000299332198,-1.8789842128753662,-0.00042145070619881153,0.0007918992234527411,0
0.017136000300524756,-1.8818961381912231,-0.0004219086258672178,0.0007939882136890827,0
0.017170000301121036,-1.883095145225525,-0.0004219086258672178,0.0007944940850993301,0
0.017204000301717315,-1.8844654560089111,-0.0004221375857014209,0.000795503697937329,0
0.017238000302313594,-1.885664463043213,-0.00042221389594487846,0.0007961537393862822,0
0.017272000302909873,-1.8870347738265991,-0.00042236654553562403,0.0007970203587267383,0
0.017306000303506153,-1.8885763883590698,-0.00042259550536982715,0.0007981038932681241,0
0.017340000304102432,-1.889946699142456,-0.0004228244652040303,0.0007991157023290313,0
0.01737400030469871,-1.8914883136749268,-0.00042290077544748783,0.0007999118746029876,0
0.01740800030529499,-1.892858624458313,-0.0004230534250382334,0.0008007803241902485,0
0.01747600030648755,-1.8955992460250854,-0.00042343500535935163,0.000802663076899815,0
0.01751000030708383,-1.8966270685195923,-0.00042351134470663965,0.0008032430801957445,0
0.017544000307680108,-1.8979973793029785,-0.00042374030454084277,0.0008042579875235656,0
0.017578000308276387,-1.8993676900863647,-0.00042374030454084277,0.0008048386434322333,0
0.017612000308872666,-1.9005666971206665,-0.0004238929250277579,0.0008056367764528241,0
0.017646000309468945,-1.9024509191513062,-0.00042419819510541856,0.0008070162461806286,0
0.017714000310661504,-1.9046776294708252,-0.0004244271549396217,0.0008083969073534453,0
0.017748000311257783,-1.905876636505127,-0.0004245034942869097,0.0008090512918762088,0
0.017782000311854063,-1.9074182510375977,-0.00042457980453036726,0.0008098512681831982,0
0.017816000312450342,-1.9087885618209839,-0.00042473242501728237,0.0008107243947074773,0
0.01785000031304662,-1.9099876880645752,-0.0004251903446856886,0.0008121083234335982,0
0.0178840003136429,-1.9113579988479614,-0.0004249613848514855,0.0008122533421373937,0
0.01791800031423918,-1.9123857021331787,-0.0004251903446856886,0.0008131279358619889,0
0.01795200031483546,-1.9139273166656494,-0.00042541930451989174,0.0008142216279575232,0
0.01798600031543174,-1.9152976274490356,-0.00042564826435409486,0.0008152431108451978,0
0.018020000316028018,-1.9164966344833374,-0.00042580091394484043,0.0008160460185352159,0
0.018054000316624297,-1.9176956415176392,-0.000425877224188298,0.0008167028966475295,0
0.018088000317220576,-1.919066071510315,-0.0004260298446752131,0.0008175794203670109,0
0.018122000317816855,-1.9202650785446167,-0.00042618249426595867,0.0008183833608259618,0
0.018156000318413135,-1.9218066930770874,-0.0004264114541001618,0.0008194803864944242,0
0.018190000319009414,-1.9230057001113892,-0.0004266404139343649,0.0008204319478936663,0
0.018258000320201972,-1.9254037141799927,-0.00042679303442128,0.000821748893660882,0
0.018292000320798252,-1.926774024963379,-0.00042686937376856804,0.0008224808214296608,0
0.01832600032139453,-1.9279730319976807,-0.00042702199425548315,0.00082328688899444,0
0.01836000032199081,-1.9293434619903564,-0.0004270983044989407,0.0008240193214121977,0
0.01839400032258709,-1.9305424690246582,-0.00042740360368043184,0.0008251208083192574,0
0.01842800032318337,-1.9319127798080444,-0.0004274799139238894,0.0008258539088208047,0
0.018462000323779648,-1.9331117868423462,-0.00042755622416734695,0.0008265139764757068,0
0.018496000324375927,-1.934310793876648,-0.0004277088737580925,0.0008273218911471029,0
0.018530000324972207,-1.9355098009109497,-0.00042793783359229565,0.0008282778710984873,0
0.018564000325568486,-1.936708927154541,-0.00042809045407921076,0.0008290866040448486,0
0.018598000326164765,-1.9382505416870117,-0.0004281667643226683,0.0008298944628807869,0
0.018632000326761045,-1.939278244972229,-0.000428548373747617,0.0008310745381269816,0
0.018666000327357324,-1.9408198595046997,-0.0004283194139134139,0.0008312908247345673,0
0.018734000328549882,-1.9427040815353394,-0.0004287010233383626,0.0008328392277978137,0
0.01876800032914616,-1.9445881843566895,-0.0004288536438252777,0.0008339437286009471,0
0.01880200032974244,-1.9456160068511963,-0.00042915891390293837,0.0008349784523724313,0
0.018870000330935,-1.9476714134216309,-0.00042938790284097195,0.0008363065436324257,0
0.01890400033153128,-1.949041724205017,-0.00042954052332788706,0.0008371924022029104,0
0.018938000332127558,-1.9507546424865723,-0.0004296168335713446,0.0008380770325796816,0
0.019006000333320117,-1.952638864517212,-0.0004299221036490053,0.0008394826083000448,0
0.019040000333916396,-1.9538378715515137,-0.00043007475323975086,0.0008402963404779973,0
0.019074000334512675,-1.9557220935821533,-0.00043007475323975086,0.0008411066968028735,0
0.019142000335705234,-1.9576061964035034,-0.00043045636266469955,0.0008426640428337295,0
0.019176000336301513,-1.9589765071868896,-0.00043060898315161467,0.0008435528817776483,0
0.019210000336897792,-1.9603469371795654,-0.0004306852933950722,0.0008442925957953124,0
0.01927800033809035,-1.9625736474990845,-0.00043091425322927535,0.0008457009577195231,0
0.01931200033868663,-1.9639439582824707,-0.00043114321306347847,0.0008467411084505105,0
0.01934600033928291,-1.9651429653167725,-0.000431219523306936,0.0008474080127338773,0
0.019414000340475468,-1.967369794845581,-0.00043152482248842716,0.0008489689014898327,0
0.019448000341071747,-1.9683974981307983,-0.0004314485122449696,0.0008492621720752533,0
0.019482000341668027,-1.9697678089141846,-0.0004319064028095454,0.0008507553287181654,0
0.019516000342264306,-1.9711381196975708,-0.00043183009256608784,0.0008511967566895463,0
0.019584000343456864,-1.9733649492263794,-0.00043213533353991807,0.0008527607205299249,0
0.019618000344053144,-1.9752490520477295,-0.0004319064028095454,0.0008531227127228994,0
0.019686000345245702,-1.9764481782913208,-0.0004326695925556123,0.000855149028008588,0
0.01972000034584198,-1.9779897928237915,-0.0004327459027990699,0.0008559669786228769,0
0.01975400034643826,-1.9791887998580933,-0.000432974862633273,0.0008569389987438704,0
0.01978800034703454,-1.980387806892395,-0.00043282221304252744,0.0008571558332616039,0
0.01982200034763082,-1.9814155101776123,-0.0004333564720582217,0.0008586592351720115,0
0.0198560003482271,-1.9827858209609985,-0.0004333564720582217,0.0008592530682187231,0
0.019890000348823378,-1.9838136434555054,-0.0004333564720582217,0.0008596984817488447,0
0.019924000349419657,-1.9848413467407227,-0.0004335090925451368,0.0008604467710716379,0
0.019958000350015936,-1.9862116575241089,-0.00043373805237933993,0.0008614955759476475,0
0.020026000351208495,-1.988267183303833,-0.00043396701221354306,0.0008628423690206014,0
0.020060000351804774,-1.9894661903381348,-0.0004341959429439157,0.0008638181484689061,0
0.020128000352997333,-1.9916929006576538,-0.0004341959429439157,0.0008647849770557527,0
0.020162000353593612,-1.9928919076919556,-0.0004345775523688644,0.0008660660873804869,0
0.02019600035418989,-1.9939197301864624,-0.0004345775523688644,0.0008665127559644194,0
0.02023000035478617,-1.995461344718933,-0.0004345775523688644,0.0008671827070346368,0
0.02029800035597873,-1.9976880550384521,-0.0004351117822807282,0.0008692176100687024,0
0.020366000357171288,-1.9992296695709229,-0.00043526440276764333,0.0008701935081211407,0
0.020400000357767567,-2.0009424686431885,-0.0004351880925241858,0.0008707863361794646,0
0.020434000358363846,-2.0019702911376953,-0.00043526440276764333,0.000871386403130614,0
0.020502000359556405,-2.00402569770813,-0.00043572235153988004,0.0008731987895517351,0
0.020536000360152684,-2.0050535202026367,-0.00043587497202679515,0.0008739526470305514,0
0.020604000361345243,-2.0072803497314453,-0.00043618024210445583,0.0008755360289173786,0
0.020638000361941522,-2.008479356765747,-0.00043618024210445583,0.0008760590120958853,0
0.0206720003625378,-2.009506940841675,-0.0004363328916952014,0.000876813974379026,0
0.02070600036313408,-2.0107059478759766,-0.00043648554128594697,0.0008776440740255187,0
0.02074000036373036,-2.0117337703704834,-0.0004366381617728621,0.0008783997354709569,0
0.02077400036432664,-2.012932777404785,-0.0004366381617728621,0.0008789232676983671,0
0.02080800036492292,-2.013960599899292,-0.0004368671216070652,0.000879833170308042,0
0.020876000366115477,-2.0163586139678955,-0.00043724870192818344,0.0008816501865791734,0
0.020910000366711756,-2.0173864364624023,-0.000437477690866217,0.000882561559808398,0
0.020944000367308035,-2.018585443496704,-0.00043732504127547145,0.000882777962395262,0
0.021012000368500594,-2.0209834575653076,-0.00043763031135313213,0.0008844436197738351,0
0.021080000369693153,-2.0225250720977783,-0.00043778293184004724,0.0008854269557829683,0
0.021114000370289432,-2.02372407913208,-0.0004379355814307928,0.0008862607812502032,0
0.02118200037148199,-2.0256083011627197,-0.0004383171908557415,0.0008878589403397141,0
0.02121600037207827,-2.0269784927368164,-0.0004384698113426566,0.0008887688773059343,0
0.02128400037327083,-2.029205322265625,-0.0004386224609334022,0.0008900550321913059,0
0.021352000374463387,-2.0309183597564697,-0.00043892773101106286,0.0008914263875166167,0
0.021386000375059666,-2.0324599742889404,-0.0004390040412545204,0.0008922581424009035,0
0.021454000376252225,-2.034172773361206,-0.00043923300108872354,0.0008934758119764144,0
0.021488000376848504,-2.035200595855713,-0.00043930934043601155,0.0008940826314203509,0
0.021522000377444783,-2.0362281799316406,-0.0004395382711663842,0.0008950002139074265,0
0.021590000378637342,-2.0381124019622803,-0.0004396909207571298,0.0008961395186253204,0
0.02162400037923362,-2.039482831954956,-0.0004399198805913329,0.0008972090439016978,0
0.02169200038042618,-2.0413670539855957,-0.0004399198805913329,0.0008980379506324243,0
0.021760000381618738,-2.0434224605560303,-0.00044037780025973916,0.0008998778881810082,0
0.021794000382215017,-2.044450283050537,-0.00044022512156516314,0.0009000183743898549,0
0.021828000382811297,-2.045477867126465,-0.00044053042074665427,0.0009010952254331905,0
0.021862000383407576,-2.0465056896209717,-0.00044060673099011183,0.0009017041818565608,0
0.021896000384003855,-2.0475332736968994,-0.00044068307033739984,0.0009023132496707373,0
0.021964000385196414,-2.049417495727539,-0.0004412172711454332,0.0009042383949026123,0
0.021998000385792693,-2.050445318222046,-0.0004410646506585181,0.0009043789479760006,0
0.022032000386388972,-2.0516443252563477,-0.00044144626008346677,0.0009056907144058823,0
0.02210000038758153,-2.0533573627471924,-0.0004415225703269243,0.0009066036205998551,0
0.02216800038877409,-2.055412769317627,-0.00044175153016112745,0.0009079817359587822,0
0.022236000389966648,-2.0574681758880615,-0.0004419804608915001,0.0009093607326485995,0
0.022270000390562927,-2.0588386058807373,-0.00044205680023878813,0.0009101236063237261,0
0.022338000391755486,-2.060722827911377,-0.00044228576007299125,0.0009114283622425473,0
0.022406000392948044,-2.0624356269836426,-0.0004425147199071944,0.0009126581238012854,0
0.022474000394140603,-2.064491033554077,-0.0004426673403941095,0.0009138827550908696,0
0.02254200039533316,-2.066375255584717,-0.00044281998998485506,0.0009150322699829766,0
0.02261000039652572,-2.0682594776153564,-0.0004432015703059733,0.000916655848279338,0
0.022644000397122,-2.069458484649658,-0.00044335421989671886,0.0009175031520704952,0
0.02267800039771828,-2.070486307144165,-0.00044350686948746443,0.0009182749003981694,0
0.022746000398910837,-2.0720279216766357,-0.0004437358002178371,0.0009194329678988838,0
0.022780000399507117,-2.0730555057525635,-0.0004437358002178371,0.0009198889437411067,0
0.022814000400103396,-2.0740833282470703,-0.00044388844980858266,0.0009206616333494178,0
0.022882000401295954,-2.075453758239746,-0.00044411738053895533,0.0009217450865391663,0
0.022916000401892234,-2.0768239498138428,-0.00044419371988624334,0.0009225121558166516,0
0.022984000403084792,-2.0788793563842773,-0.0004443463694769889,0.000923742494590013,0
0.02305200040427735,-2.080935001373291,-0.00044457532931119204,0.0009251323635107167,0
0.02312000040546991,-2.0828192234039307,-0.0004448805993888527,0.0009266058645265654,0
0.023188000406662468,-2.084703207015991,-0.0004450332198757678,0.000927762180703666,0
0.023256000407855026,-2.086587429046631,-0.00044518584036268294,0.0009289191780903344,0
0.023324000409047585,-2.0883004665374756,-0.0004452622088138014,0.0009298412783973684,0
0.023392000410240144,-2.090013265609741,-0.0004457200993783772,0.0009315609204497005,0
0.023426000410836423,-2.091212272644043,-0.0004457200993783772,0.0009320953419841849,0
0.02349400041202898,-2.0925827026367188,-0.0004460253694560379,0.0009333449730608567,0
0.02352800041262526,-2.0939528942108154,-0.000446177989942953,0.0009342756933742105,0
0.02359600041381782,-2.095323324203491,-0.0004464832891244441,0.0009355268495695387,0
0.0236300004144141,-2.096350908279419,-0.0004464832891244441,0.0009359856486876109,0
0.023698000415606657,-2.0980639457702637,-0.0004467885592021048,0.0009373909674445791,0
0.023732000416202936,-2.0990917682647705,-0.00044717013952322304,0.0009386511588870064,0
0.023800000417395495,-2.101147174835205,-0.00044701751903630793,0.0009392495972249809,0
0.023868000418588053,-2.1032025814056396,-0.00044701751903630793,0.0009401683999707075,0
0.023936000419780612,-2.1045730113983154,-0.0004473991284612566,0.0009415841310826886,0
0.02400400042097317,-2.106285810470581,-0.00044755174894817173,0.0009426718982608259,0
0.02403800042156945,-2.107313632965088,-0.0004476280591916293,0.0009432927116322237,0
0.02410600042276201,-2.1090264320373535,-0.00044793332926928997,0.0009447032312194237,0
0.024174000423954567,-2.110568046569824,-0.0004481622891034931,0.0009458770070594202,0
0.024242000425147125,-2.112623453140259,-0.0004483912780415267,0.000947281930174064,0
0.024310000426339684,-2.1138226985931396,-0.0004486965190153569,0.0009484648866743897,0
0.024344000426935963,-2.1150217056274414,-0.0004486965190153569,0.0009490028769569558,0
0.024378000427532243,-2.116049289703369,-0.00044884916860610247,0.0009497869644128909,0
0.0244460004287248,-2.117762327194214,-0.00044907809933647513,0.0009510406807427679,0
0.02451400042991736,-2.1194751262664795,-0.0004493070882745087,0.0009522951976530386,0
0.02458200043110992,-2.1208455562591553,-0.0004494597378652543,0.0009532346877689293,0
0.024650000432302477,-2.122558355331421,-0.0004496123583521694,0.0009543284678806621,0
0.024684000432898756,-2.1237573623657227,-0.0004497649788390845,0.0009551916851437692,0
0.024752000434091315,-2.1249563694000244,-0.0004498413181863725,0.0009558931742994353,0
0.024786000434687594,-2.1263267993927,-0.0004499176284298301,0.0009566719108495547,0
0.024854000435880153,-2.128039598464966,-0.0004502229276113212,0.0009580922180937174,0
0.02492200043707271,-2.1297526359558105,-0.0004503755480982363,0.0009591885107322617,0
0.02499000043826527,-2.1311228275299072,-0.00045060450793243945,0.0009602935530427029,0
0.025058000439457828,-2.133007049560547,-0.0004508334386628121,0.0009616309028454006,0
0.025126000440650387,-2.1345486640930176,-0.0004508334386628121,0.000962325914226167,0
0.025194000441842945,-2.136604070663452,-0.0004512913874350488,0.0009642310154490824,0
0.025262000443035504,-2.137803077697754,-0.0004512913874350488,0.0009647721169971368,0
0.025330000444228062,-2.1398587226867676,-0.0004515966575127095,0.0009663530467147602,0
0.0254320004460169,-2.1417429447174072,-0.00045167296775616705,0.0009673673920113438,0
0.02546600044661318,-2.142770528793335,-0.00045182558824308217,0.0009681585546419888,0
0.025534000447805738,-2.1443121433258057,-0.0004520545480772853,0.0009693460568877821,0
0.025568000448402017,-2.1453399658203125,-0.00045228353701531887,0.0009703019478415342,0
0.025636000449594576,-2.146710157394409,-0.00045251246774569154,0.000971413110857286,0
0.025670000450190855,-2.147737979888916,-0.0004523598472587764,0.0009715504245344231,0
0.025738000451383414,-2.1492795944213867,-0.00045274142757989466,0.0009730679118466756,0
0.025806000452575972,-2.1504786014556885,-0.0004528177378233522,0.0009737748555486911,0
0.02587400045376853,-2.152020215988159,-0.00045297035831026733,0.0009748013683270954,0
0.02590800045436481,-2.153219223022461,-0.00045304669765755534,0.0009755088583230931,0
0.02597600045555737,-2.1545896530151367,-0.0004533519968390465,0.0009767875215631605,0
0.026044000456749927,-2.1563024520874023,-0.0004537335771601647,0.0009783868250248517,0
0.026112000457942486,-2.157501459121704,-0.0004536572378128767,0.0009787661525224034,0
0.026146000458538765,-2.158529281616211,-0.0004538861976470798,0.0009797266481426647,0
0.026180000459135044,-2.1595571041107178,-0.0004541151865851134,0.0009806876772744458,0
0.026248000460327603,-2.1605846881866455,-0.0004539625078905374,0.0009808244435591043,0
0.02631600046152016,-2.162126302719116,-0.00045419149682857096,0.0009820193817644193,0
0.02635000046211644,-2.163325309753418,-0.0004544204566627741,0.0009830592751682854,0
0.026418000463309,-2.1645243167877197,-0.0004542678070720285,0.0009832737147412382,0
0.026486000464501558,-2.1664085388183594,-0.0004545730771496892,0.0009847909958540235,0
0.026554000465694116,-2.167778968811035,-0.0004548783472273499,0.0009860757144869725,0
0.026622000466886675,-2.169491767883301,-0.000455030967714265,0.00098718593858807,0
0.026690000468079234,-2.1710333824157715,-0.0004553362668957561,0.000988550235655264,0
0.02679200046986807,-2.173088788986206,-0.0004557941865641624,0.0009904812369076685,0
0.02686000047106063,-2.1746304035186768,-0.0004557941865641624,0.0009911838958494915,0
0.02692800047225319,-2.1758296489715576,-0.00045587049680761993,0.0009918965430454132,0
0.026996000473445747,-2.1775424480438232,-0.00045609945664182305,0.000993175927367293,0
0.027064000474638306,-2.179084062576294,-0.0004562521062325686,0.0009942116932082565,0
0.027132000475830864,-2.1804542541503906,-0.0004564810369629413,0.000995336018984827,0
0.027200000477023423,-2.1816534996032715,-0.0004567099967971444,0.000996382962816289,0
0.02726800047821598,-2.183023691177368,-0.00045678630704060197,0.0009971753300750535,0
0.02733600047940854,-2.184736490249634,-0.00045693895663134754,0.0009982912123690998,0
0.0274040004806011,-2.1861069202423096,-0.00045716791646555066,0.0009994179458980984,0
0.027472000481793657,-2.1874773502349854,-0.0004572442558128387,0.0010002114531156361,0
0.027540000482986216,-2.189190149307251,-0.0004573968762997538,0.0010013287359193282,0
0.027608000484178774,-2.190217971801758,-0.00045747318654321134,0.0010019659947843595,0
0.027676000485371333,-2.1919307708740234,-0.0004578547668643296,0.0010035859520812762,0
0.02774400048656389,-2.193301200866699,-0.0004579311062116176,0.0010043808451681568,0
0.02781200048775645,-2.194500207901001,-0.00045800741645507514,0.0010050973706308627,0
0.02788000048894901,-2.1958703994750977,-0.00045823637628927827,0.0010062276946563586,0
0.027948000490141567,-2.1975834369659424,-0.00045861798571422696,0.0010078512893002683,0
0.028050000491930405,-2.199810028076172,-0.0004586942959576845,0.0010090403120690539,0
0.028152000493719243,-2.2011804580688477,-0.0004592285258695483,0.001010844856931814,0
0.0282200004949118,-2.2027220726013184,-0.0004592285258695483,0.0010115528103010196,0
0.02828800049610436,-2.204263687133789,-0.0004593048361130059,0.001012428971568835,0
0.028356000497296918,-2.2056338787078857,-0.0004593811754602939,0.0010132266838358758,0
0.028424000498489477,-2.2068331241607666,-0.000459533795947209,0.0010141144025676355,0
0.028492000499682035,-2.2082033157348633,-0.0004598390660248697,0.00101541815030054,0
0.028560000500874594,-2.209573745727539,-0.0004597627557814121,0.0010158797144379506,0
0.028628000502067152,-2.210772752761841,-0.0004601443652063608,0.0010172746249351161,0
0.02866200050266343,-2.2118003368377686,-0.00046029698569327593,0.0010180850280017972,0
0.02873000050385599,-2.2129993438720703,-0.00046029698569327593,0.0010186369273255114,0
0.02879800050504855,-2.214369773864746,-0.0004604496352840215,0.0010196057547599835,0
0.028866000506241107,-2.215397596359253,-0.0004606022557709366,0.0010204171303125828,0
0.028934000507433666,-2.2165966033935547,-0.0004607549053616822,0.0010213077582216235,0
0.029002000508626224,-2.2181382179260254,-0.00046098383609205484,0.0010225258646819335,0
0.029070000509818783,-2.219508409500122,-0.00046106017543934286,0.0010233269366732231,0
0.02913800051101134,-2.220707416534424,-0.00046144178486429155,0.0010247271939470143,0
0.02917200051160762,-2.2217352390289307,-0.00046144178486429155,0.0010252014741934032,0
0.02924000051280018,-2.2227630615234375,-0.0004615180951077491,0.0010258453740301654,0
0.029308000513992738,-2.2237906455993652,-0.0004618233651854098,0.0010269984794185338,0
0.029376000515185297,-2.225161075592041,-0.0004618233651854098,0.0010276313760095024,0
0.029444000516377855,-2.2263600826263428,-0.0004618233651854098,0.0010281851054729646,0
0.029546000518166693,-2.2285869121551514,-0.0004622049746103585,0.001030063957149649,0
0.02961400051935925,-2.229785919189453,-0.0004623575950972736,0.0010309584551781992,0
0.02971600052114809,-2.231327533721924,-0.0004625865549314767,0.0010321821167481732,0
0.029784000522340648,-2.2328691482543945,-0.0004627391754183918,0.0010332360284804054,0
0.029886000524129486,-2.23458194732666,-0.0004628918250091374,0.0010343697157305098,0
0.029988000525918324,-2.236294984817505,-0.00046319709508679807,0.0010358453407246435,0
0.030056000527110882,-2.2374939918518066,-0.00046334974467754364,0.0010367422698420725,0
0.03012400052830344,-2.2388641834259033,-0.0004632734344340861,0.001037206299487184,0
0.030192000529496,-2.240063190460205,-0.0004636550147552043,0.0010386165316254165,0
0.030260000530688558,-2.241091012954712,-0.0004637313249986619,0.0010392641048800819,0
0.030328000531881116,-2.2422900199890137,-0.000464036624180153,0.0010405046913085497,0
0.030396000533073675,-2.2434890270233154,-0.000463883945485577,0.0010407185415091738,0
0.030464000534266233,-2.2445168495178223,-0.00046411293442361057,0.001041709301392954,0
0.030532000535458792,-2.245715856552124,-0.0004641892446670681,0.0010424371471897884,0
0.03056600053605507,-2.2467434406280518,-0.00046441820450127125,0.0010434285546714883,0
0.03063400053724763,-2.2477712631225586,-0.00046457082498818636,0.0010442489500935848,0
0.030736000539036468,-2.2493128776550293,-0.0004647997848223895,0.0010454801415322873,0
0.030804000540229026,-2.250511884689331,-0.00046487609506584704,0.001046209176853656,0
0.030872000541421585,-2.251539707183838,-0.00046502877376042306,0.0010470307491046021,0
0.030940000542614143,-2.2530813217163086,-0.00046525770449079573,0.0010482634437728178,0
0.03104200054440298,-2.2542803287506104,-0.00046533404383808374,0.0010489933813221664,0
0.03111000054559554,-2.255650520324707,-0.0004654103540815413,0.0010498031073485348,0
0.03114400054619182,-2.256678342819214,-0.00046548666432499886,0.001050453674253382,0
0.031246000547980657,-2.2580487728118896,-0.00046563928481191397,0.0010514362156425483,0
0.031314000549173215,-2.2590763568878174,-0.00046579193440265954,0.0010522595462380893,0
0.031382000550365774,-2.260104179382324,-0.0004660209233406931,0.0010532558365219102,0
0.03145000055155833,-2.261474370956421,-0.0004662498540710658,0.0010544120954438865,0
0.03151800055275089,-2.2626736164093018,-0.00046617354382760823,0.0010547985782867544,0
0.03158600055394345,-2.2638726234436035,-0.0004664788139052689,0.0010560486162165816,0
0.03165400055513601,-2.2649002075195312,-0.000466631434392184,0.0010568736325899941,0
0.031756000556924846,-2.266099214553833,-0.0004667840839829296,0.0010577790460799472,0
0.031790000557521125,-2.26712703704834,-0.00046686039422638714,0.001058431822277689,0
0.031858000558713684,-2.2681548595428467,-0.00046686039422638714,0.0010589116718926692,0
0.03192600055990624,-2.2695250511169434,-0.0004670130438171327,0.0010598978021413574,0
0.03202800056169508,-2.27055287361145,-0.0004673183138947934,0.0010610709405050808,0
0.03209600056288764,-2.271751880645752,-0.0004673183138947934,0.0010616312584506987,0
0.0321640005640802,-2.272779703140259,-0.0004677762044593692,0.001063152263107242,0
0.032232000565272756,-2.2738072872161865,-0.00046762358397245407,0.0010632859129107164,0
0.032334000567061594,-2.2755203247070312,-0.0004677762044593692,0.0010644342606616064,0
0.03240200056825415,-2.277233123779297,-0.00046815784298814833,0.0010661045472096786,0
0.03253800057063927,-2.2784321308135986,-0.000468386773718521,0.0010671874748883967,0
0.03260600057183183,-2.2799737453460693,-0.00046846308396197855,0.0010680835320971624,0
0.032708000573620666,-2.281001567840576,-0.000468386773718521,0.0010683909652077356,0
0.032776000574813224,-2.282029390335083,-0.00046853942330926657,0.001069220734522397,0
0.03284400057600578,-2.2830569744110107,-0.0004689210036303848,0.001070573367786161,0
0.03287800057660206,-2.2840847969055176,-0.0004688446642830968,0.0010708809697992927,0
0.03294600057779462,-2.2852838039398193,-0.00046907365322113037,0.0010719664225611325,0
0.03304800057958346,-2.286311626434326,-0.0004689973429776728,0.0010722740780166606,0
0.03311600058077602,-2.287339210510254,-0.00046922630281187594,0.0010732797210243616,0
0.033184000581968576,-2.2883670330047607,-0.0004694552335422486,0.0010742858799096325,0
0.033252000583161134,-2.2895660400390625,-0.00046968419337645173,0.0010753729786978639,0
0.03335400058494997,-2.2909364700317383,-0.0004696078831329942,0.0010758418260837788,0
0.03345600058673881,-2.292649269104004,-0.00046998949255794287,0.0010775210665995294,0
0.03359200058912393,-2.2943620681762695,-0.00046998949255794287,0.0010783260641663572,0
0.033694000590912765,-2.2959036827087402,-0.00047044738312251866,0.0010801018794316802,0
0.03376200059210532,-2.296931505203247,-0.00047044738312251866,0.0010805854158345354,0
0.03383000059329788,-2.298130512237549,-0.0004705236933659762,0.0010813248564550543,0
0.03393200059508672,-2.2991583347320557,-0.00047090527368709445,0.001082685784866963,0
0.03400000059627928,-2.3001859188079834,-0.0004709816421382129,0.0010833453412633781,0
0.034102000598068116,-2.301727533340454,-0.0004712105728685856,0.0010845983495727518,0
0.03423800060045323,-2.30309796333313,-0.00047128688311204314,0.0010854198606409654,0
0.03434000060224207,-2.3048107624053955,-0.00047136322245933115,0.001086403028126355,0
0.03440800060343463,-2.3060097694396973,-0.0004715921531897038,0.0010874961124465593,0
0.03451000060522347,-2.307037591934204,-0.0004715921531897038,0.0010879808254698406,0
0.034578000606416026,-2.308065414428711,-0.0004717448027804494,0.0010888178637340484,0
0.034646000607608585,-2.3092644214630127,-0.0004719737626146525,0.0010899122178700468,0
0.03474800060939742,-2.3104634284973145,-0.0004721264122053981,0.0010908308090282204,0
0.03488400061178254,-2.31217622756958,-0.00047243168228305876,0.0010923453049255932,0
0.0349520006129751,-2.313204050064087,-0.00047243168228305876,0.0010928308808357615,0
0.035054000614763936,-2.3144030570983887,-0.00047273695236071944,0.0010941038477470244,0
0.035156000616552774,-2.3156020641326904,-0.00047273695236071944,0.0010946706626782793,0
0.03525800061834161,-2.317143678665161,-0.00047296591219492257,0.0010959299736665665,0
0.03536000062013045,-2.318342685699463,-0.00047311856178566813,0.0010968509571844531,0
0.03542800062132301,-2.3197131156921387,-0.00047311856178566813,0.0010974993330516158,0
0.035530000623111846,-2.3209121227264404,-0.00047342380275949836,0.001098775043011771,0
0.035632000624900684,-2.322111129760742,-0.00047342380275949836,0.0010993426814814855,0
0.0357680006272858,-2.323823928833008,-0.0004736527625937015,0.0011006856236731033,0
0.03590400062967092,-2.3253655433654785,-0.0004739580617751926,0.0011021257458523198,0
0.03597200063086348,-2.3263933658599854,-0.00047433964209631085,0.0011035005965372574,0
0.036074000632652314,-2.327421188354492,-0.0004742633318528533,0.0011038105274139287,0
0.03614200063384487,-2.328620195388794,-0.0004742633318528533,0.0011043791724849317,0
0.03624400063563371,-2.3296477794647217,-0.000474568601930514,0.0011055776896910993,0
0.03634600063742255,-2.3308467864990234,-0.000474568601930514,0.0011061467007830728,0
0.036448000639211386,-2.3320460319519043,-0.00047479753266088665,0.0011072497020223754,0
0.036550000641000224,-2.333245038986206,-0.0004747212224174291,0.0011076409371069337,0
0.03668600064338534,-2.3347866535186768,-0.0004751028318423778,0.0011092637508345118,0
0.03678800064517418,-2.3358142375946045,-0.00047487387200817466,0.0011092171512983723,0
0.03685600064636674,-2.3368420600891113,-0.00047525548143312335,0.0011105969983008224,0
0.036924000647559296,-2.337869882583618,-0.00047540810192003846,0.001111442283415101,0
0.037026000649348134,-2.339240074157715,-0.00047556075151078403,0.001112450767630585,0
0.03719600065232953,-2.3407816886901855,-0.0004760186711791903,0.0011142557889708832,0
0.03729800065411837,-2.3419806957244873,-0.0004759423609357327,0.0011146478215890224,0
0.037400000655907206,-2.343008518218994,-0.0004761712916661054,0.001115673392505026,0
0.037468000657099765,-2.344036340713501,-0.0004761712916661054,0.0011161628120698389,0
0.03760400065948488,-2.3452353477478027,-0.00047632394125685096,0.0011170917440141148,0
0.03774000066187,-2.3471193313598633,-0.00047647656174376607,0.0011183473490086748,0
0.037876000664255116,-2.348489761352539,-0.00047678183182142675,0.001119717250431529,0
0.037978000666043954,-2.349688768386841,-0.0004768581420648843,0.0011204682205236752,0
0.03808000066783279,-2.3508877754211426,-0.00047701082075946033,0.001121398907267021,0
0.03821600067021791,-2.3522582054138184,-0.0004770871310029179,0.0011222321185989509,0
0.03831800067200675,-2.353628396987915,-0.00047739240108057857,0.001123604311689494,0
0.038454000674391864,-2.354656219482422,-0.00047762133181095123,0.0011246340395061338,0
0.0385560006761807,-2.3560264110565186,-0.0004775450215674937,0.0011251086832815699,0
0.03869200067856582,-2.3570542335510254,-0.0004777739814016968,0.0011261391855433983,0
0.03879400068035466,-2.3580820560455322,-0.0004778503207489848,0.0011268102668337832,0
0.038896000682143494,-2.359452247619629,-0.00047792663099244237,0.0011276450636923951,0
0.03899800068393233,-2.3604800701141357,-0.0004783082113135606,0.0011290370001776004,0
0.03906600068512489,-2.3615078926086426,-0.0004783082113135606,0.0011295286161164958,0
0.03923600068810629,-2.363220691680908,-0.0004783845506608486,0.0011305282687021911,0
0.039372000690491404,-2.364248514175415,-0.00047853717114776373,0.0011313807958638067,0
0.03950800069287652,-2.3657901287078857,-0.00047899509081617,0.0011332018575524322,0
0.03961000069466536,-2.3669891357421875,-0.00047876613098196685,0.0011332342305956367,0
0.039746000697050476,-2.3681881427764893,-0.00047899509081617,0.0011343504945190014,0
0.03991600070003187,-2.369900941848755,-0.0004794530104845762,0.0011362561411196181,0
0.04005200070241699,-2.3710999488830566,-0.0004796819412149489,0.0011373738262948907,0
0.04015400070420583,-2.3721277713775635,-0.00047960563097149134,0.0011376858365365339,0
0.040222000705398386,-2.3731555938720703,-0.0004796819412149489,0.0011383598820736696,0
0.04039200070837978,-2.374354600906372,-0.00047975825145840645,0.0011391162116730635,0
0.04049400071016862,-2.3753821849823,-0.0004799109301529825,0.0011399718738636794,0
0.04063000071255374,-2.3769237995147705,-0.00048021620023064315,0.0011414373152407661,0
0.040800000715535134,-2.3781228065490723,-0.00048036882071755826,0.0011423760481035078,0
0.04093600071792025,-2.379322052001953,-0.0004804451309610158,0.0011431336948725113,0
0.04107200072030537,-2.38069224357605,-0.0004805977805517614,0.0011441554084394429,0
0.041242000723286765,-2.3822338581085205,-0.0004808267403859645,0.0011454417408314002,0
0.04137800072567188,-2.3832616806030273,-0.00048105570022016764,0.0011464816165703828,0
0.04148000072746072,-2.384289264678955,-0.00048105570022016764,0.0011469759417475633,0
0.04161600072984584,-2.385488271713257,-0.0004813609702978283,0.0011482809491059828,0
0.041752000732230954,-2.3868587017059326,-0.0004813609702978283,0.0011489406206169825,0
0.04188800073461607,-2.3878865242004395,-0.00048151359078474343,0.0011497998146542537,0
0.04202400073700119,-2.389256715774536,-0.00048174255061894655,0.0011510066243406725,0
0.042228000740578864,-2.390455722808838,-0.0004818952002096921,0.0011519491391353692,0
0.0423300007423677,-2.3914835453033447,-0.0004820478498004377,0.001152809500846605,0
0.04243200074415654,-2.3925113677978516,-0.0004822004702873528,0.0011536701067199617,0
0.042602000747137936,-2.3935389518737793,-0.0004822004702873528,0.0011541656082446339,0
0.042704000748926774,-2.394566774368286,-0.00048235311987809837,0.0011550267543729772,0
0.04284000075131189,-2.395594596862793,-0.0004825057403650135,0.001155888144573708,0
0.04297600075369701,-2.3974785804748535,-0.00048265838995575905,0.0011571631516054115,0
0.043146000756678404,-2.3985064029693604,-0.0004829636891372502,0.0011583915007973983,0
0.0433160007596598,-2.399876832962036,-0.00048288734978996217,0.0011588701636913654,0
0.04345200076204492,-2.401075839996338,-0.00048288734978996217,0.0011594491490205389,0
0.043622000765026314,-2.4021034240722656,-0.00048319261986762285,0.0011606786466704655,0
0.04375800076741143,-2.4031312465667725,-0.0004835742001887411,0.0011620922705070993,0
0.04389400076979655,-2.4041590690612793,-0.0004835742001887411,0.0011625892989478165,0
0.044064000772777945,-2.405358076095581,-0.00048372684977948666,0.0011635362847413622,0
0.04420000077516306,-2.4067282676696777,-0.00048380318912677467,0.0011643828112601479,0
0.04433600077754818,-2.4077560901641846,-0.0004838794993702322,0.0011650638115142734,0
0.044506000780529575,-2.4091262817382812,-0.0004840321489609778,0.0011660945712681503,0
0.04471000078410725,-2.410325527191162,-0.0004841847694478929,0.0011670429096774237,0
0.04484600078649237,-2.41135311126709,-0.00048456634976901114,0.001168460575130842,0
0.045016000789473765,-2.4123809337615967,-0.00048441372928209603,0.0011685904445724801,0
0.04518600079245516,-2.4137511253356934,-0.0004848716489505023,0.0011703594882976481,0
0.045288000794244,-2.4147789478302,-0.0004847953387070447,0.001170673577915983,0
0.045492000797821674,-2.415977954864502,-0.00048494795919395983,0.001171623578669137,0
0.04569600080139935,-2.4175195693969727,-0.0004852532292716205,0.0011731091778772185,0
0.045900000804977026,-2.4187185764312744,-0.0004854058497585356,0.0011740601459193784,0
0.0461040008085547,-2.419917583465576,-0.00048563480959273875,0.0011751962148764256,0
0.04630800081213238,-2.421116590499878,-0.00048578748828731477,0.001176148147349683,0
0.046478000815113774,-2.4223155975341797,-0.0004859401087742299,0.001177100304951273,0
0.04661400081749889,-2.4235148429870605,-0.00048586379853077233,0.0011774981274094015,0
0.04678400082048029,-2.4245424270629883,-0.0004859401087742299,0.0011781824107347239,0
0.04695400082346168,-2.425570249557495,-0.00048624537885189056,0.001179422324927959,0
0.04715800082703936,-2.426769256591797,-0.00048624537885189056,0.001180005336557599,0
0.047294000829424476,-2.4277970790863037,-0.00048655064892955124,0.0011812462442987101,0
0.04749800083300215,-2.4289960861206055,-0.00048647430958226323,0.0011816441939735411,0
0.04763400083538727,-2.430023670196533,-0.00048670326941646636,0.0011827004650440537,0
0.047838000838964945,-2.43105149269104,-0.00048693225835449994,0.0011837573935121262,0
0.04804200084254262,-2.4325931072235107,-0.00048708487884141505,0.001184879318902425,0
0.048246000846120296,-2.4337921142578125,-0.0004871611890848726,0.001185649060367222,0
0.04848400085029425,-2.4348199367523193,-0.0004871611890848726,0.0011861497755958142,0
0.04865400085327565,-2.436018943786621,-0.00048754276940599084,0.001187663422179186,0
0.04885800085685332,-2.437046527862549,-0.00048754276940599084,0.0011881644133653613,0
0.04899400085923844,-2.4380743503570557,-0.0004876954189967364,0.0011890376918425802,0
0.049266000864008674,-2.4394447803497314,-0.00048800071817822754,0.0011904508047667975,0
0.04947000086758635,-2.440643787384033,-0.00048800071817822754,0.0011910359210606375,0
0.049674000871164026,-2.441671371459961,-0.00048815333866514266,0.0011919100319012776,0
0.04991200087533798,-2.442870616912842,-0.0004882296489086002,0.0011926818636244924,0
0.05008200087831938,-2.4438982009887695,-0.0004883822984993458,0.0011935566206973114,0
0.05032000088249333,-2.4452686309814453,-0.0004885349189862609,0.0011945991125361655,0
0.050592000887263566,-2.446467638015747,-0.000488840218167752,0.0011959317739079628,0
0.05079600089084124,-2.447495222091675,-0.000488687539473176,0.001196060417956335,0
0.05100000089441892,-2.4485230445861816,-0.0004889165284112096,0.0011971233866939213,0
0.051136000896804035,-2.4495508670806885,-0.0004891454591415823,0.0011981866835688443,0
0.05144200090217055,-2.450578451156616,-0.0004892217693850398,0.0011988763258916901,0
0.051646000905748224,-2.451606273651123,-0.0004893744480796158,0.001199753467076542,0
0.0518500009093259,-2.45263409614563,-0.0004893744480796158,0.001200256457142515,0
0.052088000913499855,-2.4540042877197266,-0.0004897560575045645,0.0012018634650529103,0
0.05239400091886637,-2.4550321102142334,-0.0004898323677480221,0.001202554191443661,0
0.052564000921847764,-2.45640230178833,-0.0004900612984783947,0.0012037877015997067,0
0.05290400092781056,-2.457430124282837,-0.0004902139189653099,0.001204666451808098,0
0.05310800093138823,-2.4584579467773438,-0.0004902139189653099,0.0012051703047011308,0
0.05338000093615847,-2.4594855308532715,-0.000490519218146801,0.0012064249196375165,0
0.05358400093973614,-2.4606845378875732,-0.000490366539452225,0.0012066373615275267,0
0.0538220009439101,-2.461883783340454,-0.0004908245173282921,0.001208352919676428,0
0.05412800094927661,-2.462911367416382,-0.0004905955283902586,0.001208293303676014,0
0.054400000954046845,-2.4642817974090576,-0.0004908245173282921,0.0012095299237741969,0
0.05474000096000964,-2.4654808044433594,-0.0004911297583021224,0.0012108709915847893,0
0.05501200096477987,-2.466508626937866,-0.0004914350574836135,0.0012121288088630389,0
0.055352000970742665,-2.468050003051758,-0.0004912823787890375,0.0012125094764695588,0
0.05572600097730174,-2.4692492485046387,-0.0004915876779705286,0.001213852504402868,0
0.05596400098147569,-2.4702768325805664,-0.0004915876779705286,0.0012143576520726729,0
0.056372000988631044,-2.4713046550750732,-0.0004918929771520197,0.001215617404234523,0
0.05657600099220872,-2.47233247756958,-0.0004918166669085622,0.0012159343186080585,0
0.056848000996978953,-2.473360061645508,-0.0004919692873954773,0.0012168171870001743,0
0.057256001004134305,-2.4747304916381836,-0.0004923508386127651,0.00121843563289864,0
0.05756200100950082,-2.4757580757141113,-0.0004923508386127651,0.0012189415647801682,0
0.05783400101427105,-2.476785898208618,-0.0004925035173073411,0.0012198257664849665,0
0.05827600102202268,-2.477813720703125,-0.0004926561377942562,0.0012207101378152174,0
0.05851400102619664,-2.4788413047790527,-0.0004926561377942562,0.0012212163834173229,0
0.05888800103275571,-2.4798691272735596,-0.0004928087582811713,0.001222101225311495,0
0.059126001036929665,-2.4808969497680664,-0.0004929614369757473,0.0012229865253464145,0
0.059568001044681296,-2.481924533843994,-0.0004931140574626625,0.001223871877199939,0
0.05997600105183665,-2.483466148376465,-0.0004933429881930351,0.0012252006107162927,0
0.060486001060780836,-2.4844939708709717,-0.0004933429881930351,0.0012257076797370647,0
0.06082600106674363,-2.4856929779052734,-0.0004935719771310687,0.0012268683976455197,0
0.06126800107449526,-2.4867208003997803,-0.0004935719771310687,0.0012273757020262732,0
0.06160800108045805,-2.487919807434082,-0.0004938009078614414,0.001228537059597412,0
0.06211800108940224,-2.4892899990081787,-0.0004939535865560174,0.0012295937229881149,0
0.062492001095961314,-2.4903178215026855,-0.000494029896799475,0.001230291456354865,0
0.06310400110669434,-2.4915168285369873,-0.0004944114480167627,0.0012318344429551042,0
0.06347800111325341,-2.492544651031494,-0.0004944114480167627,0.0012323426101629176,0
0.06402200112279388,-2.493743658065796,-0.0004947167471982539,0.0012336967508645852,0
0.06443000112994923,-2.4947712421417236,-0.0004947167471982539,0.0012342051139161009,0
0.06504200114068226,-2.4957990646362305,-0.000494869367685169,0.0012350945049857676,0
0.06541600114724133,-2.4968268871307373,-0.000495022046379745,0.0012359843551234262,0
0.06589200115558924,-2.497854471206665,-0.000494869367685169,0.0012361116627356145,0
0.06643600116512971,-2.498882293701172,-0.0004952509771101177,0.0012375738976386774,0
0.06691200117347762,-2.5000813007354736,-0.0004952509771101177,0.0012381677070439773,0
0.06769400118719204,-2.5011091232299805,-0.0004954035975970328,0.0012390584576308927,0
0.06806800119375112,-2.502136707305908,-0.0004957088967785239,0.0012403314267676602,0
0.06871400120508042,-2.503164529800415,-0.0004957088967785239,0.0012408409275224963,0
0.06942800121760229,-2.504192352294922,-0.000495861517265439,0.0012417326193334688,0
0.0699040012259502,-2.5052199363708496,-0.0004961668164469302,0.0012430070003285054,0
0.07065200123906834,-2.5062477588653564,-0.0004960905062034726,0.0012433257193668334,0
0.07129800125039765,-2.5072755813598633,-0.0004962431266903877,0.0012442182739684782,0
0.07208000126411207,-2.508303165435791,-0.0004963194369338453,0.0012449196147284736,0
0.07279400127663394,-2.5095021724700928,-0.0004964720574207604,0.0012458977066680949,0
0.0735080012891558,-2.5107014179229736,-0.0004966246779076755,0.001246876282998341,0
0.0746640013094293,-2.5119004249572754,-0.0004969299770891666,0.0012482386206242868,0
0.07561600132612512,-2.513099431991577,-0.0004969299770891666,0.0012488344431623721,0
0.0764660013410321,-2.514127016067505,-0.0004970826557837427,0.0012497289341244916,0
0.07748600135892048,-2.5151548385620117,-0.0004971589660272002,0.0012504317789377994,0
0.07874400138098281,-2.5163538455963135,-0.0004973115865141153,0.0012514119231843979,0
0.07993400140185258,-2.5173816680908203,-0.0004974642070010304,0.0012523072752357312,0
0.08112400142272236,-2.518409252166748,-0.000497693195939064,0.001253395149393377,0
0.08238200144478469,-2.519608497619629,-0.0004979221266694367,0.00125456882150915,0
0.08360600146625075,-2.5206360816955566,-0.0004979221266694367,0.0012550804783575675,0
0.08554400150023866,-2.5216639041900635,-0.0004979984369128942,0.001255784682706318,0
0.08724400153005263,-2.5228629112243652,-0.0004983037360943854,0.001257152014317059,0
0.08931800156642566,-2.523890733718872,-0.0004984563565813005,0.0012580493795388142,0
0.09125600160041358,-2.5249183177948,-0.0004984563565813005,0.0012585615853533821,0
0.09343200163857546,-2.5259461402893066,-0.000498532666824758,0.0012592666655741325,0
0.09611800168568152,-2.5269739627838135,-0.000498532666824758,0.0012597790686633414,0
0.0997560017494834,-2.528001546859741,-0.0004987616557627916,0.001260870237282663,0
0.10390400182222947,-2.529029369354248,-0.0004988379660062492,0.0012615758665787402,0
0.1086300019051123,-2.530056953430176,-0.0004991432069800794,0.0012628607415773874,0
0.11553200202615699,-2.5310847759246826,-0.0004992958856746554,0.0012637602149129512,0
0.1251880021955003,-2.5321125984191895,-0.0004994485061615705,0.001264659854713357,0
0.12525600219669286,-2.5310847759246826,-0.0004991432069800794,0.0012633737721935018,0
0.12559600220265565,-2.5321125984191895,-0.0004992958856746554,0.0012642734024556623,0
0.12576600220563705,-2.5310847759246826,-0.000499372195918113,0.0012639533626084137,0
0.12753400223664357,-2.5321125984191895,-0.0004994485061615705,0.001264659854713357,0
0.141100002474559,-2.533140182495117,-0.0004995248164050281,0.0012653663845890728,0
0.14120200247634784,-2.5321125984191895,-0.0004992195754311979,0.001264080176326815,0
0.15075600264390232,-2.533140182495117,-0.0004996011266484857,0.0012655596891331111,0
0.15089200264628744,-2.5321125984191895,-0.0004992958856746554,0.0012642734024556623,0
0.15269400267789024,-2.533140182495117,-0.000499372195918113,0.0012649797755009962,0
0.1540540027017414,-2.5321125984191895,-0.0004994485061615705,0.001264659854713357,0
0.1558900027339405,-2.533140182495117,-0.0004996011266484857,0.0012655596891331111,0
0.1579980027709098,-2.5321125984191895,-0.0004994485061615705,0.001264659854713357,0
0.15820200277448748,-2.533140182495117,-0.0004992958856746554,0.0012647864709569578,0
0.16017400280907168,-2.5321125984191895,-0.0004995248164050281,0.0012648530808422043,0
0.16027600281086052,-2.533140182495117,-0.0004995248164050281,0.0012653663845890728,0
0.3506420061494282,-2.534168004989624,-0.0004995248164050281,0.0012658798074319383,0
0.3506760061500245,-2.533140182495117,-0.0004996774368919432,0.0012657529936771494,0
0.3752580065811344,-2.534168004989624,-0.0004996011266484857,0.0012660731904093614,0
0.3752920065817307,-2.5329689979553223,-0.0004996011266484857,0.0012654741651441648,0
0.3759040065924637,-2.533996820449829,-0.0004997538053430617,0.0012663745537470211,0
0.3767200066067744,-2.5329689979553223,-0.0004996774368919432,0.0012656674566250692,0
0.3912040068607894,-2.533996820449829,-0.0004996011266484857,0.001265987666420415,0
0.39334600689835497,-2.5329689979553223,-0.0004997538053430617,0.0012658608955441741,0
0.3977660069758713,-2.534168004989624,-0.0004996011266484857,0.0012660731904093614,0
0.3978680069776601,-2.5329689979553223,-0.0004996011266484857,0.0012654741651441648,0
0.39865000699137454,-2.533996820449829,-0.0004996774368919432,0.0012661810363347042,0
0.4018460070474248,-2.5329689979553223,-0.0004995248164050281,0.0012652808736632604,0
0.40470200709751225,-2.533996820449829,-0.0004996011266484857,0.001265987666420415,0
0.40551800711182295,-2.5327978134155273,-0.0004996774368919432,0.001265581919572989,0
0.4064020071273262,-2.533825397491455,-0.0004996774368919432,0.0012660953801502395,0
0.4178940073288686,-2.5327978134155273,-0.0004996011266484857,0.0012653886411552184,0
0.4197300073610677,-2.533825397491455,-0.0004995248164050281,0.0012657086664843165,0
0.4278900075041747,-2.5327978134155273,-0.0004995248164050281,0.001265195362737448,0
0.4290460075244482,-2.533825397491455,-0.0004996011266484857,0.001265902023317278,0
0.43737600767053664,-2.5327978134155273,-0.0004997538053430617,0.0012657753454189957,0
0.43832800768723246,-2.533825397491455,-0.000499372195918113,0.0012653219528183934,0
0.4418640077492455,-2.5327978134155273,-0.0004996774368919432,0.001265581919572989,0
0.4418980077498418,-2.533996820449829,-0.0004995248164050281,0.0012657942965061258,0
0.4422040077552083,-2.5327978134155273,-0.0004996774368919432,0.001265581919572989,0
0.4428500077665376,-2.533825397491455,-0.0004996011266484857,0.001265902023317278,0
0.44373400778204086,-2.5327978134155273,-0.0004996011266484857,0.0012653886411552184,0
0.4448220078011218,-2.533825397491455,-0.0004995248164050281,0.0012657086664843165,0
0.4531520079472102,-2.5327978134155273,-0.0004996774368919432,0.001265581919572989,0
0.45461400797285023,-2.533996820449829,-0.0004994485061615705,0.0012656009265918367,0
0.45505600798060186,-2.5329689979553223,-0.0004996011266484857,0.0012654741651441648,0
0.4551580079823907,-2.533996820449829,-0.0004996774368919432,0.0012661810363347042,0
0.45553200798894977,-2.5329689979553223,-0.0004996774368919432,0.0012656674566250692,0
0.45590600799550884,-2.533996820449829,-0.0004996774368919432,0.0012661810363347042,0
0.4564500080050493,-2.5329689979553223,-0.0004994485061615705,0.001265087582182356,0
0.4579120080306893,-2.533996820449829,-0.0004996011266484857,0.001265987666420415,0
0.45801400803247816,-2.5329689979553223,-0.0004995248164050281,0.0012652808736632604,0
0.45866000804380747,-2.533996820449829,-0.0004995248164050281,0.0012657942965061258,0
0.459578008059907,-2.5327978134155273,-0.0004998300573788583,0.00126596847640853,0
0.4597820080634847,-2.533825397491455,-0.0004996774368919432,0.0012660953801502395,0
0.5032340088255296,-2.5327978134155273,-0.0004996774368919432,0.001265581919572989,0
0.5040840088404366,-2.533825397491455,-0.0004996774368919432,0.0012660953801502395,0
0.5435920095333131,-2.5327978134155273,-0.0004996011266484857,0.0012653886411552184,0
0.544306009545835,-2.533825397491455,-0.0004995248164050281,0.0012657086664843165,0
0.5540300097163708,-2.5327978134155273,-0.0004995248164050281,0.001265195362737448,0
0.554166009718756,-2.533825397491455,-0.0004995248164050281,0.0012657086664843165,0
0.5833040102297673,-2.5327978134155273,-0.0004996774368919432,0.001265581919572989,0
0.5834740102327487,-2.533825397491455,-0.0004997538053430617,0.0012662888844712505,0
0.5900700103484269,-2.5327978134155273,-0.0004997538053430617,0.0012657753454189957,0
0.590206010350812,-2.533996820449829,-0.0004996011266484857,0.001265987666420415,0
0.5904780103555822,-2.5329689979553223,-0.0004997538053430617,0.0012658608955441741,0
0.5913620103710855,-2.534168004989624,-0.0004997538053430617,0.0012664601038721995,0
0.5914640103728743,-2.533140182495117,-0.0004994485061615705,0.0012651730800450345,0
0.6029560105744167,-2.534168004989624,-0.000499372195918113,0.001265493041477092,0
0.6031260105773981,-2.533140182495117,-0.0004996011266484857,0.0012655596891331111,0
0.6046560106042307,-2.534168004989624,-0.0004996011266484857,0.0012660731904093614,0
0.6051320106125786,-2.5329689979553223,-0.0004995248164050281,0.0012652808736632604,0
0.6056420106215228,-2.533996820449829,-0.0004998300573788583,0.0012665677761632826,0
0.6080560106638586,-2.5329689979553223,-0.0004996774368919432,0.0012656674566250692,0
0.6098240106948651,-2.533996820449829,-0.0004997538053430617,0.0012663745537470211,0
0.6203300108791154,-2.5329689979553223,-0.0004995248164050281,0.0012652808736632604,0
0.6209420108898485,-2.533996820449829,-0.0004995248164050281,0.0012657942965061258,0
0.6210440108916373,-2.5329689979553223,-0.000499372195918113,0.0012648942907014515,0
0.6239680109429173,-2.533996820449829,-0.0004996774368919432,0.0012661810363347042,0
0.6337600111146457,-2.5329689979553223,-0.0004996011266484857,0.0012654741651441648,0
0.6365480111635407,-2.533996820449829,-0.0004995248164050281,0.0012657942965061258,0
0.6396080112172058,-2.5327978134155273,-0.0004996774368919432,0.001265581919572989,0
0.639880011221976,-2.533825397491455,-0.0004996011266484857,0.001265902023317278,0
0.6410700112428458,-2.5327978134155273,-0.0004995248164050281,0.001265195362737448,0
0.6421580112619267,-2.533825397491455,-0.0004994485061615705,0.001265515309651355,0
0.6618440116071724,-2.5327978134155273,-0.0004997538053430617,0.0012657753454189957,0
0.6622520116143278,-2.533825397491455,-0.0004998300573788583,0.0012664820938161625,0
0.6636460116387752,-2.5327978134155273,-0.0004996011266484857,0.0012653886411552184,0
0.6640540116459306,-2.533825397491455,-0.0004996774368919432,0.0012660953801502395,0
0.6960820122076257,-2.5327978134155273,-0.0004997538053430617,0.0012657753454189957,0
0.6963540122123959,-2.533825397491455,-0.0004996774368919432,0.0012660953801502395,0
0.6984960122499615,-2.5327978134155273,-0.0004996011266484857,0.0012653886411552184,0
0.6988360122559243,-2.533825397491455,-0.0004995248164050281,0.0012657086664843165,0
0.7048540123614657,-2.5327978134155273,-0.0004995248164050281,0.001265195362737448,0
0.7055680123739876,-2.533825397491455,-0.0004995248164050281,0.0012657086664843165,0
0.7281100127693207,-2.5327978134155273,-0.0004996774368919432,0.001265581919572989,0
0.7282800127723021,-2.533825397491455,-0.0004998300573788583,0.0012664820938161625,0
0.7477620131139702,-2.5327978134155273,-0.0004995248164050281,0.001265195362737448,0
0.7479660131175478,-2.533825397491455,-0.0004995248164050281,0.0012657086664843165,0
0.8315380145832023,-2.5327978134155273,-0.0004996011266484857,0.0012653886411552184,0
0.8321840145945316,-2.533825397491455,-0.0004996011266484857,0.001265902023317278,0
0.8461240148390061,-2.5327978134155273,-0.0004998300573788583,0.00126596847640853,0
0.8462600148413912,-2.533825397491455,-0.0004999064258299768,0.0012666755981371736,0
0.8948460156934743,-2.5327978134155273,-0.0004995248164050281,0.001265195362737448,0
0.8949820156958594,-2.533825397491455,-0.0004995248164050281,0.0012657086664843165,0
0.8962740157185181,-2.5327978134155273,-0.0004995248164050281,0.001265195362737448,0
0.8972600157358102,-2.533825397491455,-0.0004996774368919432,0.0012660953801502395,0
0.9454040165801416,-2.5327978134155273,-0.0004996774368919432,0.001265581919572989,0
0.9455400165825267,-2.533825397491455,-0.0004996774368919432,0.0012660953801502395,0
1.0000080175377661,-2.533311605453491,-0.0004996774368919432,0.0012658386498616142,0
1.122102019679005,-2.534339427947998,-0.0004995248164050281,0.0012659654374537477,0
1.1222720196819864,-2.533140182495117,-0.0004995248164050281,0.0012653663845890728,0
1.139884019990859,-2.534168004989624,-0.0004997538053430617,0.0012664601038721995,0
1.140122019995033,-2.533140182495117,-0.0004996011266484857,0.0012655596891331111,0
1.141686020022462,-2.534168004989624,-0.0004996011266484857,0.0012660731904093614,0
1.1420260200284247,-2.533140182495117,-0.0004997538053430617,0.0012659464456693525,0
1.1438280200600275,-2.534168004989624,-0.0004996774368919432,0.0012662665733867845,0
1.146208020101767,-2.5329689979553223,-0.0004996011266484857,0.0012654741651441648,0
1.1473640201220405,-2.533996820449829,-0.0004996774368919432,0.0012661810363347042,0
1.1630380203969253,-2.5329689979553223,-0.0004997538053430617,0.0012658608955441741,0
1.1631060203981178,-2.533996820449829,-0.0004996774368919432,0.0012661810363347042,0
1.1673560204726527,-2.5329689979553223,-0.0004996011266484857,0.0012654741651441648,0
1.1680360204845783,-2.533996820449829,-0.0004996011266484857,0.001265987666420415,0
1.1786780206712137,-2.5329689979553223,-0.0004996011266484857,0.0012654741651441648,0
1.1793920206837356,-2.534339427947998,-0.0004996011266484857,0.0012661588335124985,0
1.1795280206861207,-2.533311605453491,-0.0004996774368919432,0.0012658386498616142,0
1.3533360237343004,-2.534510612487793,-0.0004996011266484857,0.0012662443575014448,0
1.3533700237348967,-2.533482789993286,-0.0004995248164050281,0.0012655375255366946,0
2.0000160350755323,-2.533825397491455,-0.0004996774368919432,0.0012660953801502395,0
2.0473780359061493,-2.5327978134155273,-0.0004997538053430617,0.0012657753454189957,0
2.047480035907938,-2.533825397491455,-0.0004998300573788583,0.0012664820938161625,0
2.2050360386710963,-2.5327978134155273,-0.0004995248164050281,0.001265195362737448,0
2.2055120386794442,-2.533825397491455,-0.0004996774368919432,0.0012660953801502395,0
2.2157800388595206,-2.5327978134155273,-0.0004996774368919432,0.001265581919572989,0
2.215814038860117,-2.534339427947998,-0.0004995248164050281,0.0012659654374537477,0
2.2160180388636945,-2.533140182495117,-0.0004996774368919432,0.0012657529936771494,0
2.220710038945981,-2.534168004989624,-0.0004995248164050281,0.0012658798074319383,0
2.2209140389495587,-2.5329689979553223,-0.0004999064258299768,0.001266247478505983,0
2.221798038965062,-2.533996820449829,-0.0004996774368919432,0.0012661810363347042,0
2.22812203907597,-2.5329689979553223,-0.0004999064258299768,0.001266247478505983,0
2.229346039097436,-2.533996820449829,-0.0004997538053430617,0.0012663745537470211,0
2.23808403925068,-2.5329689979553223,-0.0004998300573788583,0.001266054039586878,0
2.238832039263798,-2.533996820449829,-0.0004999064258299768,0.0012667612935755995,0
2.2391720392697607,-2.5329689979553223,-0.0004996011266484857,0.0012654741651441648,0
2.2398860392822826,-2.533996820449829,-0.0004996011266484857,0.001265987666420415,0
2.242266039324022,-2.5329689979553223,-0.0004996011266484857,0.0012654741651441648,0
2.2424360393270035,-2.533996820449829,-0.0004996011266484857,0.001265987666420415,0
2.247706039419427,-2.5329689979553223,-0.0004996774368919432,0.0012656674566250692,0
2.24859003943493,-2.533996820449829,-0.0004994485061615705,0.0012656009265918367,0
2.251888039492769,-2.5326263904571533,-0.0004995248164050281,0.0012651097327156385,0
2.2519220394933654,-2.53365421295166,-0.0004996774368919432,0.0012660098430981592,0
3.0000240526132984,-2.533482789993286,-0.0004997538053430617,0.0012661176650703015,0
4.0000320701510645,-2.533482789993286,-0.0004995248164050281,0.0012655375255366946,0
5.000040087688831,-2.533311605453491,-0.0004995248164050281,0.0012654520146108822,0
5.264798092332057,-2.534339427947998,-0.0004997538053430617,0.0012665457731479701,0
5.265206092339213,-2.533311605453491,-0.0004996774368919432,0.0012658386498616142,0
5.305394093044015,-2.534339427947998,-0.0004996011266484857,0.0012661588335124985,0
5.305938093053555,-2.533311605453491,-0.0004995248164050281,0.0012654520146108822,0
5.309134093109606,-2.534339427947998,-0.0004996774368919432,0.0012663522295712493,0
5.309168093110202,-2.533311605453491,-0.0004996774368919432,0.0012658386498616142,0
5.439796095401107,-2.534339427947998,-0.0004996011266484857,0.0012661588335124985,0
5.440068095405877,-2.533140182495117,-0.0004996774368919432,0.0012657529936771494,0
5.44479409548876,-2.534168004989624,-0.0004996774368919432,0.0012662665733867845,0
5.446290095514996,-2.533140182495117,-0.0004996011266484857,0.0012655596891331111,0
5.454076095651544,-2.534168004989624,-0.0004997538053430617,0.0012664601038721995,0
5.454144095652737,-2.533140182495117,-0.0004996774368919432,0.0012657529936771494,0
5.454382095656911,-2.534168004989624,-0.0004995248164050281,0.0012658798074319383,0
5.454790095664066,-2.533140182495117,-0.0004997538053430617,0.0012659464456693525,0
5.455062095668836,-2.534168004989624,-0.0004994485061615705,0.0012656864244545152,0
5.456252095689706,-2.533140182495117,-0.0004996774368919432,0.0012657529936771494,0
5.457612095713557,-2.534168004989624,-0.0004999064258299768,0.0012668468698270458,0
5.457782095716539,-2.533140182495117,-0.0004997538053430617,0.0012659464456693525,0
5.462440095798229,-2.534168004989624,-0.0004995248164050281,0.0012658798074319383,0
5.463086095809558,-2.533140182495117,-0.0004996011266484857,0.0012655596891331111,0
5.4631200958101545,-2.534168004989624,-0.0004997538053430617,0.0012664601038721995,0
5.464276095830428,-2.5329689979553223,-0.0004995248164050281,0.0012652808736632604,0
5.4643440958316205,-2.533996820449829,-0.0004997538053430617,0.0012663745537470211,0
5.4930740963354765,-2.5329689979553223,-0.0004998300573788583,0.001266054039586878,0
5.493244096338458,-2.533996820449829,-0.0004996011266484857,0.001265987666420415,0
5.497970096421341,-2.5329689979553223,-0.0004996011266484857,0.0012654741651441648,0
5.498106096423726,-2.533996820449829,-0.0004995248164050281,0.0012657942965061258,0
5.504974096544174,-2.5329689979553223,-0.0004996011266484857,0.0012654741651441648,0
5.5056540965561,-2.533996820449829,-0.0004997538053430617,0.0012663745537470211,0
5.506266096566833,-2.5327978134155273,-0.0004996774368919432,0.001265581919572989,0
5.506402096569218,-2.533996820449829,-0.0004996774368919432,0.0012661810363347042,0
5.529488096974092,-2.5329689979553223,-0.0004998300573788583,0.001266054039586878,0
5.52959009697588,-2.533996820449829,-0.0004998300573788583,0.0012665677761632826,0
5.544312097234069,-2.5329689979553223,-0.0004995248164050281,0.0012652808736632604,0
5.544516097237647,-2.533996820449829,-0.0004996011266484857,0.001265987666420415,0
5.545808097260306,-2.5329689979553223,-0.0004997538053430617,0.0012658608955441741,0
5.547848097296082,-2.534168004989624,-0.0004996011266484857,0.0012660731904093614,0
5.548868097313971,-2.533140182495117,-0.0004996011266484857,0.0012655596891331111,0
5.5511460973539215,-2.534339427947998,-0.0004996011266484857,0.0012661588335124985,0
5.551214097355114,-2.533140182495117,-0.0004997538053430617,0.0012659464456693525,0
5.554240097408183,-2.534168004989624,-0.0004996011266484857,0.0012660731904093614,0
5.556042097439786,-2.533140182495117,-0.0004996011266484857,0.0012655596891331111,0
5.560870097524457,-2.534168004989624,-0.0004997538053430617,0.0012664601038721995,0
5.561448097534594,-2.5329689979553223,-0.0004997538053430617,0.0012658608955441741,0
5.562026097544731,-2.533996820449829,-0.0004995248164050281,0.0012657942965061258,0
5.570560097694397,-2.5329689979553223,-0.0004997538053430617,0.0012658608955441741,0
5.571920097718248,-2.533996820449829,-0.0004996774368919432,0.0012661810363347042,0
5.572600097730174,-2.5329689979553223,-0.0004995248164050281,0.0012652808736632604,0
5.5746400977659505,-2.533996820449829,-0.0004996011266484857,0.001265987666420415,0
5.584194097933505,-2.5329689979553223,-0.0004996011266484857,0.0012654741651441648,0
5.584364097936486,-2.533996820449829,-0.0004998300573788583,0.0012665677761632826,0
5.584636097941257,-2.5329689979553223,-0.0004996011266484857,0.0012654741651441648,0
5.585010097947816,-2.533996820449829,-0.0004996774368919432,0.0012661810363347042,0
5.586472097973456,-2.5329689979553223,-0.0004996774368919432,0.0012656674566250692,0
5.589022098018177,-2.533996820449829,-0.0004996011266484857,0.001265987666420415,0
5.617276098513685,-2.5329689979553223,-0.0004997538053430617,0.0012658608955441741,0
5.617548098518455,-2.533996820449829,-0.0004996774368919432,0.0012661810363347042,0
5.620812098575698,-2.5329689979553223,-0.0004996011266484857,0.0012654741651441648,0
5.622444098604319,-2.533996820449829,-0.0004995248164050281,0.0012657942965061258,0
5.6251640986520215,-2.5329689979553223,-0.0004997538053430617,0.0012658608955441741,0
5.625674098660966,-2.533996820449829,-0.000499372195918113,0.0012654075566775475,0
5.645564099009789,-2.5329689979553223,-0.0004995248164050281,0.0012652808736632604,0
5.645870099015156,-2.533996820449829,-0.0004998300573788583,0.0012665677761632826,0
5.654064099158859,-2.5329689979553223,-0.0004996011266484857,0.0012654741651441648,0
5.6559680991922505,-2.533996820449829,-0.0004997538053430617,0.0012663745537470211,0
5.65715809921312,-2.5329689979553223,-0.0004995248164050281,0.0012652808736632604,0
5.658314099233394,-2.534168004989624,-0.0004996774368919432,0.0012662665733867845,0
5.659334099251282,-2.533140182495117,-0.0004996011266484857,0.0012655596891331111,0
5.665522099359805,-2.534168004989624,-0.0004995248164050281,0.0012658798074319383,0
5.665998099368153,-2.533140182495117,-0.0004997538053430617,0.0012659464456693525,0
5.673342099496949,-2.534168004989624,-0.0004996011266484857,0.0012660731904093614,0
5.67443009951603,-2.533140182495117,-0.0004996011266484857,0.0012655596891331111,0
5.677694099573273,-2.534168004989624,-0.0004995248164050281,0.0012658798074319383,0
5.67908809959772,-2.533140182495117,-0.0004996774368919432,0.0012657529936771494,0
5.685412099708628,-2.534168004989624,-0.0004996011266484857,0.0012660731904093614,0
5.688166099756927,-2.533140182495117,-0.0004994485061615705,0.0012651730800450345,0
5.690580099799263,-2.534168004989624,-0.0004998300573788583,0.0012666533393416307,0
5.691668099818344,-2.533140182495117,-0.0004994485061615705,0.0012651730800450345,0
5.6971080999137484,-2.534168004989624,-0.0004995248164050281,0.0012658798074319383,0
5.697890099927463,-2.533140182495117,-0.0004998300573788583,0.001266139602765226,0
5.698502099938196,-2.534168004989624,-0.0004996011266484857,0.0012660731904093614,0
5.699760099960258,-2.533140182495117,-0.0004997538053430617,0.0012659464456693525,0
5.702752100012731,-2.534168004989624,-0.0004997538053430617,0.0012664601038721995,0
5.703296100022271,-2.533140182495117,-0.0004996774368919432,0.0012657529936771494,0
5.707410100094421,-2.534168004989624,-0.0004997538053430617,0.0012664601038721995,0
5.707988100104558,-2.533140182495117,-0.0004996011266484857,0.0012655596891331111,0
5.7081921001081355,-2.534339427947998,-0.0004996011266484857,0.0012661588335124985,0
5.708328100110521,-2.533311605453491,-0.0004996774368919432,0.0012658386498616142,0
5.819576102061546,-2.534339427947998,-0.0004995248164050281,0.0012659654374537477,0
5.819610102062143,-2.533311605453491,-0.0004996774368919432,0.0012658386498616142,0
5.895736103397212,-2.534339427947998,-0.0004996774368919432,0.0012663522295712493,0
5.896246103406156,-2.533140182495117,-0.0004996774368919432,0.0012657529936771494,0
5.896994103419274,-2.534168004989624,-0.0004997538053430617,0.0012664601038721995,0
5.897198103422852,-2.533140182495117,-0.0004994485061615705,0.0012651730800450345,0
5.904848103557015,-2.534168004989624,-0.0004996774368919432,0.0012662665733867845,0
5.907058103595773,-2.533140182495117,-0.0004996011266484857,0.0012655596891331111,0
5.907840103609487,-2.534168004989624,-0.0004997538053430617,0.0012664601038721995,0
5.909778103643475,-2.533140182495117,-0.0004996774368919432,0.0012657529936771494,0
5.909982103647053,-2.534168004989624,-0.0004996011266484857,0.0012660731904093614,0
5.911546103674482,-2.533140182495117,-0.0004996774368919432,0.0012657529936771494,0
5.91202210368283,-2.534168004989624,-0.0004995248164050281,0.0012658798074319383,0
5.9126001036929665,-2.5329689979553223,-0.0004996011266484857,0.0012654741651441648,0
5.913348103706085,-2.533996820449829,-0.0004996774368919432,0.0012661810363347042,0
5.938304104143754,-2.5329689979553223,-0.0004997538053430617,0.0012658608955441741,0
5.939290104161046,-2.533996820449829,-0.0004996774368919432,0.0012661810363347042,0
5.94473010425645,-2.5329689979553223,-0.0004996011266484857,0.0012654741651441648,0
5.945070104262413,-2.533996820449829,-0.0004996011266484857,0.001265987666420415,0
5.950612104359607,-2.5329689979553223,-0.0004997538053430617,0.0012658608955441741,0
5.951122104368551,-2.533996820449829,-0.0004996011266484857,0.001265987666420415,0
5.95176810437988,-2.5329689979553223,-0.0004996774368919432,0.0012656674566250692,0
5.952278104388824,-2.533996820449829,-0.0004997538053430617,0.0012663745537470211,0
5.954896104434738,-2.5329689979553223,-0.0004996011266484857,0.0012654741651441648,0
5.955474104444875,-2.533996820449829,-0.0004996011266484857,0.001265987666420415,0
5.961968104558764,-2.5329689979553223,-0.0004996774368919432,0.0012656674566250692,0
5.963906104592752,-2.533996820449829,-0.0004996011266484857,0.001265987666420415,0
5.970128104701871,-2.5329689979553223,-0.0004996774368919432,0.0012656674566250692,0
5.971250104721548,-2.533996820449829,-0.0004996774368919432,0.0012661810363347042,0
5.982742104923091,-2.5329689979553223,-0.0004996011266484857,0.0012654741651441648,0
5.983320104933227,-2.533996820449829,-0.0004995248164050281,0.0012657942965061258,0
5.987162105000607,-2.5329689979553223,-0.0004996011266484857,0.0012654741651441648,0
5.988488105023862,-2.533996820449829,-0.0004995248164050281,0.0012657942965061258,0
5.9891681050357874,-2.5329689979553223,-0.0004996011266484857,0.0012654741651441648,0
5.989576105042943,-2.533996820449829,-0.0004997538053430617,0.0012663745537470211,0
5.992738105098397,-2.5329689979553223,-0.0004996774368919432,0.0012656674566250692,0
5.9939281051192665,-2.534168004989624,-0.0004996774368919432,0.0012662665733867845,0
5.994438105128211,-2.533140182495117,-0.0004996774368919432,0.0012657529936771494,0
5.99800810519082,-2.534168004989624,-0.0004999064258299768,0.0012668468698270458,0
5.998450105198572,-2.533140182495117,-0.0004996011266484857,0.0012655596891331111,0
6.000048105226597,-2.533482789993286,-0.0004996774368919432,0.0012659241869136945,0
7.000056122764363,-2.533311605453491,-0.0004998300573788583,0.0012662252851123462,0
7.004646122844861,-2.534339427947998,-0.0004996011266484857,0.0012661588335124985,0
7.0047481228466495,-2.533311605453491,-0.0004995248164050281,0.0012654520146108822,0
7.145644125317631,-2.534339427947998,-0.0004998300573788583,0.0012667390216887509,0
7.145678125318227,-2.533311605453491,-0.0004997538053430617,0.0012660321149451231,0
7.199636126264522,-2.534339427947998,-0.0004996774368919432,0.0012663522295712493,0
7.199670126265119,-2.533311605453491,-0.0004995248164050281,0.0012654520146108822,0
7.227516126753471,-2.534339427947998,-0.0004996011266484857,0.0012661588335124985,0
7.228434126769571,-2.533311605453491,-0.0004995248164050281,0.0012654520146108822,0
7.233568126859609,-2.534339427947998,-0.0004997538053430617,0.0012665457731479701,0
7.233670126861398,-2.533311605453491,-0.0004997538053430617,0.0012660321149451231,0
7.241796127003909,-2.534339427947998,-0.0004996011266484857,0.0012661588335124985,0
7.241932127006294,-2.533311605453491,-0.0004994485061615705,0.0012652586969855162,0
7.341654128755181,-2.534339427947998,-0.0004996774368919432,0.0012663522295712493,0
7.342130128763529,-2.533311605453491,-0.0004996011266484857,0.0012656453322362482,0
7.368378129223856,-2.534339427947998,-0.0004996774368919432,0.0012663522295712493,0
7.368650129228627,-2.533311605453491,-0.0004997538053430617,0.0012660321149451231,0
7.394048129674047,-2.534339427947998,-0.0004996011266484857,0.0012661588335124985,0
7.39411612967524,-2.533311605453491,-0.0004997538053430617,0.0012660321149451231,0
7.450828130669834,-2.534339427947998,-0.0004996774368919432,0.0012663522295712493,0
7.4509301306716225,-2.533311605453491,-0.0004996011266484857,0.0012656453322362482,0
7.4573901307849155,-2.534339427947998,-0.0004996774368919432,0.0012663522295712493,0
7.457458130786108,-2.533311605453491,-0.0004996774368919432,0.0012658386498616142,0
7.463136130885687,-2.534339427947998,-0.0004997538053430617,0.0012665457731479701,0
7.463374130889861,-2.533311605453491,-0.0004998300573788583,0.0012662252851123462,0
7.482244131220796,-2.534339427947998,-0.0004997538053430617,0.0012665457731479701,0
7.482856131231529,-2.533311605453491,-0.0004995248164050281,0.0012654520146108822,0
7.495232131448574,-2.534339427947998,-0.0004997538053430617,0.0012665457731479701,0
7.4953681314509595,-2.533140182495117,-0.0004996774368919432,0.0012657529936771494,0
7.504276131607185,-2.534168004989624,-0.0004996774368919432,0.0012662665733867845,0
7.507166131657868,-2.533140182495117,-0.0004996011266484857,0.0012655596891331111,0
7.507710131667409,-2.534168004989624,-0.0004996011266484857,0.0012660731904093614,0
7.508322131678142,-2.5329689979553223,-0.0004996011266484857,0.0012654741651441648,0
7.508968131689471,-2.533996820449829,-0.0004996011266484857,0.001265987666420415,0
7.513490131768776,-2.5329689979553223,-0.0004996011266484857,0.0012654741651441648,0
7.5136261317711615,-2.533996820449829,-0.0004996011266484857,0.001265987666420415,0
7.516788131826615,-2.5329689979553223,-0.0004996774368919432,0.0012656674566250692,0
7.516856131827808,-2.533996820449829,-0.0004996011266484857,0.001265987666420415,0
7.5169241318290005,-2.5329689979553223,-0.0004997538053430617,0.0012658608955441741,0
7.518658131859411,-2.533996820449829,-0.0004995248164050281,0.0012657942965061258,0
7.534774132142047,-2.5329689979553223,-0.0004995248164050281,0.0012652808736632604,0
7.536134132165898,-2.533996820449829,-0.0004995248164050281,0.0012657942965061258,0
7.5467421323519375,-2.5329689979553223,-0.0004997538053430617,0.0012658608955441741,0
7.5479661323734035,-2.533996820449829,-0.0004997538053430617,0.0012663745537470211,0
7.562960132636363,-2.5329689979553223,-0.0004998300573788583,0.001266054039586878,0
7.563334132642922,-2.533996820449829,-0.0004995248164050281,0.0012657942965061258,0
7.564694132666773,-2.5329689979553223,-0.0004996774368919432,0.0012656674566250692,0
7.565000132672139,-2.533996820449829,-0.0004996774368919432,0.0012661810363347042,0
7.568876132740115,-2.5329689979553223,-0.0004999064258299768,0.001266247478505983,0
7.57047413276814,-2.533996820449829,-0.0004995248164050281,0.0012657942965061258,0
7.583224132991745,-2.5329689979553223,-0.0004996774368919432,0.0012656674566250692,0
7.583564132997708,-2.533996820449829,-0.0004996774368919432,0.0012661810363347042,0
7.585638133034081,-2.5329689979553223,-0.0004996774368919432,0.0012656674566250692,0
7.586250133044814,-2.533996820449829,-0.0004996011266484857,0.001265987666420415,0
7.598014133251127,-2.5329689979553223,-0.0004996011266484857,0.0012654741651441648,0
7.598694133263052,-2.533996820449829,-0.0004997538053430617,0.0012663745537470211,0
7.599272133273189,-2.5329689979553223,-0.0004998300573788583,0.001266054039586878,0
7.6004281332934625,-2.533996820449829,-0.0004999064258299768,0.0012667612935755995,0
7.62548613373292,-2.5329689979553223,-0.0004997538053430617,0.0012658608955441741,0
7.625792133738287,-2.533996820449829,-0.0004996774368919432,0.0012661810363347042,0
7.62905613379553,-2.5327978134155273,-0.0004997538053430617,0.0012657753454189957,0
7.629294133799704,-2.533825397491455,-0.0004997538053430617,0.0012662888844712505,0
7.911494138748822,-2.5327978134155273,-0.0004996011266484857,0.0012653886411552184,0
7.911664138751803,-2.533825397491455,-0.0004996774368919432,0.0012660953801502395,0
7.948384139395785,-2.5327978134155273,-0.0004996774368919432,0.001265581919572989,0
7.948418139396381,-2.533825397491455,-0.0004996774368919432,0.0012660953801502395,0
8.000064140302129,-2.533482789993286,-0.0004996774368919432,0.0012659241869136945,0
9.000072157839895,-2.53365421295166,-0.0004996774368919432,0.0012660098430981592,0
10.000080175377661,-2.533825397491455,-0.0004996011266484857,0.001265902023317278,0
10.183918178601743,-2.5327978134155273,-0.0004995248164050281,0.001265195362737448,0
10.184020178603532,-2.533825397491455,-0.0004996011266484857,0.001265902023317278,0
11.000088192915427,-2.533482789993286,-0.0004995248164050281,0.0012655375255366946,0
11.22567819687174,-2.534510612487793,-0.0004995248164050281,0.0012660509483795601,0
11.225712196872337,-2.533482789993286,-0.0004995248164050281,0.0012655375255366946,0
12.000096210453194,-2.533311605453491,-0.0004996011266484857,0.0012656453322362482,0
12.00652221056589,-2.534339427947998,-0.0004996774368919432,0.0012663522295712493,0
12.006828210571257,-2.533311605453491,-0.0004996774368919432,0.0012658386498616142,0
12.107672212339821,-2.534339427947998,-0.0004998300573788583,0.0012667390216887509,0
12.10804621234638,-2.533311605453491,-0.0004997538053430617,0.0012660321149451231,0
12.121884212589066,-2.534339427947998,-0.0004997538053430617,0.0012665457731479701,0
12.122326212596818,-2.533311605453491,-0.0004996774368919432,0.0012658386498616142,0
12.16479221334157,-2.534339427947998,-0.0004996011266484857,0.0012661588335124985,0
12.1654382133529,-2.533311605453491,-0.0004996011266484857,0.0012656453322362482,0
12.173972213502566,-2.534339427947998,-0.0004997538053430617,0.0012665457731479701,0
12.174176213506144,-2.533311605453491,-0.0004996011266484857,0.0012656453322362482,0
12.214092214206175,-2.534339427947998,-0.0004996774368919432,0.0012663522295712493,0
12.214160214207368,-2.533311605453491,-0.0004997538053430617,0.0012660321149451231,0
12.271824215218658,-2.534339427947998,-0.0004997538053430617,0.0012665457731479701,0
12.27189221521985,-2.533311605453491,-0.0004995248164050281,0.0012654520146108822,0
12.364848216850078,-2.534339427947998,-0.0004995248164050281,0.0012659654374537477,0
12.364950216851867,-2.533311605453491,-0.0004998300573788583,0.0012662252851123462,0
12.36875821691865,-2.534339427947998,-0.0004997538053430617,0.0012665457731479701,0
12.369064216924016,-2.533311605453491,-0.0004997538053430617,0.0012660321149451231,0
12.431828218024748,-2.534339427947998,-0.0004996774368919432,0.0012663522295712493,0
12.432780218041444,-2.533311605453491,-0.0004996774368919432,0.0012658386498616142,0
12.447230218294862,-2.534339427947998,-0.0004998300573788583,0.0012667390216887509,0
12.447944218307384,-2.533140182495117,-0.0004996774368919432,0.0012657529936771494,0
12.449984218343161,-2.534168004989624,-0.0004996011266484857,0.0012660731904093614,0
12.454268218418292,-2.533140182495117,-0.0004996011266484857,0.0012655596891331111,0
12.45794021848269,-2.534168004989624,-0.0004996774368919432,0.0012662665733867845,0
12.459334218507138,-2.533140182495117,-0.0004997538053430617,0.0012659464456693525,0
12.459708218513697,-2.534168004989624,-0.0004996774368919432,0.0012662665733867845,0
12.459742218514293,-2.533140182495117,-0.0004998300573788583,0.001266139602765226,0
12.460014218519063,-2.534168004989624,-0.0004996774368919432,0.0012662665733867845,0
12.460524218528008,-2.533140182495117,-0.0004996011266484857,0.0012655596891331111,0
12.464638218600157,-2.534168004989624,-0.0004996774368919432,0.0012662665733867845,0
12.465420218613872,-2.533140182495117,-0.0004996774368919432,0.0012657529936771494,0
12.466848218638916,-2.534168004989624,-0.0004998300573788583,0.0012666533393416307,0
12.468310218664556,-2.533140182495117,-0.0004996774368919432,0.0012657529936771494,0
12.469398218683637,-2.534168004989624,-0.0004996774368919432,0.0012662665733867845,0
12.47109821871345,-2.533140182495117,-0.0004996011266484857,0.0012655596891331111,0
12.472152218731935,-2.534168004989624,-0.0004996011266484857,0.0012660731904093614,0
12.473546218756383,-2.533140182495117,-0.0004995248164050281,0.0012653663845890728,0
12.473784218760557,-2.534168004989624,-0.0004996774368919432,0.0012662665733867845,0
12.474464218772482,-2.533140182495117,-0.0004996011266484857,0.0012655596891331111,0
12.478918218850595,-2.534168004989624,-0.0004995248164050281,0.0012658798074319383,0
12.482012218904856,-2.533140182495117,-0.0004996011266484857,0.0012655596891331111,0
12.485412218964484,-2.534168004989624,-0.0004996011266484857,0.0012660731904093614,0
12.48599021897462,-2.533140182495117,-0.0004994485061615705,0.0012651730800450345,0
12.488200219013379,-2.534168004989624,-0.0004996774368919432,0.0012662665733867845,0
12.489152219030075,-2.5329689979553223,-0.0004996011266484857,0.0012654741651441648,0
12.489390219034249,-2.533996820449829,-0.0004999064258299768,0.0012667612935755995,0
12.501358219244139,-2.5329689979553223,-0.0004999064258299768,0.001266247478505983,0
12.501596219248313,-2.533996820449829,-0.0004996011266484857,0.001265987666420415,0
12.5190722195548,-2.5329689979553223,-0.0004995248164050281,0.0012652808736632604,0
12.520330219576863,-2.533996820449829,-0.0004996774368919432,0.0012661810363347042,0
12.542532219966233,-2.5329689979553223,-0.0004996774368919432,0.0012656674566250692,0
12.543518219983525,-2.533996820449829,-0.0004996774368919432,0.0012661810363347042,0
12.59162822082726,-2.5329689979553223,-0.0004997538053430617,0.0012658608955441741,0
12.59200222083382,-2.533996820449829,-0.0004996011266484857,0.001265987666420415,0
12.615632221248234,-2.5329689979553223,-0.0004996011266484857,0.0012654741651441648,0
12.615870221252408,-2.533996820449829,-0.0004997538053430617,0.0012663745537470211,0
12.616414221261948,-2.5329689979553223,-0.0004997538053430617,0.0012658608955441741,0
12.616686221266718,-2.533996820449829,-0.0004994485061615705,0.0012656009265918367,0
12.622228221363912,-2.5329689979553223,-0.0004997538053430617,0.0012658608955441741,0
12.623452221385378,-2.534168004989624,-0.0004996011266484857,0.0012660731904093614,0
12.624370221401477,-2.533140182495117,-0.0004996011266484857,0.0012655596891331111,0
12.625016221412807,-2.534168004989624,-0.0004996011266484857,0.0012660731904093614,0
12.627056221448584,-2.533140182495117,-0.0004997538053430617,0.0012659464456693525,0
12.631646221529081,-2.534168004989624,-0.0004996774368919432,0.0012662665733867845,0
12.632530221544584,-2.533140182495117,-0.0004996011266484857,0.0012655596891331111,0
12.632904221551144,-2.534168004989624,-0.0004998300573788583,0.0012666533393416307,0
12.633176221555914,-2.533140182495117,-0.0004995248164050281,0.0012653663845890728,0
12.633346221558895,-2.534168004989624,-0.0004996774368919432,0.0012662665733867845,0
12.636644221616734,-2.533140182495117,-0.0004996774368919432,0.0012657529936771494,0
12.63759622163343,-2.534168004989624,-0.0004997538053430617,0.0012664601038721995,0
12.640418221682921,-2.533140182495117,-0.0004996774368919432,0.0012657529936771494,0
12.640826221690077,-2.534168004989624,-0.0004998300573788583,0.0012666533393416307,0
12.645892221778922,-2.533140182495117,-0.0004996774368919432,0.0012657529936771494,0
12.646402221787866,-2.534168004989624,-0.0004997538053430617,0.0012664601038721995,0
12.646878221796214,-2.533140182495117,-0.0004999827360734344,0.0012665263593014675,0
12.652692221898178,-2.534168004989624,-0.0004995248164050281,0.0012658798074319383,0
12.655820221953036,-2.533140182495117,-0.0004996011266484857,0.0012655596891331111,0
12.657724221986427,-2.534168004989624,-0.0004998300573788583,0.0012666533393416307,0
12.659356222015049,-2.533140182495117,-0.0004996774368919432,0.0012657529936771494,0
12.660036222026974,-2.534339427947998,-0.0004996774368919432,0.0012663522295712493,0
12.660138222028763,-2.533311605453491,-0.0004995248164050281,0.0012654520146108822,0
12.673126222256542,-2.534339427947998,-0.0004996774368919432,0.0012663522295712493,0
12.674112222273834,-2.533311605453491,-0.0004996011266484857,0.0012656453322362482,0
12.78974622430178,-2.534339427947998,-0.0004996774368919432,0.0012663522295712493,0
12.789780224302376,-2.533311605453491,-0.0004996774368919432,0.0012658386498616142,0
12.848396225330362,-2.534339427947998,-0.0004996774368919432,0.0012663522295712493,0
12.848430225330958,-2.533140182495117,-0.0004996011266484857,0.0012655596891331111,0
12.85060622536912,-2.534168004989624,-0.0004996011266484857,0.0012660731904093614,0
12.854414225435903,-2.533140182495117,-0.0004996774368919432,0.0012657529936771494,0
12.85526422545081,-2.534168004989624,-0.0004997538053430617,0.0012664601038721995,0
12.855502225454984,-2.533140182495117,-0.0004996011266484857,0.0012655596891331111,0
12.857508225490164,-2.534339427947998,-0.0004998300573788583,0.0012667390216887509,0
12.85764422549255,-2.533311605453491,-0.0004997538053430617,0.0012660321149451231,0
12.881274225906964,-2.534339427947998,-0.0004996011266484857,0.0012661588335124985,0
12.881342225908156,-2.533311605453491,-0.0004996774368919432,0.0012658386498616142,0
12.926596226701804,-2.534339427947998,-0.0004998300573788583,0.0012667390216887509,0
12.927412226716115,-2.533311605453491,-0.0004996011266484857,0.0012656453322362482,0
12.97351622752467,-2.534339427947998,-0.0004998300573788583,0.0012667390216887509,0
12.973754227528843,-2.533311605453491,-0.0004994485061615705,0.0012652586969855162,0
12.982628227684472,-2.534339427947998,-0.0004995248164050281,0.0012659654374537477,0
12.982662227685069,-2.533140182495117,-0.0004996011266484857,0.0012655596891331111,0
12.98749022776974,-2.534168004989624,-0.0004996011266484857,0.0012660731904093614,0
12.988272227783455,-2.533140182495117,-0.0004994485061615705,0.0012651730800450345,0
12.992080227850238,-2.534168004989624,-0.0004997538053430617,0.0012664601038721995,0
12.993848227881244,-2.533140182495117,-0.0004997538053430617,0.0012659464456693525,0
12.99507222790271,-2.534168004989624,-0.0004995248164050281,0.0012658798074319383,0
12.996194227922388,-2.533140182495117,-0.0004996011266484857,0.0012655596891331111,0
12.996296227924176,-2.534168004989624,-0.0004997538053430617,0.0012664601038721995,0
12.99745222794445,-2.533140182495117,-0.0004996774368919432,0.0012657529936771494,0
12.997928227952798,-2.534168004989624,-0.0004996774368919432,0.0012662665733867845,0
12.99837022796055,-2.533140182495117,-0.0004995248164050281,0.0012653663845890728,0
12.99918622797486,-2.534339427947998,-0.0004996011266484857,0.0012661588335124985,0
12.999322227977245,-2.533311605453491,-0.0004996011266484857,0.0012656453322362482,0
13.00010422799096,-2.533311605453491,-0.0004997538053430617,0.0012660321149451231,0
13.047942228829925,-2.534339427947998,-0.0004996011266484857,0.0012661588335124985,0
13.048384228837676,-2.533140182495117,-0.0004996011266484857,0.0012655596891331111,0
13.048486228839465,-2.534339427947998,-0.0004998300573788583,0.0012667390216887509,0
13.048554228840658,-2.5329689979553223,-0.0004996774368919432,0.0012656674566250692,0
13.04916622885139,-2.533996820449829,-0.0004996011266484857,0.001265987666420415,0
13.051954228900286,-2.5329689979553223,-0.0004995248164050281,0.0012652808736632604,0
13.052260228905652,-2.533996820449829,-0.0004996011266484857,0.001265987666420415,0
13.070314229222276,-2.5329689979553223,-0.0004997538053430617,0.0012658608955441741,0
13.07092622923301,-2.533996820449829,-0.0004997538053430617,0.0012663745537470211,0
13.08609022949895,-2.5329689979553223,-0.0004995248164050281,0.0012652808736632604,0
13.086192229500739,-2.534168004989624,-0.0004994485061615705,0.0012656864244545152,0
13.086838229512068,-2.533140182495117,-0.0004996774368919432,0.0012657529936771494,0
13.08755222952459,-2.534168004989624,-0.0004997538053430617,0.0012664601038721995,0
13.088130229534727,-2.533140182495117,-0.0004996011266484857,0.0012655596891331111,0
13.088674229544267,-2.534168004989624,-0.0004995248164050281,0.0012658798074319383,0
13.09193822960151,-2.533140182495117,-0.0004996774368919432,0.0012657529936771494,0
13.092006229602703,-2.534168004989624,-0.0004996774368919432,0.0012662665733867845,0
13.09540622966233,-2.533140182495117,-0.0004995248164050281,0.0012653663845890728,0
13.10043822975058,-2.534168004989624,-0.0004997538053430617,0.0012664601038721995,0
13.100540229752369,-2.533140182495117,-0.0004996774368919432,0.0012657529936771494,0
13.102070229779201,-2.534168004989624,-0.0004995248164050281,0.0012658798074319383,0
13.102512229786953,-2.533140182495117,-0.0004996774368919432,0.0012657529936771494,0
13.10802022988355,-2.534168004989624,-0.0004997538053430617,0.0012664601038721995,0
13.110740229931253,-2.533140182495117,-0.0004996774368919432,0.0012657529936771494,0
13.112066229954507,-2.534168004989624,-0.0004996011266484857,0.0012660731904093614,0
13.11441222999565,-2.533140182495117,-0.0004997538053430617,0.0012659464456693525,0
13.11505823000698,-2.534168004989624,-0.0004996774368919432,0.0012662665733867845,0
13.1185262300678,-2.533140182495117,-0.0004998300573788583,0.001266139602765226,0
13.118866230073763,-2.534168004989624,-0.0004996011266484857,0.0012660731904093614,0
13.12145023011908,-2.533140182495117,-0.0004996011266484857,0.0012655596891331111,0
13.121858230126236,-2.534168004989624,-0.0004996011266484857,0.0012660731904093614,0
13.122062230129814,-2.533140182495117,-0.0004997538053430617,0.0012659464456693525,0
13.126380230205541,-2.534168004989624,-0.0004995248164050281,0.0012658798074319383,0
13.128692230246088,-2.533140182495117,-0.0004996011266484857,0.0012655596891331111,0
13.129474230259802,-2.534339427947998,-0.0004998300573788583,0.0012667390216887509,0
13.12967823026338,-2.533311605453491,-0.0004996774368919432,0.0012658386498616142,0
13.131208230290213,-2.534339427947998,-0.0004997538053430617,0.0012665457731479701,0
13.13178623030035,-2.5329689979553223,-0.0004996774368919432,0.0012656674566250692,0
13.132092230305716,-2.533996820449829,-0.0004997538053430617,0.0012663745537470211,0
13.14028623044942,-2.5329689979553223,-0.0004995248164050281,0.0012652808736632604,0
13.140422230451804,-2.533996820449829,-0.0004996011266484857,0.001265987666420415,0
13.173334231029003,-2.5329689979553223,-0.0004997538053430617,0.0012658608955441741,0
13.173776231036754,-2.533996820449829,-0.0004996774368919432,0.0012661810363347042,0
13.175340231064183,-2.5329689979553223,-0.0004996774368919432,0.0012656674566250692,0
13.175408231065376,-2.533996820449829,-0.0004998300573788583,0.0012665677761632826,0
13.175884231073724,-2.5329689979553223,-0.0004998300573788583,0.001266054039586878,0
13.176088231077301,-2.533996820449829,-0.0004998300573788583,0.0012665677761632826,0
13.193394231380807,-2.5329689979553223,-0.0004996774368919432,0.0012656674566250692,0
13.193768231387367,-2.533996820449829,-0.0004994485061615705,0.0012656009265918367,0
13.213794231738575,-2.5329689979553223,-0.0004997538053430617,0.0012658608955441741,0
13.214032231742749,-2.533996820449829,-0.0004997538053430617,0.0012663745537470211,0
13.21474623175527,-2.5329689979553223,-0.0004996774368919432,0.0012656674566250692,0
13.214882231757656,-2.534168004989624,-0.0004996011266484857,0.0012660731904093614,0
13.216072231778526,-2.533140182495117,-0.0004996774368919432,0.0012657529936771494,0
13.216752231790451,-2.534168004989624,-0.0004996774368919432,0.0012662665733867845,0
13.21685423179224,-2.533140182495117,-0.0004994485061615705,0.0012651730800450345,0
13.217330231800588,-2.534168004989624,-0.0004998300573788583,0.0012666533393416307,0
13.222532231891819,-2.533140182495117,-0.0004997538053430617,0.0012659464456693525,0
13.223552231909707,-2.534168004989624,-0.0004996774368919432,0.0012662665733867845,0
13.223756231913285,-2.5329689979553223,-0.0004995248164050281,0.0012652808736632604,0
13.223994231917459,-2.533996820449829,-0.0004996774368919432,0.0012661810363347042,0
13.22627223195741,-2.5329689979553223,-0.0004999064258299768,0.001266247478505983,0
13.226374231959198,-2.533996820449829,-0.0004997538053430617,0.0012663745537470211,0
13.242388232240046,-2.5329689979553223,-0.0004997538053430617,0.0012658608955441741,0
13.242422232240642,-2.533996820449829,-0.0004996774368919432,0.0012661810363347042,0
13.250140232375998,-2.5329689979553223,-0.0004998300573788583,0.001266054039586878,0
13.25020823237719,-2.534339427947998,-0.0004997538053430617,0.0012665457731479701,0
13.250650232384942,-2.533311605453491,-0.0004997538053430617,0.0012660321149451231,0
13.257654232507775,-2.534339427947998,-0.0004997538053430617,0.0012665457731479701,0
13.258198232517316,-2.533311605453491,-0.0004995248164050281,0.0012654520146108822,0
13.28502423298778,-2.534339427947998,-0.0004997538053430617,0.0012665457731479701,0
13.285092232988973,-2.533311605453491,-0.0004996774368919432,0.0012658386498616142,0
13.29726423320244,-2.534339427947998,-0.0004996011266484857,0.0012661588335124985,0
13.297706233210192,-2.533311605453491,-0.0004998300573788583,0.0012662252851123462,0
13.334256233851193,-2.534339427947998,-0.0004992958856746554,0.0012653852492774953,0
13.334902233862522,-2.533140182495117,-0.0004997538053430617,0.0012659464456693525,0
13.335242233868485,-2.534168004989624,-0.0004995248164050281,0.0012658798074319383,0
13.336670233893528,-2.533140182495117,-0.0004996774368919432,0.0012657529936771494,0
13.337350233905454,-2.534168004989624,-0.0004996774368919432,0.0012662665733867845,0
13.338948233933479,-2.533140182495117,-0.0004995248164050281,0.0012653663845890728,0
13.339152233937057,-2.534168004989624,-0.0004996011266484857,0.0012660731904093614,0
13.341940233985952,-2.533140182495117,-0.0004996011266484857,0.0012655596891331111,0
13.343742234017554,-2.534168004989624,-0.0004998300573788583,0.0012666533393416307,0
13.34588423405512,-2.533140182495117,-0.0004996774368919432,0.0012657529936771494,0
13.348094234093878,-2.534168004989624,-0.0004996774368919432,0.0012662665733867845,0
13.35146023415291,-2.533140182495117,-0.0004998300573788583,0.001266139602765226,0
13.35254823417199,-2.534168004989624,-0.0004996774368919432,0.0012662665733867845,0
13.355982234232215,-2.533140182495117,-0.0004997538053430617,0.0012659464456693525,0
13.356016234232811,-2.534168004989624,-0.0004998300573788583,0.0012666533393416307,0
13.356322234238178,-2.533140182495117,-0.0004995248164050281,0.0012653663845890728,0
13.356356234238774,-2.534168004989624,-0.0004996774368919432,0.0012662665733867845,0
13.356594234242948,-2.533140182495117,-0.0004995248164050281,0.0012653663845890728,0
13.357002234250103,-2.534168004989624,-0.0004996011266484857,0.0012660731904093614,0
13.3570362342507,-2.533140182495117,-0.0004996774368919432,0.0012657529936771494,0
13.357750234263222,-2.534168004989624,-0.0004996774368919432,0.0012662665733867845,0
13.358974234284688,-2.533140182495117,-0.0004997538053430617,0.0012659464456693525,0
13.360572234312713,-2.534168004989624,-0.0004996011266484857,0.0012660731904093614,0
13.363292234360415,-2.533140182495117,-0.0004998300573788583,0.001266139602765226,0
13.364006234372937,-2.534168004989624,-0.0004996011266484857,0.0012660731904093614,0
13.364856234387844,-2.533140182495117,-0.0004997538053430617,0.0012659464456693525,0
13.371724234508292,-2.534168004989624,-0.0004996011266484857,0.0012660731904093614,0
13.373254234535125,-2.533140182495117,-0.0004995248164050281,0.0012653663845890728,0
13.37366223454228,-2.534168004989624,-0.0004996011266484857,0.0012660731904093614,0
13.375430234573287,-2.533140182495117,-0.0004996011266484857,0.0012655596891331111,0
13.37549823457448,-2.534168004989624,-0.0004996011266484857,0.0012660731904093614,0
13.37842223462576,-2.533140182495117,-0.0004997538053430617,0.0012659464456693525,0
13.379102234637685,-2.534168004989624,-0.0004998300573788583,0.0012666533393416307,0
13.379306234641263,-2.533140182495117,-0.0004996774368919432,0.0012657529936771494,0
13.380326234659151,-2.534168004989624,-0.0004996011266484857,0.0012660731904093614,0
13.383284234711027,-2.533140182495117,-0.0004995248164050281,0.0012653663845890728,0
13.384712234736071,-2.534168004989624,-0.0004996774368919432,0.0012662665733867845,0
13.3862762347635,-2.533140182495117,-0.0004996774368919432,0.0012657529936771494,0
13.386480234767077,-2.534168004989624,-0.0004997538053430617,0.0012664601038721995,0
13.387704234788544,-2.533140182495117,-0.0004995248164050281,0.0012653663845890728,0
13.390798234842805,-2.534168004989624,-0.0004998300573788583,0.0012666533393416307,0
13.39212423486606,-2.533140182495117,-0.0004996774368919432,0.0012657529936771494,0
13.394810234913166,-2.534168004989624,-0.0004998300573788583,0.0012666533393416307,0
13.40208623504077,-2.533140182495117,-0.0004995248164050281,0.0012653663845890728,0
13.40446623508251,-2.534168004989624,-0.0004997538053430617,0.0012664601038721995,0
13.406030235109938,-2.533140182495117,-0.0004995248164050281,0.0012653663845890728,0
13.408648235155852,-2.534168004989624,-0.0004997538053430617,0.0012664601038721995,0
13.408954235161218,-2.533140182495117,-0.0004996011266484857,0.0012655596891331111,0
13.410382235186262,-2.534168004989624,-0.0004997538053430617,0.0012664601038721995,0
13.41058623518984,-2.533140182495117,-0.0004996011266484857,0.0012655596891331111,0
13.411368235203554,-2.534168004989624,-0.0004996011266484857,0.0012660731904093614,0
13.412796235228598,-2.533140182495117,-0.0004996011266484857,0.0012655596891331111,0
13.413952235248871,-2.534339427947998,-0.0004996011266484857,0.0012661588335124985,0
13.414428235257219,-2.533311605453491,-0.0004997538053430617,0.0012660321149451231,0
13.417080235303729,-2.534339427947998,-0.0004996011266484857,0.0012661588335124985,0
13.417488235310884,-2.533311605453491,-0.0004996774368919432,0.0012658386498616142,0
13.443226235762268,-2.534339427947998,-0.0004996774368919432,0.0012663522295712493,0
13.443464235766442,-2.533311605453491,-0.0004996011266484857,0.0012656453322362482,0
13.457302236009127,-2.534339427947998,-0.0004996774368919432,0.0012663522295712493,0
13.457676236015686,-2.533311605453491,-0.0004996011266484857,0.0012656453322362482,0
13.473044236285205,-2.534339427947998,-0.0004997538053430617,0.0012665457731479701,0
13.473622236295341,-2.533311605453491,-0.0004995248164050281,0.0012654520146108822,0
13.491778236613754,-2.534339427947998,-0.0004996774368919432,0.0012663522295712493,0
13.492118236619717,-2.533140182495117,-0.0004995248164050281,0.0012653663845890728,0
13.493070236636413,-2.534168004989624,-0.0004999064258299768,0.0012668468698270458,0
13.497592236715718,-2.533140182495117,-0.0004996774368919432,0.0012657529936771494,0
13.49803423672347,-2.534168004989624,-0.0004996774368919432,0.0012662665733867845,0
13.503678236822452,-2.533140182495117,-0.0004996011266484857,0.0012655596891331111,0
13.505310236851074,-2.534168004989624,-0.0004996774368919432,0.0012662665733867845,0
13.508846236913087,-2.533140182495117,-0.0004997538053430617,0.0012659464456693525,0
13.509322236921435,-2.534168004989624,-0.0004996774368919432,0.0012662665733867845,0
13.514524237012665,-2.533140182495117,-0.0004996774368919432,0.0012657529936771494,0
13.516598237049038,-2.534168004989624,-0.0004996011266484857,0.0012660731904093614,0
13.521494237134903,-2.533140182495117,-0.0004997538053430617,0.0012659464456693525,0
13.524860237193934,-2.534168004989624,-0.0004996774368919432,0.0012662665733867845,0
13.527886237247003,-2.533140182495117,-0.0004995248164050281,0.0012653663845890728,0
13.530708237296494,-2.534168004989624,-0.0004996774368919432,0.0012662665733867845,0
13.534686237366259,-2.533140182495117,-0.0004996774368919432,0.0012657529936771494,0
13.53750823741575,-2.534168004989624,-0.0004996774368919432,0.0012662665733867845,0
13.538596237434831,-2.533140182495117,-0.0004998300573788583,0.001266139602765226,0
13.539208237445564,-2.534339427947998,-0.0004996774368919432,0.0012663522295712493,0
13.539718237454508,-2.533311605453491,-0.0004996011266484857,0.0012656453322362482,0
13.546144237567205,-2.534339427947998,-0.0004996774368919432,0.0012663522295712493,0
13.54747023759046,-2.533311605453491,-0.0004996774368919432,0.0012658386498616142,0
13.574024238056154,-2.534339427947998,-0.0004996011266484857,0.0012661588335124985,0
13.574194238059135,-2.533311605453491,-0.0004997538053430617,0.0012660321149451231,0
13.577186238111608,-2.534339427947998,-0.0004996774368919432,0.0012663522295712493,0
13.57735623811459,-2.533311605453491,-0.0004995248164050281,0.0012654520146108822,0
13.579226238147385,-2.534339427947998,-0.0004996774368919432,0.0012663522295712493,0
13.579566238153348,-2.533311605453491,-0.0004996774368919432,0.0012658386498616142,0
13.590616238347138,-2.534339427947998,-0.0004996774368919432,0.0012663522295712493,0
13.590650238347735,-2.533311605453491,-0.0004997538053430617,0.0012660321149451231,0
13.604998238599364,-2.534339427947998,-0.0004997538053430617,0.0012665457731479701,0
13.60567823861129,-2.533140182495117,-0.0004996774368919432,0.0012657529936771494,0
13.607344238640508,-2.534168004989624,-0.0004996011266484857,0.0012660731904093614,0
13.607480238642893,-2.533140182495117,-0.0004998300573788583,0.001266139602765226,0
13.609044238670322,-2.534168004989624,-0.0004995248164050281,0.0012658798074319383,0
13.612852238737105,-2.5329689979553223,-0.0004996774368919432,0.0012656674566250692,0
13.612954238738894,-2.533996820449829,-0.0004997538053430617,0.0012663745537470211,0
13.620196238865901,-2.5329689979553223,-0.0004994485061615705,0.001265087582182356,0
13.620332238868286,-2.533996820449829,-0.0004996011266484857,0.001265987666420415,0
13.651408239413286,-2.5329689979553223,-0.0004996011266484857,0.0012654741651441648,0
13.651442239413882,-2.533996820449829,-0.0004998300573788583,0.0012665677761632826,0
13.698940240246884,-2.5329689979553223,-0.0004999064258299768,0.001266247478505983,0
13.69962024025881,-2.533996820449829,-0.0004995248164050281,0.0012657942965061258,0
13.719952240615385,-2.5329689979553223,-0.0004996774368919432,0.0012656674566250692,0
13.720156240618962,-2.533996820449829,-0.0004996774368919432,0.0012661810363347042,0
13.725154240706615,-2.5329689979553223,-0.0004996011266484857,0.0012654741651441648,0
13.725290240709,-2.533996820449829,-0.0004996774368919432,0.0012661810363347042,0
13.72658224073166,-2.5329689979553223,-0.0004995248164050281,0.0012652808736632604,0
13.726956240738218,-2.533996820449829,-0.0004999064258299768,0.0012667612935755995,0
13.740148240969575,-2.5329689979553223,-0.0004996011266484857,0.0012654741651441648,0
13.740522240976134,-2.533996820449829,-0.0004996774368919432,0.0012661810363347042,0
13.75745424127308,-2.5329689979553223,-0.0004996774368919432,0.0012656674566250692,0
13.758066241283814,-2.534339427947998,-0.0004996774368919432,0.0012663522295712493,0
13.758168241285603,-2.533311605453491,-0.0004995248164050281,0.0012654520146108822,0
13.796928241965361,-2.534339427947998,-0.0004998300573788583,0.0012667390216887509,0
13.79757424197669,-2.533140182495117,-0.0004996774368919432,0.0012657529936771494,0
13.798356241990405,-2.534168004989624,-0.0004997538053430617,0.0012664601038721995,0
13.799172242004715,-2.533140182495117,-0.0004994485061615705,0.0012651730800450345,0
13.799818242016045,-2.534168004989624,-0.0004995248164050281,0.0012658798074319383,0
13.800532242028567,-2.533140182495117,-0.0004998300573788583,0.001266139602765226,0
13.800702242031548,-2.534168004989624,-0.0004996774368919432,0.0012662665733867845,0
13.801552242046455,-2.533140182495117,-0.0004996774368919432,0.0012657529936771494,0
13.803252242076269,-2.534168004989624,-0.0004997538053430617,0.0012664601038721995,0
13.804272242094157,-2.5329689979553223,-0.0004996774368919432,0.0012656674566250692,0
13.804782242103101,-2.533996820449829,-0.0004997538053430617,0.0012663745537470211,0
13.83157424257297,-2.5329689979553223,-0.0004997538053430617,0.0012658608955441741,0
13.83184624257774,-2.534510612487793,-0.0004996011266484857,0.0012662443575014448,0
13.831880242578336,-2.533311605453491,-0.0004998300573788583,0.0012662252851123462,0
13.846568242835929,-2.534339427947998,-0.000499372195918113,0.001265578645336246,0
13.846670242837718,-2.533311605453491,-0.0004997538053430617,0.0012660321149451231,0
13.849764242891979,-2.534339427947998,-0.0004997538053430617,0.0012665457731479701,0
13.84993424289496,-2.533140182495117,-0.0004997538053430617,0.0012659464456693525,0
13.851022242914041,-2.534168004989624,-0.0004996774368919432,0.0012662665733867845,0
13.851872242928948,-2.5329689979553223,-0.0004996011266484857,0.0012654741651441648,0
13.851906242929545,-2.533996820449829,-0.0004996774368919432,0.0012661810363347042,0
13.858842243051186,-2.5329689979553223,-0.0004995248164050281,0.0012652808736632604,0
13.859012243054167,-2.534168004989624,-0.0004994485061615705,0.0012656864244545152,0
13.86401024314182,-2.533140182495117,-0.0004999064258299768,0.0012663330547574292,0
13.864146243144205,-2.534168004989624,-0.0004997538053430617,0.0012664601038721995,0
13.86492824315792,-2.533140182495117,-0.0004997538053430617,0.0012659464456693525,0
13.867886243209796,-2.534168004989624,-0.0004996774368919432,0.0012662665733867845,0
13.870708243259287,-2.533140182495117,-0.0004997538053430617,0.0012659464456693525,0
13.87213624328433,-2.534168004989624,-0.0004997538053430617,0.0012664601038721995,0
13.872850243296853,-2.533140182495117,-0.0004994485061615705,0.0012651730800450345,0
13.873462243307586,-2.534168004989624,-0.0004996774368919432,0.0012662665733867845,0
13.874482243325474,-2.533140182495117,-0.0004997538053430617,0.0012659464456693525,0
13.875400243341574,-2.534168004989624,-0.0004996774368919432,0.0012662665733867845,0
13.877950243386294,-2.533140182495117,-0.0004996011266484857,0.0012655596891331111,0
13.878494243395835,-2.534168004989624,-0.0004998300573788583,0.0012666533393416307,0
13.878834243401798,-2.533140182495117,-0.0004995248164050281,0.0012653663845890728,0
13.879786243418494,-2.534168004989624,-0.0004998300573788583,0.0012666533393416307,0
13.885430243517476,-2.533140182495117,-0.0004996011266484857,0.0012655596891331111,0
13.88621224353119,-2.534168004989624,-0.0004997538053430617,0.0012664601038721995,0
13.888422243569948,-2.533140182495117,-0.0004997538053430617,0.0012659464456693525,0
13.890224243601551,-2.534168004989624,-0.0004996774368919432,0.0012662665733867845,0
13.891550243624806,-2.533140182495117,-0.0004996011266484857,0.0012655596891331111,0
13.892128243634943,-2.534168004989624,-0.0004996011266484857,0.0012660731904093614,0
13.899064243756584,-2.533140182495117,-0.0004997538053430617,0.0012659464456693525,0
13.901138243792957,-2.534168004989624,-0.0004997538053430617,0.0012664601038721995,0
13.90239624381502,-2.533140182495117,-0.0004996774368919432,0.0012657529936771494,0
13.902804243822175,-2.534168004989624,-0.0004997538053430617,0.0012664601038721995,0
13.904640243854374,-2.533140182495117,-0.0004997538053430617,0.0012659464456693525,0
13.905660243872262,-2.534168004989624,-0.0004995248164050281,0.0012658798074319383,0
13.906068243879417,-2.533140182495117,-0.0004995248164050281,0.0012653663845890728,0
13.907360243902076,-2.534168004989624,-0.0004995248164050281,0.0012658798074319383,0
13.909196243934275,-2.533140182495117,-0.0004996774368919432,0.0012657529936771494,0
13.911678243977804,-2.534168004989624,-0.0004999064258299768,0.0012668468698270458,0
13.91344624400881,-2.533140182495117,-0.0004996774368919432,0.0012657529936771494,0
13.91426224402312,-2.534168004989624,-0.0004997538053430617,0.0012664601038721995,0
13.915996244053531,-2.533140182495117,-0.0004996774368919432,0.0012657529936771494,0
13.919328244111966,-2.534168004989624,-0.0004996774368919432,0.0012662665733867845,0
13.923986244193657,-2.533140182495117,-0.0004996774368919432,0.0012657529936771494,0
13.926808244243148,-2.534168004989624,-0.0004996011266484857,0.0012660731904093614,0
13.928916244280117,-2.533140182495117,-0.0004996774368919432,0.0012657529936771494,0
13.933302244357037,-2.534168004989624,-0.0004997538053430617,0.0012664601038721995,0
13.936226244408317,-2.533140182495117,-0.0004996011266484857,0.0012655596891331111,0
13.938368244445883,-2.534168004989624,-0.0004996774368919432,0.0012662665733867845,0
13.93921824446079,-2.533140182495117,-0.0004996011266484857,0.0012655596891331111,0
13.941530244501337,-2.534168004989624,-0.0004996011266484857,0.0012660731904093614,0
13.950948244666506,-2.533140182495117,-0.0004996774368919432,0.0012657529936771494,0
13.953056244703475,-2.534168004989624,-0.0004994485061615705,0.0012656864244545152,0
13.955810244751774,-2.533140182495117,-0.0004996774368919432,0.0012657529936771494,0
13.95703424477324,-2.534168004989624,-0.0004994485061615705,0.0012656864244545152,0
13.95887024480544,-2.533140182495117,-0.0004998300573788583,0.001266139602765226,0
13.959992244825116,-2.534168004989624,-0.0004995248164050281,0.0012658798074319383,0
13.962814244874608,-2.533140182495117,-0.0004997538053430617,0.0012659464456693525,0
13.963596244888322,-2.534168004989624,-0.0004996011266484857,0.0012660731904093614,0
13.967880244963453,-2.533140182495117,-0.0004996774368919432,0.0012657529936771494,0
13.96992024499923,-2.534168004989624,-0.0004998300573788583,0.0012666533393416307,0
13.972606245046336,-2.5329689979553223,-0.0004996774368919432,0.0012656674566250692,0
13.972742245048721,-2.534168004989624,-0.0004997538053430617,0.0012664601038721995,0
13.972810245049914,-2.533140182495117,-0.0004996011266484857,0.0012655596891331111,0
13.975156245091057,-2.534168004989624,-0.0004996774368919432,0.0012662665733867845,0
13.979474245166784,-2.533140182495117,-0.0004998300573788583,0.001266139602765226,0
13.979984245175729,-2.534168004989624,-0.0004996774368919432,0.0012662665733867845,0
13.980868245191232,-2.533140182495117,-0.0004996774368919432,0.0012657529936771494,0
13.981038245194213,-2.534168004989624,-0.0004996774368919432,0.0012662665733867845,0
13.982738245224027,-2.533140182495117,-0.0004995248164050281,0.0012653663845890728,0
13.982942245227605,-2.534168004989624,-0.0004996774368919432,0.0012662665733867845,0
13.990558245361171,-2.533140182495117,-0.0004996774368919432,0.0012657529936771494,0
13.991374245375482,-2.534168004989624,-0.0004995248164050281,0.0012658798074319383,0
13.99222424539039,-2.533140182495117,-0.0004997538053430617,0.0012659464456693525,0
13.993346245410066,-2.534168004989624,-0.0004997538053430617,0.0012664601038721995,0
13.99569224545121,-2.533140182495117,-0.0004996774368919432,0.0012657529936771494,0
13.998480245500105,-2.534168004989624,-0.0004996011266484857,0.0012660731904093614,0
14.000112245528726,-2.53365421295166,-0.0004995248164050281,0.001265623155558504,0
15.000086263065896,-2.1556172370910645,-0.00011442028335295618,0.0002466463350684761,0
15.000120263066492,-1.6508259773254395,0.00011720722977770492,-0.00019348873964738708,0
15.000154263067088,-1.540001392364502,0.00015971678658388555,-0.00024596407372316775,0
15.000188263067685,-1.5074563026428223,0.00016895137378014624,-0.0002546868132450447,0
15.00022226306828,-1.4922115802764893,0.00017139357805717736,-0.00025575548196194245,0
15.000256263068877,-1.4797073602676392,0.00017192780796904117,-0.0002544028428864715,0
15.000290263069473,-1.4687448740005493,0.0001723857130855322,-0.0002531906324453048,0
15.00032426307007,-1.4581248760223389,0.00017246203788090497,-0.00025147118760365447,0
15.000358263070666,-1.4471622705459595,0.0001726909977151081,-0.00024991189635624293,0
15.000392263071262,-1.4360284805297852,0.000172919942997396,-0.00024831796299584763,0
15.000426263071859,-1.4259223937988281,0.00017284363275393844,-0.00024646160656938143,0
15.000460263072455,-1.4153023958206177,0.00017299626779276878,-0.0002448420322751308,0
15.000494263073051,-1.4050250053405762,0.0001732252276269719,-0.00024338577637170872,0
15.000528263073647,-1.3947476148605347,0.00017360682250000536,-0.00024213770160539869,0
15.000562263074244,-1.3844702243804932,0.0001734541729092598,-0.00024014213768741577,0
15.00059626307484,-1.3740215301513672,0.00017368313274346292,-0.00023864436381365595,0
15.000630263075436,-1.3635728359222412,0.0001737594575388357,-0.00023693367628454046,0
15.000664263076033,-1.3534667491912842,0.00017406472761649638,-0.0002355908210359657,0
15.000698263076629,-1.3433606624603271,0.00017406472761649638,-0.00023383170780187298,0
15.000732263077225,-1.333425760269165,0.00017406472761649638,-0.00023210239175807182,0
15.000766263077821,-1.323662281036377,0.0001742936874506995,-0.00023070597990123426,0
15.000800263078418,-1.3126996755599976,0.00017444632248952985,-0.00022899563093464054,0
15.000834263079014,-1.3029361963272095,0.00017467528232373297,-0.00022759074794326609,0
15.00086826307961,-1.292658805847168,0.0001748279173625633,-0.00022599284688663845,0
15.000902263080206,-1.2830666303634644,0.00017513320199213922,-0.00022470756734481803,0
15.000936263080803,-1.2731317281723022,0.00017513320199213922,-0.0002229676361126011,0
15.000970263081399,-1.2635395526885986,0.00017528583703096956,-0.00022148058811475788,0
15.001004263081995,-1.2534334659576416,0.00017536214727442712,-0.00021980478405595957,0
15.001038263082592,-1.2434985637664795,0.00017543845751788467,-0.00021815746995289612,0
15.001072263083188,-1.2339063882827759,0.00017589637718629092,-0.00021703966348596108,0
15.001106263083784,-1.2241429090499878,0.00017574374214746058,-0.00021513545575972334,0
15.00114026308438,-1.2143793106079102,0.00017597268742974848,-0.0002136975908467592,0
15.001174263084977,-1.204958438873291,0.0001760490267770365,-0.0002121317604704201,0
15.001208263085573,-1.195023536682129,0.00017620166181586683,-0.0002105651330724656,0
15.00124226308617,-1.1856026649475098,0.00017643060709815472,-0.00020917659795387927,0
15.001276263086766,-1.1758390665054321,0.00017650691734161228,-0.00020754372891871285,0
15.001310263087362,-1.1665894985198975,0.00017673589172773063,-0.00020617823530112017,0
15.001344263087958,-1.1569972038269043,0.00017727012163959444,-0.00020510103505906596,0
15.001378263088554,-1.1479188203811646,0.000177346431883052,-0.0002035793068860016,0
15.00141226308915,-1.138326644897461,0.00017757540626917034,-0.00020213881643468823,0
15.001446263089747,-1.1283917427062988,0.00017742275667842478,-0.00020020237360412335,0
15.001480263090343,-1.119655966758728,0.0001778806617949158,-0.00019916514434966878,0
15.00151426309094,-1.1102350950241089,0.00017803331138566136,-0.0001976588303837165,0
15.001548263091536,-1.1004714965820312,0.0001781859464244917,-0.00019608855513164603,0
15.001582263092132,-1.091564416885376,0.0001784148917067796,-0.00019475134722957838,0
15.001616263092728,-1.0823148488998413,0.00017864386609289795,-0.00019334890893721833,0
15.001650263093325,-1.0735790729522705,0.00017864386609289795,-0.00019178831614862293,0
15.001684263093921,-1.0641580820083618,0.0001792544062482193,-0.00019075502514465277,0
15.001718263094517,-1.0547370910644531,0.0001794833515305072,-0.00018930774808778583,0
15.001752263095113,-1.0460013151168823,0.00017933071649167687,-0.00018758016529114678,0
15.00178626309571,-1.0372655391693115,0.00017963600112125278,-0.0001863302335572553,0
15.001820263096306,-1.0281871557235718,0.00017978863616008312,-0.00018485636644485597,0
15.001854263096902,-1.0187662839889526,0.00017994127119891346,-0.0001833181001955654,0
15.001888263097499,-1.0100305080413818,0.0001803991908673197,-0.00018220868640197313,0
15.001922263098095,-1.0007808208465576,0.00018055182590615004,-0.0001806928045357016,0
15.001956263098691,-0.9922163486480713,0.00018062815070152283,-0.00017922220415211854,0
15.001990263099287,-0.9834805727005005,0.0001810097455745563,-0.0001780195682420365,0
15.002024263099884,-0.9747447967529297,0.0001812386908568442,-0.00017666147088302164,0
15.00205826310048,-0.9658377170562744,0.00018169661052525043,-0.00017548943950657092,0
15.002092263101076,-0.9567593336105347,0.00018184924556408077,-0.0001739859630034684,0
15.002126263101673,-0.9481948614120483,0.00018215453019365668,-0.00017271798951255107,0
15.002160263102269,-0.9394590258598328,0.00018245978571940213,-0.00017141349255054335,0
15.002194263102865,-0.930723249912262,0.00018253612506669015,-0.00016989061554846096,0
15.002228263103461,-0.9221587777137756,0.00018291770538780838,-0.0001686791676226299,0
15.002262263104058,-0.9135942459106445,0.00018307035497855395,-0.000167252022905226,0
15.002296263104654,-0.9050297737121582,0.00018345193529967219,-0.0001660294634913198,0
15.00233026310525,-0.8962939977645874,0.00018360458489041775,-0.0001645636873993401,0
15.002364263105846,-0.8875582218170166,0.00018383353017270565,-0.0001631629611504315,0
15.002398263106443,-0.8788224458694458,0.00018413881480228156,-0.000161825323604042,0
15.002432263107039,-0.8709430694580078,0.000184444070328027,-0.0001606402847548205,0
15.002466263107635,-0.8623785972595215,0.00018474935495760292,-0.00015932388957293903,0
15.002500263108232,-0.8539853692054749,0.00018520727462600917,-0.0001581643028010322,0
15.002534263108828,-0.8457634449005127,0.00018528358486946672,-0.00015670608302271669,0
15.002568263109424,-0.8373702764511108,0.00018551255925558507,-0.00015534270302900235,0
15.00260226311002,-0.82863450050354,0.00018574150453787297,-0.00015391181883551638,0
15.002636263110617,-0.8205838799476624,0.00018612309941090643,-0.00015272961506248607,0
15.002670263111213,-0.8121906518936157,0.00018642836948856711,-0.00015141537894638318,0
15.00270426311181,-0.804140031337738,0.0001867336395662278,-0.0001501599947725963,0
15.002738263112406,-0.7957468032836914,0.0001870389241958037,-0.00014883562601843148,0
15.002772263113002,-0.7873536348342896,0.00018742051906883717,-0.00014756622693137822,0
15.002806263113598,-0.7793029546737671,0.00018749684386420995,-0.0001461168444153848,0
15.002840263114194,-0.7710810899734497,0.00018787842418532819,-0.000144869500103317,0
15.00287426311479,-0.7626878619194031,0.0001881073840195313,-0.00014346721852910842,0
15.002908263115387,-0.755151093006134,0.00018841266864910722,-0.00014228003266657588,0
15.002942263115983,-0.7465866208076477,0.0001886416139313951,-0.00014083730508874116,0
15.00297626311658,-0.7387072443962097,0.00018902320880442858,-0.0001396328137028488,0
15.003010263117176,-0.7308279275894165,0.00018940481822937727,-0.00013842233078202593,0
15.003044263117772,-0.7229486107826233,0.00018971007375512272,-0.00013715063427273497,0
15.003078263118368,-0.7148979902267456,0.00019001535838469863,-0.00013584159782143584,0
15.003112263118965,-0.7068473696708679,0.00019016799342352897,-0.00013441974594700836,0
15.003146263119561,-0.6989679932594299,0.00019062591309193522,-0.00013324141193711645,0
15.003180263120157,-0.6909173727035522,0.00019100750796496868,-0.000131970405569809,0
15.003214263120753,-0.6832093596458435,0.00019123645324725658,-0.00013065453476400046,0
15.00324826312135,-0.6748161315917969,0.00019154173787683249,-0.00012925545459241405,0
15.003282263121946,-0.6676219701766968,0.00019177068315912038,-0.00012803032131282303,0
15.003316263122542,-0.6602565050125122,0.00019215227803215384,-0.00012686979152370242,0
15.003350263123139,-0.6518632769584656,0.0001925338729051873,-0.00012550576131748013,0
15.003384263123735,-0.644497811794281,0.000192839142982848,-0.00012428440568073,0
15.003418263124331,-0.6366184949874878,0.00019322073785588145,-0.00012300789533418316,0
15.003452263124927,-0.6285678744316101,0.0001934497122419998,-0.00012159627443336044,0
15.003486263125524,-0.6212024092674255,0.00019375496776774526,-0.00012036105278485573,0
15.00352026312612,-0.613494336605072,0.00019413656264077872,-0.00011910168170809355,0
15.003554263126716,-0.6061288714408875,0.00019444184727035463,-0.00011785681744686145,0
15.003588263127313,-0.5980782508850098,0.00019497607718221843,-0.00011661095120556186,0
15.003622263127909,-0.5905414819717407,0.00019520502246450633,-0.0001152766632545165,0
15.003656263128505,-0.582833468914032,0.00019558663188945502,-0.0001139944351373429,0
15.003690263129101,-0.5758105516433716,0.0001958919019671157,-0.00011279662413415416,0
15.003724263129698,-0.5681025385856628,0.00019627349684014916,-0.00011150347181197381,0
15.003758263130294,-0.5603944659233093,0.0001965024566743523,-0.00011011888926064188,0
15.00379226313089,-0.5535428524017334,0.0001969603617908433,-0.00010902600047578079,0
15.003826263131486,-0.5458348393440247,0.000197265631868504,-0.00010767445447904238,0
15.003860263132083,-0.5379555225372314,0.0001974945917027071,-0.00010624330627770698,0
15.003894263132679,-0.5311039090156555,0.00019802882161457092,-0.00010517388125726255,0
15.003928263133275,-0.5235671401023865,0.00019833410624414682,-0.00010384122079101082,0
15.003962263133872,-0.5163729786872864,0.00019871568656526506,-0.0001026114109835951,0
15.003996263134468,-0.5088362097740173,0.0001989446609513834,-0.00010123024723327888,0
15.004030263135064,-0.5021559000015259,0.00019924991647712886,-0.0001000545211338015,0
15.00406426313566,-0.49444788694381714,0.00019978414638899267,-9.878284902691166e-05,0
15.004098263136257,-0.4875962734222412,0.00020001312077511102,-9.752565232549679e-05,0
15.004132263136853,-0.4798882305622101,0.00020054735068697482,-9.624031326511137e-05,0
15.00416626313745,-0.4723514914512634,0.0002009289455600083,-9.490908711099963e-05,0
15.004200263138046,-0.465671181678772,0.00020138686522841454,-9.378005950549939e-05,0
15.004234263138642,-0.4583057165145874,0.00020153948571532965,-9.23666984067456e-05,0
15.004268263139238,-0.45162540674209595,0.00020192109514027834,-9.119269672253766e-05,0
15.004302263139834,-0.4442599415779114,0.00020207371562719345,-8.977325709896844e-05,0
15.00433626314043,-0.4370657503604889,0.0002025316352955997,-8.851964115220816e-05,0
15.004370263141027,-0.4300428628921509,0.00020298955496400595,-8.729420935392473e-05,0
15.004404263141623,-0.4228487014770508,0.00020314217545092106,-8.589840510464519e-05,0
15.00443826314222,-0.41599708795547485,0.00020367640536278486,-8.472879151615736e-05,0
15.004472263142816,-0.40880292654037476,0.0002041343250311911,-8.3450709480095e-05,0
15.004506263143412,-0.40195131301879883,0.00020443960966076702,-8.217476953619601e-05,0
15.004540263144008,-0.39475715160369873,0.00020482120453380048,-8.085463528980166e-05,0
15.004574263144605,-0.3880768418312073,0.0002053554344456643,-7.969368845254891e-05,0
15.004608263145201,-0.3808826804161072,0.00020550806948449463,-7.827446435239391e-05,0
15.004642263145797,-0.3745449483394623,0.0002058896643575281,-7.711493370041959e-05,0
15.004676263146393,-0.3671794831752777,0.0002064238942693919,-7.579461881286349e-05,0
15.00471026314699,-0.36049917340278625,0.0002067291788989678,-7.452569811131462e-05,0
15.004744263147586,-0.3539901375770569,0.00020711075922008604,-7.331516615000696e-05,0
15.004778263148182,-0.34696725010871887,0.00020756867888849229,-7.201953372263986e-05,0
15.004812263148779,-0.3397730886936188,0.00020795027376152575,-7.06559068106372e-05,0
15.004846263149375,-0.33292150497436523,0.00020825554383918643,-6.933274907419684e-05,0
15.004880263149971,-0.32658377289772034,0.0002086371387122199,-6.81375039272218e-05,0
15.004914263150567,-0.31938958168029785,0.00020894240878988057,-6.673402853867375e-05,0
15.004948263151164,-0.31288057565689087,0.00020940032845828682,-6.551729531077081e-05,0
15.00498226315176,-0.30602896213531494,0.00020970561308786273,-6.417599112722855e-05,0
15.005016263152356,-0.29969125986099243,0.00021023984299972653,-6.30070434215653e-05,0
15.005050263152953,-0.2928396463394165,0.00021062142332084477,-6.167830311678071e-05,0
15.005084263153549,-0.28615933656692505,0.00021100301819387823,-6.038048369997901e-05,0
15.005118263154145,-0.27982163429260254,0.00021153724810574204,-5.919269847870848e-05,0
15.005152263154741,-0.2729700207710266,0.0002116898976964876,-5.778499577122672e-05,0
15.005186263155338,-0.26628971099853516,0.00021207147801760584,-5.647245259234046e-05,0
15.005220263155934,-0.2597807049751282,0.0002125293976860121,-5.5211036758811595e-05,0
15.00525426315653,-0.2534429728984833,0.0002129873028025031,-5.398013521189585e-05,0
15.005288263157126,-0.24659138917922974,0.00021329258743207902,-5.259611543650868e-05,0
15.005322263157723,-0.24042494595050812,0.00021375050710048527,-5.139095411652787e-05,0
15.005356263158319,-0.23408721387386322,0.00021413210197351873,-5.012558715193497e-05,0
15.005390263158915,-0.22740691900253296,0.00021458999253809452,-4.879924905186461e-05,0
15.005424263159512,-0.2207266092300415,0.00021489527716767043,-4.743310586876985e-05,0
15.005458263160108,-0.21421758830547333,0.0002152768720407039,-4.611609234650557e-05,0
15.005492263160704,-0.2080511599779129,0.00021565846691373736,-4.486799420046141e-05,0
15.0055262631613,-0.20188471674919128,0.00021604006178677082,-4.361518668030001e-05,0
15.005560263161897,-0.19520440697669983,0.00021642165665980428,-4.2246461145192035e-05,0
15.005594263162493,-0.18886668980121613,0.0002169558865716681,-4.097574012967907e-05,0
15.00562826316309,-0.18252895772457123,0.0002174137916881591,-3.968431279178673e-05,0
15.005662263163686,-0.17653381824493408,0.00021771907631773502,-3.8434779847129966e-05,0
15.005696263164282,-0.16968221962451935,0.00021810067119076848,-3.700780598924706e-05,0
15.005730263164878,-0.16402964293956757,0.0002185585763072595,-3.585008523306001e-05,0
15.005764263165474,-0.15752063691616058,0.0002188638609368354,-3.447557477270031e-05,0
15.00579826316607,-0.15152548253536224,0.0002193980908486992,-3.324440158318639e-05,0
15.005832263166667,-0.14501646161079407,0.0002197033609263599,-3.18606040055399e-05,0
15.005866263167263,-0.13885003328323364,0.00022008497035130858,-3.0558805458418686e-05,0
15.00590026316786,-0.1328548789024353,0.00022054286091588438,-2.930019507977645e-05,0
15.005934263168456,-0.1265171617269516,0.00022084814554546028,-2.7941080547072344e-05,0
15.005968263169052,-0.12035072594881058,0.00022122974041849375,-2.6625159860832644e-05,0
15.006002263169648,-0.11435557901859283,0.0002216876600869,-2.535122073051444e-05,0
15.006036263170245,-0.10818914324045181,0.0002222218899987638,-2.4041995888240183e-05,0
15.006070263170841,-0.10202270746231079,0.00022260348487179726,-2.2710610217166298e-05,0
15.006104263171437,-0.0963701382279396,0.00022283243015408516,-2.1474392095616884e-05,0
15.006138263172033,-0.0900324136018753,0.00022336666006594896,-2.0110239523927e-05,0
15.00617226317263,-0.08352339267730713,0.0002235956199001521,-1.867546476184631e-05,0
15.006206263173226,-0.07752824574708939,0.00022420617460738868,-1.738231140297646e-05,0
15.006240263173822,-0.07221826165914536,0.00022443511988967657,-1.620831421369432e-05,0
15.006274263174419,-0.06588052958250046,0.00022496934980154037,-1.4821099904756274e-05,0
15.006308263175015,-0.05937151983380318,0.00022535094467457384,-1.3379428081312743e-05,0
15.006342263175611,-0.05371895059943199,0.0002258088643429801,-1.2130215228554387e-05,0
15.006376263176207,-0.04789509251713753,0.0002260378241771832,-1.0826102501338656e-05,0
15.006410263176804,-0.04155736789107323,0.0002266483788844198,-9.418910063215187e-06,0
15.0064442631774,-0.0362473800778389,0.00022702997375745326,-8.229241747848199e-06,0
15.006478263177996,-0.03059481456875801,0.00022733524383511394,-6.955279630078699e-06,0
15.006512263178593,-0.02442837692797184,0.00022786947374697775,-5.566481395069756e-06,0
15.006546263179189,-0.017576780170202255,0.00022817474382463843,-4.010577312597884e-06,0
15.006580263179785,-0.012438083998858929,0.00022855635324958712,-2.8428031201912384e-06,0
15.006614263180381,-0.006785517558455467,0.00022916689340490848,-1.5550159790156989e-06,0
15.006648263180978,-0.00061908079078421,0.00022947217803448439,-1.420618174405636e-07,0
15.006682263181574,0.004862196743488312,0.00022993006859906018,1.1179652307723945e-06,0
15.00671626318217,0.010514764115214348,0.00023023535322863609,2.4208704301821626e-06,0
15.006750263182767,0.016338620334863663,0.00023084589338395745,3.771703407862896e-06,0
15.006784263183363,0.0219911877065897,0.00023115117801353335,5.083288944294942e-06,0
15.006818263183959,0.027815045788884163,0.00023145646264310926,6.437972106551241e-06,0
15.006852263184555,0.033810194581747055,0.00023191436775960028,7.841069900254931e-06,0
15.006886263185152,0.03929147124290466,0.00023244861222337931,9.133247962628006e-06,0
15.006920263185748,0.045286618173122406,0.00023298284213524312,1.055100501266761e-05,0
15.006954263186344,0.05111047253012657,0.00023328809766098857,1.1923464907107441e-05,0
15.00698826318694,0.05659175291657448,0.00023359338229056448,1.321945897353455e-05,0
15.007022263187537,0.062244318425655365,0.00023405130195897073,1.456836376707339e-05,0
15.007056263188133,0.06738301366567612,0.00023435655748471618,1.579165111563344e-05,0
15.00709026318873,0.07354945689439774,0.000234967126743868,1.728170456004861e-05,0
15.007124263189326,0.0793733075261116,0.00023534870706498623,1.8680405301741906e-05,0
15.007158263189922,0.08434072136878967,0.00023588293697685003,1.9894537063216283e-05,0
15.007192263190518,0.08982199430465698,0.00023618822160642594,2.1214897095959452e-05,0
15.007226263191114,0.09547456353902817,0.00023664612672291696,2.2593685662072047e-05,0
15.00726026319171,0.10146971046924591,0.00023702773614786565,2.405113576010474e-05,0
15.007294263192307,0.10677969455718994,0.00023740933102089912,2.5350495851438407e-05,0
15.007328263192903,0.11191839724779129,0.00023771458654664457,2.660463552872183e-05,0
15.0073622631935,0.11791354417800903,0.00023832514125388116,2.810176207196976e-05,0
15.007396263194096,0.1228809505701065,0.00023870673612691462,2.9332510642762852e-05,0
15.007430263194692,0.12887610495090485,0.00023870673612691462,3.07635943775802e-05,0
15.007464263195288,0.13350093364715576,0.000239393615629524,3.195927119570979e-05,0
15.007498263195885,0.13932478427886963,0.00023985153529793024,3.3417263414339815e-05,0
15.007532263196481,0.1451486349105835,0.00024030942586250603,3.488058512008882e-05,0
15.007566263197077,0.15028733015060425,0.00024053838569670916,3.614987178509471e-05,0
15.007600263197673,0.1554260402917862,0.00024076734553091228,3.742151514743398e-05,0
15.00763426319827,0.16107860207557678,0.00024145422503352165,3.8893109033641404e-05,0
15.007668263198866,0.1663885861635208,0.00024183581990655512,4.023872015794755e-05,0
15.007702263199462,0.1713559925556183,0.00024237004981841892,4.1531560452389826e-05,0
15.007736263200059,0.1768372803926468,0.0002426753198960796,4.2914043588838284e-05,0
15.007770263200655,0.1823185533285141,0.00024336218484677374,4.4369441476130225e-05,0
15.007804263201251,0.18745724856853485,0.00024359114468097687,4.566292575755582e-05,0
15.007838263201847,0.19276723265647888,0.00024412537459284067,4.7059372881488176e-05,0
15.007872263202444,0.1982485055923462,0.00024450698401778936,4.8473144188418416e-05,0
15.00790626320304,0.2037297934293747,0.00024481225409545004,4.9875549955845627e-05,0
15.007940263203636,0.2085259109735489,0.00024504121392965317,5.1097442360745204e-05,0
15.007974263204233,0.2140071839094162,0.00024565175408497453,5.2571240114133826e-05,0
15.008008263204829,0.21914587914943695,0.0002461096737533808,5.393392082186574e-05,0
15.008042263205425,0.2242845743894577,0.00024641494383104146,5.526707080034726e-05,0
15.008076263206021,0.22925198078155518,0.00024679655325599015,5.657859868399631e-05,0
15.008110263206618,0.23490455746650696,0.00024733078316785395,5.809912816788932e-05,0
15.008144263207214,0.2400432527065277,0.00024763605324551463,5.944336370846022e-05,0
15.00817826320781,0.2448393702507019,0.00024817028315737844,6.076185584319091e-05,0
15.008212263208407,0.24980677664279938,0.00024855186347849667,6.208993984412438e-05,0
15.008246263209003,0.2551167607307434,0.0002490860933903605,6.35460372888242e-05,0
15.008280263209599,0.2600841820240021,0.0002495440130587667,6.490245051537624e-05,0
15.008314263210195,0.26505157351493835,0.00024977297289296985,6.62027194867857e-05,0
15.008348263210792,0.27053287625312805,0.0002501545532140881,6.767503078882343e-05,0
15.008382263211388,0.27550026774406433,0.0002505361626390368,6.902277988662508e-05,0
15.008416263211984,0.280467689037323,0.0002510703925509006,7.04171327844446e-05,0
15.00845026321258,0.2854350805282593,0.00025145200197584927,7.177322243296855e-05,0
15.008484263213177,0.2907450795173645,0.0002519862027838826,7.326374856567869e-05,0
15.008518263213773,0.2953698933124542,0.0002524441515561193,7.456440211248399e-05,0
15.00855226321437,0.3001660108566284,0.00025259677204303443,7.582096541941877e-05,0
15.008586263214966,0.3056472837924957,0.00025313100195489824,7.736880319118757e-05,0
15.008620263215562,0.31010082364082336,0.00025351261137984693,7.86144695922265e-05,0
15.008654263216158,0.3155820965766907,0.0002537415421102196,8.007628784774574e-05,0
15.008688263216754,0.32037821412086487,0.00025427580112591386,8.146442705887248e-05,0
15.00872226321735,0.32517433166503906,0.0002548100019339472,8.28576720804386e-05,0
15.008756263217947,0.3303130269050598,0.0002552679507061839,8.431832946961121e-05,0
15.008790263218543,0.33476656675338745,0.0002557258412707597,8.560846191233394e-05,0
15.00882426321914,0.34024786949157715,0.0002558784617576748,8.706210146183085e-05,0
15.008858263219736,0.34504398703575134,0.0002563364105299115,8.844733711167382e-05,0
15.008892263220332,0.34966880083084106,0.0002567943010944873,8.979295532390331e-05,0
15.008926263220928,0.35446491837501526,0.00025732856011018157,9.121394705501572e-05,0
15.008960263221525,0.35994619131088257,0.00025755749084055424,9.270683787164502e-05,0
15.008994263222121,0.36474230885505676,0.00025801538140513003,9.41091259338252e-05,0
15.009028263222717,0.3691958487033844,0.00025862595066428185,9.548362735221916e-05,0
15.009062263223313,0.3739919662475586,0.00025885491049848497,9.680965695016419e-05,0
15.00909626322391,0.37895938754081726,0.00025923651992343366,9.824011281839729e-05,0
15.009130263224506,0.38392677903175354,0.000259770720731467,9.973293609718929e-05,0
15.009164263225102,0.3882090449333191,0.0002600759908091277,0.00010096385200209813,0
15.009198263225699,0.3928338587284088,0.00026061024982482195,0.00010237653006285943,0
15.009232263226295,0.397629976272583,0.0002609918301459402,0.00010377817522826821,0
15.009266263226891,0.4025973975658417,0.00026122081908397377,0.00010516682195322539,0
15.009300263227487,0.4070509076118469,0.0002619076694827527,0.0001066097545734581,0
15.009334263228084,0.4120183289051056,0.0002620602899696678,0.00010797364274568993,0
15.00936826322868,0.4164718687534332,0.00026251820963807404,0.00010933144934977424,0
15.009402263229276,0.42109668254852295,0.00026305243954993784,0.0001107705096307747,0
15.009436263229873,0.42589280009269714,0.0002635103592183441,0.00011222716474093303,0
15.009470263230469,0.4308602213859558,0.00026381562929600477,0.00011366766044355187,0
15.009504263231065,0.435142457485199,0.000264273548964411,0.00011499664154470887,0
15.009538263231661,0.43993857502937317,0.0002645788190420717,0.00011639842863232341,0
15.009572263232258,0.44473469257354736,0.0002650367096066475,0.00011787101956761692,0
15.009606263232854,0.449188232421875,0.00026534200878813863,0.00011918850791481361,0
15.00964026323345,0.4538130760192871,0.00026587623870000243,0.00012065811372488633,0
15.009674263234047,0.45826661586761475,0.00026648680795915425,0.00012212200765680456,0
15.009708263234643,0.46289142966270447,0.0002665631182026118,0.00012338978288015546,0
15.009742263235239,0.4675162732601166,0.00026717365835793316,0.0001249080330687725,0
15.009776263235835,0.47179850935935974,0.00026755526778288186,0.000126232176511208,0
15.009810263236432,0.4762520492076874,0.0002676315780263394,0.00012746008746773122,0
15.009844263237028,0.48121944069862366,0.00026824211818166077,0.0001290833220831929,0
15.009878263237624,0.4856729805469513,0.000268700037850067,0.00013050034825572068,0
15.00991226323822,0.49012652039527893,0.0002693869173526764,0.00013203367244207787,0
15.009946263238817,0.49458006024360657,0.0002695395378395915,0.00013330888086273904,0
15.009980263239413,0.4992049038410187,0.00027007379685528576,0.00013482216378912174,0
15.01001426324001,0.5038297176361084,0.00027030272758565843,0.00013618654691575222,0
15.010048263240606,0.508283257484436,0.0002706079976633191,0.0001375455145536525,0
15.010082263241202,0.5127367973327637,0.00027098957798443735,0.0001389463283262976,0
15.010116263241798,0.5170190334320068,0.00027144752675667405,0.00014034353791124443,0
15.010150263242394,0.5214725732803345,0.0002719817275647074,0.00014183101135839885,0
15.01018426324299,0.5255835652351379,0.00027228702674619853,0.0001431095862845424,0
15.010218263243587,0.5305509567260742,0.0002727449173107743,0.00014470507682140532,0
15.010252263244183,0.5344906449317932,0.00027305021649226546,0.00014594278631171673,0
15.01028626324478,0.5387728810310364,0.0002737370668910444,0.0001474821081738735,0
15.010320263245376,0.5430551171302795,0.0002739660267252475,0.00014877865273299658,0
15.010354263245972,0.5478512644767761,0.00027442394639365375,0.00015034350603447023,0
15.010388263246568,0.5521335005760193,0.00027488183695822954,0.00015177147088451387,0
15.010422263247165,0.5567583441734314,0.00027526344638317823,0.00015325522061977043,0
15.010456263247761,0.5610405802726746,0.0002755687164608389,0.0001546052325881852,0
15.010490263248357,0.5646376609802246,0.0002760266652330756,0.0001558550506253753,0
15.010524263248954,0.5694337487220764,0.0002764845557976514,0.00015743963707161475,0
15.01055826324955,0.5733734369277954,0.0002767134865280241,0.00015866016281484638,0
15.010592263250146,0.577826976776123,0.0002770951250568032,0.00016011303839097435,0
15.010626263250742,0.5822805166244507,0.00027747670537792146,0.0001615692793587066,0
15.010660263251339,0.5865627527236938,0.00027793459594249725,0.00016302608167317878,0
15.010694263251935,0.5906737446784973,0.00027831620536744595,0.000164394075229099,0
15.010728263252531,0.5952985286712646,0.0002786977856885642,0.0001659083817643417,0
15.010762263253127,0.5990669131278992,0.00027923204470425844,0.00016727867906737165,0
15.010796263253724,0.6036917567253113,0.00027968993526883423,0.00016884650836083114,0
15.01083026325432,0.6076314449310303,0.00027999523445032537,0.0001701339088828538,0
15.010864263254916,0.611742377281189,0.00028022416518069804,0.0001714249969792768,0
15.010898263255513,0.6160246133804321,0.00028075839509256184,0.00017295408179020602,0
15.010932263256109,0.6203068494796753,0.00028114000451751053,0.00017439307046495864,0
15.010966263256705,0.6242465376853943,0.00028152158483862877,0.000175738874619219,0
15.011000263257301,0.6285287737846375,0.00028182685491628945,0.00017713628754011633,0
15.011034263257898,0.6326397657394409,0.0002823611139319837,0.00017863286897185776,0
15.011068263258494,0.6367506980895996,0.0002828190044965595,0.00018008519854618987,0
15.01110226325909,0.6408616900444031,0.00028327692416496575,0.00018154132837094016,0
15.011136263259687,0.6453152298927307,0.00028350588399916887,0.0001829506647088655,0
15.011170263260283,0.6490835547447205,0.00028388749342411757,0.00018426670337929468,0
15.011204263260879,0.6533658504486084,0.00028419276350177824,0.00018568184661667958,0
15.011238263261475,0.6579906344413757,0.0002844980335794389,0.00018719704161225884,0
15.011272263262072,0.6619303226470947,0.00028503226349130273,0.00018867149813762973,0
15.011306263262668,0.6658700108528137,0.0002854901540558785,0.0001900993319795593,0
15.011340263263264,0.6696383953094482,0.0002859481028281152,0.00019148182871960018,0
15.01137426326386,0.6737493276596069,0.00028632968314923346,0.00019291443151078433,0
15.011408263264457,0.6778602600097656,0.00028678757371380925,0.00019440189928521256,0
15.011442263265053,0.6816286444664001,0.00028701656265184283,0.00019563871053978124,0
15.01147626326565,0.6859108805656433,0.0002875507634598762,0.00019723419737208668,0
15.011510263266246,0.6895080208778381,0.00028793237288482487,0.0001985316805744753,0
15.011544263266842,0.6939615607261658,0.0002883139532059431,0.000200078800945927,0
15.011578263267438,0.6977298855781555,0.00028877187287434936,0.00020148476581880945,0
15.011612263268034,0.7020121812820435,0.0002889245224650949,0.00020282853424159406,0
15.01164626326863,0.705780565738678,0.00028945875237695873,0.00020429436201062183,0
15.011680263269227,0.7098914980888367,0.000289916672045365,0.0002058093806392141,0
15.011714263269823,0.7140024304389954,0.00029022194212302566,0.00020721917204256576,0
15.01174826327042,0.7177708148956299,0.0002906035224441439,0.00020858672711627363,0
15.011782263271016,0.7218818068504333,0.0002909851318690926,0.00021005687276027217,0
15.011816263271612,0.7258214354515076,0.0002913667121902108,0.00021148020528468509,0
15.011850263272208,0.7297611236572266,0.00029182463185861707,0.00021296227125600087,0
15.011884263272805,0.7337008118629456,0.00029212990193627775,0.00021433594622008965,0
15.011918263273401,0.7374691963195801,0.000292511482257396,0.00021571820773461092,0
15.011952263273997,0.7412375211715698,0.00029304574127309024,0.0002172164988511506,0
15.011986263274594,0.7453485131263733,0.0002934273215942085,0.00021870561786089746,0
15.01202026327519,0.7487742900848389,0.00029380893101915717,0.0002199965737444548,0
15.012054263275786,0.7528852820396423,0.00029411420109681785,0.0002214342532446418,0
15.012088263276382,0.7566536664962769,0.00029457209166139364,0.00022288905320307084,0
15.012122263276979,0.7611072063446045,0.0002948773908428848,0.0002244333071586141,0
15.012156263277575,0.7648755311965942,0.000295258971164003,0.0002258363624096267,0
15.012190263278171,0.7681300640106201,0.00029564055148512125,0.00022709039573640122,0
15.012224263278767,0.7722409963607788,0.00029586954042315483,0.0002284825886891828,0
15.012258263279364,0.7760093808174133,0.0002964037412311882,0.00023001208370477914,0
15.01229226327996,0.7797777652740479,0.0002968616900034249,0.0002314861452263478,0
15.012326263280556,0.7835461497306824,0.0002971669309772551,0.00023284400459451168,0
15.012360263281153,0.7873145341873169,0.0002974722010549158,0.0002342041874072269,0
15.012394263281749,0.7915967702865601,0.0002980827703140676,0.00023596135825868642,0
15.012428263282345,0.7950226068496704,0.0002983117301482707,0.0002371645693563136,0
15.012462263282941,0.7986196875572205,0.00029884596006013453,0.00023866426725096222,0
15.012496263283538,0.802388072013855,0.0002991512301377952,0.00024003537879083853,0
15.012530263284134,0.8063277006149292,0.000299685460049659,0.00024164468790956878,0
15.01256426328473,0.8097535371780396,0.00030014337971806526,0.0002430421633872748,0
15.012598263285327,0.8136931657791138,0.0003002196899615228,0.0002442867099540155,0
15.012632263285923,0.8172902464866638,0.0003006775805260986,0.00024574085390118884,0
15.012666263286519,0.8214012384414673,0.00030105921905487776,0.0002472904153758976,0
15.012700263287115,0.8244844675064087,0.000301364460028708,0.0002484703163521257,0
15.012734263287712,0.8285953998565674,0.0003017460694536567,0.0002500254050741002,0
15.012768263288308,0.8323637843132019,0.0003024329198524356,0.0002517342096692646,0
15.012802263288904,0.8357895612716675,0.0003027382190339267,0.0002530254432665316,0
15.0128362632895,0.8397292494773865,0.00030296717886812985,0.0002544104017272158,0
15.012870263290097,0.843155026435852,0.0003033487591892481,0.0002557700310734934,0
15.012904263290693,0.847094714641571,0.00030365402926690876,0.00025722372327161534,0
15.01293826329129,0.8501779437065125,0.00030418825917877257,0.0002586141486882725,0
15.012972263291886,0.8544601798057556,0.0003044172190129757,0.0002601123916937953,0
15.013006263292482,0.8577147126197815,0.0003047988284379244,0.0002614304395404804,0
15.013040263293078,0.8613117933273315,0.0003052567190025002,0.00026292121206926075,0
15.013074263293674,0.8652514219284058,0.00030556198908016086,0.0002643879455388812,0
15.01310826329427,0.8691911101341248,0.00030601993785239756,0.0002659898095051013,0
15.013142263294867,0.8724456429481506,0.0003060962480958551,0.00026705233797400495,0
15.013176263295463,0.8755288124084473,0.00030685943784192204,0.00026866427919006175,0
15.01321026329606,0.8794685006141663,0.0003072410181630403,0.00027020879757101886,0
15.013244263296656,0.8828942775726318,0.00030754628824070096,0.00027153085797641807,0
15.013278263297252,0.8868339657783508,0.00030792789766564965,0.00027308091866061826,0
15.013312263297848,0.8902597427368164,0.000308462098473683,0.00027461138843123956,0
15.013346263298445,0.8935142755508423,0.00030876739765517414,0.00027588807762958176,0
15.013380263299041,0.8971113562583923,0.0003089200472459197,0.00027713568256019366,0
15.013414263299637,0.9008797407150269,0.0003092253173235804,0.000278574823692989,0
15.013448263300234,0.9041342735290527,0.0003096069267485291,0.000279926233795344,0
15.01348226330083,0.908073902130127,0.00031021743780002,0.0002817003592518741,0
15.013516263301426,0.9109858274459839,0.00031037008739076555,0.0002827427508761589,0
15.013550263302022,0.9147542119026184,0.00031075169681571424,0.0002842614235180601,0
15.013584263302619,0.9183512926101685,0.0003115148574579507,0.0002860800720137814,0
15.013618263303215,0.9212632179260254,0.0003115911968052387,0.0002870575086462157,0
15.013652263303811,0.9253742098808289,0.00031197277712635696,0.0002886915621376305,0
15.013686263304407,0.9289712905883789,0.00031227804720401764,0.000290097340533535,0
15.013720263305004,0.9318832159042358,0.00031250700703822076,0.00029122003471138483,0
15.0137542633056,0.9354802966117859,0.000312964926706627,0.00029277252246460127,0
15.013788263306196,0.9389061331748962,0.0003132701967842877,0.00029413130910167437,0
15.013822263306793,0.9423319101333618,0.00031357549596577883,0.00029549219608444866,0
15.013856263307389,0.9459289908409119,0.0003141096967738122,0.000297125468482597,0
15.013890263307985,0.9495260715484619,0.00031464395578950644,0.000298762639277278,0
15.013924263308581,0.9526093006134033,0.00031479657627642155,0.0002998781463621758,0
15.013958263309178,0.9563776850700378,0.00031517818570137024,0.00030142938362565097,0
15.013992263309774,0.9594609141349792,0.00031555979512631893,0.00030276728949614473,0
15.01402626331037,0.9628866910934448,0.0003160176856908947,0.0003042892237019139,0
15.014060263310967,0.9664837718009949,0.00031617030617780983,0.00030557347004620504,0
15.014094263311563,0.9697383046150208,0.0003164755762554705,0.0003068984887700417,0
15.014128263312159,0.9729927778244019,0.00031708614551462233,0.0003085225295339049,0
15.014162263312755,0.9762473106384277,0.000317391415592283,0.00030985251589168983,0
15.014196263313352,0.9798443913459778,0.0003175440651830286,0.00031114377127479213,0
15.014230263313948,0.9829276204109192,0.0003180019848514348,0.00031257293425597,0
15.014264263314544,0.9865247011184692,0.0003184598754160106,0.0003141685334130048,0
15.01429826331514,0.9894366264343262,0.0003186125250067562,0.0003152469018824072,0
15.014332263315737,0.9928624033927917,0.0003189941053278744,0.00031671725408396675,0
15.014366263316333,0.9961169362068176,0.00031945202499628067,0.0003182115724043588,0
15.01440026331693,0.9995427131652832,0.0003195283643435687,0.0003193822482292358,0
15.014434263317526,1.0029685497283936,0.0003202152147423476,0.0003211657895310985,0
15.014468263318122,1.006051778793335,0.0003203678352292627,0.0003223066305005698,0
15.014502263318718,1.0091350078582764,0.00032090209424495697,0.000323833537397622,0
15.014536263319314,1.0125608444213867,0.0003210547147318721,0.0003250874330543718,0
15.01457026331991,1.015815258026123,0.000321817904477939,0.00032690753767468383,0
15.014604263320507,1.019069790840149,0.000321894243825227,0.000328032699727622,0
15.014638263321103,1.0224956274032593,0.0003221231745555997,0.0003293695374683575,0
15.0146722633217,1.0255788564682007,0.0003225811233278364,0.00033083237958079006,0
15.014706263322296,1.0290045738220215,0.00032311532413586974,0.000332487146407795,0
15.014740263322892,1.0319164991378784,0.00032311532413586974,0.00033342803410008753,0
15.014774263323488,1.0353423357009888,0.000323649583151564,0.00033508811536879166,0
15.014808263324085,1.0385968685150146,0.0003239548241253942,0.00033645846587696676,0
15.014842263324681,1.0415087938308716,0.0003242600942030549,0.0003377197396009085,0
15.014876263325277,1.044592022895813,0.0003246417036280036,0.00033911813390911927,0
15.014910263325874,1.0476752519607544,0.0003248706634622067,0.0003403589541974249,0
15.01494426332647,1.0511009693145752,0.00032525224378332496,0.0003418729487123934,0
15.014978263327066,1.054355502128601,0.0003257101634517312,0.0003434143029345388,0
15.015012263327662,1.0574387311935425,0.00032609174377284944,0.00034482203978785167,0
15.015046263328259,1.0605219602584839,0.00032632070360705256,0.0003460702722622791,0
15.015080263328855,1.0636051893234253,0.0003267786232754588,0.00034756343947574264,0
15.015114263329451,1.067373514175415,0.00032700758310966194,0.00034903923314576896,0
15.015148263330047,1.070114254951477,0.0003273128531873226,0.00035026215002459393,0
15.015182263330644,1.073026180267334,0.00032777077285572886,0.0003517066204006547,0
15.01521626333124,1.0766232013702393,0.000327999732689932,0.0003531321222572173,0
15.015250263331836,1.0797064304351807,0.0003283813130110502,0.0003545554152927788,0
15.015284263332433,1.0826183557510376,0.00032883923267945647,0.00035600738938986604,0
15.015318263333029,1.08535897731781,0.00032914450275711715,0.0003572399409022438,0
15.015352263333625,1.0887848138809204,0.0003292971523478627,0.0003585337387305848,0
15.015386263334221,1.0918680429458618,0.00032952611218206584,0.00035979903120779075,0
15.015420263334818,1.0949512720108032,0.0003301366523373872,0.00036148354741421043,0
15.015454263335414,1.0978631973266602,0.0003302892728243023,0.0003626124371055861,0
15.01548826333601,1.101117730140686,0.00033059457200579345,0.00036402354472385087,0
15.015522263336607,1.1038583517074585,0.00033112880191765726,0.00036551929348769066,0
15.015556263337203,1.1069415807724,0.0003313577617518604,0.0003667936845948086,0
15.0155902633378,1.1098535060882568,0.0003315867215860635,0.00036801268552460326,0
15.015624263338395,1.1132792234420776,0.0003320446121506393,0.00036965836796318957,0
15.015658263338992,1.1161911487579346,0.000332426221575588,0.00037105120613771525,0
15.015692263339588,1.1194456815719604,0.0003326551814097911,0.00037238940628172776,0
15.015726263340184,1.1223576068878174,0.00033288414124399424,0.00037361504813751556,0
15.01576026334078,1.1254408359527588,0.00033326572156511247,0.00037507085227263953,0
15.015794263341377,1.1285240650177002,0.0003335710207466036,0.0003764429243050607,0
15.015828263341973,1.1310933828353882,0.00033410522155463696,0.00037790420527120117,0
15.01586226334257,1.1341766119003296,0.00033433421049267054,0.0003791940420989487,0
15.015896263343166,1.1370885372161865,0.0003345631412230432,0.00038042791285976263,0
15.015930263343762,1.140171766281128,0.00033502106089144945,0.00038198155473798123,0
15.015964263344358,1.1430836915969849,0.000335097371134907,0.0003830443400413344,0
15.015998263344954,1.1458243131637573,0.0003356316010467708,0.0003845748487454684,0
15.01603226334555,1.1492501497268677,0.0003360132104717195,0.00038616323244482914,0
15.016066263346147,1.1519907712936401,0.0003363948198966682,0.00038752372803194796,0
15.016100263346743,1.154902696609497,0.00033647113014012575,0.00038859141553007626,0
15.01613426334734,1.1576433181762695,0.000336852710461244,0.00038995528947502467,0
15.016168263347936,1.160212755203247,0.0003372342907823622,0.00039126352565761746,0
15.016202263348532,1.163295865058899,0.00033753958996385336,0.00039265840929862683,0
15.016236263349128,1.1663790941238403,0.0003376159002073109,0.0003937881278456082,0
15.016270263349725,1.1696336269378662,0.0003380737907718867,0.00039542247407315517,0
15.016304263350321,1.1725455522537231,0.0003384554001968354,0.00039685437413705324,0
15.016338263350917,1.1752861738204956,0.00033860804978758097,0.0003979613592596659,0
15.016372263351514,1.1778556108474731,0.00033906594035215676,0.0003993707202910625,0
15.01640626335211,1.181281328201294,0.0003393712395336479,0.00040089290858962706,0
15.016440263352706,1.183679461479187,0.0003396765096113086,0.0004020681079738436,0
15.016474263353302,1.1867626905441284,0.00033998177968896925,0.00040347769159966226,0
15.016508263353899,1.1895033121109009,0.00034036338911391795,0.00040486337867229674,0
15.016542263354495,1.1927577257156372,0.00034059234894812107,0.0004062441555275076,0
15.016576263355091,1.1954984664916992,0.0003411265497561544,0.00040781626711308694,0
15.016610263355687,1.1982390880584717,0.000341202859999612,0.00040884260380887744,0
15.016644263356284,1.2009797096252441,0.00034158446942456067,0.00041023601690200195,0
15.01667826335688,1.20423424243927,0.00034188973950222135,0.0004117153314472169,0
15.016712263357476,1.206803560256958,0.0003424239985179156,0.00041323850052884387,0
15.016746263358073,1.209372878074646,0.0003424239985179156,0.0004141182966094399,0
15.016780263358669,1.212284803390503,0.00034280557883903384,0.0004155779937440457,0
15.016814263359265,1.2148542404174805,0.0003432634985074401,0.00041701511674230307,0
15.016848263359861,1.2174235582351685,0.0003432634985074401,0.00041789706976518015,0
15.016882263360458,1.2203354835510254,0.00034387403866276145,0.000419641691252165,0
15.016916263361054,1.2230761051177979,0.00034387403866276145,0.0004205841198587773,0
15.01695026336165,1.2261593341827393,0.00034448460792191327,0.00042239301748573516,0
15.016984263362247,1.2287286520004272,0.0003445609181653708,0.0004233718725093656,0
15.017018263362843,1.2316405773162842,0.00034494249848648906,0.00042484517797682086,0
15.01705226336344,1.2340387105941772,0.00034509511897340417,0.00042586073565028387,0
15.017086263364035,1.2369506359100342,0.0003455530677456409,0.0004274320868886336,0
15.017120263364632,1.240033745765686,0.0003460872685536742,0.00042915989198642757,0
15.017154263365228,1.242431879043579,0.0003463162574917078,0.0004302743585387625,0
15.017188263365824,1.245343804359436,0.0003463162574917078,0.00043128280561624543,0
15.01722226336642,1.247913122177124,0.00034669783781282604,0.0004326487812370619,0
15.017256263367017,1.250825047492981,0.0003470031078904867,0.00043404017890733004,0
15.017290263367613,1.253223180770874,0.00034723206772468984,0.00043515927637958335,0
15.01732426336821,1.2564775943756104,0.0003475373378023505,0.00043667287815760125,0
15.017358263368806,1.259047031402588,0.0003480715677142143,0.0004382384740462264,0
15.017392263369402,1.2619589567184448,0.000348453177139163,0.0004397336078877656,0
15.017426263369998,1.2636717557907104,0.0003485294873826206,0.0004404268692656324,0
15.017460263370594,1.2669262886047363,0.0003489110677037388,0.0004420446040590137,0
15.01749426337119,1.269153118133545,0.0003490637172944844,0.00044301530523158106,0
15.017528263371787,1.2725788354873657,0.0003495216369628906,0.00044479383774387315,0
15.017562263372383,1.2749769687652588,0.0003497505676932633,0.0004459239186214853,0
15.01759626337298,1.2778888940811157,0.000350132177118212,0.00044743002059980524,0
15.017630263373576,1.2804582118988037,0.0003503611369524151,0.00044862279494092133,0
15.017664263374172,1.2831988334655762,0.00035074271727353334,0.0004500726456519444,0
15.017698263374768,1.2855969667434692,0.00035097167710773647,0.0004512081235025743,0
15.017732263375365,1.2885088920593262,0.0003512769762892276,0.00045262350752438285,0
15.017766263375961,1.2905642986297607,0.0003512769762892276,0.0004533455245294901,0
15.017800263376557,1.2934762239456177,0.00035188751644454896,0.00045515813602429664,0
15.017834263377154,1.2960455417633057,0.00035219278652220964,0.00045645789081330546,0
15.01786826337775,1.2987862825393677,0.0003525743668433279,0.0004579187512311171,0
15.017902263378346,1.3011842966079712,0.00035272701643407345,0.00045896285477339815,0
15.017936263378942,1.3039249181747437,0.00035303228651173413,0.0004603275953028556,0
15.017970263379539,1.3063230514526367,0.0003531849361024797,0.0004613736234564958,0
15.018004263380135,1.3092349767684937,0.0003534902061801404,0.0004628017418761461,0
15.018038263380731,1.3111190795898438,0.00035394809674471617,0.00046406810282650923,0
15.018072263381328,1.3142023086547852,0.00035410074633546174,0.00046536001833044627,0
15.018106263381924,1.3167716264724731,0.00035440604551695287,0.0004666718249870354,0
15.01814026338252,1.3193410634994507,0.000354558666003868,0.0004677838074784897,0
15.018174263383116,1.3220816850662231,0.0003549402463249862,0.0004692599989591581,0
15.018208263383713,1.3241370916366577,0.0003551692352630198,0.0004702927582199909,0
15.018242263384309,1.3267065286636353,0.00035555081558413804,0.0004717115883071561,0
15.018276263384905,1.3294471502304077,0.0003558560856617987,0.00047309185897522615,0
15.018310263385501,1.3318451642990112,0.00035631400533020496,0.0004745550849710456,0
15.018344263386098,1.3345857858657837,0.0003565429651644081,0.0004758371733588583,0
15.018378263386694,1.3373265266418457,0.0003569245454855263,0.0004773246626873784,0
15.01841226338729,1.3393819332122803,0.0003569245454855263,0.0004780582877433187,0
15.018446263387887,1.3419512510299683,0.000357306154910475,0.0004794874415828196,0
15.018480263388483,1.3448631763458252,0.00035753511474467814,0.0004808358100706969,0
15.01851426338908,1.3469187021255493,0.00035784035571850836,0.0004819818674925182,0
15.018548263389675,1.3496593236923218,0.0003579166950657964,0.0004830656046006937,0
15.018582263390272,1.3518861532211304,0.0003583746147342026,0.0004844816793251258,0
15.018616263390868,1.3546267747879028,0.0003586798848118633,0.0004858773755439909,0
15.018650263391464,1.3568534851074219,0.00035890881554223597,0.0004869866772042597,0
15.01868426339206,1.3594229221343994,0.0003592141147237271,0.0004883239015096505,0
15.018718263392657,1.361478328704834,0.0003592904540710151,0.0004891661669282066,0
15.018752263393253,1.3645615577697754,0.00035982465487904847,0.0004910028915857262,0
15.01878626339385,1.3666170835494995,0.0003601299540605396,0.0004921597475170299,0
15.018820263394446,1.3691864013671875,0.0003601299540605396,0.0004930850358246808,0
15.018854263395042,1.371584415435791,0.0003604352241382003,0.0004943673362020617,0
15.018888263395638,1.3738112449645996,0.0003608168044593185,0.0004956941833384049,0
15.018922263396234,1.3767231702804565,0.0003611984138842672,0.0004972702254630208,0
15.01895626339683,1.3789498805999756,0.0003615036839619279,0.0004984954618357518,0
15.018990263397427,1.381690502166748,0.00036180895403958857,0.000499907995395385,0
15.019024263398023,1.3839173316955566,0.0003620379138737917,0.0005010305437408435,0
15.01905826339862,1.3861440420150757,0.0003622668737079948,0.0005021540686097649,0
15.019092263399216,1.3885421752929688,0.00036264845402911305,0.0005035526732242168,0
15.019126263399812,1.3911114931106567,0.00036280107451602817,0.0005046967444721426,0
15.019160263400408,1.3933383226394653,0.00036295372410677373,0.0005057173331426794,0
15.019194263401005,1.3957363367080688,0.0003633353335317224,0.0005071203274201706,0
15.019228263401601,1.3983056545257568,0.00036348795401863754,0.0005082672614562592,0
15.019262263402197,1.4005324840545654,0.00036386956344358623,0.0005096111435614961,0
15.019296263402794,1.4027591943740845,0.0003640222130343318,0.0005106355062903106,0
15.01933026340339,1.405499815940857,0.00036463275318965316,0.0005124912674940654,0
15.019364263403986,1.40789794921875,0.00036455641384236515,0.0005132582274232078,0
15.019398263404582,1.4097820520401,0.00036501436261460185,0.0005145906971509226,0
15.019432263405179,1.4120088815689087,0.0003652432933449745,0.0005157267741365823,0
15.019466263405775,1.4145781993865967,0.00036547225317917764,0.0005169890818279635,0
15.019500263406371,1.4174901247024536,0.00036562487366609275,0.0005182696477672687,0
15.019534263406968,1.4192030429840088,0.00036608282243832946,0.0005195458555886517,0
15.019568263407564,1.4217723608016968,0.00036623544292524457,0.00052070343029708,0
15.01960226340816,1.4243417978286743,0.0003664644027594477,0.0005219705662666031,0
15.019636263408756,1.4263972043991089,0.0003667696728371084,0.0005231592359932272,0
15.019670263409353,1.4289665222167969,0.00036715128226205707,0.0005246468909414492,0
15.019704263409949,1.4311933517456055,0.0003673039027489722,0.0005256829036845434,0
15.019738263410545,1.433591365814209,0.00036760917282663286,0.0005270013361583642,0
15.019772263411141,1.4354755878448486,0.0003680670924950391,0.0005283513259656605,0
15.019806263411738,1.438216209411621,0.0003681434318423271,0.0005294698510640572,0
15.019840263412334,1.4402717351913452,0.00036829605232924223,0.0005304463943523602,0
15.01987426341293,1.4428410530090332,0.00036852501216344535,0.0005317230166100723,0
15.019908263413527,1.4447252750396729,0.0003689829318318516,0.0005330789676757167,0
15.019942263414123,1.446951985359192,0.0003692118916660547,0.0005342318796644208,0
15.01997626341472,1.4498639106750488,0.00036936451215296984,0.0005355282760546864,0
15.020010263415315,1.4517481327056885,0.0003696697822306305,0.0005366674160710364,0
15.020044263415912,1.4538036584854126,0.00036997508141212165,0.0005378711269053808,0
15.020078263416508,1.4558590650558472,0.00037012770189903677,0.000538853770038001,0
15.020112263417104,1.458770990371704,0.00037043297197669744,0.0005403768733967806,0
15.0201462634177,1.4603126049041748,0.0003707382420543581,0.0005413937279919942,0
15.020180263418297,1.4627107381820679,0.0003708145522978157,0.000542394427520191,0
15.020214263418893,1.4651087522506714,0.00037119616172276437,0.0005438427453418777,0
15.02024826341949,1.4678493738174438,0.00037150143180042505,0.0005453081440405377,0
15.020282263420086,1.46921968460083,0.0003717303916346282,0.0005461536087539715,0
15.020316263420682,1.471789002418518,0.0003719593514688313,0.0005474456828385502,0
15.020350263421278,1.4740158319473267,0.0003721883113030344,0.0005486114633264129,0
15.020384263421874,1.4764138460159302,0.0003724935813806951,0.0005499546811025199,0
15.02041826342247,1.4784693717956543,0.0003726462018676102,0.0005509459959772423,0
15.020452263423067,1.4801822900772095,0.0003727988514583558,0.0005518102576897825,0
15.020486263423663,1.4827516078948975,0.0003734094207175076,0.0005536734189719866,0
15.02052026342426,1.4849783182144165,0.0003734094207175076,0.0005545048935825039,0
15.020554263424856,1.4870338439941406,0.0003737146616913378,0.0005557263499318399,0
15.020588263425452,1.4894318580627441,0.0003738673112820834,0.0005568498841117958,0
15.020622263426048,1.4916586875915527,0.0003740962711162865,0.0005580239528062136,0
15.020656263426645,1.4935429096221924,0.00037417261046357453,0.0005588428493326983,0
15.020690263427241,1.495940923690796,0.0003746305010281503,0.0005604250977507969,0
15.020724263427837,1.4978251457214355,0.00037493580020964146,0.0005615882695851893,0
15.020758263428434,1.5003944635391235,0.000375012110453099,0.000562666094283952,0
15.02079226342903,1.5022786855697632,0.00037539369077421725,0.0005639459403474732,0
15.020826263429626,1.5043340921401978,0.0003755463403649628,0.0005649471629895,0
15.020860263430222,1.5067322254180908,0.00037569896085187793,0.0005660777313716142,0
15.020894263430819,1.5089589357376099,0.00037630953011102974,0.0005678356280642595,0
15.020928263431415,1.5108431577682495,0.0003763858403544873,0.0005686599715804298,0
15.020962263432011,1.5127273797988892,0.0003766148001886904,0.0005697155198829199,0
15.020996263432608,1.5147827863693237,0.00037676742067560554,0.0005707208033041769,0
15.021030263433204,1.5170096158981323,0.0003769964096136391,0.0005719071785429616,0
15.0210642634338,1.5194076299667358,0.0003774543001782149,0.0005735069436545344,0
15.021098263434396,1.52146315574646,0.00037768326001241803,0.0005746311646511043,0
15.021132263434993,1.523689866065979,0.00037783588049933314,0.0005757047021529502,0
15.021166263435589,1.5257453918457031,0.0003781411796808243,0.0005769471623651157,0
15.021200263436185,1.5276296138763428,0.0003785227600019425,0.000578242577705175,0
15.021234263436781,1.5295137166976929,0.00037844644975848496,0.000578839035941147,0
15.021268263437378,1.531569242477417,0.00037913332926109433,0.0005806689458943554,0
15.021302263437974,1.533795952796936,0.00037913332926109433,0.0005815131659910946,0
15.02133626343857,1.5363653898239136,0.000379438599338755,0.0005829563315873261,0
15.021370263439167,1.5380781888961792,0.0003795912198256701,0.0005838409759103581,0
15.021404263439763,1.5401337146759033,0.0003796675300691277,0.0005847387634271908,0
15.02143826344036,1.5421892404556274,0.0003799728292506188,0.0005859900089357876,0
15.021472263440955,1.5444159507751465,0.00038035440957173705,0.0005874254170902538,0
15.021506263441552,1.546642780303955,0.0003805833694059402,0.0005886265205954505,0
15.021540263442148,1.5481843948364258,0.00038065967964939773,0.0005893313757766305,0
15.021574263442744,1.5502398014068604,0.00038096497883088887,0.0005905870731257659,0
15.02160826344334,1.5528091192245483,0.00038127024890854955,0.0005920399193942091,0
15.021642263443937,1.5541795492172241,0.00038142286939546466,0.0005927996232181834,0
15.021676263444533,1.5565775632858276,0.00038172813947312534,0.00059418945717871,0
15.02171026344513,1.5586330890655518,0.0003818044497165829,0.0005950930488807307,0
15.021744263445726,1.5605171918869019,0.00038188081816770136,0.0005959315820025339,0
15.021778263446322,1.5627440214157104,0.00038249132921919227,0.000597736037980641,0
15.021812263446918,1.5646281242370605,0.0003825676394626498,0.0005985760881262459,0
15.021846263447515,1.5665123462677002,0.0003827202890533954,0.0005995360579692868,0
15.02188026344811,1.5685678720474243,0.0003830255882348865,0.0006008016318773089,0
15.021914263448707,1.5706232786178589,0.0003832545189652592,0.0006019484691223258,0
15.021948263449303,1.572336196899414,0.00038340716855600476,0.0006028449692713211,0
15.0219822634499,1.5747343301773071,0.0003835597890429199,0.0006040047674814517,0
15.022016263450496,1.5766184329986572,0.000383865088224411,0.0006052087738792622,0
15.022050263451092,1.5785026550292969,0.0003840177378151566,0.0006061730187195691,0
15.022084263451688,1.580558180809021,0.0003841703583020717,0.0006072036026386722,0
15.022118263452285,1.5826135873794556,0.0003846282488666475,0.000608717892746323,0
15.022152263452881,1.5846691131591797,0.0003850098582915962,0.0006101132306964852,0
15.022186263453477,1.5862107276916504,0.0003852388181257993,0.0006110699460343955,0
15.022220263454074,1.5884374380111694,0.0003852388181257993,0.0006119277612861955,0
15.02225426345467,1.590321660041809,0.00038562039844691753,0.0006132604722040857,0
15.022288263455266,1.5922058820724487,0.0003856967086903751,0.000614108568272799,0
15.022322263455862,1.5942612886428833,0.0003858493873849511,0.0006151447415543992,0
15.022356263456459,1.596488118171692,0.0003860783181153238,0.0006163694475548251,0
15.022390263457055,1.5980297327041626,0.00038623096770606935,0.0006172085700854001,0
15.022424263457651,1.6000851392745972,0.0003866125480271876,0.0006186129927553893,0
15.022458263458248,1.6021406650543213,0.00038676519761793315,0.0006196522509314614,0
15.022492263458844,1.604024887084961,0.00038707046769559383,0.0006208706632393479,0
15.02252626345944,1.6057378053665161,0.0003872231172863394,0.0006217787985385477,0
15.022560263460036,1.6077932119369507,0.00038760469760745764,0.0006231882017281448,0
15.022594263460633,1.6095061302185059,0.0003876810078509152,0.0006239749587053367,0
15.022628263461229,1.61156165599823,0.00038783365744166076,0.0006250178512385331,0
15.022662263461825,1.6136170625686646,0.00038798630703240633,0.0006260613250704955,0
15.022696263462421,1.6155012845993042,0.00038836788735352457,0.0006274088209167368,0
15.022730263463018,1.617042899131775,0.0003888258070219308,0.000628748010243995,0
15.022764263463614,1.61875581741333,0.0003889784566126764,0.0006296611394902285,0
15.02279826346421,1.6209825277328491,0.0003891310770995915,0.000630774676976302,0
15.022832263464807,1.6225241422653198,0.0003891310770995915,0.0006313745670997947,0
15.022866263465403,1.6247509717941284,0.0003894363471772522,0.000632737083528196,0
15.022900263466,1.626806378364563,0.0003895889676641673,0.0006337858175365328,0
15.022934263466595,1.6285192966461182,0.0003897416463587433,0.0006347017918018408,0
15.022968263467192,1.6307461261749268,0.00039012322667986155,0.000636191940639047,0
15.023002263467788,1.6322877407073975,0.00039027584716677666,0.0006370424808245234,0
15.023036263468384,1.6341718435287476,0.00039058111724443734,0.0006382766644148601,0
15.02307026346898,1.6362273693084717,0.00039073379593901336,0.000639329331029205,0
15.023104263469577,1.6379402875900269,0.00039103906601667404,0.0006404986402502866,0
15.023138263470173,1.639824390411377,0.0003911153762601316,0.0006413605334562866,0
15.02317226347077,1.6415373086929321,0.00039149695658124983,0.0006426568604678586,0
15.023206263471366,1.6434215307235718,0.00039180225576274097,0.0006438962629065521,0
15.023240263471962,1.6449631452560425,0.0003918785660061985,0.000644625798495984,0
15.023274263472558,1.6471898555755615,0.0003921838360838592,0.0006460012363180417,0
15.023308263473155,1.6489027738571167,0.0003921838360838592,0.0006466730151806002,0
15.02334226347375,1.6506156921386719,0.00039256541640497744,0.0006479746365090078,0
15.023376263474347,1.652671217918396,0.00039279437623918056,0.0006491599601707032,0
15.023410263474943,1.6545554399490356,0.0003930233360733837,0.000650278898727135,0
15.02344426347554,1.6562682390213013,0.0003932522959075868,0.0006513312876339425,0
15.023478263476136,1.6579811573028564,0.0003934049163945019,0.0006522579385723898,0
15.023512263476732,1.6596940755844116,0.0003934812266379595,0.0006530584607047085,0
15.023546263477328,1.6615782976150513,0.0003937865258194506,0.0006543071451948282,0
15.023580263477925,1.663119912147522,0.0003939391754101962,0.0006551680867996727,0
15.023614263478521,1.665004014968872,0.00039416810614056885,0.0006562914792967237,0
15.023648263479117,1.6670595407485962,0.000394397065974772,0.0006574833916764972,0
15.023682263479714,1.668601155281067,0.0003947023651562631,0.0006586008224919102,0
15.02371626348031,1.670314073562622,0.0003948549856431782,0.0006595318395361677,0
15.023750263480906,1.6725407838821411,0.00039508394547738135,0.0006607940118679885,0
15.023784263481502,1.6740823984146118,0.0003951602557208389,0.0006615308286552733,0
15.023818263482099,1.675795316696167,0.00039554183604195714,0.0006628471563965149,0
15.023852263482695,1.6778508424758911,0.00039554183604195714,0.0006636602028374586,0
15.023886263483291,1.6795637607574463,0.0003957708249799907,0.0006647223352014703,0
15.023920263483888,1.6814478635787964,0.00039599978481419384,0.0006658529921534893,0
15.023954263484484,1.682989478111267,0.0003962287155445665,0.0006668487591870477,0
15.02398826348508,1.6848737001419067,0.00039645767537876964,0.0006679811104650865,0
15.024022263485676,1.686244010925293,0.0003966866643168032,0.0006689105119181415,0
15.024056263486273,1.6881282329559326,0.0003969155950471759,0.0006700444220996415,0
15.024090263486869,1.6894985437393188,0.00039706824463792145,0.0006708462210808959,0
15.024124263487465,1.691725254058838,0.00039722086512483656,0.0006719885689707855,0
15.024158263488061,1.6932668685913086,0.0003974498249590397,0.0006729886205305569,0
15.024192263488658,1.6951510906219482,0.0003977551241405308,0.0006742550324872892,0
15.024226263489254,1.6965214014053345,0.0003979840548709035,0.0006751884665065627,0
15.02426026348985,1.6985769271850586,0.0003978314343839884,0.0006757472953535792,0
15.024294263490447,1.7001185417175293,0.00039828932494856417,0.0006771390663132121,0
15.024328263491043,1.7021739482879639,0.00039836563519202173,0.0006780876061170463,0
15.02436226349164,1.7037155628204346,0.00039859459502622485,0.0006790918148022879,0
15.024396263492235,1.7052571773529053,0.0003987472446169704,0.0006799666008327834,0
15.024430263492832,1.707141399383545,0.000398899894207716,0.0006809785236117083,0
15.024464263493428,1.7085117101669312,0.00039912882493808866,0.0006819162712718915,0
15.024498263494024,1.7105672359466553,0.0003993577847722918,0.0006831283420517184,0
15.02453226349462,1.711766242980957,0.0003996630839537829,0.0006841297756777498,0
15.024566263495217,1.7136503458023071,0.00039981570444069803,0.0006851443201719952,0
15.024600263495813,1.715020775794983,0.00039981570444069803,0.0006856922396049035,0
15.02463426349641,1.717247486114502,0.00040019728476181626,0.0006872377812070785,0
15.024668263497006,1.7189604043960571,0.0004002736241091043,0.0006880545107676612,0
15.024702263497602,1.7206733226776123,0.00040065523353405297,0.0006893967719332136,0
15.024736263498198,1.7220436334609985,0.0004008078540209681,0.0006902086132579734,0
15.024770263498795,1.7235852479934692,0.00040088416426442564,0.0006909580316803547,0
15.02480426349939,1.7256406545639038,0.0004010368138551712,0.0006920454299652601,0
15.024838263499987,1.7275248765945435,0.00040126574458554387,0.0006931965558967593,0
15.024872263500583,1.7287238836288452,0.000401494704419747,0.0006940734846809203,0
15.02490626350118,1.7300941944122314,0.00040180000360123813,0.0006951518535453158,0
15.024940263501776,1.731978416442871,0.0004018763138446957,0.0006960411016586343,0
15.024974263502372,1.7335200309753418,0.0004022578941658139,0.0006973221171543975,0
15.025008263502968,1.735232949256897,0.0004022578941658139,0.000698011152055214,0
15.025042263503565,1.7369458675384521,0.0004026395035907626,0.0006993630218697089,0
15.025076263504161,1.7386587858200073,0.00040286846342496574,0.000700450793463623,0
15.025110263504757,1.739857792854309,0.0004027921531815082,0.0007008010666134136,0
15.025144263505354,1.7415707111358643,0.00040302108391188085,0.0007018897157111612,0
15.02517826350595,1.7436261177062988,0.00040332635398954153,0.0007032503647754207,0
15.025212263506546,1.7451677322387695,0.00040363165317103267,0.0007044049368242766,0
15.025246263507142,1.7465380430221558,0.00040355531382374465,0.0007048247080569149,0
15.025280263507739,1.748250961303711,0.0004040132334921509,0.0007063165238320734,0
15.025314263508335,1.7499638795852661,0.00040393692324869335,0.0007068750253160193,0
15.025348263508931,1.7516767978668213,0.00040416588308289647,0.0007079679998856642,0
15.025382263509528,1.7533897161483765,0.0004043185035698116,0.0007089279062078083,0
15.025416263510124,1.7545887231826782,0.0004046238027513027,0.0007099483614387281,0
15.02545026351072,1.7566441297531128,0.00040485276258550584,0.0007111822288101595,0
15.025484263511316,1.7581857442855835,0.0004051580326631665,0.0007123430772111722,0
15.025518263511913,1.7595560550689697,0.0004050816933158785,0.0007127639462715454,0
15.025552263512509,1.7610976696014404,0.00040531065315008163,0.0007137916467272465,0
15.025586263513105,1.7624679803848267,0.00040546327363699675,0.000714616037007218,0
15.025620263513702,1.7643522024154663,0.00040561595233157277,0.0007156493988310572,0
15.025654263514298,1.7657225131988525,0.00040592122240923345,0.0007167442409931821,0
15.025688263514894,1.7672641277313232,0.00040607384289614856,0.0007176397357603684,0
15.02572226351549,1.769148349761963,0.00040637911297380924,0.0007189449370953449,0
15.025756263516087,1.7706899642944336,0.0004063028027303517,0.0007194362952593347,0
15.025790263516683,1.7718889713287354,0.0004068370326422155,0.0007208700512668503,0
15.02582426351728,1.773773193359375,0.0004068370326422155,0.0007216366225666349,0
15.025858263517875,1.7753148078918457,0.00040698968223296106,0.0007225348095273726,0
15.025892263518472,1.7768564224243164,0.0004069133719895035,0.0007230266383898842,0
15.025926263519068,1.7782267332077026,0.0004072186129633337,0.0007241270238311608,0
15.025960263519664,1.7799396514892578,0.0004075238830409944,0.0007253679183535366,0
15.02599426352026,1.780967354774475,0.00040782918222248554,0.0007263304598626175,0
15.026028263520857,1.7826802730560303,0.0004079054924659431,0.0007271650746902419,0
15.026062263521453,1.7843931913375854,0.00040805814205668867,0.0007281361703558205,0
15.02609626352205,1.7859346866607666,0.00040828707278706133,0.000729174045405602,0
15.026130263522646,1.7879902124404907,0.00040874502155929804,0.0007308320979318023,0
15.026164263523242,1.789360523223877,0.00040859237196855247,0.000731119060490934,0
15.026232263524435,1.791929841041565,0.0004089739522896707,0.0007328526293165702,0
15.02626626352503,1.7934714555740356,0.0004091266018804163,0.0007337568821885292,0
15.026300263525627,1.7951843738555908,0.00040943187195807695,0.0007350056986975828,0
15.026334263526223,1.796554684638977,0.00040935553261078894,0.0007354295997947964,0
15.02636826352682,1.7982676029205322,0.00040950821130536497,0.0007364053495203735,0
15.026402263527416,1.7992953062057495,0.0004098897916264832,0.000737512778135184,0
15.026436263528012,1.8010082244873047,0.0004101187514606863,0.0007386272443971609,0
15.026470263528608,1.8025498390197754,0.00041027137194760144,0.0007395345954585714,0
15.026504263529205,1.8042627573013306,0.00041027137194760144,0.0007402373567919791,0
15.026538263529801,1.8054617643356323,0.0004105766711290926,0.0007412804810517822,0
15.026572263530397,1.807345986366272,0.000410500360885635,0.0007419161796485586,0
15.026606263530994,1.8087162971496582,0.00041088194120675325,0.0007431688632651423,0
15.02664026353159,1.80991530418396,0.00041118721128441393,0.0007442140265883843,0
15.026674263532186,1.8116282224655151,0.0004112635215278715,0.0007450566024704459,0
15.026708263532782,1.812827229499817,0.0004114924813620746,0.0007459647749476148,0
15.026742263533379,1.8141975402832031,0.0004116451309528202,0.0007468055840441634,0
15.026776263533975,1.8157391548156738,0.00041172144119627774,0.0007475787416572205,0
15.026810263534571,1.81710946559906,0.00041195040103048086,0.0007485589730698156,0
15.026844263535168,1.8186510801315308,0.000412103021517396,0.0007494716052080796,0
15.026878263535764,1.820363998413086,0.000412103021517396,0.0007501775040075209,0
15.02691226353636,1.8213917016983032,0.00041263728053309023,0.0007515741185743254,0
15.026946263536956,1.822933316230774,0.00041248463094234467,0.0007519319761779553,0
15.026980263537553,1.824646234512329,0.00041278990102000535,0.0007531955385408698,0
15.027014263538149,1.8261878490447998,0.0004129425506107509,0.0007541106682789206,0
15.027048263538745,1.8277294635772705,0.0004131714813411236,0.000755165689957038,0
15.027082263539342,1.8289284706115723,0.00041332413093186915,0.0007559402706520807,0
15.027116263539938,1.8306413888931274,0.0004134004411753267,0.0007567879578022317,0
15.027150263540534,1.8318403959274292,0.0004136294301133603,0.0007577030990260948,0
15.02718426354113,1.832868218421936,0.0004139346710871905,0.0007586877031386489,0
15.027218263541727,1.8347523212432861,0.0004139346710871905,0.0007594675986202989,0
15.027252263542323,1.8361226320266724,0.00041416363092139363,0.0007604552160971126,0
15.02728626354292,1.8373217582702637,0.00041439259075559676,0.0007613725234612428,0
15.027320263543515,1.83869206905365,0.00041446893010288477,0.0007620807346493258,0
15.027354263544112,1.8402336835861206,0.00041477420018054545,0.0007632814542547321,0
15.027388263544708,1.8417752981185913,0.000414850510424003,0.0007640614225108179,0
15.027422263545304,1.843316912651062,0.00041492682066746056,0.0007648416260488643,0
15.0274562635459,1.8445159196853638,0.00041507947025820613,0.0007656206908258287,0
15.027490263546497,1.8457149267196655,0.0004155373899266124,0.0007669635631976784,0
15.027524263547093,1.8470852375030518,0.00041538471123203635,0.0007672509680011624,0
15.02755826354769,1.8486268520355225,0.00041561370017006993,0.0007683146462082319,0
15.027592263548286,1.8498258590698242,0.00041584266000427306,0.0007692365057802852,0
15.027626263548882,1.851367473602295,0.00041584266000427306,0.0007698775748681691,0
15.027660263549478,1.8525664806365967,0.00041599528049118817,0.0007706589127409944,0
15.027694263550075,1.853936791419983,0.00041630055056884885,0.000771794906987984,0
15.02772826355067,1.8554784059524536,0.0004163768608123064,0.0007725782739755049,0
15.027762263551267,1.8568487167358398,0.00041660584975034,0.0007735740374935629,0
15.027796263551863,1.8583903312683105,0.0004167584702372551,0.0007744999115630868,0
15.027864263553056,1.8607884645462036,0.0004170637403149158,0.0007760673969584887,0
15.027898263553652,1.8625013828277588,0.00041714005055837333,0.0007769239209978115,0
15.027932263554248,1.863871693611145,0.00041744534973986447,0.0007780645710097379,0
15.027966263554845,1.8648993968963623,0.0004175216890871525,0.0007786359461697812,0
15.028000263555441,1.8666123151779175,0.00041759799933061004,0.0007794935683441764,0
15.028034263556037,1.8678113222122192,0.0004178269300609827,0.0007804218706930766,0
15.028068263556634,1.8691816329956055,0.00041805588989518583,0.0007814223909577145,0
15.02810226355723,1.8703806400299072,0.0004181322001386434,0.0007820663721124291,0
15.028136263557826,1.871922254562378,0.00041828484972938895,0.0007829967189547232,0
15.028170263558422,1.8732925653457642,0.0004185138095635921,0.00078399880795001,0
15.028204263559019,1.874320387840271,0.0004187427693977952,0.0007848581099429847,0
15.028238263559615,1.8755193948745728,0.0004188953898847103,0.0007856464281523201,0
15.028272263560211,1.876889705657959,0.0004187427693977952,0.0007859339932014264,0
15.028306263560808,1.8786026239395142,0.000419276999309659,0.0007876548710606113,0
15.028340263561404,1.8796303272247314,0.000419276999309659,0.0007880857634102179,0
15.028374263562,1.8811719417572021,0.0004195822693873197,0.0007893063924302376,0
15.028408263562596,1.882370948791504,0.0004196586087346077,0.000789953173492286,0
15.028442263563193,1.8837412595748901,0.0004198112292215228,0.0007908157337174343,0
15.028476263563789,1.8851115703582764,0.00042004018905572593,0.0007918226204044268,0
15.028510263564385,1.8863105773925781,0.00042004018905572593,0.0007923262515457941,0
15.028544263564982,1.887681007385254,0.0004202691197860986,0.0007933340354107365,0
15.028612263566174,1.8904216289520264,0.0004206507292110473,0.0007952072367350058,0
15.02864626356677,1.8916206359863281,0.0004206507292110473,0.000795711599918314,0
15.028680263567367,1.8928196430206299,0.0004208796890452504,0.0007966493427732646,0
15.028714263567963,1.8940186500549316,0.00042080337880179286,0.0007970094474567258,0
15.02874826356856,1.8955602645874023,0.0004211849591229111,0.0007983814725552596,0
15.028782263569155,1.896759271621704,0.0004211849591229111,0.0007988864762839901,0
15.028816263569752,1.897787094116211,0.0004213375796098262,0.0007996090208496898,0
15.028850263570348,1.8991574048995972,0.0004215665685478598,0.0008006212703157815,0
15.028884263570944,1.9008703231811523,0.0004217191890347749,0.000801633491152226,0
15.02891826357154,1.9018980264663696,0.000421948148868978,0.0008025023516050472,0
15.028952263572137,1.902925729751587,0.000421948148868978,0.0008029359891038312,0
15.028986263572733,1.9042960405349731,0.000421948148868978,0.0008035141892022563,0
15.02902026357333,1.90532386302948,0.0004224824078846723,0.0008049658134528202,0
15.029054263573926,1.9070366621017456,0.00042240606853738427,0.0008055438589950545,0
15.029088263574522,1.908235788345337,0.00042271133861504495,0.000806632904484593,0
15.029122263575118,1.9092634916305542,0.0004228639882057905,0.0008073587746066091,0
15.029156263575715,1.9102911949157715,0.00042301660869270563,0.000808084902888806,0
15.02919026357631,1.9121754169464111,0.0004231692582834512,0.0008091738528970618,0
15.029258263577503,1.9142309427261353,0.0004235508677083999,0.0008107741767859229,0
15.0292922635781,1.9159437417984009,0.0004233982181176543,0.0008112071662911141,0
15.029360263579292,1.917999267578125,0.00042385613778606057,0.000812955761832157,0
15.029394263579889,1.9193695783615112,0.00042408506851643324,0.0008139759791477991,0
15.029428263580485,1.920568585395813,0.00042408506851643324,0.0008144844601280926,0
15.029462263581081,1.9215964078903198,0.00042408506851643324,0.0008149203443010983,0
15.029496263581677,1.9233092069625854,0.0004243903676979244,0.000816233901539655,0
15.029530263582274,1.9243370294570923,0.0004247719480190426,0.0008174043886476669,0
15.02956426358287,1.925878643989563,0.0004245429881848395,0.0008176182744006957,0
15.029632263584062,1.9279340505599976,0.0004249245976097882,0.000819226600652416,0
15.029666263584659,1.9291330575942993,0.0004252298385836184,0.0008203249386871461,0
15.029700263585255,1.9303321838378906,0.0004253061779309064,0.0008209822032451131,0
15.029734263585851,1.9317024946212769,0.00042553513776510954,0.0008220072871698708,0
15.029768263586448,1.9327301979064941,0.000425458827521652,0.0008222971239169874,0
15.029802263587044,1.933929204940796,0.0004256877873558551,0.0008232500441541155,0
15.02983626358764,1.9354708194732666,0.0004256877873558551,0.0008239062906333985,0
15.029870263588236,1.9366698265075684,0.0004259167180862278,0.0008248600565227276,0
15.029904263588833,1.9378688335418701,0.00042606936767697334,0.0008256665485480985,0
15.029938263589429,1.938896656036377,0.00042622198816388845,0.0008264003875801396,0
15.029972263590025,1.9402669668197632,0.0004263746668584645,0.0008272806815942599,0
15.030006263590622,1.9412946701049805,0.00042660359758883715,0.0008281632902468195,0
15.030040263591218,1.9423223733901978,0.00042660359758883715,0.000828601712165547,0
15.030074263591814,1.943521499633789,0.0004267562471795827,0.0008294099414965506,0
15.03010826359241,1.9447205066680908,0.0004269088676664978,0.0008302184294294926,0
15.030142263593007,1.946090817451477,0.00042713782750070095,0.0008312490038852871,0
15.030176263593603,1.9472898244857788,0.0004272141377441585,0.0008319097433056657,0
15.0302102635942,1.948660135269165,0.0004274431266821921,0.0008329413810603953,0
15.030278263595392,1.951058268547058,0.00042751943692564964,0.0008341153323783712,0
15.030312263595988,1.9522572755813599,0.00042774839675985277,0.0008350749196926847,0
15.03038026359718,1.954483985900879,0.00042797732749022543,0.0008364748329083016,0
15.030448263598373,1.9563682079315186,0.0004282825975678861,0.0008378784578921411,0
15.03048226359897,1.9577385187149048,0.00042843527626246214,0.0008387642431152836,0
15.030550263600162,1.959794044494629,0.00042874051723629236,0.0008402431123132326,0
15.030584263600758,1.9615068435668945,0.00042889316682703793,0.0008412768818903127,0
15.030618263601355,1.9625346660614014,0.0004291984369046986,0.0008423168110448381,0
15.03065226360195,1.9637336730957031,0.0004291984369046986,0.0008428314229897982,0
15.030720263603143,1.9659603834152222,0.0004295800463296473,0.0008445373525897623,0
15.03075426360374,1.966988205909729,0.00042950373608618975,0.0008448287832757001,0
15.030788263604336,1.9680159091949463,0.0004297326668165624,0.000845720724995766,0
15.030822263604932,1.9690436124801636,0.00042996162665076554,0.0008466131945682707,0
15.030856263605529,1.9705852270126343,0.0004300379368942231,0.0008474264054987475,0
15.030924263606721,1.972469449043274,0.00043034323607571423,0.0008488388857617636,0
15.030958263607317,1.9738397598266602,0.00043034323607571423,0.0008494285897387155,0
15.030992263607914,1.9748674631118774,0.00043057219590991735,0.0008503230202231288,0
15.03102626360851,1.9758952856063843,0.00043072481639683247,0.0008510671341121767,0
15.031060263609106,1.977094292640686,0.0004308774368837476,0.0008518853212905048,0
15.031094263609702,1.9782932996749878,0.00043080112664029,0.0008522509823249216,0
15.031128263610299,1.9794923067092896,0.00043103008647449315,0.000853220740136499,0
15.031196263611491,1.9815478324890137,0.0004313353856559843,0.0008547116985224285,0
15.031230263612088,1.9827468395233154,0.0004314880061428994,0.0008555314804720507,0
15.03129826361328,1.984631061553955,0.0004317169659771025,0.0008567989004779897,0
15.031332263613876,1.9858300685882568,0.0004320222360547632,0.0008579227466562825,0
15.031366263614473,1.987200379371643,0.0004319458967074752,0.0008583630498051192,0
15.031400263615069,1.9882280826568604,0.00043209854629822075,0.000859110464225328,0
15.031434263615665,1.9894272089004517,0.00043225116678513587,0.0008599322322813165,0
15.031468263616262,1.990797519683838,0.00043232753523625433,0.0008606765848393622,0
15.031536263617454,1.9923391342163086,0.00043263277621008456,0.0008619512107879979,0
15.031604263618647,1.9943945407867432,0.00043293804628774524,0.0008634492760151574,0
15.031638263619243,1.9957648515701294,0.0004328617360442877,0.0008638902383868163,0
15.03167226361984,1.9967926740646362,0.0004332433163654059,0.0008650970802059101,0
15.031706263620435,1.997991681098938,0.00043339599505998194,0.0008659215927514403,0
15.031774263621628,2.000047206878662,0.0004336249257903546,0.0008672703216599659,0
15.03184226362282,2.0021026134490967,0.0004339301958680153,0.0008687727792018318,0
15.031876263623417,2.0034730434417725,0.00043385388562455773,0.0008692145646412713,0
15.03194426362461,2.005185842514038,0.0004341591557022184,0.0008705697924119363,0
15.031978263625206,2.00638484954834,0.000434311805292964,0.0008713966261197914,0
15.032046263626398,2.0087828636169434,0.00043461707537062466,0.0008730513332398243,0
15.03211426362759,2.010495901107788,0.0004348460352048278,0.0008742561713922792,0
15.032148263628187,2.011523723602295,0.0004349986556917429,0.0008750101156590473,0
15.032182263628783,2.0125513076782227,0.00043507496593520045,0.0008756106916309458,0
15.03221626362938,2.0137503147125244,0.0004352276446297765,0.0008764398063448031,0
15.032284263630572,2.015634536743164,0.00043515130528248847,0.0008771059996362518,0
15.032318263631169,2.016833543777466,0.0004356092249508947,0.0008785512968598683,0
15.032386263632361,2.0190603733062744,0.0004358381556812674,0.0008799835493109379,0
15.032420263632957,2.0200881958007812,0.00043614342575892806,0.000881048186051725,0
15.03248826363415,2.022143602371216,0.00043614342575892806,0.0008819446381146817,0
15.032556263635342,2.0241990089416504,0.0004364487249404192,0.0008834590764782435,0
15.032624263636535,2.026254653930664,0.0004367539950180799,0.0008849748150281944,0
15.032658263637131,2.027282238006592,0.00043683030526153743,0.0008855783188797123,0
15.032692263637728,2.0283100605010986,0.000436982954852283,0.000886336923594383,0
15.03276026363892,2.0301942825317383,0.0004372119146864861,0.0008876251294512583,0
15.032794263639516,2.031221866607666,0.00043744087452068925,0.0008885394696744042,0
15.032828263640113,2.032249689102173,0.00043744087452068925,0.0008889890812452533,0
15.032896263641305,2.0343050956726074,0.0004378224548418075,0.000890664450884579,0
15.032964263642498,2.036189317703247,0.00043797510443255305,0.0008918002290655286,0
15.03303226364369,2.037902355194092,0.00043828037451021373,0.0008931726074497132,0
15.033066263644287,2.0391013622283936,0.00043835671385750175,0.0008938537723687939,0
15.033100263644883,2.0403003692626953,0.00043850933434441686,0.0008946907567880524,0
15.033168263646076,2.041841983795166,0.00043850933434441686,0.0008953667691505018,0
15.033202263646672,2.0430409908294678,0.00043866195483133197,0.0008962043548377957,0
15.033236263647268,2.0440688133239746,0.0004391198744997382,0.0008975912407756526,0
15.03330426364846,2.0457816123962402,0.00043919621384702623,0.0008984995385222933,0
15.033338263649057,2.047151803970337,0.0004391198744997382,0.000898945043241367,0
15.03340626365025,2.0485222339630127,0.00043919621384702623,0.0008997032091380072,0
15.033440263650846,2.0498926639556885,0.00043957779416814446,0.000901087295503103,0
15.033508263652038,2.051434278488159,0.00043988306424580514,0.0009023911965202538,0
15.033542263652635,2.052975654602051,0.0004399593744892627,0.0009032258848404029,0
15.033610263653827,2.0545172691345215,0.0004401883634272963,0.000904374594333443,0
15.03367826365502,2.056915521621704,0.00044041729415766895,0.0009059011683435411,0
15.033712263655616,2.057943105697632,0.00044041729415766895,0.0009063537341417807,0
15.033780263656809,2.0598273277282715,0.00044072256423532963,0.0009078123817584105,0
15.033848263658001,2.061540365219116,0.0004408752138260752,0.000908882049327063,0
15.033916263659194,2.062910556793213,0.0004410278343129903,0.0009098009752439157,0
15.03395026365979,2.0641095638275146,0.000441409443737939,0.0009111174543832631,0
15.033984263660386,2.0651373863220215,0.00044148575398139656,0.0009117287360755483,0
15.034052263661579,2.066507577896118,0.00044148575398139656,0.0009123336561357373,0
15.034086263662175,2.067706823348999,0.0004419436736498028,0.0009138099495416205,0
15.034120263662771,2.0687344074249268,0.00044179102405905724,0.0009139482923624653,0
15.034154263663368,2.0697622299194336,0.00044201998389326036,0.0009148762675318667,0
15.03422226366456,2.071475028991699,0.00044224897283129394,0.0009161077038172538,0
15.034290263665753,2.07301664352417,0.0004424779035616666,0.0009172640584750175,0
15.034324263666349,2.0742156505584717,0.0004426305531524122,0.0009181112207640868,0
15.034392263667542,2.0757572650909424,0.00044270686339586973,0.0009189519879996,0
15.034426263668138,2.076956272125244,0.00044293582323007286,0.0009199583362066582,0
15.034460263668734,2.078155279159546,0.0004430121334735304,0.0009206480039097506,0
15.034528263669927,2.0796968936920166,0.000443164783064276,0.0009216484227324712,0
15.034562263670523,2.0807247161865234,0.00044324109330773354,0.0009222626980749382,0
15.034630263671716,2.082780122756958,0.0004435463633853942,0.0009238095491802337,0
15.034698263672908,2.083807945251465,0.00044362270273268223,0.000924424512648292,0
15.034732263673504,2.0851783752441406,0.00044392794370651245,0.000925668948383418,0
15.0347662636741,2.0862059593200684,0.00044400428305380046,0.000926284381270473,0
15.034834263675293,2.087576389312744,0.00044415693264454603,0.0009272115257383251,0
15.03486826367589,2.088603973388672,0.00044430955313146114,0.000927986698084915,0
15.034902263676486,2.0896317958831787,0.0004444622027222067,0.0009287623508765983,0
15.034970263677678,2.0910022258758545,0.0004447674727998674,0.0009300097756217013,0
15.03503826367887,2.092886209487915,0.0004447674727998674,0.0009308477102516338,0
15.035072263679467,2.093914031982422,0.00044507274287752807,0.0009319440615641605,0
15.035106263680063,2.0949418544769287,0.00044507274287752807,0.0009324015173409819,0
15.035174263681256,2.0966546535491943,0.0004451490822248161,0.0009333238947698136,0
15.035242263682449,2.098538875579834,0.00044545435230247676,0.0009348032756029828,0
15.035310263683641,2.1002516746520996,0.000445835932623595,0.000936367664112786,0
15.035378263684834,2.1021358966827393,0.000445835932623595,0.0009372077179990862,0
15.035446263686026,2.10367751121521,0.00044591224286705256,0.0009380555572949534,0
15.035514263687219,2.1050479412078857,0.00044629385229200125,0.0009394699549410135,0
15.035548263687815,2.1062469482421875,0.00044652281212620437,0.0009404873103613376,0
15.035616263689008,2.108131170272827,0.0004466754326131195,0.0009416504024868169,0
15.0356842636902,2.109158754348755,0.00044682808220386505,0.0009424313612691471,0
15.035752263691393,2.1108717918395996,0.0004470570129342377,0.0009436800379469534,0
15.035820263692585,2.1122419834136963,0.0004472860018722713,0.0009447762717478686,0
15.035854263693182,2.113955020904541,0.00044720969162881374,0.0009453811730159023,0
15.035922263694374,2.1153252124786377,0.00044766758219338953,0.0009469625234230297,0
15.035990263695567,2.1170382499694824,0.0004477438924368471,0.0009478909464790269,0
15.03605826369676,2.118408441543579,0.00044789654202759266,0.0009488278155694307,0
15.036126263697952,2.11995005607605,0.0004482018412090838,0.000950165518404586,0
15.036160263698548,2.1211490631103516,0.0004483544616959989,0.0009510266463678141,0
15.03622826369974,2.1228621006011963,0.00044843077193945646,0.0009519566904936105,0
15.036296263700933,2.124061107635498,0.0004486597317736596,0.0009529806868226048,0
15.03633026370153,2.125088930130005,0.00044858342153020203,0.000953279663333674,0
15.036398263702722,2.1266305446624756,0.0004488123522605747,0.0009544580571391528,0
15.036432263703318,2.1278295516967773,0.0004491939616855234,0.0009558081861182066,0
15.03650026370451,2.129199743270874,0.00044911765144206583,0.0009562611881488645,0
15.036568263705703,2.1307413578033447,0.00044949923176318407,0.0009577666034186472,0
15.036670263707492,2.1331393718719482,0.00044980450184084475,0.0009594956925219542,0
15.036738263708685,2.13433837890625,0.0004498808120843023,0.0009601978831650371,0
15.036806263709877,2.1362226009368896,0.000450338760856539,0.0009620238390196517,0
15.036840263710474,2.1372504234313965,0.000450262421509251,0.0009623235510258926,0
15.036908263711666,2.1382782459259033,0.0004504913813434541,0.0009632759207038183,0
15.036942263712263,2.139477252960205,0.0004504913813434541,0.0009638160630389414,0
15.037010263713455,2.141018867492676,0.00045072034117765725,0.0009650007544241002,0
15.037078263714648,2.1423890590667725,0.0004507966514211148,0.000965781813868534,0
15.03714626371584,2.144102096557617,0.00045110195060260594,0.0009672086380482781,0
15.037214263717033,2.145301103591919,0.0004514072206802666,0.0009684044086947369,0
15.037282263718225,2.1468427181243896,0.0004514072206802666,0.0009691003046261998,0
15.037316263718822,2.1480417251586914,0.0004514835309237242,0.0009698054626461339,0
15.037384263720014,2.149583339691162,0.0004518651112448424,0.0009713217149196068,0
15.037452263721207,2.1514675617218018,0.00045178880100138485,0.0009720089501036658,0
15.0375202637224,2.1526665687561035,0.0004520177317317575,0.0009730434595839194,0
15.037588263723592,2.1538655757904053,0.00045217041042633355,0.0009739142814082988,0
15.037656263724784,2.155064582824707,0.0004524756805039942,0.0009751143136436657,0
15.03769026372538,2.156263589859009,0.0004524756805039942,0.0009756568351674405,0
15.037724263725977,2.1572914123535156,0.0004523993411567062,0.0009759572136317507,0
15.03779226372717,2.1583189964294434,0.00045293357106857,0.00097757513055792,0
15.037860263728362,2.160203218460083,0.0004530862206593156,0.0009787583121081689,0
15.037894263728958,2.16123104095459,0.0004531625600066036,0.0009793889912847187,0
15.037996263730747,2.1629438400268555,0.00045339149073697627,0.000980660332010136,0
15.03806426373194,2.1641428470611572,0.00045354414032772183,0.000981534307116741,0
15.038098263732536,2.165170669555664,0.0004536204505711794,0.0009821656946873425,0
15.038166263733729,2.166369676589966,0.00045392572064884007,0.0009833709166378948,0
15.038200263734325,2.1673974990844727,0.0004540020308922976,0.0009840028663352374,0
15.038268263735517,2.1685965061187744,0.0004541546804830432,0.0009848782533330158,0
15.03833626373671,2.170138120651245,0.0004542310198303312,0.0009857440517160934,0
15.038404263737903,2.171508312225342,0.00045453626080416143,0.0009870292685440624,0
15.038438263738499,2.1725361347198486,0.0004544599505607039,0.000987330664376125,0
15.038506263739691,2.1737351417541504,0.000454688910394907,0.0009883732630913133,0
15.038574263740884,2.174934148788452,0.0004549178702291101,0.0009894164108554052,0
15.038642263742076,2.176647186279297,0.0004552231403067708,0.0009908601674779582,0
15.038710263743269,2.1776747703552246,0.0004555284103844315,0.0009919927264741973,0
15.038778263744462,2.1793878078460693,0.0004552994796540588,0.0009922741348767153,0
15.038846263745654,2.180757999420166,0.00045560472062788904,0.000993563639082859,0
15.038914263746847,2.1822996139526367,0.0004559099907055497,0.0009949321967138713,0
15.03898226374804,2.1833274364471436,0.0004559099907055497,0.000995400791257789,0
15.039050263749232,2.185211658477783,0.0004561389796435833,0.0009967602162033184,0
15.039118263750424,2.186239242553711,0.00045621528988704085,0.0009973957698040659,0
15.039220263752213,2.1882948875427246,0.0004565968702081591,0.0009991685967445235,0
15.039288263753406,2.1896650791168213,0.00045674951979890466,0.0010001284734070387,0
15.039356263754598,2.191035509109497,0.0004566732095554471,0.001000587218194987,0
15.039424263755791,2.1924057006835938,0.0004570548189803958,0.0010020495906575277,0
15.039458263756387,2.1934335231781006,0.0004572074394673109,0.001002854124774022,0
15.03952626375758,2.1944613456726074,0.00045743639930151403,0.0010038264963708327,0
15.039594263758772,2.195660352706909,0.000457360059954226,0.001004207350553149,0
15.039628263759369,2.196687936782837,0.000457360059954226,0.0010046773264677233,0
15.039730263761157,2.1984009742736816,0.0004576653300318867,0.0010061319074333858,0
15.03979826376235,2.1997711658477783,0.0004579706001095474,0.0010074305209269857,0
15.039866263763543,2.201141595840454,0.00045819958904758096,0.0010085621746496326,0
15.039934263764735,2.202169179916382,0.0004584285488817841,0.0010095372215412554,0
15.039968263765331,2.2033684253692627,0.00045850485912524164,0.0010102551294749393,0
15.040036263766524,2.2047386169433594,0.00045850485912524164,0.001010883368969595,0
15.040138263768313,2.206451416015625,0.00045888643944635987,0.001012510634106789,0
15.040240263770102,2.2081644535064697,0.00045896274968981743,0.0010134652293486424,0
15.040308263771294,2.2093634605407715,0.00045926804887130857,0.0010146900457701225,0
15.040376263772487,2.2107338905334473,0.0004593443591147661,0.0010154881421203799,0
15.04044426377368,2.211761474609375,0.0004594206693582237,0.001016128937125771,0
15.040478263774276,2.2129604816436768,0.0004593443591147661,0.0010165109141869189,0
15.040580263776064,2.2143309116363525,0.00045972593943588436,0.0010179853585739404,0
15.04061426377666,2.2153584957122803,0.0004598022496793419,0.0010186268201747492,0
15.04071626377845,2.217071533203125,0.0004600312386173755,0.0010199221635227573,0
15.040784263779642,2.2186131477355957,0.0004600312386173755,0.0010206313543656004,0
15.040886263781431,2.2198121547698975,0.00046033650869503617,0.0010218605772855799,0
15.040954263782623,2.221353769302368,0.0004605654685292393,0.001023078839527937,0
15.041022263783816,2.22255277633667,0.0004608707095030695,0.001024309474938298,0
15.041090263785009,2.2240943908691406,0.0004608707095030695,0.001025019959921658,0
15.041192263786797,2.2256360054016113,0.00046125234803184867,0.0010265798333557175,0
15.04126026378799,2.227006435394287,0.0004614049685187638,0.0010275518342141854,0
15.041362263789779,2.2285478115081787,0.0004614049685187638,0.0010282630328114911,0
15.041430263790971,2.2299182415008545,0.00046171023859642446,0.0010295760833338788,0
15.04153226379276,2.231459856033325,0.00046186285908333957,0.0010306284290372489,0
15.041600263793953,2.232658863067627,0.0004619391984306276,0.001031352645574496,0
15.041702263795742,2.2352283000946045,0.00046224446850828826,0.0010332219175719151,0
15.041838263798127,2.23694109916687,0.0004624734283424914,0.0010345258191319234,0
15.04190626379932,2.237968921661377,0.00046277869842015207,0.0010356843446712033,0
15.041974263800512,2.2395105361938477,0.0004628550086636096,0.0010365686686322484,0
15.0420762638023,2.2405381202697754,0.0004630076582543552,0.0010373863082957235,0
15.042144263803493,2.2417373657226562,0.00046316030784510076,0.0010382837684159707,0
15.042212263804686,2.243792772293091,0.0004633892676793039,0.0010397494895770104,0
15.042314263806475,2.2451629638671875,0.00046346557792276144,0.001040555750579486,0
15.042382263807667,2.2465333938598633,0.00046361819840967655,0.0010415337647284861,0
15.042484263809456,2.247732400894165,0.0004638471582438797,0.0010426042866474514,0
15.042552263810649,2.248760223388672,0.00046399980783462524,0.0010434243115184927,0
15.042586263811245,2.2499592304229736,0.00046422876766882837,0.0010444958008443625,0
15.042688263813034,2.2511582374572754,0.00046453403774648905,0.0010457396256522977,0
15.042756263814226,2.252357244491577,0.00046422876766882837,0.0010456090279602828,0
15.042824263815419,2.253385066986084,0.00046453403774648905,0.0010467740637646883,0
15.042892263816611,2.2544126510620117,0.0004646103479899466,0.0010474234463228593,0
15.042960263817804,2.2554404735565186,0.0004647629684768617,0.0010482452097129863,0
15.043062263819593,2.257153272628784,0.00046514460700564086,0.001049902671948412,0
15.043130263820785,2.25852370262146,0.0004652209172490984,0.0010507124685623856,0
15.04326626382317,2.2604079246520996,0.0004655261873267591,0.001052279082966484,0
15.043334263824363,2.2616069316864014,0.0004656788078136742,0.0010531824196908651,0
15.043436263826152,2.263148546218872,0.0004658314283005893,0.0010542457197415395,0
15.04353826382794,2.2648613452911377,0.0004659077967517078,0.0010552165593327029,0
15.043606263829133,2.2658891677856445,0.0004660604172386229,0.0010560412509546535,0
15.043708263830922,2.267259359359741,0.00046613672748208046,0.001056852858125068,0
15.043776263832115,2.268287181854248,0.00046644199755974114,0.0010580244041432513,0
15.043844263833307,2.269657611846924,0.0004665946471504867,0.0010590100925521317,0
15.043946263835096,2.2708566188812256,0.0004667472676374018,0.0010599161220591208,0
15.044014263836289,2.2718842029571533,0.0004669762565754354,0.0010609159804697982,0
15.044082263837481,2.27291202545166,0.0004669762565754354,0.001061395949170707,0
15.044150263838674,2.273939847946167,0.0004669762565754354,0.0010618759178716158,0
15.044218263839866,2.2751388549804688,0.00046735783689655364,0.0010633039739029737,0
15.044286263841059,2.2761664390563965,0.0004674341471400112,0.001063957918189043,0
15.044388263842848,2.277708053588867,0.0004676631069742143,0.0010652000251215599,0
15.04445626384404,2.278735876083374,0.00046773941721767187,0.0010658545906722383,0
15.044524263845233,2.279763698577881,0.0004678157274611294,0.0010665093130896863,0
15.044626263847022,2.2811338901519775,0.000468044716399163,0.0010676726646847018,0
15.04472826384881,2.2821617126464844,0.000468044716399163,0.001068153731572652,0
15.044762263849407,2.283189296722412,0.0004682736471295357,0.0010691573790633235,0
15.0448302638506,2.284388542175293,0.00046842629672028124,0.0010700676650814145,0
15.044966263852984,2.2859301567077637,0.0004685026069637388,0.0010709642377546152,0
15.045068263854773,2.2871291637420654,0.00046896052663214505,0.0010725732971042165,0
15.045136263855966,2.288156747817993,0.0004688842163886875,0.0010728805836751273,0
15.045204263857158,2.289355754852295,0.0004691131762228906,0.0010739669496629134,0
15.045306263858947,2.2903835773468018,0.0004691131762228906,0.0010744491147379048,0
15.04537426386014,2.2917540073394775,0.0004693421069532633,0.0010756166544232948,0
15.045510263862525,2.293466806411743,0.0004695710667874664,0.001076945654928406,0
15.045578263863717,2.29449462890625,0.00046987636596895754,0.0010781287979657606,0
15.045680263865506,2.2960362434387207,0.0004699526762124151,0.001079028377284727,0
15.045816263867891,2.2977490425109863,0.0004701816360466182,0.001080359404032366,0
15.04591826386968,2.299290657043457,0.0004704869061242789,0.0010817861475128365,0
15.046020263871469,2.300318479537964,0.0004704105667769909,0.0010820941197270395,0
15.046088263872662,2.3013460636138916,0.00047056321636773646,0.0010829288056693823,0
15.046156263873854,2.3025450706481934,0.00047056321636773646,0.0010834930142758908,0
15.046258263875643,2.3035728931427,0.00047071583685465157,0.001084328242151357,0
15.046360263877432,2.304943323135376,0.0004711737856268883,0.0010860288712171151,0
15.04646226387922,2.3061423301696777,0.00047140271635726094,0.0010871217587484494,0
15.046496263879817,2.3071699142456055,0.0004711737856268883,0.0010870779825795651,0
15.046598263881606,2.3083689212799072,0.00047140271635726094,0.0010881713798460285,0
15.046734263883991,2.310081958770752,0.00047163167619146407,0.0010895078263547103,0
15.04683626388578,2.311109781265259,0.0004717842966783792,0.0010903453027007529,0
15.046938263887569,2.3123087882995605,0.00047201328561641276,0.0010914404685249818,0
15.047040263889357,2.3138504028320312,0.0004722422454506159,0.0010926979098702105,0
15.047142263891146,2.315220594406128,0.000472394865937531,0.0010936983223102936,0
15.047278263893531,2.3167622089385986,0.00047247117618098855,0.0010946033657888848,0
15.04738026389532,2.3181326389312744,0.00047254751552827656,0.0010954278191919811,0
15.047482263897109,2.319331645965576,0.0004727001360151917,0.0010963483845122662,0
15.047584263898898,2.320359230041504,0.0004730054351966828,0.0010975425274184214,0
15.04765226390009,2.3213870525360107,0.0004730054351966828,0.0010980286930447405,0
15.04775426390188,2.3224148750305176,0.0004731580556835979,0.0010988693067601057,0
15.047856263903668,2.3236138820648193,0.00047361597535200417,0.0011005006550955862,0
15.047958263905457,2.324984073638916,0.0004734633257612586,0.0011007946918470402,0
15.048060263907246,2.3261830806732178,0.0004736922855954617,0.0011018949801975889,0
15.048162263909035,2.3273823261260986,0.0004737685958389193,0.0011026406566290795,0
15.048230263910227,2.3284099102020264,0.00047392124542966485,0.0011034829245137184,0
15.048366263912612,2.329780340194702,0.0004740738950204104,0.0011044880404180793,0
15.048434263913805,2.33080792427063,0.0004743028257507831,0.001105508784763877,0
15.048536263915594,2.3318357467651367,0.0004743791650980711,0.0011061742946962827,0
15.048604263916786,2.3328635692596436,0.0004743791650980711,0.0011066618722730959,0
15.048740263919171,2.3342337608337402,0.0004745317855849862,0.0011076681145011924,0
15.04884226392096,2.335261583328247,0.00047483708476647735,0.001108868802394733,0
15.048944263922749,2.3366317749023438,0.00047483708476647735,0.0011095194201673486,0
15.049046263924538,2.3376595973968506,0.0004752186650875956,0.0011108994733041375,0
15.049148263926327,2.3386874198913574,0.00047529497533105314,0.001111566379544307,0
15.04921626392752,2.339715003967285,0.00047529497533105314,0.0011120547850923257,0
15.049352263929904,2.340914011001587,0.0004754476249217987,0.0011129820066768659,0
15.04948826393229,2.3424556255340576,0.0004757528949994594,0.0011144300452555975,0
15.049624263934675,2.3438260555267334,0.0004758292343467474,0.0011152609574432426,0
15.049726263936464,2.345025062561035,0.0004761345044244081,0.001116547346025315,0
15.049828263938252,2.346052885055542,0.0004759818548336625,0.001116678603766602,0
15.049964263940637,2.3475944995880127,0.0004762871249113232,0.001118129034666411,0
15.05003226394183,2.3486220836639404,0.0004765160847455263,0.0011191561998544208,0
15.050202263944811,2.349992513656616,0.000476745015475899,0.0011203472172914702,0
15.0503042639466,2.351191520690918,0.00047697400441393256,0.0011214572347680307,0
15.050440263948985,2.3525617122650146,0.00047697400441393256,0.0011221107805299418,0
15.050542263950774,2.3537609577178955,0.00047697400441393256,0.0011226827894358776,0
15.050610263951967,2.3547885417938232,0.0004770503146573901,0.0011233526148143602,0
15.050780263954948,2.356330156326294,0.00047743189497850835,0.0011249871717298673,0
15.05084826395614,2.357357978820801,0.00047750823432579637,0.0011256578461405486,0
15.051018263959122,2.3587281703948975,0.0004776608548127115,0.0011266721141416497,0
15.051154263961507,2.3597559928894043,0.0004779661539942026,0.0011278834962861195,0
15.051256263963296,2.360783815383911,0.00047819511382840574,0.0011289152853217674,0
15.051358263965085,2.361811399459839,0.0004781187744811177,0.0011292263718652717,0
15.05149426396747,2.3631818294525146,0.0004784240445587784,0.0011306030088744853,0
15.051630263969855,2.3645520210266113,0.000478576694149524,0.0011316194893674913,0
15.051732263971644,2.365579843521118,0.000478576694149524,0.001132111381259085,0
15.051868263974029,2.36677885055542,0.0004787293146364391,0.0011330464170224153,0
15.051970263975818,2.3678066730499268,0.0004788056539837271,0.0011337192225967033,0
15.052106263978203,2.3690056800842285,0.0004790346138179302,0.0011348357210916316,0
15.052208263979992,2.3702046871185303,0.00047918723430484533,0.0011357718287567098,0
15.052344263982377,2.371403694152832,0.0004793398838955909,0.0011367083714247939,0
15.052480263984762,2.372431516647339,0.000479492504382506,0.0011375631293932195,0
15.052582263986551,2.3734591007232666,0.00047956881462596357,0.0011382369674970624,0
15.052718263988936,2.3746581077575684,0.00047972146421670914,0.0011391744644675406,0
15.052854263991321,2.375685930252075,0.0004798741138074547,0.0011400301804645532,0
15.052990263993706,2.377056360244751,0.0004801793838851154,0.0011414134585225194,0
15.053126263996091,2.3782553672790527,0.0004804083437193185,0.0011425337219361092,0
15.053194263997284,2.3792829513549805,0.0004804083437193185,0.001143027381900058,0
15.053398264000862,2.380824565887451,0.0004805609642062336,0.0011441313489887611,0
15.053534264003247,2.382023572921753,0.0004805609642062336,0.0011447075449652552,0
15.053670264005632,2.3835651874542236,0.0004807899531442672,0.0011459941947924226,0
15.05387426400921,2.3849356174468994,0.0004810952232219279,0.0011473811332455425,0
15.053976264010998,2.3859634399414062,0.00048117153346538544,0.0011480576871889525,0
15.054112264013384,2.386991024017334,0.00048140049329958856,0.0011490986564636346,0
15.054282264016365,2.388018846511841,0.00048155311378650367,0.0011499579113186317,0
15.054384264018154,2.3893890380859375,0.00048155311378650367,0.001150617731337622,0
15.054588264021731,2.3905882835388184,0.00048178210272453725,0.0011517426499919742,0
15.05469026402352,2.39178729057312,0.00048193472321145236,0.0011526853458630262,0
15.054860264026502,2.392986297607422,0.00048208737280219793,0.0011536284773652206,0
15.054996264028887,2.3940138816833496,0.0004821636830456555,0.00115430655045487,0
15.055132264031272,2.3950417041778564,0.0004823163035325706,0.0011551676615654122,0
15.055268264033657,2.396240711212158,0.0004825452633667737,0.001156294605082056,0
15.055438264036638,2.39743971824646,0.0004825452633667737,0.0011568731802472018,0
15.055540264038427,2.398467540740967,0.00048269788385368884,0.0011577352064074259,0
15.055676264040812,2.3994953632354736,0.00048285056254826486,0.0011585976859702016,0
15.055846264043794,2.4006943702697754,0.00048307949327863753,0.001159726219906801,0
15.055982264046179,2.401721954345703,0.00048307949327863753,0.0011602226247015013,0
15.05615226404916,2.40274977684021,0.00048330845311284065,0.001161269277861865,0
15.05625426405095,2.403777599334717,0.0004833847633562982,0.0011619494660155827,0
15.056458264054527,2.4051477909088135,0.0004835374129470438,0.001162978940571345,0
15.056594264056912,2.4061756134033203,0.0004836900334339589,0.0011638431628950285,0
15.056730264059297,2.407203197479248,0.0004838427121285349,0.0011647077237128406,0
15.056900264062278,2.408573627471924,0.00048399533261545,0.0011657383939570748,0
15.057104264065856,2.4099440574645996,0.00048414795310236514,0.0011667694825126945,0
15.057274264068838,2.4111430644989014,0.0004844532231800258,0.0011680860291446576,0
15.057444264071819,2.412170648574829,0.0004846058727707714,0.0011689520624246427,0
15.0576142640748,2.413369655609131,0.00048468218301422894,0.0011697172731009314,0
15.057784264077782,2.4143974781036377,0.00048468218301422894,0.0011702154403513201,0
15.057920264080167,2.4154253005981445,0.0004848348326049745,0.0011710823212853216,0
15.058090264083148,2.4164528846740723,0.0004849874821957201,0.001171949400382663,0
15.05826026408613,2.417994499206543,0.00048521641292609274,0.0011732506173800228,0
15.058498264090304,2.4193649291992188,0.0004853690625168383,0.0011742848875715417,0
15.058702264093881,2.4207351207733154,0.0004853690625168383,0.0011749499361713295,0
15.058872264096863,2.4217629432678223,0.000485674332594499,0.001176188101173689,0
15.059110264101037,2.422790765762329,0.00048613225226290524,0.00117779673172181,0
15.059280264104018,2.4243323802948,0.00048597963177599013,0.0011781761574782765,0
15.059450264107,2.4253599643707275,0.0004860559420194477,0.001178860622218468,0
15.059654264110577,2.4265589714050293,0.00048636121209710836,0.0011801841625576626,0
15.059892264114751,2.427757978439331,0.0004864375223405659,0.0011809525758745693,0
15.060062264117732,2.4292995929718018,0.0004865138325840235,0.0011818878554715195,0
15.060368264123099,2.4306700229644775,0.0004869717522524297,0.0011836676402304652,0
15.06053826412608,2.4316978454589844,0.00048704809159971774,0.0011843537949779437,0
15.060742264129658,2.432896852493286,0.0004871244018431753,0.0011851234240169359,0
15.06091226413264,2.433924436569214,0.00048735333257354796,0.0011861811853942014,0
15.06108226413562,2.4349522590637207,0.00048735333257354796,0.0011866820981121934,0
15.061354264140391,2.4359800815582275,0.0004877349711023271,0.0011881126746846465,0
15.061558264143969,2.437350273132324,0.0004877349711023271,0.0011887809650324432,0
15.06172826414695,2.438378095626831,0.0004878875915892422,0.0011896544164593376,0
15.061932264150528,2.439577102661133,0.0004877349711023271,0.0011898670676683265,0
15.062136264154105,2.4407761096954346,0.00048804021207615733,0.0011911968902061781,0
15.062408264158876,2.4418039321899414,0.0004881928616669029,0.0011920712492853036,0
15.062578264161857,2.443002939224243,0.0004883455112576485,0.001193029519359401,0
15.062816264166031,2.444030523300171,0.0004885744419880211,0.0011940908491230723,0
15.063088264170801,2.4452297687530518,0.0004886508104391396,0.0011948635082110887,0
15.063292264174379,2.4465999603271484,0.0004888034309260547,0.0011959064547114595,0
15.063530264178553,2.44779896736145,0.0004889560514129698,0.0011968661177337997,0
15.06383626418392,2.448997974395752,0.0004890323616564274,0.0011976392631105615,0
15.064040264187497,2.450025796890259,0.000489261350594461,0.0011987029303777985,0
15.064346264192864,2.4513959884643555,0.0004894139710813761,0.0011997474454072954,0
15.064618264197634,2.4524238109588623,0.0004896429600194097,0.0012008120540199785,0
15.064890264202404,2.453451633453369,0.0004897955805063248,0.0012016897670514837,0
15.065094264205982,2.454479217529297,0.0004897955805063248,0.0012021930731904718,0
15.065332264210156,2.4555070400238037,0.0004901771317236125,0.001203633397806006,0
15.065536264213733,2.4568774700164795,0.000490100821480155,0.0012041176663311615,0
15.0658422642191,2.4579050540924072,0.0004901771317236125,0.001204808849463987,0
15.066012264222081,2.458932876586914,0.0004904824309051037,0.001206063374740829,0
15.066284264226852,2.460131883621216,0.0004905587411485612,0.0012068391998886624,0
15.066590264232218,2.4611597061157227,0.0004908640403300524,0.001208094797241488,0
15.066896264237585,2.4621872901916504,0.0004908640403300524,0.0012085992013127766,0
15.067066264240566,2.4632151126861572,0.0004909403505735099,0.0012092916909601098,0
15.067406264246529,2.464242935180664,0.0004911692813038826,0.001210360431430857,0
15.067712264251895,2.465270519256592,0.0004913982702419162,0.0012114296688410797,0
15.06795026425607,2.4662983417510986,0.0004911692813038826,0.0012113699839988445,0
15.06822226426084,2.4674973487854004,0.0004914745804853737,0.0012127122243430766,0
15.06849426426561,2.468696355819702,0.0004916272591799498,0.0012136784231591702,0
15.068834264271572,2.469724178314209,0.0004916272591799498,0.001214183728715068,0
15.069140264276939,2.4707517623901367,0.0004918561899103224,0.001215254548063427,0
15.069480264282902,2.4719510078430176,0.0004920851206406951,0.0012164103099123191,0
15.069718264287076,2.4729785919189453,0.0004920851206406951,0.0012169159687462905,0
15.070058264293039,2.474006414413452,0.0004923141095787287,0.001217988265004022,0
15.070466264300194,2.47503399848938,0.0004923904198221862,0.00121868302959037,0
15.07077226430556,2.4760618209838867,0.0004926193505525589,0.0012197559661810686,0
15.071078264310927,2.4772608280181885,0.0004926193505525589,0.0012203466202476143,0
15.071520264318679,2.4786312580108643,0.00049292464973405,0.001221778444674873,0
15.071894264325238,2.479658842086792,0.0004930009599775076,0.0012224741895655034,0
15.072132264329412,2.480686664581299,0.0004930772702209651,0.0012231702088452978,0
15.072574264337163,2.4817144870758057,0.0004933062009513378,0.0012242451454652636,0
15.07288026434253,2.4827420711517334,0.000493611500132829,0.0012255100381840939,0
15.073220264348492,2.4837698936462402,0.0004935351898893714,0.001225827846102201,0
15.073730264357437,2.484797716140747,0.0004938404890708625,0.0012270937193811088,0
15.0740702643634,2.485825300216675,0.000493764178827405,0.0012274114880698739,0
15.074478264370555,2.4868531227111816,0.0004940694198012352,0.0012286780794688035,0
15.074784264375921,2.4878809452056885,0.0004941457300446928,0.0012293757459329452,0
15.075362264386058,2.488908529281616,0.0004942983505316079,0.001230263380647953,0
15.075770264393213,2.489936351776123,0.0004941457300446928,0.0012303914163132312,0
15.076144264399773,2.49096417427063,0.0004946799599565566,0.0012322300579814122,0
15.076518264406332,2.4919917583465576,0.000494603649713099,0.0012325482187331704,0
15.077062264415872,2.4931907653808594,0.0004949089488945901,0.0012339024210883398,0
15.07753826442422,2.494218587875366,0.0004949852591380477,0.0012346014340664235,0
15.078014264432568,2.495246410369873,0.0004949089488945901,0.001234919778189153,0
15.078558264442108,2.4966166019439697,0.0004952905001118779,0.001236550485364446,0
15.079340264455823,2.4976444244384766,0.0004952905001118779,0.0012370595560817765,0
15.079748264462978,2.4988434314727783,0.0004955194890499115,0.0012382256203791187,0
15.080292264472519,2.499871253967285,0.000495443120598793,0.0012385440151607696,0
15.080972264484444,2.500898838043213,0.0004959010984748602,0.0012401984809601307,0
15.081482264493388,2.5019266605377197,0.0004959010984748602,0.0012407081792641939,0
15.082162264505314,2.5029544830322266,0.0004959774087183177,0.0012414088786342203,0
15.082774264516047,2.5039820671081543,0.0004962063394486904,0.0012424917755649023,0
15.083522264529165,2.505181074142456,0.000496282649692148,0.0012432779014340395,0
15.084236264541687,2.506208896636963,0.0004964352701790631,0.0012441704907271423,0
15.085018264555401,2.5075790882110596,0.0004965879488736391,0.0012452335560531602,0
15.085834264569712,2.5086069107055664,0.0004965879488736391,0.0012457439603175136,0
15.086786264586408,2.509977340698242,0.0004968932480551302,0.0012471907933643278,0
15.087704264602507,2.511176347732544,0.0004970458685420454,0.0012481698288209636,0
15.088894264623377,2.5127179622650146,0.0004970458685420454,0.0012489360819552126,0
15.090254264647228,2.5139169692993164,0.0004971984890289605,0.0012499157186798837,0
15.091138264662732,2.514944553375244,0.0004974274197593331,0.0012510023800232362,0
15.092396264684794,2.516143798828125,0.0004976564086973667,0.0012521750866909542,0
15.093824264709838,2.5171713829040527,0.0004978090291842818,0.0012530706424139226,0
15.094878264728322,2.5181992053985596,0.0004980380181223154,0.001254158941493888,0
15.096306264753366,2.5192267894744873,0.0004980380181223154,0.0012546707174305172,0
15.09746226477364,2.520254611968994,0.0004981906386092305,0.0012555672545946917,0
15.099094264802261,2.521282434463501,0.000498114328365773,0.0012558869064632078,0
15.100420264825516,2.5223100185394287,0.0004983432590961456,0.0012569761950897984,0
15.100488264826708,2.521282434463501,0.0004982669488526881,0.0012562717058160061,0
15.100862264833268,2.5224814414978027,0.0004984195693396032,0.0012572541137384763,0
15.102732264866063,2.5235092639923096,0.0004985722480341792,0.0012581516866837228,0
15.105146264908399,2.5245368480682373,0.0004987248685210943,0.0012590493076294895,0
15.106540264932846,2.525564670562744,0.0004988774890080094,0.0012599473611776824,0
15.106710264935828,2.5245368480682373,0.0004988774890080094,0.0012594346036724768,0
15.10715226494358,2.525564670562744,0.000498953799251467,0.0012601400876325608,0
15.11024626499784,2.526592254638672,0.0004988774890080094,0.0012604599997412258,0
15.11300026504614,2.5277915000915527,0.000499106477946043,0.0012616371125926396,0
15.117318265121867,2.5288190841674805,0.0004991827881895006,0.0012623429612615422,0
15.122078265205346,2.5298469066619873,0.0004994117189198732,0.0012634351922601872,0
15.128062265310291,2.530874729156494,0.0004994880291633308,0.0012641416305256559,0
15.137990265484405,2.531902313232422,0.0004994880291633308,0.0012646548964705406,0
15.152032265730668,2.5329301357269287,0.0004997933283448219,0.0012659415829998633,0
15.15237226573663,2.531902313232422,0.0004997170763090253,0.0012652348214685638,0
15.1544802657736,2.5329301357269287,0.0004998696967959404,0.00126613501895112,0
15.205888266675174,2.5341291427612305,0.0005000223172828555,0.0012671211262574866,0
15.206058266678156,2.5331013202667236,0.0005000223172828555,0.0012666071920720279,0
15.224486267001339,2.5341291427612305,0.0005000223172828555,0.0012671211262574866,0
15.224622267003724,2.5331013202667236,0.0005001749377697706,0.0012669937952289323,0
15.231048267116421,2.5341291427612305,0.0005001749377697706,0.0012675078862811606,0
15.232136267135502,2.5331013202667236,0.000499945948831737,0.001266413743047673,0
15.234856267183204,2.5341291427612305,0.0005001749377697706,0.0012675078862811606,0
15.235128267187974,2.5331013202667236,0.000499945948831737,0.001266413743047673,0
15.239956267272646,2.5341291427612305,0.000499945948831737,0.0012669275987399198,0
15.243696267338237,2.5331013202667236,0.0005000223172828555,0.0012666071920720279,0
15.24512426736328,2.5341291427612305,0.000499945948831737,0.0012669275987399198,0
15.251108267468226,2.5331013202667236,0.0005001749377697706,0.0012669937952289323,0
15.251516267475381,2.5341291427612305,0.0005000223172828555,0.0012671211262574866,0
15.259812267620873,2.5331013202667236,0.0004998696967959404,0.0012662205889151235,0
15.261138267644128,2.5341291427612305,0.000499945948831737,0.0012669275987399198,0
15.63367627417756,2.5351569652557373,0.0004998696967959404,0.0012672481435525018,0
15.633744274178753,2.5341291427612305,0.0005003275582566857,0.0012678946463048346,0
16.000128280604258,2.5341291427612305,0.0005001749377697706,0.0012675078862811606,0
16.53375828996286,2.5353281497955322,0.0005002512480132282,0.0012683010710582837,0
16.53386028996465,2.5339579582214355,0.0005002512480132282,0.0012676156310133246,0
16.53753229002905,2.5349855422973633,0.0005002512480132282,0.001268129681229746,0
16.537634290030837,2.5339579582214355,0.0005000223172828555,0.0012670355301672154,0
16.557456290378468,2.5349855422973633,0.000499945948831737,0.0012673557522185908,0
16.558884290403512,2.5339579582214355,0.0005000986275263131,0.0012672288971159185,0
16.572586290643812,2.5349855422973633,0.0005001749377697706,0.001267936235865852,0
16.573130290653353,2.5339579582214355,0.0005002512480132282,0.0012676156310133246,0
16.574014290668856,2.5349855422973633,0.0005001749377697706,0.001267936235865852,0
16.57425229067303,2.5339579582214355,0.0005001749377697706,0.0012674222640646216,0
16.63501029173858,2.5349855422973633,0.0005000223172828555,0.0012675493451380637,0
16.635860291753488,2.5339579582214355,0.0005000223172828555,0.0012670355301672154,0
16.66948629234321,2.5349855422973633,0.0005001749377697706,0.001267936235865852,0
16.669520292343805,2.5339579582214355,0.0005000223172828555,0.0012670355301672154,0
16.67978829252388,2.5349855422973633,0.0005000986275263131,0.0012677427905019578,0
16.680536292537,2.5337865352630615,0.0005001749377697706,0.0012673365225970845,0
16.682508292571583,2.5348143577575684,0.0005000986275263131,0.0012676571813485527,0
16.69451029278207,2.5337865352630615,0.0005001749377697706,0.0012673365225970845,0
16.694578292783262,2.5348143577575684,0.0005000986275263131,0.0012676571813485527,0
16.703792292944854,2.5337865352630615,0.0005001749377697706,0.0012673365225970845,0
16.705492292974668,2.5349855422973633,0.000499945948831737,0.0012673557522185908,0
16.706172292986594,2.5339579582214355,0.0005001749377697706,0.0012674222640646216,0
16.72742229335927,2.5349855422973633,0.0005000986275263131,0.0012677427905019578,0
16.727932293368212,2.5339579582214355,0.0005001749377697706,0.0012674222640646216,0
16.75509829384464,2.5349855422973633,0.0005000986275263131,0.0012677427905019578,0
16.756356293866702,2.5339579582214355,0.0005002512480132282,0.0012676156310133246,0
16.757070293879224,2.5349855422973633,0.0005000986275263131,0.0012677427905019578,0
16.757988293895323,2.5339579582214355,0.0005001749377697706,0.0012674222640646216,0
16.770840294120717,2.5349855422973633,0.0005000986275263131,0.0012677427905019578,0
16.770874294121313,2.5336153507232666,0.0005001749377697706,0.0012672509003805454,0
16.77135029412966,2.5346429347991943,0.0005004038685001433,0.0012683451298400733,0
16.781924294315104,2.5336153507232666,0.0005001749377697706,0.0012672509003805454,0
16.7819582943157,2.5346429347991943,0.0005000986275263131,0.0012675714529623433,0
16.936896297032945,2.5336153507232666,0.0005000986275263131,0.001267057559576304,0
16.93693029703354,2.5346429347991943,0.0005000986275263131,0.0012675714529623433,0
17.000136298142024,2.5344717502593994,0.0005002512480132282,0.0012678726561215353,0
18.00014431567979,2.5343003273010254,0.0005002512480132282,0.0012677869015726706,0
18.90444233153903,2.5353281497955322,0.0005002512480132282,0.0012683010710582837,0
18.904476331539627,2.5343003273010254,0.0005000223172828555,0.0012672067223477579,0
19.000152333217557,2.5341291427612305,0.0005002512480132282,0.0012677012662929976,0
19.055810334193666,2.5351569652557373,0.0005000986275263131,0.0012678285188881672,0
19.055844334194262,2.5341291427612305,0.0005000986275263131,0.0012673145062693236,0
19.176340336307476,2.5351569652557373,0.0005000223172828555,0.0012676350604429454,0
19.17657833631165,2.5339579582214355,0.0005003275582566857,0.0012678089979620277,0
19.177734336331923,2.5349855422973633,0.0005000986275263131,0.0012677427905019578,0
19.178380336343253,2.5339579582214355,0.0005000986275263131,0.0012672288971159185,0
19.191130336566857,2.5349855422973633,0.0005003275582566857,0.00126832312659364,0
19.192150336584746,2.5337865352630615,0.0005001749377697706,0.0012673365225970845,0
19.192422336589516,2.5348143577575684,0.0005001749377697706,0.0012678506136493128,0
19.24366033748811,2.5337865352630615,0.0005002512480132282,0.00126752987646446,0
19.244986337511364,2.5348143577575684,0.0005001749377697706,0.0012678506136493128,0
19.268922337931144,2.5337865352630615,0.0005002512480132282,0.00126752987646446,0
19.269806337946648,2.5348143577575684,0.0005001749377697706,0.0012678506136493128,0
19.27188033798302,2.5336153507232666,0.0005002512480132282,0.001267444241184787,0
19.27198233798481,2.5348143577575684,0.0005001749377697706,0.0012678506136493128,0
19.27864633810168,2.5337865352630615,0.0005002512480132282,0.00126752987646446,0
19.280312338130898,2.5348143577575684,0.0005001749377697706,0.0012678506136493128,0
19.28996833830024,2.5337865352630615,0.0005000986275263131,0.0012671431687297091,0
19.292144338338403,2.5348143577575684,0.0005000223172828555,0.0012674637490477925,0
19.29846833844931,2.5337865352630615,0.0005000986275263131,0.0012671431687297091,0
19.29921633846243,2.5349855422973633,0.000499945948831737,0.0012673557522185908,0
19.300542338485684,2.5339579582214355,0.0005000986275263131,0.0012672288971159185,0
19.30469033855843,2.5349855422973633,0.0005001749377697706,0.001267936235865852,0
19.306560338591225,2.5339579582214355,0.0005000986275263131,0.0012672288971159185,0
19.307410338606132,2.5349855422973633,0.0005002512480132282,0.001268129681229746,0
19.309110338635946,2.5339579582214355,0.0005000986275263131,0.0012672288971159185,0
19.310062338652642,2.5349855422973633,0.0005000223172828555,0.0012675493451380637,0
19.310402338658605,2.5339579582214355,0.0005001749377697706,0.0012674222640646216,0
19.31308833870571,2.5349855422973633,0.0005001749377697706,0.001267936235865852,0
19.313258338708692,2.5339579582214355,0.0005002512480132282,0.0012676156310133246,0
19.313530338713463,2.5349855422973633,0.0005001749377697706,0.001267936235865852,0
19.31400633872181,2.5337865352630615,0.0005000986275263131,0.0012671431687297091,0
19.314890338737314,2.5348143577575684,0.0005000986275263131,0.0012676571813485527,0
19.345320339270984,2.5336153507232666,0.0005002512480132282,0.001267444241184787,0
19.345388339272176,2.5346429347991943,0.0005002512480132282,0.0012679582914012083,0
19.85991034829567,2.5336153507232666,0.0005002512480132282,0.001267444241184787,0
19.859944348296267,2.5346429347991943,0.0005000986275263131,0.0012675714529623433,0
19.945522349797102,2.5336153507232666,0.0005001749377697706,0.0012672509003805454,0
19.945964349804854,2.5346429347991943,0.0005000986275263131,0.0012675714529623433,0
20.000160350755323,2.5343003273010254,0.0005002512480132282,0.0012677869015726706,0
21.00016836829309,2.5344717502593994,0.0005000223172828555,0.0012672924376526395,0
22.000176385830855,2.5341291427612305,0.0005001749377697706,0.0012675078862811606,0
22.041554386556527,2.5353281497955322,0.0005002512480132282,0.0012683010710582837,0
22.04162238655772,2.5343003273010254,0.0005000986275263131,0.0012674001154227288,0
22.83032040038961,2.5353281497955322,0.0005001749377697706,0.001268107599549928,0
22.830354400390206,2.5341291427612305,0.0005001749377697706,0.0012675078862811606,0
22.83599840048919,2.5351569652557373,0.0005001749377697706,0.001268021977333389,0
22.83644040049694,2.5341291427612305,0.0005002512480132282,0.0012677012662929976,0
22.838786400538083,2.5351569652557373,0.0005002512480132282,0.0012682154357786107,0
22.838956400541065,2.5339579582214355,0.0005000223172828555,0.0012670355301672154,0
22.844532400638855,2.5349855422973633,0.0005002512480132282,0.001268129681229746,0
22.851536400761688,2.5339579582214355,0.0005002512480132282,0.0012676156310133246,0
22.856602400850534,2.5349855422973633,0.0005001749377697706,0.001267936235865852,0
22.863538400972175,2.5339579582214355,0.0005001749377697706,0.0012674222640646216,0
22.86377640097635,2.5349855422973633,0.0005003275582566857,0.00126832312659364,0
22.866938401031803,2.5339579582214355,0.0005000223172828555,0.0012670355301672154,0
22.868400401057443,2.5351569652557373,0.0005002512480132282,0.0012682154357786107,0
22.86843440105804,2.5341291427612305,0.0005002512480132282,0.0012677012662929976,0
22.87016840108845,2.5351569652557373,0.0005001749377697706,0.001268021977333389,0
22.8706104010962,2.5341291427612305,0.0005002512480132282,0.0012677012662929976,0
22.887100401385396,2.5351569652557373,0.0005000986275263131,0.0012678285188881672,0
22.887644401394937,2.5341291427612305,0.0005002512480132282,0.0012677012662929976,0
22.8952944015291,2.5351569652557373,0.0005001749377697706,0.001268021977333389,0
22.895872401539236,2.5341291427612305,0.0005000986275263131,0.0012673145062693236,0
22.899374401600653,2.5351569652557373,0.0005000223172828555,0.0012676350604429454,0
22.900292401616753,2.5341291427612305,0.0005001749377697706,0.0012675078862811606,0
22.914708401869575,2.5351569652557373,0.0005002512480132282,0.0012682154357786107,0
22.914912401873153,2.5341291427612305,0.0005000223172828555,0.0012671211262574866,0
22.91977440195842,2.5351569652557373,0.0005001749377697706,0.001268021977333389,0
22.921134401982272,2.5341291427612305,0.0005001749377697706,0.0012675078862811606,0
22.932456402180833,2.5351569652557373,0.0005000223172828555,0.0012676350604429454,0
22.932796402186796,2.5341291427612305,0.0005001749377697706,0.0012675078862811606,0
22.959588402656664,2.5351569652557373,0.0005000986275263131,0.0012678285188881672,0
22.959860402661434,2.5341291427612305,0.0005000986275263131,0.0012673145062693236,0
22.973120402893983,2.5351569652557373,0.0005001749377697706,0.001268021977333389,0
22.97407240291068,2.5341291427612305,0.0005001749377697706,0.0012675078862811606,0
23.00018440336862,2.5341291427612305,0.0005001749377697706,0.0012675078862811606,0
23.008480403514113,2.5351569652557373,0.0005000223172828555,0.0012676350604429454,0
23.008752403518884,2.5341291427612305,0.0005002512480132282,0.0012677012662929976,0
23.03228040393151,2.5351569652557373,0.0005002512480132282,0.0012682154357786107,0
23.032314403932105,2.5341291427612305,0.0005001749377697706,0.0012675078862811606,0
23.03347040395238,2.5351569652557373,0.0005001749377697706,0.001268021977333389,0
23.033878403959534,2.5341291427612305,0.0005001749377697706,0.0012675078862811606,0
23.04139240409131,2.5351569652557373,0.0005001749377697706,0.001268021977333389,0
23.041460404092504,2.5341291427612305,0.0005003275582566857,0.0012678946463048346,0
23.048600404217723,2.5351569652557373,0.0005000986275263131,0.0012678285188881672,0
23.048736404220108,2.5341291427612305,0.0005002512480132282,0.0012677012662929976,0
23.09586040504655,2.5351569652557373,0.0005001749377697706,0.001268021977333389,0
23.096166405051918,2.5339579582214355,0.0005002512480132282,0.0012676156310133246,0
23.09660840505967,2.5349855422973633,0.0005000986275263131,0.0012677427905019578,0
23.09915840510439,2.5339579582214355,0.0005003275582566857,0.0012678089979620277,0
23.099770405115123,2.5349855422973633,0.0005002512480132282,0.001268129681229746,0
23.10034840512526,2.5339579582214355,0.0005001749377697706,0.0012674222640646216,0
23.10079040513301,2.5349855422973633,0.0005003275582566857,0.00126832312659364,0
23.100926405135397,2.5339579582214355,0.0005001749377697706,0.0012674222640646216,0
23.114254405369138,2.5349855422973633,0.0005001749377697706,0.001267936235865852,0
23.11626040540432,2.5339579582214355,0.0005003275582566857,0.0012678089979620277,0
23.1173484054234,2.5349855422973633,0.0005001749377697706,0.001267936235865852,0
23.117926405433536,2.5339579582214355,0.0005001749377697706,0.0012674222640646216,0
23.120748405483027,2.5349855422973633,0.0005001749377697706,0.001267936235865852,0
23.124862405555177,2.5339579582214355,0.0005001749377697706,0.0012674222640646216,0
23.12639240558201,2.5349855422973633,0.0005003275582566857,0.00126832312659364,0
23.127004405592743,2.5339579582214355,0.0005004802369512618,0.0012681958793551995,0
23.127718405605265,2.5351569652557373,0.0005002512480132282,0.0012682154357786107,0
23.128160405613016,2.5341291427612305,0.0005001749377697706,0.0012675078862811606,0
23.156040406101965,2.5351569652557373,0.0005001749377697706,0.001268021977333389,0
23.15655040611091,2.5341291427612305,0.0005002512480132282,0.0012677012662929976,0
23.18844240667022,2.5351569652557373,0.0005002512480132282,0.0012682154357786107,0
23.189836406694667,2.5341291427612305,0.0005000986275263131,0.0012673145062693236,0
23.197180406823463,2.5353281497955322,0.0005003275582566857,0.0012684945425666394,0
23.19731640682585,2.5343003273010254,0.0005001749377697706,0.0012675935084976997,0
23.497706412093976,2.5353281497955322,0.0005001749377697706,0.001268107599549928,0
23.497808412095765,2.5341291427612305,0.0005001749377697706,0.0012675078862811606,0
23.546972412957984,2.5351569652557373,0.0005000986275263131,0.0012678285188881672,0
23.54721041296216,2.5341291427612305,0.0005003275582566857,0.0012678946463048346,0
23.616026414169028,2.5351569652557373,0.0005002512480132282,0.0012682154357786107,0
23.616060414169624,2.5339579582214355,0.0005000986275263131,0.0012672288971159185,0
23.625546414335986,2.5349855422973633,0.0005001749377697706,0.001267936235865852,0
23.6281644143819,2.5339579582214355,0.0005001749377697706,0.0012674222640646216,0
23.628946414395614,2.5351569652557373,0.0005001749377697706,0.001268021977333389,0
23.62898041439621,2.5339579582214355,0.0005001749377697706,0.0012674222640646216,0
23.631768414445105,2.5349855422973633,0.0005001749377697706,0.001267936235865852,0
23.634522414493404,2.5339579582214355,0.0005001749377697706,0.0012674222640646216,0
23.63877241456794,2.5351569652557373,0.0005000986275263131,0.0012678285188881672,0
23.639146414574498,2.5341291427612305,0.0005002512480132282,0.0012677012662929976,0
23.672160415153485,2.5351569652557373,0.0005000986275263131,0.0012678285188881672,0
23.673078415169584,2.5341291427612305,0.0005002512480132282,0.0012677012662929976,0
23.706636415758112,2.5351569652557373,0.0005003275582566857,0.0012684088942238325,0
23.70694241576348,2.5341291427612305,0.0005001749377697706,0.0012675078862811606,0
23.71598641592209,2.5351569652557373,0.0005001749377697706,0.001268021977333389,0
23.716224415926263,2.5341291427612305,0.0005001749377697706,0.0012675078862811606,0
23.754950416605425,2.5351569652557373,0.0005000223172828555,0.0012676350604429454,0
23.75498441660602,2.5341291427612305,0.0005002512480132282,0.0012677012662929976,0
23.791874417252984,2.5351569652557373,0.0005003275582566857,0.0012684088942238325,0
23.792588417265506,2.5341291427612305,0.0005001749377697706,0.0012675078862811606,0
23.809044417554105,2.5351569652557373,0.0005002512480132282,0.0012682154357786107,0
23.809758417566627,2.5341291427612305,0.0005002512480132282,0.0012677012662929976,0
23.823018417799176,2.5351569652557373,0.0005000986275263131,0.0012678285188881672,0
23.823052417799772,2.5341291427612305,0.0005003275582566857,0.0012678946463048346,0
23.846070418203453,2.5351569652557373,0.0005000986275263131,0.0012678285188881672,0
23.846682418214186,2.5341291427612305,0.0005000986275263131,0.0012673145062693236,0
23.87908441878244,2.5351569652557373,0.0005000986275263131,0.0012678285188881672,0
23.879152418783633,2.5341291427612305,0.0005003275582566857,0.0012678946463048346,0
23.936272419785382,2.5351569652557373,0.0005002512480132282,0.0012682154357786107,0
23.93637441978717,2.5341291427612305,0.0005000223172828555,0.0012671211262574866,0
23.971428420401935,2.5351569652557373,0.0005002512480132282,0.0012682154357786107,0
23.971802420408494,2.5337865352630615,0.0005000223172828555,0.0012669498148623337,0
23.972414420419227,2.5348143577575684,0.0005001749377697706,0.0012678506136493128,0
23.976460420490184,2.5337865352630615,0.0005002512480132282,0.00126752987646446,0
23.976664420493762,2.5348143577575684,0.0005002512480132282,0.001268044045950073,0
23.991284420750162,2.5337865352630615,0.0005002512480132282,0.00126752987646446,0
23.991828420759703,2.5348143577575684,0.0005000223172828555,0.0012674637490477925,0
24.000192420906387,2.5346429347991943,0.0005000223172828555,0.0012673780337429108,0
24.213066424639692,2.5336153507232666,0.0005001749377697706,0.0012672509003805454,0
24.213134424640884,2.5346429347991943,0.0005002512480132282,0.0012679582914012083,0
24.454908428881026,2.5336153507232666,0.0005000986275263131,0.001267057559576304,0
24.455078428884008,2.5346429347991943,0.0005003275582566857,0.0012681517106206408,0
24.71082643336922,2.5336153507232666,0.0005001749377697706,0.0012672509003805454,0
24.710962433371606,2.5348143577575684,0.0005001749377697706,0.0012678506136493128,0
24.721230433551682,2.5337865352630615,0.0005003275582566857,0.0012677232303318353,0
24.721910433563608,2.5351569652557373,0.0005000986275263131,0.0012678285188881672,0
24.722012433565396,2.5341291427612305,0.0005002512480132282,0.0012677012662929976,0
24.775562434504536,2.5351569652557373,0.0005001749377697706,0.001268021977333389,0
24.775596434505132,2.5341291427612305,0.0005000986275263131,0.0012673145062693236,0
24.88035043634227,2.5351569652557373,0.0005002512480132282,0.0012682154357786107,0
24.88041843634346,2.5341291427612305,0.0005001749377697706,0.0012675078862811606,0
24.896398436623713,2.5351569652557373,0.0005001749377697706,0.001268021977333389,0
24.89660243662729,2.5341291427612305,0.0005001749377697706,0.0012675078862811606,0
24.9522604376034,2.5351569652557373,0.0005004802369512618,0.001268795958679833,0
24.952294437603996,2.5341291427612305,0.0005000223172828555,0.0012671211262574866,0
25.000200438444153,2.5346429347991943,0.0005002512480132282,0.0012679582914012083,0
25.160170441249647,2.5336153507232666,0.0005000986275263131,0.001267057559576304,0
25.1606124412574,2.5348143577575684,0.0005000223172828555,0.0012674637490477925,0
25.17751044155375,2.5337865352630615,0.0005000986275263131,0.0012671431687297091,0
25.17805444156329,2.5348143577575684,0.0005004038685001433,0.0012684309105515934,0
25.183018441650347,2.5337865352630615,0.0005000986275263131,0.0012671431687297091,0
25.183664441661676,2.5348143577575684,0.0005000986275263131,0.0012676571813485527,0
25.216508442237682,2.5337865352630615,0.0005002512480132282,0.00126752987646446,0
25.21800444226392,2.5349855422973633,0.0005000986275263131,0.0012677427905019578,0
25.2181744422669,2.5339579582214355,0.0005001749377697706,0.0012674222640646216,0
25.223036442352168,2.5349855422973633,0.0005000986275263131,0.0012677427905019578,0
25.224056442370056,2.5339579582214355,0.0005002512480132282,0.0012676156310133246,0
25.23306644252807,2.5349855422973633,0.0005004038685001433,0.0012685165719575342,0
25.240886442665214,2.5339579582214355,0.0005003275582566857,0.0012678089979620277,0
25.255676442924596,2.5349855422973633,0.0005003275582566857,0.00126832312659364,0
25.255778442926385,2.5339579582214355,0.0005002512480132282,0.0012676156310133246,0
25.259450442990783,2.5351569652557373,0.0005002512480132282,0.0012682154357786107,0
25.25948444299138,2.5339579582214355,0.0005000223172828555,0.0012670355301672154,0
25.261796443031926,2.5349855422973633,0.0005002512480132282,0.001268129681229746,0
25.26230644304087,2.5339579582214355,0.0005001749377697706,0.0012674222640646216,0
25.272710443223332,2.5349855422973633,0.0005001749377697706,0.001267936235865852,0
25.272846443225717,2.5339579582214355,0.0005003275582566857,0.0012678089979620277,0
25.28267244339804,2.5351569652557373,0.0005001749377697706,0.001268021977333389,0
25.28359044341414,2.5341291427612305,0.0005000986275263131,0.0012673145062693236,0
25.294810443610913,2.5351569652557373,0.0005002512480132282,0.0012682154357786107,0
25.2949464436133,2.5341291427612305,0.0005000986275263131,0.0012673145062693236,0
25.32381244411954,2.5351569652557373,0.0005001749377697706,0.001268021977333389,0
25.324016444123117,2.5341291427612305,0.0005002512480132282,0.0012677012662929976,0
25.398714445433143,2.5351569652557373,0.0005002512480132282,0.0012682154357786107,0
25.398850445435528,2.5341291427612305,0.0005001749377697706,0.0012675078862811606,0
25.41710844575573,2.5351569652557373,0.0005000986275263131,0.0012678285188881672,0
25.4173804457605,2.5337865352630615,0.0005002512480132282,0.00126752987646446,0
25.417686445765867,2.5348143577575684,0.0005001749377697706,0.0012678506136493128,0
25.4228544458565,2.5337865352630615,0.0005003275582566857,0.0012677232303318353,0
25.42333044586485,2.5348143577575684,0.0005002512480132282,0.001268044045950073,0
25.431932446015708,2.5337865352630615,0.0005000986275263131,0.0012671431687297091,0
25.432408446024056,2.5348143577575684,0.0005002512480132282,0.001268044045950073,0
25.432714446029422,2.5337865352630615,0.0005001749377697706,0.0012673365225970845,0
25.433224446038366,2.5349855422973633,0.0005001749377697706,0.001267936235865852,0
25.436454446095013,2.5339579582214355,0.0005003275582566857,0.0012678089979620277,0
25.44179244618863,2.5349855422973633,0.0005000986275263131,0.0012677427905019578,0
25.44260844620294,2.5339579582214355,0.0005003275582566857,0.0012678089979620277,0
25.44461444623812,2.5349855422973633,0.0005000223172828555,0.0012675493451380637,0
25.445396446251834,2.5339579582214355,0.0005000986275263131,0.0012672288971159185,0
25.448864446312655,2.5349855422973633,0.0005000986275263131,0.0012677427905019578,0
25.450496446341276,2.5339579582214355,0.0005002512480132282,0.0012676156310133246,0
25.45495044641939,2.5349855422973633,0.0005002512480132282,0.001268129681229746,0
25.455052446421178,2.5339579582214355,0.0005000223172828555,0.0012670355301672154,0
25.470148446685926,2.5349855422973633,0.0005002512480132282,0.001268129681229746,0
25.473616446746746,2.5339579582214355,0.0005000223172828555,0.0012670355301672154,0
25.47688044680399,2.5349855422973633,0.0005004038685001433,0.0012685165719575342,0
25.47786644682128,2.5339579582214355,0.0005000986275263131,0.0012672288971159185,0
25.479090446842747,2.5351569652557373,0.0005001749377697706,0.001268021977333389,0
25.479396446848114,2.5341291427612305,0.0005001749377697706,0.0012675078862811606,0
25.503162447264913,2.5351569652557373,0.0005003275582566857,0.0012684088942238325,0
25.503808447276242,2.5341291427612305,0.0005003275582566857,0.0012678946463048346,0
25.532368447777117,2.5351569652557373,0.0005002512480132282,0.0012682154357786107,0
25.532504447779502,2.5339579582214355,0.0005000223172828555,0.0012670355301672154,0
25.53260644778129,2.5349855422973633,0.0005002512480132282,0.001268129681229746,0
25.540086447912472,2.5339579582214355,0.0005000223172828555,0.0012670355301672154,0
25.56021444826547,2.5349855422973633,0.0005001749377697706,0.001267936235865852,0
25.56031644826726,2.5337865352630615,0.0005003275582566857,0.0012677232303318353,0
25.56075844827501,2.5348143577575684,0.0005001749377697706,0.0012678506136493128,0
25.57055044844674,2.5337865352630615,0.0005002512480132282,0.00126752987646446,0
25.571230448458664,2.5349855422973633,0.0005002512480132282,0.001268129681229746,0
25.57201244847238,2.5339579582214355,0.0005001749377697706,0.0012674222640646216,0
25.587142448737723,2.5349855422973633,0.0005001749377697706,0.001267936235865852,0
25.5882644487574,2.5339579582214355,0.0005001749377697706,0.0012674222640646216,0
25.603190449019166,2.5349855422973633,0.0005000986275263131,0.0012677427905019578,0
25.606148449071043,2.5339579582214355,0.0005003275582566857,0.0012678089979620277,0
25.611894449171814,2.5351569652557373,0.0005002512480132282,0.0012682154357786107,0
25.612166449176584,2.5341291427612305,0.0005000223172828555,0.0012671211262574866,0
25.655448449935648,2.5351569652557373,0.0005001749377697706,0.001268021977333389,0
25.655584449938033,2.5339579582214355,0.0005000986275263131,0.0012672288971159185,0
25.655652449939225,2.5349855422973633,0.0005000986275263131,0.0012677427905019578,0
25.656128449947573,2.5339579582214355,0.0005004038685001433,0.0012680023649107308,0
25.656944449961884,2.5349855422973633,0.0005002512480132282,0.001268129681229746,0
25.659766450011375,2.5339579582214355,0.0005001749377697706,0.0012674222640646216,0
25.679044450349465,2.5349855422973633,0.0005000986275263131,0.0012677427905019578,0
25.682512450410286,2.5339579582214355,0.0005001749377697706,0.0012674222640646216,0
25.68319245042221,2.5349855422973633,0.0005002512480132282,0.001268129681229746,0
25.683294450424,2.5339579582214355,0.0005002512480132282,0.0012676156310133246,0
25.6997504507126,2.5349855422973633,0.0005003275582566857,0.00126832312659364,0
25.70094045073347,2.5339579582214355,0.0005000986275263131,0.0012672288971159185,0
25.70376245078296,2.5349855422973633,0.0005000986275263131,0.0012677427905019578,0
25.705904450820526,2.5339579582214355,0.0005001749377697706,0.0012674222640646216,0
25.711140450912353,2.5349855422973633,0.0005001749377697706,0.001267936235865852,0
25.71243245093501,2.5339579582214355,0.0005000223172828555,0.0012670355301672154,0
25.717634451026242,2.5349855422973633,0.0005004038685001433,0.0012685165719575342,0
25.71838245103936,2.5339579582214355,0.0005002512480132282,0.0012676156310133246,0
25.71913045105248,2.5349855422973633,0.0005000986275263131,0.0012677427905019578,0
25.721442451093026,2.5339579582214355,0.0005002512480132282,0.0012676156310133246,0
25.724196451141324,2.5349855422973633,0.0005002512480132282,0.001268129681229746,0
25.724910451153846,2.5339579582214355,0.0005001749377697706,0.0012674222640646216,0
25.72616845117591,2.5349855422973633,0.0005003275582566857,0.00126832312659364,0
25.727562451200356,2.5339579582214355,0.0005000223172828555,0.0012670355301672154,0
25.735994451348233,2.5349855422973633,0.0005001749377697706,0.001267936235865852,0
25.739734451413824,2.5339579582214355,0.0005001749377697706,0.0012674222640646216,0
25.741264451440657,2.5349855422973633,0.0005002512480132282,0.001268129681229746,0
25.744630451499688,2.5337865352630615,0.0005000986275263131,0.0012671431687297091,0
25.74469845150088,2.5348143577575684,0.0005000986275263131,0.0012676571813485527,0
25.754966451680957,2.5337865352630615,0.0005000986275263131,0.0012671431687297091,0
25.755510451690498,2.5348143577575684,0.0005001749377697706,0.0012678506136493128,0
25.755646451692883,2.5337865352630615,0.0005001749377697706,0.0012673365225970845,0
25.75574845169467,2.5348143577575684,0.0005001749377697706,0.0012678506136493128,0
25.768328451915295,2.5337865352630615,0.000499945948831737,0.0012667563135091708,0
25.768770451923046,2.5349855422973633,0.0005000986275263131,0.0012677427905019578,0
25.77047045195286,2.5339579582214355,0.0005002512480132282,0.0012676156310133246,0
25.774924452030973,2.5349855422973633,0.0005001749377697706,0.001267936235865852,0
25.775060452033358,2.5339579582214355,0.0005001749377697706,0.0012674222640646216,0
25.776352452056017,2.5349855422973633,0.0005000986275263131,0.0012677427905019578,0
25.779208452106104,2.5339579582214355,0.0005000986275263131,0.0012672288971159185,0
25.779922452118626,2.5349855422973633,0.0005000223172828555,0.0012675493451380637,0
25.783832452187198,2.5339579582214355,0.0005003275582566857,0.0012678089979620277,0
25.789238452282007,2.5349855422973633,0.0005000223172828555,0.0012675493451380637,0
25.794814452379796,2.5339579582214355,0.0005000986275263131,0.0012672288971159185,0
25.795256452387548,2.5349855422973633,0.0005000986275263131,0.0012677427905019578,0
25.796684452412592,2.5339579582214355,0.0005003275582566857,0.0012678089979620277,0
25.80538845256524,2.5349855422973633,0.0005000223172828555,0.0012675493451380637,0
25.805592452568817,2.5339579582214355,0.0005000986275263131,0.0012672288971159185,0
25.805796452572395,2.5349855422973633,0.0005000223172828555,0.0012675493451380637,0
25.807734452606383,2.5339579582214355,0.0005002512480132282,0.0012676156310133246,0
25.825448452917044,2.5349855422973633,0.0005000986275263131,0.0012677427905019578,0
25.830106452998734,2.5339579582214355,0.0005002512480132282,0.0012676156310133246,0
25.835920453100698,2.5349855422973633,0.0005000223172828555,0.0012675493451380637,0
25.838708453149593,2.5339579582214355,0.0005004038685001433,0.0012680023649107308,0
25.843740453237842,2.5349855422973633,0.0005001749377697706,0.001267936235865852,0
25.847650453306414,2.5339579582214355,0.0005002512480132282,0.0012676156310133246,0
25.854246453422093,2.5349855422973633,0.0005001749377697706,0.001267936235865852,0
25.854586453428055,2.5339579582214355,0.0005001749377697706,0.0012674222640646216,0
25.857136453472776,2.5349855422973633,0.0005002512480132282,0.001268129681229746,0
25.85829245349305,2.5336153507232666,0.0005001749377697706,0.0012672509003805454,0
25.85839445349484,2.5346429347991943,0.0005000986275263131,0.0012675714529623433,0
26.00020845598192,2.5346429347991943,0.0005004038685001433,0.0012683451298400733,0
26.043490456740983,2.5336153507232666,0.0005002512480132282,0.001267444241184787,0
26.043558456742176,2.5346429347991943,0.0005002512480132282,0.0012679582914012083,0
26.08684045750124,2.5336153507232666,0.0005000986275263131,0.001267057559576304,0
26.086874457501835,2.5346429347991943,0.0005001749377697706,0.0012677648721817758,0
26.542066465484822,2.5336153507232666,0.0005003275582566857,0.0012676375819890284,0
26.542134465486015,2.5346429347991943,0.0005004038685001433,0.0012683451298400733,0
26.598064466466894,2.5336153507232666,0.0005001749377697706,0.0012672509003805454,0
26.59820046646928,2.5346429347991943,0.0005000986275263131,0.0012675714529623433,0
26.645324467295723,2.5336153507232666,0.0005001749377697706,0.0012672509003805454,0
26.64535846729632,2.5346429347991943,0.0005000986275263131,0.0012675714529623433,0
26.68136446792778,2.5336153507232666,0.0005002512480132282,0.001267444241184787,0
26.681466467929567,2.5346429347991943,0.0005001749377697706,0.0012677648721817758,0
27.000216473519686,2.5344717502593994,0.0005002512480132282,0.0012678726561215353,0
28.000224491057452,2.5346429347991943,0.0005001749377697706,0.0012677648721817758,0
28.162948493911244,2.5336153507232666,0.0005000986275263131,0.001267057559576304,0
28.163016493912437,2.5346429347991943,0.0005000986275263131,0.0012675714529623433,0
28.318022496630874,2.5336153507232666,0.0005000986275263131,0.001267057559576304,0
28.318226496634452,2.5346429347991943,0.0005000986275263131,0.0012675714529623433,0
28.38286049776798,2.5336153507232666,0.0005000223172828555,0.0012668642187720625,0
28.383098497772153,2.5346429347991943,0.000499945948831737,0.0012671844669878418,0
28.896532506776566,2.5336153507232666,0.0005001749377697706,0.0012672509003805454,0
28.89660050677776,2.5346429347991943,0.0005001749377697706,0.0012677648721817758,0
28.9501505077169,2.5336153507232666,0.0005003275582566857,0.0012676375819890284,0
28.95021850771809,2.5346429347991943,0.0005001749377697706,0.0012677648721817758,0
29.000232508595218,2.5344717502593994,0.0005001749377697706,0.0012676792499652367,0
29.999968526128214,2.5344717502593994,0.0005002512480132282,0.0012678726561215353,0
