0,0,0,0,0
Voltage [V],Current [A],Time [s],Power [W],Cycle
0.03710426017642021,-1.0377496084679194e-10,0.06039000091550406,-3.850493147057189e-12,0
0.0512678436934948,-1.193853349512608e-10,0.08046000121976249,-6.12062869157676e-12,0
0.06356310099363327,-1.3256502839897877e-10,0.10057500152470311,-8.42624428834815e-12,0
0.07408113777637482,-1.4391696168125634e-10,0.12069000182964373,-1.0661532266666406e-11,0
0.08485669642686844,-1.560165330261043e-10,0.14080500213458436,-1.3239047580568626e-11,0
0.09558473527431488,-1.680511979573751e-10,0.16092000243952498,-1.6063129269287185e-11,0
0.10439114272594452,-1.7761470072485963e-10,0.1809900027437834,-1.8541401573594743e-11,0
0.11177641898393631,-1.8536963630744197e-10,0.20110500304872403,-2.0719954134800525e-11,0
0.11820457875728607,-1.9229216829952378e-10,0.22122000335366465,-2.2729814752170367e-11,0
0.12560300529003143,-2.0074125695046519e-10,0.24133500365860527,-2.5213705158676838e-11,0
0.13314665853977203,-2.0921850363286865e-10,0.2614500039635459,-2.7856744663407616e-11,0
0.13934682309627533,-2.1590351728661972e-10,0.2815650042684865,-3.008546922920222e-11,0
0.14436660706996918,-2.2109208908105416e-10,0.30163500457274495,-3.191831475064317e-11,0
0.1488765925168991,-2.2597992921369325e-10,0.32175000487768557,-3.3643121838544715e-11,0
0.15468090772628784,-2.3265875337408204e-10,0.3418650051826262,-3.5987867162369544e-11,0
0.16032887995243073,-2.3910551316674855e-10,0.3619800054875668,-3.833551911647597e-11,0
0.16488473117351532,-2.4389532060631325e-10,0.38209500579250744,-4.021461437265029e-11,0
0.16840095818042755,-2.474195293089565e-10,0.40221000609744806,-4.166568580817865e-11,0
0.17181295156478882,-2.5120161506464456e-10,0.4222800064017065,-4.31596909220985e-11,0
0.17666731774806976,-2.5685076288084474e-10,0.4423950067066471,-4.537713533970432e-11,0
0.18118523061275482,-2.619452432739422e-10,0.46251000701158773,-4.746060931050338e-11,0
0.184684619307518,-2.655242137272751e-10,0.48262500731652835,-4.9038238329149845e-11,0
0.1872037649154663,-2.6801735830694895e-10,0.502740007621469,-5.017385853775837e-11,0
0.1901291012763977,-2.713299029899474e-10,0.5228550079264096,-5.1587710604890876e-11,0
0.19438211619853973,-2.763753947920833e-10,0.542925008230668,-5.3722434104892026e-11,0
0.1980697512626648,-2.8046118205615755e-10,0.5630400085356086,-5.5550876568696074e-11,0
0.20082686841487885,-2.8318900002766156e-10,0.5831550088405493,-5.687196004509631e-11,0
0.2027585655450821,-2.8505117710686534e-10,0.6032700091454899,-5.779656777712516e-11,0
0.20535589754581451,-2.8867741530547164e-10,0.6233850094504305,-5.928160972126098e-11,0
0.20916259288787842,-2.9346586272183117e-10,0.643455009754689,-6.138208077097639e-11,0
0.2122071087360382,-2.969347823178481e-10,0.6635700100596296,-6.301167163883542e-11,0
0.21442659199237823,-2.9908497900521525e-10,0.6836850103645702,-6.41317727642003e-11,0
0.2158432900905609,-3.004877180412535e-10,0.7038000106695108,-6.485825769382896e-11,0
0.21841339766979218,-3.0350610913387754e-10,0.7239150109744514,-6.628980050946894e-11,0
0.2218671590089798,-3.076351950959122e-10,0.7440300112793921,-6.825414674710327e-11,0
0.22445540130138397,-3.103851897723331e-10,0.7641000115836505,-6.966763232835524e-11,0
0.22619232535362244,-3.1199406946846864e-10,0.7842150118885911,-7.057066406961254e-11,0
0.22738638520240784,-3.131399584077599e-10,0.8043300121935317,-7.120376320477286e-11,0
0.22986261546611786,-3.1611974149470257e-10,0.8244450124984724,-7.26641105804454e-11,0
0.23289871215820312,-3.1977809289429615e-10,0.844560012803413,-7.447590601148782e-11,0
0.23509366810321808,-3.220518851598797e-10,0.8646750131083536,-7.571235900179246e-11,0
0.23634737730026245,-3.2314254050369584e-10,0.884745013412612,-7.637389194219234e-11,0
0.23729705810546875,-3.240840651397292e-10,0.9048600137175526,-7.690419523651884e-11,0
0.2397093027830124,-3.270475001926343e-10,0.9249750140224933,-7.839632824810348e-11,0
0.24241122603416443,-3.302831896867531e-10,0.9450900143274339,-8.00643529504403e-11,0
0.24421609938144684,-3.320408947793396e-10,0.9652050146323745,-8.108973215813574e-11,0
0.24515147507190704,-3.327646769246684e-10,0.9853200149373151,-8.157775139990904e-11,0
0.2461293488740921,-3.3381614139571525e-10,1.0053900152415736,-8.216194952538926e-11,0
0.24859222769737244,-3.3682787115019153e-10,1.0255050155465142,-8.373279083978964e-11,0
0.25109338760375977,-3.397603587362852e-10,1.0456200158514548,-8.531157944856252e-11,0
0.25263193249702454,-3.4122241143741405e-10,1.0657350161563954,-8.620367721272872e-11,0
0.2533416152000427,-3.416968652469876e-10,1.085850016461336,-8.656603575046319e-11,0
0.25437507033348083,-3.4290956185678567e-10,1.1059200167655945,-8.722764391534295e-11,0
0.25694942474365234,-3.4606603693809745e-10,1.126035017070535,-8.892146911455968e-11,0
0.2590892016887665,-3.4854696906450044e-10,1.1461500173754757,-9.030475596596061e-11,0
0.260356068611145,-3.4971425755259133e-10,1.1662650176804163,-9.105022923365811e-11,0
0.26085153222084045,-3.4990133013224067e-10,1.186380017985357,-9.127229809110511e-11,0
0.26195400953292847,-3.5124853026147207e-10,1.2064950182902976,-9.201096084454077e-11,0
0.2644016742706299,-3.5422531574624827e-10,1.226565018594556,-9.365776655235056e-11,0
0.26626116037368774,-3.5632313766242873e-10,1.2466800188994966,-9.487501210199155e-11,0
0.26733142137527466,-3.571778428579364e-10,1.2667950192044373,-9.548486041496663e-11,0
0.2676307260990143,-3.5730204905881635e-10,1.286910019509378,-9.562500682627664e-11,0
0.26891517639160156,-3.5889577421066576e-10,1.3070250198143185,-9.651252042806159e-11,0
0.27131325006484985,-3.618702837382415e-10,1.3271400201192591,-9.818020278291168e-11,0
0.272929310798645,-3.636107248627951e-10,1.3472100204235176,-9.924002453579841e-11,0
0.2737779915332794,-3.6421651805618183e-10,1.3673250207284582,-9.971446679666586e-11,0
0.27396804094314575,-3.642495471911644e-10,1.3874400210333988,-9.979273485839124e-11,0
0.2754475772380829,-3.661145830946566e-10,1.4075550213383394,-1.0084537490495394e-10,0
0.2776751220226288,-3.6888420096303776e-10,1.42767002164328,-1.0242996551463143e-10,0
0.27909910678863525,-3.703464201976203e-10,1.4477850219482207,-1.0336335507952442e-10,0
0.2796718180179596,-3.7063491165056917e-10,1.467855022252479,-1.0365613956224051e-10,0
0.2798459231853485,-3.707021356547102e-10,1.4879700225574197,-1.0373948137907268e-10,0
0.28147223591804504,-3.727770869765834e-10,1.5080850228623603,-1.0492640017031448e-10,0
0.2836031913757324,-3.7532008057006294e-10,1.528200023167301,-1.0644197263706687e-10,0
0.2848091125488281,-3.7656092133353525e-10,1.5483150234722416,-1.0724798182557325e-10,0
0.28522607684135437,-3.7669994901179393e-10,1.5683850237765,-1.0744464860297221e-10,0
0.28549888730049133,-3.7688624443532603e-10,1.5885000240814406,-1.0760060342514658e-10,0
0.28729185461997986,-3.791864877644713e-10,1.6086150243863813,-1.0893718931669125e-10,0
0.28926342725753784,-3.815188165390282e-10,1.6287300246913219,-1.1035944043531911e-10,0
0.2903398275375366,-3.824908167970875e-10,1.6488450249962625,-1.110523177835579e-10,0
0.2905295193195343,-3.824035810229276e-10,1.6689600253012031,-1.1109952858065974e-10,0
0.2909105122089386,-3.828101169389697e-10,1.6890300256054616,-1.1136348719747936e-10,0
0.2928329110145569,-3.852813068583316e-10,1.7091450259104022,-1.1282304664681801e-10,0
0.294548898935318,-3.873129039710932e-10,1.7292600262153428,-1.1408258940812605e-10,0
0.29542604088783264,-3.8799016777169015e-10,1.7493750265202834,-1.1462239916819638e-10,0
0.29547470808029175,-3.877849152900126e-10,1.769490026825224,-1.1458063464325713e-10,0
0.2960188388824463,-3.8845937577747236e-10,1.7896050271301647,-1.1499129337064725e-10,0
0.2980521023273468,-3.9104877669338123e-10,1.809675027434423,-1.1655291000599945e-10,0
0.2995714843273163,-3.9278225116845533e-10,1.8297900277393637,-1.1766636199995892e-10,0
0.3002558648586273,-3.932366099412832e-10,1.8499050280443043,-1.1807159841199467e-10,0
0.3002152442932129,-3.929349345899169e-10,1.870020028349245,-1.1796505737924953e-10,0
0.3009992837905884,-3.939789605666988e-10,1.8901350286541856,-1.185873849591368e-10,0
0.30302679538726807,-3.965730521748867e-10,1.9102500289591262,-1.2017226113750377e-10,0
0.3043847978115082,-3.980706875239548e-10,1.9303200292633846,-1.2116666573666703e-10,0
0.30490946769714355,-3.983431084986222e-10,1.9504350295683253,-1.214585851731404e-10,0
0.30477839708328247,-3.979211682381134e-10,1.9705500298732659,-1.2127777582111938e-10,0
0.3058156967163086,-3.9926931205691574e-10,1.9906650301782065,-1.2210282284412692e-10,0
0.30778035521507263,-4.0175718307722263e-10,2.010780030483147,-1.2365296851771455e-10,0
0.30896010994911194,-4.030158429202402e-10,2.0308500307874056,-1.2451581913987143e-10,0
0.3093871474266052,-4.0312803095687855e-10,2.050965031092346,-1.2472263154545286e-10,0
0.30923691391944885,-4.028398725708371e-10,2.071080031397287,-1.245729589975097e-10,0
0.3105183243751526,-4.0448161486850154e-10,2.0911950317022274,-1.255989532895229e-10,0
0.31238797307014465,-4.0688583058390293e-10,2.111310032007168,-1.271062398870677e-10,0
0.31343674659729004,-4.0793829425567196e-10,2.1314250323121087,-1.278628517639458e-10,0
0.3136967122554779,-4.07869765739477e-10,2.151495032616367,-1.279474045408859e-10,0
0.31370922923088074,-4.077362614207658e-10,2.1716100329213077,-1.2791062829978933e-10,0
0.3151623010635376,-4.096731009983756e-10,2.1917250332262483,-1.291135171944831e-10,0
0.3169487714767456,-4.118775043249201e-10,2.211840033531189,-1.305440689946914e-10,0
0.3178512156009674,-4.1268438666364204e-10,2.2319550338361296,-1.3117223396057829e-10,0
0.31793513894081116,-4.1248723881004423e-10,2.25207003414107,-1.3114418758238297e-10,0
0.3180235028266907,-4.1254605287477375e-10,2.2721400344453286,-1.311993408125607e-10,0
0.31966909766197205,-4.146790411052592e-10,2.2922550347502693,-1.3256007488945003e-10,0
0.3213571012020111,-4.1666636807491386e-10,2.31237003505521,-1.338986962129245e-10,0
0.3221445679664612,-4.1732112210368655e-10,2.3324850353601505,-1.344377325833709e-10,0
0.3221280872821808,-4.170173650841491e-10,2.352600035665091,-1.3433300617801183e-10,0
0.3224005699157715,-4.173897893977596e-10,2.3727150359700317,-1.3456670597886153e-10,0
0.32421526312828064,-4.197620029344762e-10,2.39278503627429,-1.360932482326553e-10,0
0.32567423582077026,-4.2151976353821397e-10,2.412900036579231,-1.3727812687365961e-10,0
0.3263402283191681,-4.2199796435049564e-10,2.4330150368841714,-1.377149120363649e-10,0
0.32620149850845337,-4.2156161894624233e-10,2.453130037189112,-1.3751403181391386e-10,0
0.32670655846595764,-4.2224168605997647e-10,2.4732450374940527,-1.3794912809351824e-10,0
0.3285670280456543,-4.247146800917534e-10,2.493315037798311,-1.3954724020510823e-10,0
0.32991430163383484,-4.2620923457192816e-10,2.5134300381032517,-1.4061252197368898e-10,0
0.33041784167289734,-4.264512076801452e-10,2.5335450384081923,-1.4090708762047408e-10,0
0.3302001953125,-4.259777253157182e-10,2.553660038713133,-1.4065792809802463e-10,0
0.3309715688228607,-4.2702363867164195e-10,2.5737750390180736,-1.4133268361559975e-10,0
0.3328523337841034,-4.2942838174298004e-10,2.593890039323014,-1.4293623905628176e-10,0
0.3340352773666382,-4.306913159446424e-10,2.6139600396272726,-1.4386609318097102e-10,0
0.3343839645385742,-4.307480205856251e-10,2.6340750399322133,-1.440352308405647e-10,0
0.33415672183036804,-4.303120082482792e-10,2.654190040237154,-1.4379165004048727e-10,0
0.33514001965522766,-4.3167852625813907e-10,2.6743050405420945,-1.4467274977489244e-10,0
0.33700886368751526,-4.3396039539622677e-10,2.694420040847035,-1.462484997378672e-10,0
0.3380151689052582,-4.3503106672559966e-10,2.7145350411519757,-1.470470994982882e-10,0
0.3382541537284851,-4.3497760948696396e-10,2.734605041456234,-1.4713298318785247e-10,0
0.3380657434463501,-4.348617022031931e-10,2.754720041761175,-1.4701184465166777e-10,0
0.33930233120918274,-4.3672068739120107e-10,2.7748350420661154,-1.4818034731911126e-10,0
0.34109070897102356,-4.389336949461864e-10,2.794950042371056,-1.497162052004657e-10,0
0.34200501441955566,-4.398154618279193e-10,2.8150650426759967,-1.5041909336440108e-10,0
0.3420896828174591,-4.395719344074678e-10,2.8351800429809373,-1.503730236169076e-10,0
0.3420397937297821,-4.3944628491665583e-10,2.8552500432851957,-1.5030811664821202e-10,0
0.3434891402721405,-4.413686638393699e-10,2.8753650435901363,-1.5160534288524856e-10,0
0.34517520666122437,-4.434342060211094e-10,2.895480043895077,-1.5306249370399238e-10,0
0.3459623157978058,-4.4408390853512003e-10,2.9155950442000176,-1.536362974053511e-10,0
0.3459109365940094,-4.4372258645175577e-10,2.935710044504958,-1.5348849546744315e-10,0
0.3460370600223541,-4.438535095019347e-10,2.9557800448092166,-1.535897635086535e-10,0
0.34765949845314026,-4.4602432858198426e-10,2.9758950451141573,-1.5506459437271128e-10,0
0.34914669394493103,-4.477977988415205e-10,2.996010045419098,-1.5634712102133415e-10,0
0.34977245330810547,-4.482247906167913e-10,3.0161250457240385,-1.56776684647547e-10,0
0.34962722659111023,-4.476981563250604e-10,3.036240046028979,-1.5652746474588418e-10,0
0.34991195797920227,-4.4810322119559487e-10,3.0563550463339197,-1.5679667550533817e-10,0
0.35167965292930603,-4.504027151241985e-10,3.076425046638178,-1.5839747053329522e-10,0
0.35302314162254333,-4.5192066755461724e-10,3.096540046943119,-1.5953845382428797e-10,0
0.3534768521785736,-4.521966134873878e-10,3.1166550472480594,-1.5984103550133297e-10,0
0.3532308340072632,-4.516139129329133e-10,3.136770047553,-1.595239591145765e-10,0
0.3537960648536682,-4.523785790411239e-10,3.1568850478579407,-1.6004976108884374e-10,0
0.3556097447872162,-4.5469894516259046e-10,3.1770000481628813,-1.616953758442852e-10,0
0.3567861020565033,-4.5599357623160586e-10,3.1970700484671397,-1.6269217062647964e-10,0
0.3571528494358063,-4.561204469677449e-10,3.2171850487720803,-1.6290471732046365e-10,0
0.3568424880504608,-4.555485988433361e-10,3.237300049077021,-1.6255909543915733e-10,0
0.35767096281051636,-4.5668741011084535e-10,3.2574150493819616,-1.633438256777872e-10,0
0.3594742715358734,-4.5909664958543317e-10,3.277530049686902,-1.6503343367428373e-10,0
0.3605234622955322,-4.601759528988225e-10,3.297645049991843,-1.6590422780422925e-10,0
0.36075112223625183,-4.601290459760321e-10,3.3177150502961013,-1.659920697093495e-10,0
0.3604518175125122,-4.596840408321867e-10,3.337830050601042,-1.6569394799945758e-10,0
0.36145466566085815,-4.6105808060303843e-10,3.3579450509059825,-1.6665159437460825e-10,0
0.3632039725780487,-4.632662031767154e-10,3.378060051210923,-1.6826012535493248e-10,0
0.36410027742385864,-4.641113882097869e-10,3.3981750515158637,-1.6898308520275558e-10,0
0.3641830384731293,-4.6387080288035065e-10,3.418245051820122,-1.689338784519361e-10,0
0.363993376493454,-4.634750083720718e-10,3.438360052125063,-1.6870183321768226e-10,0
0.36522647738456726,-4.6519349483631345e-10,3.4584750524300034,-1.6990098142128264e-10,0
0.36686813831329346,-4.672590647736286e-10,3.478590052734944,-1.714224632035117e-10,0
0.3676486909389496,-4.679102660887224e-10,3.4987050530398847,-1.7202659680441438e-10,0
0.36757972836494446,-4.675312914592666e-10,3.5188200533448253,-1.718550251167089e-10,0
0.3674713373184204,-4.673758047246679e-10,3.5388900536490837,-1.7174721199244662e-10,0
0.36886000633239746,-4.692910504644487e-10,3.5590050539540243,-1.7310269984605402e-10,0
0.3703467845916748,-4.710714041067376e-10,3.579120054258965,-1.7445977982401576e-10,0
0.370953768491745,-4.715220991435842e-10,3.5992350545639056,-1.7491289960445077e-10,0
0.3707575798034668,-4.709701517668918e-10,3.619350054868846,-1.7461575362876427e-10,0
0.3708280622959137,-4.710732914858795e-10,3.639465055173787,-1.7468719588106684e-10,0
0.3724694848060608,-4.731915415057131e-10,3.6595350554780453,-1.7624940967921868e-10,0
0.37382009625434875,-4.748027526702003e-10,3.679650055782986,-1.7749081070500403e-10,0
0.3742983341217041,-4.750801974040542e-10,3.6997650560879265,-1.778217264625478e-10,0
0.3739883005619049,-4.744600268224985e-10,3.719880056392867,-1.7744249911590205e-10,0
0.37427112460136414,-4.748650361818818e-10,3.7399950566978077,-1.7772827112566037e-10,0
0.37598785758018494,-4.771249506596575e-10,3.7601100570027484,-1.7939318799657609e-10,0
0.37716764211654663,-4.784531659751678e-10,3.780180057307007,-1.804570524740508e-10,0
0.37756165862083435,-4.785532525808378e-10,3.8002950576119474,-1.806833597828162e-10,0
0.37715086340904236,-4.778523132742407e-10,3.820410057916888,-1.8022241253338808e-10,0
0.377723753452301,-4.786464558037551e-10,3.8405250582218287,-1.8079613586283529e-10,0
0.379465788602829,-4.808305975601002e-10,3.8606400585267693,-1.824587618875129e-10,0
0.380484014749527,-4.819412646739352e-10,3.8807100588310277,-1.8337094725660323e-10,0
0.38069888949394226,-4.818573873244247e-10,3.9008250591359683,-1.834425722488609e-10,0
0.38026127219200134,-4.811718246067187e-10,3.920940059440909,-1.829710101678974e-10,0
0.3810139000415802,-4.822262034132052e-10,3.9410550597458496,-1.837348864647097e-10,0
0.3826470673084259,-4.843007661570198e-10,3.96117006005079,-1.8531626786520738e-10,0
0.3834587037563324,-4.851245516412916e-10,3.981285060355731,-1.8602523173274163e-10,0
0.3834996521472931,-4.848293433390438e-10,4.001355060659989,-1.8593188452132383e-10,0
0.3830808699131012,-4.842171108521143e-10,4.02147006096493,-1.854943120520365e-10,0
0.38411206007003784,-4.856038904321736e-10,4.0415850612698705,-1.8652631073192712e-10,0
0.38568010926246643,-4.875889692002033e-10,4.061700061574811,-1.880533669163078e-10,0
0.3863997459411621,-4.882435566955223e-10,4.081815061879752,-1.886571862645592e-10,0
0.38632503151893616,-4.877925285917684e-10,4.101930062184692,-1.8844646398291648e-10,0
0.3860366940498352,-4.874268211274568e-10,4.122000062488951,-1.881646386192638e-10,0
0.3872424066066742,-4.890650662225937e-10,4.142115062793891,-1.8938673323128968e-10,0
0.3887457251548767,-4.908946027448735e-10,4.162230063098832,-1.9083317831867098e-10,0
0.38927605748176575,-4.913435769360319e-10,4.182345063403773,-1.9126829049864715e-10,0
0.38907256722450256,-4.907537154430486e-10,4.202460063708713,-1.9093880794238992e-10,0
0.3888970613479614,-4.905246764330684e-10,4.222575064013654,-1.9076360518347993e-10,0
0.39028865098953247,-4.924144425544341e-10,4.242645064317912,-1.9218376851233272e-10,0
0.3915717899799347,-4.940031161915215e-10,4.262760064622853,-1.9343768446277973e-10,0
0.3919883370399475,-4.942443676547725e-10,4.282875064927794,-1.937380277683547e-10,0
0.3915863335132599,-4.935162278840721e-10,4.302990065232734,-1.9325421020641824e-10,0
0.391598641872406,-4.935545305784217e-10,4.323105065537675,-1.9327528386448281e-10,0
0.3930780589580536,-4.955612586954317e-10,4.343175065841933,-1.9479425766281013e-10,0
0.39416834712028503,-4.968819244943745e-10,4.363290066146874,-1.9585512689189387e-10,0
0.39445191621780396,-4.96970853358647e-10,4.3834050664518145,-1.9603110541171556e-10,0
0.3939821124076843,-4.961767108291326e-10,4.403520066756755,-1.954847486599584e-10,0
0.3942350149154663,-4.966153044350108e-10,4.423635067061696,-1.9578314195118532e-10,0
0.39582914113998413,-4.986664414730058e-10,4.443750067366636,-1.9738670924359203e-10,0
0.3967795670032501,-4.99749797100435e-10,4.463820067670895,-1.982905081034727e-10,0
0.39694806933403015,-4.99828289868276e-10,4.483935067975835,-1.9840587466174214e-10,0
0.39636868238449097,-4.991925206532244e-10,4.504050068280776,-1.9786428166751135e-10,0
0.3968457877635956,-4.999884950507294e-10,4.524165068585717,-1.9841832819114132e-10,0
0.39836856722831726,-5.020231452768087e-10,4.544280068890657,-1.9999024109937565e-10,0
0.3991779088973999,-5.029026084457655e-10,4.564395069195598,-2.0074761161842856e-10,0
0.39919495582580566,-5.025894145305188e-10,4.584465069499856,-2.0063115913202796e-10,0
0.39862266182899475,-5.017784521221813e-10,4.604580069804797,-2.000202622333767e-10,0
0.3993365466594696,-5.027881999630779e-10,4.624695070109738,-2.0078170347438639e-10,0
0.4008505642414093,-5.047511297817664e-10,4.644810070414678,-2.0232977517450987e-10,0
0.40153074264526367,-5.054088814127056e-10,4.664925070719619,-2.0293720349315567e-10,0
0.40136829018592834,-5.049023421577203e-10,4.685040071024559,-2.0265178978271478e-10,0
0.4009016752243042,-5.043008233229784e-10,4.705110071328818,-2.021750448871779e-10,0
0.4018484354019165,-5.056021157301416e-10,4.7252250716337585,-2.031754191420561e-10,0
0.40322601795196533,-5.073945152922477e-10,4.745340071938699,-2.045946699319606e-10,0
0.40379008650779724,-5.078520937118469e-10,4.76545507224364,-2.0506564085307262e-10,0
0.4035256803035736,-5.072519626558858e-10,4.78557007254858,-2.0468919331603923e-10,0
0.40319719910621643,-5.068042097100545e-10,4.805640072852839,-2.043420378503335e-10,0
0.4043445587158203,-5.083781728920655e-10,4.825755073157779,-2.0555994797879725e-10,0
0.40563979744911194,-5.100041500227803e-10,4.84587007346272,-2.068779801134471e-10,0
0.4060252904891968,-5.101988831412996e-10,4.865985073767661,-2.0715364973470992e-10,0
0.4056256115436554,-5.094190069776516e-10,4.886100074072601,-2.066333962372716e-10,0
0.4053887724876404,-5.092130050954324e-10,4.906215074377542,-2.0642923507037992e-10,0
0.4067063331604004,-5.110651346562634e-10,4.9262850746818,-2.0785342692217513e-10,0
0.40780332684516907,-5.12415998521476e-10,4.946400074986741,-2.0896494892574715e-10,0
0.4080650508403778,-5.124390911603882e-10,4.966515075291682,-2.0910848378696082e-10,0
0.4075396955013275,-5.115913248587844e-10,4.986630075596622,-2.0849377275406974e-10,0
0.4075101912021637,-5.116700951823816e-10,5.006745075901563,-2.0851077832020162e-10,0
0.4089740216732025,-5.135307734605021e-10,5.026860076206503,-2.1002074567509185e-10,0
0.40990403294563293,-5.145908699155655e-10,5.046930076510762,-2.1093287289539186e-10,0
0.41003432869911194,-5.143688253106404e-10,5.0670450768157025,-2.1090887598999923e-10,0
0.4094453454017639,-5.134263014738849e-10,5.087160077120643,-2.1022000934532497e-10,0
0.40964192152023315,-5.138365843926351e-10,5.107275077425584,-2.104890057779925e-10,0
0.4111180007457733,-5.157895777152532e-10,5.127390077730524,-2.1205037999580159e-10,0
0.4119265377521515,-5.167238859016265e-10,5.147505078035465,-2.1285228129329479e-10,0
0.4119533598423004,-5.164216831943236e-10,5.167575078339723,-2.1274164748731765e-10,0
0.41132378578186035,-5.154061066825477e-10,5.187690078644664,-2.1199879101575492e-10,0
0.41178208589553833,-5.161473470849387e-10,5.207805078949605,-2.1254023121208446e-10,0
0.41323137283325195,-5.181395867914773e-10,5.227920079254545,-2.1411153276909607e-10,0
0.41390731930732727,-5.188012797141539e-10,5.248035079559486,-2.147356469396963e-10,0
0.41374537348747253,-5.18317611053476e-10,5.268105079863744,-2.1445151357045493e-10,0
0.4131263494491577,-5.174617401237924e-10,5.288220080168685,-2.137770796769511e-10,0
0.4138287305831909,-5.185194495993528e-10,5.308335080473626,-2.1457824561039502e-10,0
0.41521283984184265,-5.20309240137351e-10,5.328450080778566,-2.1603907719338078e-10,0
0.41572636365890503,-5.207673736684626e-10,5.348565081083507,-2.1649672656738816e-10,0
0.4154757261276245,-5.20132326098377e-10,5.368680081388447,-2.1610235586817357e-10,0
0.4149401783943176,-5.194617513915034e-10,5.388750081692706,-2.155455517914151e-10,0
0.41584208607673645,-5.2081955415062e-10,5.4088650819976465,-2.1657868986754961e-10,0
0.4171096980571747,-5.22441978567656e-10,5.428980082302587,-2.179156159327479e-10,0
0.4174952208995819,-5.226516996970076e-10,5.449095082607528,-2.1820458681854415e-10,0
0.41710013151168823,-5.218602217027524e-10,5.469210082912468,-2.176679671029368e-10,0
0.41669049859046936,-5.213647291668622e-10,5.489325083217409,-2.1724772894402482e-10,0
0.41781100630760193,-5.228832922199445e-10,5.509395083521667,-2.1846639450384687e-10,0
0.41895443201065063,-5.243158129886183e-10,5.529510083826608,-2.196644336248491e-10,0
0.419219970703125,-5.244071288323937e-10,5.549625084131549,-2.19841941185626e-10,0
0.41869616508483887,-5.234946365284543e-10,5.569740084436489,-2.1918519675694542e-10,0
0.41846776008605957,-5.232483335504412e-10,5.58985508474143,-2.189625581096165e-10,0
0.4197461009025574,-5.249836676490816e-10,5.6099700850463705,-2.2035984753322603e-10,0
0.42068415880203247,-5.261406865741947e-10,5.630040085350629,-2.213390521429889e-10,0
0.4207999110221863,-5.26033716585772e-10,5.65015508565557,-2.2135494113396282e-10,0
0.42018601298332214,-5.250784251842333e-10,5.67027008596051,-2.206306099817246e-10,0
0.4201664924621582,-5.251204471257154e-10,5.690385086265451,-2.2063801638897203e-10,0
0.4214988648891449,-5.269310543454253e-10,5.710500086570391,-2.221008412814371e-10,0
0.42232561111450195,-5.278692483123848e-10,5.73057008687465,-2.229327028820807e-10,0
0.42236489057540894,-5.276122316821841e-10,5.7506850871795905,-2.2284488250069298e-10,0
0.4216758906841278,-5.266301283946007e-10,5.770800087484531,-2.2206722845188982e-10,0
0.42190849781036377,-5.270516800770508e-10,5.790915087789472,-2.2236758260973695e-10,0
0.4232887923717499,-5.288926518964843e-10,5.811030088094412,-2.2387433191555511e-10,0
0.42397624254226685,-5.295903715563099e-10,5.831145088399353,-2.2453373581900728e-10,0
0.4238710403442383,-5.291653226713322e-10,5.851215088703611,-2.2429785583479212e-10,0
0.42315545678138733,-5.282326798194958e-10,5.871330089008552,-2.2352454091587508e-10,0
0.42364439368247986,-5.289936266805739e-10,5.891445089313493,-2.2410518423698784e-10,0
0.4249652624130249,-5.30771371298755e-10,5.911560089618433,-2.2555939508529647e-10,0
0.4255504310131073,-5.312535411583497e-10,5.931675089923374,-2.2607517341717524e-10,0
0.4252856373786926,-5.30658073039092e-10,5.9517900902283145,-2.2568125682257905e-10,0
0.42460766434669495,-5.297711158647189e-10,5.971860090532573,-2.249448761456606e-10,0
0.42532509565353394,-5.307843053969918e-10,5.991975090837514,-2.2575588546437012e-10,0
0.4265877604484558,-5.324288787633691e-10,6.012090091142454,-2.27127642989748e-10,0
0.42701005935668945,-5.327167040825032e-10,6.032205091447395,-2.2747539143056964e-10,0
0.4266180396080017,-5.319608087361871e-10,6.052320091752335,-2.269440773713193e-10,0
0.4260098934173584,-5.312156270420587e-10,6.072435092057276,-2.2630311265782264e-10,0
0.4269484877586365,-5.325007101930623e-10,6.0925050923615345,-2.273503729473279e-10,0
0.4281400740146637,-5.339753084143695e-10,6.112620092666475,-2.2861622806653102e-10,0
0.4284087121486664,-5.33998956164794e-10,6.132735092971416,-2.2876980509929154e-10,0
0.4279170632362366,-5.331410313225149e-10,6.152850093276356,-2.28140144414269e-10,0
0.4274798333644867,-5.326356022905543e-10,6.172965093581297,-2.2769097851115915e-10,0
0.42858806252479553,-5.341220798982249e-10,6.193035093885555,-2.2891834737529425e-10,0
0.429617315530777,-5.354157672776694e-10,6.213150094190496,-2.3002388463068354e-10,0
0.4297575354576111,-5.354002241553246e-10,6.233265094495437,-2.3009228081644484e-10,0
0.42915937304496765,-5.344370501703111e-10,6.253380094800377,-2.2935866938309262e-10,0
0.4289248585700989,-5.342725151180616e-10,6.273495095105318,-2.291627629849056e-10,0
0.4301898181438446,-5.360470956006225e-10,6.2936100954102585,-2.3060200257296786e-10,0
0.4310203194618225,-5.370239808399901e-10,6.313680095714517,-2.314682477803122e-10,0
0.4310435950756073,-5.368024358354262e-10,6.333795096019458,-2.3138525178784512e-10,0
0.4303492307662964,-5.357095878011364e-10,6.353910096324398,-2.3054220902434877e-10,0
0.4303147494792938,-5.358275489975028e-10,6.374025096629339,-2.3057449751096447e-10,0
0.43162718415260315,-5.375747624825067e-10,6.394140096934279,-2.320318810018288e-10,0
0.43235066533088684,-5.383860024466003e-10,6.41425509723922,-2.327715463626241e-10,0
0.43224120140075684,-5.380671463939279e-10,6.4343250975434785,-2.3257478979158832e-10,0
0.43145397305488586,-5.369520938991457e-10,6.454440097848419,-2.3167011425292654e-10,0
0.431708425283432,-5.373988476442548e-10,6.47455509815336,-2.3199961026563225e-10,0
0.43301859498023987,-5.391461721515611e-10,6.4946700984583,-2.3346031795404353e-10,0
0.4335707724094391,-5.39710720559583e-10,6.514785098763241,-2.3400279399067335e-10,0
0.43335771560668945,-5.391077029237579e-10,6.534900099068182,-2.336264826050095e-10,0
0.43259069323539734,-5.380793033360476e-10,6.55497009937244,-2.3276809884576047e-10,0
0.43307530879974365,-5.388332557920705e-10,6.575085099677381,-2.333553786437222e-10,0
0.4343295097351074,-5.404895975225088e-10,6.595200099982321,-2.347505819088768e-10,0
0.4347705841064453,-5.409138137402181e-10,6.615315100287262,-2.351734147510796e-10,0
0.434415340423584,-5.401637470647813e-10,6.6354301005922025,-2.346554180656257e-10,0
0.43372830748558044,-5.39267130950094e-10,6.655500100896461,-2.3389541998958916e-10,0
0.4344019293785095,-5.40352818045875e-10,6.675615101201402,-2.347303067042428e-10,0
0.4355737566947937,-5.41892197780669e-10,6.695730101506342,-2.3603402031092414e-10,0
0.4358929395675659,-5.421049165121872e-10,6.715845101811283,-2.3629970561252717e-10,0
0.435415118932724,-5.412190140496875e-10,6.735960102116223,-2.356549413710963e-10,0
0.4348142445087433,-5.405096925592545e-10,6.756075102421164,-2.3502131361980536e-10,0
0.43572425842285156,-5.417493120773997e-10,6.7761451027254225,-2.36053317256015e-10,0
0.43680229783058167,-5.431472493988565e-10,6.796260103030363,-2.3724796659778054e-10,0
0.43696093559265137,-5.43106559725004e-10,6.816375103335304,-2.3731635046394393e-10,0
0.43640413880348206,-5.421331161770127e-10,6.836490103640244,-2.365891356820773e-10,0
0.4359370172023773,-5.416091464205408e-10,6.856605103945185,-2.361074757800962e-10,0
0.4370628595352173,-5.43180722623049e-10,6.876720104250126,-2.3740411987403547e-10,0
0.4379383623600006,-5.442916117814889e-10,6.896790104554384,-2.3836617710987046e-10,0
0.4380243420600891,-5.441256889504587e-10,6.916905104859325,-2.3834029690051735e-10,0
0.4373334050178528,-5.43063594093951e-10,6.937020105164265,-2.374998507463407e-10,0
0.43708163499832153,-5.428472671376028e-10,6.957135105469206,-2.3726857107487404e-10,0
0.43830442428588867,-5.446359474525764e-10,6.9772501057741465,-2.38716345393601e-10,0
0.4390133023262024,-5.455587648306448e-10,6.997320106078405,-2.395075549613054e-10,0
0.43896621465682983,-5.451391560384877e-10,7.0174351063833456,-2.3929767178743386e-10,0
0.438200980424881,-5.439881323177076e-10,7.037550106688286,-2.3837613292111935e-10,0
0.43821287155151367,-5.441178063669838e-10,7.057665106993227,-2.3843942639038647e-10,0
0.43947628140449524,-5.458803409297275e-10,7.077780107298167,-2.399014623236147e-10,0
0.4400939643383026,-5.465810581917196e-10,7.097895107603108,-2.4054702473181837e-10,0
0.4399385154247284,-5.459502294691276e-10,7.1179651079073665,-2.401845334484378e-10,0
0.4391080141067505,-5.447768347544013e-10,7.138080108212307,-2.3921587404036653e-10,0
0.43937239050865173,-5.452494566959842e-10,7.158195108517248,-2.395675572120582e-10,0
0.44066035747528076,-5.468702157784833e-10,7.178310108822188,-2.4098402477753036e-10,0
0.4411512315273285,-5.475171982460836e-10,7.198425109127129,-2.4153788628865223e-10,0
0.440825879573822,-5.468516195428208e-10,7.21854010943207,-2.4106634618133306e-10,0
0.4400245249271393,-5.458654084300463e-10,7.238610109736328,-2.4019416701858996e-10,0
0.4405266046524048,-5.467180597129584e-10,7.258725110041269,-2.4084385054750025e-10,0
0.4417049288749695,-5.482485576635554e-10,7.278840110346209,-2.4216409016858534e-10,0
0.44206133484840393,-5.485502052593461e-10,7.29895511065115,-2.424928359683125e-10,0
0.4416126012802124,-5.477399644959746e-10,7.3190701109560905,-2.4188887054619854e-10,0
0.44092857837677,-5.468137054265299e-10,7.339185111261031,-2.411057897706537e-10,0
0.44165757298469543,-5.479592890544893e-10,7.3592551115652896,-2.4201036969822494e-10,0
0.44276294112205505,-5.494165677966123e-10,7.37937011187023,-2.43261295458813e-10,0
0.44299519062042236,-5.495158217350138e-10,7.399485112175171,-2.4343286619844047e-10,0
0.44244644045829773,-5.486024967638059e-10,7.419600112480111,-2.427272219196807e-10,0
0.44180649518966675,-5.478901776712064e-10,7.439715112785052,-2.420614391457595e-10,0
0.44276487827301025,-5.492242771687472e-10,7.459830113089993,-2.431772202252024e-10,0
0.4437429904937744,-5.50479384298086e-10,7.479900113394251,-2.4427136819360435e-10,0
0.44384127855300903,-5.504163791414385e-10,7.500015113699192,-2.4429750945465383e-10,0
0.4431825578212738,-5.493486776586565e-10,7.520130114004132,-2.434617521004978e-10,0
0.4427410960197449,-5.488712262469164e-10,7.540245114309073,-2.4300784828226114e-10,0
0.44384244084358215,-5.50405221400041e-10,7.560360114614014,-2.4429319691924644e-10,0
0.4446428418159485,-5.513938194923185e-10,7.580430114918272,-2.451733148588146e-10,0
0.44465172290802,-5.511309186800872e-10,7.600545115223213,-2.4506131253898066e-10,0
0.4438815116882324,-5.499542488074383e-10,7.620660115528153,-2.44114523320012e-10,0
0.4436619281768799,-5.498424493488585e-10,7.640775115833094,-2.43944161271613e-10,0
0.44485902786254883,-5.515228274077799e-10,7.6608901161380345,-2.4534990884462927e-10,0
0.4455261826515198,-5.523184687383775e-10,7.681005116442975,-2.460723389849421e-10,0
0.4454028904438019,-5.518802081994068e-10,7.7010751167472336,-2.4580903991074294e-10,0
0.444607675075531,-5.507029832152455e-10,7.721190117052174,-2.4484677302448946e-10,0
0.4446023106575012,-5.509033229600391e-10,7.741305117357115,-2.44932890336929e-10,0
0.4458473026752472,-5.525787050153497e-10,7.761420117662055,-2.4636572514687474e-10,0
0.4464113712310791,-5.531807234504527e-10,7.781535117966996,-2.4694616529411693e-10,0
0.4461527168750763,-5.525897517344447e-10,7.801650118271937,-2.465394190536464e-10,0
0.4453068673610687,-5.513722256544895e-10,7.821720118576195,-2.45529838556101e-10,0
0.4455890357494354,-5.518984158570106e-10,7.841835118881136,-2.459198829533663e-10,0
0.4467903971672058,-5.535398250877677e-10,7.861950119186076,-2.4731627829882935e-10,0
0.44722530245780945,-5.539294578582599e-10,7.882065119491017,-2.477312693309507e-10,0
0.4468578100204468,-5.531978208850319e-10,7.902180119795958,-2.472007667487687e-10,0
0.44605541229248047,-5.521118562334948e-10,7.922250120100216,-2.462724816637982e-10,0
0.44655200839042664,-5.529627311595675e-10,7.942365120405157,-2.469266181643604e-10,0
0.4477054476737976,-5.545191528177895e-10,7.962480120710097,-2.4826124555598344e-10,0
0.4479694664478302,-5.546885173401961e-10,7.982595121015038,-2.4848351915762565e-10,0
0.4474855065345764,-5.537866831772931e-10,8.002710121319978,-2.47811514433694e-10,0
0.44673019647598267,-5.529154356587185e-10,8.02282512162492,-2.4700402120642286e-10,0
0.44750675559043884,-5.540316538876766e-10,8.042895121929178,-2.479329079256791e-10,0
0.44852474331855774,-5.555160220716004e-10,8.063010122234118,-2.4916268120901085e-10,0
0.4486676752567291,-5.555308435489792e-10,8.083125122539059,-2.492487321085302e-10,0
0.4481127858161926,-5.545467418599515e-10,8.103240122844,-2.484994853601559e-10,0
0.44748473167419434,-5.53837309347216e-10,8.12335512314894,-2.478337397643967e-10,0
0.4484208822250366,-5.552046045131931e-10,8.14347012345388,-2.489653385712086e-10,0
0.4493325650691986,-5.563525196095043e-10,8.163540123758139,-2.4998730471885017e-10,0
0.4493792653083801,-5.561698879219534e-10,8.18365512406308,-2.4993121562101155e-10,0
0.448666512966156,-5.55042567462749e-10,8.20377012436802,-2.49029013291294e-10,0
0.44825878739356995,-5.546344494788968e-10,8.223885124672961,-2.4861976577011053e-10,0
0.44936200976371765,-5.562179050677685e-10,8.244000124977902,-2.4994319568781715e-10,0
0.45011767745018005,-5.57121793143267e-10,8.264115125282842,-2.50770367586527e-10,0
0.4500734210014343,-5.567530325656378e-10,8.2841851255871,-2.505797420197396e-10,0
0.44926735758781433,-5.555648163735327e-10,8.304300125892041,-2.4959713702089633e-10,0
0.4491002857685089,-5.554479654001909e-10,8.324415126196982,-2.494518399907626e-10,0
0.45026522874832153,-5.57193069461448e-10,8.344530126501922,-2.508846648780383e-10,0
0.4508814215660095,-5.579048889536864e-10,8.364645126806863,-2.515489494300648e-10,0
0.4507158398628235,-5.573829175986589e-10,8.384760127111804,-2.5122130983067047e-10,0
0.4498264491558075,-5.5617649374895e-10,8.404830127416062,-2.501828972870173e-10,0
0.4498770236968994,-5.564004257330168e-10,8.424945127721003,-2.5031176751245734e-10,0
0.4510611295700073,-5.580353956702311e-10,8.445060128025943,-2.517080759110604e-10,0
0.451579213142395,-5.584930296009816e-10,8.465175128330884,-2.522038428527236e-10,0
0.45125848054885864,-5.578545958506709e-10,8.485290128635825,-2.5173661729077136e-10,0
0.45038145780563354,-5.566969663028942e-10,8.505360128940083,-2.5072599123947115e-10,0
0.4507150948047638,-5.57273005519221e-10,8.525475129245024,-2.5117135551473134e-10,0
0.4518639147281647,-5.588697282732369e-10,8.545590129549964,-2.525330632406105e-10,0
0.45223143696784973,-5.591507812319207e-10,8.565705129854905,-2.528655612782073e-10,0
0.45179954171180725,-5.583706830236679e-10,8.585820130159846,-2.5227161869540194e-10,0
0.4509672224521637,-5.573181915963232e-10,8.605935130464786,-2.513322368862567e-10,0
0.4515478312969208,-5.582712625518127e-10,8.626005130769045,-2.520861778806649e-10,0
0.45261502265930176,-5.597480812191691e-10,8.646120131073985,-2.533503904645149e-10,0
0.45281580090522766,-5.598501107151321e-10,8.666235131378926,-2.5350897627035293e-10,0
0.45227739214897156,-5.588564055969414e-10,8.686350131683866,-2.5275811770913256e-10,0
0.45153820514678955,-5.579776640729506e-10,8.706465131988807,-2.519482329474984e-10,0
0.4522992670536041,-5.591916929503782e-10,8.726580132293748,-2.529219928639201e-10,0
0.4532388150691986,-5.604612884901883e-10,8.746650132598006,-2.540228102874492e-10,0
0.4533269703388214,-5.60370971847135e-10,8.766765132902947,-2.540312749332827e-10,0
0.4526613652706146,-5.592952212474245e-10,8.786880133207887,-2.5317133843918963e-10,0
0.4520873427391052,-5.586663354151256e-10,8.806995133512828,-2.525659790556178e-10,0
0.4530234932899475,-5.600454544563149e-10,8.827110133817769,-2.53713748178956e-10,0
0.45384639501571655,-5.610895081886724e-10,8.847180134122027,-2.5464845057257035e-10,0
0.4538419842720032,-5.608634667808587e-10,8.867295134426968,-2.5454338866949967e-10,0
0.4530602693557739,-5.597177166194456e-10,8.887410134731908,-2.5358585945480476e-10,0
0.45268476009368896,-5.593768226397344e-10,8.907525135036849,-2.532213627586382e-10,0
0.45376917719841003,-5.609296360731264e-10,8.92764013534179,-2.5453257942710615e-10,0
0.4544229209423065,-5.617669662782987e-10,8.94775513564673,-2.552797857050827e-10,0
0.45432916283607483,-5.613228215572974e-10,8.967825135950989,-2.5502532759891035e-10,0
0.4534783363342285,-5.601480945749415e-10,8.98794013625593,-2.540150260286326e-10,0
0.45333540439605713,-5.601202834881747e-10,9.00805513656087,-2.539223552255458e-10,0
0.454484224319458,-5.615979348227995e-10,9.02817013686581,-2.5523740178734957e-10,0
0.45502838492393494,-5.621522691789949e-10,9.048285137170751,-2.5579523912584316e-10,0
0.45479997992515564,-5.615850007245626e-10,9.068400137475692,-2.554088470557996e-10,0
0.4538859724998474,-5.603841835011281e-10,9.08847013777995,-2.5435052010194246e-10,0
0.45398110151290894,-5.60683499628567e-10,9.10858513808489,-2.545397127614895e-10,0
0.4551260769367218,-5.622770582469627e-10,9.128700138389831,-2.5590695167146076e-10,0
0.4555606245994568,-5.626742405340224e-10,9.148815138694772,-2.563322284637042e-10,0
0.4551985263824463,-5.619307241744309e-10,9.168930138999713,-2.5579003757322184e-10,0
0.4542815387248993,-5.607673769780774e-10,9.189045139304653,-2.547462668803267e-10,0
0.45463600754737854,-5.61428348255788e-10,9.209115139608912,-2.552455427749307e-10,0
0.4557296335697174,-5.62986213203942e-10,9.229230139913852,-2.565695006482353e-10,0
0.4560246765613556,-5.632250776876901e-10,9.249345140218793,-2.5684453388377327e-10,0
0.4555571973323822,-5.623485010985974e-10,9.269460140523734,-2.5618190708454306e-10,0
0.45470574498176575,-5.613104980817241e-10,9.289575140828674,-2.5523110819633633e-10,0
0.45527708530426025,-5.622609045019544e-10,9.309690141133615,-2.5598450578218683e-10,0
0.4563005268573761,-5.636534572417418e-10,9.329760141437873,-2.571953695043883e-10,0
0.45648568868637085,-5.636848210421874e-10,9.349875141742814,-2.5731405373549663e-10,0
0.45586758852005005,-5.627318055978492e-10,9.369990142047754,-2.565311912014251e-10,0
0.455175518989563,-5.619119614053147e-10,9.390105142352695,-2.557685686591074e-10,0
0.45596185326576233,-5.631235477920882e-10,9.410220142657636,-2.567628564688716e-10,0
0.4568873643875122,-5.643263634169671e-10,9.430290142961894,-2.5783358483596747e-10,0
0.45694398880004883,-5.642246114767602e-10,9.450405143266835,-2.578190445473486e-10,0
0.45621898770332336,-5.631070609801725e-10,9.470520143571775,-2.5690013332896787e-10,0
0.455665647983551,-5.625119259278222e-10,9.490635143876716,-2.5631736122637635e-10,0
0.4566091001033783,-5.638998712420573e-10,9.510750144181657,-2.574818127562467e-10,0
0.45737510919570923,-5.648992940088249e-10,9.530865144486597,-2.5837087628186533e-10,0
0.4573209881782532,-5.645461875758429e-10,9.550935144790856,-2.5817882037444993e-10,0
0.45650944113731384,-5.633677968575057e-10,9.571050145095796,-2.571827180981797e-10,0
0.4561779797077179,-5.631149435636473e-10,9.591165145400737,-2.568806372980902e-10,0
0.4572429060935974,-5.646178524720824e-10,9.611280145705678,-2.58167507696661e-10,0
0.4578671157360077,-5.653699730601147e-10,9.631395146010618,-2.588643188887791e-10,0
0.4576835632324219,-5.649110623728859e-10,9.651510146315559,-2.5855050793623535e-10,0
0.45679137110710144,-5.636573985334792e-10,9.671580146619817,-2.5747383591076986e-10,0
0.4566945433616638,-5.636390798535729e-10,9.691695146924758,-2.5741089219451583e-10,0
0.45782265067100525,-5.652660561850098e-10,9.711810147229698,-2.5879160417696657e-10,0
0.4582955539226532,-5.658849500100871e-10,9.731925147534639,-2.593425566213658e-10,0
0.4580265283584595,-5.652508461295724e-10,9.75204014783958,-2.588998827044098e-10,0
0.45709359645843506,-5.640078959423533e-10,9.772110148143838,-2.578043975872451e-10,0
0.4572528600692749,-5.644060219189839e-10,9.792225148448779,-2.5807626776277726e-10,0
0.4583806097507477,-5.659387958267814e-10,9.81234014875372,-2.5941537031268396e-10,0
0.4587327539920807,-5.662479374279883e-10,9.83245514905866,-2.5975647577867645e-10,0
0.4583154618740082,-5.654333667948208e-10,9.8525701493636,-2.591468546615438e-10,0
0.45743486285209656,-5.642683542639304e-10,9.872685149668541,-2.5811601724449924e-10,0
0.45783793926239014,-5.649918310979274e-10,9.8927551499728,-2.5867469564995947e-10,0
0.45892590284347534,-5.664197999522003e-10,9.91287015027774,-2.599447180814842e-10,0
0.4591695964336395,-5.665881097627334e-10,9.932985150582681,-2.6016003370385297e-10,0
0.4586588144302368,-5.6572097006935e-10,9.953100150887622,-2.5947290943033154e-10,0
0.457811564207077,-5.647105005834874e-10,9.973215151192562,-2.5853099759628784e-10,0
0.45841699838638306,-5.65714253220051e-10,9.993330151497503,-2.5933302990553e-10,0
0.45938530564308167,-5.66995117523561e-10,10.013400151801761,-2.604692253616961e-10,0
0.45948880910873413,-5.669854585832468e-10,10.033515152106702,-2.6052347314638556e-10,0
0.45882663130760193,-5.659041013572619e-10,10.053630152411642,-2.596518724689082e-10,0
0.45815029740333557,-5.651303869314006e-10,10.073745152716583,-2.589146548442833e-10,0
0.4589806795120239,-5.663751689866103e-10,10.093860153021524,-2.599552599202118e-10,0
0.45984363555908203,-5.675276359973225e-10,10.113975153326464,-2.609739714172601e-10,0
0.45984768867492676,-5.672894931585404e-10,10.134045153630723,-2.6086676223852547e-10,0
0.45910102128982544,-5.661305313431342e-10,10.154160153935663,-2.5991110512298443e-10,0
0.4585917592048645,-5.655607648868965e-10,10.174275154240604,-2.5936150610673065e-10,0
0.4595681428909302,-5.670310332384076e-10,10.194390154545545,-2.605893989069003e-10,0
0.46024563908576965,-5.6791615854479e-10,10.214505154850485,-2.613809353365822e-10,0
0.4601357579231262,-5.675147574102368e-10,10.234575155154744,-2.6113383303351843e-10,0
0.4592527449131012,-5.662639246395429e-10,10.254690155459684,-2.6005826173597555e-10,0
0.4589695930480957,-5.660466539936237e-10,10.274805155764625,-2.5979820242968973e-10,0
0.46006399393081665,-5.675964698248492e-10,10.294920156069566,-2.611306988486524e-10,0
0.46065181493759155,-5.682754267155588e-10,10.315035156374506,-2.6177710670095644e-10,0
0.4603947103023529,-5.677656678138021e-10,10.335150156679447,-2.6139631015275736e-10,0
0.45949167013168335,-5.66481195285462e-10,10.355220156983705,-2.602933905199092e-10,0
0.4594252109527588,-5.665670710364168e-10,10.375335157288646,-2.6029519612979246e-10,0
0.46052268147468567,-5.681076720165379e-10,10.395450157593586,-2.616264684833973e-10,0
0.4609610438346863,-5.68589453298074e-10,10.415565157898527,-2.620975879056738e-10,0
0.4606265127658844,-5.679122172530526e-10,10.435680158203468,-2.6159542419041496e-10,0
0.45967161655426025,-5.666661584413646e-10,10.455795158508408,-2.6048034909733463e-10,0
0.45991262793540955,-5.671872416179724e-10,10.475865158812667,-2.608565748239578e-10,0
0.4609890580177307,-5.686734971810381e-10,10.495980159117607,-2.621522597851354e-10,0
0.461309015750885,-5.68979530157776e-10,10.516095159422548,-2.6247538703948465e-10,0
0.4608541429042816,-5.681142778435344e-10,10.536210159727489,-2.6181781858726696e-10,0
0.45996206998825073,-5.669944513897462e-10,10.55632516003243,-2.607959415330803e-10,0
0.4604073464870453,-5.677812664472981e-10,10.57644016033737,-2.6141066627005455e-10,0
0.4614230990409851,-5.691658255813081e-10,10.596510160641628,-2.62626259107948e-10,0
0.46162208914756775,-5.692436522153344e-10,10.616625160946569,-2.627754439696341e-10,0
0.4610219895839691,-5.682919690386257e-10,10.63674016125151,-2.619950942307786e-10,0
0.46022647619247437,-5.672767811049084e-10,10.65685516155645,-2.6107579399372163e-10,0
0.4609081745147705,-5.683045700699552e-10,10.67697016186139,-2.619362219593445e-10,0
0.4618256092071533,-5.695761085000584e-10,10.69704016216565,-2.630448332978791e-10,0
0.46187305450439453,-5.694665294875279e-10,10.71715516247059,-2.6302124541242135e-10,0
0.4611963629722595,-5.683300496883703e-10,10.73727016277553,-2.621117518841199e-10,0
0.46051961183547974,-5.676013548061576e-10,10.757385163080471,-2.613915555926241e-10,0
0.46135613322257996,-5.688605697606874e-10,10.777500163385412,-2.6244731280758445e-10,0
0.46217504143714905,-5.699382077395398e-10,10.797615163690352,-2.634112147786363e-10,0
0.46212899684906006,-5.696391691678571e-10,10.81768516399461,-2.632467778134738e-10,0
0.46135154366493225,-5.684932524729902e-10,10.837800164299551,-2.622752395915121e-10,0
0.46087291836738586,-5.680310111166875e-10,10.857915164604492,-2.617901098165248e-10,0
0.46190640330314636,-5.695057758714483e-10,10.878030164909433,-2.630583645931485e-10,0
0.462550550699234,-5.70339830918698e-10,10.898145165214373,-2.6381100287715177e-10,0
0.46239039301872253,-5.698894134376076e-10,10.918260165519314,-2.635113898566246e-10,0
0.4615018367767334,-5.685957815693143e-10,10.938330165823572,-2.6240799757774086e-10,0
0.4612530469894409,-5.68448788040854e-10,10.958445166128513,-2.6219873554129876e-10,0
0.4623405933380127,-5.700357963434044e-10,10.978560166433454,-2.6355068830531616e-10,0
0.4628632366657257,-5.706081718237499e-10,10.998675166738394,-2.6411354527825343e-10,0
0.4625670611858368,-5.699730687425131e-10,11.018790167043335,-2.636507673632972e-10,0
0.4616316556930542,-5.686511816982431e-10,11.038905167348275,-2.625073865191718e-10,0
0.4616573750972748,-5.691143667441168e-10,11.058975167652534,-2.627358446812367e-10,0
0.4627264738082886,-5.707989636505317e-10,11.079090167957474,-2.6412379170343603e-10,0
0.4631127119064331,-5.712642026090009e-10,11.099205168262415,-2.6455971408532047e-10,0
0.4627295434474945,-5.706256023252365e-10,11.119320168567356,-2.6404532444340825e-10,0
0.46178609132766724,-5.694624216623367e-10,11.139435168872296,-2.629698258574384e-10,0
0.4620606601238251,-5.699640204248624e-10,11.159505169176555,-2.6335795152434123e-10,0
0.46310198307037354,-5.714225204123125e-10,11.179620169481495,-2.646269023740129e-10,0
0.46336987614631653,-5.716604412064896e-10,11.199735169786436,-2.6489022783959976e-10,0
0.4628533124923706,-5.708203354437558e-10,11.219850170091377,-2.642060830981485e-10,0
0.46196162700653076,-5.696920712949805e-10,11.239965170396317,-2.631758761481497e-10,0
0.4625011384487152,-5.705173555803356e-10,11.260080170701258,-2.6386492646065566e-10,0
0.4634570777416229,-5.718330253756676e-10,11.280150171005516,-2.650200628967582e-10,0
0.4635997712612152,-5.718818196775999e-10,11.300265171310457,-2.6512428079098283e-10,0
0.46294835209846497,-5.708220007782927e-10,11.320380171615398,-2.642611046018593e-10,0
0.46218883991241455,-5.698803651199569e-10,11.340495171920338,-2.633923448436561e-10,0
0.46288934350013733,-5.709839268064343e-10,11.360610172225279,-2.6430237502856083e-10,0
0.4637894630432129,-5.721551565862626e-10,11.38072517253022,-2.653595328505481e-10,0
0.4637838900089264,-5.720154350186135e-10,11.400795172834478,-2.6529154359808083e-10,0
0.46305373311042786,-5.708884476263165e-10,11.420910173139418,-2.6435202686298284e-10,0
0.4624222218990326,-5.701762950671707e-10,11.441025173444359,-2.636621892391195e-10,0
0.4633345901966095,-5.715127815442145e-10,11.4611401737493,-2.64801640428913e-10,0
0.4640818238258362,-5.724791751759994e-10,11.48125517405424,-2.656771797179882e-10,0
0.46397608518600464,-5.721756402010669e-10,11.501370174359181,-2.6547581357928697e-10,0
0.4631202518939972,-5.709959172151002e-10,11.52144017466344,-2.644397730111012e-10,0
0.46268430352211,-5.706327077525941e-10,11.54155517496838,-2.6402279695344474e-10,0
0.46369558572769165,-5.722209928116229e-10,11.56167017527332,-2.653363484274667e-10,0
0.4642983675003052,-5.730258489933249e-10,11.581785175578261,-2.6605496622307713e-10,0
0.4640883505344391,-5.725211971174815e-10,11.601900175883202,-2.6570041801625445e-10,0
0.46319282054901123,-5.712217920894602e-10,11.622015176188143,-2.6458583303697795e-10,0
0.46302923560142517,-5.711585648882078e-10,11.642085176492401,-2.6446311370739387e-10,0
0.4641086757183075,-5.726293883512312e-10,11.662200176797342,-2.6576226710507434e-10,0
0.4645892083644867,-5.731233820860382e-10,11.682315177102282,-2.662669383785297e-10,0
0.4642876088619232,-5.725219742735987e-10,11.702430177407223,-2.658148584563967e-10,0
0.46329396963119507,-5.712217920894602e-10,11.722545177712163,-2.646436115969712e-10,0
0.46336835622787476,-5.715182771481864e-10,11.742615178016422,-2.648234846363421e-10,0
0.46441522240638733,-5.730605989739956e-10,11.762730178321362,-2.661380655248457e-10,0
0.4647570550441742,-5.734119290501383e-10,11.782845178626303,-2.664972394725412e-10,0
0.4643159806728363,-5.726188967436485e-10,11.802960178931244,-2.6587610459332475e-10,0
0.46335911750793457,-5.713439721333202e-10,11.823075179236184,-2.647374387211732e-10,0
0.46367794275283813,-5.719638096479684e-10,11.843190179541125,-2.652070025866459e-10,0
0.46469488739967346,-5.733384322859081e-10,11.863260179845383,-2.6642743823300536e-10,0
0.4649263918399811,-5.734914765298527e-10,11.883375180150324,-2.666313229340076e-10,0
0.46438533067703247,-5.725361851283139e-10,11.903490180455265,-2.6587740565537875e-10,0
0.46351853013038635,-5.715241058190657e-10,11.923605180760205,-2.649120134633367e-10,0
0.46407532691955566,-5.724110629934387e-10,11.943720181065146,-2.6564185119105043e-10,0
0.4650057256221771,-5.736800479105852e-10,11.963835181370087,-2.6676450695362703e-10,0
0.46512502431869507,-5.736368047237761e-10,11.983905181674345,-2.668128327472449e-10,0
0.46447232365608215,-5.727069374295013e-10,12.004020181979286,-2.660065220018389e-10,0
0.4637584388256073,-5.719508755497316e-10,12.024135182284226,-2.652470451298827e-10,0
0.46449723839759827,-5.730922403301975e-10,12.044250182589167,-2.661997629804694e-10,0
0.4653632640838623,-5.742040731782083e-10,12.064365182894107,-2.6721348174445995e-10,0
0.46536508202552795,-5.739492769940568e-10,12.084435183198366,-2.6709595236683173e-10,0
0.4645673632621765,-5.728252872039263e-10,12.104550183503306,-2.6611593328622704e-10,0
0.4639756977558136,-5.721784157586285e-10,12.124665183808247,-2.6547687969242566e-10,0
0.464889258146286,-5.735104058324225e-10,12.144780184113188,-2.6661882710661033e-10,0
0.46557822823524475,-5.744115183503595e-10,12.164895184418128,-2.6743349699147717e-10,0
0.4654291570186615,-5.741053743513191e-10,12.185010184723069,-2.6720538042421756e-10,0
0.46456125378608704,-5.728389984582805e-10,12.205080185027327,-2.6611880334134515e-10,0
0.46415120363235474,-5.724802853990241e-10,12.225195185332268,-2.65717413523751e-10,0
0.4651685953140259,-5.739310138253018e-10,12.245310185637209,-2.669746835082704e-10,0
0.4657265543937683,-5.745678377522268e-10,12.26542518594215,-2.675914993418223e-10,0
0.46547019481658936,-5.7406573938934e-10,12.28554018624709,-2.672104915510855e-10,0
0.46452751755714417,-5.726763507851729e-10,12.30565518655203,-2.6602392359392064e-10,0
0.46441030502319336,-5.727028851154614e-10,12.325725186856289,-2.659691215641343e-10,0
0.4654651880264282,-5.742074038472822e-10,12.34584018716123,-2.672735571979424e-10,0
0.46587637066841125,-5.746505493675613e-10,12.36595518746617,-2.6771611234196816e-10,0
0.4655364751815796,-5.739293484907648e-10,12.38607018777111,-2.671850458996511e-10,0
0.46454283595085144,-5.726396024030578e-10,12.406185188076051,-2.6601562487808446e-10,0
0.46468690037727356,-5.73060932040903e-10,12.426300188380992,-2.6629390823739864e-10,0
0.4657403230667114,-5.744928976980646e-10,12.44637018868525,-2.675645077734278e-10,0
0.46603307127952576,-5.747036180281384e-10,12.466485188990191,-2.6783089218510877e-10,0
0.4655824601650238,-5.738605146632381e-10,12.486600189295132,-2.671793902084771e-10,0
0.4646807909011841,-5.726620844193064e-10,12.506715189600072,-2.6610507030708396e-10,0
0.46508580446243286,-5.733717944877981e-10,12.526830189905013,-2.666670822954263e-10,0
0.4660291075706482,-5.747549658430273e-10,12.546900190209271,-2.678525438036244e-10,0
0.46620553731918335,-5.748349019008003e-10,12.567015190514212,-2.6799121431048267e-10,0
0.4656165540218353,-5.73874170406441e-10,12.587130190819153,-2.6720531366678655e-10,0
0.4647708237171173,-5.728981178343417e-10,12.607245191124093,-2.6626633013185315e-10,0
0.46535712480545044,-5.738579056391302e-10,12.627360191429034,-2.670488650151031e-10,0
0.4662396311759949,-5.750186438113758e-10,12.647475191733974,-2.680964804099366e-10,0
0.4662710726261139,-5.748732601063011e-10,12.667545192038233,-2.68046771613836e-10,0
0.4655885696411133,-5.738202135674442e-10,12.687660192343174,-2.671641324660245e-10,0
0.4648512899875641,-5.730534380354868e-10,12.707775192648114,-2.6638462990260466e-10,0
0.46567097306251526,-5.742218367466023e-10,12.727890192953055,-2.673984414715351e-10,0
0.4664638042449951,-5.752827658689341e-10,12.748005193257995,-2.6834858748380584e-10,0
0.46640250086784363,-5.750476761434697e-10,12.768120193562936,-2.682036742715561e-10,0
0.46565160155296326,-5.738475805650012e-10,12.788190193867194,-2.672130449373859e-10,0
0.46510154008865356,-5.733252761430663e-10,12.808305194172135,-2.666544689058927e-10,0
0.46603307127952576,-5.747766151920075e-10,12.828420194477076,-2.678649112775814e-10,0
0.46666577458381653,-5.756369825249408e-10,12.848535194782016,-2.6863007832909235e-10,0
0.46648067235946655,-5.751901177575292e-10,12.868650195086957,-2.6831507286605294e-10,0
0.46558934450149536,-5.739260178216909e-10,12.888765195391898,-2.6721383842995463e-10,0
0.46531206369400024,-5.737514907622199e-10,12.908835195696156,-2.6697349021407765e-10,0
0.4663572609424591,-5.75171354988413e-10,12.928950196001097,-2.682353376849591e-10,0
0.46686193346977234,-5.758195031901892e-10,12.949065196306037,-2.6882820658897545e-10,0
0.4666048288345337,-5.75230418853323e-10,12.969180196610978,-2.684052911294719e-10,0
0.46564069390296936,-5.739838049301227e-10,12.989295196915918,-2.6727021721672893e-10,0
0.4655832052230835,-5.740925512753847e-10,13.009365197220177,-2.6728785011749103e-10,0
0.4666351079940796,-5.754260956614132e-10,13.029480197525118,-2.6851401829157513e-10,0
0.4670083224773407,-5.758339360895093e-10,13.049595197830058,-2.6891924051868594e-10,0
0.46661707758903503,-5.750516174352072e-10,13.069710198134999,-2.6832890519046415e-10,0
0.46562764048576355,-5.737175734488176e-10,13.08982519843994,-2.6713876003019067e-10,0
0.46581581234931946,-5.742724629165252e-10,13.10994019874488,-2.6750519382330563e-10,0
0.46684640645980835,-5.757564425223904e-10,13.130010199049138,-2.6878982618766117e-10,0
0.4671083390712738,-5.760020793665888e-10,13.150125199354079,-2.690553745945273e-10,0
0.4666067361831665,-5.750419029837417e-10,13.17024019965902,-2.683184255198008e-10,0
0.46569204330444336,-5.738687858247715e-10,13.19035519996396,-2.6724612745937783e-10,0
0.46612849831581116,-5.74628622462825e-10,13.210470200268901,-2.678507768778798e-10,0
0.4670891761779785,-5.759923094039721e-10,13.230585200573842,-2.690397732843526e-10,0
0.4672047197818756,-5.760280030742138e-10,13.2506552008781,-2.691230017628014e-10,0
0.46662014722824097,-5.749584142122899e-10,13.27077020118304,-2.6828717988985466e-10,0
0.46581771969795227,-5.739664854509385e-10,13.290885201487981,-2.673637594358041e-10,0
0.46642929315567017,-5.750054321573828e-10,13.311000201792922,-2.681993772818387e-10,0
0.46734553575515747,-5.761607857479589e-10,13.331115202097862,-2.6926617109649236e-10,0
0.46733710169792175,-5.760020793665888e-10,13.351230202402803,-2.691871423431579e-10,0
0.4666278660297394,-5.748697073926223e-10,13.371300202707062,-2.6825022480576005e-10,0
0.4659518301486969,-5.740882769167399e-10,13.391415203012002,-2.6749748329626687e-10,0
0.46678146719932556,-5.753597043245406e-10,13.411530203316943,-2.685672469519792e-10,0
0.4675164520740509,-5.763134969249961e-10,13.431645203621883,-2.6943604136476363e-10,0
0.46745362877845764,-5.759517862635732e-10,13.451760203926824,-2.6923075249034194e-10,0
0.4666205644607544,-5.747230469310693e-10,13.471830204231082,-2.681775925675802e-10,0
0.46616798639297485,-5.742700759370223e-10,13.491945204536023,-2.6770632494530244e-10,0
0.4671570062637329,-5.757007648377055e-10,13.512060204840964,-2.689426458053238e-10,0
0.467777818441391,-5.764662081020333e-10,13.532175205145904,-2.6965810523115005e-10,0
0.4675421416759491,-5.759837051755312e-10,13.552290205450845,-2.692966550882163e-10,0
0.4666232168674469,-5.747018971824502e-10,13.572405205755786,-2.6816924800309965e-10,0
0.46642008423805237,-5.745978137738916e-10,13.592475206060044,-2.6800396070341926e-10,0
0.46747660636901855,-5.760441013080708e-10,13.612590206364985,-2.6928714159838807e-10,0
0.4679260849952698,-5.766602195755866e-10,13.632705206669925,-2.6983435891851684e-10,0
0.4676184058189392,-5.760194543569241e-10,13.652820206974866,-2.693572989670801e-10,0
0.4666653573513031,-5.746983444687714e-10,13.672935207279806,-2.681918082907215e-10,0
0.4667121171951294,-5.749555831435771e-10,13.693050207584747,-2.683387375020991e-10,0
0.4677635133266449,-5.764153043763542e-10,13.713120207889006,-2.6962604791033085e-10,0
0.46810927987098694,-5.767815669521781e-10,13.733235208193946,-2.699968039488435e-10,0
0.46769121289253235,-5.759953070061385e-10,13.753350208498887,-2.6938794375410747e-10,0
0.46671366691589355,-5.747394782318338e-10,13.773465208803827,-2.6823876940690653e-10,0
0.4669688642024994,-5.752641696332716e-10,13.793580209108768,-2.686304559100428e-10,0
0.4679816663265228,-5.766958022235258e-10,13.813695209413709,-2.6988306248807645e-10,0
0.46821439266204834,-5.768789890225889e-10,13.833765209717967,-2.7010304548470793e-10,0
0.467644065618515,-5.759632215607269e-10,13.853880210022908,-2.6934578257739586e-10,0
0.46678492426872253,-5.748228004698319e-10,13.873995210327848,-2.683186173852455e-10,0
0.4672788679599762,-5.756703447268308e-10,13.894110210632789,-2.6899858700208273e-10,0
0.4682219326496124,-5.769744126915555e-10,13.91422521093773,-2.7015207459981517e-10,0
0.4683196246623993,-5.769333344396443e-10,13.934295211241988,-2.701892026400007e-10,0
0.46765977144241333,-5.758765686536549e-10,13.954410211546929,-2.693143044756095e-10,0
0.4668450653553009,-5.749286047240787e-10,13.97452521185187,-2.684025820470445e-10,0
0.4675111174583435,-5.759934196269967e-10,13.99464021215681,-2.692833272584698e-10,0
0.46832960844039917,-5.771305100488178e-10,14.01475521246175,-2.702873057901707e-10,0
0.46831774711608887,-5.769605349037477e-10,14.034870212766691,-2.7020085788101666e-10,0
0.46760261058807373,-5.758153398538468e-10,14.05494021307095,-2.6925275613231766e-10,0
0.46704548597335815,-5.751330522940634e-10,14.07505521337589,-2.6861329590802166e-10,0
0.46792837977409363,-5.76493741633044e-10,14.09517021368083,-2.6975778247225523e-10,0
0.4686204493045807,-5.774070666042519e-10,14.115285213985771,-2.7058475898372447e-10,0
0.4685215950012207,-5.770326438891971e-10,14.135400214290712,-2.70352254682738e-10,0
0.4676271975040436,-5.75780090272815e-10,14.155515214595653,-2.692504299929017e-10,0
0.4672435224056244,-5.754144383196547e-10,14.175585214899911,-2.6885866900352934e-10,0
0.4682196378707886,-5.768361344138384e-10,14.195700215204852,-2.7008600596603294e-10,0
0.46875956654548645,-5.77513425970011e-10,14.215815215509792,-2.7071494323190123e-10,0
0.4685231149196625,-5.769760780260924e-10,14.235930215814733,-2.7032662931091504e-10,0
0.46757394075393677,-5.756791709998765e-10,14.256045216119674,-2.691725785943717e-10,0
0.46741798520088196,-5.756793930444815e-10,14.276160216424614,-2.6908290201851814e-10,0
0.4684494435787201,-5.771598754478191e-10,14.296230216728873,-2.7037022250949425e-10,0
0.4688641428947449,-5.776524258926941e-10,14.316345217033813,-2.7084050955724813e-10,0
0.46852657198905945,-5.76972136734355e-10,14.336460217338754,-2.703267773573502e-10,0
0.4675394296646118,-5.756369825249408e-10,14.356575217643694,-2.6913298650356893e-10,0
0.4676038324832916,-5.759255294890409e-10,14.376690217948635,-2.693049848140445e-10,0
0.46864837408065796,-5.773845845880032e-10,14.396760218252894,-2.7059034678640384e-10,0
0.468951553106308,-5.777135991813509e-10,14.416875218557834,-2.709196895867296e-10,0
0.46850088238716125,-5.768980848586125e-10,14.436990218862775,-2.702772618037234e-10,0
0.4675566852092743,-5.756659038347323e-10,14.457105219167715,-2.691564417849683e-10,0
0.467869371175766,-5.762602062198141e-10,14.477220219472656,-2.6961450031768166e-10,0
0.4688810110092163,-5.776194522688627e-10,14.497335219777597,-2.708347927584141e-10,0
0.4690605103969574,-5.776986111705185e-10,14.517405220081855,-2.709756054112568e-10,0
0.46847254037857056,-5.767331612283044e-10,14.537520220386796,-2.701836491611875e-10,0
0.46757200360298157,-5.756703447268308e-10,14.557635220691736,-2.6916733649874335e-10,0
0.4681153893470764,-5.765763422260761e-10,14.577750220996677,-2.699042589294728e-10,0
0.4690243601799011,-5.778443834536517e-10,14.597865221301618,-2.7102309223289845e-10,0
0.46909716725349426,-5.777346379076675e-10,14.617980221606558,-2.7101368206671007e-10,0
0.4683910608291626,-5.766649935345924e-10,14.638050221910817,-2.7010472806470994e-10,0
0.46765515208244324,-5.758116206067143e-10,14.658165222215757,-2.692812710056711e-10,0
0.4684012830257416,-5.769151267820405e-10,14.678280222520698,-2.7022778558166613e-10,0
0.46917036175727844,-5.779610678935398e-10,14.698395222825638,-2.7116220330523506e-10,0
0.4690990746021271,-5.776938927226638e-10,14.718510223130579,-2.7099567047950206e-10,0
0.4682997167110443,-5.764453359091704e-10,14.73862522343552,-2.6994918750566726e-10,0
0.4677197337150574,-5.758395427157836e-10,14.758695223739778,-2.6933151758162673e-10,0
0.4686211943626404,-5.772190503350316e-10,14.778810224044719,-2.7049708077687156e-10,0
0.4692807197570801,-5.780725342852122e-10,14.79892522434966,-2.7127829496116374e-10,0
0.46913355588912964,-5.776145117764031e-10,14.8190402246546,-2.7097834984282754e-10,0
0.4682391583919525,-5.763204358189e-10,14.83915522495954,-2.6985579583192503e-10,0
0.4679144620895386,-5.760736887516771e-10,14.859225225263799,-2.6955321019617725e-10,0
0.46889060735702515,-5.775329658952444e-10,14.87934022556874,-2.7079978314732523e-10,0
0.4694117605686188,-5.781271017468725e-10,14.89945522587368,-2.7137966066343244e-10,0
0.4691396951675415,-5.775552813780394e-10,14.919570226178621,-2.7095410864809704e-10,0
0.46817630529403687,-5.762322285995936e-10,14.939685226483562,-2.6977827577710655e-10,0
0.46807247400283813,-5.762922361540745e-10,14.959800226788502,-2.697465327252655e-10,0
0.4691234827041626,-5.77767389486894e-10,14.97987022709276,-2.710442499489841e-10,0
0.46951332688331604,-5.782019307787323e-10,14.999985227397701,-2.714735121302794e-10,0
0.46911823749542236,-5.775128708584987e-10,15.020100227702642,-2.7092182010806037e-10,0
0.46813493967056274,-5.762375021589605e-10,15.040215228007582,-2.6975690830910075e-10,0
0.46827441453933716,-5.766540023266487e-10,15.060330228312523,-2.7003231533127696e-10,0
0.46930253505706787,-5.780843026492732e-10,15.080445228617464,-2.712964287100012e-10,0
0.46954360604286194,-5.783401535452981e-10,15.100515228921722,-2.7155592121504174e-10,0
0.46907567977905273,-5.77433489912238e-10,15.120630229226663,-2.708600068077738e-10,0
0.4681456685066223,-5.76235448246365e-10,15.140745229531603,-2.697621291365077e-10,0
0.46853306889533997,-5.769413835565729e-10,15.160860229836544,-2.703161170104845e-10,0
0.46950563788414,-5.782636591789014e-10,15.180975230141485,-2.7149804816800706e-10,0
0.469632089138031,-5.783148959714879e-10,15.201090230446425,-2.7159523277473293e-10,0
0.4690167009830475,-5.772905486978175e-10,15.221160230750684,-2.707589086589437e-10,0
0.46817976236343384,-5.763061694530336e-10,15.241275231055624,-2.698148854631021e-10,0
0.468742698431015,-5.772310407436976e-10,15.261390231360565,-2.7057283565634397e-10,0
0.46962711215019226,-5.783638568068739e-10,15.281505231665506,-2.716153478442595e-10,0
0.4696374833583832,-5.782225809269903e-10,15.301620231970446,-2.715549977275408e-10,0
0.46891912817955017,-5.771277344912562e-10,15.321690232274705,-2.7062623410587877e-10,0
0.46820583939552307,-5.763344801401615e-10,15.341805232579645,-2.6984316904660675e-10,0
0.4689791202545166,-5.775337430513616e-10,15.361920232884586,-2.708512667335256e-10,0
0.46974092721939087,-5.785199541641362e-10,15.382035233189526,-2.717544996839808e-10,0
0.46966466307640076,-5.78205705537016e-10,15.402150233494467,-2.715627878798952e-10,0
0.46882086992263794,-5.769903999031101e-10,15.422265233799408,-2.705051412195868e-10,0
0.46833881735801697,-5.764976274136302e-10,15.442335234103666,-2.6999621703260227e-10,0
0.4692607820034027,-5.778524325705803e-10,15.462450234408607,-2.7116348439063904e-10,0
0.4698731005191803,-5.786323087342282e-10,15.482565234713547,-2.718837569655234e-10,0
0.4696412980556488,-5.781874978794121e-10,15.502680235018488,-2.715407270236348e-10,0
0.46872276067733765,-5.768785449333791e-10,15.522795235323429,-2.70396104156699e-10,0
0.46845224499702454,-5.766575550403275e-10,15.54291023562837,-2.7013652625313664e-10,0
0.4694764316082001,-5.78125047834277e-10,15.562980235932628,-2.7141608448055633e-10,0
0.46992602944374084,-5.78716741195251e-10,15.583095236237568,-2.7195406036250525e-10,0
0.4696294069290161,-5.780884104744644e-10,15.603210236542509,-2.714873173636603e-10,0
0.46864840388298035,-5.767425426128625e-10,15.62332523684745,-2.702894720469298e-10,0
0.46863770484924316,-5.769432709357147e-10,15.64344023715239,-2.703773703195284e-10,0
0.469651997089386,-5.784229206717839e-10,15.66355523745733,-2.716574798557788e-10,0
0.4699872136116028,-5.78716019550285e-10,15.68362523776159,-2.7198912950083627e-10,0
0.46960946917533875,-5.779505762859571e-10,15.70374023806653,-2.7141106333922945e-10,0
0.4686196744441986,-5.76675207586419e-10,15.72385523837147,-2.702413480391883e-10,0
0.4688400328159332,-5.77131287204935e-10,15.743970238676411,-2.705822516322635e-10,0
0.4698604941368103,-5.785795731405585e-10,15.764085238981352,-2.718516841332876e-10,0
0.4700494408607483,-5.787175183513682e-10,15.78415523928561,-2.7202584591738046e-10,0
0.46953898668289185,-5.777996969769106e-10,15.80427023959055,-2.7129948422422056e-10,0
0.468612402677536,-5.766701560716569e-10,15.824385239895491,-2.7023478738916884e-10,0
0.4690588414669037,-5.774415945403177e-10,15.844500240200432,-2.70854085349883e-10,0
0.47000569105148315,-5.787370027654504e-10,15.864615240505373,-2.720096849218396e-10,0
0.47009727358818054,-5.787291201819755e-10,15.884730240810313,-2.7205898154363317e-10,0
0.4694698750972748,-5.776941147672687e-10,15.904800241114572,-2.7120998390422037e-10,0
0.4686626195907593,-5.76712899658105e-10,15.924915241419512,-2.702837783055502e-10,0
0.4693101942539215,-5.777147649155268e-10,15.945030241724453,-2.7112742854586446e-10,0
0.47012490034103394,-5.78807723972119e-10,15.965145242029394,-2.721119235490131e-10,0
0.47012102603912354,-5.786293111320617e-10,15.985260242334334,-2.720258054457161e-10,0
0.46935656666755676,-5.774241085276799e-10,16.005375242639275,-2.710177970896265e-10,0
0.46870407462120056,-5.766830901698938e-10,16.025445242943533,-2.7029371412777445e-10,0
0.46951979398727417,-5.779721146126349e-10,16.045560243248474,-2.7136934818331354e-10,0
0.4702375531196594,-5.789446699822065e-10,16.065675243553414,-2.7224152500410153e-10,0
0.4700896441936493,-5.786113255190628e-10,16.085790243858355,-2.71999192139672e-10,0
0.46924275159835815,-5.773121425356464e-10,16.105905244163296,-2.708995382945703e-10,0
0.46879786252975464,-5.769196231852902e-10,16.126020244468236,-2.7045868620073553e-10,0
0.46980518102645874,-5.783296064265642e-10,16.146090244772495,-2.717022454401926e-10,0
0.4703613221645355,-5.790176671460756e-10,16.166205245077435,-2.7234751547545307e-10,0
0.47011685371398926,-5.785317780393484e-10,16.186320245382376,-2.7197753926541846e-10,0
0.46915194392204285,-5.77195624629212e-10,16.206435245687317,-2.707924493180926e-10,0
0.4689461886882782,-5.770723343623274e-10,16.226550245992257,-2.7061587179666116e-10,0
0.46994921565055847,-5.785357193310858e-10,16.246620246296516,-2.718824075254754e-10,0
0.47038280963897705,-5.790822266149576e-10,16.266735246601456,-2.7239032476713855e-10,0
0.4700520932674408,-5.783901135814062e-10,16.286850246906397,-2.7187348361413284e-10,0
0.46906498074531555,-5.77039360738496e-10,16.306965247211338,-2.7066895663409184e-10,0
0.46913471817970276,-5.773364564198857e-10,16.327080247516278,-2.7084857577741134e-10,0
0.4701474905014038,-5.788788337568462e-10,16.34719524782122,-2.721584309951606e-10,0
0.47042083740234375,-5.791667145871315e-10,16.367265248125477,-2.7245209087164263e-10,0
0.4699723720550537,-5.783398204783907e-10,16.387380248430418,-2.718037372841232e-10,0
0.46901094913482666,-5.769412725342704e-10,16.40749524873536,-2.7059177382635287e-10,0
0.46929335594177246,-5.775355749193523e-10,16.4276102490403,-2.710336081296638e-10,0
0.47024214267730713,-5.788617918334182e-10,16.44772524934524,-2.722052093057719e-10,0
0.4704333543777466,-5.789330681515992e-10,16.46784024965018,-2.7234942521075737e-10,0
0.469865083694458,-5.77959180514398e-10,16.48791024995444,-2.7156283872437797e-10,0
0.4689672291278839,-5.768834299146874e-10,16.50802525025938,-2.705394236568808e-10,0
0.4694749712944031,-5.77765224551996e-10,16.52814025056432,-2.7124631221145266e-10,0
0.47036439180374146,-5.789870805017472e-10,16.54825525086926,-2.723349059824282e-10,0
0.4704134464263916,-5.789292933933154e-10,16.5683702511742,-2.7233612414234514e-10,0
0.4697248339653015,-5.778212908147395e-10,16.588485251479142,-2.7141700988956973e-10,0
0.46898213028907776,-5.769107969122445e-10,16.6085552517834,-2.705608545226739e-10,0
0.4696945548057556,-5.779772216385481e-10,16.62867025208834,-2.714727538053854e-10,0
0.47048547863960266,-5.790675161598813e-10,16.64878525239328,-2.724428575051276e-10,0
0.47042569518089294,-5.788342027912563e-10,16.668900252698222,-2.722984822425547e-10,0
0.4696294069290161,-5.775929734497254e-10,16.689015253003163,-2.712546455675615e-10,0
0.46902361512184143,-5.7694982125156e-10,16.70908525330742,-2.706030909073069e-10,0
0.46989765763282776,-5.78239789383872e-10,16.729200253612362,-2.717135225815811e-10,0
0.47052112221717834,-5.790555812623666e-10,16.749315253917302,-2.724578819216892e-10,0
0.47036054730415344,-5.786058299150909e-10,16.769430254222243,-2.721533548322361e-10,0
0.46946847438812256,-5.773381772655739e-10,16.789545254527184,-2.7104207328688844e-10,0
0.4690929353237152,-5.769967281743504e-10,16.809660254832124,-2.7066508889148586e-10,0
0.4700762927532196,-5.784264178743115e-10,16.829730255136383,-2.71904546144881e-10,0
0.47056248784065247,-5.790508628145119e-10,16.849845255441323,-2.724796145922731e-10,0
0.4703007638454437,-5.785231182997563e-10,16.869960255746264,-2.720798644386234e-10,0
0.4693676829338074,-5.771355615635798e-10,16.890075256051205,-2.708887812697992e-10,0
0.46924889087677,-5.771284561362222e-10,16.910190256356145,-2.708168879353449e-10,0
0.47025859355926514,-5.785426582249897e-10,16.930305256661086,-2.720646567709223e-10,0
0.4706631600856781,-5.789856372118152e-10,16.950375256965344,-2.725072096543329e-10,0
0.4703042209148407,-5.782719303404349e-10,16.970490257270285,-2.7196372967567926e-10,0
0.46934276819229126,-5.769374977759867e-10,16.990605257575226,-2.7078144228011547e-10,0
0.46942365169525146,-5.772594069419767e-10,17.010720257880166,-2.709792187821379e-10,0
0.4704153537750244,-5.786638390681276e-10,17.030835258185107,-2.72212354572047e-10,0
0.4706847369670868,-5.788604595657887e-10,17.050950258490047,-2.7246078315137023e-10,0
0.47017961740493774,-5.779580147802221e-10,17.071020258794306,-2.717440782654822e-10,0
0.4692462086677551,-5.767640809395402e-10,17.091135259099246,-2.706443582766215e-10,0
0.4695887863636017,-5.774286049309296e-10,17.111250259404187,-2.7115399780114287e-10,0
0.4705437123775482,-5.788162171782574e-10,17.131365259709128,-2.723583316153864e-10,0
0.4707089066505432,-5.788283186092258e-10,17.15148026001407,-2.7245964499092095e-10,0
0.4700893759727478,-5.778670320033541e-10,17.171550260318327,-2.716491524696806e-10,0
0.46925923228263855,-5.768389654825512e-10,17.191665260623267,-2.706870100930534e-10,0
0.4697807729244232,-5.777875400347909e-10,17.211780260928208,-2.714334771436452e-10,0
0.470655620098114,-5.789910217934846e-10,17.23189526123315,-2.7250537839345314e-10,0
0.4706529378890991,-5.788285406538307e-10,17.25201026153809,-2.7242735319278527e-10,0
0.4699493646621704,-5.776580880301196e-10,17.27212526184303,-2.7147005146171883e-10,0
0.46921029686927795,-5.768310273879251e-10,17.29219526214729,-2.7065505760409895e-10,0
0.46996012330055237,-5.779597356259103e-10,17.31231026245223,-2.7161802861750745e-10,0
0.4707084894180298,-5.789912438380895e-10,17.33242526275717,-2.7253609377329327e-10,0
0.4706104099750519,-5.787355039643671e-10,17.35254026306211,-2.723589527877891e-10,0
0.46976926922798157,-5.77506709120712e-10,17.37265526336705,-2.712949047178934e-10,0
0.46923279762268066,-5.769680844203151e-10,17.39277026367199,-2.7073234839154345e-10,0
0.47015661001205444,-5.783435397255232e-10,17.41284026397625,-2.7191203805972393e-10,0
0.47075408697128296,-5.791053192538698e-10,17.43295526428119,-2.726161958255688e-10,0
0.4705621004104614,-5.7864546487707e-10,17.45307026458613,-2.7228862534554196e-10,0
0.46965163946151733,-5.772918254542958e-10,17.47318526489107,-2.7112605227234213e-10,0
0.46932974457740784,-5.770419697626039e-10,17.493300265196012,-2.708229602791272e-10,0
0.47032758593559265,-5.784760448435122e-10,17.513415265500953,-2.7207324169281875e-10,0
0.4707995057106018,-5.790193324806125e-10,17.53348526580521,-2.72602015528755e-10,0
0.47049352526664734,-5.784424605970173e-10,17.553600266110152,-2.721534324502044e-10,0
0.4695121645927429,-5.770901534418726e-10,17.573715266415093,-2.709508471076518e-10,0
0.4694669246673584,-5.772010647220327e-10,17.593830266720033,-2.709768087697776e-10,0
0.4704647958278656,-5.786212620151332e-10,17.613945267024974,-2.7222093389561157e-10,0
0.47080448269844055,-5.78996406375154e-10,17.634015267329232,-2.7259410358771046e-10,0
0.47042301297187805,-5.782752610095088e-10,17.654130267634173,-2.720339906111923e-10,0
0.4694431722164154,-5.770404154503694e-10,17.674245267939114,-2.7088768312609967e-10,0
0.469652384519577,-5.774837830152535e-10,17.694360268244054,-2.712166357144998e-10,0
0.470655620098114,-5.788411416851602e-10,17.714475268548995,-2.7243483647812935e-10,0
0.47086137533187866,-5.790480872569503e-10,17.734590268853935,-2.726513787491013e-10,0
0.47034168243408203,-5.781205514310273e-10,17.754660269158194,-2.719141928097886e-10,0
0.46941712498664856,-5.769352218187862e-10,17.774775269463134,-2.70823273129709e-10,0
0.4697972536087036,-5.776817357805442e-10,17.794890269768075,-2.713932929296084e-10,0
0.4707131087779999,-5.789739243589054e-10,17.815005270073016,-2.725306158363789e-10,0
0.47082191705703735,-5.789420609580986e-10,17.835120270377956,-2.725786110052442e-10,0
0.4701704978942871,-5.778854617055629e-10,17.855235270682897,-2.717046952559745e-10,0
0.4693623483181,-5.76898917525881e-10,17.875305270987155,-2.7077463067211737e-10,0
0.4699869155883789,-5.779148826157154e-10,17.895420271292096,-2.7161243315318016e-10,0
0.47084030508995056,-5.790514734371754e-10,17.915535271597037,-2.726407724159451e-10,0
0.4708215594291687,-5.788428070196971e-10,17.935650271901977,-2.7253167306537117e-10,0
0.470050185918808,-5.777158196274002e-10,17.955765272206918,-2.71555428424096e-10,0
0.46938031911849976,-5.769296151925118e-10,17.97588027251186,-2.707994068879745e-10,0
0.47019729018211365,-5.78205705537016e-10,17.995950272816117,-2.7187075591134207e-10,0
0.4708690643310547,-5.791152002387889e-10,18.016065273121058,-2.726874324763299e-10,0
0.47077250480651855,-5.787795798184447e-10,18.036180273425998,-2.7247351252199357e-10,0
0.46992215514183044,-5.775077638325854e-10,18.05629527373094,-2.7138369299134777e-10,0
0.46948954463005066,-5.770808275684658e-10,18.07641027403588,-2.709334149498518e-10,0
0.47041890025138855,-5.785163459393061e-10,18.096480274340138,-2.7214502323422024e-10,0
0.47096139192581177,-5.791829238432911e-10,18.11659527464508,-2.727727959928978e-10,0
0.4707425832748413,-5.78672831874627e-10,18.13671027495002,-2.7240594374762986e-10,0
0.4698106646537781,-5.773322375723922e-10,18.15682527525496,-2.7123684225993847e-10,0
0.4695749878883362,-5.771888522687618e-10,18.1769402755599,-2.710334483133865e-10,0
0.4705410599708557,-5.786161549892199e-10,18.19705527586484,-2.722626588848885e-10,0
0.470964640378952,-5.790803947469669e-10,18.2171252761691,-2.7272638986250686e-10,0
0.4706399142742157,-5.784940859676624e-10,18.23724027647404,-2.722624070279614e-10,0
0.4696769416332245,-5.771597644255166e-10,18.25735527677898,-2.71078632989129e-10,0
0.4697152376174927,-5.774014044668263e-10,18.27747027708392,-2.712142378998093e-10,0
0.4707161784172058,-5.787919588051693e-10,18.297585277388862,-2.724467389473781e-10,0
0.47099974751472473,-5.7909721462579e-10,18.317700277693802,-2.7275464187522745e-10,0
0.4705621600151062,-5.782598289094665e-10,18.33777027799806,-2.721071941416043e-10,0
0.46958687901496887,-5.769852928771968e-10,18.357885278303,-2.709447229197406e-10,0
0.46983250975608826,-5.775183109513193e-10,18.378000278607942,-2.7133687746435535e-10,0
0.47080928087234497,-5.788878265633457e-10,18.398115278912883,-2.7254576133004355e-10,0
0.4709775149822235,-5.790096180291471e-10,18.418230279217823,-2.7270051105017413e-10,0
0.4704245328903198,-5.78071757129095e-10,18.438345279522764,-2.719391363245409e-10,0
0.46952521800994873,-5.769871247451874e-10,18.458415279827022,-2.709100055349176e-10,0
0.47000113129615784,-5.777877065682446e-10,18.478530280131963,-2.7156087573608746e-10,0
0.4708901345729828,-5.790242174619209e-10,18.498645280436904,-2.7265679168166e-10,0
0.47092729806900024,-5.789345114415312e-10,18.518760280741844,-2.72636065232057e-10,0
0.4702429175376892,-5.778188483240854e-10,18.538875281046785,-2.717152210441854e-10,0
0.46948450803756714,-5.769419386680852e-10,18.558945281351043,-2.708653022418262e-10,0
0.47014328837394714,-5.780105838404381e-10,18.579060281655984,-2.7174779660168866e-10,0
0.4709138870239258,-5.789997925553791e-10,18.599175281960925,-2.726590428983003e-10,0
0.47088783979415894,-5.788020618346934e-10,18.619290282265865,-2.72550852565744e-10,0
0.47009769082069397,-5.775985800759997e-10,18.639405282570806,-2.7152775871503917e-10,0
0.4695110023021698,-5.769859034998603e-10,18.659520282875746,-2.7090122986644245e-10,0
0.4703582227230072,-5.78322112421148e-10,18.679590283180005,-2.720185609598263e-10,0
0.4709840416908264,-5.791311874503435e-10,18.699705283484946,-2.727615473345704e-10,0
0.4708307385444641,-5.78733061473713e-10,18.719820283789886,-2.72485314753767e-10,0
0.4699126183986664,-5.774166145222637e-10,18.739935284094827,-2.7133535323705033e-10,0
0.4695240259170532,-5.771001454490943e-10,18.760050284399767,-2.709623836485757e-10,0
0.4704785943031311,-5.785000811719954e-10,18.780165284704708,-2.721719049940476e-10,0
0.47097694873809814,-5.790928292448427e-10,18.800235285008966,-2.727393737538485e-10,0
0.4707399308681488,-5.785507073419183e-10,18.820350285313907,-2.723469199778532e-10,0
0.46978116035461426,-5.772406441728606e-10,18.840465285618848,-2.7117677962337145e-10,0
0.4696458876132965,-5.772270994519602e-10,18.86058028592379,-2.710923334765644e-10,0
0.47061842679977417,-5.786601198209951e-10,18.88069528622873,-2.723281152419255e-10,0
0.4709709882736206,-5.791002122279565e-10,18.90081028653367,-2.727393992624641e-10,0
0.4706178605556488,-5.783484247068316e-10,18.920880286837928,-2.721810982912588e-10,0
0.46960487961769104,-5.770184885456331e-10,18.94099528714287,-2.7097069785065406e-10,0
0.46972137689590454,-5.773706512890442e-10,18.96111028744781,-2.71203337302775e-10,0
0.470706582069397,-5.78786851779256e-10,18.98122528775275,-2.724387807477203e-10,0
0.4709737002849579,-5.790253831960968e-10,19.00134028805769,-2.7270572728278136e-10,0
0.4704834222793579,-5.781483070066429e-10,19.02141028836195,-2.720091940655022e-10,0
0.4695577621459961,-5.769472122274522e-10,19.04152528866689,-2.709100418498935e-10,0
0.46987733244895935,-5.775683820097299e-10,19.06164028897183,-2.713862906455934e-10,0
0.47082769870758057,-5.789195234306987e-10,19.08175528927677,-2.7257134695376516e-10,0
0.470939964056015,-5.789640433739862e-10,19.10187028958171,-2.726573057762702e-10,0
0.4703383147716522,-5.779348111190075e-10,19.121985289886652,-2.718248851095871e-10,0
0.46949446201324463,-5.769149047374356e-10,19.14205529019091,-2.708583528271246e-10,0
0.4700080156326294,-5.778385547827725e-10,19.16217029049585,-2.715887524894773e-10,0
0.4708556532859802,-5.789996260219255e-10,19.18228529080079,-2.7262524716289194e-10,0
0.47091084718704224,-5.78849024268635e-10,19.202400291105732,-2.725862844117357e-10,0
0.4701631963253021,-5.77716985361576e-10,19.222515291410673,-2.7162126440901635e-10,0
0.469457745552063,-5.769072997097169e-10,19.242630291715614,-2.70833600314252e-10,0
0.4701850116252899,-5.780742551309004e-10,19.262700292019872,-2.718018503690032e-10,0
0.470916211605072,-5.790354862256208e-10,19.282815292324813,-2.7267719755827023e-10,0
0.4708150327205658,-5.787137435930845e-10,19.302930292629753,-2.724671301256192e-10,0
0.4699784815311432,-5.774175582118346e-10,19.323045292934694,-2.713738272178185e-10,0
0.4694523811340332,-5.769004718381154e-10,19.343160293239634,-2.7082730018175056e-10,0
0.47035670280456543,-5.782893608419215e-10,19.363275293544575,-2.7200227703256577e-10,0
0.47091200947761536,-5.790375401382164e-10,19.383345293848834,-2.7267573158946284e-10,0
0.47075754404067993,-5.785567025462512e-10,19.403460294153774,-2.7235993237894743e-10,0
0.469844788312912,-5.772854971830554e-10,19.423575294458715,-2.7123458222008683e-10,0
0.4695412814617157,-5.770656175130284e-10,19.443690294763655,-2.7095612953456366e-10,0
0.47053262591362,-5.785242840339322e-10,19.463805295068596,-2.7221455052128306e-10,0
0.4709968864917755,-5.790221080381741e-10,19.483875295372854,-2.7271761009588447e-10,0
0.4706782400608063,-5.783690748550896e-10,19.503990295677795,-2.722257382583903e-10,0
0.46968498826026917,-5.770704469831855e-10,19.524105295982736,-2.710413261166458e-10,0
0.4696657955646515,-5.772646249901925e-10,19.544220296287676,-2.7112144934734895e-10,0
0.4706609547138214,-5.787559875791715e-10,19.564335296592617,-2.723978456603534e-10,0
0.4710169732570648,-5.790853907505777e-10,19.584450296897558,-2.727590480087218e-10,0
0.47060441970825195,-5.783004630721678e-10,19.604520297201816,-2.721507538410909e-10,0
0.46963784098625183,-5.770543487493285e-10,19.624635297506757,-2.7100655847836224e-10,0
0.4698126018047333,-5.775428468801636e-10,19.644750297811697,-2.713369075464823e-10,0
0.47078055143356323,-5.788910462101171e-10,19.664865298116638,-2.7253064595475127e-10,0
0.47098785638809204,-5.790814494588403e-10,19.68498029842158,-2.7274033055472847e-10,0
0.47044065594673157,-5.780942391453436e-10,19.70509529872652,-2.7195903306256217e-10,0
0.46953365206718445,-5.769660305077196e-10,19.725165299030778,-2.709049674229961e-10,0
0.4699712097644806,-5.777278100360661e-10,19.745280299335718,-2.71515437797234e-10,0
0.4708939790725708,-5.790405932515341e-10,19.76539529964066,-2.726667290007569e-10,0
0.4709721505641937,-5.79027603642146e-10,19.7855102999456,-2.727058757233731e-10,0
0.4703318178653717,-5.779640654957063e-10,19.80562530025054,-2.718348895854563e-10,0
0.4695071578025818,-5.770166566776425e-10,19.82574030055548,-2.7091345048146804e-10,0
0.4701089859008789,-5.77985104222023e-10,19.84581030085974,-2.7171599121162903e-10,0
0.47091084718704224,-5.791174206848382e-10,19.86592530116468,-2.727126751954719e-10,0
0.47085145115852356,-5.789208556983283e-10,19.88604030146962,-2.725857250114921e-10,0
0.47008734941482544,-5.777661127304157e-10,19.90615530177456,-2.7160054051514834e-10,0
0.46939796209335327,-5.770344757571877e-10,19.9262703020795,-2.7085880697803037e-10,0
0.47019997239112854,-5.782903045314924e-10,19.94634030238376,-2.7191208522476506e-10,0
0.47086524963378906,-5.791801482857295e-10,19.9664553026887,-2.72715805105495e-10,0
0.4707234501838684,-5.788253210070593e-10,19.98657030299364,-2.724666521582281e-10,0
0.469560444355011,-5.773626576832669e-10,19.999980303196935,-2.711066660957449e-10,0
0.470688134431839,-5.787502144194434e-10,20.020050303501193,-2.724108587271146e-10,0
0.46979647874832153,-5.775464551049936e-10,20.040165303806134,-2.7132929092190155e-10,0
0.46941250562667847,-5.771796929288087e-10,20.060280304111075,-2.7093536585454895e-10,0
0.4703490138053894,-5.786180423683618e-10,20.080350304415333,-2.72152425597964e-10,0
0.47085103392601013,-5.792334389909115e-10,20.100465304720274,-2.727326636333892e-10,0
0.47058895230293274,-5.78656511596165e-10,20.120580305025214,-2.7230936153530916e-10,0
0.46966734528541565,-5.77351888519928e-10,20.140695305330155,-2.7116332877667584e-10,0
0.4695148169994354,-5.773969635747278e-10,20.160810305635096,-2.71096429688818e-10,0
0.47046998143196106,-5.788429180419996e-10,20.180880305939354,-2.723282169032417e-10,0
0.47082191705703735,-5.792788471126187e-10,20.200995306244295,-2.7273717730815357e-10,0
0.4704272449016571,-5.78587844302092e-10,20.221110306549235,-2.7218348552862207e-10,0
0.46944162249565125,-5.773018174615174e-10,20.241225306854176,-2.7100950185882303e-10,0
0.4695175290107727,-5.775901978921638e-10,20.261340307159116,-2.7118872249517197e-10,0
0.47050386667251587,-5.789863588567812e-10,20.281455307464057,-2.724153205927564e-10,0
0.47074687480926514,-5.791877533134482e-10,20.301525307768316,-2.7265082480010533e-10,0
0.4702390730381012,-5.782908596430048e-10,20.321640308073256,-2.7193495778493324e-10,0
0.46933168172836304,-5.77054959371992e-10,20.341755308378197,-2.708301745317492e-10,0
0.46963900327682495,-5.776936706780589e-10,20.361870308683137,-2.7130747969657393e-10,0
0.47057053446769714,-5.7902327377235e-10,20.381985308988078,-2.7247129140829045e-10,0
0.4706667363643646,-5.790258827964578e-10,20.40210030929302,-2.725282225263039e-10,0
0.4700709283351898,-5.78018466423913e-10,20.422170309597277,-2.717096771067715e-10,0
0.4692036807537079,-5.769571487235226e-10,20.442285309902218,-2.7071041781824124e-10,0
0.46974360942840576,-5.778436062975345e-10,20.46240031020716,-2.714383413073305e-10,0
0.47059929370880127,-5.790108947856254e-10,20.4825153105121,-2.7248211813581636e-10,0
0.4706088900566101,-5.788131640649397e-10,20.50263031081704,-2.723946206907558e-10,0
0.4698919653892517,-5.777239797666311e-10,20.522700311121298,-2.714678563050426e-10,0
0.4691672921180725,-5.768978628140076e-10,20.54281531142624,-2.706616081251512e-10,0
0.4698807895183563,-5.780640410790738e-10,20.56293031173118,-2.716211880144068e-10,0
0.4706134498119354,-5.790193324806125e-10,20.58304531203612,-2.724942855665051e-10,0
0.4705123007297516,-5.786597312429365e-10,20.60316031234106,-2.7226652148677375e-10,0
0.46966850757598877,-5.774341005349015e-10,20.623275312646,-2.7120261222171065e-10,0
0.4691465198993683,-5.769299482594192e-10,20.64334531295026,-2.7066467745162914e-10,0
0.4700264036655426,-5.782345713356563e-10,20.6634603132552,-2.7178551603998516e-10,0
0.47058895230293274,-5.789650980858596e-10,20.68357531356014,-2.7245457892818936e-10,0
0.4704053997993469,-5.78533609907339e-10,20.70369031386508,-2.7214533406582124e-10,0
0.4694680869579315,-5.772706757056767e-10,20.723805314170022,-2.710101597804565e-10,0
0.46919065713882446,-5.770214861477996e-10,20.743920314474963,-2.707330902689072e-10,0
0.4701404571533203,-5.784185352908366e-10,20.76399031477922,-2.719379546075879e-10,0
0.47058624029159546,-5.789825840984975e-10,20.78410531508416,-2.724612374452244e-10,0
0.47025442123413086,-5.783313827834036e-10,20.804220315389102,-2.7196288969234404e-10,0
0.4692692160606384,-5.769592581472693e-10,20.824335315694043,-2.707492187696966e-10,0
0.46920520067214966,-5.77089986908419e-10,20.844450315998984,-2.7077362311325293e-10,0
0.47017931938171387,-5.784709933287502e-10,20.864565316303924,-2.719850979253757e-10,0
0.4704926311969757,-5.788410306628577e-10,20.884635316608183,-2.7234043956133724e-10,0
0.470073938369751,-5.780781409114866e-10,20.904750316913123,-2.7173946838372636e-10,0
0.4690929353237152,-5.767644695175989e-10,20.924865317218064,-2.705561379964359e-10,0
0.46926841139793396,-5.771351729855212e-10,20.944980317523004,-2.7083130578878734e-10,0
0.4702517092227936,-5.784677736819788e-10,20.965095317827945,-2.7202545930425464e-10,0
0.47044384479522705,-5.786257584183829e-10,20.985165318132204,-2.722109264878983e-10,0
0.46992868185043335,-5.776986111705185e-10,21.005280318437144,-2.7147714685418777e-10,0
0.46899521350860596,-5.766130906081912e-10,21.025395318742085,-2.704287795416458e-10,0
0.4693864583969116,-5.773472255832246e-10,21.045510319047025,-2.709989694817926e-10,0
0.47029080986976624,-5.786234824611824e-10,21.065625319351966,-2.7212130617633397e-10,0
0.47037702798843384,-5.786152668108002e-10,21.085740319656907,-2.721673295511989e-10,0
0.4697341024875641,-5.775728229018284e-10,21.105810319961165,-2.713056515869992e-10,0
0.46890783309936523,-5.766234156823202e-10,21.125925320266106,-2.703832363619513e-10,0
0.4695144295692444,-5.776135680868322e-10,21.146040320571046,-2.711979049317449e-10,0
0.470327228307724,-5.786972012700176e-10,21.166155320875987,-2.7217705070276445e-10,0
0.47027817368507385,-5.784743795089753e-10,21.186270321180928,-2.720438747190872e-10,0
0.46951597929000854,-5.773322375723922e-10,21.206385321485868,-2.7106671089949357e-10,0
0.46887844800949097,-5.765976585081489e-10,21.226455321790127,-2.7035421524720733e-10,0
0.4696562588214874,-5.777648359739374e-10,21.246570322095067,-2.7135087134212975e-10,0
0.47033411264419556,-5.787439416593543e-10,21.266685322400008,-2.722030182485565e-10,0
0.4701988399028778,-5.783537537773498e-10,21.28680032270495,-2.719412640795845e-10,0
0.4692845344543457,-5.770710020946979e-10,21.30691532300989,-2.7081049656511304e-10,0
0.4688672125339508,-5.766727095846136e-10,21.32703032331483,-2.703829258873383e-10,0
0.4698147773742676,-5.780232958940701e-10,21.347100323619088,-2.7156388607761293e-10,0
0.47031301259994507,-5.786925383333141e-10,21.36721532392403,-2.7216663107265016e-10,0
0.4700363874435425,-5.780927403442604e-10,21.38733032422897,-2.71724623278754e-10,0
0.46911898255348206,-5.767883393126283e-10,21.40744532453391,-2.7058235888705276e-10,0
0.4688948094844818,-5.766774280324682e-10,21.42756032483885,-2.7040105275128517e-10,0
0.4698624014854431,-5.781130019144598e-10,21.44763032514311,-2.7163356340948666e-10,0
0.47025901079177856,-5.78646186522036e-10,21.46774532544805,-2.7211358327228765e-10,0
0.469888836145401,-5.779925982274392e-10,21.48786032575299,-2.7159226928174777e-10,0
0.46888482570648193,-5.766174204779873e-10,21.50797532605793,-2.7036715870014226e-10,0
0.4689522981643677,-5.768777677772619e-10,21.52809032636287,-2.7052815495907736e-10,0
0.46990111470222473,-5.782557765954266e-10,21.548205326667812,-2.717230340051916e-10,0
0.47016236186027527,-5.785159573612475e-10,21.56827532697207,-2.719964288868224e-10,0
0.46969109773635864,-5.777074374435642e-10,21.58839032727701,-2.713440404633264e-10,0
0.4687223732471466,-5.764468902214048e-10,21.608505327581952,-2.7019355443551426e-10,0
0.4689975082874298,-5.770243727276636e-10,21.628620327886892,-2.706229930303914e-10,0
0.46995779871940613,-5.783818424198728e-10,21.648735328191833,-2.7181505748291785e-10,0
0.47011759877204895,-5.784284162757558e-10,21.668850328496774,-2.719293781210775e-10,0
0.4695505201816559,-5.774656308688009e-10,21.688920328801032,-2.7114928736147353e-10,0
0.46869096159935,-5.763875488007386e-10,21.709035329105973,-2.7014763450131044e-10,0
0.46919065713882446,-5.771896294248791e-10,21.729150329410913,-2.708119815235736e-10,0
0.4700336754322052,-5.783608592047074e-10,21.749265329715854,-2.7184908037811675e-10,0
0.4700528383255005,-5.781856105002703e-10,21.769380330020795,-2.7177778729461435e-10,0
0.4693358838558197,-5.770965927354155e-10,21.789495330325735,-2.7085213942165824e-10,0
0.4686357080936432,-5.762268440179241e-10,21.809565330629994,-2.7004047506890515e-10,0
0.46931520104408264,-5.773113653795292e-10,21.829680330934934,-2.709409995081276e-10,0
0.47004249691963196,-5.78399661499418e-10,21.849795331239875,-2.7187242110865636e-10,0
0.46996623277664185,-5.78113779070577e-10,21.869910331544816,-2.716939548660669e-10,0
0.46918949484825134,-5.768791000448914e-10,21.890025331849756,-2.7066561353857645e-10,0
0.468588262796402,-5.762588739521846e-10,21.910140332154697,-2.7002814466626494e-10,0
0.4694764316082001,-5.775726008572235e-10,21.930210332458955,-2.7115672364511653e-10,0
0.47005128860473633,-5.783985512763934e-10,21.950325332763896,-2.7187698435458137e-10,0
0.4698861539363861,-5.779126621696662e-10,21.970440333068836,-2.7155315813804247e-10,0
0.4689810276031494,-5.765757871145638e-10,21.990555333373777,-2.7040310513208285e-10,0
0.4686407744884491,-5.76341085967158e-10,22.010670333678718,-2.7009693289716277e-10,0
0.46957895159721375,-5.777722744682023e-10,22.030740333982976,-2.713096989067161e-10,0
0.4700493812561035,-5.784289713872681e-10,22.050855334287917,-2.718901801011898e-10,0
0.4697631597518921,-5.777595624145704e-10,22.070970334592857,-2.714101576167391e-10,0
0.4687959551811218,-5.764220767368045e-10,22.091085334897798,-2.7022433805131615e-10,0
0.46866336464881897,-5.764894672743992e-10,22.11120033520274,-2.7017949341742514e-10,0
0.4696723222732544,-5.77936143386637e-10,22.13131533550768,-2.7144061059005034e-10,0
0.4699661135673523,-5.782543888166458e-10,22.151385335811938,-2.7175996776542366e-10,0
0.46959149837493896,-5.774798417235161e-10,22.17150033611688,-2.711796241562685e-10,0
0.46858444809913635,-5.761802701620411e-10,22.19161533642182,-2.699891138994913e-10,0
0.46875569224357605,-5.765716237782215e-10,22.21173033672676,-2.702712306321629e-10,0
0.4697455167770386,-5.779314249387824e-10,22.2318453370317,-2.714806958695586e-10,0
0.4699658453464508,-5.781469747390133e-10,22.25196033733664,-2.7170933171771354e-10,0
0.4694403409957886,-5.772181621566119e-10,22.2720303376409,-2.709694908717623e-10,0
0.4685116410255432,-5.760754095973653e-10,22.29214533794584,-2.6989803550492356e-10,0
0.46888983249664307,-5.767643029841452e-10,22.31226033825078,-2.704389174162789e-10,0
0.46976736187934875,-5.779632883395891e-10,22.33237533855572,-2.7150828922640214e-10,0
0.4698486030101776,-5.779287604035233e-10,22.35249033886066,-2.7153902071499905e-10,0
0.4692225754261017,-5.769182909176607e-10,22.37256033916492,-2.707030862748097e-10,0
0.46837443113327026,-5.759566712448816e-10,22.39267533946986,-2.6976337825173337e-10,0
0.46895918250083923,-5.769789646059564e-10,22.4127903397748,-2.7057958356179e-10,0
0.4697501063346863,-5.781028988849357e-10,22.432905340079742,-2.7156389822358894e-10,0
0.4697497487068176,-5.779627332280768e-10,22.453020340384683,-2.7149784869579454e-10,0
0.46898409724235535,-5.768130417749262e-10,22.473135340689623,-2.7051614367443077e-10,0
0.4683004319667816,-5.761074950427769e-10,22.49320534099388,-2.6979138878783293e-10,0
0.46905383467674255,-5.773275191245375e-10,22.513320341298822,-2.7079768670977474e-10,0
0.4696972370147705,-5.782697098943856e-10,22.533435341603763,-2.7161168498672584e-10,0
0.4695657789707184,-5.778543199497221e-10,22.553550341908704,-2.71340613878786e-10,0
0.4686886668205261,-5.765370958421556e-10,22.573665342213644,-2.702164028228378e-10,0
0.46821656823158264,-5.760559251832831e-10,22.593780342518585,-2.6971892839878613e-10,0
0.4691130816936493,-5.774565825511502e-10,22.613850342822843,-2.7089243698485325e-10,0
0.46961525082588196,-5.780946277234023e-10,22.633965343127784,-2.714820535994204e-10,0
0.469382643699646,-5.77572489834921e-10,22.654080343432724,-2.7110250220690215e-10,0
0.46844300627708435,-5.762682553367426e-10,22.674195343737665,-2.699488339519942e-10,0
0.46821466088294983,-5.761110477564557e-10,22.694310344042606,-2.6974363885620983e-10,0
0.46914544701576233,-5.777888167912693e-10,22.714425344347546,-2.710669927342484e-10,0
0.46949753165245056,-5.785905643485023e-10,22.734495344651805,-2.716468417990202e-10,0
0.4691661298274994,-5.780159684221076e-10,22.754610344956745,-2.711855148830943e-10,0
0.4681544601917267,-5.767476496387758e-10,22.774725345261686,-2.700069845834882e-10,0
0.46814683079719543,-5.769730804239259e-10,22.794840345566627,-2.701081190557563e-10,0
0.46909254789352417,-5.784254186735893e-10,22.814955345871567,-2.7133505341197247e-10,0
0.46938925981521606,-5.786659484918744e-10,22.835025346175826,-2.7161958124287085e-10,0
0.46891093254089355,-5.778812983692205e-10,22.855140346480766,-2.7097485851625355e-10,0
0.4679417908191681,-5.76595271528646e-10,22.875255346785707,-2.698130239369791e-10,0
0.46819010376930237,-5.77099590337582e-10,22.895370347090648,-2.701923170853744e-10,0
0.46910062432289124,-5.78442627130471e-10,22.915485347395588,-2.7134779752187733e-10,0
0.4692258834838867,-5.784990819712732e-10,22.93560034770053,-2.7144674283258807e-10,0
0.46862688660621643,-5.775180889067144e-10,22.955670348004787,-2.7064050396312567e-10,0
0.46774521470069885,-5.763795551949613e-10,22.975785348309728,-2.695987787937605e-10,0
0.46819356083869934,-5.771647049179762e-10,22.99590034861467,-2.7022479838596445e-10,0
0.4690224528312683,-5.78367242987099e-10,23.01601534891961,-2.712672229430673e-10,0
0.4690369963645935,-5.782111456298367e-10,23.03613034922455,-2.7120241901074915e-10,0
0.4683196544647217,-5.770948718897273e-10,23.05624534952949,-2.702648709967599e-10,0
0.4675484597682953,-5.761945365279075e-10,23.07631534983375,-2.693988680805299e-10,0
0.4681943356990814,-5.77277226021522e-10,23.09643035013869,-2.7027792735135496e-10,0
0.46892088651657104,-5.782700984724443e-10,23.11654535044363,-2.711629272217234e-10,0
0.46884769201278687,-5.780017575673924e-10,23.13666035074857,-2.7099479001480627e-10,0
0.46803030371665955,-5.768584498966334e-10,23.15677535105351,-2.6998723550664275e-10,0
0.4673999547958374,-5.761960353289908e-10,23.176890351358452,-2.69314000866311e-10,0
0.4682474434375763,-5.77509595700576e-10,23.19696035166271,-2.7041739174746303e-10,0
0.46884194016456604,-5.783276080251198e-10,23.21707535196765,-2.7114423779722984e-10,0
0.4686721861362457,-5.778580391968546e-10,23.23719035227259,-2.7082599050679423e-10,0
0.4677421748638153,-5.765921073930258e-10,23.257305352577532,-2.6969644632132445e-10,0
0.4674076437950134,-5.762624266658634e-10,23.277420352882473,-2.693494630554879e-10,0
0.4683069586753845,-5.776429334858335e-10,23.29749035318673,-2.705142053810781e-10,0
0.46874767541885376,-5.781604639487625e-10,23.317605353491672,-2.7101137349506844e-10,0
0.4684782922267914,-5.775768197047171e-10,23.337720353796612,-2.7058220212504725e-10,0
0.467486172914505,-5.762605947978727e-10,23.357835354101553,-2.6939386006349383e-10,0
0.4673348367214203,-5.762785804108717e-10,23.377950354406494,-2.693150562823666e-10,0
0.4683104455471039,-5.776678024815851e-10,23.398065354711434,-2.705278659583675e-10,0
0.4686276316642761,-5.780216305595332e-10,23.418135355015693,-2.708769077798372e-10,0
0.46824684739112854,-5.77245307109564e-10,23.438250355320633,-2.7029329522537715e-10,0
0.46724632382392883,-5.759444587916107e-10,23.458365355625574,-2.691079310971424e-10,0
0.46736010909080505,-5.762856858382293e-10,23.478480355930515,-2.6933294100082423e-10,0
0.46828821301460266,-5.776961686798643e-10,23.498595356235455,-2.705283064964761e-10,0
0.4685250520706177,-5.779115519466416e-10,23.518710356540396,-2.707660399680117e-10,0
0.46798089146614075,-5.769679178868614e-10,23.538780356844654,-2.700099605600565e-10,0
0.4670715630054474,-5.758071242034646e-10,23.558895357149595,-2.68943133491384e-10,0
0.46741145849227905,-5.765147803593607e-10,23.579010357454536,-2.694696143301247e-10,0
0.4683269262313843,-5.777972544862564e-10,23.599125357759476,-2.7059801217848137e-10,0
0.4684058427810669,-5.777563982789502e-10,23.619240358064417,-2.706244726580054e-10,0
0.4677501916885376,-5.766746524749067e-10,23.639355358369357,-2.697396792370584e-10,0
0.4669470191001892,-5.756680687696303e-10,23.659425358673616,-2.688064887031416e-10,0
0.46750879287719727,-5.765868338336588e-10,23.679540358978556,-2.6955941467445896e-10,0
0.46832767128944397,-5.777106015791844e-10,23.699655359283497,-2.705578607168032e-10,0
0.46829742193222046,-5.775216971315444e-10,23.719770359588438,-2.704519218766229e-10,0
0.46754059195518494,-5.763892696464268e-10,23.73988535989338,-2.694853803271071e-10,0
0.46684715151786804,-5.75586855955379e-10,23.759955360197637,-2.687110841538941e-10,0
0.46760037541389465,-5.767463173711462e-10,23.780070360502577,-2.696867945213292e-10,0
0.46829167008399963,-5.776601419427152e-10,23.800185360807518,-2.705134326113144e-10,0
0.4681782126426697,-5.772603506315477e-10,23.82030036111246,-2.702607191881588e-10,0
0.467332124710083,-5.759750454359391e-10,23.8404153614174,-2.6917164176356404e-10,0
0.4668351113796234,-5.754934306878567e-10,23.86053036172234,-2.686605398134072e-10,0
0.4677489399909973,-5.768453492649428e-10,23.8806003620266,-2.698188006574136e-10,0
0.4682721197605133,-5.775471767499596e-10,23.90071536233154,-2.704492407184034e-10,0
0.4680563807487488,-5.770262045956542e-10,23.92083036263648,-2.7008079692022895e-10,0
0.46710795164108276,-5.756805032675061e-10,23.94094536294142,-2.689049406809924e-10,0
0.4668324589729309,-5.755197429735404e-10,23.96106036324636,-2.68671296799807e-10,0
0.4678218364715576,-5.769207889194661e-10,23.9811753635513,-2.6989614297092447e-10,0
0.4682167172431946,-5.773875821901697e-10,24.00124536385556,-2.7034251831006647e-10,0
0.4678977429866791,-5.767368804754369e-10,24.0213603641605,-2.6985388467163503e-10,0
0.46689796447753906,-5.753741372238608e-10,24.04147536446544,-2.6864101348284083e-10,0
0.46691253781318665,-5.755842469312711e-10,24.06159036477038,-2.6874750145997167e-10,0
0.4678785800933838,-5.769770217156633e-10,24.081705365075322,-2.6995518966683403e-10,0
0.4681556224822998,-5.772648470347974e-10,24.101820365380263,-2.7024978380072516e-10,0
0.46768325567245483,-5.763570176675614e-10,24.12189036568452,-2.695525264524317e-10,0
0.4667205512523651,-5.75092862220572e-10,24.142005365989462,-2.684076576768858e-10,0
0.46697959303855896,-5.755923515593508e-10,24.162120366294403,-2.687898820872928e-10,0
0.46789810061454773,-5.76933723017703e-10,24.182235366599343,-2.699461931804628e-10,0
0.46805715560913086,-5.769760780260924e-10,24.202350366904284,-2.7005778193540476e-10,0
0.46750199794769287,-5.760255050724084e-10,24.222420367208542,-2.692930744901798e-10,0
0.46661555767059326,-5.74979563960909e-10,24.242535367513483,-2.682944098868141e-10,0
0.4670983552932739,-5.757895271685243e-10,24.262650367818424,-2.6895034113550955e-10,0
0.46796783804893494,-5.769562605451029e-10,24.282765368123364,-2.699969738960898e-10,0
0.46800580620765686,-5.768600042088678e-10,24.302880368428305,-2.6997383133872353e-10,0
0.4672899842262268,-5.757063714639798e-10,24.322995368733245,-2.690218212403414e-10,0
0.46652916073799133,-5.748106990388635e-10,24.343065369037504,-2.681659530058191e-10,0
0.467178076505661,-5.75886671683179e-10,24.363180369342444,-2.6904162756219467e-10,0
0.467944860458374,-5.769115740683617e-10,24.383295369647385,-2.699628060242404e-10,0
0.46784791350364685,-5.766217503477833e-10,24.403410369952326,-2.6977128278103117e-10,0
0.4670478105545044,-5.753559295662569e-10,24.423525370257266,-2.6871872719347194e-10,0
0.4664592146873474,-5.747474718376111e-10,24.443640370562207,-2.680962543569104e-10,0
0.46731802821159363,-5.760411037059043e-10,24.463710370866465,-2.6919439275267333e-10,0
0.46790042519569397,-5.768121535965065e-10,24.483825371171406,-2.6989065192584933e-10,0
0.46770766377449036,-5.763723942564525e-10,24.503940371476347,-2.6957378598179487e-10,0
0.4668044447898865,-5.750602771747992e-10,24.524055371781287,-2.684406934073004e-10,0
0.4664224088191986,-5.747267106670506e-10,24.544170372086228,-2.6806541680206035e-10,0
0.4673731327056885,-5.760795729337076e-10,24.56428537239117,-2.6924411468978206e-10,0
0.4678165316581726,-5.766570554399664e-10,24.584355372695427,-2.697697036321396e-10,0
0.46751147508621216,-5.760869004056701e-10,24.604470373000368,-2.6932723658649863e-10,0
0.46657225489616394,-5.747726739002701e-10,24.624585373305308,-2.6817298251434653e-10,0
0.46646955609321594,-5.748103659719561e-10,24.64470037361025,-2.6813153625271737e-10,0
0.4674558937549591,-5.762493260341728e-10,24.66481537391519,-2.6937114372699706e-10,0
0.467764288187027,-5.765790622724865e-10,24.684885374219448,-2.6970309464743313e-10,0
0.4673973023891449,-5.758247767495561e-10,24.70500037452439,-2.6913894730157413e-10,0
0.46641629934310913,-5.744856257372533e-10,24.72511537482933,-2.679494595821801e-10,0
0.46652740240097046,-5.74886194204538e-10,24.74523037513427,-2.6820016285842296e-10,0
0.4674750566482544,-5.762765264982761e-10,24.76534537543921,-2.693949018698409e-10,0
0.4676923453807831,-5.764368982141832e-10,24.78546037574415,-2.6959512488981507e-10,0
0.46715861558914185,-5.755339538282556e-10,24.80553037604841,-2.6886564509495295e-10,0
0.4662381112575531,-5.743452935469406e-10,24.82564537635335,-2.677816648729905e-10,0
0.46659407019615173,-5.750188103448295e-10,24.84576037665829,-2.6830036715814303e-10,0
0.4674946069717407,-5.762759713867638e-10,24.86587537696323,-2.6940590875071324e-10,0
0.46754977107048035,-5.762632038219806e-10,24.885990377268172,-2.694317290233086e-10,0
0.4669041037559509,-5.751897291794705e-10,24.906105377573112,-2.685584449921688e-10,0
0.46608057618141174,-5.742129549624053e-10,24.92617537787737,-2.676295048997089e-10,0
0.4666469991207123,-5.751418785671092e-10,24.94629037818231,-2.683882317019906e-10,0
0.4674428701400757,-5.762534893705151e-10,24.966405378487252,-2.693655849995872e-10,0
0.46742525696754456,-5.760176224889335e-10,24.986520378792193,-2.692451852097238e-10,0
0.46668606996536255,-5.74859548851947e-10,25.006635379097133,-2.682789436357765e-10,0
0.4660196602344513,-5.741259689884259e-10,25.026750379402074,-2.675539889997614e-10,0
0.4667876362800598,-5.753113541118182e-10,25.046820379706332,-2.685482271109361e-10,0
0.46743178367614746,-5.761682797533751e-10,25.066935380011273,-2.6931936670273766e-10,0
0.4672999382019043,-5.758495347230053e-10,25.087050380316214,-2.690944519896557e-10,0
0.46642816066741943,-5.746056963573665e-10,25.107165380621154,-2.6801227806098815e-10,0
0.4659595191478729,-5.741779274259784e-10,25.127280380926095,-2.6754367096873117e-10,0
0.46685367822647095,-5.755123599904266e-10,25.147350381230353,-2.6868006212632753e-10,0
0.4673379063606262,-5.761633947720668e-10,25.167465381535294,-2.6926299463440867e-10,0
0.46708881855010986,-5.756769505538273e-10,25.187580381840235,-2.688922667007172e-10,0
0.4661691188812256,-5.743781561484695e-10,25.207695382145175,-2.6775735895635505e-10,0
0.4659537374973297,-5.74215508475362e-10,25.227810382450116,-2.675578623030245e-10,0
0.4669002890586853,-5.756024545888749e-10,25.247925382755056,-2.687489524304345e-10,0
0.4672776758670807,-5.760117938180542e-10,25.267995383059315,-2.6915745228732846e-10,0
0.46691635251045227,-5.753105214445497e-10,25.288110383364256,-2.686218902337755e-10,0
0.4658951461315155,-5.739728692333301e-10,25.308225383669196,-2.674111737869876e-10,0
0.4659426510334015,-5.742030739774862e-10,25.328340383974137,-2.6754570252059825e-10,0
0.46688684821128845,-5.756107257504084e-10,25.348455384279077,-2.687450775422205e-10,0
0.46716660261154175,-5.758690191370874e-10,25.368570384584018,-2.6902677321951406e-10,0
0.4666862487792969,-5.750110942948083e-10,25.388640384888276,-2.6834977060292266e-10,0
0.46570736169815063,-5.738080011141733e-10,25.408755385193217,-2.672266103201711e-10,0
0.4660058915615082,-5.743571174221529e-10,25.428870385498158,-2.676538005790082e-10,0
0.46692365407943726,-5.756247700716699e-10,25.4489853858031,-2.687728210205e-10,0
0.46704548597335815,-5.756536913814614e-10,25.46910038610804,-2.6885645804361217e-10,0
0.4664469361305237,-5.746475517653948e-10,25.48921538641298,-2.6804258987587493e-10,0
0.46558821201324463,-5.73608938125858e-10,25.509285386717238,-2.670655598968341e-10,0
0.4660874903202057,-5.7444354828462e-10,25.52940038702218,-2.677409517506124e-10,0
0.4669266939163208,-5.756179977112197e-10,25.54951538732712,-2.687714086300321e-10,0
0.466959685087204,-5.755050880296153e-10,25.56963038763206,-2.6873767467239277e-10,0
0.46625763177871704,-5.744268949392506e-10,25.589745387937,-2.678309236643769e-10,0
0.4655148386955261,-5.735843466858626e-10,25.60981538824126,-2.6701202462574804e-10,0
0.46620553731918335,-5.746568776388017e-10,25.6299303885462,-2.6790821841376174e-10,0
0.4668937623500824,-5.756576326731988e-10,25.65004538885114,-2.687709579443315e-10,0
0.4668002426624298,-5.753521548079732e-10,25.67016038915608,-2.6857452548071377e-10,0
0.4659951627254486,-5.741276898341141e-10,25.69027538946102,-2.675407262494339e-10,0
0.46541842818260193,-5.734948627100778e-10,25.710390389765962,-2.669150775733215e-10,0
0.46627646684646606,-5.747893827567907e-10,25.73046039007022,-2.680107625726974e-10,0
0.4668343663215637,-5.755746990132593e-10,25.75057539037516,-2.686980498845797e-10,0
0.4666481018066406,-5.750469544985037e-10,25.7706903906801,-2.683445697664164e-10,0
0.4657522141933441,-5.737376129744121e-10,25.790805390985042,-2.6721956360883633e-10,0
0.4653961956501007,-5.734995256467812e-10,25.810920391289983,-2.6690449744314933e-10,0
0.4663151204586029,-5.749261067222733e-10,25.831035391594924,-2.6809673671099246e-10,0
0.4667569100856781,-5.754571263949515e-10,25.851105391899182,-2.685985902028911e-10,0
0.466450035572052,-5.748642117886504e-10,25.871220392204123,-2.6814543203791563e-10,0
0.4654778242111206,-5.735220631741811e-10,25.891335392509063,-2.6696180210339067e-10,0
0.46536174416542053,-5.736049968341206e-10,25.911450392814004,-2.669338217887269e-10,0
0.4663354158401489,-5.749589693238022e-10,25.931565393118944,-2.681237300506387e-10,0
0.4666389226913452,-5.753133525132625e-10,25.951680393423885,-2.6846360302673496e-10,0
0.46623650193214417,-5.745485198715983e-10,25.971750393728144,-2.67875492095225e-10,0
0.4652808606624603,-5.73237846079877e-10,25.991865394033084,-2.6671659838834015e-10,0
0.46545788645744324,-5.736730535055301e-10,26.011980394338025,-2.670206470022718e-10,0
0.46636876463890076,-5.750248055491625e-10,26.032095394642965,-2.68173608200687e-10,0
0.46655577421188354,-5.751609744031327e-10,26.052210394947906,-2.6834467370911493e-10,0
0.4660106897354126,-5.74193192992567e-10,26.072280395252164,-2.67580165907845e-10,0
0.46509310603141785,-5.730795282765655e-10,26.092395395557105,-2.665353378091676e-10,0
0.4654797315597534,-5.73770475575941e-10,26.112510395862046,-2.6707852694800105e-10,0
0.46634575724601746,-5.749597464799194e-10,26.132625396166986,-2.6813003835815625e-10,0
0.4664139747619629,-5.749078990646694e-10,26.152740396471927,-2.6814507832480184e-10,0
0.46575793623924255,-5.738609032412967e-10,26.172855396776868,-2.67280269982054e-10,0
0.4649806320667267,-5.729388630193455e-10,26.192925397081126,-2.66405474662327e-10,0
0.4655905067920685,-5.739222430634072e-10,26.213040397386067,-2.672127480071325e-10,0
0.46634769439697266,-5.749186127168571e-10,26.233155397691007,-2.6811196950641234e-10,0
0.4662940502166748,-5.746558229269283e-10,26.253270397995948,-2.679585911531937e-10,0
0.46551385521888733,-5.7341065229366e-10,26.27338539830089,-2.6693060337279856e-10,0
0.46489575505256653,-5.727001650690511e-10,26.29350039860583,-2.66245875658506e-10,0
0.4656926989555359,-5.739299036022771e-10,26.313570398910088,-2.67274965819835e-10,0
0.4663090109825134,-5.747807785283499e-10,26.333685399215028,-2.680254563673139e-10,0
0.4661625921726227,-5.743426845228328e-10,26.35380039951997,-2.677370746125466e-10,0
0.46529772877693176,-5.730905749956605e-10,26.37391539982491,-2.666577429289467e-10,0
0.4648662507534027,-5.726968343999772e-10,26.39403040012985,-2.6622743022585975e-10,0
0.4657667577266693,-5.740751207738981e-10,26.41414540043479,-2.673851076944046e-10,0
0.46628257632255554,-5.74696568111932e-10,26.43421540073905,-2.679709963829627e-10,0
0.4660208225250244,-5.741520592295046e-10,26.45433040104399,-2.675668148965703e-10,0
0.4650689363479614,-5.728365559676263e-10,26.47444540134893,-2.6640848778509343e-10,0
0.4648796617984772,-5.727704976976611e-10,26.49456040165387,-2.6626935525783413e-10,0
0.46584033966064453,-5.741587760788036e-10,26.51467540195881,-2.674663192676898e-10,0
0.4662046432495117,-5.74581104917371e-10,26.53474540226307,-2.678723790359132e-10,0
0.4658641219139099,-5.739135833238151e-10,26.55486040256801,-2.673657475496147e-10,0
0.4648486375808716,-5.72595248993224e-10,26.57497540287295,-2.661701213797801e-10,0
0.4649240970611572,-5.728757468403955e-10,26.595090403177892,-2.66343739328007e-10,0
0.46588823199272156,-5.742242792372565e-10,26.615205403482832,-2.675243342211403e-10,0
0.46613845229148865,-5.744180686662048e-10,26.635320403787773,-2.6775834949633076e-10,0
0.465637743473053,-5.735331654044273e-10,26.65539040409203,-2.670586889458748e-10,0
0.4647195041179657,-5.723225227072248e-10,26.675505404396972,-2.659694389480447e-10,0
0.46499499678611755,-5.729650642827266e-10,26.695620404701913,-2.664258882247041e-10,0
0.4659169912338257,-5.742182840329235e-10,26.715735405006853,-2.6753805520807005e-10,0
0.4660453498363495,-5.742717412715592e-10,26.735850405311794,-2.676366745620334e-10,0
0.46542149782180786,-5.732316843420904e-10,26.755965405616735,-2.6679434912541347e-10,0
0.46458467841148376,-5.722196605439933e-10,26.776035405920993,-2.6584448697455954e-10,0
0.4650915861129761,-5.730860785924108e-10,26.796150406225934,-2.6653751327181e-10,0
0.46591582894325256,-5.742100128713901e-10,26.816265406530874,-2.675335341344894e-10,0
0.46590664982795715,-5.739940744931005e-10,26.836380406835815,-2.674276562681793e-10,0
0.46517664194107056,-5.728618690525877e-10,26.856495407140756,-2.6648196054196805e-10,0
0.4644872844219208,-5.720127704833544e-10,26.876610407445696,-2.6569265841647273e-10,0
0.46522799134254456,-5.731672358955109e-10,26.896680407749955,-2.6665344185902693e-10,0
0.46589168906211853,-5.741158659589018e-10,26.916795408054895,-2.674758105089536e-10,0
0.46579015254974365,-5.737771924252399e-10,26.936910408359836,-2.6725976598931613e-10,0
0.46492716670036316,-5.725202534279106e-10,26.957025408664776,-2.6618021930481234e-10,0
0.46443477272987366,-5.719589246666601e-10,26.977140408969717,-2.656376131883832e-10,0
0.46530094742774963,-5.733171160038353e-10,26.997210409273976,-2.667649972531296e-10,0
0.46583420038223267,-5.740610764526366e-10,27.017325409578916,-2.674172825198777e-10,0
0.4656357169151306,-5.735790731264956e-10,27.037440409883857,-2.670789029227719e-10,0
0.4647302031517029,-5.722562979038059e-10,27.057555410188797,-2.6594478557967714e-10,0
0.4644286334514618,-5.720814377774275e-10,27.077670410493738,-2.656910003699181e-10,0
0.46537473797798157,-5.734712704708045e-10,27.09778541079868,-2.6687904223325083e-10,0
0.46578139066696167,-5.739393404979864e-10,27.117855411102937,-2.6733026417563096e-10,0
0.4654797315597534,-5.732871954933216e-10,27.137970411407878,-2.6685356986487523e-10,0
0.46448880434036255,-5.719649198709931e-10,27.15808541171282,-2.6567130175550884e-10,0
0.46445584297180176,-5.721054185947594e-10,27.17820041201776,-2.657177044621645e-10,0
0.46542149782180786,-5.734926422640285e-10,27.1983154123227,-2.669158045523104e-10,0
0.46570777893066406,-5.737409991546372e-10,27.21843041262764,-2.671956463977661e-10,0
0.46525833010673523,-5.729187124714485e-10,27.2385004129319,-2.6655520345136693e-10,0
0.46432557702064514,-5.716522255561074e-10,27.25861541323684,-2.6543274948647555e-10,0
0.4645279049873352,-5.721268458991347e-10,27.27873041354178,-2.65768885112537e-10,0
0.4654594361782074,-5.73501635070528e-10,27.29884541384672,-2.66941747707208e-10,0
0.46561503410339355,-5.735490971048307e-10,27.31896041415166,-2.6705308240843633e-10,0
0.4650651216506958,-5.72609182292183e-10,27.3390754144566,-2.6630055902101956e-10,0
0.4641937017440796,-5.71503067092749e-10,27.35914541476086,-2.6528812427187824e-10,0
0.4646202325820923,-5.722628482196512e-10,27.3792604150658,-2.6588489763790493e-10,0
0.4654521644115448,-5.734995256467812e-10,27.39937541537074,-2.6693659550128855e-10,0
0.4654831886291504,-5.734012709091019e-10,27.419490415675682,-2.6690865194677603e-10,0
0.4648129940032959,-5.723333473817149e-10,27.439605415980623,-2.6602797676442333e-10,0
0.46405044198036194,-5.713802764262255e-10,27.45967541628488,-2.651492698144513e-10,0
0.4646892249584198,-5.723919116462639e-10,27.47979041658982,-2.659843537953707e-10,0
0.4654410183429718,-5.73464442599203e-10,27.499905416894762,-2.6691387414685776e-10,0
0.46533796191215515,-5.73180225504899e-10,27.520020417199703,-2.667225179447992e-10,0
0.4645692706108093,-5.719737461440388e-10,27.540135417504644,-2.6572142605466834e-10,0
0.4639599621295929,-5.712857964468299e-10,27.560250417809584,-2.650537364846455e-10,0
0.4647843837738037,-5.725623863916951e-10,27.580320418113843,-2.661180559311225e-10,0
0.4653770625591278,-5.733655772388602e-10,27.600435418418783,-2.6683118810793946e-10,0
0.4652107357978821,-5.729224872297323e-10,27.620550418723724,-2.6652969183929645e-10,0
0.46427497267723083,-5.71627412071507e-10,27.640665419028664,-2.653923011210551e-10,0
0.4639301002025604,-5.712872952479131e-10,27.660780419333605,-2.6503737212881405e-10,0
0.46486353874206543,-5.726911722625516e-10,27.680895419638546,-2.6622324494431153e-10,0
0.46529901027679443,-5.732090913035393e-10,27.700965419942804,-2.667136228651975e-10,0
0.4650072753429413,-5.726121798943495e-10,27.721080420247745,-2.662688296008536e-10,0
0.46404504776000977,-5.713056694389707e-10,27.741195420552685,-2.651115666603715e-10,0
0.46391478180885315,-5.712938455637584e-10,27.761310420857626,-2.650316597134516e-10,0
0.46485552191734314,-5.727056051618717e-10,27.781425421162567,-2.6622536299250974e-10,0
0.4652007818222046,-5.730252938818126e-10,27.801540421467507,-2.6657181471771775e-10,0
0.46482089161872864,-5.722602391955434e-10,27.821610421771766,-2.659985146208194e-10,0
0.46386417746543884,-5.710052985996583e-10,27.841725422076706,-2.648689031633378e-10,0
0.4639914035797119,-5.713621242797728e-10,27.861840422381647,-2.651071139968576e-10,0
0.46491682529449463,-5.727262553101298e-10,27.881955422686588,-2.6627007238158973e-10,0
0.4651402235031128,-5.72964897749273e-10,27.902070422991528,-2.66509020598535e-10,0
0.4646276831626892,-5.720229290240297e-10,27.922140423295787,-2.6577768822837035e-10,0
0.4637097418308258,-5.708207240218144e-10,27.942255423600727,-2.646951305678406e-10,0
0.46403968334198,-5.715115047877362e-10,27.962370423905668,-2.6520401770799956e-10,0
0.46491068601608276,-5.727723850768029e-10,27.98248542421061,-2.662880024771244e-10,0
0.46502068638801575,-5.727526786181159e-10,28.00260042451555,-2.663418437415708e-10,0
0.46436962485313416,-5.717171180918967e-10,28.02271542482049,-2.654880636504491e-10,0
0.4635569453239441,-5.707225247952863e-10,28.042785425124748,-2.6456239022167185e-10,0
0.4640856683254242,-5.716287443391366e-10,28.06290042542969,-2.6528470785065124e-10,0
0.4648972749710083,-5.72735192605478e-10,28.08301542573463,-2.662630303222823e-10,0
0.46484556794166565,-5.724611895630005e-10,28.10313042603957,-2.661060467869745e-10,0
0.46413281559944153,-5.713550188524152e-10,28.12324542634451,-2.651846136068435e-10,0
0.463454931974411,-5.705526051613674e-10,28.14336042664945,-2.644254188128845e-10,0
0.46422213315963745,-5.717982198838456e-10,28.16343042695371,-2.6544138937136223e-10,0
0.46484285593032837,-5.726669138894636e-10,28.18354542725865,-2.6620012374918567e-10,0
0.4647122025489807,-5.72337677251511e-10,28.20366042756359,-2.659723025973173e-10,0
0.46385458111763,-5.711282002884843e-10,28.22377542786853,-2.649204321092808e-10,0
0.46336716413497925,-5.70693881041251e-10,28.243890428173472,-2.6444080524726966e-10,0
0.4642481505870819,-5.722172735644904e-10,28.264005428478413,-2.6565081098629697e-10,0
0.46474403142929077,-5.729604568571744e-10,28.28407542878267,-2.662799525693715e-10,0
0.4644800126552582,-5.724888896274649e-10,28.304190429087612,-2.659096466991596e-10,0
0.46353691816329956,-5.712332273866139e-10,28.324305429392552,-2.647876897752663e-10,0
0.4632905423641205,-5.71047709119199e-10,28.344420429697493,-2.645610028736222e-10,0
0.4642148017883301,-5.724172247312254e-10,28.364535430002434,-2.657245485188318e-10,0
0.46457889676094055,-5.728585938946651e-10,28.384605430306692,-2.661380135516072e-10,0
0.4642508327960968,-5.722344820213721e-10,28.404720430611633,-2.6566033483306506e-10,0
0.4632686972618103,-5.70901048657646e-10,28.424835430916573,-2.6448058507702904e-10,0
0.4632583260536194,-5.711032202704303e-10,28.444950431221514,-2.64568321826311e-10,0
0.46420788764953613,-5.724517526672912e-10,28.465065431526455,-2.6573661888695796e-10,0
0.46447309851646423,-5.726142338069451e-10,28.485180431831395,-2.659639074309429e-10,0
0.46401283144950867,-5.718065465565303e-10,28.505250432135654,-2.653255747090609e-10,0
0.46303263306617737,-5.7058563429635e-10,28.525365432440594,-2.641997686379739e-10,0
0.46328288316726685,-5.711373596284375e-10,28.545480432745535,-2.6459816265320267e-10,0
0.464190274477005,-5.7242194317908e-10,28.565595433050476,-2.657126989209577e-10,0
0.4643059968948364,-5.724835050457955e-10,28.585710433355416,-2.658075245161382e-10,0
0.46370169520378113,-5.714463902073419e-10,28.605825433660357,-2.6498065985722583e-10,0
0.4628318250179291,-5.704002825623888e-10,28.625895433964615,-2.6399940376909285e-10,0
0.46330204606056213,-5.711959238929865e-10,28.646010434269556,-2.6463624024107375e-10,0
0.46410444378852844,-5.723512219724114e-10,28.666125434574496,-2.6563074552519057e-10,0
0.46413013339042664,-5.722506357663804e-10,28.686240434879437,-2.6559876391100656e-10,0
0.4634319245815277,-5.711332518032464e-10,28.706355435184378,-2.6468138207568475e-10,0
0.46267396211624146,-5.703029160031292e-10,28.72647043548932,-2.6386430975361384e-10,0
0.46333953738212585,-5.713861050971047e-10,28.746540435793577,-2.6474577360226726e-10,0
0.4640519618988037,-5.723698182080739e-10,28.766655436098517,-2.656093370711183e-10,0
0.46396419405937195,-5.72041247703936e-10,28.786770436403458,-2.6540665645967424e-10,0
0.46315181255340576,-5.708162276185647e-10,28.8068854367084,-2.6437457045643565e-10,0
0.46255746483802795,-5.701643046585048e-10,28.82700043701334,-2.63733755303975e-10,0
0.4633983373641968,-5.714647088872482e-10,28.847070437317598,-2.6481579596066555e-10,0
0.46400636434555054,-5.722386453577144e-10,28.86718543762254,-2.655223733704559e-10,0
0.463807076215744,-5.717418760653459e-10,28.88730043792748,-2.6517792788797235e-10,0
0.46292418241500854,-5.70251734721694e-10,28.90741543823242,-2.6398331806678053e-10,0
0.4625892639160156,-5.699530292169186e-10,28.92753043853736,-2.636541522521577e-10,0
0.4635081887245178,-5.713143291785627e-10,28.9476454388423,-2.6480886990991855e-10,0
0.463930606842041,-5.71886649147757e-10,28.96771543914656,-2.653157201839803e-10,0
0.463632732629776,-5.713120532213622e-10,28.9878304394515,-2.648789684193482e-10,0
0.46265825629234314,-5.700510063988418e-10,29.00794543975644,-2.6373880461818347e-10,0
0.46256399154663086,-5.701643046585048e-10,29.02806044006138,-2.6373747660024726e-10,0
0.4635108709335327,-5.715716788756708e-10,29.04817544036632,-2.649296866766037e-10,0
0.4638316333293915,-5.71869607224329e-10,29.068290440671262,-2.652512139702981e-10,0
0.4634021520614624,-5.710901196387397e-10,29.08836044097552,-2.6464439046163e-10,0
0.462451696395874,-5.698442273605053e-10,29.10847544128046,-2.635254296242618e-10,0
0.4625992476940155,-5.702554539688265e-10,29.128590441585402,-2.637997439993884e-10,0
0.4635154902935028,-5.715452555676848e-10,29.148705441890343,-2.6492007935938077e-10,0
0.4636971354484558,-5.716534468014345e-10,29.168820442195283,-2.650740657510614e-10,0
0.4631468653678894,-5.706816685879801e-10,29.188935442500224,-2.643094259294397e-10,0
0.46222925186157227,-5.696239036012685e-10,29.209005442804482,-2.632968308040827e-10,0
0.46258774399757385,-5.703053584937834e-10,29.229120443109423,-2.6381626917536685e-10,0
0.4634292721748352,-5.71540759164435e-10,29.249235443414364,-2.648687180378269e-10,0
0.46351853013038635,-5.715030115815978e-10,29.269350443719304,-2.6490223589339137e-10,0
0.4628567695617676,-5.704224315117301e-10,29.289465444024245,-2.64023883935088e-10,0
0.46206948161125183,-5.695042770703651e-10,29.309535444328503,-2.6315054608129434e-10,0
0.46263524889945984,-5.704728356370481e-10,29.329650444633444,-2.639208423053264e-10,0
0.46342694759368896,-5.715062312283692e-10,29.349765444938384,-2.6485138826893614e-10,0
0.463375985622406,-5.712317285855306e-10,29.369880445243325,-2.6469506525211097e-10,0
0.4626027047634125,-5.700167560185321e-10,29.389995445548266,-2.636912930946391e-10,0
0.46195510029792786,-5.69279345885576e-10,29.410110445853206,-2.6298149732611005e-10,0
0.4627262353897095,-5.704905436942909e-10,29.430180446157465,-2.6398094160908777e-10,0
0.46335989236831665,-5.713790551808984e-10,29.450295446462405,-2.6475413751013153e-10,0
0.46319741010665894,-5.70950731137998e-10,29.470410446767346,-2.64462899961624e-10,0
0.4623425006866455,-5.696378369002275e-10,29.490525447072287,-2.633677819981827e-10,0
0.4618968367576599,-5.691935811569238e-10,29.510640447377227,-2.6290871463914746e-10,0
0.46279430389404297,-5.706128902716046e-10,29.530755447682168,-2.6407639534621515e-10,0
0.46328654885292053,-5.711642270256334e-10,29.550825447986426,-2.646127035669517e-10,0
0.46300581097602844,-5.706413674921862e-10,29.570940448291367,-2.6421026913218954e-10,0
0.46209341287612915,-5.693267524087275e-10,29.591055448596308,-2.630821420622319e-10,0
0.4619002640247345,-5.692222804221103e-10,29.611170448901248,-2.629239216157342e-10,0
0.4628460109233856,-5.706000671956701e-10,29.63128544920619,-2.640999649341317e-10,0
0.46319741010665894,-5.711058848056894e-10,29.65140044951113,-2.645347667386672e-10,0
0.46282875537872314,-5.704088867908297e-10,29.671470449815388,-2.640016351303627e-10,0
0.46186771988868713,-5.690812265868317e-10,29.69158545012033,-2.6284024855511727e-10,0
0.46194589138031006,-5.69383984405647e-10,29.71170045042527,-2.6302459221393915e-10,0
0.4628724753856659,-5.707252448416966e-10,29.73181545073021,-2.6417300684496636e-10,0
0.46312421560287476,-5.709231420958361e-10,29.75193045103515,-2.644083323526627e-10,0
0.46264442801475525,-5.700729333035781e-10,29.77200045133941,-2.637410661549276e-10,0
0.4617002606391907,-5.688061688324808e-10,29.79211545164435,-2.626179564031359e-10,0
0.4620068073272705,-5.693900351211312e-10,29.81223045194929,-2.6306207225027624e-10,0
0.4629153609275818,-5.706739525379589e-10,29.83234545225423,-2.6417373871107894e-10,0
0.4630112051963806,-5.706575212371945e-10,29.85246045255917,-2.642208266624126e-10,0
0.46238502860069275,-5.696205729321946e-10,29.872575452864112,-2.633840249067958e-10,0
0.4615805745124817,-5.686764392720534e-10,29.89264545316837,-2.624899975509068e-10,0
0.4620738923549652,-5.695273141981261e-10,29.91276045347331,-2.6316370287399736e-10,0
0.46283912658691406,-5.707250227970917e-10,29.93287545377825,-2.6415387107270254e-10,0
0.46282801032066345,-5.705724781535082e-10,29.952990454083192,-2.640769248075184e-10,0
0.46210798621177673,-5.694168470071759e-10,29.973105454388133,-2.631320724855454e-10,0
0.46138796210289,-5.685742432426366e-10,29.993220454693073,-2.62333311393913e-10,0
0.46209174394607544,-5.697346483479748e-10,30.013290454997332,-2.632696772416197e-10,0
0.462759405374527,-5.706664585325427e-10,30.033405455302272,-2.6408127101770663e-10,0
0.46264103055000305,-5.703239547294459e-10,30.053520455607213,-2.638552621633841e-10,0
0.46181365847587585,-5.690881654807356e-10,30.073635455912154,-2.6281268769598315e-10,0
0.4612703025341034,-5.685378834385801e-10,30.093750456217094,-2.6224964149581267e-10,0
0.4621344208717346,-5.698216898331054e-10,30.113865456522035,-2.6333421663117537e-10,0
0.4626801311969757,-5.704350880542108e-10,30.133935456826293,-2.6392898138028066e-10,0
0.4624432623386383,-5.699063443387331e-10,30.154050457131234,-2.635493491034911e-10,0
0.46151822805404663,-5.68657620991786e-10,30.174165457436175,-2.624458576095587e-10,0
0.4612361788749695,-5.685041326586315e-10,30.194280457741115,-2.6221467382209595e-10,0
0.4621884524822235,-5.698571614587422e-10,30.214395458046056,-2.6338139959052865e-10,0
0.46254417300224304,-5.703397198963955e-10,30.234465458350314,-2.638073140698092e-10,0
0.4622221887111664,-5.697496918699585e-10,30.254580458655255,-2.6335094959364485e-10,0
0.4612569212913513,-5.684163140173837e-10,30.274695458960196,-2.621859590154364e-10,0
0.4611944556236267,-5.684940296291074e-10,30.294810459265136,-2.621862945200781e-10,0
0.46212559938430786,-5.698380656227187e-10,30.314925459570077,-2.633367576278934e-10,0
0.4624049663543701,-5.701460414897497e-10,30.335040459875017,-2.63638361132145e-10,0
0.461965411901474,-5.693412963303501e-10,30.355110460179276,-2.6301598647176937e-10,0
0.4609982371330261,-5.681149994885004e-10,30.375225460484216,-2.6190001325302873e-10,0
0.46121665835380554,-5.685552029177643e-10,30.395340460789157,-2.622271307794011e-10,0
0.462126761674881,-5.698162497402848e-10,30.415455461094098,-2.6332733824220304e-10,0
0.46231645345687866,-5.699318239571483e-10,30.43557046139904,-2.634888595640789e-10,0
0.46175697445869446,-5.690123372481537e-10,30.45568546170398,-2.6274541527737774e-10,0
0.4608984887599945,-5.679822168147552e-10,30.475755462008237,-2.6178214537247223e-10,0
0.4613235890865326,-5.687249560182295e-10,30.495870462313178,-2.6236623791341e-10,0
0.46217963099479675,-5.698764238282195e-10,30.51598546261812,-2.6338527527756087e-10,0
0.46221375465393066,-5.697355920375458e-10,30.53610046292306,-2.633396271556541e-10,0
0.461534321308136,-5.686313087061023e-10,30.556215463228,-2.624428651382281e-10,0
0.46077099442481995,-5.677017189675837e-10,30.57633046353294,-2.615804855853732e-10,0
0.46138545870780945,-5.68676605805507e-10,30.5964004638372,-2.62379116625974e-10,0
0.4620665907859802,-5.696658145204481e-10,30.61651546414214,-2.63223540802782e-10,0
0.4619757831096649,-5.694155147395463e-10,30.63663046444708,-2.6305617833659486e-10,0
0.46117833256721497,-5.682326276179595e-10,30.65674546475202,-2.620565757151377e-10,0
0.4605973958969116,-5.67604574452929e-10,30.67686046505696,-2.614371888921938e-10,0
0.4613823890686035,-5.688281512483684e-10,30.69693046536122,-2.6244729139244915e-10,0
0.46193361282348633,-5.695969251817701e-10,30.71704546566616,-2.631159655023641e-10,0
0.46177229285240173,-5.691324078682669e-10,30.7371604659711,-2.628095769179379e-10,0
0.4608851969242096,-5.678083003779477e-10,30.75727546627604,-2.616944403348912e-10,0
0.460518479347229,-5.675508951696884e-10,30.777390466580982,-2.6136767519570347e-10,0
0.4613959789276123,-5.688560733574377e-10,30.797505466885923,-2.624679048356726e-10,0
0.4617944657802582,-5.693437388210043e-10,30.81757546719018,-2.629197877141805e-10,0
0.4615374207496643,-5.687743054316741e-10,30.837690467495122,-2.6251062591761663e-10,0
0.4606276750564575,-5.675647729574962e-10,30.857805467800063,-2.6143604181135764e-10,0
0.4604909121990204,-5.678317260837673e-10,30.877920468105003,-2.614813495198583e-10,0
0.46142205595970154,-5.695302007779901e-10,30.898035468409944,-2.627937961741218e-10,0
0.461740106344223,-5.699810068371391e-10,30.918150468714884,-2.6318309071116794e-10,0
0.4613359272480011,-5.693454596666925e-10,30.938220469019143,-2.62659515559773e-10,0
0.4603709578514099,-5.68137703549354e-10,30.958335469324084,-2.6155409877451647e-10,0
0.46044185757637024,-5.684684389883898e-10,30.978450469629024,-2.617466640213537e-10,0
0.46131208539009094,-5.697372573720827e-10,30.998565469933965,-2.6282668232274643e-10,0
0.46147531270980835,-5.699382077395398e-10,31.018680470238905,-2.6301241264187186e-10,0
0.4609752595424652,-5.689420046195437e-10,31.038795470543846,-2.622681882441046e-10,0
0.4600796699523926,-5.677759373767799e-10,31.058865470848104,-2.612221658752192e-10,0
0.46040886640548706,-5.684621107171495e-10,31.078980471153045,-2.6172499598975327e-10,0
0.46126455068588257,-5.697354255040921e-10,31.099095471457986,-2.6279875505497515e-10,0
0.46133163571357727,-5.697483040911777e-10,31.119210471762926,-2.6284291707141964e-10,0
0.4606974124908447,-5.686673354432514e-10,31.139325472067867,-2.6198357000676917e-10,0
0.45989876985549927,-5.677436298867633e-10,31.159395472372125,-2.611045969782183e-10,0
0.46040427684783936,-5.686268678140038e-10,31.179510472677066,-2.617982418721584e-10,0
0.4611564874649048,-5.69704450281705e-10,31.199625472982007,-2.6272290318503557e-10,0
0.4611051380634308,-5.694648641529909e-10,31.219740473286947,-2.6258317480753773e-10,0
0.46038398146629333,-5.683748471874139e-10,31.239855473591888,-2.616706751134377e-10,0
0.4597674012184143,-5.677081582611265e-10,31.25997047389683,-2.610137045742104e-10,0
0.4604802429676056,-5.687771920115381e-10,31.280040474201087,-2.619106595719055e-10,0
0.4610990285873413,-5.695701132957254e-10,31.300155474506028,-2.626282259530409e-10,0
0.4609541594982147,-5.691891402648253e-10,31.320270474810968,-2.6237010174628397e-10,0
0.4601280093193054,-5.679782200118666e-10,31.34038547511591,-2.6134268771078266e-10,0
0.45967695116996765,-5.67546953877951e-10,31.36050047542085,-2.6088825340441874e-10,0
0.4605039060115814,-5.688864379571612e-10,31.38061547572579,-2.619744267562879e-10,0
0.46093612909317017,-5.694546501011644e-10,31.40068547603005,-2.6248222211173634e-10,0
0.46065834164619446,-5.688964299643828e-10,31.42080047633499,-2.62066885995833e-10,0
0.4597378969192505,-5.676146774824531e-10,31.44091547663993,-2.6095397808628163e-10,0
0.4595075845718384,-5.674525849208578e-10,31.46103047694487,-2.6074876665602937e-10,0
0.46041885018348694,-5.687757487216061e-10,31.48114547724981,-2.6187507623865376e-10,0
0.4607483744621277,-5.691427884535472e-10,31.50126047755475,-2.6223161461681447e-10,0
0.46041378378868103,-5.684301362940403e-10,31.52133047785901,-2.6171306987065475e-10,0
0.4594217538833618,-5.670209302088836e-10,31.54144547816395,-2.605017502451406e-10,0
0.4594424366950989,-5.672204927975599e-10,31.56156047846889,-2.606051653543057e-10,0
0.46033990383148193,-5.686097703794246e-10,31.581675478773832,-2.6175376701410535e-10,0
0.4605851471424103,-5.688404747239417e-10,31.601790479078772,-2.619994737512852e-10,0
0.46011653542518616,-5.679933190450015e-10,31.62186047938303,-2.613431181036385e-10,0
0.4591922163963318,-5.667858404834192e-10,31.64197547968797,-2.60263646313639e-10,0
0.45944473147392273,-5.67389746297664e-10,31.662090479992912,-2.606842296287874e-10,0
0.4602946937084198,-5.686484061406816e-10,31.682205480297853,-2.6174584393230613e-10,0
0.46039777994155884,-5.686838777663183e-10,31.702320480602793,-2.618207948121698e-10,0
0.4597785174846649,-5.67689784070069e-10,31.722435480907734,-2.6101156731092586e-10,0
0.45893749594688416,-5.666609959043001e-10,31.742505481211992,-2.6006197851108706e-10,0
0.4594125747680664,-5.674674063982366e-10,31.762620481516933,-2.607016622703706e-10,0
0.4602257013320923,-5.685396042842683e-10,31.782735481821874,-2.616565381167976e-10,0
0.46021804213523865,-5.683210013707196e-10,31.802850482126814,-2.6155157855517086e-10,0
0.45952868461608887,-5.67161928533011e-10,31.822965482431755,-2.606271749830987e-10,0
0.4587944746017456,-5.663199909022865e-10,31.843080482736696,-2.5982448268247987e-10,0
0.4594886004924774,-5.674239966779737e-10,31.863150483040954,-2.607248581194103e-10,0
0.46016475558280945,-5.683758463881361e-10,31.883265483345895,-2.615465324323691e-10,0
0.4600582718849182,-5.680068082547507e-10,31.903380483650835,-2.613162306245487e-10,0
0.45924320816993713,-5.667484814786405e-10,31.923495483955776,-2.602753908596911e-10,0
0.4586917757987976,-5.662137980699811e-10,31.943610484260716,-2.597176125185014e-10,0
0.4595555067062378,-5.674424818913337e-10,31.963725484565657,-2.6077131729221703e-10,0
0.46007850766181946,-5.682200820977812e-10,31.983795484869916,-2.614258473950237e-10,0
0.4598865807056427,-5.677494030464914e-10,32.003910485174856,-2.611003316647207e-10,0
0.4589649736881256,-5.664657631854197e-10,32.0240254854798,-2.5998794409562017e-10,0
0.4586522877216339,-5.662232349656904e-10,32.04414048578474,-2.5969958207815815e-10,0
0.4595792591571808,-5.674709591119154e-10,32.06425548608968,-2.607978829818689e-10,0
0.4599982500076294,-5.679957615356557e-10,32.084325486393936,-2.612770563181524e-10,0
0.4597076177597046,-5.674399838895283e-10,32.10444048669888,-2.608564832154602e-10,0
0.4587155282497406,-5.660977242527565e-10,32.12455548700382,-2.596778166215792e-10,0
0.458653062582016,-5.661631719000582e-10,32.14467048730876,-2.5967247271311005e-10,0
0.45958808064460754,-5.67540958673618e-10,32.1647854876137,-2.608350598840086e-10,0
0.45986858010292053,-5.677808778692395e-10,32.18490048791864,-2.611045861153169e-10,0
0.4594440460205078,-5.669952840570147e-10,32.2049704882229,-2.6050260738170197e-10,0
0.4584944248199463,-5.657487256449656e-10,32.22508548852784,-2.593926365572061e-10,0
0.4587193429470062,-5.661370816589795e-10,32.24520048883278,-2.5969803011654267e-10,0
0.4595872759819031,-5.674782865838779e-10,32.26531548913772,-2.6080579990996217e-10,0
0.45977315306663513,-5.675027114904196e-10,32.28543048944266,-2.609225110358152e-10,0
0.45924049615859985,-5.665330982118633e-10,32.3055454897476,-2.6017494111308486e-10,0
0.45834681391716003,-5.654544055211375e-10,32.32561549005186,-2.5917422518603514e-10,0
0.4587346613407135,-5.662617041934936e-10,32.3457304903568,-2.597638711034176e-10,0
0.4595646858215332,-5.675201419919063e-10,32.36584549066174,-2.608122157519023e-10,0
0.4596041440963745,-5.674529734989164e-10,32.38596049096668,-2.608037381999122e-10,0
0.4589170813560486,-5.66375557564669e-10,32.40607549127162,-2.5991941782898256e-10,0
0.4581384062767029,-5.654026136170387e-10,32.42619049157656,-2.5903265230719253e-10,0
0.45876502990722656,-5.663886581963595e-10,32.44626049188082,-2.598393097165668e-10,0
0.45949187874794006,-5.673942427009138e-10,32.46637549218576,-2.6071304656940754e-10,0
0.45939990878105164,-5.671013658670176e-10,32.4864904924907,-2.605263157489177e-10,0
0.4586193263530731,-5.658526425200705e-10,32.50660549279564,-2.5951095772766103e-10,0
0.4580192565917969,-5.651851764376659e-10,32.526720493100584,-2.5886569434868327e-10,0
0.4588368833065033,-5.664535507321489e-10,32.54679049340484,-2.5990978175584144e-10,0
0.45940372347831726,-5.672242675558437e-10,32.56690549370978,-2.6058494056241584e-10,0
0.45921599864959717,-5.668053248975014e-10,32.58702049401472,-2.6028607331271546e-10,0
0.4583430588245392,-5.654990364867274e-10,32.607135494319664,-2.591925581456563e-10,0
0.4579579532146454,-5.651487611224582e-10,32.627250494624604,-2.588143699054335e-10,0
0.45884543657302856,-5.665986013703161e-10,32.647365494929545,-2.599811826074301e-10,0
0.4592808187007904,-5.671169645005136e-10,32.6674354952338,-2.60465943754903e-10,0
0.4590063691139221,-5.665207192251387e-10,32.687550495538744,-2.6003661835933865e-10,0
0.4580295979976654,-5.651922818650235e-10,32.707665495843685,-2.588747936540199e-10,0
0.4579008221626282,-5.652050494298066e-10,32.727780496148625,-2.5880785682437736e-10,0
0.4588565230369568,-5.666051516861614e-10,32.747895496453566,-2.5999046983753953e-10,0
0.45916885137557983,-5.669680280817602e-10,32.76801049675851,-2.603340582209793e-10,0
0.45876428484916687,-5.66153290915139e-10,32.788080497062765,-2.5973090962168606e-10,0
0.45778971910476685,-5.649555268050221e-10,32.808195497367706,-2.5863083192275666e-10,0
0.4578947126865387,-5.652739387684846e-10,32.828310497672646,-2.5883594778158334e-10,0
0.4588392972946167,-5.665875546512211e-10,32.84842549797759,-2.5997263543204154e-10,0
0.45904624462127686,-5.666965230410881e-10,32.86854049828253,-2.601399107419464e-10,0
0.4585082232952118,-5.658413737563706e-10,32.88865549858747,-2.5944292294795535e-10,0
0.45763319730758667,-5.646926815039421e-10,32.90872549889173,-2.5842211733284375e-10,0
0.4579705595970154,-5.653900125857092e-10,32.92884049919667,-2.589319804544408e-10,0
0.45883241295814514,-5.665672375698705e-10,32.94895549950161,-2.5995941271721434e-10,0
0.4589262902736664,-5.66445668148674e-10,32.96907049980655,-2.599568091250593e-10,0
0.45829132199287415,-5.654464674265114e-10,32.98918550011149,-2.5913920907309655e-10,0
0.4574957489967346,-5.644147926808785e-10,33.00925550041575,-2.582173683223752e-10,0
0.45806601643562317,-5.653389978377277e-10,33.02937050072069,-2.589625826752353e-10,0
0.45880940556526184,-5.664972935193191e-10,33.04948550102563,-2.5991428649392846e-10,0
0.4587787389755249,-5.662609270373764e-10,33.06960050133057,-2.5978847403731926e-10,0
0.45801541209220886,-5.651140666529386e-10,33.08971550163551,-2.5883095211714967e-10,0
0.4573371410369873,-5.643289169299237e-10,33.10983050194045,-2.580885734732308e-10,0
0.4580906331539154,-5.654410273336907e-10,33.12990050224471,-2.5902323822249077e-10,0
0.4587101638317108,-5.660716340116778e-10,33.15001550254965,-2.59662811977981e-10,0
0.45856645703315735,-5.658145618703259e-10,33.17013050285459,-2.5946357897464353e-10,0
0.457684725522995,-5.645703904377797e-10,33.19024550315953,-2.583952441859253e-10,0
0.4572233259677887,-5.641290767854912e-10,33.21036050346447,-2.5793297276300033e-10,0
0.4581277072429657,-5.654825496748117e-10,33.23047550376941,-2.5906322396842795e-10,0
0.45856761932373047,-5.66088953490862e-10,33.25054550407367,-2.5959006372776655e-10,0
0.4583614766597748,-5.655603763088379e-10,33.27066050437861,-2.5923108922517686e-10,0
0.45744484663009644,-5.641843103809663e-10,33.29077550468355,-2.5808320533332784e-10,0
0.4572049379348755,-5.64131186209238e-10,33.31089050498849,-2.5792356397792233e-10,0
0.45814990997314453,-5.655052537356653e-10,33.33100550529343,-2.590861810883353e-10,0
0.45850706100463867,-5.65930524665248e-10,33.351120505598374,-2.59483141597076e-10,0
0.45813557505607605,-5.652817658408082e-10,33.37119050590263,-2.589756868621928e-10,0
0.4571785032749176,-5.640323208488951e-10,33.39130550620757,-2.5786345224437596e-10,0
0.4572145342826843,-5.643047140679869e-10,33.41142050651251,-2.5800831703611796e-10,0
0.45815029740333557,-5.656740631465595e-10,33.431535506817454,-2.591637402639495e-10,0
0.4583595097064972,-5.658389867768676e-10,33.451650507122395,-2.593576805518662e-10,0
0.4579051434993744,-5.650589995909172e-10,33.47172050742665,-2.587434222932919e-10,0
0.4569604992866516,-5.638700617538461e-10,33.491835507731594,-2.576663449518326e-10,0
0.45725589990615845,-5.644418821226793e-10,33.511950508036534,-2.5809438075473154e-10,0
0.4581265449523926,-5.657128654412702e-10,33.532065508341475,-2.591680804797269e-10,0
0.45824533700942993,-5.657215251808623e-10,33.552180508646416,-2.5923925095999293e-10,0
0.45764410495758057,-5.647174394773913e-10,33.572295508951356,-2.584396071435674e-10,0
0.45678675174713135,-5.636544009313127e-10,33.592365509255615,-2.5746986290938957e-10,0
0.4572885036468506,-5.644357203848926e-10,33.612480509560555,-2.581099659796397e-10,0
0.4580560624599457,-5.656104473672485e-10,33.632595509865496,-2.590812944072502e-10,0
0.45802730321884155,-5.655571566620665e-10,33.65271051017044,-2.590406192820422e-10,0
0.45732107758522034,-5.644866796217229e-10,33.67282551047538,-2.5815165660710937e-10,0
0.4565807282924652,-5.635833466577367e-10,33.69294051078032,-2.573212948704943e-10,0
0.4572599232196808,-5.648461143259453e-10,33.713010511084576,-2.582814908676168e-10,0
0.4579472243785858,-5.658157276045017e-10,33.73312551138952,-2.5911374196623154e-10,0
0.4577939212322235,-5.654275381239415e-10,33.75324051169446,-2.5884928985044175e-10,0
0.4569842517375946,-5.641788147769944e-10,33.7733555119994,-2.5782083351706776e-10,0
0.45644044876098633,-5.636575095557816e-10,33.79347051230434,-2.572760866091409e-10,0
0.45726627111434937,-5.648975731631367e-10,33.81358551260928,-2.583086068418529e-10,0
0.4577760696411133,-5.654982038194589e-10,33.83365551291354,-2.588715451335811e-10,0
0.4575755298137665,-5.650274137458666e-10,33.85377051321848,-2.5854271820406716e-10,0
0.4566512107849121,-5.637302291638946e-10,33.87388551352342,-2.5742809170374844e-10,0
0.4563366174697876,-5.634758215578017e-10,33.89400051382836,-2.5713465043569687e-10,0
0.4572608768939972,-5.647909917527727e-10,33.9141155141333,-2.582568241507032e-10,0
0.4576551020145416,-5.65274271835392e-10,33.93418551443756,-2.5870065454302207e-10,0
0.45735442638397217,-5.646523804081482e-10,33.9543005147425,-2.582462655479131e-10,0
0.45637455582618713,-5.632573296665555e-10,33.97441551504744,-2.5705631364241853e-10,0
0.4563319981098175,-5.633807864668938e-10,33.99453051535238,-2.570886799851181e-10,0
0.457222580909729,-5.64758906307361e-10,34.01464551565732,-2.5822052473360744e-10,0
0.45750001072883606,-5.649881673619461e-10,34.03476051596226,-2.584820926297558e-10,0
0.4570590555667877,-5.641534461808817e-10,34.05483051626652,-2.578514413061824e-10,0
0.4561048150062561,-5.629719468380756e-10,34.07494551657146,-2.567742156662923e-10,0
0.456270694732666,-5.63528224084564e-10,34.0950605168764,-2.5712141430452953e-10,0
0.45719113945961,-5.648523315748832e-10,34.11517551718134,-2.582454810991383e-10,0
0.4573371410369873,-5.649716250388792e-10,34.13529051748628,-2.583825077623018e-10,0
0.45676353573799133,-5.639876898833052e-10,34.15540551779122,-2.5760901134380023e-10,0
0.45589688420295715,-5.628778554367386e-10,34.17547551809548,-2.566142604804517e-10,0
0.456281840801239,-5.635950039994952e-10,34.19559051840042,-2.5715816589127136e-10,0
0.4571252763271332,-5.646427769789852e-10,34.21570551870536,-2.5811248545263846e-10,0
0.45718005299568176,-5.645591216740797e-10,34.2358205190103,-2.581051691661513e-10,0
0.45651862025260925,-5.635124589176144e-10,34.255935519315244,-2.5725393024022447e-10,0
0.4557691216468811,-5.6263310677096e-10,34.276050519620185,-2.564307968824563e-10,0
0.45639002323150635,-5.636198174840956e-10,34.29612051992444,-2.5723046159530377e-10,0
0.45711031556129456,-5.645990897029662e-10,34.316235520229384,-2.5808406805974255e-10,0
0.4570068418979645,-5.643033818003573e-10,34.336350520534324,-2.578905063889226e-10,0
0.4562155306339264,-5.630492738717408e-10,34.356465520839265,-2.5687182325244315e-10,0
0.45560625195503235,-5.623990162462178e-10,34.376580521144206,-2.5623250789513664e-10,0
0.45639464259147644,-5.636952016274677e-10,34.396650521448464,-2.5726747007729836e-10,0
0.45697927474975586,-5.645540146481665e-10,34.416765521753405,-2.5798948417098215e-10,0
0.45679032802581787,-5.640895528458145e-10,34.436880522058345,-2.5767065188037654e-10,0
0.455898255109787,-5.627648347328318e-10,34.456995522363286,-2.5656350619184566e-10,0
0.45554110407829285,-5.624620214028653e-10,34.47711052266823,-2.5622457023196963e-10,0
0.45643970370292664,-5.637109667944173e-10,34.49722552297317,-2.5730006665773417e-10,0
0.45688584446907043,-5.643038258895672e-10,34.517295523277426,-2.578224300286822e-10,0
0.456609845161438,-5.637651456780191e-10,34.537410523582366,-2.574207158754558e-10,0
0.45565566420555115,-5.624382071189871e-10,34.55752552388731,-2.562781548393814e-10,0
0.45550161600112915,-5.624372634294161e-10,34.57764052419225,-2.5619108239135183e-10,0
0.4564274549484253,-5.637676436798245e-10,34.59775552449719,-2.5731903078705296e-10,0
0.4567382335662842,-5.641274669621055e-10,34.61787052480213,-2.576585827664944e-10,0
0.45633241534233093,-5.633640776103732e-10,34.63794052510639,-2.57081290253046e-10,0
0.45534950494766235,-5.621086374141271e-10,34.65805552541133,-2.559558897733278e-10,0
0.4554978013038635,-5.624639087820071e-10,34.67817052571627,-2.562010737629811e-10,0
0.4563971757888794,-5.637253996937375e-10,34.69828552602121,-2.57282680340679e-10,0
0.45660412311553955,-5.638713385103244e-10,34.71840052632615,-2.5746597807049226e-10,0
0.45604461431503296,-5.629500199333393e-10,34.73851552663109,-2.567303247191398e-10,0
0.45515987277030945,-5.616688225629218e-10,34.75858552693535,-2.55649109816789e-10,0
0.4555169343948364,-5.623494447881683e-10,34.77870052724029,-2.5615969514854474e-10,0
0.456380695104599,-5.636747180126633e-10,34.79881552754523,-2.572502596195081e-10,0
0.45644432306289673,-5.636401900765975e-10,34.81893052785017,-2.57270365010555e-10,0
0.45581164956092834,-5.626224486299236e-10,34.83904552815511,-2.5644986639001415e-10,0
0.45501509308815,-5.616518916617963e-10,34.85911552845937,-2.555600877676278e-10,0
0.4555579721927643,-5.625614418747205e-10,34.87923052876431,-2.562793496942853e-10,0
0.45637914538383484,-5.635833466577367e-10,34.89934552906925,-2.572076861002194e-10,0
0.45634159445762634,-5.633109534386449e-10,34.91946052937419,-2.5706221866763693e-10,0
0.45557329058647156,-5.621421661494708e-10,34.93957552967913,-2.560969564101214e-10,0
0.4549134075641632,-5.614123610442334e-10,34.95969052998407,-2.553940102112745e-10,0
0.4556775987148285,-5.625876986492528e-10,34.97976053028833,-2.563586115869931e-10,0
0.4563373923301697,-5.633721267273017e-10,34.99987553059327,-2.5708776722223877e-10,0
0.456199049949646,-5.63055824187586e-10,35.01999053089821,-2.5686553206299166e-10,0
0.4553414583206177,-5.617851739359025e-10,35.04010553120315,-2.558040803628757e-10,0
0.45487624406814575,-5.613786102642848e-10,35.060220531508094,-2.553577937372133e-10,0
0.45574840903282166,-5.626790700041795e-10,35.080335531813034,-2.564400909504725e-10,0
0.4562298655509949,-5.632553867762624e-10,35.10040553211729,-2.569739293798078e-10,0
0.45598867535591125,-5.627244781258867e-10,35.12052053242223,-2.565959893709695e-10,0
0.4550475478172302,-5.614176346036004e-10,35.140635532727174,-2.5547171792771813e-10,0
0.45485401153564453,-5.613269848936397e-10,35.160750533032115,-2.553218308620802e-10,0
0.4557637572288513,-5.627121546503133e-10,35.180865533337055,-2.5646380584176924e-10,0
0.45611706376075745,-5.630759192243318e-10,35.200980533641996,-2.5682853495099164e-10,0
0.45575591921806335,-5.623662091558401e-10,35.221050533946254,-2.563017285909976e-10,0
0.45478466153144836,-5.610861220084473e-10,35.241165534251195,-2.5517336208760465e-10,0
0.45484673976898193,-5.61402646592768e-10,35.261280534556136,-2.5535216350039846e-10,0
0.45577409863471985,-5.627607269076407e-10,35.281395534861076,-2.5649176305334966e-10,0
0.4560055434703827,-5.629907096071918e-10,35.30151053516602,-2.567268845032039e-10,0
0.45550668239593506,-5.620561793762135e-10,35.321580535470275,-2.560203455877936e-10,0
0.45457354187965393,-5.608298270232126e-10,35.341695535775216,-2.549384008616954e-10,0
0.45486706495285034,-5.614341214155161e-10,35.36181053608016,-2.55377890972658e-10,0
0.4557334780693054,-5.626670795955135e-10,35.3819255363851,-2.564262251791621e-10,0
0.4558541774749756,-5.62662638703415e-10,35.40204053669004,-2.5649211436204463e-10,0
0.45523032546043396,-5.616502263272594e-10,35.42215553699498,-2.5568021532588467e-10,0
0.4543917775154114,-5.606592967666302e-10,35.44222553729924,-2.547589744383296e-10,0
0.45491456985473633,-5.614686493515819e-10,35.46234053760418,-2.5542026910669467e-10,0
0.4556744396686554,-5.62513091661998e-10,35.48245553790912,-2.5632283784936394e-10,0
0.45567062497138977,-5.622980969732794e-10,35.50257053821406,-2.5622272526803734e-10,0
0.4549616873264313,-5.611510700553879e-10,35.522685538519,-2.553022376774317e-10,0
0.454255074262619,-5.603799646536345e-10,35.54280053882394,-2.5455544245902056e-10,0
0.45495519042015076,-5.614995690628177e-10,35.5628705391282,-2.5545714336380683e-10,0
0.4555966556072235,-5.623583265723653e-10,35.58298553943314,-2.5620857283924444e-10,0
0.4555085599422455,-5.619412712931648e-10,35.60310053973808,-2.559690592588642e-10,0
0.45468273758888245,-5.607042052879763e-10,35.62321554004302,-2.549425230379358e-10,0
0.45419418811798096,-5.602024955031482e-10,35.64333054034796,-2.5444071762671926e-10,0
0.455036461353302,-5.615067300013266e-10,35.6634455406529,-2.555060354458676e-10,0
0.4555366337299347,-5.621678123013396e-10,35.68351554095716,-2.56088032807074e-10,0
0.4553414583206177,-5.617033504989877e-10,35.7036305412621,-2.557668227597861e-10,0
0.454436331987381,-5.603799646536345e-10,35.72374554156704,-2.5465701565641586e-10,0
0.45415547490119934,-5.60248791803275e-10,35.74386054187198,-2.5444005610423953e-10,0
0.4551057815551758,-5.616806464381341e-10,35.76397554217692,-2.556241095816434e-10,0
0.4555189907550812,-5.621792475984932e-10,35.78404554248118,-2.5608332348951654e-10,0
0.4552360773086548,-5.615710674256036e-10,35.80416054278612,-2.5564740986486586e-10,0
0.4542703926563263,-5.602831532058872e-10,35.82427554309106,-2.54520048005563e-10,0
0.45428842306137085,-5.604599007114075e-10,35.844390543396,-2.546104444833178e-10,0
0.45519354939460754,-5.618029930154478e-10,35.86450554370094,-2.557290984512156e-10,0
0.4554368555545807,-5.62078605881311e-10,35.884620544005884,-2.559913128370867e-10,0
0.45496517419815063,-5.612386111408796e-10,35.90469054431014,-2.553440224844384e-10,0
0.4539910554885864,-5.599779528964177e-10,35.92480554461508,-2.542249818857826e-10,0
0.45419222116470337,-5.604676167614286e-10,35.94492054492002,-2.54560031747761e-10,0
0.45505252480506897,-5.617579734717992e-10,35.965035545224964,-2.556293841577212e-10,0
0.4551847279071808,-5.618365217507915e-10,35.985150545529905,-2.5573940428145087e-10,0
0.4546014964580536,-5.608619124686243e-10,36.005265545834845,-2.5496866471456246e-10,0
0.4537312090396881,-5.597349250763273e-10,36.025335546139104,-2.539692042966212e-10,0
0.4541615843772888,-5.604304798012549e-10,36.045450546444044,-2.545259946398621e-10,0
0.45498353242874146,-5.616033749156202e-10,36.065565546748985,-2.555202873430117e-10,0
0.4549820125102997,-5.61424018385992e-10,36.085680547053926,-2.554378297568781e-10,0
0.4543045163154602,-5.604082753407624e-10,36.105795547358866,-2.545960104678663e-10,0
0.4535825550556183,-5.595210961217845e-10,36.12591054766381,-2.537890083864392e-10,0
0.4542577266693115,-5.605752528836661e-10,36.145980547968065,-2.5464564000200856e-10,0
0.45496782660484314,-5.615791720536834e-10,36.166095548273006,-2.555004553758116e-10,0
0.45488160848617554,-5.61316493286057e-10,36.18621054857795,-2.553325493357812e-10,0
0.4540635049343109,-5.60091806267593e-10,36.20632554888289,-2.5431724863885234e-10,0
0.4535185992717743,-5.593511209767144e-10,36.22644054918783,-2.5367613688645626e-10,0
0.454312264919281,-5.605977904110659e-10,36.246510549492086,-2.5468645187039576e-10,0
0.4548739492893219,-5.613879361376917e-10,36.26662554979703,-2.5536074759433344e-10,0
0.45466431975364685,-5.609716580146085e-10,36.28674055010197,-2.5505379729228737e-10,0
0.45376917719841003,-5.596045848932363e-10,36.30685555040691,-2.539313120434616e-10,0
0.45342200994491577,-5.592989960057082e-10,36.32697055071185,-2.5359847492908163e-10,0
0.4543275237083435,-5.606401454194554e-10,36.34708555101679,-2.5471424895990677e-10,0
0.45473626255989075,-5.611643372205322e-10,36.36715555132105,-2.55181773389563e-10,0
0.4544374942779541,-5.60565871499108e-10,36.38727055162599,-2.5474215002179223e-10,0
0.4534592032432556,-5.592186713698766e-10,36.40738555193093,-2.5358285315813623e-10,0
0.45335879921913147,-5.593321916741445e-10,36.42750055223587,-2.5357817078199523e-10,0
0.4542972445487976,-5.607011521746585e-10,36.44761555254081,-2.5472498844828343e-10,0
0.45459267497062683,-5.610107378650753e-10,36.46773055284575,-2.550313720133297e-10,0
0.45419013500213623,-5.602102670643205e-10,36.48780055315001,-2.5444197682752653e-10,0
0.45326951146125793,-5.589884666257205e-10,36.50791555345495,-2.5337242917991804e-10,0
0.4533955752849579,-5.593908669609959e-10,36.52803055375989,-2.536253439349321e-10,0
0.4543083608150482,-5.606930475465788e-10,36.54814555406483,-2.547275393512801e-10,0
0.4544762074947357,-5.607717068478735e-10,36.56826055436977,-2.5485739859857126e-10,0
0.4539351165294647,-5.597725061257108e-10,36.58837555467471,-2.5410039779816505e-10,0
0.4530337452888489,-5.586466289564385e-10,36.60844555497897,-2.530857746091252e-10,0
0.45339980721473694,-5.593492335975725e-10,36.62856055528391,-2.536088346788502e-10,0
0.4542367160320282,-5.605568786926085e-10,36.64867555558885,-2.546255157264945e-10,0
0.4542991518974304,-5.604949837589857e-10,36.66879055589379,-2.546323957644712e-10,0
0.4536668658256531,-5.594394947294745e-10,36.68890555619873,-2.5379916219300767e-10,0
0.45292389392852783,-5.584475104569719e-10,36.70897555650299,-2.52934220990864e-10,0
0.4535277783870697,-5.594755214666236e-10,36.72909055680793,-2.5373769031270513e-10,0
0.4542780816555023,-5.605030883870654e-10,36.74920555711287,-2.5462426775446054e-10,0
0.4542221426963806,-5.602276420546559e-10,36.769320557417814,-2.5446779997180676e-10,0
0.4534580409526825,-5.590912732778008e-10,36.789435557722754,-2.535244334942924e-10,0
0.4528069794178009,-5.583960516197806e-10,36.809550558027695,-2.5284562945277927e-10,0
0.45358332991600037,-5.595382490675149e-10,36.82962055833195,-2.537972222274118e-10,0
0.4541987478733063,-5.603634223305676e-10,36.849735558636894,-2.545163647765445e-10,0
0.45404621958732605,-5.599381514009849e-10,36.869850558941835,-2.54237800846333e-10,0
0.4532012939453125,-5.586884843644668e-10,36.889965559246775,-2.5319834402632186e-10,0
0.45277899503707886,-5.58309731779616e-10,36.910080559551716,-2.5279091927459556e-10,0
0.45366305112838745,-5.596211272163032e-10,36.93019555985666,-2.5387942804885557e-10,0
0.45407068729400635,-5.601683561451409e-10,36.950265560160915,-2.5435603047517787e-10,0
0.45376497507095337,-5.59577384429133e-10,36.970380560465856,-2.539166178957548e-10,0
0.4528134763240814,-5.58239399151006e-10,36.990495560770796,-2.5277832295063347e-10,0
0.45264679193496704,-5.581979323210362e-10,37.01061056107574,-2.526665033298489e-10,0
0.45355498790740967,-5.596056951162609e-10,37.03072556138068,-2.538119542813733e-10,0
0.4538991153240204,-5.599837260561458e-10,37.05084056168562,-2.5417611785273315e-10,0
0.45353877544403076,-5.592560303746552e-10,37.070910561989876,-2.536442951758108e-10,0
0.4525674879550934,-5.579403605793232e-10,37.09102556229482,-2.525056674161433e-10,0
0.4526674747467041,-5.583132844932948e-10,37.11114056259976,-2.5273026460911793e-10,0
0.45356112718582153,-5.596387242512435e-10,37.1312555629047,-2.5383037058822916e-10,0
0.453776091337204,-5.597908803167684e-10,37.15137056320964,-2.540197176363557e-10,0
0.45325687527656555,-5.588760565444773e-10,37.1714405635139,-2.533144150562389e-10,0
0.4523356556892395,-5.576500927695349e-10,37.19155556381884,-2.522450203580728e-10,0
0.45265331864356995,-5.582982409713111e-10,37.21167056412378,-2.527155515685315e-10,0
0.45350974798202515,-5.594742447101453e-10,37.23178556442872,-2.5372702372093185e-10,0
0.45363467931747437,-5.594640306583187e-10,37.25190056473366,-2.5379228613734807e-10,0
0.4530560374259949,-5.584329665353494e-10,37.2720155650386,-2.530014269865486e-10,0
0.4522460401058197,-5.575199746310489e-10,37.29208556534286,-2.521362008067889e-10,0
0.4527774751186371,-5.584762652333097e-10,37.3122005656478,-2.5286547328602426e-10,0
0.4535515308380127,-5.595734431373955e-10,37.33231556595274,-2.537953917512634e-10,0
0.45349791646003723,-5.593743801490803e-10,37.35243056625768,-2.536751159187327e-10,0
0.45278361439704895,-5.581843876001358e-10,37.37254556656262,-2.527367445175928e-10,0
0.4520942270755768,-5.574281036757611e-10,37.39266056686756,-2.520100276814977e-10,0
0.4528029263019562,-5.585509277317158e-10,37.41273056717182,-2.5291349456559335e-10,0
0.4534223973751068,-5.594284480103795e-10,37.43284556747676,-2.5365738805670157e-10,0
0.45328906178474426,-5.590254370524406e-10,37.4529605677817,-2.534001158753074e-10,0
0.4524536728858948,-5.578206230261173e-10,37.47307556808664,-2.523879896996649e-10,0
0.4519769847393036,-5.573737582587057e-10,37.49319056839158,-2.519201106305833e-10,0
0.4528123438358307,-5.586491269582439e-10,37.51330556869652,-2.5296322055980295e-10,0
0.45331642031669617,-5.591930252180077e-10,37.53337556900078,-2.5349138045789127e-10,0
0.45307597517967224,-5.5866788972736e-10,37.55349056930572,-2.5311899893979324e-10,0
0.45217165350914,-5.574384842610414e-10,37.57360556961066,-2.520578811579438e-10,0
0.45193710923194885,-5.573747019482767e-10,37.593720569915604,-2.5189831155752324e-10,0
0.4528411030769348,-5.58730284261344e-10,37.613835570220544,-2.5301603824739635e-10,0
0.45320653915405273,-5.591625495959818e-10,37.6339055705248,-2.5341612392695127e-10,0
0.4528755843639374,-5.58492641022923e-10,37.65402057082974,-2.5292768116621494e-10,0
0.45191875100135803,-5.571720862462826e-10,37.674135571134684,-2.5179651330924095e-10,0
0.45192602276802063,-5.573662642532895e-10,37.694250571439625,-2.518883190290587e-10,0
0.4528472125530243,-5.587171836296534e-10,37.714365571744565,-2.5301351921216475e-10,0
0.4530859589576721,-5.590089502405249e-10,37.734480572049506,-2.5327910628564983e-10,0
0.45260974764823914,-5.581100026574859e-10,37.754550572353764,-2.5260602746276276e-10,0
0.4516899585723877,-5.568839278602411e-10,37.774665572658705,-2.5153887830482084e-10,0
0.45194169878959656,-5.574178341127833e-10,37.794780572963646,-2.5192036288454883e-10,0
0.45281001925468445,-5.587344475976863e-10,37.814895573268586,-2.530005559749638e-10,0
0.4529039263725281,-5.587227902559277e-10,37.83501057357353,-2.5304774546072415e-10,0
0.45229655504226685,-5.577639461407102e-10,37.85512557387847,-2.522747113662237e-10,0
0.45145565271377563,-5.566727079298062e-10,37.875195574182726,-2.5131304070639563e-10,0
0.45189881324768066,-5.574969930144391e-10,37.89531057448767,-2.5193222953237555e-10,0
0.4526785910129547,-5.586193174700327e-10,37.91542557479261,-2.5287500554495283e-10,0
0.45271003246307373,-5.584539497505148e-10,37.93554057509755,-2.528177057206873e-10,0
0.45199114084243774,-5.573544403780772e-10,37.95565557540249,-2.519192693600856e-10,0
0.4513036906719208,-5.565026772735848e-10,37.97577057570743,-2.511517121223737e-10,0
0.4519622027873993,-5.575808703639495e-10,37.99584057601169,-2.5200547840180596e-10,0
0.45263683795928955,-5.585500395532961e-10,38.01595557631663,-2.5282032374544004e-10,0
0.4525069296360016,-5.582108109081219e-10,38.03607057662157,-2.525942601336569e-10,0
0.45165354013442993,-5.569700256558008e-10,38.05618557692651,-2.515574838362067e-10,0
0.4511059522628784,-5.563011717946154e-10,38.07630057723145,-2.509507698473651e-10,0
0.4519234299659729,-5.576271666640764e-10,38.09637057753571,-2.5200478180103663e-10,0
0.4524494409561157,-5.583100648465233e-10,38.11648557784065,-2.526070767199822e-10,0
0.4522413909435272,-5.577926454058968e-10,38.13660057814559,-2.522569218164324e-10,0
0.45136767625808716,-5.564939065116903e-10,38.15671557845053,-2.5118336143396684e-10,0
0.451089471578598,-5.563329241731196e-10,38.17683057875547,-2.509559247870288e-10,0
0.45199692249298096,-5.57686119506684e-10,38.19694557906041,-2.5207240973407397e-10,0
0.45239272713661194,-5.581712869684452e-10,38.21701557936467,-2.5251263072100735e-10,0
0.45208463072776794,-5.575762074272461e-10,38.23713057966961,-2.520716338373359e-10,0
0.4510982930660248,-5.561475724391585e-10,38.25724557997455,-2.5087722062011775e-10,0
0.451065331697464,-5.563188243407069e-10,38.27736058027949,-2.5093613503078416e-10,0
0.4519742727279663,-5.577039385862292e-10,38.29747558058443,-2.5206783204003335e-10,0
0.4522532820701599,-5.580255146853119e-10,38.31759058088937,-2.5236887049532253e-10,0
0.45178747177124023,-5.5720938973991e-10,38.33766058119363,-2.5174022143778957e-10,0
0.4508584141731262,-5.55983759031875e-10,38.35777558149857,-2.506699559031247e-10,0
0.45107224583625793,-5.564270710856078e-10,38.37789058180351,-2.5098880859867627e-10,0
0.45195093750953674,-5.576851758171131e-10,38.39800558210845,-2.520463380457151e-10,0
0.452116459608078,-5.57755730490328e-10,38.418120582413394,-2.521705461954044e-10,0
0.45151522755622864,-5.568075445161469e-10,38.438235582718335,-2.5140708516723297e-10,0
0.4506617784500122,-5.55690660153374e-10,38.45830558302259,-2.5042854117278085e-10,0
0.4510638117790222,-5.563966509747331e-10,38.478420583327534,-2.5097039424974534e-10,0
0.45184552669525146,-5.573482786402906e-10,38.498535583632474,-2.5183532651491387e-10,0
0.4519045352935791,-5.572413086518679e-10,38.518650583937415,-2.5181987463270826e-10,0
0.45121556520462036,-5.561420768351866e-10,38.538765584242356,-2.509399615332601e-10,0
0.4504920244216919,-5.552179271894886e-10,38.558835584546614,-2.5012124801480825e-10,0
0.45111629366874695,-5.563779437167682e-10,38.578950584851555,-2.5099115584854716e-10,0
0.45182445645332336,-5.574311567890788e-10,38.599065585156495,-2.518610294263728e-10,0
0.4517374634742737,-5.571184069630419e-10,38.619180585461436,-2.516712560163127e-10,0
0.4509270191192627,-5.559042115521606e-10,38.63929558576638,-2.506722290310598e-10,0
0.4503667652606964,-5.553182913509147e-10,38.65941058607132,-2.500969025658084e-10,0
0.45115146040916443,-5.565352623193576e-10,38.679480586375576,-2.510816963645756e-10,0
0.45171600580215454,-5.573116412804779e-10,38.699595586680516,-2.5174658858626064e-10,0
0.45154279470443726,-5.56896140313512e-10,38.71971058698546,-2.514624395572776e-10,0
0.45068174600601196,-5.556199944578566e-10,38.7398255872904,-2.504077892181175e-10,0
0.4503161907196045,-5.553005277825207e-10,38.75994058759534,-2.5006081837561063e-10,0
0.451219379901886,-5.566960781244745e-10,38.78005558790028,-2.5119205916513727e-10,0
0.4516468942165375,-5.572424188748926e-10,38.80012558820454,-2.5167680781055607e-10,0
0.45137113332748413,-5.566169192228188e-10,38.82024058850948,-2.512408096588564e-10,0
0.45042577385902405,-5.552192594571181e-10,38.84035558881442,-2.500850646024067e-10,0
0.4503234624862671,-5.552939774666754e-10,38.86047058911936,-2.5006190663056445e-10,0
0.4512370228767395,-5.566174743343311e-10,38.8805855894243,-2.511664119997935e-10,0
0.45154815912246704,-5.569325001175685e-10,38.90070058972924,-2.514818451835612e-10,0
0.45111384987831116,-5.561816007748632e-10,38.9207705900335,-2.5090122315703044e-10,0
0.45017093420028687,-5.549051773634517e-10,38.94088559033844,-2.498021820862809e-10,0
0.4502851665019989,-5.552932003105582e-10,38.96100059064338,-2.500402911592675e-10,0
0.4511798918247223,-5.565889971137494e-10,38.98111559094832,-2.5112176350861213e-10,0
0.45135697722435,-5.567031835518321e-10,39.00123059125326,-2.512718661391274e-10,0
0.45083463191986084,-5.557688198543076e-10,39.02130059155752,-2.505598313315522e-10,0
0.449939489364624,-5.546675341250307e-10,39.04141559186246,-2.4956682707135147e-10,0
0.4502866566181183,-5.552954207566074e-10,39.0615305921674,-2.50042118447844e-10,0
0.45108717679977417,-5.56462154133186e-10,39.08164559247234,-2.5101294210385966e-10,0
0.45117300748825073,-5.563964844412794e-10,39.10176059277728,-2.5103107524126174e-10,0
0.45054110884666443,-5.55361090448514e-10,39.12187559308222,-2.502130015009662e-10,0
0.44976043701171875,-5.544075198926635e-10,39.14194559338648,-2.4935056842950747e-10,0
0.4503200054168701,-5.55392065670901e-10,39.16206059369142,-2.5010415802140684e-10,0
0.45104730129241943,-5.564197436136453e-10,39.18217559399636,-2.5097162374275466e-10,0
0.4509883224964142,-5.561604510262441e-10,39.2022905943013,-2.5082186884717495e-10,0
0.45026788115501404,-5.549894432910207e-10,39.22240559460624,-2.4989392069404873e-10,0
0.4496156871318817,-5.542815650905197e-10,39.242520594911184,-2.4921368675270885e-10,0
0.45036110281944275,-5.554121607076468e-10,39.26259059521544,-2.5013603321562536e-10,0
0.4509887099266052,-5.562553750948496e-10,39.28270559552038,-2.508648940037661e-10,0
0.4508212208747864,-5.558520865811545e-10,39.302820595825324,-2.505899162983135e-10,0
0.44998663663864136,-5.545980896748404e-10,39.322935596130264,-2.4956172905899703e-10,0
0.4495440423488617,-5.541615499815578e-10,39.343050596435205,-2.4912002329302024e-10,0
0.4504074156284332,-5.554970927690306e-10,39.363165596740146,-2.502000099432071e-10,0
0.45087072253227234,-5.560433780082974e-10,39.383235597044404,-2.507036796018865e-10,0
0.45061928033828735,-5.554963156129133e-10,39.403350597349345,-2.5031734997206115e-10,0
0.44967010617256165,-5.542026282334689e-10,39.423465597654285,-2.4920835467885666e-10,0
0.449491947889328,-5.541514469520337e-10,39.443580597959226,-2.4908661331615923e-10,0
0.45040202140808105,-5.554826598697105e-10,39.46369559826417,-2.5019051286245514e-10,0
0.4506986737251282,-5.558293825203009e-10,39.483765598568425,-2.5051156551935655e-10,0
0.45036062598228455,-5.550487292005357e-10,39.503880598873366,-2.499720931334248e-10,0
0.44940799474716187,-5.537594827131898e-10,39.523995599178306,-2.4886393869836025e-10,0
0.4494677782058716,-5.540443104301573e-10,39.54411059948325,-2.49025065236647e-10,0
0.45037367939949036,-5.553431048355151e-10,39.56422559978819,-2.5011191745390783e-10,0
0.4506062865257263,-5.556097248948788e-10,39.58434060009313,-2.5036123489246174e-10,0
0.45012450218200684,-5.547772241598636e-10,39.60441060039739,-2.4971882184687423e-10,0
0.4491861164569855,-5.536548441931188e-10,39.62452560070233,-2.486940693207044e-10,0
0.4494926929473877,-5.54223056337122e-10,39.64464060100727,-2.4911921408650473e-10,0
0.45033496618270874,-5.554764981319238e-10,39.66475560131221,-2.501504900015294e-10,0
0.45043572783470154,-5.554637305671406e-10,39.68487060161715,-2.5020070976378853e-10,0
0.44986438751220703,-5.543677183972306e-10,39.70498560192209,-2.4939029409330983e-10,0
0.44906142354011536,-5.534309122090519e-10,39.72505560222635,-2.4852447326770147e-10,0
0.4495651423931122,-5.542157843763107e-10,39.74517060253129,-2.491560980196465e-10,0
0.45033419132232666,-5.553247306444575e-10,39.76528560283623,-2.5008171349606066e-10,0
0.4503437578678131,-5.550470638659988e-10,39.78540060314117,-2.4996198053490995e-10,0
0.44963523745536804,-5.539101399776314e-10,39.80551560344611,-2.4905751731777844e-10,0
0.4489470422267914,-5.532443392297637e-10,39.82563060375105,-2.48377409725918e-10,0
0.449619859457016,-5.543287495690663e-10,39.84570060405531,-2.49237214474227e-10,0
0.4502399265766144,-5.552183712786984e-10,39.86581560436025,-2.499814787185086e-10,0
0.4500996768474579,-5.548665416021947e-10,39.88593060466519,-2.497452510686144e-10,0
0.449275404214859,-5.536249791937564e-10,39.90604560497013,-2.487300863107178e-10,0
0.44878873229026794,-5.531580193895991e-10,39.92616060527507,-2.482510862780536e-10,0
0.4496252238750458,-5.544324999107175e-10,39.94623060557933,-2.4928683689595766e-10,0
0.45014145970344543,-5.550886972294222e-10,39.96634560588427,-2.49868436435736e-10,0
0.4499145746231079,-5.546031967007536e-10,39.98646060618921,-2.495240613282354e-10,0
0.44905009865760803,-5.533387081868568e-10,40.00657560649415,-2.4847680150238144e-10,0
0.4487845301628113,-5.531293201244125e-10,40.02669060679909,-2.482358820513097e-10,0
0.4496685862541199,-5.544780745658784e-10,40.046805607104034,-2.49331371898945e-10,0
0.45003578066825867,-5.549985471198227e-10,40.06687560740829,-2.4976920442281873e-10,0
0.4497053623199463,-5.543650538619715e-10,40.08699060771323,-2.4930093740451445e-10,0
0.4487764835357666,-5.530069735470988e-10,40.10710560801817,-2.481765249592237e-10,0
0.4487389326095581,-5.531818336734773e-10,40.127220608323114,-2.482342255816343e-10,0
0.4496678113937378,-5.544888992403685e-10,40.147335608628055,-2.493358097635393e-10,0
0.4499276280403137,-5.548086434714605e-10,40.167450608932995,-2.496237369733783e-10,0
0.4494865834712982,-5.540025105332802e-10,40.187520609237254,-2.49016695694126e-10,0
0.4485607445240021,-5.528053015346757e-10,40.207635609542194,-2.479667576332096e-10,0
0.44877341389656067,-5.533047353623033e-10,40.227750609847135,-2.483084550136739e-10,0
0.4496428966522217,-5.545675030305119e-10,40.247865610152076,-2.493573384518291e-10,0
0.4497778117656708,-5.54598478252899e-10,40.267980610457016,-2.4944608995715986e-10,0
0.4492022395133972,-5.535977232185019e-10,40.28809561076196,-2.4867733705926886e-10,0
0.44834786653518677,-5.525394586314292e-10,40.308165611066215,-2.4772988745390836e-10,0
0.4488021433353424,-5.533242752875367e-10,40.328280611371156,-2.483331207085215e-10,0
0.44960686564445496,-5.544650849564903e-10,40.3483956116761,-2.49291308956574e-10,0
0.44963181018829346,-5.543235870320018e-10,40.36851061198104,-2.49241517867267e-10,0
0.4489443302154541,-5.532193592117096e-10,40.38862561228598,-2.483646946835237e-10,0
0.44820764660835266,-5.523674295737635e-10,40.408695612590236,-2.475753056723615e-10,0
0.448844313621521,-5.533852265315886e-10,40.42881061289518,-2.483838121708608e-10,0
0.44952258467674255,-5.543746572911346e-10,40.44892561320012,-2.4920392882479417e-10,0
0.44942793250083923,-5.540386482927318e-10,40.46904061350506,-2.4900044422776205e-10,0
0.44862130284309387,-5.528655311337616e-10,40.48915561381,-2.480272548742672e-10,0
0.44803959131240845,-5.523402291096602e-10,40.50927061411494,-2.474702905156942e-10,0
0.4488632380962372,-5.536249791937564e-10,40.5293406144192,-2.4850190085187144e-10,0
0.4494099020957947,-5.543076553315984e-10,40.54945561472414,-2.4911134911352315e-10,0
0.4492347836494446,-5.53835866057284e-10,40.56957061502908,-2.4880233546554673e-10,0
0.44836685061454773,-5.525342405832134e-10,40.58968561533402,-2.4773803730699623e-10,0
0.44800281524658203,-5.522841628469166e-10,40.60980061563896,-2.474248597715204e-10,0
0.44889262318611145,-5.535270575229845e-10,40.6299156159439,-2.484742128559821e-10,0
0.4493045508861542,-5.539923519926049e-10,40.64998561624816,-2.489112849064016e-10,0
0.4490087032318115,-5.534426250619617e-10,40.6701006165531,-2.485005553922811e-10,0
0.4480591416358948,-5.521961776722151e-10,40.69021561685804,-2.4741654538243473e-10,0
0.4479357600212097,-5.523229651416273e-10,40.71033061716298,-2.4740520716788293e-10,0
0.44886577129364014,-5.536955338669713e-10,40.73044561746792,-2.4853497287104194e-10,0
0.44918155670166016,-5.539827485634419e-10,40.75056061777286,-2.488388333855912e-10,0
0.4487442076206207,-5.532317937095854e-10,40.77063061807712,-2.482595628987426e-10,0
0.44780585169792175,-5.519558143873837e-10,40.79074561838206,-2.471690435613624e-10,0
0.44797253608703613,-5.523373980409474e-10,40.810860618687,-2.4743198497611795e-10,0
0.44884392619132996,-5.535992775307363e-10,40.83097561899194,-2.484796732635794e-10,0
0.44900602102279663,-5.536677227802045e-10,40.85109061929688,-2.4860014117429243e-10,0
0.44847729802131653,-5.527436286456577e-10,40.87116061960114,-2.4789296907350256e-10,0
0.4475897252559662,-5.515443657344576e-10,40.89127561990608,-2.4686559112556203e-10,0
0.4479583501815796,-5.522151069747849e-10,40.91139062021102,-2.4736936826576914e-10,0
0.4487841725349426,-5.533925540035511e-10,40.93150562051596,-2.4835381943548225e-10,0
0.44884049892425537,-5.532660996010463e-10,40.951620620820904,-2.483282321828104e-10,0
0.4482250511646271,-5.522250434708553e-10,40.971735621125845,-2.4752109836411254e-10,0
0.4474526047706604,-5.513787759703348e-10,40.9918056214301,-2.467158695231847e-10,0
0.4480288624763489,-5.5234833373774e-10,41.011920621735044,-2.4746799565522634e-10,0
0.44878721237182617,-5.53325552044015e-10,41.032035622039984,-2.483254320359353e-10,0
0.44874122738838196,-5.530156332866909e-10,41.052150622344925,-2.48160914046033e-10,0
0.4479602873325348,-5.519380508189897e-10,41.072265622649866,-2.472463278346338e-10,0
0.4473429322242737,-5.512783562977575e-10,41.092380622954806,-2.466104763780167e-10,0
0.4481108784675598,-5.524851132143738e-10,41.112450623259065,-2.4757458942274227e-10,0
0.44869714975357056,-5.53179613227428e-10,41.132565623564005,-2.482101157569295e-10,0
0.44851401448249817,-5.528192348336347e-10,41.152680623868946,-2.479471742983764e-10,0
0.4476843774318695,-5.515939371925072e-10,41.17279562417389,-2.469399883672213e-10,0
0.44727781414985657,-5.512243439476094e-10,41.19291062447883,-2.4655041966707547e-10,0
0.44817987084388733,-5.525360724512041e-10,41.21302562478377,-2.476355455877694e-10,0
0.4485990107059479,-5.531030078387289e-10,41.233095625088026,-2.481214621349379e-10,0
0.44833773374557495,-5.525141455464677e-10,41.25321062539297,-2.477129398766761e-10,0
0.44743144512176514,-5.512181266986715e-10,41.27332562569791,-2.4663232300609884e-10,0
0.4472494423389435,-5.511391898416207e-10,41.29344062600285,-2.4649669530780196e-10,0
0.448176771402359,-5.525723212329581e-10,41.31355562630779,-2.4765007889649434e-10,0
0.448486864566803,-5.528935087539821e-10,41.33362562661205,-2.479654761804117e-10,0
0.4481135606765747,-5.52180801083324e-10,41.35374062691699,-2.4743970491069174e-10,0
0.4471735656261444,-5.509637190925787e-10,41.37385562722193,-2.4637641079726983e-10,0
0.44727474451065063,-5.51214407451539e-10,41.39397062752687,-2.465442832634768e-10,0
0.44817450642585754,-5.525220281299426e-10,41.41408562783181,-2.476262872465508e-10,0
0.44835689663887024,-5.526895607843585e-10,41.43420062813675,-2.478021762779752e-10,0
0.4478911757469177,-5.517834522628107e-10,41.45427062844101,-2.471389391916835e-10,0
0.44696319103240967,-5.506412548150763e-10,41.47438562874595,-2.461163723662367e-10,0
0.4472816288471222,-5.511989753514968e-10,41.49450062905089,-2.465411755140822e-10,0
0.44813424348831177,-5.52386025809426e-10,41.51461562935583,-2.4754309378962217e-10,0
0.4482404291629791,-5.524075641361037e-10,41.53473062966077,-2.4761140362124304e-10,0
0.44762036204338074,-5.513899892228835e-10,41.55484562996571,-2.468133866030429e-10,0
0.4468354284763336,-5.504591227278866e-10,41.57491563026997,-2.459646379628219e-10,0
0.4473448693752289,-5.513429157666394e-10,41.59503063057491,-2.4664042463458513e-10,0
0.4480886459350586,-5.52446033363907e-10,41.61514563087985,-2.4754479504222727e-10,0
0.44807830452919006,-5.52143109011638e-10,41.63526063118479,-2.474033481434105e-10,0
0.44733375310897827,-5.509980804951908e-10,41.65537563148973,-2.4648003930375663e-10,0
0.4466826915740967,-5.503183464483641e-10,41.67549063179467,-2.458176802141615e-10,0
0.4473727345466614,-5.514833589792545e-10,41.69556063209893,-2.467186183635272e-10,0
0.44800856709480286,-5.522792778656083e-10,41.71567563240387,-2.4742584791272363e-10,0
0.4478878676891327,-5.519374401963262e-10,41.73579063270881,-2.4720608318733073e-10,0
0.44704940915107727,-5.507172495811119e-10,41.755905633013754,-2.4619782103454243e-10,0
0.4465731084346771,-5.502131528167808e-10,41.776020633318694,-2.4571039795503385e-10,0
0.4474514424800873,-5.515312651027671e-10,41.79609063362295,-2.4678346014310055e-10,0
0.44795262813568115,-5.52165202449828e-10,41.81620563392789,-2.473438536024709e-10,0
0.4477115869522095,-5.516925805082451e-10,41.836320634232834,-2.46999160729106e-10,0
0.44679421186447144,-5.504280919943483e-10,41.856435634537775,-2.459280855506796e-10,0
0.4465681314468384,-5.503461575351309e-10,41.876550634842715,-2.457670552194108e-10,0
0.4474804997444153,-5.516702650254501e-10,41.896665635147656,-2.4686168588772245e-10,0
0.44782590866088867,-5.520923163082614e-10,41.916735635451914,-2.472412432154419e-10,0
0.4474973678588867,-5.513333678486276e-10,41.936850635756855,-2.4672023092503623e-10,0
0.44653478264808655,-5.500812583214554e-10,41.956965636061796,-2.4563041512335703e-10,0
0.4465589225292206,-5.503423827768472e-10,41.977080636366736,-2.457603014749928e-10,0
0.44744449853897095,-5.516567758157009e-10,41.99719563667168,-2.468357894204818e-10,0
0.4476909041404724,-5.519051327063096e-10,42.01731063697662,-2.4708290786105515e-10,0
0.4472356140613556,-5.510952805209968e-10,42.037380637280876,-2.46469436190123e-10,0
0.4463048577308655,-5.49909784375302e-10,42.057495637585816,-2.454274080804301e-10,0
0.4465673267841339,-5.504772748743392e-10,42.07761063789076,-2.4582516509604853e-10,0
0.4474322497844696,-5.517434842339242e-10,42.0977256381957,-2.468678284547067e-10,0
0.4475567638874054,-5.517361567619616e-10,42.11784063850064,-2.4693324884005775e-10,0
0.44694939255714417,-5.506972100555174e-10,42.13795563880558,-2.4613378351722753e-10,0
0.4461229741573334,-5.496827437667662e-10,42.15802563910984,-2.4522610049219313e-10,0
0.44657883048057556,-5.505249589532468e-10,42.17814063941478,-2.4585279231970783e-10,0
0.4473402500152588,-5.516738177391289e-10,42.19825563971972,-2.4678590355429425e-10,0
0.4473414123058319,-5.516177514763854e-10,42.21837064002466,-2.467614639984136e-10,0
0.44662904739379883,-5.504478539641866e-10,42.2384856403296,-2.4584600065598556e-10,0
0.4459313452243805,-5.497040045376878e-10,42.25855564063386,-2.4513024621872006e-10,0
0.44655662775039673,-5.507682643290934e-10,42.2786706409388,-2.459492187907391e-10,0
0.44720613956451416,-5.516919143744303e-10,42.29878564124374,-2.467200112563455e-10,0
0.447092741727829,-5.513438594562103e-10,42.31890064154868,-2.465018377590799e-10,0
0.4462956488132477,-5.501110678096666e-10,42.33901564185362,-2.4551217592746363e-10,0
0.44577258825302124,-5.495634503027702e-10,42.35913064215856,-2.449803216507265e-10,0
0.4465884864330292,-5.509316891583182e-10,42.37920064246282,-2.4603974918920546e-10,0
0.44708964228630066,-5.515757295349033e-10,42.39931564276776,-2.4660379561156524e-10,0
0.4468562602996826,-5.510626399640728e-10,42.4194306430727,-2.46245790485216e-10,0
0.44600751996040344,-5.497604038673387e-10,42.43954564337764,-2.4519727430130153e-10,0
0.44569823145866394,-5.495606747452086e-10,42.45966064368258,-2.4493822081316953e-10,0
0.4466175436973572,-5.509324663144355e-10,42.47977564398752,-2.4605610484848015e-10,0
0.44697558879852295,-5.514173007092893e-10,42.49984564429178,-2.4647007265822677e-10,0
0.4466899633407593,-5.507738709553678e-10,42.51996064459672,-2.460251602261013e-10,0
0.44572776556015015,-5.494630861413441e-10,42.54007564490166,-2.449109536435656e-10,0
0.44569021463394165,-5.495673915945076e-10,42.5601906452066,-2.4493680871557156e-10,0
0.44661831855773926,-5.509157574579149e-10,42.580305645511544,-2.4604906926281724e-10,0
0.44682660698890686,-5.511922585021978e-10,42.6003756458158,-2.462873666650895e-10,0
0.4464305639266968,-5.503793532035672e-10,42.62049064612074,-2.4570616502427915e-10,0
0.4454752206802368,-5.491493926257363e-10,42.64060564642568,-2.4463244686636787e-10,0
0.44565340876579285,-5.495859323190189e-10,42.660720646730624,-2.449248441476971e-10,0
0.4465428292751312,-5.508478118088078e-10,42.680835647035565,-2.459771403851201e-10,0
0.44666773080825806,-5.509360190281143e-10,42.700950647340505,-2.460853414398231e-10,0
0.44613415002822876,-5.499984911949696e-10,42.721020647644764,-2.45373109386076e-10,0
0.4452905058860779,-5.489000920455567e-10,42.741135647949704,-2.4441999966788065e-10,0
0.4456944167613983,-5.49657985793317e-10,42.761250648254645,-2.449794953963974e-10,0
0.4464995265007019,-5.507620470801555e-10,42.781365648559586,-2.4591499323584673e-10,0
0.44653287529945374,-5.506067268790105e-10,42.801480648864526,-2.4586400491250556e-10,0
0.4458868205547333,-5.495097710195296e-10,42.82159564916947,-2.4501916466365756e-10,0
0.44513827562332153,-5.486839316226622e-10,42.841665649473725,-2.442402191847363e-10,0
0.44573619961738586,-5.496499366763885e-10,42.861780649778666,-2.449988738940702e-10,0
0.44644588232040405,-5.506123890164361e-10,42.88189565008361,-2.4581863383098835e-10,0
0.44634586572647095,-5.503049127497661e-10,42.90201065038855,-2.456263226948244e-10,0
0.4455871284008026,-5.491295751447467e-10,42.92212565069349,-2.4468507050870043e-10,0
0.4450192451477051,-5.484944720635099e-10,42.94224065099843,-2.440905959253922e-10,0
0.4457884728908539,-5.497692301403845e-10,42.96231065130269,-2.450807855466624e-10,0
0.4463611841201782,-5.504996458682854e-10,42.98242565160763,-2.4572167378750663e-10,0
0.4461592435836792,-5.500446209616427e-10,43.00254065191257,-2.4540749202551807e-10,0
0.44531506299972534,-5.487723608865736e-10,43.02265565221751,-2.443765984607125e-10,0
0.44492918252944946,-5.48432577129887e-10,43.04277065252245,-2.4401365821491987e-10,0
0.44578465819358826,-5.4973070540143e-10,43.06284065282671,-2.4506151460589663e-10,0
0.44620829820632935,-5.50216538997006e-10,43.08295565313165,-2.4551118551083047e-10,0
0.44592779874801636,-5.496075816679991e-10,43.10307065343659,-2.4508529906843145e-10,0
0.44498127698898315,-5.483391518623648e-10,43.12318565374153,-2.4400065601877106e-10,0
0.44487133622169495,-5.483616338786135e-10,43.14330065404647,-2.4395037279629064e-10,0
0.4457806348800659,-5.496604837951224e-10,43.16341565435141,-2.4502799943467387e-10,0
0.446076899766922,-5.499974919942474e-10,43.18348565465567,-2.453411761083764e-10,0
0.4456794559955597,-5.492435395382245e-10,43.20360065496061,-2.4478656191047156e-10,0
0.44472452998161316,-5.480108034028319e-10,43.22371565526555,-2.4371384696817064e-10,0
0.4448211193084717,-5.483595799660179e-10,43.24383065557049,-2.4392192214400747e-10,0
0.4457143545150757,-5.4967885798618e-10,43.26394565587543,-2.4499975737789417e-10,0
0.4458990693092346,-5.498488331312501e-10,43.28406065618037,-2.4517708295399307e-10,0
0.44538214802742004,-5.489193544150339e-10,43.30413065648463,-2.444788811631925e-10,0
0.4445187747478485,-5.477737152759232e-10,43.32424565678957,-2.434957007535302e-10,0
0.44487282633781433,-5.484920295728557e-10,43.34436065709451,-2.4400919941984036e-10,0
0.4456944167613983,-5.496644250868599e-10,43.36447565739945,-2.449823653535773e-10,0
0.44575151801109314,-5.496392230242009e-10,43.38459065770439,-2.450025180214753e-10,0
0.4450955092906952,-5.48583567461236e-10,43.404705658009334,-2.441720823476653e-10,0
0.4443240463733673,-5.47646206161545e-10,43.42477565831359,-2.43332378302721e-10,0
0.44484448432922363,-5.485336629362791e-10,43.44489065861853,-2.4401217442610927e-10,0
0.44557181000709534,-5.496169075414059e-10,43.465005658923474,-2.448938003037266e-10,0
0.4455116391181946,-5.49324807863627e-10,43.485120659228414,-2.447305955596118e-10,0
0.4447766840457916,-5.481682330277238e-10,43.505235659533355,-2.438124489853118e-10,0
0.44416430592536926,-5.474616870948523e-10,43.525350659838296,-2.4316294026921677e-10,0
0.4449193477630615,-5.486585630265495e-10,43.545420660142554,-2.4410881000639097e-10,0
0.4455146789550781,-5.49492340518043e-10,43.565535660447495,-2.448069036741704e-10,0
0.4453392028808594,-5.490430332599772e-10,43.585650660752435,-2.445103867792874e-10,0
0.44450461864471436,-5.477881481752434e-10,43.605765661057376,-2.434943619027308e-10,0
0.4440481960773468,-5.473738684536045e-10,43.62588066136232,-2.43060378866702e-10,0
0.4449220597743988,-5.486668341880829e-10,43.645950661666575,-2.441139779968604e-10,0
0.44538941979408264,-5.492743482271578e-10,43.666065661971516,-2.446409832646667e-10,0
0.44514796137809753,-5.487413856641865e-10,43.686180662276456,-2.44271109152205e-10,0
0.4442225396633148,-5.474496966861864e-10,43.7062956625814,-2.431894945998491e-10,0
0.4440539479255676,-5.473870801075975e-10,43.72641066288634,-2.430693939652276e-10,0
0.4449521601200104,-5.487272858317738e-10,43.74652566319128,-2.441573911476381e-10,0
0.44525617361068726,-5.491098131749084e-10,43.766595663495536,-2.4449453430633904e-10,0
0.4449000358581543,-5.483948295470498e-10,43.78671066380048,-2.4398087932990885e-10,0
0.4439363181591034,-5.470380259886554e-10,43.80682566410542,-2.428500471504276e-10,0
0.44396770000457764,-5.472904351933039e-10,43.82694066441036,-2.429792757472755e-10,0
0.4448552131652832,-5.487109655533118e-10,43.8470556647153,-2.440969335473469e-10,0
0.4450824558734894,-5.48941947453585e-10,43.86717066502024,-2.443244301046176e-10,0
0.44459906220436096,-5.480514375655332e-10,43.8872406653245,-2.4366315518138795e-10,0
0.4437190294265747,-5.468666075536532e-10,43.90735566562944,-2.4265512032951054e-10,0
0.4439895749092102,-5.474733444366109e-10,43.92747066593438,-2.430724574705345e-10,0
0.4448379874229431,-5.487063026166084e-10,43.94758566623932,-2.4408540734225645e-10,0
0.4449242055416107,-5.486961995870843e-10,43.96770066654426,-2.4412822068498454e-10,0
0.44430455565452576,-5.47686285212734e-10,43.9878156668492,-2.4333951158952164e-10,0
0.4434749186038971,-5.466842534218586e-10,44.00788566715346,-2.42440754788291e-10,0
0.4439566135406494,-5.475209730043673e-10,44.0280006674584,-2.4307555701750024e-10,0
0.44472989439964294,-5.485612519784411e-10,44.04811566776334,-2.43961587664108e-10,0
0.44471266865730286,-5.483815623819055e-10,44.06823066806828,-2.438722280493184e-10,0
0.4440137445926666,-5.472750030932616e-10,44.08834566837322,-2.429976234454023e-10,0
0.4433516263961792,-5.465054520037427e-10,44.10841566867748,-2.4229408098023837e-10,0
0.44404053688049316,-5.475804809584872e-10,44.12853066898242,-2.4314793075008533e-10,0
0.4446735680103302,-5.484226406338166e-10,44.14864566928736,-2.4386905238828634e-10,0
0.44454941153526306,-5.480285114600747e-10,44.1687606695923,-2.436257522741224e-10,0
0.4437125027179718,-5.468043240419718e-10,44.18887566989724,-2.4262391511767213e-10,0
0.4432189464569092,-5.462761909491576e-10,44.20899067020218,-2.4211995782697897e-10,0
0.4440256655216217,-5.475586095649021e-10,44.22906067050644,-2.4313007602414947e-10,0
0.44456782937049866,-5.482036491422093e-10,44.24917567081138,-2.437137063521384e-10,0
0.4443325400352478,-5.477014952681714e-10,44.26929067111632,-2.4336159657360983e-10,0
0.4434657394886017,-5.464538266330976e-10,44.289405671421264,-2.4233355032422277e-10,0
0.4431879222393036,-5.463283159201637e-10,44.309520671726204,-2.421261111931552e-10,0
0.4440876543521881,-5.476048503538777e-10,44.329635672031145,-2.4318455350553455e-10,0
0.44444119930267334,-5.480606524166376e-10,44.3497056723354,-2.43580733650656e-10,0
0.4441145062446594,-5.474313224951288e-10,44.369820672640344,-2.4312219149278506e-10,0
0.4431557357311249,-5.461567309517079e-10,44.389935672945285,-2.4203248792941014e-10,0
0.44315263628959656,-5.463591246090971e-10,44.410050673250225,-2.4212048643139756e-10,0
0.44407081604003906,-5.47675238493639e-10,44.430165673555166,-2.4320659008279327e-10,0
0.44432947039604187,-5.479273146313801e-10,44.450235673859424,-2.4346025352568653e-10,0
0.443899929523468,-5.472241548787338e-10,44.470350674164365,-2.4291276378420927e-10,0
0.4429790675640106,-5.4602833365891e-10,44.490465674469306,-2.4187912210775443e-10,0
0.4431675970554352,-5.464932395504718e-10,44.510580674774246,-2.421880957786229e-10,0
0.4440290629863739,-5.477429065869899e-10,44.53069567507919,-2.4321376956925404e-10,0
0.4441547393798828,-5.47763334690643e-10,44.55081067538413,-2.4329168116137805e-10,0
0.44355902075767517,-5.467750696652729e-10,44.570880675688386,-2.4252701447543807e-10,0
0.4427177309989929,-5.456692875327462e-10,44.59099567599333,-2.4157746885233447e-10,0
0.4431461691856384,-5.464502739194188e-10,44.61111067629827,-2.4215734553783323e-10,0
0.44396543502807617,-5.475493392026465e-10,44.63122567660321,-2.430929805784386e-10,0
0.4439857304096222,-5.474311004505239e-10,44.65134067690815,-2.430515969824691e-10,0
0.4432971477508545,-5.463097751956525e-10,44.67145567721309,-2.4217756513264327e-10,0
0.4425916075706482,-5.454434681695375e-10,44.69152567751735,-2.4140870141606527e-10,0
0.44318827986717224,-5.464375618657868e-10,44.71164067782229,-2.421747230981096e-10,0
0.44386619329452515,-5.474151687501205e-10,44.73175567812723,-2.429790871047961e-10,0
0.44375622272491455,-5.470983110988925e-10,44.75187067843217,-2.4277827999242473e-10,0
0.44297486543655396,-5.458538621105902e-10,44.77198567873711,-2.4179954111646196e-10,0
0.4424222707748413,-5.452648332848753e-10,44.79210067904205,-2.412373057155598e-10,0
0.4432249069213867,-5.464580454805912e-10,44.81217067934631,-2.4220381634457794e-10,0
0.4438014328479767,-5.471765263109774e-10,44.83228567965125,-2.4283772639759036e-10,0
0.44359180331230164,-5.467123975755328e-10,44.85240067995619,-2.425171383337226e-10,0
0.4427368938922882,-5.454143248151411e-10,44.87251568026113,-2.4147504405301513e-10,0
0.44241616129875183,-5.451374351927996e-10,44.89263068056607,-2.411776114582455e-10,0
0.4432590901851654,-5.464623753503872e-10,44.91270068087033,-2.42224415318237e-10,0
0.44366732239723206,-5.469797392798625e-10,44.93281568117527,-2.426770363318327e-10,0
0.44334885478019714,-5.463754448875591e-10,44.95293068148021,-2.4223492777092003e-10,0
0.44243261218070984,-5.451075701934371e-10,44.97304568178515,-2.4117336620016204e-10,0
0.4423487186431885,-5.451923912325185e-10,44.99316068209009,-2.4116515567572046e-10,0
0.44322699308395386,-5.465242147728588e-10,45.01327568239503,-2.422342843613432e-10,0
0.4435129463672638,-5.46837741755013e-10,45.03334568269929,-2.425296180305867e-10,0
0.4431450068950653,-5.460570884352478e-10,45.05346068300423,-2.419824722197372e-10,0
0.4421946704387665,-5.447586270967975e-10,45.07357568330917,-2.4088936157774323e-10,0
0.442334920167923,-5.451676332590694e-10,45.09369068361411,-2.4114668153578596e-10,0
0.44320058822631836,-5.464791952292103e-10,45.113805683919054,-2.4219990077903107e-10,0
0.4433841109275818,-5.465550234617922e-10,45.133920684223995,-2.4233381315061033e-10,0
0.4428366422653198,-5.456661233971261e-10,45.15399068452825,-2.41640953883117e-10,0
0.441948264837265,-5.445421336069955e-10,45.174105684833194,-2.406594510783938e-10,0
0.44236403703689575,-5.452511220305212e-10,45.194220685138134,-2.4119948754031843e-10,0
0.44317758083343506,-5.464153574052943e-10,45.214335685443075,-2.4215903622511514e-10,0
0.4432208836078644,-5.463565155849892e-10,45.234450685748016,-2.4215661760249284e-10,0
0.44257786870002747,-5.452972517971943e-10,45.254565686052956,-2.413364955083845e-10,0
0.4418054223060608,-5.44410461156275e-10,45.274635686357215,-2.405234936989854e-10,0
0.44236519932746887,-5.453115181630608e-10,45.294750686662155,-2.4122683842776705e-10,0
0.4430699050426483,-5.463478558453971e-10,45.314865686967096,-2.420702926096746e-10,0
0.44300130009651184,-5.460953356184461e-10,45.33498068727204,-2.419209436556126e-10,0
0.4422299265861511,-5.449065088036775e-10,45.35509568757698,-2.409739653845662e-10,0
0.4416448771953583,-5.442448158810009e-10,45.375165687881235,-2.4036293487397503e-10,0
0.44238704442977905,-5.45415268504712e-10,45.395280688186176,-2.412846486206739e-10,0
0.4429764151573181,-5.462000296496683e-10,45.41539568849112,-2.4195373109303093e-10,0
0.4428388476371765,-5.457916341100599e-10,45.43551068879606,-2.416977382993104e-10,0
0.44195556640625,-5.445404127613074e-10,45.455625689101,-2.4066266655301677e-10,0
0.44154858589172363,-5.441794792560017e-10,45.47574068940594,-2.402816795367821e-10,0
0.4424249231815338,-5.454636187174344e-10,45.4958106897102,-2.413266996093824e-10,0
0.44287559390068054,-5.46074907514793e-10,45.51592569001514,-2.4184324897987317e-10,0
0.4425855576992035,-5.455043639024382e-10,45.53604069032008,-2.4143235312510985e-10,0
0.44169920682907104,-5.442237771546843e-10,45.55615569062502,-2.4038321070674516e-10,0
0.441513329744339,-5.442066797201051e-10,45.57627069092996,-2.402745032323346e-10,0
0.44240811467170715,-5.45496647852417e-10,45.5963856912349,-2.4133214353612397e-10,0
0.44276711344718933,-5.458306029382243e-10,45.61645569153916,-2.416758404940965e-10,0
0.4423809051513672,-5.451800122457939e-10,45.6365706918441,-2.4117722728772777e-10,0
0.441414475440979,-5.43851408352225e-10,45.65668569214904,-2.4006388413563507e-10,0
0.44147270917892456,-5.44126965706937e-10,45.67680069245398,-2.4021720568794924e-10,0
0.4423506259918213,-5.454677820537768e-10,45.69691569275892,-2.412880148498585e-10,0
0.4425774812698364,-5.455783047558782e-10,45.71703069306386,-2.414606719543238e-10,0
0.44205236434936523,-5.446571527123467e-10,45.73710069336812,-2.4076698211628615e-10,0
0.4411899447441101,-5.435453753754871e-10,45.75721569367306,-2.3980675412782773e-10,0
0.4414888322353363,-5.441582739962314e-10,45.777330693978,-2.4023980093779237e-10,0
0.4423812925815582,-5.453648088682428e-10,45.79744569428294,-2.412591890756277e-10,0
0.44244682788848877,-5.453935081334293e-10,45.81756069458788,-2.413076276246105e-10,0
0.4418664574623108,-5.444077966210159e-10,45.83763069489214,-2.4055554450779047e-10,0
0.44105809926986694,-5.433998251369587e-10,45.85774569519708,-2.396708940184851e-10,0
0.4415271282196045,-5.442010730938307e-10,45.87786069550202,-2.4027953697714614e-10,0
0.4422747492790222,-5.452456819377005e-10,45.89797569580696,-2.41148397274466e-10,0
0.44223374128341675,-5.450270790241518e-10,45.9180906961119,-2.410293642576231e-10,0
0.44150182604789734,-5.439202421797518e-10,45.938205696416844,-2.4014178014677496e-10,0
0.4408610165119171,-5.431664007460313e-10,45.9582756967211,-2.394608915680147e-10,0
0.4415804147720337,-5.443127060189568e-10,45.97839069702604,-2.4035783048953897e-10,0
0.44223952293395996,-5.452053253307554e-10,45.998505697330984,-2.411113429753277e-10,0
0.44209080934524536,-5.448269613239631e-10,46.018620697635924,-2.4086299228482155e-10,0
0.44131138920783997,-5.435766836647815e-10,46.038735697940865,-2.398865814090953e-10,0
0.44080787897109985,-5.431209926243241e-10,46.058850698245806,-2.394120127834067e-10,0
0.4416268467903137,-5.444749651140057e-10,46.078920698550064,-2.404547619995644e-10,0
0.4420735836029053,-5.450920270710924e-10,46.099035698855005,-2.4097078580068967e-10,0
0.44182294607162476,-5.445239814605429e-10,46.119150699159945,-2.4058318969554786e-10,0
0.44094544649124146,-5.431953220558228e-10,46.139265699464886,-2.3951950381585847e-10,0
0.4406810402870178,-5.4303694874136e-10,46.15938069976983,-2.393060874856305e-10,0
0.4416187107563019,-5.444046324853957e-10,46.17949570007477,-2.404192719279588e-10,0
0.4420047402381897,-5.448690387765964e-10,46.199565700379026,-2.408346979482816e-10,0
0.4416980445384979,-5.442476469497137e-10,46.219680700683966,-2.4039312140236735e-10,0
0.44078370928764343,-5.428934524154272e-10,46.23979570098891,-2.3929858970364674e-10,0
0.4407588243484497,-5.431236571595832e-10,46.25991070129385,-2.3938654460548836e-10,0
0.44165244698524475,-5.444296125034498e-10,46.28002570159879,-2.404486705733772e-10,0
0.441875696182251,-5.446643136508555e-10,46.30009570190305,-2.406739227800997e-10,0
0.44140833616256714,-5.438183792172424e-10,46.32021070220799,-2.4004596594490695e-10,0
0.4404377043247223,-5.426178950607152e-10,46.34032570251293,-2.389893800260545e-10,0
0.44066914916038513,-5.431514127351988e-10,46.36044070281787,-2.3935007091528125e-10,0
0.4415420889854431,-5.444142359145587e-10,46.38055570312281,-2.403817989991281e-10,0
0.4416857957839966,-5.444306672153232e-10,46.40067070342775,-2.4046729249821224e-10,0
0.44112488627433777,-5.434932504044809e-10,46.42074070373201,-2.3974839827554683e-10,0
0.44028863310813904,-5.42430600436461e-10,46.44085570403695,-2.388260276221965e-10,0
0.4407377243041992,-5.432743144240249e-10,46.46097070434189,-2.394414850121687e-10,0
0.4415091276168823,-5.443269723848232e-10,46.48108570464683,-2.403253267159621e-10,0
0.44148385524749756,-5.441885275736524e-10,46.50120070495177,-2.402504491346752e-10,0
0.44079867005348206,-5.43030953537027e-10,46.52131570525671,-2.393673221169957e-10,0
0.4400760233402252,-5.421456616971909e-10,46.54138570556097,-2.3858530687085484e-10,0
0.44073083996772766,-5.431564642499609e-10,46.56150070586591,-2.393858047227863e-10,0
0.4414263665676117,-5.44174261207786e-10,46.58161570617085,-2.402128669045674e-10,0
0.4413577914237976,-5.438373085198123e-10,46.60173070647579,-2.4002683338216677e-10,0
0.4405871629714966,-5.426516458406638e-10,46.62184570678073,-2.390853491227514e-10,0
0.4400498867034912,-5.420658921728716e-10,46.64196070708567,-2.3853603443649903e-10,0
0.4408337473869324,-5.432990168863228e-10,46.66203070738993,-2.395045415656339e-10,0
0.4413347840309143,-5.439727557288165e-10,46.68214570769487,-2.4007409866827855e-10,0
0.4411400854587555,-5.434555028216437e-10,46.70226070799981,-2.3974000695777083e-10,0
0.4402690827846527,-5.4219295719804e-10,46.72237570830475,-2.387107959578795e-10,0
0.4399414658546448,-5.419582560506342e-10,46.742490708609694,-2.384299095989429e-10,0
0.44083184003829956,-5.433157257428434e-10,46.76256070891395,-2.3951087110096176e-10,0
0.44123438000679016,-5.438609007590856e-10,46.78267570921889,-2.3997012735636955e-10,0
0.44095999002456665,-5.433046790237483e-10,46.80279070952383,-2.3957562584261246e-10,0
0.44003725051879883,-5.420238702313895e-10,46.822905709828774,-2.3851069357217886e-10,0
0.4399755895137787,-5.421109117165201e-10,46.843020710133715,-2.38515567964328e-10,0
0.44085270166397095,-5.434309668927995e-10,46.863135710438655,-2.395730099225546e-10,0
0.4411071836948395,-5.437190697676897e-10,46.883205710742914,-2.3983838758640354e-10,0
0.44071704149246216,-5.429634519771298e-10,46.903320711047854,-2.392932461938952e-10,0
0.4397621154785156,-5.417432058507643e-10,46.923435711352795,-2.3823813825104507e-10,0
0.4399487376213074,-5.421890159063025e-10,46.943550711657736,-2.3853537310011674e-10,0
0.44080325961112976,-5.435232264261458e-10,46.963665711962676,-2.395868098830032e-10,0
0.44098415970802307,-5.43642575401293e-10,46.98378071226762,-2.3973776429484477e-10,0
0.4404642879962921,-5.427068794361389e-10,47.003850712571875,-2.390429992415285e-10,0
0.4395850896835327,-5.416038173500226e-10,47.023965712876816,-2.3808096262275336e-10,0
0.43996137380599976,-5.422488569273298e-10,47.044080713181756,-2.3856855203848104e-10,0
0.4407411813735962,-5.433873906390829e-10,47.0641957134867,-2.394932004937852e-10,0
0.4407990276813507,-5.43261879926149e-10,47.08431071379164,-2.394693084477892e-10,0
0.4401395618915558,-5.421988968912217e-10,47.10442571409658,-2.3864318493578714e-10,0
0.43938738107681274,-5.413209880344994e-10,47.12449571440084,-2.3784961125439136e-10,0
0.4400104284286499,-5.423049231900734e-10,47.14461071470578,-2.3861982159183027e-10,0
0.4407273828983307,-5.433003491539523e-10,47.16472571501072,-2.394473410103707e-10,0
0.4406614601612091,-5.430540461759392e-10,47.18484071531566,-2.3930298893434205e-10,0
0.4399043023586273,-5.419169002429669e-10,47.2049557156206,-2.383915759377322e-10,0
0.4392963647842407,-5.412077452859876e-10,47.22502571592486,-2.3775059509720964e-10,0
0.44004377722740173,-5.423660964787302e-10,47.2451407162298,-2.3866482573458185e-10,0
0.44059517979621887,-5.431015082102419e-10,47.26525571653474,-2.392879066574892e-10,0
0.44046682119369507,-5.426654681173204e-10,47.28537071683968,-2.390261337132246e-10,0
0.43959617614746094,-5.414507175949268e-10,47.30548571714462,-2.3801966502702857e-10,0
0.43919384479522705,-5.410965564500714e-10,47.32560071744956,-2.3764627703276446e-10,0
0.4400556683540344,-5.424139470910916e-10,47.34567071775382,-2.3869233201172017e-10,0
0.4405193328857422,-5.429240390597556e-10,47.36578571805876,-2.391685354942362e-10,0
0.4402610659599304,-5.423032578555365e-10,47.3859007183637,-2.387550103770215e-10,0
0.4393317699432373,-5.410222270185727e-10,47.40601571866864,-2.376882525747015e-10,0
0.43916699290275574,-5.409543368806169e-10,47.42613071897358,-2.375692894255648e-10,0
0.4400445222854614,-5.422908788688119e-10,47.44624571927852,-2.3863213073158936e-10,0
0.44036903977394104,-5.426670779407061e-10,47.46631571958278,-2.389737800296792e-10,0
0.4400138854980469,-5.420257576105314e-10,47.48643071988772,-2.3849885964623247e-10,0
0.4391053020954132,-5.407545522473356e-10,47.50654572019266,-2.374481910240362e-10,0
0.43919652700424194,-5.410905612457384e-10,47.5266607204976,-2.3764509529390437e-10,0
0.4401004910469055,-5.423825832906459e-10,47.54677572080254,-2.387028412415024e-10,0
0.4402982294559479,-5.42482947452072e-10,47.566890721107484,-2.3885428127319133e-10,0
0.4397810399532318,-5.416027626381492e-10,47.58696072141174,-2.381866261945486e-10,0
0.43886199593544006,-5.403965608330452e-10,47.60707572171668,-2.371595132838377e-10,0
0.4391309916973114,-5.409857006810626e-10,47.62719072202162,-2.3756358723413987e-10,0
0.43995219469070435,-5.42192735153435e-10,47.647305722326564,-2.3853888377610954e-10,0
0.44006791710853577,-5.421854631926237e-10,47.667420722631505,-2.385984274737046e-10,0
0.43950608372688293,-5.41176881085903e-10,47.68749072293576,-2.3785053160959426e-10,0
0.43873822689056396,-5.402361891171381e-10,47.707605723240704,-2.3702226771536856e-10,0
0.43929919600486755,-5.411648906772371e-10,47.727720723545644,-2.377333013805723e-10,0
0.4400656223297119,-5.422620130701716e-10,47.747835723850585,-2.3863087024748746e-10,0
0.44003573060035706,-5.42057343455582e-10,47.767950724155526,-2.385245991547657e-10,0
0.4393095374107361,-5.409336867323589e-10,47.788065724460466,-2.376373276882766e-10,0
0.43861621618270874,-5.401715741371049e-10,47.808135724764725,-2.369280119374745e-10,0
0.4393225908279419,-5.412306713914461e-10,47.828250725069665,-2.3777486079123655e-10,0
0.43993687629699707,-5.421225690582787e-10,47.848365725374606,-2.384997096016022e-10,0
0.4398134648799896,-5.417088999593034e-10,47.86848072567955,-2.382508682474289e-10,0
0.4389941990375519,-5.404522940288814e-10,47.88859572598449,-2.3725542193521627e-10,0
0.43853819370269775,-5.399783953308201e-10,47.90871072628943,-2.368011501268591e-10,0
0.4393870234489441,-5.412840731189306e-10,47.928780726593686,-2.378331977280475e-10,0
0.43985679745674133,-5.418479553931377e-10,47.94889572689863,-2.3833550636770877e-10,0
0.43963372707366943,-5.413001158416364e-10,47.96901072720357,-2.379737873928676e-10,0
0.4387255609035492,-5.400735414440305e-10,47.98912572750851,-2.369440673991985e-10,0
0.43849754333496094,-5.399375391235139e-10,48.00924072781345,-2.367612844599852e-10,0
0.4393904209136963,-5.41264255637941e-10,48.02935572811839,-2.378263291102934e-10,0
0.43974876403808594,-5.416753712239597e-10,48.04942572842265,-2.3820107500560766e-10,0
0.43944409489631653,-5.409931946864788e-10,48.06954072872759,-2.377362647840664e-10,0
0.43848031759262085,-5.396632030141291e-10,48.08965572903253,-2.3663169265068633e-10,0
0.43847379088401794,-5.398451685678651e-10,48.10977072933747,-2.367079575523735e-10,0
0.4393547773361206,-5.411868175819734e-10,48.12988572964241,-2.3777301373597164e-10,0
0.43955981731414795,-5.413493542327785e-10,48.14995572994667,-2.379554232496921e-10,0
0.4390926957130432,-5.405224601240377e-10,48.17007073025161,-2.373394641093096e-10,0
0.4381752908229828,-5.393180346757731e-10,48.19018573055655,-2.363158366901364e-10,0
0.4383929669857025,-5.398542168855158e-10,48.21030073086149,-2.366682918801842e-10,0
0.4392896592617035,-5.411451287073987e-10,48.23041573116643,-2.3771945920100387e-10,0
0.4394344985485077,-5.41241940155146e-10,48.25053073147137,-2.37840380565498e-10,0
0.4389142394065857,-5.403116287716614e-10,48.27060073177563,-2.3715046758484724e-10,0
0.4381389021873474,-5.393439028722469e-10,48.29071573208057,-2.363075455058856e-10,0
0.43858760595321655,-5.402209790617007e-10,48.31083073238551,-2.3693422589237406e-10,0
0.43937817215919495,-5.413417492050598e-10,48.33094573269045,-2.378537482791805e-10,0
0.43936169147491455,-5.411862069593099e-10,48.35106073299539,-2.3777648729253555e-10,0
0.43869224190711975,-5.401054603559885e-10,48.37117573330033,-2.369400752698456e-10,0
0.437958300113678,-5.393107627149618e-10,48.39124573360459,-2.361956248716558e-10,0
0.4385841488838196,-5.403479885757179e-10,48.41136073390953,-2.369880626705651e-10,0
0.43927162885665894,-5.412456594022785e-10,48.43147573421447,-2.3775386241723533e-10,0
0.439193457365036,-5.409682146684247e-10,48.451590734519414,-2.3758970052481643e-10,0
0.4384213089942932,-5.398193003713914e-10,48.471705734824354,-2.3666828428920895e-10,0
0.43791624903678894,-5.393083202243076e-10,48.491820735129295,-2.361718766669602e-10,0
0.4387110769748688,-5.405317859974446e-10,48.51189073543355,-2.371372819740882e-10,0
0.43919727206230164,-5.411996961690591e-10,48.532005735738494,-2.376934301983972e-10,0
0.43897196650505066,-5.407285175174081e-10,48.552120736043435,-2.373646606799774e-10,0
0.4380829334259033,-5.394413249426577e-10,48.572235736348375,-2.363200380420354e-10,0
0.437759131193161,-5.392004065463141e-10,48.592350736653316,-2.3603990150871365e-10,0
0.4386442303657532,-5.405656477996956e-10,48.612420736957574,-2.371160025412623e-10,0
0.439066618680954,-5.410783487924675e-10,48.632535737262515,-2.3756944104578255e-10,0
0.4387914836406708,-5.404671155062601e-10,48.652650737567456,-2.3715236747198567e-10,0
0.43789249658584595,-5.391528890008601e-10,48.672765737872396,-2.360910046060581e-10,0
0.4378453493118286,-5.39292333012753e-10,48.69288073817734,-2.3612663992915985e-10,0
0.4387339949607849,-5.406335379376515e-10,48.71299573848228,-2.371943119091689e-10,0
0.4389791190624237,-5.409115932941688e-10,48.733065738786536,-2.3744889471492624e-10,0
0.4385584890842438,-5.401251113035244e-10,48.753180739091476,-2.3687645272973264e-10,0
0.43761926889419556,-5.388735568878644e-10,48.77329573939642,-2.3582145199168193e-10,0
0.43777063488960266,-5.3929399834729e-10,48.79341073970136,-2.3608707604864546e-10,0
0.4386439323425293,-5.405487168985701e-10,48.8135257400063,-2.371084148030974e-10,0
0.43881756067276,-5.406607384017548e-10,48.83364074031124,-2.3725142637699125e-10,0
0.43825212121009827,-5.397298719067578e-10,48.8537107406155,-2.3653776124359123e-10,0
0.43740391731262207,-5.386884271985082e-10,48.87382574092044,-2.356244282676027e-10,0
0.4377442002296448,-5.393932522856915e-10,48.89394074122538,-2.36116267831067e-10,0
0.4385201930999756,-5.404776626249941e-10,48.91405574153032,-2.3701036898053586e-10,0
0.43850138783454895,-5.403146263738279e-10,48.93417074183526,-2.369287135322293e-10,0
0.43779975175857544,-5.392127855330386e-10,48.9542857421402,-2.360672236514143e-10,0
0.43703386187553406,-5.382851941959643e-10,48.97435574244446,-2.352488572098841e-10,0
0.43756523728370667,-5.391906920948486e-10,48.9944707427494,-2.3593110312764845e-10,0
0.4382707178592682,-5.401575853269946e-10,49.01458574305434,-2.3673525267839085e-10,0
0.4381779730319977,-5.398722024985148e-10,49.03470074335928,-2.365601073871194e-10,0
0.4374380111694336,-5.386730506096171e-10,49.05481574366422,-2.3563606792924256e-10,0
0.43680956959724426,-5.379789391746215e-10,49.07488574396848,-2.3499434887324846e-10,0
0.4375230669975281,-5.391403989918331e-10,49.09500074427342,-2.358863609091778e-10,0
0.43804502487182617,-5.39903954877019e-10,49.11511574457836,-2.365022413425011e-10,0
0.43780744075775146,-5.394139024339495e-10,49.1352307448833,-2.3615942013375887e-10,0
0.4369271993637085,-5.38112998604845e-10,49.15534574518824,-2.351162054216221e-10,0
0.43653327226638794,-5.377290279717784e-10,49.17546074549318,-2.3473661217314445e-10,0
0.43736761808395386,-5.389948487533047e-10,49.19553074579744,-2.3573889315875385e-10,0
0.4378085434436798,-5.395733859714369e-10,49.21564574610238,-2.3622983819312924e-10,0
0.437537282705307,-5.389990676007983e-10,49.23576074640732,-2.3583218741874737e-10,0
0.4365769624710083,-5.377067124889834e-10,49.25587574671226,-2.3475036323871215e-10,0
0.43639224767684937,-5.376686318392387e-10,49.275990747017204,-2.346344227536618e-10,0
0.4372774660587311,-5.389546586798133e-10,49.296105747322144,-2.3567272746805705e-10,0
0.4375320076942444,-5.391746493721428e-10,49.3161757476264,-2.359061668376339e-10,0
0.43713757395744324,-5.384422907539488e-10,49.33629074793134,-2.3537335669626944e-10,0
0.4361366927623749,-5.371353917205113e-10,49.356405748236284,-2.342644533106065e-10,0
0.4361715316772461,-5.374006795122455e-10,49.376520748541225,-2.3439887750724895e-10,0
0.4370555877685547,-5.386146528785218e-10,49.396635748846165,-2.354045436945784e-10,0
0.43720579147338867,-5.386878720869959e-10,49.416750749151106,-2.355174574729106e-10,0
0.43666404485702515,-5.377659428873471e-10,49.436820749455364,-2.3482305180754097e-10,0
0.43571746349334717,-5.366023736463887e-10,49.456935749760305,-2.338070251497138e-10,0
0.43599602580070496,-5.371684208554939e-10,49.477050750065246,-2.3420329667863585e-10,0
0.4367685616016388,-5.383064549668859e-10,49.497165750370186,-2.351153360367641e-10,0
0.4367804527282715,-5.382392864738961e-10,49.51728075067513,-2.3509239922221014e-10,0
0.43617743253707886,-5.37204447592643e-10,49.537350750979385,-2.3431645669845874e-10,0
0.43535152077674866,-5.36210686963301e-10,49.557465751284326,-2.334401380262182e-10,0
0.4359416365623474,-5.37150435242495e-10,49.57758075158927,-2.3416623981979046e-10,0
0.4367586076259613,-5.383252177360021e-10,49.59769575189421,-2.351181725483187e-10,0
0.43681570887565613,-5.38219357970604e-10,49.61781075219915,-2.3510267038252993e-10,0
0.43612056970596313,-5.371374456331068e-10,49.63792575250409,-2.3425668879991635e-10,0
0.435529887676239,-5.364630406567983e-10,49.65799575280835,-2.33645687839709e-10,0
0.43622174859046936,-5.376267764312104e-10,49.67811075311329,-2.3452449250387993e-10,0
0.43687087297439575,-5.384908630112761e-10,49.69822575341823,-2.3525097341247196e-10,0
0.4367539882659912,-5.381642353974314e-10,49.71834075372317,-2.350453761519459e-10,0
0.43596962094306946,-5.369483191408619e-10,49.73845575402811,-2.3409315516185987e-10,0
0.4355841279029846,-5.365538013890614e-10,49.75857075433305,-2.337143196510855e-10,0
0.43644627928733826,-5.378800738142786e-10,49.77864075463731,-2.3475575691904076e-10,0
0.436937153339386,-5.384837575839185e-10,49.79875575494225,-2.3528356015821336e-10,0
0.4367494285106659,-5.37988431581482e-10,49.81887075524719,-2.3496614003856175e-10,0
0.4358362555503845,-5.366920796667785e-10,49.83898575555213,-2.339098663855174e-10,0
0.4355875551700592,-5.365538013890614e-10,49.85910075585707,-2.3371615856426277e-10,0
0.4364827275276184,-5.378968936931017e-10,49.87921575616201,-2.347827032877984e-10,0
0.43682417273521423,-5.383085643906327e-10,49.89928575646627,-2.351461933162189e-10,0
0.43652254343032837,-5.376700751291708e-10,49.91940075677121,-2.3470510872176136e-10,0
0.43562471866607666,-5.364018673681414e-10,49.93951575707615,-2.336699125642048e-10,0
0.4356975257396698,-5.367050137650153e-10,49.95963075738109,-2.338410465494926e-10,0
0.4366455674171448,-5.380649814590299e-10,49.97974575768603,-2.349436891364736e-10,0
0.43690598011016846,-5.382854162405692e-10,49.99981575799029,-2.351801173615959e-10,0
0.43644627928733826,-5.374773959232471e-10,50.01993075829523,-2.3458000965174877e-10,0
0.43556302785873413,-5.362613131332239e-10,50.04004575860017,-2.3357560127180775e-10,0
0.4358174800872803,-5.368313016340664e-10,50.06016075890511,-2.339604651101335e-10,0
0.43664708733558655,-5.380914602781672e-10,50.08027575921005,-2.349560688506142e-10,0
0.4367605149745941,-5.381239343016375e-10,50.100390759514994,-2.3503128666573785e-10,0
0.4361947178840637,-5.371615929838924e-10,50.12046075981925,-2.343070495097632e-10,0
0.43539443612098694,-5.361335819742408e-10,50.14057576012419,-2.334295786091995e-10,0
0.4358764886856079,-5.370008882010779e-10,50.160690760429134,-2.3406606157013855e-10,0
0.43666738271713257,-5.380921819231332e-10,50.180805760734074,-2.3496730474092575e-10,0
0.43667086958885193,-5.379451328835216e-10,50.200920761039015,-2.349049689673379e-10,0
0.43600180745124817,-5.368359645707699e-10,50.221035761343956,-2.340614508576899e-10,0
0.4352914094924927,-5.360563659628781e-10,50.241105761648214,-2.333407311074047e-10,0
0.43589258193969727,-5.371091349459789e-10,50.261220761953155,-2.34121887615e-10,0
0.43653979897499084,-5.380123013765115e-10,50.281335762258095,-2.348637818889745e-10,0
0.43642905354499817,-5.376712408633466e-10,50.301450762563036,-2.346553507683551e-10,0
0.4356270134449005,-5.364665933704771e-10,50.321565762867976,-2.336993398829408e-10,0
0.4351648986339569,-5.359118149250719e-10,50.34168076317292,-2.332100106186088e-10,0
0.4359619617462158,-5.371960098976558e-10,50.361750763477175,-2.341970263172216e-10,0
0.4364846348762512,-5.3787607701139e-10,50.381865763782116,-2.3477464308298693e-10,0
0.43628114461898804,-5.373884670589746e-10,50.40198076408706,-2.344524555135328e-10,0
0.43541473150253296,-5.361103228018749e-10,50.422095764392,-2.334303322585146e-10,0
0.43513038754463196,-5.358699595170435e-10,50.44221076469694,-2.331733031581774e-10,0
0.4360053837299347,-5.371642020080003e-10,50.462280765001196,-2.3420648402248233e-10,0
0.43639305233955383,-5.376813438928707e-10,50.48239576530614,-2.3464040284744317e-10,0
0.43610525131225586,-5.370605626886515e-10,50.50251076561108,-2.342149316612359e-10,0
0.43516719341278076,-5.358241628172777e-10,50.52262576591602,-2.3317309709594763e-10,0
0.43513843417167664,-5.359878096911075e-10,50.54274076622096,-2.332288962440951e-10,0
0.43604087829589844,-5.373303468836355e-10,50.5628557665259,-2.342979963901802e-10,0
0.43632644414901733,-5.37587308002685e-10,50.58292576683016,-2.345635585204541e-10,0
0.4358830153942108,-5.368399058625073e-10,50.6030407671351,-2.3399939695129395e-10,0
0.4349667727947235,-5.356092236397103e-10,50.62315576744004,-2.3297221548565213e-10,0
0.43513306975364685,-5.360566435186342e-10,50.64327076774498,-2.332559728560997e-10,0
0.43598416447639465,-5.372891020982706e-10,50.66338576804992,-2.342495402605868e-10,0
0.4361278712749481,-5.373719802470589e-10,50.68350076835486,-2.3436289782795327e-10,0
0.4355740547180176,-5.364365063265097e-10,50.70357076865912,-2.3365782415940534e-10,0
0.43471845984458923,-5.353426035803466e-10,50.72368576896406,-2.3272331211764075e-10,0
0.43514612317085266,-5.360722421521302e-10,50.743800769269,-2.33269757912006e-10,0
0.4359496831893921,-5.372119415980592e-10,50.76391576957394,-2.341973757452321e-10,0
0.4359918534755707,-5.370630051793057e-10,50.78403076987888,-2.341550950612855e-10,0
0.4353453814983368,-5.36044819643422e-10,50.80414577018382,-2.333646365078727e-10,0
0.43462544679641724,-5.352749354869957e-10,50.82421577048808,-2.326441079949589e-10,0
0.4352051019668579,-5.362638111350293e-10,50.84433077079302,-2.3338474660615626e-10,0
0.4359366297721863,-5.372873812525825e-10,50.86444577109796,-2.3422325020237454e-10,0
0.43584737181663513,-5.3697257751395e-10,50.8845607714029,-2.340380866470595e-10,0
0.43508556485176086,-5.358284926870738e-10,50.90467577170784,-2.331312424044231e-10,0
0.43452557921409607,-5.352246978951314e-10,50.9247457720121,-2.3256882186257155e-10,0
0.43525034189224243,-5.363827160209667e-10,50.94486077231704,-2.334607605332153e-10,0
0.43580251932144165,-5.371261768694069e-10,50.96497577262198,-2.340809410731818e-10,0
0.4356285631656647,-5.366933564232568e-10,50.985090772926924,-2.337989557192213e-10,0
0.434771329164505,-5.354132137647127e-10,51.005205773231864,-2.327823146007234e-10,0
0.4344053566455841,-5.350465626108303e-10,51.025320773536805,-2.3242709285295157e-10,0
0.43526414036750793,-5.365108357580084e-10,51.04539077384106,-2.3352392772406276e-10,0
0.43567073345184326,-5.370719979858052e-10,51.065505774146004,-2.3398655127892263e-10,0
0.43541818857192993,-5.3648024911368e-10,51.085620774450945,-2.3359325827369625e-10,0
0.434494286775589,-5.351539211773115e-10,51.105735774755885,-2.3252132129709574e-10,0
0.43439045548439026,-5.351632470507184e-10,51.125850775060826,-2.3246980664486683e-10,0
0.4353143572807312,-5.364947375241513e-10,51.14596577536577,-2.335438618498205e-10,0
0.43556293845176697,-5.36820865537635e-10,51.166035775670025,-2.3381927361579317e-10,0
0.43520742654800415,-5.361849853002809e-10,51.186150775974966,-2.333516876062147e-10,0
0.43425825238227844,-5.348743115085597e-10,51.206265776279906,-2.3227358375988153e-10,0
0.4343808591365814,-5.351767917716188e-10,51.22638077658485,-2.3247055459971512e-10,0
0.43525415658950806,-5.364449995326481e-10,51.24649577688979,-2.334899158282418e-10,0
0.43545037508010864,-5.366465050116176e-10,51.26661077719473,-2.336829218927383e-10,0
0.4349484443664551,-5.358354315809777e-10,51.28668077749899,-2.330607874025743e-10,0
0.4340846538543701,-5.346573184183967e-10,51.30679577780393,-2.3208653699635548e-10,0
0.4344184100627899,-5.353039678190896e-10,51.32691077810887,-2.3254589860027177e-10,0
0.43522197008132935,-5.36489852542843e-10,51.34702577841381,-2.33492170552338e-10,0
0.43531009554862976,-5.363072763664434e-10,51.36714077871875,-2.3345997171850185e-10,0
0.4346369802951813,-5.353708032451721e-10,51.38721077902301,-2.3269194926068722e-10,0
0.4338459074497223,-5.344280018526604e-10,51.40732577932795,-2.318594014303093e-10,0
0.43439656496047974,-5.353107401795398e-10,51.42744077963289,-2.3253714672044397e-10,0
0.43511122465133667,-5.363898214483243e-10,51.44755577993783,-2.333892321008922e-10,0
0.4350805878639221,-5.361432964257062e-10,51.46767078024277,-2.332655405881973e-10,0
0.4343571066856384,-5.350199172582393e-10,51.48778578054771,-2.3238970327947848e-10,0
0.43373748660087585,-5.343639419841395e-10,51.50785578085197,-2.317736731263369e-10,0
0.43448278307914734,-5.354953147573838e-10,51.52797078115691,-2.326634946816321e-10,0
0.4350840151309967,-5.362832400379602e-10,51.54808578146185,-2.3332826532317583e-10,0
0.4349077343940735,-5.359401811233511e-10,51.56820078176679,-2.33084529943106e-10,0
0.43411070108413696,-5.346820208806946e-10,51.58831578207173,-2.321111869416015e-10,0
0.43368613719940186,-5.342822850806783e-10,51.60843078237667,-2.31710820390709e-10,0
0.4344917833805084,-5.355410004348471e-10,51.62850078268093,-2.3268816435231835e-10,0
0.43493494391441345,-5.36118982541467e-10,51.64861578298587,-2.3317687960312533e-10,0
0.43468666076660156,-5.355926813166434e-10,51.66873078329081,-2.328149941725623e-10,0
0.43377044796943665,-5.342953857123689e-10,51.68884578359575,-2.317615488084572e-10,0
0.43358609080314636,-5.342023490229053e-10,51.70896078390069,-2.316227082106995e-10,0
0.4344889223575592,-5.35576027971274e-10,51.729075784205634,-2.3270185123378083e-10,0
0.4348059594631195,-5.35931521383759e-10,51.74914578450989,-2.330262193617947e-10,0
0.4344693720340729,-5.352900900312818e-10,51.76926078481483,-2.3256714927195334e-10,0
0.43351903557777405,-5.339775843715699e-10,51.78937578511977,-2.3148944739691248e-10,0
0.43357422947883606,-5.342659648022163e-10,51.809490785424714,-2.316439540258879e-10,0
0.4344325661659241,-5.355765830827863e-10,51.829605785729655,-2.326719093670321e-10,0
0.43463772535324097,-5.35749333785418e-10,51.84967578603391,-2.3285687179600833e-10,0
0.434209942817688,-5.348859688503182e-10,51.869790786338854,-2.3225280594848033e-10,0
0.4332887530326843,-5.337273401018194e-10,51.889905786643794,-2.3125805365216876e-10,0
0.4335581064224243,-5.343105957678063e-10,51.910020786948735,-2.3165469014252749e-10,0
0.4344107508659363,-5.35517463706725e-10,51.930135787253676,-2.326345435106602e-10,0
0.43451496958732605,-5.35513133836929e-10,51.950250787558616,-2.3268847306276687e-10,0
0.43392491340637207,-5.346198483913156e-10,51.970320787862875,-2.3198487141852939e-10,0
0.43312397599220276,-5.335927810712349e-10,51.990435788167815,-2.3111182689831023e-10,0
0.43358075618743896,-5.344321651890027e-10,52.010550788472756,-2.317195023135381e-10,0
0.4343065023422241,-5.356047272364606e-10,52.030665788777696,-2.3261661572402818e-10,0
0.4342842996120453,-5.354369725374397e-10,52.05078078908264,-2.3253187060481593e-10,0
0.4335711598396301,-5.343552267333962e-10,52.07089578938758,-2.3168101542116712e-10,0
0.43290987610816956,-5.335993868982314e-10,52.090965789691836,-2.3100044447350858e-10,0
0.43351712822914124,-5.346604825540169e-10,52.11108078999678,-2.3178447697442427e-10,0
0.4341896176338196,-5.356222132490984e-10,52.13119579030172,-2.3256160396680622e-10,0
0.4340378940105438,-5.353013587949818e-10,52.15131079060666,-2.3234107443235638e-10,0
0.43326959013938904,-5.340475284221213e-10,52.1714257909116,-2.3138655375440623e-10,0
0.432731568813324,-5.33568078608937e-10,52.19154079121654,-2.3089175172515626e-10,0
0.4335331916809082,-5.348135267979615e-10,52.2116107915208,-2.3185941522684316e-10,0
0.434012234210968,-5.354812704361223e-10,52.23172579182574,-2.32405422560109e-10,0
0.4338003098964691,-5.3493248719505e-10,52.25184079213068,-2.320538787189017e-10,0
0.4329078495502472,-5.337924546822137e-10,52.27195579243562,-2.310829436626249e-10,0
0.43258902430534363,-5.335393238325992e-10,52.29207079274056,-2.3080325552527685e-10,0
0.43350860476493835,-5.348358422807564e-10,52.31214079304482,-2.3185593976541134e-10,0
0.4338352084159851,-5.352771004218937e-10,52.33225579334976,-2.3222205242183644e-10,0
0.43354204297065735,-5.346616482881927e-10,52.3523707936547,-2.3179830329692214e-10,0
0.4325913190841675,-5.334378494481484e-10,52.37248579395964,-2.3076058294219607e-10,0
0.43252846598625183,-5.335881181345314e-10,52.39260079426458,-2.307920502052198e-10,0
0.43341174721717834,-5.348820830697321e-10,52.41271579456952,-2.318241781784165e-10,0
0.43362534046173096,-5.350547227500613e-10,52.43278579487378,-2.3201328631815238e-10,0
0.4332331717014313,-5.342136177866053e-10,52.45290079517872,-2.3143905999978713e-10,0
0.43231961131095886,-5.330463292985144e-10,52.47301579548366,-2.3044638189306711e-10,0
0.43253037333488464,-5.335477615275863e-10,52.4931307957886,-2.307756124855189e-10,0
0.4333588480949402,-5.348809173355562e-10,52.51324579609354,-2.3179537820450156e-10,0
0.4334891736507416,-5.350674348036932e-10,52.53336079639848,-2.3194594016047502e-10,0
0.4329140782356262,-5.341228570543421e-10,52.55343079670274,-2.3122930432625968e-10,0
0.43208548426628113,-5.329695573763615e-10,52.57354579700768,-2.3028840929815068e-10,0
0.4324522018432617,-5.337575381680892e-10,52.59366079731262,-2.30824622631229e-10,0
0.43324005603790283,-5.348764209323065e-10,52.61377579761756,-2.3172989057806536e-10,0
0.4332469701766968,-5.347593479143598e-10,52.633890797922504,-2.3168286725756243e-10,0
0.43259209394454956,-5.336329711447263e-10,52.654005798227445,-2.3084540438534854e-10,0
0.43187904357910156,-5.327547847322478e-10,52.6740757985317,-2.3008562689235332e-10,0
0.4324871003627777,-5.337314479270105e-10,52.694190798836644,-2.3083196628637968e-10,0
0.4331749379634857,-5.346909026648916e-10,52.714305799141584,-2.316146985915046e-10,0
0.4330906271934509,-5.344161779774481e-10,52.734420799446525,-2.314506377025799e-10,0
0.4323192536830902,-5.333017916164806e-10,52.754535799751466,-2.305566325394918e-10,0
0.4317530691623688,-5.326622476431453e-10,52.774605800055724,-2.2997856024685371e-10,0
0.4324958920478821,-5.338274822186406e-10,52.794720800360665,-2.3087819312182589e-10,0
0.43305233120918274,-5.345614506602203e-10,52.814835800665605,-2.3149308238297093e-10,0
0.4328453838825226,-5.340869413394955e-10,52.834950800970546,-2.3117706715073626e-10,0
0.4319870173931122,-5.328697483264477e-10,52.85506580127549,-2.301928132385605e-10,0
0.4315865635871887,-5.325285212798292e-10,52.87518080158043,-2.2983215451132858e-10,0
0.43247470259666443,-5.338466335658154e-10,52.895250801884686,-2.3087516408360651e-10,0
0.4328683614730835,-5.343582243355627e-10,52.915365802189626,-2.313067690078014e-10,0
0.4325832724571228,-5.337745800915172e-10,52.93548080249457,-2.3090195461041512e-10,0
0.43166205286979675,-5.324923280092264e-10,52.95559580279951,-2.2985673144587985e-10,0
0.431530237197876,-5.325671570410861e-10,52.97571080310445,-2.2981883160173837e-10,0
0.4324372708797455,-5.338706698942985e-10,52.99582580340939,-2.3086557549183196e-10,0
0.4327404797077179,-5.34139621422014e-10,53.01589580371365,-2.3114383600506116e-10,0
0.4323529899120331,-5.333978259081107e-10,53.03601080401859,-2.3061614484394976e-10,0
0.431431382894516,-5.321377227751611e-10,53.05612580432353,-2.2958091362722635e-10,0
0.43155133724212646,-5.324887197843964e-10,53.07624080462847,-2.2979621908930422e-10,0
0.4324108362197876,-5.337552622108888e-10,53.09635580493341,-2.308015592693224e-10,0
0.43256065249443054,-5.338706698942985e-10,53.11647080523835,-2.3093144531711651e-10,0
0.43207991123199463,-5.32923816187747e-10,53.13654080554261,-2.3026567519181754e-10,0
0.43120259046554565,-5.318047113789248e-10,53.15665580584755,-2.2931556916837423e-10,0
0.43154555559158325,-5.325191398952711e-10,53.17677080615249,-2.2980626808925682e-10,0
0.4323640763759613,-5.337220665424525e-10,53.19688580645743,-2.3076224834209682e-10,0
0.4324096739292145,-5.336502351127592e-10,53.21700080676237,-2.3075552415735686e-10,0
0.4317995607852936,-5.325990759530441e-10,53.23707080706663,-2.2997604707117767e-10,0
0.4310389757156372,-5.31673927106624e-10,53.25718580737157,-2.2917218495474956e-10,0
0.43158426880836487,-5.325728191785117e-10,53.27730080767651,-2.298500507523675e-10,0
0.4322951138019562,-5.33530164492646e-10,53.29741580798145,-2.306424831761248e-10,0
0.43221768736839294,-5.332093100385293e-10,53.31753080828639,-2.3046249486814958e-10,0
0.43149077892303467,-5.320035523226352e-10,53.33764580859133,-2.2955462718151529e-10,0
0.4308547377586365,-5.31297561501276e-10,53.35771580889559,-2.2891207153243533e-10,0
0.4315907955169678,-5.324176099996691e-10,53.37783080920053,-2.297865398469999e-10,0
0.43217897415161133,-5.332221331144638e-10,53.39794580950547,-2.304473944843429e-10,0
0.4320529103279114,-5.328457675091158e-10,53.41806080981041,-2.3021756460822314e-10,0
0.4312390089035034,-5.316124207510597e-10,53.438175810115354,-2.2925201344547926e-10,0
0.43080294132232666,-5.312842943361318e-10,53.458290810420294,-2.288788366783623e-10,0
0.4316263496875763,-5.32545285647501e-10,53.47836081072455,-2.2986057768735849e-10,0
0.43205714225769043,-5.331068919645077e-10,53.49847581102949,-2.303326402600645e-10,0
0.43179845809936523,-5.325829222080358e-10,53.518590811334434,-2.2996848461948405e-10,0
0.43089795112609863,-5.312852380257027e-10,53.538705811639375,-2.2892972052881693e-10,0
0.4306933581829071,-5.312201234453084e-10,53.558820811944315,-2.2879297890099836e-10,0
0.4315662682056427,-5.325166974046169e-10,53.578935812249256,-2.29816243856104e-10,0
0.4318805932998657,-5.328852359376413e-10,53.599005812553514,-2.3014279185748743e-10,0
0.431537926197052,-5.322493557002872e-10,53.619120812858455,-2.2968578317861902e-10,0
0.43062856793403625,-5.309897521676987e-10,53.639235813163396,-2.2865935656362493e-10,0
0.430641233921051,-5.312546513813743e-10,53.659350813468336,-2.2878015859717282e-10,0
0.431506484746933,-5.324915508531092e-10,53.67946581377328,-2.2977355726606784e-10,0
0.4317089021205902,-5.326902807745171e-10,53.699535814077535,-2.299671362834757e-10,0
0.43126314878463745,-5.318506746121443e-10,53.719650814382476,-2.29367596616467e-10,0
0.4303446114063263,-5.307300710022389e-10,53.739765814687416,-2.2839682616711046e-10,0
0.4306327998638153,-5.312973949678224e-10,53.75988081499236,-2.2879408475534468e-10,0
0.4314470887184143,-5.324249374716317e-10,53.7799958152973,-2.2971318923321926e-10,0
0.43155208230018616,-5.324500840231394e-10,53.80011081560224,-2.297799424810949e-10,0
0.4309626817703247,-5.314517159682453e-10,53.8201808159065,-2.2903585674511587e-10,0
0.4301537871360779,-5.304299222075315e-10,53.84029581621144,-2.2816643984786485e-10,0
0.43061864376068115,-5.312232875809286e-10,53.86041081651638,-2.2875465163218978e-10,0
0.4313746690750122,-5.322217666581253e-10,53.88052581682132,-2.2958698846666715e-10,0
0.4313490092754364,-5.320944240772008e-10,53.90064081712626,-2.2951840266668446e-10,0
0.4306389391422272,-5.309706008205239e-10,53.9207558174312,-2.286566162530614e-10,0
0.42999181151390076,-5.302333017098704e-10,53.94082581773546,-2.2799597792722385e-10,0
0.43062856793403625,-5.313223749858764e-10,53.9609408180404,-2.2880259345147897e-10,0
0.4312654435634613,-5.3217824591556e-10,53.98105581834534,-2.2951008727959875e-10,0
0.43114781379699707,-5.318694373812605e-10,54.00117081865028,-2.2931434515236928e-10,0
0.4303373396396637,-5.306606820631998e-10,54.02128581895522,-2.2836310617044682e-10,0
0.42988133430480957,-5.301140082458744e-10,54.04140081926016,-2.278861171984073e-10,0
0.4306900203227997,-5.313987028188194e-10,54.06147081956442,-2.2886811811654672e-10,0
0.4311527907848358,-5.320692220145418e-10,54.08158581986936,-2.2940312996228608e-10,0
0.4309167265892029,-5.315660689397816e-10,54.1017008201743,-2.2906071039342126e-10,0
0.43004110455513,-5.302674410678776e-10,54.12181582047924,-2.280367960664524e-10,0
0.42973458766937256,-5.30055110914418e-10,54.14193082078418,-2.2778301453085097e-10,0
0.4305863082408905,-5.313505746507019e-10,54.16200082108844,-2.2879228232052143e-10,0
0.4309627115726471,-5.317938311932835e-10,54.18211582139338,-2.29183311488664e-10,0
0.430688738822937,-5.311214246184193e-10,54.20223082169832,-2.287480165307486e-10,0
0.4297337830066681,-5.298517180563067e-10,54.22234582200326,-2.276951832329192e-10,0
0.4296843707561493,-5.300061500790321e-10,54.2424608223082,-2.2773535909359812e-10,0
0.43057531118392944,-5.312980055904859e-10,54.262575822613144,-2.2876380408852455e-10,0
0.43081098794937134,-5.315045625842174e-10,54.2826458229174,-2.2897800570650517e-10,0
0.43040019273757935,-5.3067511496252e-10,54.30276082322234,-2.2840267176090567e-10,0
0.4294908344745636,-5.294222837903817e-10,54.32287582352728,-2.2738201845456026e-10,0
0.4297184646129608,-5.299368721622955e-10,54.342990823832224,-2.277236590473765e-10,0
0.43055692315101624,-5.311541206864945e-10,54.363105824137165,-2.286920839217606e-10,0
0.43071097135543823,-5.312638662324787e-10,54.383220824442105,-2.288211758710365e-10,0
0.4301634430885315,-5.303651406940446e-10,54.403290824746364,-2.2814369501508366e-10,0
0.42934679985046387,-5.293763205571622e-10,54.423405825051304,-2.2728602914783093e-10,0
0.4297522008419037,-5.301828420734012e-10,54.443520825356245,-2.278472432296596e-10,0
0.43050211668014526,-5.312824069569899e-10,54.463635825661186,-2.287182007499065e-10,0
0.4305473566055298,-5.311576734001733e-10,54.483750825966126,-2.2868853222318793e-10,0
0.42988285422325134,-5.300978545008661e-10,54.50386582627107,-2.2787997871045412e-10,0
0.4291706681251526,-5.292756788399799e-10,54.523935826575325,-2.2714959671014788e-10,0
0.42974990606307983,-5.303008587809188e-10,54.544050826880266,-2.2789674424627043e-10,0
0.43044427037239075,-5.31243771195733e-10,54.56416582718521,-2.2867083748222457e-10,0
0.4303465187549591,-5.308760653299771e-10,54.58428082749015,-2.284606666050859e-10,0
0.42962804436683655,-5.296725280601322e-10,54.60439582779509,-2.2756217238531296e-10,0
0.4290400743484497,-5.290295423954205e-10,54.624465828099346,-2.2697487420185756e-10,0
0.4297855496406555,-5.302355776670709e-10,54.64458082840429,-2.2788758918667254e-10,0
0.43031778931617737,-5.309933048813775e-10,54.66469582870923,-2.2849586509824535e-10,0
0.43012160062789917,-5.305854644532815e-10,54.68481082901417,-2.2821626924054273e-10,0
0.4292888939380646,-5.293298022124304e-10,54.70492582931911,-2.2723540532022874e-10,0
0.42893752455711365,-5.29025323547927e-10,54.72504082962405,-2.2691881271067392e-10,0
0.42978787422180176,-5.303372740961265e-10,54.74511082992831,-2.2793252965435923e-10,0
0.4302070438861847,-5.307728700998382e-10,54.76522583023325,-2.283422274206373e-10,0
0.42991504073143005,-5.301564187654151e-10,54.78534083053819,-2.2792221836756251e-10,0
0.4290226101875305,-5.288669502334642e-10,54.80545583084313,-2.268958794310796e-10,0
0.4288754463195801,-5.289090276860975e-10,54.82557083114807,-2.268360953113302e-10,0
0.4297625422477722,-5.302526195904989e-10,54.84568583145301,-2.2788271382875365e-10,0
0.43003326654434204,-5.305621497697643e-10,54.86575583175727,-2.281593743702802e-10,0
0.4296429753303528,-5.298541605469609e-10,54.88587083206221,-2.276481180285627e-10,0
0.42871105670928955,-5.286028281759059e-10,54.90598583236715,-2.2661787704681162e-10,0
0.42880722880363464,-5.290373139565929e-10,54.92610083267209,-2.2685502453144504e-10,0
0.42965447902679443,-5.303312233806423e-10,54.94621583297703,-2.2785918549325242e-10,0
0.42983686923980713,-5.304858219368214e-10,54.96633083328197,-2.280223648774291e-10,0
0.42932620644569397,-5.295562321983027e-10,54.98640083358623,-2.2735236826937237e-10,0
0.42844125628471375,-5.284305770736353e-10,55.00651583389117,-2.2640146030068455e-10,0
0.4287930428981781,-5.290874405261548e-10,55.02663083419611,-2.2686901358241873e-10,0
0.4295920133590698,-5.302775996085529e-10,55.04674583450105,-2.2780302165505294e-10,0
0.4296407103538513,-5.302586703059831e-10,55.06686083480599,-2.278207117815512e-10,0
0.42903855443000793,-5.292474791751545e-10,55.08693083511025,-2.27067573401034e-10,0
0.4282646179199219,-5.282803083872523e-10,55.10704583541519,-2.262437644260851e-10,0
0.4287804067134857,-5.29143673322352e-10,55.12716083572013,-2.2688643945702592e-10,0
0.42948320508003235,-5.301740158003554e-10,55.147275836025074,-2.2770083555608835e-10,0
0.429436057806015,-5.299397032310083e-10,55.167390836330014,-2.275752170304137e-10,0
0.42874056100845337,-5.288129378833162e-10,55.187505836634955,-2.2672355565662138e-10,0
0.42810145020484924,-5.280645920535676e-10,55.20757583693921,-2.260652176599644e-10,0
0.4288106858730316,-5.291954652264508e-10,55.227690837244154,-2.269246704046524e-10,0
0.4293912351131439,-5.300254679596605e-10,55.247805837549095,-2.2758829032862073e-10,0
0.429254412651062,-5.296528771125963e-10,55.267920837854035,-2.2735583467391267e-10,0
0.4284370541572571,-5.284335746758018e-10,55.288035838158976,-2.2640052405188943e-10,0
0.42799216508865356,-5.280060277890186e-10,55.308150838463916,-2.2598244301328186e-10,0
0.42881694436073303,-5.292617455410209e-10,55.328220838768175,-2.269564044899284e-10,0
0.4292708933353424,-5.29835231244391e-10,55.348335839073115,-2.2744284303681746e-10,0
0.42898619174957275,-5.293065430400645e-10,55.368450839378056,-2.270651981668886e-10,0
0.42812857031822205,-5.280007542296516e-10,55.388565839683,-2.260522080352837e-10,0
0.42791590094566345,-5.278705805800143e-10,55.40868083998794,-2.2588421507160728e-10,0
0.4288022518157959,-5.292155602631965e-10,55.42879584029288,-2.269288239368167e-10,0
0.4291188418865204,-5.29618460198833e-10,55.448865840597136,-2.272692602822454e-10,0
0.42879727482795715,-5.289684801290662e-10,55.46898084090208,-2.2682024274922998e-10,0
0.4278385043144226,-5.276661330100296e-10,55.48909584120702,-2.2575588912438625e-10,0
0.4278595745563507,-5.278711912026779e-10,55.50921084151196,-2.2585474328853182e-10,0
0.42874130606651306,-5.291442839450156e-10,55.5293258418169,-2.268660113962158e-10,0
0.4289502501487732,-5.293612215240273e-10,55.54939584212116,-2.2706962839179166e-10,0
0.4285060465335846,-5.285352711048574e-10,55.5695108424261,-2.2648055947469879e-10,0
0.42760130763053894,-5.273946279693575e-10,55.58962584273104,-2.255146325570189e-10,0
0.4278561472892761,-5.279673920277617e-10,55.60974084303598,-2.2589409424736498e-10,0
0.42871835827827454,-5.291129201445699e-10,55.62985584334092,-2.2684042246820378e-10,0
0.42883098125457764,-5.291270199769826e-10,55.64997084364586,-2.2690605918503997e-10,0
0.42825815081596375,-5.282033699316457e-10,55.67004084395012,-2.2620739846168703e-10,0
0.42743808031082153,-5.272010050738629e-10,55.69015584425506,-2.2534578554670765e-10,0
0.42791667580604553,-5.279899295551616e-10,55.71027084456,-2.2593569551431288e-10,0
0.4286792278289795,-5.290806681657045e-10,55.73038584486494,-2.2680589228851475e-10,0
0.4286620020866394,-5.289677029729489e-10,55.75050084516988,-2.2674835459555509e-10,0
0.42799216508865356,-5.278799619645724e-10,55.77061584547482,-2.2592848782813345e-10,0
0.4273095428943634,-5.271099667858437e-10,55.79068584577908,-2.2523911896232193e-10,0
0.4279412031173706,-5.28133814459153e-10,55.81080084608402,-2.260102199666161e-10,0
0.428577721118927,-5.290245463918097e-10,55.83091584638896,-2.267281345085759e-10,0
0.428439736366272,-5.287080773186403e-10,55.8510308466939,-2.265195492611168e-10,0
0.4276522696018219,-5.275088699185915e-10,55.87114584699884,-2.2559036545577788e-10,0
0.42714565992355347,-5.269650271699788e-10,55.89126084730378,-2.250908242871539e-10,0
0.427924782037735,-5.282383419569214e-10,55.91133084760804,-2.2604627734589012e-10,0
0.42842212319374084,-5.289527149621165e-10,55.93144584791298,-2.2661504521316356e-10,0
0.42820218205451965,-5.284510606884396e-10,55.95156084821792,-2.2628389729581523e-10,0
0.4273587465286255,-5.27171750697164e-10,55.971675848522864,-2.2529145858324108e-10,0
0.4270487129688263,-5.269230052284968e-10,55.991790848827804,-2.2502179121649568e-10,0
0.42793095111846924,-5.282118076266329e-10,56.01186084913206,-2.2603818122967092e-10,0
0.42833131551742554,-5.287350557381387e-10,56.031975849437,-2.2647378198449628e-10,0
0.4280412197113037,-5.281630688358518e-10,56.052090849741944,-2.2607556419096329e-10,0
0.42711424827575684,-5.268546710013311e-10,56.072205850046885,-2.2502713675530472e-10,0
0.4270579516887665,-5.268974700989304e-10,56.092320850351825,-2.250157543304423e-10,0
0.42793622612953186,-5.28237509289653e-10,56.112435850656766,-2.2605196622547762e-10,0
0.4281947910785675,-5.285250570530309e-10,56.132505850961024,-2.2631167638461053e-10,0
0.42777758836746216,-5.277578374318637e-10,56.152620851265965,-2.2576297493862979e-10,0
0.42686596512794495,-5.265179403579623e-10,56.172735851570906,-2.2475258876807933e-10,0
0.42703530192375183,-5.268839808891812e-10,56.192850851875846,-2.2499805985779978e-10,0
0.427902489900589,-5.281384773958564e-10,56.21296585218079,-2.259917694899929e-10,0
0.42804235219955444,-5.28214472161892e-10,56.23308085248573,-2.2609816513002232e-10,0
0.4274880886077881,-5.273025349694649e-10,56.253150852789986,-2.2541555279213788e-10,0
0.4266471564769745,-5.2624327118167e-10,56.27326585309493,-2.245201952648009e-10,0
0.42705678939819336,-5.269524261386493e-10,56.29338085339987,-2.2503861127236021e-10,0
0.4278365671634674,-5.281172721360861e-10,56.31349585370481,-2.2594788077043778e-10,0
0.4278722107410431,-5.279947590253187e-10,56.33361085400975,-2.2591428480384741e-10,0
0.42725104093551636,-5.269869540747152e-10,56.35372585431469,-2.2515572468785922e-10,0
0.42650106549263,-5.261264202083282e-10,56.37379585461895,-2.2439347880267517e-10,0
0.42706558108329773,-5.270552327907296e-10,56.39391085492389,-2.250871492547657e-10,0
0.4277423322200775,-5.280288983833259e-10,56.41402585522883,-2.2586031247408214e-10,0
0.4276886582374573,-5.277230874511929e-10,56.43414085553377,-2.2570117919292902e-10,0
0.42695292830467224,-5.265648472807527e-10,56.45425585583871,-2.248184034888199e-10,0
0.4263877868652344,-5.259353508257902e-10,56.47432585614297,-2.2425241027279932e-10,0
0.42713993787765503,-5.271068581613747e-10,56.49444085644791,-2.251483906499355e-10,0
0.42768946290016174,-5.279090498078176e-10,56.51455585675285,-2.2578113797244025e-10,0
0.4275047481060028,-5.275013759131753e-10,56.53467085705779,-2.2550934283533188e-10,0
0.42670464515686035,-5.26232946107541e-10,56.55478585736273,-2.245460425386675e-10,0
0.4262830913066864,-5.258909419048052e-10,56.57490085766767,-2.241784164053654e-10,0
0.4271255433559418,-5.271321712463362e-10,56.59497085797193,-2.2515161506398868e-10,0
0.427550345659256,-5.276906689388738e-10,56.61508585827687,-2.2561432790597952e-10,0
0.42727941274642944,-5.271308389787066e-10,56.63520085858181,-2.2523215531935442e-10,0
0.42638733983039856,-5.257851376505585e-10,56.65531585888675,-2.2418812616518155e-10,0
0.4262145161628723,-5.258273261254942e-10,56.67543085919169,-2.2411523938979438e-10,0
0.4271070063114166,-5.272186576199545e-10,56.69554585949663,-2.251787825275825e-10,0
0.4273986220359802,-5.276015180299964e-10,56.71561585980089,-2.2549616179011185e-10,0
0.42706212401390076,-5.268798175528389e-10,56.73573086010583,-2.2501041398417187e-10,0
0.42612865567207336,-5.25598287115514e-10,56.75584586041077,-2.2397249151207844e-10,0
0.4262160360813141,-5.259352398034878e-10,56.77596086071571,-2.2416203314451792e-10,0
0.427036851644516,-5.272691172564237e-10,56.796075861020654,-2.251633438025663e-10,0
0.4272153973579407,-5.274038428204619e-10,56.816190861325595,-2.2531504227864853e-10,0
0.42669156193733215,-5.265300973000819e-10,56.83626086162985,-2.2466594962398744e-10,0
0.4257853031158447,-5.254022217293652e-10,56.856375861934794,-2.2370854423677604e-10,0
0.4260976314544678,-5.260404889462222e-10,56.876490862239734,-2.2414460638913543e-10,0
0.4269084930419922,-5.27198396049755e-10,56.896605862544675,-2.250654727917563e-10,0
0.42696863412857056,-5.271535430395602e-10,56.916720862849616,-2.2507802824763765e-10,0
0.42637819051742554,-5.261258095856647e-10,56.936790863153874,-2.243285706756513e-10,0
0.4255945086479187,-5.251862833510756e-10,56.956905863458815,-2.2351639821142764e-10,0
0.4260738790035248,-5.260221147551647e-10,56.977020863763755,-2.2412428287537027e-10,0
0.4268004298210144,-5.270057168438314e-10,56.997135864068696,-2.2492626646707903e-10,0
0.42677322030067444,-5.267882796644585e-10,57.017250864373636,-2.2481913052905325e-10,0
0.4260976314544678,-5.256761692606915e-10,57.03736586467858,-2.2398937063403855e-10,0
0.42545953392982483,-5.249762291548166e-10,57.057435864982835,-2.2335614178044517e-10,0
0.4261394143104553,-5.260787361294206e-10,57.077550865287776,-2.2418288449537586e-10,0
0.42673295736312866,-5.269197855817254e-10,57.09766586559272,-2.248540383944353e-10,0
0.42658737301826477,-5.265580749203025e-10,57.11778086589766,-2.2462302592180649e-10,0
0.42577919363975525,-5.253311674557892e-10,57.1378958662026,-2.2367508087315717e-10,0
0.4253140091896057,-5.248414480796271e-10,57.15801086650754,-2.2322242047162448e-10,0
0.4260839819908142,-5.260806790197137e-10,57.1780808668118,-2.24154550565151e-10,0
0.4265417754650116,-5.266755365163078e-10,57.19819586711674,-2.246491184396535e-10,0
0.42633673548698425,-5.261350244367691e-10,57.21831086742168,-2.243106887437368e-10,0
0.42548030614852905,-5.24890630959618e-10,57.23842586772662,-2.2333062635519283e-10,0
0.425250381231308,-5.247848267053712e-10,57.25854086803156,-2.23164947620865e-10,0
0.42611294984817505,-5.261355795482814e-10,57.2786558683365,-2.2419318382139734e-10,0
0.42644578218460083,-5.266135860715337e-10,57.29872586864076,-2.2457214262131282e-10,0
0.4261087477207184,-5.259708779625782e-10,57.3188408689457,-2.24120792146201e-10,0
0.4251863956451416,-5.246840739658865e-10,57.33895586925064,-2.2308853026196414e-10,0
0.42517754435539246,-5.248774748167762e-10,57.35907086955558,-2.2316611583005623e-10,0
0.4260290563106537,-5.262235647229829e-10,57.37918586986052,-2.241865286873606e-10,0
0.42626410722732544,-5.264575442254227e-10,57.39925587016478,-2.2440995508234e-10,0
0.425835520029068,-5.256358126537464e-10,57.41937087046972,-2.2383439962730984e-10,0
0.4249434471130371,-5.244560896677797e-10,57.43948587077466,-2.2286417860285038e-10,0
0.425171822309494,-5.249137235985302e-10,57.4596008710796,-2.2317852441764913e-10,0
0.42601293325424194,-5.261558411184808e-10,57.47971587138454,-2.2414919322373689e-10,0
0.42612752318382263,-5.261843738502137e-10,57.49983087168948,-2.2422164396682212e-10,0
0.42555707693099976,-5.252413504130971e-10,57.51990087199374,-2.2352017376508854e-10,0
0.4247434139251709,-5.242581924136402e-10,57.54001587229868,-2.226752144240087e-10,0
0.42516493797302246,-5.249836676490816e-10,57.56013087260362,-2.232046484928716e-10,0
0.42592060565948486,-5.260806235085624e-10,57.58024587290856,-2.2406857779048634e-10,0
0.42590832710266113,-5.259875868190989e-10,57.6003608732135,-2.2402249317888812e-10,0
0.425250768661499,-5.248732004581314e-10,57.620475873518444,-2.2320273194464142e-10,0
0.42455506324768066,-5.240832767761106e-10,57.6405458738227,-2.2250220871873335e-10,0
0.42515650391578674,-5.250770929166038e-10,57.66066087412764,-2.2323994111068797e-10,0
0.4258366823196411,-5.260168411957977e-10,57.680775874432584,-2.2399726649907602e-10,0
0.4257282316684723,-5.256241553119878e-10,57.700890874737524,-2.23773042163207e-10,0
0.4249687194824219,-5.244319423169941e-10,57.721005875042465,-2.228671709821323e-10,0
0.424408882856369,-5.237717481954007e-10,57.741120875347406,-2.2229338252333744e-10,0
0.425190269947052,-5.249901069426244e-10,57.761190875651664,-2.2322068529046616e-10,0
0.4257006347179413,-5.257046464812731e-10,57.781305875956605,-2.237928016812489e-10,0
0.4254937171936035,-5.252077106554509e-10,57.801420876261545,-2.2347258110553037e-10,0
0.4246112108230591,-5.239418898739245e-10,57.821535876566486,-2.2247160026028898e-10,0
0.42429545521736145,-5.236749367476534e-10,57.84165087687143,-2.2219289567326857e-10,0
0.42513883113861084,-5.249692902609127e-10,57.861720877175685,-2.2318483044519053e-10,0
0.4255404472351074,-5.255129109649204e-10,57.881835877480626,-2.236269991598354e-10,0
0.4252645671367645,-5.249219392489124e-10,57.901950877785566,-2.2323070127527974e-10,0
0.42437705397605896,-5.236430178356954e-10,57.92206587809051,-2.2222208124424533e-10,0
0.4242866337299347,-5.236910904926617e-10,57.94218087839545,-2.2219512989949005e-10,0
0.42518332600593567,-5.24985943606282e-10,57.96229587870039,-2.2321526960888357e-10,0
0.42543265223503113,-5.253609214328492e-10,57.98236587900465,-2.2350569018581684e-10,0
0.4250101149082184,-5.24627785658538e-10,58.00248087930959,-2.2297211546677938e-10,0
0.4241214692592621,-5.233192212905635e-10,58.02259587961453,-2.219509170253667e-10,0
0.4242345094680786,-5.237328903895389e-10,58.04271087991947,-2.22185565846705e-10,0
0.425096333026886,-5.249347068136956e-10,58.06282588022441,-2.231478189450455e-10,0
0.42526379227638245,-5.250456180938556e-10,58.08294088052935,-2.2328289066869025e-10,0
0.4247501790523529,-5.241799216904042e-10,58.10301088083361,-2.226455155936475e-10,0
0.42389997839927673,-5.231061139809867e-10,58.12312588113855,-2.2174467041706986e-10,0
0.42425599694252014,-5.237908440314243e-10,58.14324088144349,-2.2222140672391599e-10,0
0.42504650354385376,-5.249480294899911e-10,58.16335588174843,-2.2312732447695654e-10,0
0.42509520053863525,-5.248831369542017e-10,58.18347088205337,-2.2312530236289434e-10,0
0.4244847297668457,-5.238522393646861e-10,58.20358588235831,-2.2236727626447573e-10,0
0.42370516061782837,-5.229426891517619e-10,58.22365588266257,-2.2157351610096637e-10,0
0.42424333095550537,-5.238706135557436e-10,58.24377088296751,-2.22248614084593e-10,0
0.424946129322052,-5.248422252357443e-10,58.26388588327245,-2.2302967211870215e-10,0
0.4248920679092407,-5.245636147677146e-10,58.28400088357739,-2.228829190286006e-10,0
0.4241509735584259,-5.234359057304516e-10,58.30411588388233,-2.220158490110075e-10,0
0.4235738217830658,-5.227518418138288e-10,58.32418588418659,-2.2142399548122014e-10,0
0.4242682456970215,-5.238829925424682e-10,58.34430088449153,-2.2226691819649876e-10,0
0.42483457922935486,-5.247324796897601e-10,58.36441588479647,-2.2292450221697523e-10,0
0.42470088601112366,-5.242649647740905e-10,58.38453088510141,-2.2265579504414675e-10,0
0.42389923334121704,-5.230612609707919e-10,58.40464588540635,-2.2172526751600892e-10,0
0.42348766326904297,-5.227027144449892e-10,58.424760885711294,-2.213581511246943e-10,0
0.42429429292678833,-5.239409461843536e-10,58.44483088601555,-2.2230515329668277e-10,0
0.42473843693733215,-5.244564782458383e-10,58.46494588632049,-2.227568248117953e-10,0
0.4244920313358307,-5.239341738239034e-10,58.48506088662543,-2.2240588173276896e-10,0
0.4235715866088867,-5.231548527717678e-10,58.505175886930374,-2.215935310306762e-10,0
0.42337921261787415,-5.234102040674316e-10,58.525290887235315,-2.2160100007423e-10,0
0.42422953248023987,-5.247718370959831e-10,58.545405887540255,-2.226237111100255e-10,0
0.42449477314949036,-5.25140764207066e-10,58.565475887844514,-2.229195095736285e-10,0
0.42413297295570374,-5.24438881210898e-10,58.585590888149454,-2.2243182182154132e-10,0
0.42316770553588867,-5.231351463130807e-10,58.605705888454395,-2.2137389955048776e-10,0
0.42319491505622864,-5.233768418655416e-10,58.625820888759336,-2.2149041813568507e-10,0
0.4240567088127136,-5.2463644539813e-10,58.645935889064276,-2.2247560435873196e-10,0
0.4242471754550934,-5.248561030235521e-10,58.66605088936922,-2.2266871922810949e-10,0
0.4237992465496063,-5.240342049184221e-10,58.686120889673475,-2.220853012106493e-10,0
0.42290326952934265,-5.228991684091966e-10,58.706235889978416,-2.211357679544236e-10,0
0.4231998920440674,-5.234501720963181e-10,58.726350890283356,-2.215240563216103e-10,0
0.4240306615829468,-5.245988643487465e-10,58.7464658905883,-2.2244600351546152e-10,0
0.4241115152835846,-5.245651135687979e-10,58.76658089089324,-2.224741051805685e-10,0
0.4235081076622009,-5.236156508381384e-10,58.786650891197496,-2.2175547342877174e-10,0
0.422686368227005,-5.226044597073098e-10,58.80676589150244,-2.2089778109291897e-10,0
0.4231542944908142,-5.23342869040988e-10,58.82688089180738,-2.2145478252583787e-10,0
0.42386090755462646,-5.243904754870243e-10,58.84699589211232,-2.2226862285293224e-10,0
0.4238539934158325,-5.242171141617291e-10,58.86711089241726,-2.2219151725437226e-10,0
0.4231634736061096,-5.231560185059436e-10,58.8872258927222,-2.2138051802891727e-10,0
0.42252880334854126,-5.223705357160213e-10,58.90729589302646,-2.2071659736062692e-10,0
0.42316386103630066,-5.233965483242287e-10,58.9274108933314,-2.2148250424195332e-10,0
0.42377546429634094,-5.243229184159759e-10,58.94752589363634,-2.2219518819294268e-10,0
0.4236474335193634,-5.239557676617324e-10,58.96764089394128,-2.2197251624756077e-10,0
0.42287108302116394,-5.227520638584338e-10,58.98775589424622,-2.2105673139536454e-10,0
0.42236027121543884,-5.221708621050425e-10,59.00787089455116,-2.2054422693948526e-10,0
0.4231521189212799,-5.234065958426015e-10,59.02794089485542,-2.214806100881708e-10,0
0.4236447811126709,-5.2407378436925e-10,59.04805589516036,-2.22021123666e-10,0
0.4234137237071991,-5.235582523077653e-10,59.0681708954653,-2.2168174918726418e-10,0
0.42254653573036194,-5.222794974280021e-10,59.08828589577024,-2.2068739232119675e-10,0
0.42227599024772644,-5.220905929803621e-10,59.10840089607518,-2.204663221498051e-10,0
0.4231393337249756,-5.233907196533494e-10,59.12851589638012,-2.2146720039195374e-10,0
0.42349812388420105,-5.238463551826555e-10,59.14858589668438,-2.2184794862343144e-10,0
0.42320793867111206,-5.232102529006966e-10,59.16870089698932,-2.2142673262169502e-10,0
0.42226141691207886,-5.21915344275925e-10,59.18881589729426,-2.2038471278210754e-10,0
0.4222257733345032,-5.220521237525588e-10,59.2089308975992,-2.204238616723439e-10,0
0.42308416962623596,-5.233590227859963e-10,59.22904589790414,-2.2142491757181156e-10,0
0.4233621656894684,-5.236049371859508e-10,59.2491158982084,-2.216745201727422e-10,0
0.4229515790939331,-5.228598110029736e-10,59.26923089851334,-2.2114438270846312e-10,0
0.4220288097858429,-5.216624354709154e-10,59.28934589881828,-2.201565767517745e-10,0
0.4222223460674286,-5.220776588821252e-10,59.30946089912322,-2.204328539626016e-10,0
0.42305850982666016,-5.232794197951307e-10,59.329575899428164,-2.2137781156148733e-10,0
0.42317381501197815,-5.233267152959797e-10,59.349690899733105,-2.2145816260948709e-10,0
0.42263171076774597,-5.223682597588208e-10,59.36976090003736,-2.2076939127264077e-10,0
0.4218035340309143,-5.212880127558606e-10,59.389875900342304,-2.1988112602837432e-10,0
0.42218977212905884,-5.220123777682772e-10,59.409990900647244,-2.2038828681853715e-10,0
0.42296114563941956,-5.231587940635052e-10,59.430105900952185,-2.2127584288843732e-10,0
0.4230285882949829,-5.230899602359784e-10,59.450220901257126,-2.212820074299047e-10,0
0.4224013090133667,-5.220313070708471e-10,59.470335901562066,-2.205067074526846e-10,0
0.42169690132141113,-5.212094644768683e-10,59.490405901866325,-2.1979241610928749e-10,0
0.4222491681575775,-5.221864607385385e-10,59.510520902171265,-2.2049279866999738e-10,0
0.4229201376438141,-5.231929889326636e-10,59.530635902476206,-2.212688508936806e-10,0
0.4228350818157196,-5.228524280198599e-10,59.55075090278115,-2.210803491793251e-10,0
0.42205336689949036,-5.216495013726785e-10,59.57086590308609,-2.2016392839577928e-10,0
0.4214494228363037,-5.21002463393927e-10,59.59098090339103,-2.1957618749366297e-10,0
0.4221631586551666,-5.221136856192743e-10,59.611050903695286,-2.2041716269812348e-10,0
0.42270132899284363,-5.228095178999581e-10,59.63116590400023,-2.2099227802642016e-10,0
0.42253464460372925,-5.223353971572919e-10,59.65128090430517,-2.2070480140180412e-10,0
0.4217529296875,-5.210836762081783e-10,59.67139590461011,-2.1976856705313184e-10,0
0.42138007283210754,-5.207904663073748e-10,59.69151090491505,-2.1945072462286884e-10,0
0.42222535610198975,-5.221214016692954e-10,59.71158090521931,-2.204528947482883e-10,0
0.42266225814819336,-5.226524768531249e-10,59.73169590552425,-2.2090547609348812e-10,0
0.4223629832267761,-5.220391896543219e-10,59.75181090582919,-2.2049002950368818e-10,0
0.42144790291786194,-5.207857478595201e-10,59.77192590613413,-2.1948406130490517e-10,0
0.4212796688079834,-5.207959064001955e-10,59.79204090643907,-2.1940072696482787e-10,0
0.4221334457397461,-5.221468812877106e-10,59.81215590674401,-2.2041566218024342e-10,0
0.42245158553123474,-5.224929378044862e-10,59.83222590704827,-2.2072797000437804e-10,0
0.42208901047706604,-5.217281606739732e-10,59.85234090735321,-2.2021572307689707e-10,0
0.42119958996772766,-5.2050846965912e-10,59.87245590765815,-2.1923795399515076e-10,0
0.42129960656166077,-5.20842591278381e-10,59.89257090796309,-2.1943077878613778e-10,0
0.42217788100242615,-5.221549304046391e-10,59.91268590826803,-2.2044226207319984e-10,0
0.4223514795303345,-5.22268450708907e-10,59.93280090857297,-2.2058085286892245e-10,0
0.4218674302101135,-5.213487974664588e-10,59.95287090887723,-2.1994007743030792e-10,0
0.42101025581359863,-5.203000807973979e-10,59.97298590918217,-2.1905167011634851e-10,0
0.42130613327026367,-5.208362630071406e-10,59.99310090948711,-2.1943151203447247e-10,0
0.4221158027648926,-5.219792931221434e-10,60.01321590979205,-2.2033570834290474e-10,0
0.42222121357917786,-5.219490950558736e-10,60.03333091009699,-2.2037798034104462e-10,0
0.42158669233322144,-5.210123998899974e-10,60.05340091040125,-2.1965189433421765e-10,0
0.4207937717437744,-5.200631036927916e-10,60.07351591070619,-2.1883931494766345e-10,0
0.4212448298931122,-5.208919406918255e-10,60.09363091101113,-2.1942303694942113e-10,0
0.42197632789611816,-5.218369070192352e-10,60.11374591131607,-2.2020282178464494e-10,0
0.42191579937934875,-5.214686460419671e-10,60.133860911621014,-2.200158606460632e-10,0
0.4212176203727722,-5.204165987038323e-10,60.153975911925954,-2.1920864130852017e-10,0
0.42057737708091736,-5.197612895635473e-10,60.17404591223021,-2.185998398728319e-10,0
0.42123982310295105,-5.208097841880033e-10,60.19416091253515,-2.1938582136164061e-10,0
0.4218575358390808,-5.216937992713611e-10,60.214275912840094,-2.2008046062314443e-10,0
0.4217134714126587,-5.212922871145054e-10,60.234390913145035,-2.1983598001970243e-10,0
0.4209202229976654,-5.200371799851666e-10,60.254505913449975,-2.188941657664334e-10,0
0.42048415541648865,-5.196381658301163e-10,60.274620913754916,-2.1849961528124974e-10,0
0.42127174139022827,-5.209166986652747e-10,60.294690914059174,-2.1944748476596906e-10,0
0.42176249623298645,-5.215333720443027e-10,60.314805914364115,-2.1996321686221195e-10,0
0.4215345084667206,-5.209938591654861e-10,60.334920914669055,-2.1961689033750304e-10,0
0.42068150639533997,-5.197387520361474e-10,60.355035914973996,-2.1864448113860055e-10,0
0.4204278290271759,-5.196098551429884e-10,60.37515091527894,-2.1845844333889197e-10,0
0.42129001021385193,-5.209116471505126e-10,60.39526591558388,-2.194548731485539e-10,0
0.4216335415840149,-5.213721121499759e-10,60.415335915888136,-2.1982797012893255e-10,0
0.42132604122161865,-5.207957398667418e-10,60.435450916193076,-2.1942480736313823e-10,0
0.4204101860523224,-5.195291974402494e-10,60.45556591649802,-2.1841536655546898e-10,0
0.42039257287979126,-5.197413610602553e-10,60.47568091680296,-2.1849540800816526e-10,0
0.4212861955165863,-5.210356590623633e-10,60.4957959171079,-2.1950513053486017e-10,0
0.4214896857738495,-5.21200749226125e-10,60.51591091741284,-2.1968074001641436e-10,0
0.4210236370563507,-5.203448782964415e-10,60.5359809177171,-2.1907749318401196e-10,0
0.4201231896877289,-5.191361229783809e-10,60.55609591802204,-2.1810112386779845e-10,0
0.4203132390975952,-5.196366670290331e-10,60.57621091832698,-2.1841017067285146e-10,0
0.42114898562431335,-5.208578013338183e-10,60.59632591863192,-2.193587346862477e-10,0
0.42127469182014465,-5.209000453199053e-10,60.61644091893686,-2.194420060612425e-10,0
0.42072445154190063,-5.199790042986763e-10,60.63651091924112,-2.1876788139686417e-10,0
0.4199024438858032,-5.189541574246448e-10,60.65662591954606,-2.179101189673062e-10,0
0.42032283544540405,-5.197096641929022e-10,60.676740919851,-2.1844583966193943e-10,0
0.42105013132095337,-5.208324882488569e-10,60.69685592015594,-2.1929658757340008e-10,0
0.42107388377189636,-5.206490238940376e-10,60.71697092046088,-2.1923170657310926e-10,0
0.4204021394252777,-5.194815133613417e-10,60.73708592076582,-2.1839113960898906e-10,0
0.41970863938331604,-5.186356899500311e-10,60.75715592107008,-2.176758797645549e-10,0
0.4203101694583893,-5.196368335624868e-10,60.77727092137502,-2.1840864557146965e-10,0
0.42095357179641724,-5.205068043245831e-10,60.79738592167996,-2.1910919842477208e-10,0
0.4208512604236603,-5.202854258534728e-10,60.8175009219849,-2.1896277725049488e-10,0
0.42013275623321533,-5.191004848192904e-10,60.83761592228984,-2.1809111744912682e-10,0
0.4195959270000458,-5.185746276836767e-10,60.85773092259478,-2.1759180162163592e-10,0
0.4203442633152008,-5.197876018492309e-10,60.87780092289904,-2.1848973657968987e-10,0
0.42089301347732544,-5.205120223727988e-10,60.89791592320398,-2.1907987364766433e-10,0
0.420705646276474,-5.200712083208714e-10,60.91803092350892,-2.1879689380641894e-10,0
0.41984421014785767,-5.188241503084612e-10,60.93814592381386,-2.1782531559188927e-10,0
0.41950470209121704,-5.184953022485672e-10,60.958260924118804,-2.1751121730548073e-10,0
0.42035233974456787,-5.198040331499953e-10,60.978375924423744,-2.1850084154326346e-10,0
0.42070910334587097,-5.202394071091021e-10,60.998445924728,-2.1886945449005788e-10,0
0.4204331934452057,-5.196827967957063e-10,61.01856092503294,-2.184918978353547e-10,0
0.4195502996444702,-5.183845575018609e-10,61.038675925337884,-2.1748839643097182e-10,0
0.41944795846939087,-5.18456610976159e-10,61.058790925642825,-2.174655670289091e-10,0
0.4203389286994934,-5.197514640897793e-10,61.078905925947765,-2.1847177360549107e-10,0
0.42061731219291687,-5.200775365921118e-10,61.098975926252024,-2.1875361557328742e-10,0
0.4202270209789276,-5.193261931601967e-10,61.119090926556964,-2.1823489906803658e-10,0
0.4193088710308075,-5.180671447391205e-10,61.139205926861905,-2.1723014957871457e-10,0
0.41943150758743286,-5.184378482070429e-10,61.159320927166846,-2.1744916826386466e-10,0
0.42027607560157776,-5.196905128457274e-10,61.179435927471786,-2.1841348926617366e-10,0
0.42042475938796997,-5.198607100354025e-10,61.19955092777673,-2.185623139318933e-10,0
0.4199252426624298,-5.189354501666799e-10,61.219620928080985,-2.179140948373803e-10,0
0.41910308599472046,-5.178049100607041e-10,61.239735928385926,-2.1701363574965975e-10,0
0.41944414377212524,-5.184809803715495e-10,61.25985092869087,-2.1747381087407668e-10,0
0.4202496111392975,-5.196574837107448e-10,61.27996592899581,-2.1838585545506633e-10,0
0.4203377664089203,-5.19648157837338e-10,61.30008092930075,-2.184277459838567e-10,0
0.41973039507865906,-5.18677434335757e-10,61.32019592960569,-2.1770468443213251e-10,0
0.4189850687980652,-5.177254736032921e-10,61.34026592990995,-2.1691924317618623e-10,0
0.4195134937763214,-5.185888940495431e-10,61.36038093021489,-2.175550387763224e-10,0
0.42022091150283813,-5.1957926849866e-10,61.38049593051983,-2.1833807380648477e-10,0
0.42015573382377625,-5.193410146375754e-10,61.40061093082477,-2.1820410510983502e-10,0
0.4194521903991699,-5.182294593453207e-10,61.42072593112971,-2.1737248185177236e-10,0
0.4188183844089508,-5.174912165450962e-10,61.44084093143465,-2.167348352592397e-10,0
0.4195219874382019,-5.185821216890929e-10,61.46091093173891,-2.1755660234092772e-10,0
0.42010441422462463,-5.193453445073715e-10,61.48102593204385,-2.1817927173455517e-10,0
0.4199756383895874,-5.188922624910219e-10,61.50114093234879,-2.179221091950843e-10,0
0.419172078371048,-5.176943873586026e-10,61.52125593265373,-2.1700303231013185e-10,0
0.41873064637184143,-5.172834938171889e-10,61.54137093295867,-2.1660245172355593e-10,0
0.41954925656318665,-5.18615039801773e-10,61.56144093326293,-2.1758455439132133e-10,0
0.42000168561935425,-5.192214991289745e-10,61.58155593356787,-2.1807390484397738e-10,0
0.41978445649147034,-5.186770457576984e-10,61.60167093387281,-2.177325617479969e-10,0
0.41892531514167786,-5.17397791277574e-10,61.62178593417775,-2.1675103276456576e-10,0
0.41872337460517883,-5.173407258141083e-10,61.64190093448269,-2.1662265453357597e-10,0
0.4195844233036041,-5.187476004309133e-10,61.66201593478763,-2.176584127669332e-10,0
0.419904887676239,-5.193374064127454e-10,61.68208593509189,-2.1807231530581315e-10,0
0.41957634687423706,-5.187258400596306e-10,61.70220093539683,-2.176450930014896e-10,0
0.41864439845085144,-5.17463794036388e-10,61.72231593570177,-2.1663331877445893e-10,0
0.4186597466468811,-5.176840622844736e-10,61.74243093600671,-2.1673347835914594e-10,0
0.4195123612880707,-5.189849106024269e-10,61.76254593631165,-2.1772058531970238e-10,0
0.41972655057907104,-5.192308805135326e-10,61.782660936616594,-2.1793498643207884e-10,0
0.41924968361854553,-5.18364184909359e-10,61.80273093692085,-2.17324020522434e-10,0
0.41835203766822815,-5.171960637539996e-10,61.82284593722579,-2.1637002714547258e-10,0
0.41859766840934753,-5.177395734357049e-10,61.842960937530734,-2.1672457828343622e-10,0
0.4194027781486511,-5.189068619237958e-10,61.863075937835674,-2.1763097949123845e-10,0
0.41948211193084717,-5.188675045175728e-10,61.883190938140615,-2.1765563660731982e-10,0
0.41890421509742737,-5.17897558172109e-10,61.903305938445556,-2.1694947010696156e-10,0
0.4181182384490967,-5.168930838905794e-10,61.923375938749814,-2.1612242570285022e-10,0
0.4185432493686676,-5.176840622844736e-10,61.943490939054755,-2.166731695749153e-10,0
0.41928207874298096,-5.187819618335254e-10,61.963605939359695,-2.1751597937192235e-10,0
0.41927629709243774,-5.186320262140498e-10,61.983720939664636,-2.174501155045749e-10,0
0.41861337423324585,-5.175457840067565e-10,62.003835939969576,-2.16651586963259e-10,0
0.41795119643211365,-5.167815619877558e-10,62.023905940273835,-2.1598947212683905e-10,0
0.4185689389705658,-5.177602235839629e-10,62.044020940578775,-2.1671834742670227e-10,0
0.4192226827144623,-5.186185370043006e-10,62.064135940883716,-2.1741665438839253e-10,0
0.4191115200519562,-5.182939633030514e-10,62.08425094118866,-2.1722297079369468e-10,0
0.4183313548564911,-5.169947803196351e-10,62.1043659414936,-2.1627512690484692e-10,0
0.4178132712841034,-5.164392802292639e-10,62.12448094179854,-2.1577518509219653e-10,0
0.41856950521469116,-5.176877260204549e-10,62.144550942102796,-2.166882953361004e-10,0
0.41906940937042236,-5.183483642312581e-10,62.16466594240774,-2.1722394284651789e-10,0
0.41889503598213196,-5.178763529123387e-10,62.18478094271268,-2.1693583348750938e-10,0
0.4180765151977539,-5.166229666286881e-10,62.20489594301762,-2.1598792955924744e-10,0
0.41779178380966187,-5.165282090935364e-10,62.22501094332256,-2.1580124186519856e-10,0
0.41864097118377686,-5.178426021323901e-10,62.2451259436275,-2.1679012987703794e-10,0
0.4190034866333008,-5.182741458220619e-10,62.26519594393176,-2.1715867413133969e-10,0
0.41868236660957336,-5.176727935207737e-10,62.2853109442367,-2.1674047032066654e-10,0
0.41778069734573364,-5.163405814023747e-10,62.30542594454164,-2.1571712816618565e-10,0
0.4176676273345947,-5.16361786662145e-10,62.32554094484658,-2.156676022814303e-10,0
0.41850340366363525,-5.175268547041867e-10,62.34565594515152,-2.1658675018103775e-10,0
0.4187922775745392,-5.177183126647833e-10,62.36572594545578,-2.16816431302932e-10,0
0.41840416193008423,-5.169790151526854e-10,62.38584094576072,-2.1630617157039965e-10,0
0.4175346791744232,-5.15766485076341e-10,62.40595594606566,-2.1535039387527e-10,0
0.41769906878471375,-5.161303051615107e-10,62.4260709463706,-2.1558714783753316e-10,0
0.4185654819011688,-5.174033979038484e-10,62.44618594667554,-2.165672025809265e-10,0
0.41871070861816406,-5.175546102798023e-10,62.46630094698048,-2.1670565761885377e-10,0
0.41819313168525696,-5.166433947323412e-10,62.48637094728474,-2.1605671920762016e-10,0
0.41734614968299866,-5.155920135280212e-10,62.50648594758968,-2.151803416532242e-10,0
0.4176925718784332,-5.162674177050519e-10,62.52660094789462,-2.156410654782605e-10,0
0.4184761941432953,-5.174065620394686e-10,62.54671594819956,-2.165223289070436e-10,0
0.4184964895248413,-5.173377282119418e-10,62.5668309485045,-2.165040231554541e-10,0
0.41789793968200684,-5.163166005850428e-10,62.58694594880944,-2.1576764360810703e-10,0
0.4171638488769531,-5.154335847024072e-10,62.6070159491137,-2.150202580349012e-10,0
0.4177480936050415,-5.163355298876127e-10,62.62713094941864,-2.1569818327109912e-10,0
0.4184359610080719,-5.173527717339255e-10,62.64724594972358,-2.1647900422067476e-10,0
0.41836047172546387,-5.169659145209948e-10,62.667360950028524,-2.1627810386498923e-10,0
0.4176369905471802,-5.157120841481344e-10,62.687475950333464,-2.15380442812441e-10,0
0.41703495383262634,-5.150457282887544e-10,62.707590950638405,-2.147920715185921e-10,0
0.4177576005458832,-5.161872040915227e-10,62.72766095094266,-2.1564112781376263e-10,0
0.4183075726032257,-5.170538996956964e-10,62.747775951247604,-2.162875616867385e-10,0
0.4181497097015381,-5.166905236997366e-10,62.767890951552545,-2.1605399249058053e-10,0
0.41734573245048523,-5.154895954539995e-10,62.788005951857485,-2.1513738278535375e-10,0
0.4169410765171051,-5.15138764978218e-10,62.808120952162426,-2.147825112257102e-10,0
0.41778603196144104,-5.163477978520348e-10,62.828190952466684,-2.157228975766299e-10,0
0.4181731045246124,-5.169311645403241e-10,62.848305952771625,-2.1616670990135056e-10,0
0.417919397354126,-5.163334759750171e-10,62.868420953076566,-2.1578577511324023e-10,0
0.4170510768890381,-5.15030518233317e-10,62.888535953381506,-2.1479403225992423e-10,0
0.4168583154678345,-5.149355941647116e-10,62.90865095368645,-2.1465518435793012e-10,0
0.4177197515964508,-5.16276077444644e-10,62.92876595399139,-2.1565871482536669e-10,0
0.4180283546447754,-5.166623795460623e-10,62.948835954295646,-2.1597952442849488e-10,0
0.4176875650882721,-5.160006311122345e-10,62.96895095460059,-2.1552704719328092e-10,0
0.4168253540992737,-5.146733039751439e-10,62.98906595490553,-2.1452888217488247e-10,0
0.4168797731399536,-5.148990123160502e-10,63.00918095521047,-2.1465098344430118e-10,0
0.4177546203136444,-5.161859828461957e-10,63.02929595551541,-2.1563907927513783e-10,0
0.417939692735672,-5.164146887892684e-10,63.04941095582035,-2.1583019635677453e-10,0
0.4174415171146393,-5.155768589837351e-10,63.06948095612461,-2.152231862033708e-10,0
0.41658204793930054,-5.14445042121281e-10,63.08959595642955,-2.1430856919910294e-10,0
0.41683995723724365,-5.150241344509254e-10,63.10971095673449,-2.1468263818067218e-10,0
0.4176484942436218,-5.163010019515468e-10,63.12982595703943,-2.1563233604153678e-10,0
0.4177297353744507,-5.163192096091507e-10,63.14994095734437,-2.1568188679877605e-10,0
0.417164146900177,-5.152714366296607e-10,63.17005595764931,-2.1495276928364101e-10,0
0.41642072796821594,-5.142962167248299e-10,63.19012595795357,-2.1416360495985304e-10,0
0.41689202189445496,-5.151002957504147e-10,63.21024095825851,-2.1474120377382212e-10,0
0.4176197350025177,-5.16173825904076e-10,63.23035595856345,-2.1556437638929593e-10,0
0.4175894558429718,-5.1598059158664e-10,63.25047095886839,-2.1546805446619967e-10,0
0.4169245958328247,-5.149097259682378e-10,63.27058595917333,-2.1467852938969807e-10,0
0.4162544012069702,-5.141568837352395e-10,63.29065595947759,-2.1402006576565392e-10,0
0.41688936948776245,-5.152329674018574e-10,63.31077095978253,-2.147951469194692e-10,0
0.4175143539905548,-5.160807892146124e-10,63.33088596008747,-2.154711373158746e-10,0
0.41738829016685486,-5.156923776894473e-10,63.35100096039241,-2.1524395977587834e-10,0
0.41662076115608215,-5.145440740150775e-10,63.37111596069735,-2.1436974376451307e-10,0
0.4161662757396698,-5.140228798161672e-10,63.39123096100229,-2.139189875380742e-10,0
0.4169437885284424,-5.152916426887089e-10,63.41130096130655,-2.1484764969967472e-10,0
0.4174070656299591,-5.158998783727498e-10,63.43141596161149,-2.1534025439042228e-10,0
0.4171932637691498,-5.153333315632835e-10,63.45153096191643,-2.1499359452391567e-10,0
0.41633141040802,-5.141450598600272e-10,63.47164596222137,-2.1405473792584102e-10,0
0.4160643517971039,-5.139161318723495e-10,63.491760962526314,-2.1382218228554406e-10,0
0.4169073700904846,-5.152265836194658e-10,63.511875962831255,-2.1480175997749666e-10,0
0.41725027561187744,-5.156748361656582e-10,63.53194596313551,-2.1516546751623064e-10,0
0.4169567823410034,-5.150359583261377e-10,63.552060963440454,-2.147477359735815e-10,0
0.41605091094970703,-5.137446579261962e-10,63.572175963745394,-2.1374393292573954e-10,0
0.4160221815109253,-5.138838798934842e-10,63.592290964050335,-2.137870927565856e-10,0
0.416852205991745,-5.152189230805959e-10,63.612405964355276,-2.147701446548376e-10,0
0.4170870780944824,-5.154939253237956e-10,63.632520964660216,-2.150058550887572e-10,0
0.4166549742221832,-5.14669251661104e-10,63.652590964964475,-2.1443950378380762e-10,0
0.4157711863517761,-5.134493941127971e-10,63.672705965269415,-2.134774637218783e-10,0
0.41594669222831726,-5.139105252460752e-10,63.692820965574356,-2.137593830774221e-10,0
0.4167989492416382,-5.151577497919391e-10,63.712935965879296,-2.1471720880696696e-10,0
0.4169556498527527,-5.152494542137731e-10,63.73305096618424,-2.148361710179799e-10,0
0.41639235615730286,-5.143215853209426e-10,63.75316596648918,-2.1415957673434657e-10,0
0.41560304164886475,-5.132872460400506e-10,63.773235966793436,-2.1332374069381424e-10,0
0.41599151492118835,-5.140156078553559e-10,63.79335096709838,-2.13826131404885e-10,0
0.4167364835739136,-5.151468696062977e-10,63.81346596740332,-2.146804949638379e-10,0
0.4167383909225464,-5.149738968590611e-10,63.83358096770826,-2.146093931441585e-10,0
0.41609153151512146,-5.139073055993038e-10,63.8536959680132,-2.1383247784362385e-10,0
0.415397971868515,-5.130681990372921e-10,63.87376596831746,-2.131274893103227e-10,0
0.4159761965274811,-5.140345371579258e-10,63.8938809686224,-2.1382613165071812e-10,0
0.41664373874664307,-5.149917159386064e-10,63.91399596892734,-2.1456807395221013e-10,0
0.4165429472923279,-5.147192672083634e-10,63.93411096923228,-2.1440268059111893e-10,0
0.4158443808555603,-5.135417091572947e-10,63.95422596953722,-2.1355343408802143e-10,0
0.41526421904563904,-5.128668600917763e-10,63.97434096984216,-2.129752561304005e-10,0
0.4159844219684601,-5.140369241374287e-10,63.99441097014642,-2.1383135275775346e-10,0
0.4165184199810028,-5.147827164542207e-10,64.01452597045136,-2.1441648369104058e-10,0
0.41633641719818115,-5.143439008037376e-10,64.0346409707563,-2.141400968683648e-10,0
0.4155259430408478,-5.131490232734848e-10,64.05475597106124,-2.132267318162047e-10,0
0.41516074538230896,-5.128548141719591e-10,64.07487097136618,-2.129171869245361e-10,0
0.41597121953964233,-5.141561065791223e-10,64.09498597167112,-2.138741426874718e-10,0
0.4163796305656433,-5.146916226550502e-10,64.11505597197538,-2.143071076963413e-10,0
0.41613444685935974,-5.141217451765101e-10,64.13517097228032,-2.1394376804739573e-10,0
0.41523510217666626,-5.128492075456847e-10,64.15528597258526,-2.1295299309645473e-10,0
0.415086030960083,-5.128154567657361e-10,64.1754009728902,-2.1286253256387146e-10,0
0.4159214198589325,-5.140906034206694e-10,64.19551597319514,-2.1382129371086018e-10,0
0.4162306487560272,-5.144202841478318e-10,64.21563097350008,-2.141174886041119e-10,0
0.41585344076156616,-5.13703579674285e-10,64.23570097380434,-2.1362540113908478e-10,0
0.41493159532546997,-5.124785040777624e-10,64.25581597410928,-2.1264352326699632e-10,0
0.4150335490703583,-5.12758779880329e-10,64.27593097441422,-2.1281209623071958e-10,0
0.4158945679664612,-5.140421976967957e-10,64.29604597471916,-2.1378735772763908e-10,0
0.4160746932029724,-5.141863046453921e-10,64.3161609750241,-2.139399089545016e-10,0
0.4155600368976593,-5.133128366807682e-10,64.33623097532836,-2.133123013511022e-10,0
0.41474997997283936,-5.122224311371326e-10,64.3563459756333,-2.1244424305576484e-10,0
0.41502928733825684,-5.128235058826647e-10,64.37646097593824,-2.1283677417678868e-10,0
0.415824830532074,-5.139778602725187e-10,64.39657597624318,-2.1372475664505808e-10,0
0.41586965322494507,-5.139401682008327e-10,64.41669097654813,-2.1373211952805022e-10,0
0.41530483961105347,-5.129341951182198e-10,64.43680597685307,-2.1302405363459708e-10,0
0.41451922059059143,-5.120312507322922e-10,64.45687597715732,-2.1224679497157545e-10,0
0.4150335490703583,-5.129017766059007e-10,64.47699097746226,-2.1287144466923905e-10,0
0.415750116109848,-5.139667580422724e-10,64.4971059777672,-2.1368173933267693e-10,0
0.4156891703605652,-5.13730225026876e-10,64.51722097807215,-2.1355209103056856e-10,0
0.4150247275829315,-5.125730950794605e-10,64.53733597837709,-2.1273050915169314e-10,0
0.4143770933151245,-5.118372392587389e-10,64.55745097868203,-2.1209362745447417e-10,0
0.4150546193122864,-5.129411340121237e-10,64.57752097898629,-2.1289858710701448e-10,0
0.41561827063560486,-5.137827385759408e-10,64.59763597929123,-2.135374932893576e-10,0
0.4155014157295227,-5.133972136306397e-10,64.61775097959617,-2.1331726909512302e-10,0
0.4146978557109833,-5.121748025693762e-10,64.63786597990111,-2.1239779237471652e-10,0
0.4142460525035858,-5.117648527175334e-10,64.65798098020605,-2.1199657004831719e-10,0
0.4150592088699341,-5.130497693350833e-10,64.67809598051099,-2.1294603137112183e-10,0
0.415484756231308,-5.1360371511322e-10,64.69816598081525,-2.1339451437331037e-10,0
0.41525962948799133,-5.130798008678994e-10,64.71828098112019,-2.1306132800617628e-10,0
0.414394348859787,-5.118470092213556e-10,64.73839598142513,-2.1210650810211305e-10,0
0.41414719820022583,-5.117301582480138e-10,64.75851098173007,-2.119316112729731e-10,0
0.4150105118751526,-5.130306734990597e-10,64.77862598203501,-2.1291312241649906e-10,0
0.4153292179107666,-5.133982128313619e-10,64.79869598233927,-2.1322927821203483e-10,0
0.4150373637676239,-5.127291369255715e-10,64.81881098264421,-2.1280174931643828e-10,0
0.41415828466415405,-5.114179635334892e-10,64.83892598294915,-2.118079865234648e-10,0
0.4141594469547272,-5.116269630178749e-10,64.85904098325409,-2.1189514005060973e-10,0
0.4150316119194031,-5.129606184262059e-10,64.87915598355903,-2.1289487231660208e-10,0
0.4152308702468872,-5.131829405868871e-10,64.89927098386397,-2.1308939901574973e-10,0
0.4148111343383789,-5.123407254004064e-10,64.91934098416823,-2.125246374710905e-10,0
0.4138892889022827,-5.111226997200902e-10,64.93945598447317,-2.115482107289631e-10,0
0.4140965938568115,-5.116111978509252e-10,64.95957098477811,-2.1185645440907143e-10,0
0.4149281680583954,-5.128156232991898e-10,64.97968598508305,-2.1278164712725702e-10,0
0.41503968834877014,-5.128456548320059e-10,64.99980098538799,-2.128513007524967e-10,0
0.41450703144073486,-5.118748203081225e-10,65.01991598569293,-2.1217571223517943e-10,0
0.4137004017829895,-5.108820033683514e-10,65.03998598599719,-2.1135209005718558e-10,0
0.414117693901062,-5.116391754711458e-10,65.06010098630213,-2.118788354555517e-10,0
0.414872944355011,-5.127505087187956e-10,65.08021598660707,-2.1272631327169645e-10,0
0.41490212082862854,-5.126163937774209e-10,65.10033098691201,-2.126856289497753e-10,0
0.4142525792121887,-5.115802226285382e-10,65.12044598721695,-2.1192342669781766e-10,0
0.4135938584804535,-5.107288481021044e-10,65.1405609875219,-2.112343149238268e-10,0
0.4141766428947449,-5.116848611486091e-10,65.16063098782615,-2.119279180105946e-10,0
0.4148036241531372,-5.12629161342204e-10,65.1807459881311,-2.1264043397132954e-10,0
0.4147491753101349,-5.123306778820336e-10,65.20086098843603,-2.124887261376558e-10,0
0.41400501132011414,-5.11180986428883e-10,65.22097598874097,-2.116314900731168e-10,0
0.41344937682151794,-5.106228773144039e-10,65.24109098904592,-2.1111671041645071e-10,0
0.41421428322792053,-5.118104828838455e-10,65.26116098935017,-2.1199921231626793e-10,0
0.4147292673587799,-5.125096458336031e-10,65.28127598965511,-2.12552749930878e-10,0
0.41451698541641235,-5.120742163633452e-10,65.30139098996005,-2.1226346047640553e-10,0
0.4136904180049896,-5.108759526528672e-10,65.321505990265,-2.1134448640166193e-10,0
0.4133279323577881,-5.106332023885329e-10,65.34162099056994,-2.1105896573648826e-10,0
0.41417211294174194,-5.11851172557698e-10,65.36173599087488,-2.1199448164992993e-10,0
0.41454264521598816,-5.123181878730065e-10,65.38180599117914,-2.1237773679313772e-10,0
0.41425374150276184,-5.11706677031043e-10,65.40192099148408,-2.1197640551205493e-10,0
0.4133647084236145,-5.104679456913175e-10,65.42203599178902,-2.1100943353029293e-10,0
0.41326430439949036,-5.105176281716695e-10,65.44215099209396,-2.1097871249004264e-10,0
0.41412150859832764,-5.117837820201032e-10,65.4622659923989,-2.119406718863228e-10,0
0.41438207030296326,-5.120933121993687e-10,65.48238099270384,-2.1220228689747612e-10,0
0.4140019416809082,-5.113233170206399e-10,65.5024509930081,-2.116888460732675e-10,0
0.41312673687934875,-5.100322941764546e-10,65.52256599331304,-2.1070797739620675e-10,0
0.413224458694458,-5.104018874213523e-10,65.54268099361798,-2.10910543646318e-10,0
0.41408970952033997,-5.116620460654531e-10,65.56279599392292,-2.1187398802782627e-10,0
0.41424721479415894,-5.117663515186166e-10,65.58291099422786,-2.1199778574195542e-10,0
0.41375574469566345,-5.108765632755308e-10,65.60298099453212,-2.1137811288562846e-10,0
0.41292595863342285,-5.097653410501835e-10,65.62309599483706,-2.1049534213124074e-10,0
0.41324669122695923,-5.104067724026606e-10,65.643210995142,-2.1092390987523115e-10,0
0.414042204618454,-5.115445844694477e-10,65.66332599544694,-2.118010475143611e-10,0
0.4140850901603699,-5.114866308275623e-10,65.68344099575188,-2.1179898764205495e-10,0
0.41346779465675354,-5.104662248456293e-10,65.70355599605682,-2.1106134423368084e-10,0
0.412715345621109,-5.095958655054744e-10,65.72362599636108,-2.1031803375918006e-10,0
0.4132225215435028,-5.104692224477958e-10,65.74374099666602,-2.1093737927022943e-10,0
0.4139237701892853,-5.114836332253958e-10,65.76385599697096,-2.1171523385476941e-10,0
0.4138854742050171,-5.112416046060275e-10,65.7839709972759,-2.1159547395569955e-10,0
0.4131914973258972,-5.10159858801984e-10,65.80408599758084,-2.1079371593396007e-10,0
0.4125840961933136,-5.09445263752184e-10,65.82420099788578,-2.101890137051591e-10,0
0.4133048355579376,-5.105822431517026e-10,65.84427099819004,-2.1102611004461738e-10,0
0.41383296251296997,-5.11361508692687e-10,65.86438599849498,-2.1161824805739652e-10,0
0.4136838912963867,-5.10942399500891e-10,65.88450099879992,-2.113686400538416e-10,0
0.4128841757774353,-5.097289257349757e-10,65.90461599910486,-2.10459007372003e-10,0
0.4124419689178467,-5.093039878723005e-10,65.9247309994098,-2.100583395357627e-10,0
0.413264662027359,-5.105065259414232e-10,65.94484599971474,-2.1097430690594345e-10,0
0.4137246310710907,-5.110425416177122e-10,65.964916000019,-2.114308869924205e-10,0
0.4134961664676666,-5.10567921274685e-10,65.98503100032394,-2.1111787816844765e-10,0
0.41263431310653687,-5.093368504738294e-10,66.00514600062888,-2.1016986143511546e-10,0
0.41240134835243225,-5.092702370923519e-10,66.02526100093382,-2.1002373245264876e-10,0
0.4132535755634308,-5.106241540708822e-10,66.04537600123876,-2.1101725743884426e-10,0
0.41355448961257935,-5.110508682903969e-10,66.06544600154302,-2.113473810019006e-10,0
0.4132160246372223,-5.103923395033405e-10,66.08556100184796,-2.1090229353486188e-10,0
0.412310928106308,-5.091168042703487e-10,66.1056760021529,-2.09914422083225e-10,0
0.41230249404907227,-5.09360054135044e-10,66.12579100245785,-2.1001042068884912e-10,0
0.4131719768047333,-5.105801337279559e-10,66.14590600276279,-2.109574031696046e-10,0
0.4134022295475006,-5.107833045414623e-10,66.16602100306773,-2.111589569130805e-10,0
0.4129526615142822,-5.099501376726323e-10,66.18609100337198,-2.1058526659148815e-10,0
0.4120752513408661,-5.08821873523857e-10,66.20620600367693,-2.0967290142007375e-10,0
0.41232970356941223,-5.093345745166289e-10,66.22632100398187,-2.100137741280943e-10,0
0.4131298065185547,-5.105234568425487e-10,66.2464360042868,-2.1091245694854586e-10,0
0.4132424592971802,-5.105435518792945e-10,66.26655100459175,-2.1097827295691713e-10,0
0.41266727447509766,-5.09570552420513e-10,66.28666600489669,-2.1028309102014296e-10,0
0.4118819236755371,-5.085342702493278e-10,66.30673600520095,-2.0945607348522861e-10,0
0.41231319308280945,-5.092649635329849e-10,66.32685100550589,-2.099766632394855e-10,0
0.4130612015724182,-5.103514277848831e-10,66.34696600581083,-2.1080637398502302e-10,0
0.41306963562965393,-5.102069322582281e-10,66.36708100611577,-2.107509916036298e-10,0
0.41240745782852173,-5.091509436283559e-10,66.38719600642071,-2.0997764631276323e-10,0
0.4116954803466797,-5.083546916750947e-10,66.40731100672565,-2.0928732897566637e-10,0
0.41232091188430786,-5.093198640615526e-10,66.42738100702991,-2.100032307906511e-10,0
0.41294625401496887,-5.101724043221623e-10,66.44749600733485,-2.1067378326664702e-10,0
0.41284316778182983,-5.098527711133727e-10,66.46761100763979,-2.10489233128789e-10,0
0.41210129857063293,-5.086561727374317e-10,66.48772600794473,-2.0961786931106378e-10,0
0.4115728735923767,-5.081104426096772e-10,66.50784100824967,-2.0912447496715925e-10,0
0.4123220145702362,-5.093181987270157e-10,66.52791100855393,-2.1000310575640701e-10,0
0.41279336810112,-5.100112554501379e-10,66.54802600885887,-2.1052926390674313e-10,0
0.41261744499206543,-5.095319721704072e-10,66.56814100916381,-2.1024178049872162e-10,0
0.4117709994316101,-5.083460874466539e-10,66.58825600946875,-2.0932217648505734e-10,0
0.41143566370010376,-5.081982057397738e-10,66.60837100977369,-2.0909086606974572e-10,0
0.41229215264320374,-5.094957233886532e-10,66.62848601007863,-2.1006108855841413e-10,0
0.4126473665237427,-5.099710098654953e-10,66.64855601038289,-2.1043819422445022e-10,0
0.41238218545913696,-5.093906407793725e-10,66.66867101068783,-2.100636256970278e-10,0
0.4114947021007538,-5.081076115409644e-10,66.68878601099277,-2.0908359024617467e-10,0
0.4114058017730713,-5.081988163624374e-10,66.70890101129771,-2.0907594150571436e-10,0
0.41231051087379456,-5.095167621149699e-10,66.72901601160265,-2.1007911648638488e-10,0
0.4125687777996063,-5.097834931966361e-10,66.7491310119076,-2.1032075273055007e-10,0
0.41216033697128296,-5.089945687153374e-10,66.76920101221185,-2.0978737295826632e-10,0
0.41128087043762207,-5.077513409723622e-10,66.78931601251679,-2.0882841348098296e-10,0
0.41141653060913086,-5.081582377108873e-10,66.80943101282173,-2.0906469915946326e-10,0
0.4122469127178192,-5.09403963455668e-10,66.82954601312667,-2.1000021126081992e-10,0
0.41240400075912476,-5.095379673747402e-10,66.84966101343161,-2.1013549628401525e-10,0
0.41189897060394287,-5.086462362413613e-10,66.86977601373655,-2.0951086110938666e-10,0
0.41104045510292053,-5.075851405855758e-10,66.88984601404081,-2.0863802718977498e-10,0
0.41138318181037903,-5.082566034708691e-10,66.90996101434575,-2.0908821871198226e-10,0
0.41214919090270996,-5.09359554534683e-10,66.9300760146507,-2.0993212828003435e-10,0
0.41218405961990356,-5.093165333924787e-10,66.95019101495564,-2.0993215636524806e-10,0
0.41157057881355286,-5.082712029036429e-10,66.97030601526058,-2.0918947317331308e-10,0
0.41081884503364563,-5.073783060360881e-10,66.99037601556483,-2.0844056968087332e-10,0
0.4113417863845825,-5.082828602454015e-10,67.01049101586977,-2.0907797972200855e-10,0
0.41203880310058594,-5.092773425197095e-10,67.03060601617472,-2.0984202665806823e-10,0
0.41197484731674194,-5.089758614573725e-10,67.05072101647966,-2.0968525281180824e-10,0
0.4112529158592224,-5.078562570481893e-10,67.0708360167846,-2.088573665484186e-10,0
0.41064590215682983,-5.071830733172078e-10,67.09095101708954,-2.0827265070101837e-10,0
0.4113384783267975,-5.082719800597602e-10,67.1110210173938,-2.090718228539301e-10,0
0.4118936061859131,-5.090604604518489e-10,67.13113601769874,-2.0967874882217345e-10,0
0.4117368757724762,-5.086815413335444e-10,67.15125101800368,-2.0944294859180128e-10,0
0.41093868017196655,-5.07479336331329e-10,67.17136601830862,-2.0854288868654186e-10,0
0.41054320335388184,-5.071658093491749e-10,67.19148101861356,-2.0821347600177437e-10,0
0.41132837533950806,-5.085295518014732e-10,67.2115960189185,-2.0917263435462817e-10,0
0.41176360845565796,-5.091354005060111e-10,67.23166601922276,-2.0964342970487177e-10,0
0.4115234315395355,-5.086586152280859e-10,67.2517810195277,-2.0932493882081013e-10,0
0.4106370806694031,-5.074136666394224e-10,67.27189601983264,-2.0836286676057011e-10,0
0.4104408919811249,-5.073437225888711e-10,67.29201102013758,-2.082346100404006e-10,0
0.4112766683101654,-5.086503440665524e-10,67.31212602044252,-2.0919601884251098e-10,0
0.4115920066833496,-5.090208810010211e-10,67.33224102074746,-2.0950892585493676e-10,0
0.41126206517219543,-5.083306553466116e-10,67.35231102105172,-2.09057115108183e-10,0
0.4103454649448395,-5.071031372594348e-10,67.37242602135666,-2.0808747263370952e-10,0
0.4103585183620453,-5.073234055075204e-10,67.3925410216616,-2.0818448101445317e-10,0
0.4111984968185425,-5.085866172649389e-10,67.41265602196654,-2.0913005252137027e-10,0
0.4114103615283966,-5.086734367054646e-10,67.43277102227148,-2.0927352249488716e-10,0
0.4109332859516144,-5.07781539038632e-10,67.45288602257642,-2.08664336382713e-10,0
0.41009336709976196,-5.066919661622649e-10,67.47295602288068,-2.0779101448588185e-10,0
0.4103128910064697,-5.072031683539535e-10,67.49307102318562,-2.0811199833495184e-10,0
0.41111111640930176,-5.083318210807874e-10,67.51318602349056,-2.0898086247089596e-10,0
0.41123488545417786,-5.083499732272401e-10,67.5333010237955,-2.0905124301073845e-10,0
0.4106612205505371,-5.074076714350895e-10,67.55341602410044,-2.0837265366823974e-10,0
0.4098890423774719,-5.064490493644769e-10,67.5734860244047,-2.0758791585698643e-10,0
0.4103274643421173,-5.072740560940758e-10,67.59360102470964,-2.0814847716362312e-10,0
0.41104596853256226,-5.083184984044919e-10,67.61371602501458,-2.089422694996921e-10,0
0.4110528826713562,-5.082355647445524e-10,67.63383102531952,-2.0891169396435298e-10,0
0.41037920117378235,-5.071311148796553e-10,67.65394602562446,-2.081160618146826e-10,0
0.4096882939338684,-5.063482411138409e-10,67.6740610259294,-2.0744494703834453e-10,0
0.41029152274131775,-5.073649278486414e-10,67.69413102623366,-2.081675288325579e-10,0
0.4109022617340088,-5.082335108319569e-10,67.7142460265386,-2.0883429908986694e-10,0
0.4107922613620758,-5.079239806526914e-10,67.73436102684354,-2.0865124061234634e-10,0
0.41004544496536255,-5.067832820060403e-10,67.75447602714848,-2.078041763711736e-10,0
0.4095369279384613,-5.062655294985063e-10,67.77459102745343,-2.0733442967195675e-10,0
0.41031214594841003,-5.075346809491066e-10,67.79470602775837,-2.0824764408346954e-10,0
0.4107934832572937,-5.081653986493961e-10,67.81477602806262,-2.087510341820167e-10,0
0.4106140732765198,-5.076626341526946e-10,67.83489102836757,-2.084534220597256e-10,0
0.40974652767181396,-5.063853780740146e-10,67.8550060286725,-2.074896503296062e-10,0
0.4094212055206299,-5.061527308392044e-10,67.87512102897745,-2.0722966123774597e-10,0
0.4102596640586853,-5.074307640740017e-10,67.89523602928239,-2.0817837480204193e-10,0
0.4106041491031647,-5.078920617407334e-10,67.91535102958733,-2.0854258784730582e-10,0
0.4103311002254486,-5.072792186311403e-10,67.93542102989159,-2.081524399024217e-10,0
0.40944188833236694,-5.060529773004419e-10,67.95553603019653,-2.0719928662210934e-10,0
0.4093663990497589,-5.061684960061541e-10,67.97565103050147,-2.0720837452247158e-10,0
0.4102182388305664,-5.07411390682222e-10,67.99576603080641,-2.0814940704822957e-10,0
0.41047003865242004,-5.077369080730421e-10,68.01588103111135,-2.0841078828200182e-10,0
0.41006380319595337,-5.070560082920395e-10,68.0359510314156,-2.0792531519359256e-10,0
0.4091636836528778,-5.058769514398875e-10,68.05606603172055,-2.0698647692623237e-10,0
0.40928709506988525,-5.062582020265438e-10,68.07618103202549,-2.0720494886274721e-10,0
0.4101201593875885,-5.074688447237463e-10,68.09629603233043,-2.0812320348233824e-10,0
0.4102768898010254,-5.075398989973223e-10,68.11641103263537,-2.0823189121054797e-10,0
0.4097714424133301,-5.066086439242667e-10,68.13652603294031,-2.075937547599079e-10,0
0.4089638292789459,-5.055822427380008e-10,68.15659603324457,-2.0676485000557035e-10,0
0.40931621193885803,-5.062623098517349e-10,68.17671103354951,-2.0722137091592855e-10,0
0.4100569188594818,-5.07389075199427e-10,68.19682603385445,-2.0805840083923895e-10,0
0.41009217500686646,-5.072797182315014e-10,68.21694103415939,-2.0803144298642678e-10,0
0.4094606637954712,-5.062281704937277e-10,68.23705603446433,-2.072805227223287e-10,0
0.4087352752685547,-5.053465979010241e-10,68.25717103476927,-2.065529807991027e-10,0
0.40925610065460205,-5.062749663942157e-10,68.27724103507353,-2.071961186055364e-10,0
0.40992704033851624,-5.072675057782305e-10,68.29735603537847,-2.0794266730357123e-10,0
0.4098588228225708,-5.06981956416297e-10,68.31747103568341,-2.0779102784906736e-10,0
0.409157931804657,-5.058375940336646e-10,68.33758603598835,-2.069674638038579e-10,0
0.40856361389160156,-5.051903340103081e-10,68.35770103629329,-2.0640238856635675e-10,0
0.40926602482795715,-5.063538477401153e-10,68.37781603659823,-2.0723342642093765e-10,0
0.40978649258613586,-5.070742159496433e-10,68.39788603690249,-2.0779216443486916e-10,0
0.4096285104751587,-5.066259078922997e-10,68.41800103720743,-2.0752841601804766e-10,0
0.408829927444458,-5.054499596646167e-10,68.43811603751237,-2.0664307033648947e-10,0
0.40841108560562134,-5.050709850351609e-10,68.45823103781731,-2.062765893061106e-10,0
0.4092188775539398,-5.063062191723589e-10,68.47834603812225,-2.0719006270829173e-10,0
0.409656286239624,-5.068421793374966e-10,68.49841603842651,-2.0763108489699638e-10,0
0.4094177484512329,-5.063066077504175e-10,68.51853103873145,-2.0729091137115747e-10,0
0.408545583486557,-5.051201679151518e-10,68.5386460390364,-2.0636461373172334e-10,0
0.4083421230316162,-5.050261875361173e-10,68.55876103934133,-2.0622346560506128e-10,0
0.40920430421829224,-5.062921748510973e-10,68.57887603964627,-2.0717693714110924e-10,0
0.40951353311538696,-5.066879693593762e-10,68.59899103995122,-2.0749558051941908e-10,0
0.4091954231262207,-5.059906382776092e-10,68.61906104025547,-2.0704905332791276e-10,0
0.4082604646682739,-5.047543494285378e-10,68.63917604056041,-2.0607124524102715e-10,0
0.4082961082458496,-5.050134199713341e-10,68.65929104086536,-2.0619501398622253e-10,0
0.40914109349250793,-5.063071628619298e-10,68.6794060411703,-2.0715106625641925e-10,0
0.4093441963195801,-5.065045050045569e-10,68.69952104147524,-2.0733467953333707e-10,0
0.4088897109031677,-5.056285945492789e-10,68.71963604178018,-2.0674632984962965e-10,0
0.4080229103565216,-5.045129314318331e-10,68.73970604208444,-2.0585283459531676e-10,0
0.4082666337490082,-5.050556084462698e-10,68.75982104238938,-2.0619735311641573e-10,0
0.4090690612792969,-5.06266639721531e-10,68.77993604269432,-2.0709801906791066e-10,0
0.40917328000068665,-5.063058305943002e-10,68.80005104299926,-2.0716681738774183e-10,0
0.40862607955932617,-5.053599205773196e-10,68.8201660433042,-2.0650324311192255e-10,0
0.4078439176082611,-5.04347286156559e-10,68.84023604360846,-2.0569497302118573e-10,0
0.40827620029449463,-5.051886131646199e-10,68.8603510439134,-2.0625648741489634e-10,0
0.40897056460380554,-5.062662511434723e-10,68.88046604421834,-2.070479945699979e-10,0
0.40895944833755493,-5.060525887223832e-10,68.90058104452328,-2.0695498751369742e-10,0
0.40832293033599854,-5.049561879744147e-10,68.92069604482822,-2.061851903650083e-10,0
0.40765196084976196,-5.041697614949214e-10,68.94081104513316,-2.0552579187456154e-10,0
0.4082683324813843,-5.051944973466505e-10,68.96088104543742,-2.062549150104881e-10,0
0.40887436270713806,-5.060728502925826e-10,68.98099604574236,-2.0692021414676462e-10,0
0.40878432989120483,-5.05716968302039e-10,69.0011110460473,-2.067291720019607e-10,0
0.40804246068000793,-5.045552864402225e-10,69.02122604635224,-2.0587998062817464e-10,0
0.407525897026062,-5.040370898434787e-10,69.04134104665718,-2.0540816717286948e-10,0
0.4083007276058197,-5.052910867497928e-10,69.06145604696212,-2.0631071837267578e-10,0
0.4087848663330078,-5.059541674512502e-10,69.08152604726638,-2.0682640671218757e-10,0
0.4085877239704132,-5.054717200358994e-10,69.10164104757132,-2.0652953962087803e-10,0
0.40774279832839966,-5.042284922929241e-10,69.12175604787626,-2.0559553644442677e-10,0
0.4074772298336029,-5.040727280025692e-10,69.1418710481812,-2.053981588411541e-10,0
0.40829458832740784,-5.053706342295072e-10,69.16198604848614,-2.0634009505549766e-10,0
0.40864983201026917,-5.058100049915026e-10,69.18210104879108,-2.0669917356889096e-10,0
0.4083581864833832,-5.051435381098202e-10,69.20217104909534,-2.0627949913632592e-10,0
0.40746957063674927,-5.039497152914407e-10,69.22228604940028,-2.053441741123154e-10,0
0.40736496448516846,-5.040355910423955e-10,69.24240104970522,-2.0532644064424633e-10,0
0.4082554876804352,-5.053283902434202e-10,69.26251605001016,-2.063030883975968e-10,0
0.4085068702697754,-5.055831864275717e-10,69.2826310503151,-2.065342051485477e-10,0
0.40809163451194763,-5.048423346032394e-10,69.30270105061936,-2.0602193349906353e-10,0
0.40722087025642395,-5.036314698614319e-10,69.3228160509243,-2.0508924544549426e-10,0
0.4073699414730072,-5.040817763202199e-10,69.34293105122924,-2.0534776371717748e-10,0
0.4081972539424896,-5.053458762560581e-10,69.36304605153418,-2.0628079897888408e-10,0
0.40832409262657166,-5.054370255663798e-10,69.38316105183912,-2.0638211484426534e-10,0
0.4078274667263031,-5.044864526126958e-10,69.40327605214407,-2.0574343196677486e-10,0
0.40700745582580566,-5.034035410744764e-10,69.42334605244832,-2.048889945064241e-10,0
0.40735843777656555,-5.04065955642119e-10,69.44346105275326,-2.0533552022672518e-10,0
0.40812215209007263,-5.051779550235835e-10,69.4635760530582,-2.0617431419268683e-10,0
0.40818077325820923,-5.051867812966293e-10,69.48369105336315,-2.0620753102948398e-10,0
0.4075983166694641,-5.041644879355545e-10,69.50380605366809,-2.0549659660705435e-10,0
0.4068744480609894,-5.033086170058709e-10,69.52392105397303,-2.0478341574860363e-10,0
0.4074191749095917,-5.042504191976604e-10,69.54399105427729,-2.0544128973732655e-10,0
0.40810567140579224,-5.052119278481371e-10,69.56410605458223,-2.0617985301667864e-10,0
0.4079991579055786,-5.049477502794275e-10,69.58422105488717,-2.0601825690032282e-10,0
0.40731626749038696,-5.03802388696073e-10,69.6043360551921,-2.0520690851642556e-10,0
0.4067227244377136,-5.03119490513626e-10,69.62445105549705,-2.046301298994164e-10,0
0.40741437673568726,-5.042217199324739e-10,69.64456605580199,-2.054271777628851e-10,0
0.40795913338661194,-5.049944906687642e-10,69.66463605610625,-2.0601711477824254e-10,0
0.4078075587749481,-5.046261741803448e-10,69.68475105641119,-2.0579036818642818e-10,0
0.407019704580307,-5.033906069762395e-10,69.70486605671613,-2.0488989613997043e-10,0
0.40659740567207336,-5.030024730068305e-10,69.72498105702107,-2.045195005712144e-10,0
0.4073975086212158,-5.042841699776091e-10,69.74509605732601,-2.0544411448599565e-10,0
0.4078093469142914,-5.048346740643694e-10,69.76516605763027,-2.0587629872987965e-10,0
0.40759870409965515,-5.043061523934966e-10,69.78528105793521,-2.0555453418507243e-10,0
0.40674763917922974,-5.030518224202751e-10,69.80539605824015,-2.0461514115425602e-10,0
0.40656599402427673,-5.030315053389245e-10,69.82551105854509,-2.045155039936481e-10,0
0.40741628408432007,-5.043505613144816e-10,69.84562605885003,-2.0548063156658714e-10,0
0.4077404737472534,-5.047548490288989e-10,69.86574105915497,-2.058089812692666e-10,0
0.40739956498146057,-5.040345918416733e-10,69.88581105945923,-2.0534347345190575e-10,0
0.40650543570518494,-5.027936400558985e-10,69.90592605976417,-2.0438834772071897e-10,0
0.4065130949020386,-5.029812677470602e-10,69.92604106006911,-2.0446847182960836e-10,0
0.40737491846084595,-5.041956296913952e-10,69.94615606037405,-2.05396653533847e-10,0
0.40759336948394775,-5.044297757272886e-10,69.96627106067899,-2.0560223195671766e-10,0
0.4071645438671112,-5.036444039596688e-10,69.98638606098393,-2.0506614400946165e-10,0
0.406796932220459,-5.035130645758557e-10,69.99975106118654,-2.0482757000237994e-10,0
0.4070846438407898,-5.035419303744959e-10,70.0198210614908,-2.0498418738540544e-10,0
0.40626057982444763,-5.024957117072404e-10,70.03993606179574,-2.0414419919748196e-10,0
0.40655067563056946,-5.031201011362896e-10,70.06005106210068,-2.0454381704027896e-10,0
0.40729549527168274,-5.042335438076861e-10,70.08012106240494,-2.0537205095774726e-10,0
0.4073561429977417,-5.041650430470668e-10,70.10023606270988,-2.0537472736994353e-10,0
0.40671274065971375,-5.031193239801723e-10,70.12035106301482,-2.0462503913483833e-10,0
0.4059429168701172,-5.021340010458175e-10,70.14046606331976,-2.0383774104420164e-10,0
0.40642037987709045,-5.02958175108148e-10,70.1605810636247,-2.044124525897417e-10,0
0.4070900082588196,-5.039732520195628e-10,70.18065106392896,-2.0516247532686797e-10,0
0.4070798456668854,-5.037663619589239e-10,70.2007660642339,-2.0507313287840705e-10,0
0.4063878059387207,-5.026814520192602e-10,70.22088106453884,-2.0428361237219745e-10,0
0.4057796895503998,-5.019172855114107e-10,70.24099606484378,-2.036678402947996e-10,0
0.40645602345466614,-5.030161287500334e-10,70.26111106514873,-2.0445393542529895e-10,0
0.4070426821708679,-5.038564565573722e-10,70.28122606545367,-2.0509108350622218e-10,0
0.4069187343120575,-5.035278305420832e-10,70.30129606575792,-2.0489490749508065e-10,0
0.4061134159564972,-5.023152449545876e-10,70.32141106606286,-2.039969600155322e-10,0
0.4056421220302582,-5.017681825592035e-10,70.3415260663678,-2.035383103405813e-10,0
0.4064372479915619,-5.02990815665072e-10,70.36164106667275,-2.0443420288394285e-10,0
0.406889408826828,-5.036354111531693e-10,70.38175606697769,-2.0492391470836953e-10,0
0.40666332840919495,-5.031270400301935e-10,70.40187106728263,-2.0460331671134474e-10,0
0.40584757924079895,-5.018992998984118e-10,70.42194106758689,-2.0369461588642218e-10,0
0.405561625957489,-5.017914417315694e-10,70.44205606789183,-2.035073530002079e-10,0
0.4064081311225891,-5.031045025027936e-10,70.46217106819677,-2.044657606215203e-10,0
0.40674686431884766,-5.034815897531075e-10,70.48228606850171,-2.0478955787434495e-10,0
0.40642112493515015,-5.028109040239315e-10,70.50240106880665,-2.0435297324306604e-10,0
0.4055037498474121,-5.015499682237134e-10,70.52251606911159,-2.033803928505662e-10,0
0.4054977297782898,-5.017093962500496e-10,70.54258606941585,-2.0344202118783154e-10,0
0.4063345193862915,-5.030656446969317e-10,70.56270106972079,-2.0441293695768263e-10,0
0.40658244490623474,-5.033465311221619e-10,70.58281607002573,-2.0465186325872075e-10,0
0.40617626905441284,-5.025797555902045e-10,70.60293107033067,-2.0413597002790795e-10,0
0.405277281999588,-5.013935377995438e-10,70.62304607063561,-2.032034102115568e-10,0
0.40548497438430786,-5.018374049647889e-10,70.64316107094055,-2.0348752729723496e-10,0
0.40630844235420227,-5.030370564540476e-10,70.66323107124481,-2.04388202854287e-10,0
0.4064154028892517,-5.030895144919612e-10,70.68334607154975,-2.0446332772160843e-10,0
0.40587276220321655,-5.021023041784645e-10,70.70346107185469,-2.03789649105513e-10,0
0.405079185962677,-5.01061858670937e-10,70.72357607215963,-2.0296972982736907e-10,0
0.40547728538513184,-5.017974369359024e-10,70.74369107246457,-2.034674625419866e-10,0
0.4062070846557617,-5.027911420540931e-10,70.76376107276883,-2.0423732400453413e-10,0
0.40623411536216736,-5.026435379029692e-10,70.78387607307377,-2.0419095296252274e-10,0
0.40562906861305237,-5.01599317637158e-10,70.80399107337871,-2.0346326403010303e-10,0
0.40492090582847595,-5.007949055446659e-10,70.82410607368365,-2.0278232678743216e-10,0
0.4055171608924866,-5.017514737026829e-10,70.84422107398859,-2.0346883308953311e-10,0
0.40616708993911743,-5.026919436268429e-10,70.86433607429353,-2.0417692387875364e-10,0
0.40608495473861694,-5.024117233354275e-10,70.88440607459779,-2.040218419308176e-10,0
0.4053872525691986,-5.012773529600167e-10,70.90452107490273,-2.0321144889162162e-10,0
0.404825896024704,-5.006698944320931e-10,70.92463607520767,-2.0268413862606603e-10,0
0.4055550992488861,-5.018259696676353e-10,70.94475107551261,-2.0351808093422633e-10,0
0.4060509502887726,-5.025324600893555e-10,70.96486607581755,-2.0405378297023747e-10,0
0.4058796465396881,-5.020692750434819e-10,70.9849810761225,-2.0377969989308587e-10,0
0.405051052570343,-5.008247150328771e-10,71.00505107642675,-2.0285957797730895e-10,0
0.40465840697288513,-5.004905934136161e-10,71.0251660767317,-2.0252772623566786e-10,0
0.40545931458473206,-5.017576354404696e-10,71.04528107703663,-2.0344230695334866e-10,0
0.40588080883026123,-5.023124138858748e-10,71.06539607734157,-2.038789688334798e-10,0
0.40559688210487366,-5.017584125965868e-10,71.08551107764652,-2.0351164771906638e-10,0
0.40474656224250793,-5.005020287107698e-10,71.10562607795146,-2.0257647551608507e-10,0
0.4046485722064972,-5.005534320368099e-10,71.12569607825571,-2.0254823158675706e-10,0
0.40550604462623596,-5.018664928080341e-10,71.14581107856066,-2.035098964290272e-10,0
0.40580418705940247,-5.022143256816491e-10,71.1659260788656,-2.0380067616282762e-10,0
0.40545204281806946,-5.014385573431923e-10,71.18604107917054,-2.03309287422543e-10,0
0.4045415222644806,-5.002408487442267e-10,71.20615607947548,-2.0236819444986525e-10,0
0.4046190083026886,-5.005652559120222e-10,71.22622607977974,-2.0253821743790394e-10,0
0.4054221212863922,-5.017364301806992e-10,71.24634108008468,-2.034150478505209e-10,0
0.40559571981430054,-5.018936932721374e-10,71.26645608038962,-2.0356593379297033e-10,0
0.40509334206581116,-5.009616610429646e-10,71.28657108069456,-2.029362335187346e-10,0
0.40428557991981506,-4.998624847374344e-10,71.3066860809995,-2.020871945222334e-10,0
0.4046039879322052,-5.004624492599419e-10,71.32680108130444,-2.0248910278089138e-10,0
0.4053982198238373,-5.015795001561685e-10,71.3468710816087,-2.0333943646344081e-10,0
0.4054891765117645,-5.015976523026211e-10,71.36698608191364,-2.0339241897242422e-10,0
0.40492284297943115,-5.00621155641312e-10,71.38710108221858,-2.0271294159792836e-10,0
0.40415719151496887,-4.996778546484393e-10,71.40721608252352,-2.0194839839693805e-10,0
0.4045948088169098,-5.00487207233391e-10,71.42733108282846,-2.0249452592590295e-10,0
0.4053117632865906,-5.015323711887731e-10,71.4474460831334,-2.032769697118265e-10,0
0.4052799642086029,-5.013822135246926e-10,71.46751608343766,-2.032001655521175e-10,0
0.40460479259490967,-5.003269465397864e-10,71.4876310837426,-2.0243468043437472e-10,0
0.4039832353591919,-4.995840408028585e-10,71.50774608404754,-2.018235771373573e-10,0
0.4046518802642822,-5.006590142464518e-10,71.52786108435248,-2.0259261148608877e-10,0
0.4052707850933075,-5.015201587355023e-10,71.54797608465742,-2.032514684708572e-10,0
0.4051450788974762,-5.01132191299547e-10,71.56809108496236,-2.030312411821201e-10,0
0.4043716490268707,-4.999385905257725e-10,71.58816108526662,-2.0216099226307612e-10,0
0.40390390157699585,-4.994453739470828e-10,71.60827608557156,-2.017279351618084e-10,0
0.40463006496429443,-5.006680070529512e-10,71.6283910858765,-2.0258532821937948e-10,0
0.4050576984882355,-5.012650294844434e-10,71.64850608618144,-2.0304125917560614e-10,0
0.40482088923454285,-5.007329550998918e-10,71.66862108648638,-2.0270716015257861e-10,0
0.4040171802043915,-4.995433511290059e-10,71.68869108679064,-2.018240961129932e-10,0
0.40381920337677,-4.993684910026275e-10,71.70880608709558,-2.0165458622814078e-10,0
0.4046633839607239,-5.007209646912258e-10,71.72892108740052,-2.026234399920296e-10,0
0.40504008531570435,-5.011676074140325e-10,71.74903608770546,-2.0299297046444716e-10,0
0.40472549200057983,-5.005243441935647e-10,71.7691510880104,-2.0257496146200805e-10,0
0.4038127064704895,-4.992658508840009e-10,71.78926608831534,-2.0160989449376023e-10,0
0.40378904342651367,-4.99407737386548e-10,71.8093360886196,-2.0165537255911376e-10,0
0.40462011098861694,-5.006781655936265e-10,71.82945108892454,-2.025844549320703e-10,0
0.4048297107219696,-5.009287984414357e-10,71.84956608922948,-2.0279086056535022e-10,0
0.40443310141563416,-5.001262182169341e-10,71.86968108953442,-2.022675975327469e-10,0
0.4035643935203552,-4.989975654901002e-10,71.88979608983936,-2.0137764988514603e-10,0
0.40380850434303284,-4.99511432217048e-10,71.9099110901443,-2.0170696434581237e-10,0
0.40463319420814514,-5.007239622933923e-10,71.92998109044856,-2.0260953627933416e-10,0
0.40478944778442383,-5.008179426724269e-10,71.9500960907535,-2.027258184549029e-10,0
0.4042710065841675,-4.998699787428507e-10,71.97021109105845,-2.0208293946757864e-10,0
0.4034571051597595,-4.988502944058837e-10,71.99032609136339,-2.012646956890916e-10,0
0.4038357138633728,-4.995429625509473e-10,72.01044109166833,-2.0173328888718592e-10,0
0.4045507609844208,-5.006490777503814e-10,72.03055609197327,-2.0253796539006523e-10,0
0.40453872084617615,-5.005053038686924e-10,72.05062609227753,-2.0247377540376752e-10,0
0.4039004445075989,-4.994463176366537e-10,72.07074109258247,-2.0172658970112785e-10,0
0.4032110869884491,-4.985887813724332e-10,72.0908560928874,-2.01036524497425e-10,0
0.40379735827445984,-4.995264757390316e-10,72.11097109319235,-2.0170747129157203e-10,0
0.4044461250305176,-5.005134640079234e-10,72.13108609349729,-2.0243073104360605e-10,0
0.4043770134449005,-5.002510627960532e-10,72.15115609380155,-2.022900307461054e-10,0
0.4036693871021271,-4.991340118998266e-10,72.17127109410649,-2.0148512066542882e-10,0
0.4031083583831787,-4.985182266992183e-10,72.19138609441143,-2.0095686398881522e-10,0
0.40380850434303284,-4.997197100564676e-10,72.21150109471637,-2.0179106870863623e-10,0
0.4043618440628052,-5.004515135631493e-10,72.23161609502131,-2.0236349688841701e-10,0
0.4041931927204132,-4.999705094377305e-10,72.25173109532625,-2.0208467647568776e-10,0
0.4033896028995514,-4.987562585156979e-10,72.27180109563051,-2.011930890663134e-10,0
0.4030723571777344,-4.984505586058674e-10,72.29191609593545,-2.009116415938254e-10,0
0.40388205647468567,-4.997451896748828e-10,72.31203109624039,-2.0183811491922351e-10,0
0.404305100440979,-5.002761538364098e-10,72.33214609654533,-2.0226420062505632e-10,0
0.40404608845710754,-4.996634217491192e-10,72.35226109685027,-2.0188705110282563e-10,0
0.4031769633293152,-4.98426688810838e-10,72.37237609715521,-2.009541588370392e-10,0
0.4030474126338959,-4.984949120157012e-10,72.39244609745947,-2.0091708449908993e-10,0
0.4038640260696411,-4.997746660961866e-10,72.41256109776441,-2.0184100877721648e-10,0
0.40414339303970337,-5.000629910156817e-10,72.43267609806935,-2.0209715392266032e-10,0
0.4038023352622986,-4.993531144137364e-10,72.45279109837429,-2.0163995372076854e-10,0
0.40288805961608887,-4.981374202017719e-10,72.47290609867923,-2.0069361864725618e-10,0
0.40296584367752075,-4.984678225739003e-10,72.49302109898417,-2.0086550666958847e-10,0
0.4037902057170868,-4.997330327327631e-10,72.51309109928843,-2.017873040907861e-10,0
0.4039897322654724,-4.999048397458239e-10,72.53320609959337,-2.0195642236712929e-10,0
0.40353527665138245,-4.990206581290124e-10,72.55332109989831,-2.0137243933284597e-10,0
0.40268075466156006,-4.978927270471445e-10,72.57343610020325,-2.0049181906784628e-10,0
0.40298882126808167,-4.984659351947585e-10,72.5935511005082,-2.008761996664277e-10,0
0.40378713607788086,-4.996422164893488e-10,72.61362110081245,-2.017490996598387e-10,0
0.4038732349872589,-4.996225100306617e-10,72.63373610111739,-2.0178415939853756e-10,0
0.4033118486404419,-4.986437374121522e-10,72.65385110142233,-2.0110892754867417e-10,0
0.40253013372421265,-4.976768441800061e-10,72.67396610172727,-2.00329926639222e-10,0
0.40303748846054077,-4.98532326531631e-10,72.69408110203221,-2.009272168016988e-10,0
0.4037694036960602,-4.995525104689591e-10,72.71419610233716,-2.0170401926692148e-10,0
0.40373221039772034,-4.993483404547305e-10,72.73426610264141,-2.0160300925022175e-10,0
0.40304359793663025,-4.982765866579086e-10,72.75438110294635,-2.0082718825418663e-10,0
0.40240710973739624,-4.975222456238271e-10,72.7744961032513,-2.002064888915432e-10,0
0.4030194878578186,-4.985788448763628e-10,72.79461110355624,-2.0093699071881454e-10,0
0.40361112356185913,-4.994159530369302e-10,72.81472610386118,-2.0156983392995207e-10,0
0.4034877419471741,-4.990413082772704e-10,72.83484110416612,-2.0135705061515944e-10,0
0.4027159810066223,-4.978871759320214e-10,72.85491110447037,-2.0050712248608074e-10,0
0.40225037932395935,-4.974164413695803e-10,72.87502610477532,-2.0008595222288766e-10,0
0.4030187129974365,-4.98641294921498e-10,72.89514110508026,-2.009617729266373e-10,0
0.403463214635849,-4.992772861811545e-10,72.9152561053852,-2.0144001887731135e-10,0
0.4032474756240845,-4.987636414988117e-10,72.93537110569014,-2.0112517936747168e-10,0
0.40242794156074524,-4.975361234116349e-10,72.9554411059944,-2.0022243799665714e-10,0
0.4021814465522766,-4.973338962876994e-10,72.97555610629934,-2.0001846582846686e-10,0
0.40300875902175903,-4.986668300510644e-10,72.99567110660428,-2.0096710034419387e-10,0
0.40337124466896057,-4.991540514254211e-10,73.01578610690922,-2.0134439100502647e-10,0
0.403072714805603,-4.985308277305478e-10,73.03590110721416,-2.009441741476363e-10,0
0.4021978974342346,-4.972232070521443e-10,73.0560161075191,-1.9998212843187953e-10,0
0.4021644592285156,-4.973708667144194e-10,73.07608610782336,-2.0002488564822261e-10,0
0.4030068516731262,-4.986415169661029e-10,73.0962011081283,-2.009559478660209e-10,0
0.40325668454170227,-4.989630930651856e-10,73.11631610843324,-2.0121020261813958e-10,0
0.4028390049934387,-4.981801637882199e-10,73.13643110873818,-2.0068640148791485e-10,0
0.4019714295864105,-4.970038824936296e-10,73.15654610904312,-1.9978136115596068e-10,0
0.402139276266098,-4.97442531610659e-10,73.17666110934806,-2.00041179645886e-10,0
0.40296295285224915,-4.986691615194161e-10,73.19673110965232,-2.0094519782221908e-10,0
0.40311604738235474,-4.987690815916324e-10,73.21684610995726,-2.0106182072774602e-10,0
0.40258875489234924,-4.978447654124807e-10,73.2369611102622,-2.004267042370843e-10,0
0.4017806053161621,-4.968303546348807e-10,73.25707611056714,-1.9961680062464585e-10,0
0.4021070897579193,-4.975422851494216e-10,73.27719111087208,-2.0006528031293874e-10,0
0.40286582708358765,-4.986360768732823e-10,73.29730611117702,-2.0088343552327025e-10,0
0.402863085269928,-4.985424850723064e-10,73.31737611148128,-2.0084436367436635e-10,0
0.4022534489631653,-4.974978762284366e-10,73.33749111178622,-2.0012023656473852e-10,0
0.40156832337379456,-4.966198563494117e-10,73.35760611209116,-1.9942680306836798e-10,0
0.40213850140571594,-4.976393186417738e-10,73.3777211123961,-2.0011992983916448e-10,0
0.4028014540672302,-4.986367985182483e-10,73.39783611270104,-2.008516274945789e-10,0
0.40274667739868164,-4.983927714974357e-10,73.4179061130053,-2.0072603276011257e-10,0
0.4020637571811676,-4.972743883335795e-10,73.43802111331024,-1.9993600892336596e-10,0
0.4014732837677002,-4.966410616091821e-10,73.45813611361518,-1.9938811785811504e-10,0
0.4021829664707184,-4.97815066946572e-10,73.47825111392012,-2.0021274037839158e-10,0
0.40269988775253296,-4.98511676383373e-10,73.49836611422506,-2.0075059612291135e-10,0
0.40251097083091736,-4.980656997943811e-10,73.51848111453,-2.0047690836181657e-10,0
0.4017159044742584,-4.968498390489628e-10,73.53855111483426,-1.9959248248144383e-10,0
0.40131768584251404,-4.964656463712913e-10,73.5586661151392,-1.9924044430203456e-10,0
0.4021224081516266,-4.977237511027965e-10,73.57878111544414,-2.0014587338771735e-10,0
0.40253013372421265,-4.983052859230952e-10,73.59889611574908,-2.0058289337810553e-10,0
0.40229716897010803,-4.977588341503747e-10,73.61901111605403,-2.0024696980855727e-10,0
0.40146252512931824,-4.965008959523232e-10,73.63912611635897,-1.9932650341798856e-10,0
0.40130189061164856,-4.965091116027054e-10,73.65919611666322,-1.9925004519207568e-10,0
0.40214961767196655,-4.978156775692355e-10,73.67931111696817,-2.0019638440557903e-10,0
0.4024151563644409,-4.981869361486702e-10,73.6994261172731,-2.0047797380898884e-10,0
0.4020480513572693,-4.974438083671373e-10,73.71954111757805,-1.9999631381374644e-10,0
0.4011567533016205,-4.961784316748208e-10,73.73965611788299,-1.9904532870896104e-10,0
0.40121155977249146,-4.964721966871366e-10,73.75977111818793,-1.9919038441652124e-10,0
0.4020419418811798,-4.977480649870358e-10,73.77984111849219,-2.0011559861498757e-10,0
0.4022691547870636,-4.979524015347181e-10,73.79995611879713,-2.0031089168955956e-10,0
0.40182504057884216,-4.971159039968143e-10,73.82007111910207,-1.997536182959077e-10,0
0.4010027050971985,-4.960367672168786e-10,73.84018611940701,-1.9891208548163767e-10,0
0.40128087997436523,-4.965973188220119e-10,73.86030111971195,-1.9927500908980733e-10,0
0.40205273032188416,-4.977307455078517e-10,73.8803711200162,-2.0011400519657864e-10,0
0.40213772654533386,-4.977297463071295e-10,73.90048612032115,-2.0015590861393485e-10,0
0.401577889919281,-4.967630196084372e-10,73.92060112062609,-1.994890452042866e-10,0
0.4007869362831116,-4.957906307723192e-10,73.94071612093103,-1.987064079451092e-10,0
0.40124720335006714,-4.966067002065699e-10,73.96083112123597,-1.992620496227914e-10,0
0.40195611119270325,-4.976696832414973e-10,73.98094612154091,-2.000413705342567e-10,0
0.40193480253219604,-4.974374245847457e-10,74.00101612184517,-1.9993741302259393e-10,0
0.40131425857543945,-4.963930377854808e-10,74.02113112215011,-1.9920960392089034e-10,0
0.40064364671707153,-4.956529076061145e-10,74.04124612245505,-1.9858018840923342e-10,0
0.401273250579834,-4.967701250357948e-10,74.06136112275999,-1.9934056286406393e-10,0
0.40185877680778503,-4.976008494139705e-10,74.08147612306493,-1.9996526868401304e-10,0
0.4017326831817627,-4.972318112805851e-10,74.10159112336987,-1.9975426970907733e-10,0
0.4009854197502136,-4.960680199950218e-10,74.12166112367413,-1.9891604322236119e-10,0
0.4004964828491211,-4.955760246616592e-10,74.14177612397907,-1.984764548613438e-10,0
0.4012594521045685,-4.967740663275322e-10,74.16189112428401,-1.9933528967434413e-10,0
0.4017476439476013,-4.974519129952171e-10,74.18200612458895,-1.9985013402305562e-10,0
0.4015115797519684,-4.969654132658263e-10,74.20212112489389,-1.9953736816245175e-10,0
0.40071073174476624,-4.957604327060494e-10,74.22223612519883,-1.98656525759743e-10,0
0.4004431366920471,-4.955595933608947e-10,74.24230612550309,-1.9844343798327205e-10,0
0.40127092599868774,-4.968188638265758e-10,74.26242112580803,-1.9935896554130602e-10,0
0.4016181230545044,-4.972815492720883e-10,74.28253612611297,-1.9971728244829217e-10,0
0.4013019800186157,-4.966375088955033e-10,74.30265112641791,-1.9930161567127835e-10,0
0.40040913224220276,-4.953565335696908e-10,74.32276612672285,-1.9834527975714547e-10,0
0.40035125613212585,-4.954781029908872e-10,74.3428811270278,-1.9836528091836453e-10,0
0.4011889696121216,-4.967676825451406e-10,74.36295112733205,-1.9929771469688647e-10,0
0.40143802762031555,-4.970395206527201e-10,74.383066127637,-1.9953056482017504e-10,0
0.4010275900363922,-4.962270039321481e-10,74.40318112794193,-1.990007194978887e-10,0
0.40014970302581787,-4.950720944307818e-10,74.42329612824688,-1.98102951562847e-10,0
0.4003068208694458,-4.954874843754453e-10,74.44341112855182,-1.9834701965093371e-10,0
0.401107519865036,-4.967276034939516e-10,74.46348112885607,-1.9924117708596193e-10,0
0.4012644290924072,-4.968551126083298e-10,74.48359612916101,-1.9937028310242517e-10,0
0.4007551670074463,-4.959536670234854e-10,74.50371112946596,-1.987559946559523e-10,0
0.3999297618865967,-4.948591536546587e-10,74.5238261297709,-1.9790890348851042e-10,0
0.40027692914009094,-4.955302279618934e-10,74.54394113007584,-1.983493179446759e-10,0
0.401040256023407,-4.966305144904481e-10,74.56405613038078,-1.9916882868028566e-10,0
0.40106990933418274,-4.965621247521312e-10,74.58412613068504,-1.9915612635312641e-10,0
0.40047118067741394,-4.955468813072628e-10,74.60424113098998,-1.9845224463812983e-10,0
0.39974579215049744,-4.94645102655511e-10,74.62435613129492,-1.9773229839439136e-10,0
0.40027230978012085,-4.955504895320928e-10,74.64447113159986,-1.9835513905768038e-10,0
0.40094253420829773,-4.965215461005812e-10,74.6645861319048,-1.9907660698258915e-10,0
0.400886595249176,-4.962050770274118e-10,74.68470113220974,-1.9892196387487424e-10,0
0.4001908004283905,-4.950891363542098e-10,74.704771132514,-1.981301177609918e-10,0
0.3996116816997528,-4.944464282452543e-10,74.72488613281894,-1.9758656870152223e-10,0
0.40032097697257996,-4.956043353487871e-10,74.74500113312388,-1.984008117186726e-10,0
0.4008525013923645,-4.963358057885614e-10,74.76511613342882,-1.9895744928093967e-10,0
0.4006827175617218,-4.959538335569391e-10,74.78523113373376,-1.9872012981474822e-10,0
0.3998803198337555,-4.947383058784283e-10,74.8053461340387,-1.9783611198867625e-10,0
0.3994971811771393,-4.943550568903277e-10,74.82541613434296,-1.9749345172835023e-10,0
0.40030795335769653,-4.956015042800743e-10,74.8455311346479,-1.9839322385935223e-10,0
0.4006938636302948,-4.96165275531979e-10,74.86564613495284,-1.9881038125209843e-10,0
0.4004554748535156,-4.955945653861704e-10,74.88576113525778,-1.9846355701654057e-10,0
0.399586021900177,-4.943199738427495e-10,74.90587613556272,-1.9752335189362383e-10,0
0.3994280695915222,-4.942736775426226e-10,74.92594613586698,-1.9742678087075229e-10,0
0.4002569913864136,-4.955817978213872e-10,74.94606113617192,-1.9836007938185834e-10,0
0.40056663751602173,-4.959725963260553e-10,74.96617613647686,-1.9867007521041916e-10,0
0.40019491314888,-4.952484533582435e-10,74.9862911367818,-1.9819591177881942e-10,0
0.39928752183914185,-4.940010622789259e-10,75.00640613708674,-1.972484599432559e-10,0
0.39935609698295593,-4.942348197367608e-10,75.02652113739168,-1.9737568860314757e-10,0
0.400147408246994,-4.954539001289504e-10,75.04659113769594,-1.9825459404246452e-10,0
0.4003508985042572,-4.956421939539268e-10,75.06670613800088,-1.9843079768607593e-10,0
0.39989566802978516,-4.947978138325482e-10,75.08682113830582,-1.9786750230224412e-10,0
0.39905449748039246,-4.937115716252549e-10,75.10693613861076,-1.970178231151709e-10,0
0.39928558468818665,-4.942889986203625e-10,75.1270511389157,-1.973624718190697e-10,0
0.40012556314468384,-4.95455731996941e-10,75.14716613922064,-1.9824450377853758e-10,0
0.4002372622489929,-4.954685550728755e-10,75.1672361395249,-1.9830497801283205e-10,0
0.3996879458427429,-4.945434062264553e-10,75.18735113982984,-1.9766303816472508e-10,0
0.3989276885986328,-4.93571405968396e-10,75.20746614013478,-1.9689930014134965e-10,0
0.3993917405605316,-4.943646048083394e-10,75.22758114043972,-1.9744513998592204e-10,0
0.4001002609729767,-4.954461840789293e-10,75.24769614074467,-1.9822814754804504e-10,0
0.40009719133377075,-4.95289143032096e-10,75.2678111410496,-1.9816379502525188e-10,0
0.3994503617286682,-4.942243836403293e-10,75.28788114135386,-1.9741810882025762e-10,0
0.3987824320793152,-4.934241348841795e-10,75.3079961416588,-1.9676887655574515e-10,0
0.3993610739707947,-4.944663012373951e-10,75.32811114196375,-1.974705931045326e-10,0
0.39996615052223206,-4.953444876498736e-10,75.34822614226869,-1.9812102790772726e-10,0
0.3998251259326935,-4.950114762536373e-10,75.36834114257363,-1.9791802583123904e-10,0
0.39906206727027893,-4.938122133424372e-10,75.38841114287789,-1.97061722699745e-10,0
0.3985249102115631,-4.932410035962675e-10,75.40852614318283,-1.965688266708638e-10,0
0.39926525950431824,-4.944831766273694e-10,75.42864114348777,-1.9742995383664628e-10,0
0.3997557759284973,-4.951353216320342e-10,75.4487561437927,-1.9793320468861992e-10,0
0.399566113948822,-4.94682794727197e-10,75.46887114409765,-1.9765848192648893e-10,0
0.39876750111579895,-4.934337383133425e-10,75.48898614440259,-1.9676533879343864e-10,0
0.39848288893699646,-4.932358965703543e-10,75.50905614470685,-1.9654606499278435e-10,0
0.3993028402328491,-4.945897580377334e-10,75.52917114501179,-1.9749109513454457e-10,0
0.39970558881759644,-4.951276055820131e-10,75.54928614531673,-1.9790527112900518e-10,0
0.39943310618400574,-4.945537313005843e-10,75.56940114562167,-1.9754113306828254e-10,0
0.39856287837028503,-4.932824704262373e-10,75.58951614592661,-1.9660408126268614e-10,0
0.39846861362457275,-4.933275454810371e-10,75.60963114623155,-1.965755431106422e-10,0
0.39927980303764343,-4.946077991618836e-10,75.62970114653581,-1.9748690463023917e-10,0
0.3995572626590729,-4.949045617763659e-10,75.64981614684075,-1.9774271198085278e-10,0
0.3991602957248688,-4.941803632974029e-10,75.66993114714569,-1.9725717995521443e-10,0
0.39825594425201416,-4.930655883583768e-10,75.69004614745063,-1.9636630146984026e-10,0
0.39838162064552307,-4.934723185634482e-10,75.71016114775557,-1.9659030201301033e-10,0
0.3991953134536743,-4.946910658887305e-10,75.73023114805983,-1.97478355110184e-10,0
0.3993518650531769,-4.947816600875399e-10,75.75034614836477,-1.9759197875006606e-10,0
0.39887404441833496,-4.938228159723224e-10,75.77046114866971,-1.9697310383293136e-10,0
0.39801567792892456,-4.926918872882879e-10,75.79057614897465,-1.9609909552912922e-10,0
0.39834290742874146,-4.93361129727532e-10,75.81069114927959,-1.9652690682799358e-10,0
0.3991173505783081,-4.945231446562559e-10,75.83080614958453,-1.9737276729485826e-10,0
0.399138480424881,-4.945009401957634e-10,75.85087614988879,-1.9737435383841195e-10,0
0.39857783913612366,-4.935468145284005e-10,75.87099115019373,-1.967168228472471e-10,0
0.3978416919708252,-4.926287155981868e-10,75.89110615049867,-1.9598824172699707e-10,0
0.3983459770679474,-4.935205577538682e-10,75.91122115080361,-1.9659192878158297e-10,0
0.39904993772506714,-4.944886167201901e-10,75.93133615110855,-1.9732565170794644e-10,0
0.39898666739463806,-4.942591891321513e-10,75.9514511514135,-1.9720282670101315e-10,0
0.3982885479927063,-4.931417496578661e-10,75.97152115171775,-1.9641271142581414e-10,0
0.39767229557037354,-4.924622376556442e-10,75.99163615202269,-1.958385885302429e-10,0
0.39831802248954773,-4.935509778647429e-10,76.01175115232763,-1.9659024950086693e-10,0
0.3989012539386749,-4.943216391772864e-10,76.03186615263257,-1.9718552171684078e-10,0
0.3987552523612976,-4.939509357093641e-10,76.05198115293751,-1.9696553002288657e-10,0
0.3979570269584656,-4.927686592104408e-10,76.07209615324246,-1.9610075059769632e-10,0
0.39754003286361694,-4.923999541439628e-10,76.09216615354671,-1.9574869395243443e-10,0
0.3983103334903717,-4.936034914138077e-10,76.11228115385165,-1.9660737127704556e-10,0
0.3987521529197693,-4.941850817452575e-10,76.1323961541566,-1.9705736528675362e-10,0
0.3985119163990021,-4.936423492196695e-10,76.15251115446154,-1.9672235860323594e-10,0
0.3976347744464874,-4.924030072572805e-10,76.17262615476648,-1.9579655872752083e-10,0
0.39743366837501526,-4.923259022682203e-10,76.19269615507073,-1.9566688937449802e-10,0
0.39826706051826477,-4.935616360057793e-10,76.21281115537568,-1.9656934195660747e-10,0
0.3985816538333893,-4.939971209871885e-10,76.23292615568062,-1.968981894720065e-10,0
0.3982808589935303,-4.933596309264487e-10,76.25304115598556,-1.9649569759811707e-10,0
0.3973657786846161,-4.921082430442425e-10,76.2731561562905,-1.9554697519439373e-10,0
0.39737075567245483,-4.923237928444735e-10,76.29327115659544,-1.9563507759813754e-10,0
0.39820945262908936,-4.935507003089867e-10,76.3133411568997,-1.9653655421474533e-10,0
0.39842489361763,-4.93808327561851e-10,76.33345615720464,-1.9674553037633028e-10,0
0.39798885583877563,-4.929612829052132e-10,76.35357115750958,-1.961930969562608e-10,0
0.3971109390258789,-4.918028206901681e-10,76.37368615781452,-1.953002799398486e-10,0
0.3973427712917328,-4.923471075279906e-10,76.39380115811946,-1.9563056414264054e-10,0
0.39814212918281555,-4.935457043053759e-10,76.4139161584244,-1.9650133756117467e-10,0
0.39822980761528015,-4.935828412655496e-10,76.43398615872866,-1.965593999193832e-10,0
0.39772942662239075,-4.926401508953404e-10,76.4541011590336,-1.959374847467718e-10,0
0.3969174325466156,-4.916598794757476e-10,76.47421615933854,-1.9514837704769222e-10,0
0.3973182439804077,-4.92410334729243e-10,76.49433115964348,-1.956436095124276e-10,0
0.3980639576911926,-4.934960218250239e-10,76.51444615994842,-1.964429795525282e-10,0
0.3980635702610016,-4.933725650246856e-10,76.53456116025336,-1.9639364470255452e-10,0
0.39743977785110474,-4.923399465894818e-10,76.55463116055762,-1.956754789997484e-10,0
0.3967576324939728,-4.91523877155231e-10,76.57474616086256,-1.9501584981436778e-10,0
0.39730754494667053,-4.924896601643525e-10,76.5948611611675,-1.9566985779151897e-10,0
0.39794859290122986,-4.933840003218393e-10,76.61497616147244,-1.9634146868805588e-10,0
0.39782407879829407,-4.930751917875398e-10,76.63509116177738,-1.9615718395117019e-10,0
0.39710527658462524,-4.919153973048651e-10,76.65516116208164,-1.9534219990298427e-10,0
0.3965756297111511,-4.913069950873705e-10,76.67527616238658,-1.948403809582674e-10,0
0.39731135964393616,-4.924798902017358e-10,76.69539116269152,-1.9566785477334803e-10,0
0.3978053033351898,-4.931757779935708e-10,76.71550616299646,-1.9618793996230067e-10,0
0.39762750267982483,-4.927230290441287e-10,76.7356211633014,-1.9592022755165568e-10,0
0.3968265950679779,-4.914737505856692e-10,76.75573616360634,-1.9502985501019973e-10,0
0.3964969217777252,-4.911869799784085e-10,76.7758061639106,-1.9475412557873614e-10,0
0.3972868025302887,-4.924193275357425e-10,76.79592116421554,-1.9563170014079007e-10,0
0.39767539501190186,-4.92933138751539e-10,76.81603616452048,-1.960273806674749e-10,0
0.3974159359931946,-4.923464969053271e-10,76.83615116482542,-1.9566634390060103e-10,0
0.39653193950653076,-4.910546413938732e-10,76.85626616513036,-1.947188493555965e-10,0
0.39644110202789307,-4.911077655656015e-10,76.8763811654353,-1.9469530379528323e-10,0
0.39726120233535767,-4.923204066642484e-10,76.89645116573956,-1.9557979668567154e-10,0
0.3975171148777008,-4.926720142961472e-10,76.9165661660445,-1.9584555770398978e-10,0
0.39717838168144226,-4.919363805200305e-10,76.93668116634944,-1.953864955051719e-10,0
0.39629778265953064,-4.907081407878877e-10,76.95679616665439,-1.944665481272207e-10,0
0.39638322591781616,-4.910388762269235e-10,76.97691116695933,-1.946395738098872e-10,0
0.39722397923469543,-4.922801055684545e-10,76.99702616726427,-1.9554546243197744e-10,0
0.3973729610443115,-4.92430984877501e-10,77.01709616756852,-1.9567875857073917e-10,0
0.39690056443214417,-4.91567786475855e-10,77.03721116787347,-1.9510353190892656e-10,0
0.39608243107795715,-4.904706640829204e-10,77.0573261681784,-1.942668130023832e-10,0
0.39635756611824036,-4.911128170803636e-10,77.07744116848335,-1.946562808674455e-10,0
0.39714160561561584,-4.922682816932422e-10,77.09755616878829,-1.9550021578529449e-10,0
0.3971824645996094,-4.922088847614248e-10,77.11762616909255,-1.954967379473678e-10,0
0.39662542939186096,-4.912552031832718e-10,77.13774116939749,-1.9484430590355106e-10,0
0.395875483751297,-4.903056849414611e-10,77.15785616970243,-1.9410000021221193e-10,0
0.39635103940963745,-4.911840933985445e-10,77.17797117000737,-1.9468132595999356e-10,0
0.39705076813697815,-4.922179885902267e-10,77.19808617031231,-1.9543553046058786e-10,0
0.3970032334327698,-4.919893381583051e-10,77.21820117061725,-1.9532135806329552e-10,0
0.3963336944580078,-4.908878303844233e-10,77.23827117092151,-1.9455538738073439e-10,0
0.39569729566574097,-4.901552497216244e-10,77.25838617122645,-1.939531067712127e-10,0
0.39633533358573914,-4.911783202388165e-10,77.27850117153139,-1.9467132340193433e-10,0
0.3969128131866455,-4.919994411878292e-10,77.29861617183633,-1.9528088228811885e-10,0
0.39681240916252136,-4.91670537616784e-10,77.31873117214127,-1.9510097054594816e-10,0
0.39626750349998474,-4.907614314930697e-10,77.33884617244621,-1.9447280727183753e-10,0
0.3958970308303833,-4.903795702837499e-10,77.35891617275047,-1.9413981585521585e-10,0
0.39663347601890564,-4.915688966988796e-10,77.37903117305541,-1.9497268020045496e-10,0
0.3970925509929657,-4.921759666487446e-10,77.39914617336035,-1.9543941013397881e-10,0
0.3968350291252136,-4.91648444178594e-10,77.41926117366529,-1.951033246649783e-10,0
0.39596208930015564,-4.903796813060524e-10,77.43937617397023,-1.9417176316028897e-10,0
0.395673543214798,-4.901973271742577e-10,77.45949117427517,-1.939581133174621e-10,0
0.3964969217777252,-4.914370577147054e-10,77.47956117457943,-1.9485328063138297e-10,0
0.3968561291694641,-4.91922336198769e-10,77.49967617488437,-1.9522239419584323e-10,0
0.39654189348220825,-4.912852347160879e-10,77.51979117518931,-1.948151772141686e-10,0
0.3956272006034851,-4.900287953191196e-10,77.53990617549425,-1.9386872050720147e-10,0
0.3956306278705597,-4.902006578433316e-10,77.56002117579919,-1.9393839404511866e-10,0
0.39646273851394653,-4.914831319702273e-10,77.58009117610345,-1.948547484343277e-10,0
0.39667484164237976,-4.916735907301018e-10,77.60020617640839,-1.9503454374260335e-10,0
0.3962479829788208,-4.908800033120997e-10,77.62032117671333,-1.9451021119705638e-10,0
0.3953842520713806,-4.897346417287451e-10,77.64043617701827,-1.9363336503336545e-10,0
0.395527184009552,-4.901488659392328e-10,77.66055117732321,-1.9386720069042016e-10,0
0.39631274342536926,-4.913253692784281e-10,77.68066617762815,-1.9471850501321647e-10,0
0.3964250981807709,-4.914197382355212e-10,77.70073617793241,-1.9481111797798522e-10,0
0.3958919942378998,-4.904556205609367e-10,77.72085117823735,-1.9416745370905592e-10,0
0.39507538080215454,-4.894052385573389e-10,77.7409661785423,-1.9335196098960994e-10,0
0.395424485206604,-4.900864158940976e-10,77.76108117884723,-1.9379216871167318e-10,0
0.3961663246154785,-4.911876461122233e-10,77.78119617915218,-1.9459200445680785e-10,0
0.3961717188358307,-4.910719053619061e-10,77.80131117945712,-1.9454880081921274e-10,0
0.39554983377456665,-4.900648220562687e-10,77.82138117976137,-1.9384505890311966e-10,0
0.39479950070381165,-4.891849703092532e-10,77.84149618006631,-1.931299820299021e-10,0
0.3953305780887604,-4.901092864884049e-10,77.86161118037126,-1.9375518755413099e-10,0
0.3959985077381134,-4.911147044595054e-10,77.8817261806762,-1.9448069009420874e-10,0
0.39590805768966675,-4.908364825695344e-10,77.90184118098114,-1.9432611845733233e-10,0
0.39517655968666077,-4.896918981422971e-10,77.92195618128608,-1.9351475961430367e-10,0
0.3946223556995392,-4.89058904484807e-10,77.94202618159034,-1.9299357696363048e-10,0
0.39531412720680237,-4.902002692652729e-10,77.96214118189528,-1.9378309160114088e-10,0
0.3958575129508972,-4.90919194184869e-10,77.98225618220022,-1.943340512698808e-10,0
0.3956800699234009,-4.905096329110847e-10,78.00237118250516,-1.940848858483597e-10,0
0.394883394241333,-4.893100924441285e-10,78.0224861828101,-1.932204301408779e-10,0
0.3944561183452606,-4.889545435204923e-10,78.04260118311504,-1.9287111128437219e-10,0
0.39525145292282104,-4.901921091260419e-10,78.0626711834193,-1.9374914334337012e-10,0
0.3956616520881653,-4.907529937980826e-10,78.08278618372424,-1.9417214029336248e-10,0
0.39541563391685486,-4.901665184853243e-10,78.10290118402918,-1.9381950463169228e-10,0
0.3945457935333252,-4.889628146820257e-10,78.12301618433412,-1.9291822172700808e-10,0
0.39437755942344666,-4.888988658358073e-10,78.14313118463906,-1.9281074151321678e-10,0
0.39520612359046936,-4.901739014684381e-10,78.16320118494332,-1.937197274845581e-10,0
0.3955290913581848,-4.90579077361275e-10,78.18331618524826,-1.9403829670804177e-10,0
0.39518383145332336,-4.89902396427766e-10,78.2034311855532,-1.936015060584895e-10,0
0.39429521560668945,-4.886510085455598e-10,78.22354618585814,-1.9267275477089774e-10,0
0.39433467388153076,-4.889037508171157e-10,78.24366118616308,-1.927917011379245e-10,0
0.39516082406044006,-4.901528072309702e-10,78.26377618646802,-1.9368918722092821e-10,0
0.39535897970199585,-4.903163985936487e-10,78.28384618677228,-1.9385099107914207e-10,0
0.39491137862205505,-4.894881167061271e-10,78.30396118707722,-1.9330442698753004e-10,0
0.3940579891204834,-4.883797255494926e-10,78.32407618738216,-1.9244993257724662e-10,0
0.3943001925945282,-4.888868754271414e-10,78.3441911876871,-1.9276818913785896e-10,0
0.395081102848053,-4.899659566959258e-10,78.36430618799204,-1.9357629052942773e-10,0
0.39516735076904297,-4.899322059159772e-10,78.38442118829698,-1.9360521186824995e-10,0
0.39461660385131836,-4.890011173763753e-10,78.40449118860124,-1.9296796021856512e-10,0
0.39383572340011597,-4.880023052322713e-10,78.42460618890618,-1.9219274090207576e-10,0
0.39426910877227783,-4.88812379462189e-10,78.44472118921112,-1.9272362120741375e-10,0
0.3949803411960602,-4.898700889377494e-10,78.46483618951606,-1.934890548703766e-10,0
0.3949715495109558,-4.896665295461844e-10,78.484951189821,-1.9340434791850868e-10,0
0.39432698488235474,-4.886478444099396e-10,78.50506619012594,-1.9268703115543347e-10,0
0.39365795254707336,-4.878936699093117e-10,78.5251361904302,-1.920632231571773e-10,0
0.39429059624671936,-4.888969784566655e-10,78.54525119073514,-1.9276748113889814e-10,0
0.3949316740036011,-4.897926508817818e-10,78.56536619104008,-1.9343463152740345e-10,0
0.39481520652770996,-4.894620819761997e-10,78.58548119134502,-1.9324707298291618e-10,0
0.3940679728984833,-4.883141113687373e-10,78.60559619164997,-1.924289520048025e-10,0
0.3935481309890747,-4.878058512680639e-10,78.62566619195422,-1.919750810520811e-10,0
0.39424535632133484,-4.889463278701101e-10,78.64578119225916,-1.9276481925315975e-10,0
0.39474010467529297,-4.896379968144515e-10,78.6658961925641,-1.9327975411553736e-10,0
0.39454734325408936,-4.891594351796869e-10,78.68601119286905,-1.9299655557781638e-10,0
0.39372074604034424,-4.878812909225871e-10,78.70612619317399,-1.9208898584116724e-10,0
0.3934142291545868,-4.876223869132446e-10,78.72624119347893,-1.9183758546599378e-10,0
0.3942313492298126,-4.888896509847029e-10,78.74631119378319,-1.9273562673219163e-10,0
0.39458030462265015,-4.893624394597396e-10,78.76642619408813,-1.9309278043290723e-10,0
0.3943166434764862,-4.887932281150142e-10,78.78654119439307,-1.9273930506434887e-10,0
0.3934195935726166,-4.875527759296006e-10,78.80665619469801,-1.9181281495142445e-10,0
0.3933364152908325,-4.876304360301731e-10,78.82677119500295,-1.918028076948139e-10,0
0.39414921402931213,-4.888928706314744e-10,78.84688619530789,-1.926967407039298e-10,0
0.39438730478286743,-4.892030669445546e-10,78.86695619561215,-1.9293547906377556e-10,0
0.39402273297309875,-4.884572191166114e-10,78.88707119591709,-1.9246324841676698e-10,0
0.39315977692604065,-4.872419134827055e-10,78.90718619622203,-1.915639220138777e-10,0
0.39325401186943054,-4.875642112267542e-10,78.92730119652697,-1.9173658210887553e-10,0
0.3940526247024536,-4.888318638762712e-10,78.94741619683191,-1.9262547899863719e-10,0
0.39420753717422485,-4.889282312348087e-10,78.96748619713617,-1.9273919389002384e-10,0
0.393726110458374,-4.880340020996243e-10,78.98760119744111,-1.9215172941811903e-10,0
0.39288580417633057,-4.869492586934143e-10,79.00771619774605,-1.9131545109483011e-10,0
0.39320269227027893,-4.875542747306838e-10,79.02783119805099,-1.917076534519881e-10,0
0.3939671516418457,-4.887078519644206e-10,79.04794619835593,-1.9253484042342756e-10,0
0.39404037594795227,-4.886469007203686e-10,79.06806119866087,-1.9254660846565577e-10,0
0.3934786319732666,-4.876841708245649e-10,79.08813119896513,-1.9189330037106667e-10,0
0.39273980259895325,-4.86799878185451e-10,79.10824619927007,-1.9118568806374852e-10,0
0.39320001006126404,-4.876115067276032e-10,79.12836119957501,-1.917288493512817e-10,0
0.3938717544078827,-4.885949422828162e-10,79.14847619987995,-1.92443747111751e-10,0
0.3938092887401581,-4.883818349732394e-10,79.16859120018489,-1.9232930306442467e-10,0
0.39314788579940796,-4.872717229709167e-10,79.18870620048983,-1.915698476958507e-10,0
0.39252883195877075,-4.865481351146173e-10,79.20877620079409,-1.9098417116825888e-10,0
0.3931436836719513,-4.876259396269234e-10,79.22889120109903,-1.9170705815892517e-10,0
0.39371156692504883,-4.884343485223042e-10,79.24900620140397,-1.9230225269673178e-10,0
0.3935893476009369,-4.880114645722244e-10,79.26912120170891,-1.9207611396275954e-10,0
0.39280492067337036,-4.868766501076038e-10,79.28923620201385,-1.9124754392323362e-10,0
0.39238953590393066,-4.864661451442487e-10,79.3093512023188,-1.9088422492612592e-10,0
0.39313143491744995,-4.876819503785157e-10,79.32942120262305,-1.917231049356465e-10,0
0.3935866355895996,-4.88333984360878e-10,79.349536202928,-1.9220172994866214e-10,0
0.3933793306350708,-4.878345505332504e-10,79.36965120323293,-1.9190402894943067e-10,0
0.39254358410835266,-4.866230196576282e-10,79.38976620353787,-1.9102074424603473e-10,0
0.3923167586326599,-4.864805780435688e-10,79.40988120384282,-1.9085448351579566e-10,0
0.39311182498931885,-4.877562242988631e-10,79.42995120414707,-1.9174273948402563e-10,0
0.39346057176589966,-4.881713366877705e-10,79.45006620445201,-1.9207617325289367e-10,0
0.3931536376476288,-4.875368442291972e-10,79.47018120475695,-1.9167688379595423e-10,0
0.39226233959198,-4.862896196833333e-10,79.4902962050619,-1.9075310393627847e-10,0
0.39224547147750854,-4.86423012979742e-10,79.51041120536684,-1.9079722406374916e-10,0
0.39307352900505066,-4.87730023035482e-10,79.53052620567178,-1.9171376135627155e-10,0
0.3933061957359314,-4.879444626126883e-10,79.55059620597603,-1.9191158032060985e-10,0
0.3928861618041992,-4.872068304351274e-10,79.57071120628098,-1.914168216144465e-10,0
0.39202433824539185,-4.860640778758807e-10,79.59082620658592,-1.9054894847414873e-10,0
0.39218223094940186,-4.864975089446943e-10,79.61094120689086,-1.907956784092568e-10,0
0.3930061161518097,-4.876842818468674e-10,79.6310562071958,-1.9166290551692187e-10,0
0.39310842752456665,-4.877732107111399e-10,79.65117120750074,-1.917477598512653e-10,0
0.3926060199737549,-4.8691028986525e-10,79.671241207805,-1.911639109882631e-10,0
0.3918139934539795,-4.858601854174083e-10,79.69135620810994,-1.9036681950868567e-10,0
0.3921741843223572,-4.865460812020217e-10,79.71147120841488,-1.9081081253064222e-10,0
0.3928980529308319,-4.876000714304496e-10,79.73158620871982,-1.915771186739582e-10,0
0.3929171860218048,-4.875161940809392e-10,79.75170120902476,-1.9155349111834267e-10,0
0.392302542924881,-4.865145508681223e-10,79.7718162093297,-1.9086089547552076e-10,0
0.39157870411872864,-4.856352542326192e-10,79.79188620963396,-1.9016442352677836e-10,0
0.3921140134334564,-4.865132186004928e-10,79.8120012099389,-1.9076865073386775e-10,0
0.3927696645259857,-4.874536885246528e-10,79.83211621024384,-1.914570217137822e-10,0
0.392709881067276,-4.871719139210029e-10,79.85223121054878,-1.9131722437523427e-10,0
0.39201441407203674,-4.860866154032806e-10,79.87234621085372,-1.905529597255765e-10,0
0.3914753794670105,-4.854622814853826e-10,79.89241621115798,-1.9004653086141083e-10,0
0.3921661376953125,-4.866062552899564e-10,79.91253121146292,-1.9083049571544142e-10,0
0.39270415902137756,-4.873784709147344e-10,79.93264621176786,-1.913955525456957e-10,0
0.39252519607543945,-4.869422642883592e-10,79.9527612120728,-1.9113710776720665e-10,0
0.39174118638038635,-4.857323987472739e-10,79.97287621237774,-1.9028138614864797e-10,0
0.39135414361953735,-4.853896173884209e-10,79.99299121268268,-1.8995923803486036e-10,0
0.39210984110832214,-4.866241298806528e-10,80.01306121298694,-1.908101102469783e-10,0
0.39250871539115906,-4.871965053609983e-10,80.03317621329188,-1.912288744623074e-10,0
0.3922726809978485,-4.867130587449253e-10,80.05329121359682,-1.909242364305352e-10,0
0.39142733812332153,-4.854416313371246e-10,80.07340621390176,-1.9001512556853347e-10,0
0.39123842120170593,-4.853299984119985e-10,80.0935212142067,-1.8987974234053675e-10,0
0.392073392868042,-4.866295699734735e-10,80.11363621451164,-1.90794506569416e-10,0
0.3923736810684204,-4.869764591575176e-10,80.1337062148159,-1.9107674587330048e-10,0
0.3920607566833496,-4.862972802222032e-10,80.15382121512084,-1.906580796569719e-10,0
0.39116254448890686,-4.85097739755247e-10,80.17393621542578,-1.8975206620847995e-10,0
0.3911828398704529,-4.852977464331332e-10,80.19405121573072,-1.8984015063244398e-10,0
0.39200901985168457,-4.865447489343921e-10,80.21416621603566,-1.9072993014375502e-10,0
0.3921891152858734,-4.867126701668667e-10,80.2342812163406,-1.9088341151116857e-10,0
0.3917507529258728,-4.858735080937038e-10,80.25435121664486,-1.903413126224436e-10,0
0.3909168839454651,-4.84811857326406e-10,80.2744662169498,-1.8952114056585202e-10,0
0.39115792512893677,-4.853208390720454e-10,80.29458121725474,-1.898370924332559e-10,0
0.39192816615104675,-4.864633695866871e-10,80.31469621755969,-1.9065869634176917e-10,0
0.3920285701751709,-4.864428859718828e-10,80.33481121786463,-1.906995090594409e-10,0
0.3914918899536133,-4.85502693603479e-10,80.35488121816888,-1.9007036709639602e-10,0
0.39072951674461365,-4.845328582803177e-10,80.37499621847383,-1.893212895627549e-10,0
0.3911372423171997,-4.852810375766126e-10,80.39511121877877,-1.898114867865456e-10,0
0.3918507695198059,-4.863372482510897e-10,80.4152262190837,-1.9057162497333438e-10,0
0.391875684261322,-4.86181539471886e-10,80.43534121938865,-1.9052272345576828e-10,0
0.391231507062912,-4.851348767154207e-10,80.45545621969359,-1.8980004894615403e-10,0
0.39057669043540955,-4.843256351527714e-10,80.47552621999785,-1.891663036709971e-10,0
0.39115333557128906,-4.852881430039702e-10,80.49564122030279,-1.8982207584919966e-10,0
0.391772598028183,-4.862156788298932e-10,80.51575622060773,-1.9048597969722389e-10,0
0.3916706442832947,-4.858959901099524e-10,80.53587122091267,-1.9031119550103445e-10,0
0.3909218907356262,-4.847450219003235e-10,80.55598622121761,-1.8949744048595702e-10,0
0.3904244899749756,-4.842133360938305e-10,80.57610122152255,-1.8904874478351523e-10,0
0.39114275574684143,-4.853977775276519e-10,80.59617122182681,-1.8985982433555802e-10,0
0.39166221022605896,-4.860449820398571e-10,80.61628622213175,-1.9036545193501558e-10,0
0.39149630069732666,-4.85644802150631e-10,80.63640122243669,-1.9012814349485714e-10,0
0.3906923532485962,-4.844611933840781e-10,80.65651622274163,-1.8927528370084872e-10,0
0.3903409540653229,-4.841874678973568e-10,80.67663122304657,-1.8899819816552714e-10,0
0.3911491334438324,-4.854291968392488e-10,80.69674622335151,-1.898752096920077e-10,0
0.3915095627307892,-4.858924929074249e-10,80.71681622365577,-1.90231557432359e-10,0
0.3912273049354553,-4.853181745367863e-10,80.73693122396071,-1.898697214602218e-10,0
0.39034056663513184,-4.840726708366105e-10,80.75704622426565,-1.8895320062694422e-10,0
0.39021065831184387,-4.84120299404367e-10,80.77716122457059,-1.88908900732705e-10,0
0.39103570580482483,-4.853894508549672e-10,80.79727622487553,-1.8980460650528844e-10,0
0.391318678855896,-4.856602342506733e-10,80.81734622517979,-1.9004792123981844e-10,0
0.39096710085868835,-4.849365908832226e-10,80.83746122548473,-1.8959425303790938e-10,0
0.39010298252105713,-4.836814837538839e-10,80.85757622578967,-1.8868558940260034e-10,0
0.39019840955734253,-4.840082779011823e-10,80.87769122609461,-1.8885926024962958e-10,0
0.3910261392593384,-4.852667712107461e-10,80.89780622639955,-1.897519920573827e-10,0
0.39119547605514526,-4.854112112262499e-10,80.9179212267045,-1.898906698581575e-10,0
0.39071720838546753,-4.845520096274925e-10,80.93799122700875,-1.8932280851922204e-10,0
0.38988763093948364,-4.834871392134232e-10,80.95810622731369,-1.885056552976299e-10,0
0.3901796340942383,-4.840811085315977e-10,80.97822122761863,-1.8887858979879204e-10,0
0.39095789194107056,-4.851805068817328e-10,80.99833622792357,-1.8968514818138231e-10,0
0.39100655913352966,-4.851823387497234e-10,81.01845122822851,-1.8970947682688794e-10,0
0.3904658854007721,-4.842246048575305e-10,81.03856622853345,-1.8907318906853465e-10,0
0.38969871401786804,-4.83297679654271e-10,81.05863622883771,-1.8834048424908894e-10,0
0.3901520371437073,-4.841304579450423e-10,81.07875122914265,-1.8888448441057415e-10,0
0.3908218741416931,-4.85135431826933e-10,81.0988662294476,-1.8960153867914154e-10,0
0.39080119132995605,-4.849386447958182e-10,81.11898122975254,-1.8951460010814013e-10,0
0.3901524245738983,-4.838370259996339e-10,81.13909623005748,-1.8877018879238142e-10,0
0.3895055949687958,-4.831010036454586e-10,81.15921123036242,-1.8817054385494673e-10,0
0.39014115929603577,-4.841791967358233e-10,81.17928123066667,-1.888982331215375e-10,0
0.39071494340896606,-4.849921020344539e-10,81.19939623097162,-1.8949366170018714e-10,0
0.3906164765357971,-4.846120171819734e-10,81.21951123127656,-1.8929743863852764e-10,0
0.38982632756233215,-4.834261879693713e-10,81.2396262315815,-1.884522555035577e-10,0
0.38934656977653503,-4.829348032586722e-10,81.25974123188644,-1.8802900907446984e-10,0
0.390102744102478,-4.841556600077013e-10,81.2798112321907,-1.8887045154175064e-10,0
0.3905659019947052,-4.848095813692055e-10,81.29992623249564,-1.8935009144313917e-10,0
0.3903248906135559,-4.842909961944031e-10,81.32004123280058,-1.890308301147104e-10,0
0.38951364159584045,-4.830807975864104e-10,81.34015623310552,-1.8816656065290582e-10,0
0.3892553746700287,-4.828871746909158e-10,81.36027123341046,-1.8796642810766402e-10,0
0.3900769352912903,-4.841666512156451e-10,81.3803862337154,-1.888622434764459e-10,0
0.3904077112674713,-4.845877588088854e-10,81.40045623401966,-1.8918679782481035e-10,0
0.39011332392692566,-4.840056688770744e-10,81.4205712343246,-1.8881706028511045e-10,0
0.38923314213752747,-4.827509503257943e-10,81.44068623462954,-1.8790266926518635e-10,0
0.38918253779411316,-4.828502042641958e-10,81.46080123493448,-1.8791686786994563e-10,0
0.39000681042671204,-4.841583800541116e-10,81.48091623523942,-1.888250655462679e-10,0
0.390259712934494,-4.843906387108632e-10,81.50103123554436,-1.8903815161145767e-10,0
0.38986465334892273,-4.836075429004438e-10,81.52110123584862,-1.885414870698058e-10,0
0.3889997601509094,-4.824139976378206e-10,81.54121623615356,-1.8765892937455358e-10,0
0.3891124427318573,-4.828021316072295e-10,81.5613312364585,-1.8786431678583672e-10,0
0.38993898034095764,-4.840003953177074e-10,81.58144623676344,-1.8873062063480725e-10,0
0.3900754153728485,-4.841105294417503e-10,81.60156123706838,-1.8883961585836034e-10,0
0.38955655694007874,-4.832056976766808e-10,81.62167623737332,-1.8823594788075636e-10,0
0.38876622915267944,-4.821227306273101e-10,81.64174623767758,-1.874330359747724e-10,0
0.3890882730484009,-4.827749866542774e-10,81.66186123798252,-1.8784208582827759e-10,0
0.3897995054721832,-4.838647815752495e-10,81.68197623828746,-1.886102525734382e-10,0
0.38986465334892273,-4.838420775143959e-10,81.7020912385924,-1.8863292382577256e-10,0
0.38926762342453003,-4.828590305372416e-10,81.72220623889734,-1.879613872663046e-10,0
0.38856765627861023,-4.820067123212368e-10,81.7422762392016,-1.872922185172213e-10,0
0.38907408714294434,-4.828628052955253e-10,81.76239123950654,-1.8786940518563777e-10,0
0.3897707462310791,-4.838321410183255e-10,81.78250623981148,-1.8858361465529343e-10,0
0.3896837830543518,-4.836259170915014e-10,81.80262124011642,-1.8846117695534656e-10,0
0.3890158534049988,-4.825143617992467e-10,81.82273624042136,-1.8770573623550229e-10,0
0.38842687010765076,-4.818168641840259e-10,81.8428512407263,-1.8715061652008424e-10,0
0.38909459114074707,-4.829622812785317e-10,81.86292124103056,-1.8791801137047277e-10,0
0.38962897658348083,-4.837512612709816e-10,81.8830362413355,-1.884835088499806e-10,0
0.38950711488723755,-4.833713984631061e-10,81.90315124164044,-1.8827659883437373e-10,0
0.3887326717376709,-4.821892329864852e-10,81.92326624194538,-1.8744270882197466e-10,0
0.3882943093776703,-4.818129228922885e-10,81.94338124225033,-1.8708521614369787e-10,0
0.3890836834907532,-4.83003637086199e-10,81.96349624255527,-1.8792883425692925e-10,0
0.38948479294776917,-4.835321587570718e-10,81.98356624285952,-1.8832842273708595e-10,0
0.38923123478889465,-4.829905364545084e-10,82.00368124316446,-1.8799500289553894e-10,0
0.3884046673774719,-4.818466736722371e-10,82.0237962434694,-1.871514970146065e-10,0
0.38817667961120605,-4.817480303564992e-10,82.04391124377435,-1.8700335083302434e-10,0
0.388990581035614,-4.829933675232212e-10,82.06402624407929,-1.8787987066920568e-10,0
0.38930249214172363,-4.83388662431139e-10,82.08414124438423,-1.8818441095749678e-10,0
0.38900434970855713,-4.827648281136021e-10,82.10421124468849,-1.8779761802249515e-10,0
0.38809654116630554,-4.815825516146788e-10,82.12432624499343,-1.8690052256770065e-10,0
0.3881015181541443,-4.817787835342813e-10,82.14444124529837,-1.8697907730411141e-10,0
0.38892194628715515,-4.83018514074729e-10,82.16455624560331,-1.8785650058667323e-10,0
0.38911473751068115,-4.832400590792929e-10,82.18467124590825,-1.880358287432851e-10,0
0.38869479298591614,-4.823750288096562e-10,82.2047412462125,-1.8749666196474466e-10,0
0.3878263831138611,-4.812336085180391e-10,82.22485624651745,-1.8663508982438287e-10,0
0.388038694858551,-4.817271581636362e-10,82.24497124682239,-1.8692877773173618e-10,0
0.3888338506221771,-4.829117661309112e-10,82.26508624712733,-1.8777244153543848e-10,0
0.38897255063056946,-4.830164046509822e-10,82.28520124743227,-1.8788012291349979e-10,0
0.38841766119003296,-4.821055776815797e-10,82.30531624773721,-1.8725832092974894e-10,0
0.3876301944255829,-4.810767340046596e-10,82.32538624804147,-1.864798679358506e-10,0
0.38801339268684387,-4.817877763407807e-10,82.34550124834641,-1.8694010965303666e-10,0
0.3887391984462738,-4.828603072937199e-10,82.36561624865135,-1.8770672881888212e-10,0
0.3887510597705841,-4.827387378725234e-10,82.38573124895629,-1.8766519594025768e-10,0
0.38811954855918884,-4.816988474765083e-10,82.40584624926123,-1.8695673922406395e-10,0
0.38741177320480347,-4.808799469735447e-10,82.42596124956617,-1.8629855295565283e-10,0
0.38795968890190125,-4.818058729760821e-10,82.44603124987043,-1.8692125659090977e-10,0
0.38859280943870544,-4.827354072034495e-10,82.46614625017537,-1.8758750810072594e-10,0
0.38850775361061096,-4.824389776558746e-10,82.48626125048031,-1.8743128346328359e-10,0
0.3877869248390198,-4.813120457747289e-10,82.50637625078525,-1.8664651811895963e-10,0
0.3872607946395874,-4.807296782871617e-10,82.52649125109019,-1.8616775722031946e-10,0
0.38793256878852844,-4.818817567198153e-10,82.54660625139513,-1.8693762773664666e-10,0
0.3884301781654358,-4.826416488690199e-10,82.56667625169939,-1.8747258166025312e-10,0
0.3882509768009186,-4.822582888586169e-10,82.58679125200433,-1.8723725171969755e-10,0
0.3874627351760864,-4.810321030390696e-10,82.60690625230927,-1.8638201435102295e-10,0
0.38710179924964905,-4.806831599424299e-10,82.62702125261421,-1.8607331608272146e-10,0
0.38791605830192566,-4.819464827221509e-10,82.64713625291915,-1.869547798900539e-10,0
0.38829612731933594,-4.824748933707212e-10,82.66720625322341,-1.873431326246606e-10,0
0.38804635405540466,-4.818939691730861e-10,82.68732125352835,-1.8699719777890364e-10,0
0.3872021734714508,-4.806290920811307e-10,82.7074362538333,-1.8610062908742387e-10,0
0.38702934980392456,-4.805964515242067e-10,82.72755125413823,-1.8600493215148707e-10,0
0.3878704607486725,-4.818875853906945e-10,82.74766625444317,-1.8690995977455395e-10,0
0.38814714550971985,-4.82241024890584e-10,82.76778125474812,-1.8718047725896192e-10,0
0.38780298829078674,-4.815411402958603e-10,82.78785125505237,-1.867430931916876e-10,0
0.3869427442550659,-4.802878650345122e-10,82.80796625535731,-1.8584390452886085e-10,0
0.38697418570518494,-4.805109088401593e-10,82.82808125566225,-1.85945317670879e-10,0
0.387805700302124,-4.817423682190736e-10,82.8481962559672,-1.8682243647240152e-10,0
0.38799577951431274,-4.819373233821977e-10,82.86831125627214,-1.8698964746271724e-10,0
0.3875378370285034,-4.811253617731381e-10,82.88842625657708,-1.8645428204111816e-10,0
0.38668346405029297,-4.800141395477908e-10,82.90849625688134,-1.8561353027346048e-10,0
0.38692668080329895,-4.805146280872918e-10,82.92861125718628,-1.8592393012324748e-10,0
0.3877190947532654,-4.816588794476218e-10,82.94872625749122,-1.867483447193041e-10,0
0.38779616355895996,-4.816622656278469e-10,82.96884125779616,-1.8678677874159572e-10,0
0.38724392652511597,-4.806951503510959e-10,82.9889562581011,-1.8614627748353935e-10,0
0.3864932358264923,-4.797471864215197e-10,83.00907125840604,-1.8541904245870858e-10,0
0.3869250416755676,-4.805391085049848e-10,83.0291412587103,-1.8593261458503137e-10,0
0.38763710856437683,-4.815571830185661e-10,83.04925625901524,-1.866694340337234e-10,0
0.38760799169540405,-4.813960341465418e-10,83.06937125932018,-1.865929500056732e-10,0
0.38696035742759705,-4.803492048566227e-10,83.08948625962512,-1.8587610000138075e-10,0
0.3863146901130676,-4.79559558730358e-10,83.10960125993006,-1.8526090232167772e-10,0
0.38692235946655273,-4.80581630046828e-10,83.12967126023432,-1.8594777821400063e-10,0
0.38752713799476624,-4.814527110319489e-10,83.14978626053926,-1.8657599118603236e-10,0
0.387409508228302,-4.810450371373065e-10,83.1699012608442,-1.863614212730292e-10,0
0.38669827580451965,-4.798788588722402e-10,83.19001626114914,-1.8556832732093572e-10,0
0.38619282841682434,-4.793437868855221e-10,83.21013126145408,-1.8511913284135127e-10,0
0.3869442939758301,-4.804427966575986e-10,83.23024626175902,-1.8590459874844778e-10,0
0.3874020576477051,-4.811011589112013e-10,83.25031626206328,-1.8637957889889493e-10,0
0.3872267007827759,-4.806746667362916e-10,83.27043126236822,-1.8613006535015448e-10,0
0.3864196836948395,-4.795001062873894e-10,83.29054626267316,-1.852882794032149e-10,0
0.38608208298683167,-4.791856911268155e-10,83.3106612629781,-1.8500500976772548e-10,0
0.38689061999320984,-4.804784903278403e-10,83.33077626328304,-1.858926210163396e-10,0
0.38725849986076355,-4.809986853260284e-10,83.35089126358798,-1.8627082931435722e-10,0
0.3869768977165222,-4.803997755153944e-10,83.37096126389224,-1.85903614792661e-10,0
0.3861418664455414,-4.791631535994156e-10,83.39107626419718,-1.8502495446280998e-10,0
0.38602307438850403,-4.791800289893899e-10,83.41119126450212,-1.849745479760568e-10,0
0.3868630528450012,-4.804096009891623e-10,83.43130626480706,-1.8585272485471625e-10,0
0.3871132731437683,-4.807403919393494e-10,83.451421265112,-1.8610098665605958e-10,0
0.3867473304271698,-4.800471686827734e-10,83.47153626541694,-1.856569609671839e-10,0
0.38586005568504333,-4.788626717378008e-10,83.4916062657212,-1.8477397718223646e-10,0
0.385975182056427,-4.791886332178308e-10,83.51172126602614,-1.8495491994562266e-10,0
0.38676953315734863,-4.804404096780956e-10,83.53183626633108,-1.8581971296112238e-10,0
0.38692551851272583,-4.805743025748654e-10,83.55195126663602,-1.859464612076714e-10,0
0.386457622051239,-4.796903430026589e-10,83.57206626694096,-1.8537998927775076e-10,0
0.3856434226036072,-4.785998264367208e-10,83.59213626724522,-1.8456887512454938e-10,0
0.38595256209373474,-4.792136132358848e-10,83.61225126755016,-1.8495372181858583e-10,0
0.3867078721523285,-4.803377695594691e-10,83.6323662678551,-1.8575039678073778e-10,0
0.38679102063179016,-4.803146769205568e-10,83.65248126816005,-1.8578140411053073e-10,0
0.3862108290195465,-4.793357377685936e-10,83.67259626846499,-1.851246526623045e-10,0
0.3854827582836151,-4.783890505954957e-10,83.69271126876993,-1.844107307562316e-10,0
0.38594645261764526,-4.792011232268578e-10,83.71278126907418,-1.8494597359979687e-10,0
0.38662126660346985,-4.801883890515057e-10,83.73289626937913,-1.856510431833729e-10,0
0.3865756392478943,-4.799490249673966e-10,83.75301126968407,-1.855366011331749e-10,0
0.3859088718891144,-4.788608953809614e-10,83.773126269989,-1.8479666792827805e-10,0
0.3852911591529846,-4.781234297368542e-10,83.79324127029395,-1.8421673046151314e-10,0
0.38591158390045166,-4.791629870659619e-10,83.81335627059889,-1.84914547285097e-10,0
0.38648876547813416,-4.799746711192654e-10,83.83342627090315,-1.8550481810165833e-10,0
0.3863610327243805,-4.79668527120225e-10,83.85354127120809,-1.8532522750355265e-10,0
0.3856395184993744,-4.785101204163311e-10,83.87365627151303,-1.845324124344316e-10,0
0.38515591621398926,-4.780515427960097e-10,83.89377127181797,-1.841243799631082e-10,0
0.38592344522476196,-4.792594099356506e-10,83.91388627212291,-1.849574426387528e-10,0
0.38637179136276245,-4.798850761211781e-10,83.93400127242785,-1.8541405650919522e-10,0
0.3861738443374634,-4.793968555460992e-10,83.95407127273211,-1.8513052666952874e-10,0
0.38538581132888794,-4.781742224402308e-10,83.97418627303705,-1.8428156067168847e-10,0
0.3850976228713989,-4.780058016073951e-10,83.99430127334199,-1.840788979177454e-10,0
0.385896235704422,-4.792803931508161e-10,84.01441627364693,-1.8495249956383535e-10,0
0.38627368211746216,-4.797096608832874e-10,84.03453127395187,-1.8529921705670652e-10,0
0.3859533667564392,-4.790980945301726e-10,84.05460127425613,-1.849095225905149e-10,0
0.38509419560432434,-4.779204254568015e-10,84.07471627456107,-1.8404438180416341e-10,0
0.3850221633911133,-4.780162932149778e-10,84.09483127486601,-1.8404686734983152e-10,0
0.3858613669872284,-4.793000996095031e-10,84.11494627517095,-1.8494339163243762e-10,0
0.3861142694950104,-4.79618844639873e-10,84.13506127547589,-1.8518767983416545e-10,0
0.38573339581489563,-4.788325846938335e-10,84.15517627578083,-1.84701718920776e-10,0
0.3848918676376343,-4.776559148211845e-10,84.17524627608509,-1.8384587714368847e-10,0
0.385003000497818,-4.780277285121315e-10,84.19536127639003,-1.8404210979832696e-10,0
0.38580387830734253,-4.792423125010714e-10,84.21547627669497,-1.8489354281189277e-10,0
0.3859487473964691,-4.793458407981177e-10,84.23559127699991,-1.8500292682574083e-10,0
0.38543909788131714,-4.784230234200493e-10,84.25570627730485,-1.8440293855267605e-10,0
0.3846106231212616,-4.77390071917938e-10,84.2758212776098,-1.8360929303226203e-10,0
0.38492947816848755,-4.780423279449053e-10,84.29589127791405,-1.840125838382814e-10,0
0.3856743574142456,-4.791443908302995e-10,84.31600627821899,-1.847937050421159e-10,0
0.38571614027023315,-4.792012342491603e-10,84.33612127852393,-1.8483565048731796e-10,0
0.3851175606250763,-4.78234285505863e-10,84.35623627882887,-1.8417642144129424e-10,0
0.38440176844596863,-4.773363926346974e-10,84.37635127913381,-1.8348895347239692e-10,0
0.38488805294036865,-4.782198526065429e-10,84.39646627943876,-1.8406110794716237e-10,0
0.3855455219745636,-4.791708141382856e-10,84.41653627974301,-1.847421616519219e-10,0
0.38551685214042664,-4.789344476563429e-10,84.43665128004795,-1.8463730064208723e-10,0
0.38485392928123474,-4.778097362212463e-10,84.4567662803529,-1.8388695443357696e-10,0
0.38424351811408997,-4.770630557260347e-10,84.47688128065784,-1.8330838689442972e-10,0
0.38487768173217773,-4.781577356283151e-10,84.49699628096278,-1.8403224079093344e-10,0
0.38543567061424255,-4.789275087624389e-10,84.51706628126703,-1.8459574551545918e-10,0
0.3853149116039276,-4.78572015349954e-10,84.53718128157197,-1.84400933790681e-10,0
0.3845534920692444,-4.773812456448923e-10,84.55729628187692,-1.8357862506110908e-10,0
0.3841017186641693,-4.769420969275018e-10,84.57741128218186,-1.8319427913314626e-10,0
0.38486120104789734,-4.781633977657407e-10,84.5975262824868,-1.8402653956126643e-10,0
0.3853145241737366,-4.787558682828319e-10,84.61764128279174,-1.8447158958278347e-10,0
0.3850877285003662,-4.782115259338582e-10,84.637711283096,-1.8415339026456342e-10,0
0.38427990674972534,-4.770223660521822e-10,84.65782628340094,-1.8331011034406592e-10,0
0.38402891159057617,-4.768538897081953e-10,84.67794128370588,-1.831256802523709e-10,0
0.38482099771499634,-4.780874029997051e-10,84.69805628401082,-1.8397807141731805e-10,0
0.3851279020309448,-4.785136731300099e-10,84.71817128431576,-1.8428896702568202e-10,0
0.3848079442977905,-4.778463180699077e-10,84.7382862846207,-1.8387905934674935e-10,0
0.38395166397094727,-4.766004813028246e-10,84.75835628492496,-1.8299154784557385e-10,0
0.38390013575553894,-4.76751804701081e-10,84.7784712852299,-1.830250825464432e-10,0
0.3847179114818573,-4.779832640799953e-10,84.79858628553484,-1.8388872308013684e-10,0
0.3849662244319916,-4.782277351900177e-10,84.81870128583978,-1.841015256347634e-10,0
0.3845462203025818,-4.774662332174273e-10,84.83881628614472,-1.836078353058727e-10,0
0.38367635011672974,-4.762951699710527e-10,84.85893128644966,-1.8274319239272092e-10,0
0.3838241398334503,-4.767513051007199e-10,84.87900128675392,-1.8298865959475867e-10,0
0.38460639119148254,-4.779305839974768e-10,84.89911628705886,-1.8381515715130726e-10,0
0.384790301322937,-4.780498774614728e-10,84.9192312873638,-1.8394895639579322e-10,0
0.3842986822128296,-4.771683048687692e-10,84.93934628766874,-1.833751507547977e-10,0
0.38348934054374695,-4.761051553003881e-10,84.95946128797368,-1.8258125203562406e-10,0
0.38384145498275757,-4.768092032314541e-10,84.97953128827794,-1.830191383175307e-10,0
0.38454699516296387,-4.778767381807825e-10,84.99964628858288,-1.837660637256983e-10,0
0.38456958532333374,-4.777727657945263e-10,85.01976128888782,-1.8373687442038324e-10,0
0.38398218154907227,-4.767118921833458e-10,85.03987628919276,-1.8304887233094723e-10,0
0.38327401876449585,-4.758224370071673e-10,85.0599912894977,-1.823703776500532e-10,0
0.3837932348251343,-4.767675698680307e-10,85.08010628980264,-1.8298016789936972e-10,0
0.38443097472190857,-4.777379047915531e-10,85.1001762901069,-1.836572484006191e-10,0
0.38437530398368835,-4.774992623524099e-10,85.12029129041184,-1.8353892411869452e-10,0
0.3836740553379059,-4.763672234453509e-10,85.14040629071678,-1.8276974444933613e-10,0
0.3830908536911011,-4.756689486740129e-10,85.16052129102172,-1.8222442362187614e-10,0
0.38376104831695557,-4.767818362338971e-10,85.18063629132666,-1.829702972916034e-10,0
0.38429906964302063,-4.775598250184032e-10,85.2007512916316,-1.8352579645345608e-10,0
0.3841575086116791,-4.771523731683658e-10,85.22082129193586,-1.833016669045096e-10,0
0.38338205218315125,-4.759818650335035e-10,85.2409362922408,-1.8248290421850828e-10,0
0.38298967480659485,-4.755725258043242e-10,85.26105129254574,-1.8213936700474906e-10,0
0.3837384283542633,-4.767936601091094e-10,85.28116629285068,-1.8296404977954645e-10,0
0.38414350152015686,-4.773444972627772e-10,85.30128129315563,-1.8336878660990215e-10,0
0.38393348455429077,-4.767978234454517e-10,85.32139629346057,-1.830586497833138e-10,0
0.3831152021884918,-4.755665305999912e-10,85.34146629376482,-1.8219676752489522e-10,0
0.38289156556129456,-4.7546278025834e-10,85.36158129406977,-1.8205068829924157e-10,0
0.3837246596813202,-4.767826133900144e-10,85.3816962943747,-1.8295324606505372e-10,0
0.38400667905807495,-4.77176187452244e-10,85.40181129467965,-1.8323884306912967e-10,0
0.38368478417396545,-4.765114969274009e-10,85.42192629498459,-1.8283021085500302e-10,0
0.3828248381614685,-4.75276040745598e-10,85.44199629528885,-1.8194747338045708e-10,0
0.3828214406967163,-4.754935334361221e-10,85.46211129559379,-1.820291195119885e-10,0
0.383627712726593,-4.769135641957689e-10,85.48222629589873,-1.8295725980071001e-10,0
0.38382694125175476,-4.772279793563428e-10,85.50234129620367,-1.831729555961006e-10,0
0.3834047019481659,-4.764229566411871e-10,85.52245629650861,-1.8266280169227829e-10,0
0.3825194835662842,-4.752671034502498e-10,85.54257129681355,-1.8179892696783331e-10,0
0.3827188313007355,-4.757887972495212e-10,85.5626412971178,-1.8209333242931933e-10,0
0.3835020065307617,-4.769981631902454e-10,85.58275629742275,-1.8292975269494682e-10,0
0.38360509276390076,-4.769777350865922e-10,85.60287129772769,-1.829710883142075e-10,0
0.3830900490283966,-4.760495886380056e-10,85.62298629803263,-1.823698602512816e-10,0
0.3822930157184601,-4.751327664642702e-10,85.64310129833757,-1.8163993815828066e-10,0
0.38266584277153015,-4.758015648143044e-10,85.66321629864251,-1.820730067916786e-10,0
0.38337481021881104,-4.768641037600219e-10,85.68328629894677,-1.828176852791618e-10,0
0.3833989202976227,-4.7677339853891e-10,85.70340129925171,-1.8279440622644624e-10,0
0.38278505206108093,-4.756852689524749e-10,85.72351629955665,-1.8208521044066238e-10,0
0.38210025429725647,-4.747995885345802e-10,85.74363129986159,-1.8142104351929581e-10,0
0.38265514373779297,-4.757269578270495e-10,85.76374630016653,-1.8203936742725262e-10,0
0.38327592611312866,-4.766702033087711e-10,85.78386130047147,-1.8269621362370256e-10,0
0.3831947147846222,-4.764036387605586e-10,85.80393130077573,-1.8255535647720843e-10,0
0.3824784755706787,-4.752835902621655e-10,85.82404630108067,-1.8178574306723213e-10,0
0.3819209337234497,-4.746273374323096e-10,85.84416130138561,-1.812701158828225e-10,0
0.3826129734516144,-4.757702565250099e-10,85.86427630169055,-1.8203587252887139e-10,0
0.3831295669078827,-4.765274286278043e-10,85.88439130199549,-1.8257174734989763e-10,0
0.3829554319381714,-4.760810079496025e-10,85.90446130229975,-1.8231780803690003e-10,0
0.38216808438301086,-4.748798576592606e-10,85.92457630260469,-1.8148392551371647e-10,0
0.3817868232727051,-4.745063786337766e-10,85.94469130290963,-1.8116028292122497e-10,0
0.38257312774658203,-4.757712002145809e-10,85.96480630321457,-1.820172761578375e-10,0
0.3829862177371979,-4.762981675732192e-10,85.98492130351951,-1.8241563371402529e-10,0
0.3827325701713562,-4.757618188300228e-10,86.00503630382445,-1.8208954371021375e-10,0
0.38189274072647095,-4.745312476295283e-10,86.02510630412871,-1.8122003871759221e-10,0
0.3817044198513031,-4.744720172311645e-10,86.04522130443365,-1.8110806607289913e-10,0
0.38254514336586,-4.757197968885407e-10,86.0653363047386,-1.819842979027046e-10,0
0.38281184434890747,-4.76085448841701e-10,86.08545130504353,-1.82251148738769e-10,0
0.3824688792228699,-4.753736848606138e-10,86.10556630534847,-1.818156404606847e-10,0
0.3815821707248688,-4.740917103340792e-10,86.12568130565342,-1.8090494395194363e-10,0
0.3816292881965637,-4.743586634603503e-10,86.14575130595767,-1.810291590862468e-10,0
0.38243478536605835,-4.755860150140734e-10,86.16586630626261,-1.8188063557500616e-10,0
0.38263365626335144,-4.758201610499668e-10,86.18598130656756,-1.8206480794636553e-10,0
0.382192999124527,-4.749928228520162e-10,86.2060963068725,-1.815389315284372e-10,0
0.38135990500450134,-4.738187620034751e-10,86.22621130717744,-1.8069547806699568e-10,0
0.3815840780735016,-4.743647141758345e-10,86.24632630748238,-1.810100221293859e-10,0
0.38233324885368347,-4.755298377290273e-10,86.26639630778664,-1.8181086778580393e-10,0
0.38246241211891174,-4.754858728972522e-10,86.28651130809158,-1.8185547387674936e-10,0
0.3819446861743927,-4.744650783372606e-10,86.30662630839652,-1.8121941544623365e-10,0
0.3811717927455902,-4.734645453474684e-10,86.32674130870146,-1.8047132955157032e-10,0
0.38156720995903015,-4.742153891790224e-10,86.3468563090064,-1.8094504296867523e-10,0
0.38229215145111084,-4.752462867685381e-10,86.36692630931066,-1.8168292543789601e-10,0
0.38226887583732605,-4.751068427566452e-10,86.3870413096156,-1.8161855868320398e-10,0
0.38169485330581665,-4.7406695236063e-10,86.40715630992054,-1.8094891583842624e-10,0
0.3810177445411682,-4.733081149232987e-10,86.42727131022548,-1.8033879042110732e-10,0
0.38159865140914917,-4.742951031921905e-10,86.44738631053042,-1.8099037174810313e-10,0
0.38219913840293884,-4.751625759524813e-10,86.46750131083536,-1.8160672713035936e-10,0
0.38210511207580566,-4.747955917316915e-10,86.48757131113962,-1.8142182279173645e-10,0
0.3814082145690918,-4.737013004074697e-10,86.50768631144456,-1.8067356722747002e-10,0
0.38087400794029236,-4.731002256619377e-10,86.5278013117495,-1.8019157910531895e-10,0
0.38160210847854614,-4.743183623645564e-10,86.54791631205444,-1.810008871684058e-10,0
0.3821025788784027,-4.750138060671816e-10,86.56803131235938,-1.8150400030111554e-10,0
0.38194236159324646,-4.745757675728157e-10,86.58814631266432,-1.8126058942168887e-10,0
0.3811526596546173,-4.733752834162885e-10,86.60821631296858,-1.8042824828887664e-10,0
0.38079240918159485,-4.730597025215388e-10,86.62833131327352,-1.8013754380990535e-10,0
0.3815504014492035,-4.742986559058693e-10,86.64844631357846,-1.8096884256770205e-10,0
0.381963849067688,-4.748449411451361e-10,86.6685613138834,-1.8137360143011595e-10,0
0.38168832659721375,-4.742384263067834e-10,86.68867631418834,-1.810112713451322e-10,0
0.38081732392311096,-4.730336122804601e-10,86.70879131449328,-1.8013939435432727e-10,0
0.3806837201118469,-4.730424385535059e-10,86.72886131479754,-1.800795552793284e-10,0
0.38148829340934753,-4.743168635634731e-10,86.74897631510248,-1.809463308161037e-10,0
0.3817676305770874,-4.746397164190341e-10,86.76909131540742,-1.8120207991507535e-10,0
0.38144537806510925,-4.739758030503083e-10,86.78920631571236,-1.807958793882386e-10,0
0.38056668639183044,-4.727000457727115e-10,86.8093213160173,-1.798938900769874e-10,0
0.3806211054325104,-4.729397984348793e-10,86.82939131632156,-1.800108688833124e-10,0
0.38140439987182617,-4.741542158903655e-10,86.8495063166265,-1.8084450415836118e-10,0
0.38159674406051636,-4.743662129769177e-10,86.86962131693144,-1.8101660236430927e-10,0
0.38116374611854553,-4.735283276602331e-10,86.88973631723638,-1.8049183126422454e-10,0
0.3803463876247406,-4.724113322751577e-10,86.90985131754132,-1.7967994370384728e-10,0
0.3805973529815674,-4.729625024957329e-10,86.92996631784627,-1.800082765094139e-10,0
0.3813442885875702,-4.740989822948904e-10,86.95003631815052,-1.8079493912333603e-10,0
0.38146263360977173,-4.74152883622736e-10,86.97015131845546,-1.8087160772039648e-10,0
0.3808954954147339,-4.732289560216429e-10,86.9902663187604,-1.80250777648461e-10,0
0.38013675808906555,-4.722370272602916e-10,87.01038131906535,-1.7951465259234492e-10,0
0.3805249333381653,-4.729439617712217e-10,87.03049631937029,-1.7996696952568191e-10,0
0.38123881816864014,-4.739590941937877e-10,87.05061131967523,-1.806916049307188e-10,0
0.381240576505661,-4.738333059250976e-10,87.07068131997949,-1.8064448271846747e-10,0
0.3805973529815674,-4.72836270137833e-10,87.09079632028443,-1.7996023280813658e-10,0
0.3799282908439636,-4.720422941417723e-10,87.11091132058937,-1.793422220193471e-10,0
0.3805268704891205,-4.730372205052902e-10,87.1310263208943,-1.8000337314375008e-10,0
0.3811108469963074,-4.739367787109927e-10,87.15114132119925,-1.8062244715724793e-10,0
0.38101285696029663,-4.736223080392676e-10,87.1712113215035,-1.8045618870617103e-10,0
0.3802923560142517,-4.724692859170432e-10,87.19132632180845,-1.7967645788576347e-10,0
0.3797401487827301,-4.719106216910518e-10,87.21144132211339,-1.7920340969311067e-10,0
0.3804571330547333,-4.730439373545892e-10,87.23155632241833,-1.7997294021484984e-10,0
0.38095754384994507,-4.737292780276903e-10,87.25167132272327,-1.8047074220723663e-10,0
0.3807682693004608,-4.732901293102998e-10,87.27178632302821,-1.8021386341447415e-10,0
0.3799566924571991,-4.720863144846987e-10,87.29185632333247,-1.7937235460591525e-10,0
0.37962019443511963,-4.717854440450253e-10,87.31197132363741,-1.7909928200003176e-10,0
0.38041725754737854,-4.730443259326478e-10,87.33208632394235,-1.7995422516964615e-10,0
0.3807816803455353,-4.735133396494007e-10,87.35220132424729,-1.8030520513772496e-10,0
0.38052839040756226,-4.72905881121477e-10,87.37231632455223,-1.7995411375742563e-10,0
0.3796765208244324,-4.716896317980002e-10,87.39243132485717,-1.7908947831002225e-10,0
0.37956035137176514,-4.71718886174699e-10,87.41250132516143,-1.7904578618516645e-10,0
0.3803536593914032,-4.729623359622792e-10,87.43261632546637,-1.7989295523755916e-10,0
0.3806314468383789,-4.732801373030782e-10,87.45273132577131,-1.8014530342153727e-10,0
0.3802601397037506,-4.72566707987454e-10,87.47284632607625,-1.796982823986508e-10,0
0.379386842250824,-4.713346379858763e-10,87.49296132638119,-1.7881815994889687e-10,0
0.3794696033000946,-4.71627903397831e-10,87.51307632668613,-1.7896845340763027e-10,0
0.3802754580974579,-4.728660796260442e-10,87.53314632699039,-1.7981936504854296e-10,0
0.3804452419281006,-4.73085182139954e-10,87.55326132729533,-1.7998300657183432e-10,0
0.3800152838230133,-4.722496282916211e-10,87.57337632760027,-1.7946207653055292e-10,0
0.37915998697280884,-4.711567802573313e-10,87.59349132790521,-1.786437986645203e-10,0
0.3794201612472534,-4.717269352916276e-10,87.61360632821015,-1.78982709853022e-10,0
0.38017508387565613,-4.728279989762996e-10,87.6337213285151,-1.7975742416957334e-10,0
0.38023361563682556,-4.727521152325664e-10,87.65379132881935,-1.7975624607483593e-10,0
0.37969303131103516,-4.718712087736776e-10,87.67390632912429,-1.7916620964767998e-10,0
0.37893351912498474,-4.708612943993273e-10,87.69402132942923,-1.7842512730648258e-10,0
0.37935423851013184,-4.716391166503797e-10,87.71413632973417,-1.7891829794849604e-10,0
0.38005974888801575,-4.726595226323127e-10,87.73425133003911,-1.7963885948116616e-10,0
0.3800024092197418,-4.725106972358617e-10,87.75432133034337,-1.7955520333172745e-10,0
0.3793971836566925,-4.714246770731734e-10,87.77443633064831,-1.7885719478782771e-10,0
0.37872469425201416,-4.706562362066791e-10,87.79455133095325,-1.7824913915517829e-10,0
0.37932053208351135,-4.716188550801803e-10,87.8146663312582,-1.7889471504963043e-10,0
0.37989342212677,-4.724531321720349e-10,87.83478133156314,-1.7948183717534552e-10,0
0.3798072040081024,-4.721338875413039e-10,87.85489633186808,-1.793198517445385e-10,0
0.37908872961997986,-4.710077883274266e-10,87.87496633217233,-1.7855374411816054e-10,0
0.37857329845428467,-4.70457228729515e-10,87.89508133247728,-1.7810254486179435e-10,0
0.37929028272628784,-4.716653734249121e-10,87.91519633278222,-1.7889809283853504e-10,0
0.3797309398651123,-4.722925939226741e-10,87.93531133308716,-1.7934411058158886e-10,0
0.3795458674430847,-4.71843453198062e-10,87.9554263333921,-1.7908623274139898e-10,0
0.37870627641677856,-4.707136902482034e-10,87.97554133369704,-1.78262228892298e-10,0
0.3784116208553314,-4.704929779109079e-10,87.9956113340013,-1.7804001037231832e-10,0
0.379209041595459,-4.716614876443259e-10,88.01572633430624,-1.7885830068709325e-10,0
0.3795830309391022,-4.722757185326998e-10,88.03584133461118,-1.792678486795845e-10,0
0.3792825937271118,-4.71682637392945e-10,88.05595633491612,-1.7890101412644097e-10,0
0.3784395754337311,-4.704424072521363e-10,88.07607133522106,-1.7803402486652086e-10,0
0.3783349394798279,-4.704934220001178e-10,88.096186335526,-1.7800410033807168e-10,0
0.3791106343269348,-4.7177889372918e-10,88.11625633583026,-1.78856395663729e-10,0
0.3793695867061615,-4.720766555443845e-10,88.1363713361352,-1.790915257075001e-10,0
0.37899404764175415,-4.712995549382981e-10,88.15648633644014,-1.7861972597782288e-10,0
0.3781226575374603,-4.701015132724251e-10,88.17660133674508,-1.7775603351095106e-10,0
0.3782242238521576,-4.704093781171537e-10,88.19671633705002,-1.7792022193113657e-10,0
0.37901192903518677,-4.716140256100232e-10,88.21678633735428,-1.7874734160650486e-10,0
0.37918949127197266,-4.718164192674124e-10,88.23690133765922,-1.7890782799577385e-10,0
0.378719300031662,-4.709078682552104e-10,88.25701633796416,-1.7834189824501537e-10,0
0.37786364555358887,-4.697943700726626e-10,88.2771313382691,-1.7751821333620812e-10,0
0.3781433403491974,-4.703964440189168e-10,88.29724633857404,-1.7787728262969742e-10,0
0.37890860438346863,-4.715492996076875e-10,88.31736133887898,-1.78674087012351e-10,0
0.3789873421192169,-4.715096091345572e-10,88.33743133918324,-1.7869617354957667e-10,0
0.3784303665161133,-4.705592582254781e-10,88.35754633948818,-1.7807391255781806e-10,0
0.37769079208374023,-4.696005806437142e-10,88.37766133979312,-1.7736381526630876e-10,0
0.3781287968158722,-4.704026057567035e-10,88.39777634009806,-1.7787277133383335e-10,0
0.3788120448589325,-4.713932022504252e-10,88.417891340403,-1.7856942287708393e-10,0
0.378770649433136,-4.711487311404028e-10,88.43800634070794,-1.7845731087364834e-10,0
0.37813395261764526,-4.699764466487011e-10,88.4580763410122,-1.7771405140846922e-10,0
0.3774823248386383,-4.691916299925936e-10,88.47819134131714,-1.771115472844344e-10,0
0.3780858516693115,-4.70205652192135e-10,88.49830634162208,-1.7777810446878742e-10,0
0.378675639629364,-4.710384304829063e-10,88.51842134192702,-1.7837077895312625e-10,0
0.3785541355609894,-4.707478296062106e-10,88.53853634223196,-1.78203537703791e-10,0
0.3778364360332489,-4.696008026883192e-10,88.5586513425369,-1.7743229364610744e-10,0
0.37736430764198303,-4.691359523079086e-10,88.57872134284116,-1.770351638326363e-10,0
0.3780759274959564,-4.702902511866114e-10,88.5988363431461,-1.7780542290968442e-10,0
0.37854379415512085,-4.709247436451847e-10,88.61895134345104,-1.7826563922097584e-10,0
0.3783315122127533,-4.704367451147107e-10,88.63906634375599,-1.7798104517969407e-10,0
0.3775053322315216,-4.69227268151684e-10,88.65918134406093,-1.7713579575569076e-10,0
0.3772033751010895,-4.689877930452724e-10,88.67925134436518,-1.76903778417888e-10,0
0.37803107500076294,-4.70204708502564e-10,88.69936634467012,-1.7775199142564465e-10,0
0.37838247418403625,-4.70695815657507e-10,88.71948134497507,-1.7810304731656051e-10,0
0.3781314790248871,-4.701005695828542e-10,88.73959634528,-1.777598236668065e-10,0
0.37725165486335754,-4.688565646837617e-10,88.75971134558495,-1.7687691492049794e-10,0
0.3771355450153351,-4.689238997102052e-10,88.77982634588989,-1.7684787048792457e-10,0
0.3779442608356476,-4.70173511235572e-10,88.79989634619415,-1.7769938016842932e-10,0
0.3781973719596863,-4.704167055891162e-10,88.82001134649909,-1.779103617797372e-10,0
0.3778180181980133,-4.696773525658671e-10,88.84012634680403,-1.7745256653892548e-10,0
0.3769523799419403,-4.685773991042197e-10,88.86024134710897,-1.7663136577934002e-10,0
0.3770485818386078,-4.689083010767092e-10,88.88035634741391,-1.7680120993332414e-10,0
0.3778613209724426,-4.701538602880362e-10,88.90047134771885,-1.776529587087306e-10,0
0.3780079782009125,-4.702914169207872e-10,88.92054134802311,-1.7777390767546918e-10,0
0.37754788994789124,-4.693873068006837e-10,88.94065634832805,-1.772161872509216e-10,0
0.37673240900039673,-4.683137766470225e-10,88.96077134863299,-1.764289772443065e-10,0
0.3769964575767517,-4.689398314106086e-10,88.98088634893793,-1.767886552584386e-10,0
0.377747118473053,-4.700699829385258e-10,89.00100134924287,-1.7756758153570528e-10,0
0.37779712677001953,-4.700482780783943e-10,89.02107134954713,-1.7758288890121254e-10,0
0.3772163689136505,-4.691152466484994e-10,89.04118634985207,-1.7695794994277848e-10,0
0.3764599561691284,-4.681687815200064e-10,89.06130135015701,-1.7624679897077587e-10,0
0.3769136667251587,-4.689872934449113e-10,89.08141635046195,-1.767677204198295e-10,0
0.37761417031288147,-4.699694522436459e-10,89.10153135076689,-1.7746712478138373e-10,0
0.37759271264076233,-4.697711109002967e-10,89.12164635107183,-1.773821480851074e-10,0
0.3769664168357849,-4.68614924642452e-10,89.14171635137609,-1.766520890182365e-10,0
0.3763289153575897,-4.678459286644454e-10,89.16183135168103,-1.7606395088875504e-10,0
0.3769404888153076,-4.688839316813187e-10,89.18194635198597,-1.7674133840559957e-10,0
0.37752294540405273,-4.697240374440526e-10,89.20206135229091,-1.7733160214296228e-10,0
0.37739571928977966,-4.693900823582453e-10,89.22217635259585,-1.771458077590789e-10,0
0.3766431510448456,-4.682543242040538e-10,89.24229135290079,-1.7636478415858952e-10,0
0.3761794865131378,-4.678447629302696e-10,89.26236135320505,-1.759936026869695e-10,0
0.376929372549057,-4.690261512507732e-10,89.28247635350999,-1.7678973290005304e-10,0
0.37735626101493835,-4.69619010345923e-10,89.30259135381493,-1.7721367384567316e-10,0
0.37719377875328064,-4.690371979698682e-10,89.32270635411987,-1.7691791307810516e-10,0
0.3763844668865204,-4.678099019272963e-10,89.34282135442481,-1.760763805411408e-10,0
0.37608709931373596,-4.675967391065683e-10,89.36293635472975,-1.7585710125915103e-10,0
0.3768784701824188,-4.68826644173248e-10,89.38300635503401,-1.7669066843677094e-10,0
0.377217173576355,-4.693000432709482e-10,89.40312135533895,-1.7702803588192817e-10,0
0.37694433331489563,-4.68691252475395e-10,89.4232363556439,-1.766705116948612e-10,0
0.376094788312912,-4.674327591658312e-10,89.44335135594883,-1.7579902460899364e-10,0
0.37601277232170105,-4.675256293218411e-10,89.46346635625378,-1.7579560801275342e-10,0
0.3768201768398285,-4.68793504015963e-10,89.48358135655872,-1.7665085108465802e-10,0
0.3770532011985779,-4.690859367606492e-10,89.50365135686297,-1.7687035409283646e-10,0
0.3767009973526001,-4.683740062461084e-10,89.52376635716791,-1.7643695528694197e-10,0
0.3758296072483063,-4.67166028084165e-10,89.54388135747286,-1.7557482485462294e-10,0
0.3759253919124603,-4.675081988203544e-10,89.5639963577778,-1.7574820286383016e-10,0
0.37673625349998474,-4.687055188412614e-10,89.58411135808274,-1.7657836116302334e-10,0
0.37687692046165466,-4.687285004578712e-10,89.604181358387,-1.7665295378517178e-10,0
0.37640899419784546,-4.678824550019556e-10,89.62429635869194,-1.7611516429010479e-10,0
0.37560391426086426,-4.6680692644685e-10,89.64441135899688,-1.753345087775202e-10,0
0.37588515877723694,-4.674358122791489e-10,89.66452635930182,-1.757021845167146e-10,0
0.3766285479068756,-4.685244969770963e-10,89.68464135960676,-1.764597009552831e-10,0
0.3767017424106598,-4.684237442376116e-10,89.7047563599117,-1.7645604064083354e-10,0
0.37610459327697754,-4.674222675582484e-10,89.72482636021596,-1.757996618285976e-10,0
0.37538623809814453,-4.664945651988717e-10,89.7449413605209,-1.7511563992323405e-10,0
0.37583571672439575,-4.673530451526631e-10,89.76505636082584,-1.7564796668828002e-10,0
0.3765266239643097,-4.685180576835535e-10,89.78517136113078,-1.764095225259041e-10,0
0.37646493315696716,-4.683065046862112e-10,89.80528636143572,-1.763009769836674e-10,0
0.3757866621017456,-4.672601749966532e-10,89.82540136174066,-1.7559014149506983e-10,0
0.3751744031906128,-4.665195452169257e-10,89.84547136204492,-1.750261919535162e-10,0
0.3757437467575073,-4.674753917299768e-10,89.86558636234986,-1.7565095520555492e-10,0
0.37630781531333923,-4.68320160429414e-10,89.8857013626548,-1.7623253643838534e-10,0
0.37618598341941833,-4.680087428710067e-10,89.90581636295974,-1.7605832918581534e-10,0
0.3754337728023529,-4.668941899765855e-10,89.92593136326468,-1.75287847242408e-10,0
0.3749348223209381,-4.663960884165874e-10,89.94604636356962,-1.7486813454165374e-10,0
0.37565791606903076,-4.675691500644064e-10,89.96611636387388,-1.756460525313628e-10,0
0.37612199783325195,-4.682143561751673e-10,89.98623136417882,-1.7610571905881372e-10,0
0.3758966624736786,-4.677059295410402e-10,90.00634636448376,-1.7580909793362648e-10,0
0.3750244975090027,-4.664519881458773e-10,90.0264613647887,-1.749309224664829e-10,0
0.37468957901000977,-4.661565022878733e-10,90.04657636509364,-1.746639835950219e-10,0
0.37551313638687134,-4.674079456812308e-10,90.0666463653979,-1.7551782365490337e-10,0
0.37589436769485474,-4.679151510700308e-10,90.08676136570284,-1.7588666984631165e-10,0
0.3755705654621124,-4.67245964141938e-10,90.10687636600778,-1.7548383096267755e-10,0
0.37469226121902466,-4.659808650053776e-10,90.12699136631272,-1.7459942399366201e-10,0
0.3746064007282257,-4.660895003283372e-10,90.14710636661766,-1.7460011013521557e-10,0
0.3754536807537079,-4.673815778843959e-10,90.1672213669226,-1.7548013373317225e-10,0
0.37571287155151367,-4.676973253125993e-10,90.18729136722686,-1.7571990511015914e-10,0
0.3753490746021271,-4.669543640645202e-10,90.2074063675318,-1.752708884330424e-10,0
0.3745267391204834,-4.658354813003029e-10,90.22752136783674,-1.7446784377802338e-10,0
0.3746255934238434,-4.661542263306728e-10,90.24763636814168,-1.746333036661609e-10,0
0.3752199411392212,-4.671233955200194e-10,90.26775136844662,-1.752740129717748e-10,0
0.37511876225471497,-4.670194786449144e-10,90.28786636875157,-1.751877687781226e-10,0
0.37448346614837646,-4.659235219861557e-10,90.30793636905582,-1.7448065547343488e-10,0
0.3736024498939514,-4.6479373128072154e-10,90.32805136936076,-1.736480767018285e-10,0
0.37386685609817505,-4.653750995675665e-10,90.3481663696657,-1.7398832538170127e-10,0
0.37457039952278137,-4.664448827185197e-10,90.36828136997065,-1.7471644607523282e-10,0
0.3746255934238434,-4.664157948752745e-10,90.38839637027559,-1.7473129393740332e-10,0
0.3740764558315277,-4.653488427930341e-10,90.40851137058053,-1.7407604583732096e-10,0
0.3733770251274109,-4.6445630674796234e-10,90.42858137088479,-1.734173141152184e-10,0
0.37381628155708313,-4.652691010242904e-10,90.44869637118973,-1.739251652683071e-10,0
0.3744937777519226,-4.66295169143649e-10,90.46881137149467,-1.7462463944007685e-10,0
0.37451061606407166,-4.661017127816081e-10,90.48892637179961,-1.7456003960235902e-10,0
0.3738745152950287,-4.650846929799002e-10,90.50904137210455,-1.738833141589974e-10,0
0.373287558555603,-4.6438017320404867e-10,90.5291113724088,-1.733473410969674e-10,0
0.37391629815101624,-4.6542616982669927e-10,90.54922637271375,-1.740304304842056e-10,0
0.3745588958263397,-4.663210373401228e-10,90.56934137301869,-1.7466469284670972e-10,0
0.3744891583919525,-4.660538621692467e-10,90.58945637332363,-1.7453211860908024e-10,0
0.373798668384552,-4.6489689875528484e-10,90.60957137362857,-1.7377784169083336e-10,0
0.37340816855430603,-4.6438530798553757e-10,90.62968637393351,-1.7340526735840693e-10,0
0.3741823732852936,-4.6564313516128664e-10,90.64975637423777,-1.7423545341865497e-10,0
0.37473252415657043,-4.663313624142518e-10,90.66987137454271,-1.74749528530865e-10,0
0.3746117949485779,-4.65913752023539e-10,90.68998637484765,-1.7453678693676456e-10,0
0.37388408184051514,-4.647798257373381e-10,90.71010137515259,-1.737737784037993e-10,0
0.37369173765182495,-4.646935336527491e-10,90.73021637545753,-1.7365213406626262e-10,0
0.37459108233451843,-4.660705710257673e-10,90.75033137576247,-1.7458587964480923e-10,0
0.3750388026237488,-4.666348418780331e-10,90.77040137606673,-1.7500617236045986e-10,0
0.3748409152030945,-4.661441233011487e-10,90.79051637637167,-1.7472988979474671e-10,0
0.37405502796173096,-4.649194085271091e-10,90.81063137667661,-1.7390544235655922e-10,0
0.3740362524986267,-4.6507361850522955e-10,90.83074637698155,-1.7395439340167203e-10,0
0.3749283254146576,-4.664315600422242e-10,90.85086137728649,-1.7487840372717743e-10,0
0.37521225214004517,-4.66719329850207e-10,90.87097637759143,-1.751188108703888e-10,0
0.37481337785720825,-4.659710950427609e-10,90.89104637789569,-1.7465220011679944e-10,0
0.37391284108161926,-4.6475789883260177e-10,90.91116137820063,-1.737789463676219e-10,0
0.37394922971725464,-4.6501003048149414e-10,90.93127637850557,-1.7389014270935183e-10,0
0.37470683455467224,-4.66146343747198e-10,90.95139137881051,-1.746682209047467e-10,0
0.37482714653015137,-4.662009667200095e-10,90.97150637911545,-1.7474477806525924e-10,0
0.37431833148002625,-4.6529191610744647e-10,90.99157637941971,-1.741672936884837e-10,0
0.37343499064445496,-4.6415959964463127e-10,91.01169137972465,-1.7333343575082684e-10,0
0.3737262189388275,-4.6488679572576075e-10,91.0318063800296,-1.7374038440117564e-10,0
0.37446311116218567,-4.660034025327775e-10,91.05192138033453,-1.7450108392458822e-10,0
0.3745056390762329,-4.659362340397877e-10,91.07203638063947,-1.744957470978439e-10,0
0.3739204704761505,-4.649623741581621e-10,91.09215138094441,-1.738589496989279e-10,0
0.3731749951839447,-4.640546835688042e-10,91.11222138124867,-1.731736043058755e-10,0
0.37363770604133606,-4.6485751359348626e-10,91.13233638155361,-1.736882950151494e-10,0
0.3743293583393097,-4.658792240874732e-10,91.15245138185855,-1.743922710162793e-10,0
0.37429219484329224,-4.656336427544261e-10,91.1725663821635,-1.7428303813943158e-10,0
0.3736445903778076,-4.645430706773368e-10,91.19268138246844,-1.7357400535608244e-10,0
0.3730054497718811,-4.6382342411277477e-10,91.21279638277338,-1.7300866492591952e-10,0
0.3736109137535095,-4.6490175598101757e-10,91.23286638307763,-1.7369236985767909e-10,0
0.3741990923881531,-4.657225716186986e-10,91.25298138338258,-1.7427296360439362e-10,0
0.37406763434410095,-4.653405993870763e-10,91.27309638368752,-1.7406885717698962e-10,0
0.37332311272621155,-4.6413220489149865e-10,91.29321138399246,-1.7327127944657406e-10,0
0.3728391230106354,-4.6365683514792977e-10,91.3133263842974,-1.7286940779444088e-10,0
0.3735874891281128,-4.6488018989876423e-10,91.33344138460234,-1.736734228896796e-10,0
0.37402838468551636,-4.6549045173982506e-10,91.3535113849066,-1.7410664175077808e-10,0
0.3738197088241577,-4.6500064909693606e-10,91.37362638521154,-1.7382640724846097e-10,0
0.37302422523498535,-4.637215611502654e-10,91.39374138551648,-1.7297937607283564e-10,0
0.37276896834373474,-4.6359041605548157e-10,91.41385638582142,-1.7281212112704463e-10,0
0.3735545575618744,-4.6487683147411474e-10,91.43397138612636,-1.7365685910207897e-10,0
0.37380409240722656,-4.6528478292451325e-10,91.45404138643062,-1.739253559919911e-10,0
0.3733575940132141,-4.64486227258476e-10,91.47415638673556,-1.7341946026149959e-10,0
0.37225204706192017,-4.629092109631472e-10,91.4942713870405,-1.723189013848498e-10,0
0.37202367186546326,-4.628735450484811e-10,91.51438638734544,-1.7219991583831986e-10,0
0.37280502915382385,-4.64131094668474e-10,91.53450138765038,-1.7303040627907664e-10,0
0.3730410635471344,-4.6431888889308937e-10,91.55461638795532,-1.7321001213770179e-10,0
0.3727390766143799,-4.636256101253622e-10,91.57468638825958,-1.72811381812906e-10,0
0.37195277214050293,-4.6250564489369594e-10,91.59480138856452,-1.7203025674884125e-10,0
0.3721424341201782,-4.629489847030044e-10,91.61491638886946,-1.722829620408412e-10,0
0.3730311095714569,-4.64276672662578e-10,91.6350313891744,-1.7318964235146556e-10,0
0.37326523661613464,-4.6450215895887936e-10,91.65514638947934,-1.733825082724915e-10,0
0.3728567361831665,-4.636575567928958e-10,91.67526138978428,-1.7287784333246028e-10,0
0.37211960554122925,-4.627054017714016e-10,91.69533139008854,-1.7218175158896997e-10,0
0.3724612593650818,-4.6338385906175006e-10,91.71544639039348,-1.72592535715591e-10,0
0.37329092621803284,-4.6457476754468985e-10,91.73556139069842,-1.7342154527428457e-10,0
0.3733755946159363,-4.6461737235325984e-10,91.75567639100336,-1.7347678767129227e-10,0
0.37286362051963806,-4.6371270712164403e-10,91.7757913913083,-1.7290159885833875e-10,0
0.3721248209476471,-4.628095684466871e-10,91.79590639161324,-1.7222292779108125e-10,0
0.37261465191841125,-4.6367826245230503e-10,91.8159763919175,-1.7277331436579938e-10,0
0.37325337529182434,-4.64679100753429e-10,91.83609139222244,-1.734430427837871e-10,0
0.37323036789894104,-4.6443537904394816e-10,91.85620639252738,-1.733413873858569e-10,0
0.3725367784500122,-4.633331773806759e-10,91.87632139283232,-1.7260864925040507e-10,0
0.371949702501297,-4.626304062060882e-10,91.89643639313726,-1.720752419564087e-10,0
0.37260162830352783,-4.637183137479184e-10,91.91650639344152,-1.7278219877664059e-10,0
0.37324875593185425,-4.645263618208162e-10,91.93662139374646,-1.7338388664717004e-10,0
0.373154878616333,-4.642374817898087e-10,91.9567363940514,-1.7323248116642818e-10,0
0.37243330478668213,-4.631088013073992e-10,91.97685139435634,-1.724771413467136e-10,0
0.3720113933086395,-4.6266829256680353e-10,91.99696639466129,-1.7211787615750585e-10,0
0.3728172779083252,-4.6396317343599947e-10,92.01708139496623,-1.729734873701175e-10,0
0.37332671880722046,-4.6460918445845323e-10,92.03715139527048,-1.73451022361573e-10,0
0.3731445372104645,-4.6414855292553625e-10,92.05726639557543,-1.73194496978306e-10,0
0.37232062220573425,-4.629437111436374e-10,92.07738139588037,-1.723634905792308e-10,0
0.37197765707969666,-4.627334071471978e-10,92.0974963961853,-1.7212648864312e-10,0
0.3727245330810547,-4.639067185951973e-10,92.11761139649025,-1.7290941508155913e-10,0
0.37299928069114685,-4.642993767234316e-10,92.13772639679519,-1.731833335431878e-10,0
0.37266266345977783,-4.6366038786160857e-10,92.15779639709945,-1.727889150813007e-10,0
0.37176844477653503,-4.623613714116459e-10,92.17791139740439,-1.7189136797445348e-10,0
0.37164735794067383,-4.623840754724995e-10,92.19802639770933,-1.7184382000319556e-10,0
0.37242257595062256,-4.6360260075317683e-10,92.21814139801427,-1.7265607478990614e-10,0
0.37265250086784363,-4.63851929088932e-10,92.23825639831921,-1.7285558140736418e-10,0
0.3722420930862427,-4.6307749301810475e-10,92.25837139862415,-1.7237693526218924e-10,0
0.37135839462280273,-4.6193879277289795e-10,92.27844139892841,-1.7154484849813893e-10,0
0.3714343011379242,-4.6228634809075686e-10,92.29855639923335,-1.7170900662869343e-10,0
0.3722221553325653,-4.6350900895220093e-10,92.31867139953829,-1.7252832232824954e-10,0
0.37236931920051575,-4.63717619858528e-10,92.33878639984323,-1.7267421440800363e-10,0
0.3718753755092621,-4.6283060717300373e-10,92.35890140014817,-1.7211530583964053e-10,0
0.371040016412735,-4.617124182981769e-10,92.37897140045243,-1.713137832633191e-10,0
0.37132662534713745,-4.6227302541446136e-10,92.39908640075737,-1.7165428251616344e-10,0
0.3720508813858032,-4.6334386327728794e-10,92.41920140106231,-1.7238749271701808e-10,0
0.3720972537994385,-4.6324089009175395e-10,92.43931640136725,-1.7237066305074916e-10,0
0.37151938676834106,-4.621704130514104e-10,92.45943140167219,-1.7170526843933088e-10,0
0.37069129943847656,-4.611706294621598e-10,92.47954640197713,-1.709519398981882e-10,0
0.3710838258266449,-4.619624960344737e-10,92.49961640228139,-1.7142681041689877e-10,0
0.371724009513855,-4.6289533317533937e-10,92.51973140258633,-1.7206930923318892e-10,0
0.3716627061367035,-4.627000171897322e-10,92.53984640289127,-1.719683405182351e-10,0
0.37099170684814453,-4.615492432691326e-10,92.55996140319621,-1.71230941554885e-10,0
0.37037476897239685,-4.608884662804513e-10,92.58007640350115,-1.7070145922066448e-10,0
0.3710280954837799,-4.6199949421676934e-10,92.6001914038061,-1.7141479245371752e-10,0
0.37160995602607727,-4.6282158661092865e-10,92.62026140411035,-1.719891094484065e-10,0
0.37152013182640076,-4.62487659280697e-10,92.64037640441529,-1.7182347614404807e-10,0
0.37079358100891113,-4.613999182723205e-10,92.66049140472023,-1.7108412797341265e-10,0
0.3703341484069824,-4.610269388471977e-10,92.68060640502517,-1.7073401879065492e-10,0
0.37110093235969543,-4.62235139053746e-10,92.70072140533011,-1.7153589107225862e-10,0
0.37159448862075806,-4.6288725630283523e-10,92.72083640563505,-1.7200635329491782e-10,0
0.3713887631893158,-4.624656491092338e-10,92.74090640593931,-1.7175454544022245e-10,0
0.3705989420413971,-4.6122750063659623e-10,92.76102140624425,-1.7093042377632037e-10,0
0.37033605575561523,-4.609800319244073e-10,92.7811364065492,-1.707175268049826e-10,0
0.37113237380981445,-4.622441318602455e-10,92.80125140685413,-1.715537619369498e-10,0
0.3714960217475891,-4.626801164420158e-10,92.82136640715908,-1.7188382259992016e-10,0
0.3712105453014374,-4.6217141225213254e-10,92.84143640746333,-1.7156290196484954e-10,0
0.37035638093948364,-4.609271297972839e-10,92.86155140776827,-1.707073036685457e-10,0
0.3702763020992279,-4.610138104599315e-10,92.88166640807322,-1.707024889537778e-10,0
0.3711089789867401,-4.6226025784967817e-10,92.90178140837816,-1.7154893231674128e-10,0
0.37139254808425903,-4.6263887165665096e-10,92.9218964086831,-1.7182062938739009e-10,0
0.3710051476955414,-4.6187098590166897e-10,92.94201140898804,-1.71356513340734e-10,0
0.3701501488685608,-4.606797721073974e-10,92.9620814092923,-1.705206862262878e-10,0
0.37028968334198,-4.6100856465614015e-10,92.98219640959724,-1.7070671542446284e-10,0
0.3710553050041199,-4.621315552455485e-10,93.00231140990218,-1.7147636518366527e-10,0
0.37118905782699585,-4.622887628258354e-10,93.02242641020712,-1.715965303173294e-10,0
0.37063688039779663,-4.613453230550846e-10,93.04254141051206,-1.7099159132325023e-10,0
0.3698137402534485,-4.6020973143434674e-10,93.062656410817,-1.701918820827708e-10,0
0.3700825572013855,-4.6083717397671364e-10,93.08272641112126,-1.7054779979876197e-10,0
0.37088099122047424,-4.62015259383719e-10,93.1028414114262,-1.7135267735921822e-10,0
0.37100130319595337,-4.6207077053495027e-10,93.12295641173114,-1.7142885803722488e-10,0
0.3704889714717865,-4.611402648624363e-10,93.14307141203608,-1.7084738243311124e-10,0
0.36981067061424255,-4.6026638056417823e-10,93.16318641234102,-1.7021141885762893e-10,0
0.37034448981285095,-4.612027426631471e-10,93.18330141264596,-1.708038944318708e-10,0
0.3710538446903229,-4.622558447131553e-10,93.20337141295022,-1.7152180841138913e-10,0
0.3710886538028717,-4.6208259441016253e-10,93.22348641325516,-1.7147360790540558e-10,0
0.37050196528434753,-4.6103293405153067e-10,93.2436014135601,-1.708136081269011e-10,0
0.3699249029159546,-4.6036016665418344e-10,93.26371641386504,-1.7029868995592149e-10,0
0.37062615156173706,-4.614428561477979e-10,93.28383141416998,-1.7102278993971458e-10,0
0.3711959719657898,-4.6225434591207204e-10,93.30390141447424,-1.71586951226242e-10,0
0.37111127376556396,-4.6197021208449485e-10,93.32401641477918,-1.7144235384842461e-10,0
0.37034332752227783,-4.60780608113609e-10,93.34413141508412,-1.7064702366653264e-10,0
0.369858980178833,-4.602659919861196e-10,93.36424641538906,-1.7023351040698513e-10,0
0.37061041593551636,-4.615154647336084e-10,93.384361415694,-1.7104243834559573e-10,0
0.371080607175827,-4.62181848348564e-10,93.40447641599894,-1.7150672091083114e-10,0
0.3708464503288269,-4.61568783194366e-10,93.4245464163032,-1.7117114483022653e-10,0
0.3699862062931061,-4.602988268320729e-10,93.44466141660814,-1.7030421670076604e-10,0
0.36968767642974854,-4.600586855918465e-10,93.46477641691308,-1.7007802649777396e-10,0
0.3704299330711365,-4.612820958538322e-10,93.48489141721802,-1.708726958940486e-10,0
0.37069588899612427,-4.616546867008964e-10,93.50500641752296,-1.71133494495816e-10,0
0.3703901171684265,-4.6091194749742215e-10,93.5251214178279,-1.7071723023789784e-10,0
0.3694492280483246,-4.596243663446131e-10,93.54519141813216,-1.6980786733821766e-10,0
0.3693225085735321,-4.596637792619873e-10,93.5653064184371,-1.6976418005742748e-10,0
0.3701168894767761,-4.6087289540253096e-10,93.58542141874204,-1.7057684249054035e-10,0
0.3703671097755432,-4.6110854023950765e-10,93.60553641904698,-1.7077943734132621e-10,0
0.37000536918640137,-4.603252778956346e-10,93.62565141935193,-1.7032282439360708e-10,0
0.3691213130950928,-4.5912909585332784e-10,93.64576641965687,-1.6947433474154309e-10,0
0.3692483901977539,-4.5948994609190663e-10,93.66583641996112,-1.6966592290648925e-10,0
0.37002721428871155,-4.6071910175804476e-10,93.68595142026606,-1.7047860579312673e-10,0
0.370186984539032,-4.608937675953939e-10,93.706066420571,-1.7061687401897229e-10,0
0.3697129786014557,-4.6000034337190243e-10,93.72618142087595,-1.7006809710571843e-10,0
0.36888715624809265,-4.5888917665770634e-10,93.74629642118089,-1.692783234102899e-10,0
0.3691992163658142,-4.5953207905569116e-10,93.76636642148515,-1.6965888348231456e-10,0
0.36997735500335693,-4.6065548597873374e-10,93.78648142179009,-1.7043209827019788e-10,0
0.3700505793094635,-4.6063652892058826e-10,93.80659642209503,-1.7045881437816412e-10,0
0.3694508671760559,-4.5964071437865073e-10,93.82671142239997,-1.6981466051661434e-10,0
0.36869749426841736,-4.586614144042045e-10,93.84682642270491,-1.6910731420843838e-10,0
0.36914584040641785,-4.595371305704532e-10,93.86694142300985,-1.6963622026238372e-10,0
0.3697676360607147,-4.605034131799357e-10,93.8870114233141,-1.702792584894354e-10,0
0.3697405755519867,-4.603380454604178e-10,93.90712642361905,-1.702056538770115e-10,0
0.3690795600414276,-4.5925008240743637e-10,93.92724142392399,-1.69499818363926e-10,0
0.3684495687484741,-4.585495594344735e-10,93.94735642422893,-1.6895238742343457e-10,0
0.36906689405441284,-4.5958517547184385e-10,93.96747142453387,-1.6961767326484573e-10,0
0.3695968687534332,-4.6039713708090346e-10,93.98758642483881,-1.7016134024814708e-10,0
0.3694542348384857,-4.600337055737924e-10,94.00765642514307,-1.699614006926787e-10,0
0.368641197681427,-4.5881748400589117e-10,94.02777142544801,-1.691390268211107e-10,0
0.3681644797325134,-4.5824827266116586e-10,94.04788642575295,-1.6871073689262108e-10,0
0.3688565194606781,-4.59427385024469e-10,94.06800142605789,-1.694627861850465e-10,0
0.3693113625049591,-4.6007314624674223e-10,94.08811642636283,-1.6991024049232768e-10,0
0.3691113591194153,-4.595165081777708e-10,94.10823142666777,-1.6961276287130488e-10,0
0.36829015612602234,-4.582737800351566e-10,94.12830142697203,-1.6877772199761025e-10,0
0.3680330514907837,-4.5804490755863014e-10,94.14841642727697,-1.6857566504861658e-10,0
0.36884811520576477,-4.59324051016452e-10,94.16853142758191,-1.6942081048609487e-10,0
0.3692278563976288,-4.5974729578901474e-10,94.18864642788685,-1.697515085087845e-10,0
0.36894044280052185,-4.5905593215600504e-10,94.20876142819179,-1.6936429887984282e-10,0
0.36809009313583374,-4.578059598081552e-10,94.22883142849605,-1.685138383839236e-10,0
0.36799508333206177,-4.578171453051283e-10,94.24894642880099,-1.6847445853740732e-10,0
0.368843138217926,-4.589823798806236e-10,94.26906142910593,-1.692925013819015e-10,0
0.3690396845340729,-4.592635993727612e-10,94.28917642941087,-1.6948649383050661e-10,0
0.36864346265792847,-4.5850437335737126e-10,94.30929142971581,-1.6902463983826499e-10,0
0.3677617311477661,-4.572710265993152e-10,94.32940643002075,-1.6816678434588036e-10,0
0.3678838312625885,-4.576466983152727e-10,94.34947643032501,-1.6836082074089653e-10,0
0.3686787188053131,-4.5880324539560036e-10,94.36959143062995,-1.691509926961696e-10,0
0.3688335418701172,-4.589651159125907e-10,94.3897064309349,-1.692817292968697e-10,0
0.36834532022476196,-4.580996970648954e-10,94.40982143123983,-1.6873887961023534e-10,0
0.3675222396850586,-4.569759015637942e-10,94.42993643154477,-1.679488068248245e-10,0
0.36782267689704895,-4.5757195255013983e-10,94.45005143184972,-1.683053404600019e-10,0
0.3685548007488251,-4.5869363862749424e-10,94.47012143215397,-1.690537425891097e-10,0
0.36862048506736755,-4.5863737807572136e-10,94.49023643245891,-1.6906313277629805e-10,0
0.3680429756641388,-4.5768619449937376e-10,94.51035143276385,-1.684481889439453e-10,0
0.3672854006290436,-4.5675363491426424e-10,94.5304664330688,-1.6775894178825745e-10,0
0.36778396368026733,-4.5756631816828985e-10,94.55058143337374,-1.6828555414251996e-10,0
0.3684629797935486,-4.5859741004683485e-10,94.57069643367868,-1.6897616823146062e-10,0
0.36841845512390137,-4.583538826263833e-10,94.59076643398294,-1.6886602933725416e-10,0
0.3677498698234558,-4.572706657768322e-10,94.61088143428788,-1.68161227813515e-10,0
0.36711832880973816,-4.5657555514111436e-10,94.63099643459282,-1.6761725477878436e-10,0
0.3677433431148529,-4.5762973965857157e-10,94.65111143489776,-1.682902903708229e-10,0
0.3682982325553894,-4.5844733564948115e-10,94.6712264352027,-1.6884534343943127e-10,0
0.36820223927497864,-4.581265367065157e-10,94.69129643550696,-1.6868321668662978e-10,0
0.3674628436565399,-4.569851441704742e-10,94.7114114358119,-1.6792506058567631e-10,0
0.3669819235801697,-4.564464917145017e-10,94.73152643611684,-1.675076115408078e-10,0
0.36771994829177856,-4.576498346953173e-10,94.75164143642178,-1.6828697354990308e-10,0
0.3681522309780121,-4.5828765782296443e-10,94.77175643672672,-1.6871962365721217e-10,0
0.36792615056037903,-4.5778564272680455e-10,94.79187143703166,-1.6843130931028217e-10,0
0.36711034178733826,-4.565305355974658e-10,94.81194143733592,-1.6759708095954227e-10,0
0.3668144643306732,-4.562568101107445e-10,94.83205643764086,-1.6736159739799443e-10,0
0.3676249086856842,-4.5746917365363515e-10,94.8521714379458,-1.6817706319093303e-10,0
0.36797747015953064,-4.579762402645571e-10,94.87228643825074,-1.6852493828572509e-10,0
0.36767128109931946,-4.5737610920859595e-10,94.89240143855568,-1.6816406001694672e-10,0
0.3668206036090851,-4.561812316783431e-10,94.91251643886062,-1.673366747593857e-10,0
0.3667270541191101,-4.563024680326322e-10,94.93258643916488,-1.6733845988888662e-10,0
0.36752989888191223,-4.5752279742572455e-10,94.95270143946982,-1.6815330747404616e-10,0
0.367788165807724,-4.578237233765492e-10,94.97281643977476,-1.6838214748392384e-10,0
0.3673931062221527,-4.570624156929881e-10,94.9929314400797,-1.679215806388477e-10,0
0.3664959967136383,-4.558874389104517e-10,95.01304644038464,-1.670809213127139e-10,0
0.3666302561759949,-4.562571709332275e-10,95.0331164406889,-1.6727768346138387e-10,0
0.3673957586288452,-4.5746315069372656e-10,95.05323144099384,-1.680700212938634e-10,0
0.3675708770751953,-4.575950174334764e-10,95.07334644129878,-1.6819860190326222e-10,0
0.36707770824432373,-4.567037026337317e-10,95.09346144160372,-1.6764574850948736e-10,0
0.36625614762306213,-4.5559664374472675e-10,95.11357644190866,-1.668650716079403e-10,0
0.3665512204170227,-4.561772903866057e-10,95.1336914422136,-1.6721234251774088e-10,0
0.36728164553642273,-4.572691392201733e-10,95.15376144251786,-1.6794656190580883e-10,0
0.3673524856567383,-4.5718737129440967e-10,95.1738764428228,-1.679489172558715e-10,0
0.36675506830215454,-4.5619621968917556e-10,95.19399144312774,-1.6731227571128828e-10,0
0.3660384714603424,-4.5529741088401465e-10,95.21410644343268,-1.666563683398362e-10,0
0.3664952516555786,-4.5612158494634514e-10,95.23422144373762,-1.6716639506045214e-10,0
0.3671570420265198,-4.571144018861162e-10,95.25433644404256,-1.678327716642282e-10,0
0.36714258790016174,-4.5692841177391585e-10,95.27440644434682,-1.677578795837862e-10,0
0.3664722442626953,-4.5581050045484517e-10,95.29452144465176,-1.670418970601894e-10,0
0.36584344506263733,-4.5505407775259243e-10,95.3146364449567,-1.6647855149480965e-10,0
0.36642321944236755,-4.5607917442680446e-10,95.33475144526165,-1.671179994140868e-10,0
0.3669849634170532,-4.5694648065364163e-10,95.35486644556659,-1.676924874862279e-10,0
0.36686813831329346,-4.5654502400793717e-10,95.37498144587153,-1.6749182301398978e-10,0
0.36614444851875305,-4.553976917787139e-10,95.39505144617578,-1.667413367130303e-10,0
0.3656644821166992,-4.5491449496282144e-10,95.41516644648073,-1.6634607320795988e-10,0
0.3663944900035858,-4.5619602540014625e-10,95.43528144678567,-1.6714771006814947e-10,0
0.36684513092041016,-4.5681028404409574e-10,95.4553964470906,-1.6757862845594605e-10,0
0.3666236400604248,-4.562872024660436e-10,95.47551144739555,-1.6728567508108894e-10,0
0.36581873893737793,-4.551314602974088e-10,95.4955814476998,-1.6649561685672538e-10,0
0.3655127286911011,-4.5488879329980136e-10,95.51569644800475,-1.6626764409001265e-10,0
0.36630746722221375,-4.561303834638153e-10,95.53581144830969,-1.670839654897273e-10,0
0.36665159463882446,-4.5656806113569814e-10,95.55592644861463,-1.6740140767656002e-10,0
0.36636266112327576,-4.5592363218105447e-10,95.57604144891957,-1.6703339515484068e-10,0
0.36548858880996704,-4.54695947560424e-10,95.59615644922451,-1.6618618021147013e-10,0
0.36541280150413513,-4.5478151800004696e-10,95.61622644952877,-1.6618298856470042e-10,0
0.3662335276603699,-4.560480049153881e-10,95.63634144983371,-1.6702006962263629e-10,0
0.36650484800338745,-4.5628234524031086e-10,95.65645645013865,-1.672296915889293e-10,0
0.3661327660083771,-4.5562345563077145e-10,95.67657145044359,-1.6681867606838942e-10,0
0.36523836851119995,-4.544436216225023e-10,95.69668645074853,-1.659802469417238e-10,0
0.36534449458122253,-4.5480530452834955e-10,95.71680145105347,-1.6616061411576887e-10,0
0.36613866686820984,-4.559702337925131e-10,95.73687145135773,-1.6694833353237672e-10,0
0.36630672216415405,-4.561437061401108e-10,95.75698645166267,-1.670885058319931e-10,0
0.365792453289032,-4.553084853586853e-10,95.77710145196761,-1.665484078626668e-10,0
0.3649992346763611,-4.5422390848592897e-10,95.79721645227255,-1.6579137896906955e-10,0
0.3652682304382324,-4.548758592015645e-10,95.81733145257749,-1.6615170015962602e-10,0
0.3660438358783722,-4.5588594010936845e-10,95.83744645288243,-1.6687423824065108e-10,0
0.3660780191421509,-4.558734223447658e-10,95.85751645318669,-1.66885239431525e-10,0
0.3655388057231903,-4.548927345915388e-10,95.87763145349163,-1.6628094693474727e-10,0
0.3647885024547577,-4.539477682641291e-10,95.89774645379657,-1.6559492657775103e-10,0
0.36522114276885986,-4.5481279853376577e-10,95.91786145410151,-1.6610725002640517e-10,0
0.36586374044418335,-4.5583339880472806e-10,95.93797645440645,-1.6677291230608294e-10,0
0.36582106351852417,-4.5559661598915113e-10,95.95804645471071,-1.6666683859659192e-10,0
0.3651728332042694,-4.5445916474484704e-10,95.97816145501565,-1.6595614076552162e-10,0
0.3645581901073456,-4.535697373242442e-10,95.99827645532059,-1.6535256252639062e-10,0
0.36516517400741577,-4.5457587694031076e-10,96.01839145562553,-1.659952792024822e-10,0
0.36574074625968933,-4.554227273079192e-10,96.03850645593047,-1.6656664814922137e-10,0
0.36563536524772644,-4.5513456892187776e-10,96.05862145623541,-1.664132943446173e-10,0
0.3648662865161896,-4.5401304937797704e-10,96.07869145653967,-1.656540553564339e-10,0
0.36443212628364563,-4.535288256057868e-10,96.09880645684461,-1.6528047424644158e-10,0
0.36513835191726685,-4.5471207354985665e-10,96.11892145714955,-1.6603281713287768e-10,0
0.3655974268913269,-4.5536435733239955e-10,96.1390364574545,-1.66480037338748e-10,0
0.36538973450660706,-4.548769694245891e-10,96.15915145775944,-1.6620737509122063e-10,0
0.36457350850105286,-4.5366052581208294e-10,96.17926645806438,-1.6539260956374353e-10,0
0.36433666944503784,-4.535031239427667e-10,96.19933645836863,-1.6522781776022782e-10,0
0.3650973439216614,-4.5477116517034233e-10,96.21945145867357,-1.6603574449585114e-10,0
0.3654460608959198,-4.5516776459031405e-10,96.23956645897852,-1.663392666163316e-10,0
0.36515557765960693,-4.545638587760692e-10,96.25968145928346,-1.6598652843455553e-10,0
0.3642784655094147,-4.5333878317954657e-10,96.2797964595884,-1.6514155629255047e-10,0
0.36421409249305725,-4.534320419136151e-10,96.29991145989334,-1.6514633965284122e-10,0
0.36502256989479065,-4.5465348152973206e-10,96.3199814601976,-1.6595878223959653e-10,0
0.36528700590133667,-4.549400023368122e-10,96.34009646050254,-1.6618367131836124e-10,0
0.3648919463157654,-4.5424042305342027e-10,96.36021146080748,-1.6574867206325919e-10,0
0.3640121519565582,-4.530470443242507e-10,96.38032646111242,-1.6491462954202871e-10,0
0.3641573488712311,-4.534095043862152e-10,96.40044146141736,-1.6511240307030294e-10,0
0.3649323284626007,-4.5463766085163115e-10,96.42051146172162,-1.6591198018137592e-10,0
0.3650904595851898,-4.5476497567698004e-10,96.44062646202656,-1.6603035397315631e-10,0
0.36459916830062866,-4.5387985037059764e-10,96.4607414623315,-1.6548421595353368e-10,0
0.3637826144695282,-4.527541952459302e-10,96.48085646263644,-1.6470410485861172e-10,0
0.36406421661376953,-4.533558528585502e-10,96.50097146294138,-1.6505064341821544e-10,0
0.3647915720939636,-4.5440232132598624e-10,96.52108646324632,-1.6576213715965293e-10,0
0.3648497760295868,-4.543125597944453e-10,96.54115646355058,-1.6575583568843162e-10,0
0.36426272988319397,-4.5334119791462513e-10,96.56127146385552,-1.6513530232089867e-10,0
0.3635231852531433,-4.5243750412815587e-10,96.58138646416046,-1.644715226286494e-10,0
0.3639914393424988,-4.5324233255428226e-10,96.6015014644654,-1.649763289973847e-10,0
0.3646635413169861,-4.542252407535585e-10,96.62161646477034,-1.6563938484875324e-10,0
0.3646240830421448,-4.540188502932807e-10,96.64173146507528,-1.6554620697203628e-10,0
0.36395224928855896,-4.529694952459806e-10,96.66180146537954,-1.6485926665387786e-10,0
0.3633576035499573,-4.5221368316639143e-10,96.68191646568448,-1.6431528020783965e-10,0
0.36394813656806946,-4.532436648219118e-10,96.70203146598942,-1.6495718722321746e-10,0
0.36450761556625366,-4.540514908502047e-10,96.72214646629436,-1.6550522627411075e-10,0
0.36437004804611206,-4.536770126239986e-10,96.7422614665993,-1.6530631488722297e-10,0
0.36362355947494507,-4.524979280162711e-10,96.76237646690424,-1.6453890724031396e-10,0
0.36314916610717773,-4.5199946563379e-10,96.7824464672085,-1.6414322902580078e-10,0
0.3638695776462555,-4.531969521881507e-10,96.80256146751344,-1.6490458358327264e-10,0
0.36429300904273987,-4.5380349478207904e-10,96.82267646781838,-1.6531744062827488e-10,0
0.36408761143684387,-4.5328099607111483e-10,96.84279146812332,-1.650339951692456e-10,0
0.3632599115371704,-4.5198839115911937e-10,96.86290646842826,-1.6418926298828968e-10,0
0.36298590898513794,-4.518358465155359e-10,96.8830214687332,-1.6401004545951106e-10,0
0.3637882173061371,-4.5307382845471977e-10,96.90309146903746,-1.6482292036160907e-10,0
0.3641431927680969,-4.5353804045689117e-10,96.9232064693424,-1.6515279009375866e-10,0
0.3638806939125061,-4.5294162864806253e-10,96.94332146964734,-1.6481671413431765e-10,0
0.36301007866859436,-4.5165107764866264e-10,96.96343646995228,-1.6395389322799644e-10,0
0.36294952034950256,-4.518062035607784e-10,96.98355147025723,-1.6398284487331423e-10,0
0.3637552261352539,-4.530672781388745e-10,97.00362147056148,-1.6480559021389027e-10,0
0.3640109896659851,-4.5334422327236723e-10,97.02373647086642,-1.6502227937273171e-10,0
0.36359941959381104,-4.5255926783838163e-10,97.04385147117137,-1.6455028711783563e-10,0
0.36272305250167847,-4.5133680126596687e-10,97.0639664714763,-1.6371026226153492e-10,0
0.3628315031528473,-4.517097806910897e-10,97.08408147178125,-1.6389453871699107e-10,0
0.363619327545166,-4.5289189065655933e-10,97.10419647208619,-1.6468024473119696e-10,0
0.36376479268074036,-4.5298303996688105e-10,97.12426647239045,-1.64779281621444e-10,0
0.36326220631599426,-4.5207729226781623e-10,97.14438147269539,-1.642225946145675e-10,0
0.3624666929244995,-4.5100662093844335e-10,97.16449647300033,-1.634748783786109e-10,0
0.36278703808784485,-4.5163192630148785e-10,97.18461147330527,-1.638462088488246e-10,0
0.36350440979003906,-4.527076769011984e-10,97.20472647361021,-1.6456123689938982e-10,0
0.3635860085487366,-4.5263337522527536e-10,97.22484147391515,-1.6457116223410046e-10,0
0.36300668120384216,-4.516892138095585e-10,97.2449114742194,-1.639662024405805e-10,0
0.362267404794693,-4.507492434857596e-10,97.26502647452435,-1.6329175865075731e-10,0
0.36271998286247253,-4.5161485662248424e-10,97.28514147482929,-1.6380973305454547e-10,0
0.3633817732334137,-4.5260653558365505e-10,97.30525647513423,-1.6446896547742072e-10,0
0.3633407652378082,-4.523583452265001e-10,97.32537147543917,-1.6436022731630518e-10,0
0.36268243193626404,-4.5125914116539434e-10,97.34548647574411,-1.636637627513351e-10,0
0.36208033561706543,-4.5063172637860305e-10,97.36555647604837,-1.631648867268622e-10,0
0.36266595125198364,-4.5171749674111084e-10,97.38567147635331,-1.6382255565277978e-10,0
0.3632066249847412,-4.525609609284942e-10,97.40578647665825,-1.643731392186897e-10,0
0.36307790875434875,-4.5212120158844016e-10,97.42590147696319,-1.641552203762342e-10,0
0.36232298612594604,-4.509077555781005e-10,97.44601647726813,-1.6337424446840557e-10,0
0.36184757947921753,-4.504546180505997e-10,97.46608647757239,-1.6299591320684496e-10,0
0.36260655522346497,-4.5161899220325097e-10,97.48620147787733,-1.6376000703631372e-10,0
0.36304721236228943,-4.5225403977333656e-10,97.50631647818227,-1.641895684192938e-10,0
0.36284106969833374,-4.5176101748367614e-10,97.52643147848721,-1.639174508317847e-10,0
0.3620394170284271,-4.5052148123225777e-10,97.54654647879215,-1.6310653442411007e-10,0
0.3617650270462036,-4.503753481266415e-10,97.56666147909709,-1.6293004999597782e-10,0
0.36254313588142395,-4.5157583228316867e-10,97.58673147940135,-1.6371571832420393e-10,0
0.3629020154476166,-4.520030183474688e-10,97.60684647970629,-1.6403280634670245e-10,0
0.3625943064689636,-4.5135614690217096e-10,97.62696148001123,-1.6365916905649634e-10,0
0.36169683933258057,-4.50120191120007e-10,97.64707648031617,-1.6280705044788363e-10,0
0.3616267144680023,-4.5020534522599576e-10,97.66719148062111,-1.6280627983000958e-10,0
0.36244022846221924,-4.5141862470288174e-10,97.68730648092605,-1.6361226946941326e-10,0
0.3626714050769806,-4.5171008600242146e-10,97.70737648123031,-1.6382233157794193e-10,0
0.36229848861694336,-4.509683459996694e-10,97.72749148153525,-1.63385150169763e-10,0
0.3614163398742676,-4.4981907088015305e-10,97.7476064818402,-1.6257196220314865e-10,0
0.36155620217323303,-4.502209161039161e-10,97.76772148214513,-1.6278016456548569e-10,0
0.36233294010162354,-4.513940332628863e-10,97.78783648245007,-1.6355492721647164e-10,0
0.3624878227710724,-4.515254281578507e-10,97.80790648275433,-1.6367246937871556e-10,0
0.3619922697544098,-4.506494066802702e-10,97.82802148305927,-1.631316015876691e-10,0
0.361179918050766,-4.495140371041373e-10,97.84813648336421,-1.623554430839413e-10,0
0.3614458739757538,-4.501066741546822e-10,97.86825148366916,-1.6268920022215893e-10,0
0.3621858060359955,-4.5119630254220056e-10,97.8883664839741,-1.6341689651670779e-10,0
0.3622336983680725,-4.5116874125561424e-10,97.90848148427904,-1.6342852173308912e-10,0
0.3616751730442047,-4.5019588057471083e-10,97.9285514845833,-1.6282467301064666e-10,0
0.3609476685523987,-4.4928080700223916e-10,97.94866648488824,-1.6216685981279842e-10,0
0.36140677332878113,-4.5011494531621565e-10,97.96878148519318,-1.6267459001379426e-10,0
0.36206355690956116,-4.5111261948171943e-10,97.98889648549812,-1.6333143957634073e-10,0
0.362018346786499,-4.509182749412588e-10,98.00901148580306,-1.6324068843005454e-10,0
0.36135348677635193,-4.4985154490362333e-10,98.029126486108,-1.6255542428265294e-10,0
0.3607230484485626,-4.491416127905268e-10,98.04919648641226,-1.6201573175090274e-10,0
0.36136192083358765,-4.5013465177490275e-10,98.0693114867172,-1.6266152239913695e-10,0
0.36190029978752136,-4.509554119014325e-10,98.08942648702214,-1.632008987579336e-10,0
0.3617780804634094,-4.50555259767782e-10,98.10954148732708,-1.6300101702148097e-10,0
0.3610304594039917,-4.493446170705795e-10,98.12965648763202,-1.6222709353170204e-10,0
0.36056602001190186,-4.488566462956811e-10,98.14977148793696,-1.618424545107237e-10,0
0.3613030016422272,-4.5004941440218715e-10,98.16984148824122,-1.626042043108368e-10,0
0.3617244362831116,-4.5069370457895275e-10,98.18995648854616,-1.630269262251689e-10,0
0.36153092980384827,-4.502125061645046e-10,98.2100714888511,-1.6276574596297411e-10,0
0.3607196807861328,-4.489881799685236e-10,98.23018648915604,-1.6195887295499258e-10,0
0.3604472577571869,-4.488056315476996e-10,98.25030148946098,-1.6177075915735072e-10,0
0.36124885082244873,-4.5001818937961957e-10,98.27037148976524,-1.6256855376258667e-10,0
0.3615742027759552,-4.504466244448224e-10,98.29048649007018,-1.6286987912675676e-10,0
0.36128145456314087,-4.498132699648494e-10,98.31060149037512,-1.6250919245470355e-10,0
0.3604223132133484,-4.4856565684092686e-10,98.33071649068006,-1.616730716666719e-10,0
0.3603280484676361,-4.486470916997831e-10,98.350831490985,-1.6166013100286343e-10,0
0.3611477315425873,-4.499597916485243e-10,98.37094649128994,-1.6250195803923976e-10,0
0.3613590598106384,-4.5020659422689846e-10,98.3910164915942,-1.6268623161038163e-10,0
0.3610055446624756,-4.4947687238838796e-10,98.41113149189914,-1.6226364312975603e-10,0
0.3601471781730652,-4.4821840683439973e-10,98.43124649220408,-1.6142459442663598e-10,0
0.36026710271835327,-4.4858519676616027e-10,98.45136149250902,-1.6161048916128697e-10,0
0.3610645532608032,-4.498640904238016e-10,98.47147649281396,-1.624299768369475e-10,0
0.36119216680526733,-4.499734473917272e-10,98.4915914931189,-1.625268844682539e-10,0
0.3607199788093567,-4.4907619289880074e-10,98.51166149342316,-1.6199075478624198e-10,0
0.3599003851413727,-4.4797621168157775e-10,98.5317764937281,-1.6122681111837293e-10,0
0.36020925641059875,-4.485671556420101e-10,98.55189149403304,-1.6157804158402578e-10,0
0.3609112799167633,-4.496812089360702e-10,98.57200649433798,-1.6229502067163456e-10,0
0.3609737753868103,-4.4961701028967127e-10,98.59212149464292,-1.6229994968239297e-10,0
0.36037787795066833,-4.4859513326223066e-10,98.61223649494787,-1.6166376218403996e-10,0
0.3596511483192444,-4.476834736255597e-10,98.63230649525212,-1.610098753729807e-10,0
0.3601168990135193,-4.4852174752030294e-10,98.65242149555706,-1.6152026085713613e-10,0
0.36075878143310547,-4.495018246508664e-10,98.672536495862,-1.6216173051300402e-10,0
0.36072811484336853,-4.492652638798944e-10,98.69265149616695,-1.6206261170400282e-10,0
0.36001497507095337,-4.481375548426314e-10,98.71276649647189,-1.6133623063502794e-10,0
0.3594364523887634,-4.4743789229251263e-10,98.73283649677614,-1.6082548866992637e-10,0
0.36002761125564575,-4.484508597801806e-10,98.75295149708109,-1.6145469181219897e-10,0
0.36061468720436096,-4.4927050968368576e-10,98.77306649738603,-1.6201354431972616e-10,0
0.36049169301986694,-4.4891834694027466e-10,98.79318149769097,-1.6183133491617962e-10,0
0.35973525047302246,-4.477591353246879e-10,98.8132964979959,-1.6107474469761057e-10,0
0.3592953383922577,-4.472689163481647e-10,98.83341149830085,-1.6070163665165223e-10,0
0.36003559827804565,-4.484895232970132e-10,98.8534814986051,-1.6147219384167564e-10,0
0.36045873165130615,-4.4911649399459463e-10,98.87359649891005,-1.6188796178897304e-10,0
0.36024221777915955,-4.486204463471921e-10,98.89371149921499,-1.6161202453318894e-10,0
0.35942330956459045,-4.4741504945378097e-10,98.91382649951993,-1.6081139782368286e-10,0
0.3591485917568207,-4.4724435266374485e-10,98.93394149982487,-1.6062717943037483e-10,0
0.359923392534256,-4.484960736128585e-10,98.95405650012981,-1.6142422835303343e-10,0
0.3602476119995117,-4.488930338553132e-10,98.97412650043407,-1.6171264348959255e-10,0
0.35996708273887634,-4.482964555130309e-10,98.99424150073901,-1.6137196729320418e-10,0
0.3590872585773468,-4.470235570597225e-10,99.01435650104395,-1.6052046362406992e-10,0
0.35899680852890015,-4.47124254288056e-10,99.03447150134889,-1.605161803052765e-10,0
0.359793484210968,-4.483410864786208e-10,99.05458650165383,-1.613102016190739e-10,0
0.3600161373615265,-4.485870563897265e-10,99.07470150195877,-1.614985793118066e-10,0
0.35961776971817017,-4.478218351700036e-10,99.09477150226303,-1.6104468959493472e-10,0
0.358749657869339,-4.466145508974506e-10,99.11488650256797,-1.602228173339289e-10,0
0.35886693000793457,-4.4700476653503074e-10,99.13500150287291,-1.6041522826534e-10,0
0.35966742038726807,-4.4825948508631086e-10,99.15511650317785,-1.612243326651185e-10,0
0.3598053455352783,-4.4838219248610756e-10,99.17523150348279,-1.613303096993296e-10,0
0.3593370020389557,-4.4745518401612117e-10,99.19530150378705,-1.6078720437114222e-10,0
0.3585074841976166,-4.463586444902745e-10,99.21541650409199,-1.6002291468606665e-10,0
0.35879218578338623,-4.4697137657756514e-10,99.23553150439693,-1.6036983718487364e-10,0
0.359540194272995,-4.4810000154882346e-10,99.25564650470187,-1.6110996161059334e-10,0
0.35959193110466003,-4.4804709942170007e-10,99.27576150500681,-1.6111412170689074e-10,0
0.35903090238571167,-4.470633307995797e-10,99.29587650531175,-1.6050955108053503e-10,0
0.3583315312862396,-4.46159886813291e-10,99.31594650561601,-1.598731554403019e-10,0
0.35878339409828186,-4.470327441552513e-10,99.33606150592095,-1.6038792522108993e-10,0
0.35946163535118103,-4.4802575538405165e-10,99.35617650622589,-1.610480707097994e-10,0
0.3593987822532654,-4.478120374518113e-10,99.37629150653083,-1.6094310093853465e-10,0
0.35872897505760193,-4.4669279386511107e-10,99.39640650683577,-1.6024164810884795e-10,0
0.358109712600708,-4.459886904228938e-10,99.41652150714071,-1.5971288175050863e-10,0
0.3587251901626587,-4.470152026314622e-10,99.43659150744497,-1.603556135695707e-10,0
0.35928842425346375,-4.478424298071104e-10,99.45670650774991,-1.6090460091923915e-10,0
0.35915854573249817,-4.4745429583770147e-10,99.47682150805485,-1.6070703417482787e-10,0
0.3583982586860657,-4.462582803288484e-10,99.4969365083598,-1.5993819059409742e-10,0
0.35793575644493103,-4.458294289300113e-10,99.51705150866474,-1.5957829388947522e-10,0
0.35867416858673096,-4.4701470303110113e-10,99.53716650896968,-1.6033262695572464e-10,0
0.35912615060806274,-4.4759487782819463e-10,99.55723650927393,-1.6074302550632567e-10,0
0.35891252756118774,-4.4710438129591523e-10,99.57735150957888,-1.6047136357459797e-10,0
0.35806602239608765,-4.458695634923515e-10,99.59746650988382,-1.5965074110718616e-10,0
0.3577878177165985,-4.45673331572749e-10,99.61758151018876,-1.594564887178999e-10,0
0.35859215259552,-4.469094816439423e-10,99.6376965104937,-1.602582330380493e-10,0
0.3589118421077728,-4.4735928850236917e-10,99.65776651079796,-1.6056254632040791e-10,0
0.358595609664917,-4.467400616103845e-10,99.6778815111029,-1.601990247549184e-10,0
0.35775333642959595,-4.455296132022113e-10,99.69799651140784,-1.5938970560127845e-10,0
0.3576540946960449,-4.4559417267109325e-10,99.71811151171278,-1.5936858042851298e-10,0
0.35845422744750977,-4.4686537803428905e-10,99.73822651201772,-1.6018078385632048e-10,0
0.35868602991104126,-4.4712464286611464e-10,99.75834151232266,-1.6037736302503884e-10,0
0.3583146333694458,-4.4634168583357337e-10,99.77841151262692,-1.599307575169572e-10,0
0.3574444651603699,-4.4513809305257723e-10,99.79852651293186,-1.5911214759368543e-10,0
0.3575402796268463,-4.454838442580211e-10,99.8186415132368,-1.5927841824525533e-10,0
0.3583261966705322,-4.467138048358521e-10,99.83875651354174,-1.600692586870533e-10,0
0.35846763849258423,-4.4684586586463126e-10,99.85887151384668,-1.6017978230666842e-10,0
0.35800281167030334,-4.4597461834605667e-10,99.87898651415162,-1.5966016730147874e-10,0
0.357161283493042,-4.448715007487891e-10,99.89905651445588,-1.588908761969133e-10,0
0.3574720621109009,-4.4545775401694243e-10,99.91917151476082,-1.5923870191172685e-10,0
0.35818710923194885,-4.465646463724937e-10,99.93928651506576,-1.5995369976935102e-10,0
0.35824304819107056,-4.465137981579659e-10,99.9594015153707,-1.5996046411148212e-10,0
0.3576483428478241,-4.4549189337494965e-10,99.97951651567564,-1.593294374176903e-10,0
0.35693395137786865,-4.4457532100139474e-10,99.9995865159799,-1.5868402601011218e-10,0
0.35738176107406616,-4.454058788461168e-10,100.01965651628416,-1.5917993737476738e-10,1
0.35804226994514465,-4.464650316116092e-10,100.0397715165891,-1.5985335336935133e-10,1
0.3580227494239807,-4.462108182945457e-10,100.05988651689404,-1.5975362398853751e-10,1
0.35737138986587524,-4.451586044229572e-10,100.0799565171983,-1.5908694917338557e-10,1
0.3567512631416321,-4.4438297486237843e-10,100.10007151750324,-1.5853418760078964e-10,1
0.35735559463500977,-4.4549491873269176e-10,100.12018651780818,-1.5920010159059641e-10,1
0.35793226957321167,-4.463245051322673e-10,100.14030151811312,-1.59753943088133e-10,1
0.35777440667152405,-4.459954350277684e-10,100.16041651841806,-1.595657521452681e-10,1
0.3570445775985718,-4.4484441130698826e-10,100.18048651872232,-1.5882928493218895e-10,1
0.35654014348983765,-4.443084788974261e-10,100.20060151902726,-1.584138088198398e-10,1
0.3573053777217865,-4.454768776085416e-10,100.2207165193322,-1.59171284020242e-10,1
0.3577548861503601,-4.4613615579613963e-10,100.24083151963714,-1.5960738962440725e-10,1
0.35754910111427307,-4.4565418022557424e-10,100.26094651994208,-1.5934325154747232e-10,1
0.3567413091659546,-4.4440320867700223e-10,100.28106152024702,-1.5853698246098468e-10,1
0.3564354479312897,-4.441541578970032e-10,100.30113152055128,-1.583122862205631e-10,1
0.3572118580341339,-4.4541589860891406e-10,100.32124652085622,-1.591078407400336e-10,1
0.3575502634048462,-4.458663716011557e-10,100.34136152116116,-1.5941963860935626e-10,1
0.35725364089012146,-4.4528197795656865e-10,100.3614765214661,-1.5907860784773896e-10,1
0.3563661575317383,-4.440159906415886e-10,100.38159152177104,-1.582322724675912e-10,1
0.3562581241130829,-4.440696699248292e-10,100.40170652207598,-1.5820342758293556e-10,1
0.3570660948753357,-4.453120372449604e-10,100.42177652238024,-1.5900583014003804e-10,1
0.3573211133480072,-4.4560355405565133e-10,100.44189152268518,-1.5922355804699424e-10,1
0.35692521929740906,-4.448536816692439e-10,100.46200652299012,-1.5877949788505467e-10,1
0.35606956481933594,-4.436775391525316e-10,100.48212152329506,-1.579800682861558e-10,1
0.3561718761920929,-4.4400738641314774e-10,100.5022365236,-1.581429438619184e-10,1
0.35695821046829224,-4.4523171260912875e-10,100.52235152390494,-1.5892911537668758e-10,1
0.3571060001850128,-4.4533932097579054e-10,100.5424215242092,-1.5903334363877414e-10,1
0.3566324710845947,-4.4444395386200597e-10,100.56253652451414,-1.585031455244148e-10,1
0.3558005392551422,-4.4336895266283705e-10,100.58265152481908,-1.5775091244642504e-10,1
0.356094092130661,-4.439889844665146e-10,100.60276652512403,-1.5810185433961766e-10,1
0.3568275272846222,-4.4509268493087006e-10,100.62288152542897,-1.5882132217635579e-10,1
0.35687020421028137,-4.4503675744600457e-10,100.64295152573322,-1.588203585108371e-10,1
0.3562922179698944,-4.440326994981092e-10,100.66306652603816,-1.5820539535534095e-10,1
0.3555426597595215,-4.4307327251580375e-10,100.6831815263431,-1.5753144977862415e-10,1
0.3559879660606384,-4.438625300640098e-10,100.70329652664805,-1.5800971928801582e-10,1
0.35666048526763916,-4.448670043455394e-10,100.72341152695299,-1.5866648164944102e-10,1
0.3566094934940338,-4.4460077286423427e-10,100.74352652725793,-1.5854885641817056e-10,1
0.3559492230415344,-4.435492806376118e-10,100.76359652756219,-1.5788102182358942e-10,1
0.3553142845630646,-4.428364897002268e-10,100.78371152786713,-1.57346130516255e-10,1
0.3559243381023407,-4.4386480602121026e-10,100.80382652817207,-1.579822872900231e-10,1
0.3565010726451874,-4.4470696569653967e-10,100.82394152847701,-1.5853851028360294e-10,1
0.3563757538795471,-4.442960721551259e-10,100.84405652878195,-1.5833634766000466e-10,1
0.3556104898452759,-4.4311623814685674e-10,100.86417152908689,-1.5757678250579965e-10,1
0.35514578223228455,-4.426346789099256e-10,100.88424152939115,-1.5719983928460162e-10,1
0.3558518886566162,-4.4382669761589e-10,100.90435652969609,-1.5793656858284336e-10,1
0.356288343667984,-4.444418721938348e-10,100.92447153000103,-1.5834945850063924e-10,1
0.3560802936553955,-4.4396142317992826e-10,100.94458653030597,-1.5808591393757617e-10,1
0.35525795817375183,-4.427327671141512e-10,100.96470153061091,-1.5728433886158854e-10,1
0.3549816608428955,-4.425421418208231e-10,100.98481653091585,-1.5709434449652798e-10,1
0.3557341396808624,-4.4374989793816155e-10,101.00488653122011,-1.578569881765024e-10,1
0.35609444975852966,-4.44192155280021e-10,101.02500153152505,-1.5817436112149444e-10,1
0.3558224141597748,-4.4353326567048157e-10,101.04511653182999,-1.578190773510395e-10,1
0.35497206449508667,-4.4232154050583006e-10,101.06523153213493,-1.570117904040016e-10,1
0.3548620939254761,-4.4243575469948837e-10,101.08534653243987,-1.5700367834015873e-10,1
0.3556561768054962,-4.436588874057179e-10,101.10541653274413,-1.5779002370049775e-10,1
0.3559350371360779,-4.4396758491771493e-10,101.12553153304907,-1.5802361882490167e-10,1
0.3555438220500946,-4.432042233215583e-10,101.14564653335401,-1.575785235084905e-10,1
0.3546881377696991,-4.420205867994298e-10,101.16576153365895,-1.567794587877594e-10,1
0.35480231046676636,-4.4231870943711726e-10,101.18587653396389,-1.569357000709675e-10,1
0.3555832803249359,-4.4357567619002225e-10,101.20599153426883,-1.5772809401199968e-10,1
0.35571151971817017,-4.4367884366458554e-10,101.22606153457309,-1.5782167574673016e-10,1
0.3552475869655609,-4.4277720379071184e-10,101.24617653487803,-1.572955332100088e-10,1
0.3544003665447235,-4.4168180224346543e-10,101.26629153518297,-1.5653219261121823e-10,1
0.35468584299087524,-4.423102717421301e-10,101.28640653548791,-1.5688119159638052e-10,1
0.3554445505142212,-4.4344602989632165e-10,101.30652153579285,-1.5762047477381394e-10,1
0.35548287630081177,-4.4358205997241384e-10,101.3266365360978,-1.5768582655443286e-10,1
0.35489535331726074,-4.427114230765028e-10,101.34670653640205,-1.5711622691032276e-10,1
0.3541654348373413,-4.418269916595108e-10,101.366821536707,-1.56479848623965e-10,1
0.35460689663887024,-4.4267986498702783e-10,101.38693653701193,-1.56977333127564e-10,1
0.35527557134628296,-4.4364564799614925e-10,101.40705153731687,-1.5761646106712386e-10,1
0.35523533821105957,-4.4341919025470133e-10,101.42716653762182,-1.57518166019403e-10,1
0.35458046197891235,-4.423434674105664e-10,101.44728153792676,-1.568463510277926e-10,1
0.35392677783966064,-4.4163514512085555e-10,101.46735153823101,-1.5630650389337533e-10,1
0.35453104972839355,-4.426654043321321e-10,101.48746653853595,-1.5693863047631456e-10,1
0.3550954759120941,-4.434965172883665e-10,101.5075815388409,-1.5748360687186877e-10,1
0.3549483120441437,-4.4313686053953916e-10,101.52769653914584,-1.5729068065305052e-10,1
0.354201078414917,-4.419665744492818e-10,101.54781153945078,-1.565450372932823e-10,1
0.3537381887435913,-4.4157047462967114e-10,101.56788153975504,-1.562003398981478e-10,1
0.35444942116737366,-4.4274664490195903e-10,101.58799654005998,-1.569312920092961e-10,1
0.3549019694328308,-4.4332204574004663e-10,101.60811154036492,-1.5733586712613405e-10,1
0.3546743392944336,-4.428185040872279e-10,101.62822654066986,-1.57056360364487e-10,1
0.3538362681865692,-4.415786070133265e-10,101.6483415409748,-1.5624652641661906e-10,1
0.35353970527648926,-4.4131295839910933e-10,101.66845654127974,-1.5602165324711668e-10,1
0.35432350635528564,-4.4252998487870343e-10,101.688526541584,-1.5679877590957374e-10,1
0.35464903712272644,-4.430117384046639e-10,101.70864154188894,-1.5711368645927922e-10,1
0.35433483123779297,-4.4237161156424065e-10,101.72875654219388,-1.5674767032800572e-10,1
0.3534803092479706,-4.4114092934144367e-10,101.74887154249882,-1.5593463212555065e-10,1
0.3533894717693329,-4.412260834474324e-10,101.76898654280376,-1.5592465256033973e-10,1
0.35421639680862427,-4.4245471175763385e-10,101.7891015431087,-1.567247137497875e-10,1
0.35442298650741577,-4.4273906762981596e-10,101.80917154341296,-1.569169025928681e-10,1
0.3540462851524353,-4.4200540449956804e-10,101.8292865437179,-1.5649037148037158e-10,1
0.3531794846057892,-4.408199083538733e-10,101.84940154402284,-1.556885480363922e-10,1
0.3532959520816803,-4.411493392808552e-10,101.86951654432778,-1.5585627583143394e-10,1
0.3540627658367157,-4.4232167928370814e-10,101.88963154463272,-1.5660963715673041e-10,1
0.35421183705329895,-4.4239242824595237e-10,101.90974654493766,-1.5670063470746853e-10,1
0.35369864106178284,-4.414803800312228e-10,101.92981654524192,-1.5615101047248295e-10,1
0.352897047996521,-4.403734044089447e-10,101.94993154554686,-1.554064744320947e-10,1
0.3531741201877594,-4.409825560269809e-10,101.9700465458518,-1.557436262429783e-10,1
0.3539014458656311,-4.4208234295517457e-10,101.99016154615674,-1.5645358036350208e-10,1
0.3539343774318695,-4.420532551119294e-10,102.01027654646168,-1.5645784363977211e-10,1
0.35337719321250916,-4.410227461004723e-10,102.03034654676594,-1.5584738015985798e-10,1
0.35260891914367676,-4.401777276008545e-10,102.05046154707088,-1.5521059276045708e-10,1
0.3530725836753845,-4.409836662500055e-10,102.07057654737582,-1.556992424015329e-10,1
0.3537355065345764,-4.419545562850402e-10,102.09069154768076,-1.5633501883275266e-10,1
0.35368645191192627,-4.417504417819629e-10,102.1108065479857,-1.562411463843884e-10,1
0.3530353903770447,-4.406570386361608e-10,102.13092154829064,-1.5556752965730948e-10,1
0.35240283608436584,-4.3993295117950026e-10,102.1509915485949,-1.5503361968262075e-10,1
0.3530265986919403,-4.409801135363267e-10,102.17110654889984,-1.5567770957251508e-10,1
0.35355693101882935,-4.4177841940218343e-10,102.19122154920478,-1.5619382215418523e-10,1
0.3534419536590576,-4.4137035692948245e-10,102.21133654950972,-1.5599880124035186e-10,1
0.3526935875415802,-4.401878583859542e-10,102.23145154981466,-1.5525143496638725e-10,1
0.35222533345222473,-4.397480990459002e-10,102.2515665501196,-1.5489042082142414e-10,1
0.35295435786247253,-4.409200782262701e-10,102.27163655042386,-1.5562466307902432e-10,1
0.35340479016304016,-4.4151743372466967e-10,102.2917515507288,-1.5603437601879088e-10,1
0.3531925082206726,-4.410600495940997e-10,102.31186655103375,-1.5577910519207433e-10,1
0.35236746072769165,-4.3984399455965217e-10,102.33198155133869,-1.5498671147930926e-10,1
0.352082759141922,-4.396087105451585e-10,102.35209655164363,-1.5477864775156194e-10,1
0.3528660237789154,-4.4086756467720534e-10,102.37221155194857,-1.5556718456073926e-10,1
0.35317131876945496,-4.4126360898566475e-10,102.39228155225283,-1.5584165071043633e-10,1
0.35289591550827026,-4.406531528555746e-10,102.41239655255777,-1.5550469779857376e-10,1
0.3520187735557556,-4.393886643416778e-10,102.4325115528627,-1.5467305873585898e-10,1
0.351952463388443,-4.394890285031039e-10,102.45262655316765,-1.5467924621386105e-10,1
0.35276445746421814,-4.407325060462597e-10,102.47274155347259,-1.5547476338225404e-10,1
0.3530134856700897,-4.4098494300648383e-10,102.49281155377685,-1.556736318587447e-10,1
0.3526460826396942,-4.4026646217609766e-10,102.51292655408179,-1.5525824320403794e-10,1
0.3517643213272095,-4.391035035578028e-10,102.53304155438673,-1.5446094592141042e-10,1
0.35187774896621704,-4.394721531131296e-10,102.55315655469167,-1.5464047197078471e-10,1
0.3526318669319153,-4.406726372696568e-10,102.57327155499661,-1.5539521478620978e-10,1
0.3527752161026001,-4.407730014310829e-10,102.59338655530155,-1.5549379083204193e-10,1
0.3523029685020447,-4.3988743203549063e-10,102.61345655560581,-1.5497364811284478e-10,1
0.35146772861480713,-4.388235608221436e-10,102.63357155591075,-1.5423232018482047e-10,1
0.3517647087574005,-4.3940814875575995e-10,102.65368655621569,-1.5456827947269842e-10,1
0.35248321294784546,-4.405174836019654e-10,102.67380155652063,-1.552750179797206e-10,1
0.3525533378124237,-4.4045894709299205e-10,102.69391655682557,-1.5528527196698009e-10,1
0.35196319222450256,-4.394634933735375e-10,102.71403155713051,-1.546749739938818e-10,1
0.35123834013938904,-4.3857611986553025e-10,102.73410155743477,-1.5404474836634257e-10,1
0.35168540477752686,-4.393699015725616e-10,102.75421655773971,-1.5451998168160847e-10,1
0.3523375988006592,-4.403931108676318e-10,102.77433155804465,-1.5516705121145386e-10,1
0.35227590799331665,-4.4019010658757907e-10,102.79444655834959,-1.5506836948781425e-10,1
0.35161182284355164,-4.390565966350124e-10,102.81456155865453,-1.543774902743227e-10,1
0.35100290179252625,-4.383262086626871e-10,102.83467655895947,-1.5385377117231953e-10,1
0.351580947637558,-4.393786168233049e-10,102.85474655926373,-1.5447715047441702e-10,1
0.3521486818790436,-4.4021619682865776e-10,102.87486155956867,-1.5502155345501743e-10,1
0.3520440459251404,-4.398254260795653e-10,102.89497655987361,-1.5483792249779893e-10,1
0.3512684404850006,-4.3868925159173955e-10,102.91509156017855,-1.5409768926416242e-10,1
0.35079291462898254,-4.381680851484049e-10,102.9352065604835,-1.5370625968660915e-10,1
0.3514960706233978,-4.3941209004749737e-10,102.95527656078775,-1.5445162303610998e-10,1
0.3519555330276489,-4.400477204846709e-10,102.97539156109269,-1.548772300207842e-10,1
0.35174134373664856,-4.395057096040489e-10,102.99550656139763,-1.545923288760574e-10,1
0.35093623399734497,-4.382890717025134e-10,103.01562156170257,-1.5381151622547235e-10,1
0.3506338894367218,-4.380847906659824e-10,103.03573656200751,-1.5360737405428548e-10,1
0.35142287611961365,-4.3936784765996606e-10,103.05585156231245,-1.5440391269914953e-10,1
0.3517265021800995,-4.3973735763813693e-10,103.07592156261671,-1.5466728267998136e-10,1
0.3514562249183655,-4.3908454649965734e-10,103.09603656292165,-1.5431899713276207e-10,1
0.35060209035873413,-4.3779452285619413e-10,103.1161515632266,-1.5349167486098627e-10,1
0.3504878878593445,-4.378898355028582e-10,103.13626656353154,-1.5347508356047257e-10,1
0.3512857258319855,-4.391057517594277e-10,103.15638156383648,-1.5425158272381018e-10,1
0.35151755809783936,-4.3943124139467216e-10,103.17649656414142,-1.5446779692695734e-10,1
0.35111624002456665,-4.386744578699364e-10,103.19656656444567,-1.5402572624210725e-10,1
0.35029247403144836,-4.374107187565812e-10,103.21668156475062,-1.532216828411169e-10,1
0.35035836696624756,-4.377365692143087e-10,103.23679656505556,-1.53364669551333e-10,1
0.35115504264831543,-4.3898190638103074e-10,103.2569115653605,-1.5415071005706966e-10,1
0.35132747888565063,-4.391044194917981e-10,103.27702656566544,-1.5426944866760059e-10,1
0.3507936894893646,-4.3824932571823183e-10,103.29714156597038,-1.5373509788492483e-10,1
0.3499821126461029,-4.3714937225658446e-10,103.31721156627464,-1.5299446084427711e-10,1
0.3502579629421234,-4.3773826230442126e-10,103.33732656657958,-1.5332131205657148e-10,1
0.3509979248046875,-4.388070740102279e-10,103.35744156688452,-1.540203723672069e-10,1
0.3510392904281616,-4.387342711353881e-10,103.37755656718946,-1.540129672258833e-10,1
0.35045725107192993,-4.377461448878961e-10,103.3976715674944,-1.5341131060474682e-10,1
0.3497317135334015,-4.3682274464273974e-10,103.41774156779866,-1.5277076699426884e-10,1
0.35016828775405884,-4.3763809243202445e-10,103.4378565681036,-1.5324698148287454e-10,1
0.3508354425430298,-4.3865322485459046e-10,103.45797156840854,-1.538950982647874e-10,1
0.350782573223114,-4.384081986330557e-10,103.47808656871348,-1.5378595603861337e-10,1
0.3501303493976593,-4.3723866194333993e-10,103.49820156901842,-1.5309052547638665e-10,1
0.3494957685470581,-4.3652051417986115e-10,103.51831656932336,-1.5256207258984755e-10,1
0.35010117292404175,-4.3761322343627285e-10,103.53838656962762,-1.5320890281210988e-10,1
0.35064080357551575,-4.3848288888703735e-10,103.55850156993256,-1.5374999251346436e-10,1
0.35050666332244873,-4.3818290662578363e-10,103.5786165702375,-1.5358602852633553e-10,1
0.34975484013557434,-4.3705219998635414e-10,103.59873157054244,-1.5286112233712836e-10,1
0.34928348660469055,-4.365428296626561e-10,103.61884657084738,-1.5247720159685006e-10,1
0.3499962389469147,-4.3773451530171315e-10,103.63896157115232,-1.5320543401285027e-10,1
0.3504314422607422,-4.383440832533836e-10,103.65903157145658,-1.5360954930094606e-10,1
0.350217342376709,-4.378003515270734e-10,103.67914657176152,-1.5332527560340062e-10,1
0.34937968850135803,-4.3652634285074043e-10,103.69926157206646,-1.525134376878287e-10,1
0.3491213917732239,-4.363126249185001e-10,103.7193765723714,-1.5232607085977535e-10,1
0.3499004542827606,-4.3755124523592315e-10,103.73949157267634,-1.530993794800371e-10,1
0.3502548933029175,-4.3792719450763684e-10,103.75960657298128,-1.5338614278671833e-10,1
0.3499368131160736,-4.37292452248883e-10,103.77967657328554,-1.5302472713968692e-10,1
0.34908002614974976,-4.360738159459032e-10,103.79979157359048,-1.5222465907361706e-10,1
0.3489738702774048,-4.3615147604647575e-10,103.81990657389542,-1.5220546862314145e-10,1
0.34978628158569336,-4.3738854205166433e-10,103.84002157420036,-1.5299251173243934e-10,1
0.35001271963119507,-4.376730089461489e-10,103.8601365745053,-1.5319112017040995e-10,1
0.3496157228946686,-4.3691600337680825e-10,103.88020657480956,-1.5275270436483227e-10,1
0.34873780608177185,-4.357280369848837e-10,103.9003215751145,-1.519548396664255e-10,1
0.3488585352897644,-4.3604794774942945e-10,103.92043657541944,-1.5211904836797368e-10,1
0.34959885478019714,-4.3724562859281946e-10,103.94055157572438,-1.528605710136971e-10,1
0.349738746881485,-4.373274242741587e-10,103.96066657602933,-1.529503453425518e-10,1
0.34924593567848206,-4.364464067929674e-10,103.98078157633427,-1.5242713371392131e-10,1
0.34843742847442627,-4.3539616356724764e-10,104.00085157663852,-1.5170831960100245e-10,1
0.34873706102371216,-4.359695104927397e-10,104.02096657694347,-1.5203872578518448e-10,1
0.3494502007961273,-4.370951378618315e-10,104.0410815772484,-1.5274298369282798e-10,1
0.34948238730430603,-4.370270534348464e-10,104.06119657755335,-1.5273325795097663e-10,1
0.3489252030849457,-4.359969052458723e-10,104.08131157785829,-1.5213030870732381e-10,1
0.34819290041923523,-4.350993731971897e-10,104.10142657816323,-1.5149851272412075e-10,1
0.3486452102661133,-4.359636540662848e-10,104.12149657846749,-1.5199663984032293e-10,1
0.3492758274078369,-4.368741479687799e-10,104.14161157877243,-1.5258957950488937e-10,1
0.3492271602153778,-4.366223771423705e-10,104.16172657907737,-1.5248039285591774e-10,1
0.3485569655895233,-4.354978322407277e-10,104.18184157938231,-1.5179580292664332e-10,1
0.3479223847389221,-4.347600057741374e-10,104.20195657968725,-1.5126273799804544e-10,1
0.3485427498817444,-4.358702565543382e-10,104.22207157999219,-1.5191941781111045e-10,1
0.3490699529647827,-4.366617900597447e-10,104.24214158029645,-1.524255105176729e-10,1
0.3489528000354767,-4.36362168620974e-10,104.26225658060139,-1.522698005698417e-10,1
0.34821590781211853,-4.351318194650844e-10,104.28237158090633,-1.5151982153297323e-10,1
0.3477526307106018,-4.346335513716326e-10,104.30248658121127,-1.5114496088457674e-10,1
0.34846383333206177,-4.3584605369240137e-10,104.32260158151621,-1.518765866123058e-10,1
0.3488844633102417,-4.3641978919595203e-10,104.34267158182047,-1.5226008393159854e-10,1
0.3486749827861786,-4.35917135721553e-10,104.36278658212541,-1.5199339979391277e-10,1
0.3478407561779022,-4.347363580237129e-10,104.38290158243035,-1.5121902351299553e-10,1
0.3475552797317505,-4.3452436093716074e-10,104.40301658273529,-1.5102123581577501e-10,1
0.3483404517173767,-4.3575507091553334e-10,104.42313158304023,-1.517911182408544e-10,1
0.34867921471595764,-4.361561944943304e-10,104.44324658334517,-1.5207859938978361e-10,1
0.34839901328086853,-4.355287519519635e-10,104.46331658364943,-1.5173778743551223e-10,1
0.34752729535102844,-4.3431536145277505e-10,104.48343158395437,-1.5093644289508723e-10,1
0.3474479615688324,-4.344238024867053e-10,104.50354658425931,-1.5093966463098682e-10,1
0.3482392728328705,-4.356430771679243e-10,104.52366158456425,-1.5170802840763203e-10,1
0.3484653830528259,-4.359295424638532e-10,104.54377658486919,-1.5190635499870974e-10,1
0.34807145595550537,-4.3512976555248883e-10,104.56389158517413,-1.514562510254325e-10,1
0.3472195863723755,-4.3390135928689233e-10,104.58396158547839,-1.5065905049800624e-10,1
0.34732764959335327,-4.3433170948681266e-10,104.60407658578333,-1.5085541179991778e-10,1
0.3480844497680664,-4.354976934628496e-10,104.62419158608827,-1.5158997500427806e-10,1
0.348209023475647,-4.356575100672444e-10,104.64430658639321,-1.5169987615034701e-10,1
0.3477315604686737,-4.348057747183276e-10,104.66442158669815,-1.5119569054359465e-10,1
0.34690460562705994,-4.336784542591232e-10,104.6845365870031,-1.504450531437141e-10,1
0.3472249507904053,-4.3424167039951556e-10,104.70460658730735,-1.5077954263561518e-10,1
0.3479258120059967,-4.353481464214326e-10,104.7247215876123,-1.5146885734898249e-10,1
0.3479622006416321,-4.353023497216668e-10,104.74483658791723,-1.5146876355362452e-10,1
0.34736329317092896,-4.343042869781044e-10,104.76495158822217,-1.5086136736296655e-10,1
0.3466508984565735,-4.3335013355516594e-10,104.78506658852712,-1.5022121314317439e-10,1
0.34710052609443665,-4.3416384376548933e-10,104.80513658883137,-1.5069849858218414e-10,1
0.3477591276168823,-4.351076443587232e-10,104.82525158913631,-1.5131265482162626e-10,1
0.34770435094833374,-4.3500689161923844e-10,104.84536658944126,-1.5125378890851946e-10,1
0.34704676270484924,-4.3393866278051973e-10,104.8654815897462,-1.5059700813045063e-10,1
0.3464045226573944,-4.3319384190887433e-10,104.88559659005114,-1.500603060245664e-10,1
0.34700384736061096,-4.342692316861019e-10,104.90571159035608,-1.506930941854139e-10,1
0.34753838181495667,-4.3500508750682343e-10,104.92578159066034,-1.5118096419339504e-10,1
0.34739241003990173,-4.347196491671923e-10,104.94589659096528,-1.510183066158915e-10,1
0.346644788980484,-4.3349701606132385e-10,104.96601159127022,-1.502694816562471e-10,1
0.3462037444114685,-4.330464042912041e-10,104.98612659157516,-1.4992228666953749e-10,1
0.3469145596027374,-4.3426134910262704e-10,105.0062415918801,-1.5065158467642847e-10,1
0.34732306003570557,-4.348224558192726e-10,105.02635659218504,-1.5102386592739015e-10,1
0.3471177816390991,-4.343165271869509e-10,105.0464265924893,-1.5075898944633188e-10,1
0.34628036618232727,-4.331064118456851e-10,105.06654159279424,-1.4997624688983768e-10,1
0.34600791335105896,-4.3288841955479995e-10,105.08665659309918,-1.4978281876399408e-10,1
0.34673789143562317,-4.3418180162291264e-10,105.10677159340412,-1.5054728239444876e-10,1
0.3470931351184845,-4.346095150431495e-10,105.12688659370906,-1.508499791286509e-10,1
0.3467842936515808,-4.338874259879333e-10,105.147001594014,-1.50465344545528e-10,1
0.3459226191043854,-4.326331237702874e-10,105.16707159431826,-1.4965758328592954e-10,1
0.34583431482315063,-4.3262896043394505e-10,105.1871865946232,-1.4961794010432533e-10,1
0.34662333130836487,-4.3386622072816294e-10,105.20730159492814,-1.5038815477096618e-10,1
0.3468681871891022,-4.3414669081975887e-10,105.22741659523308,-1.5059167561879739e-10,1
0.3464811444282532,-4.334126113558767e-10,105.24753159553802,-1.5016929759222188e-10,1
0.3456180691719055,-4.32185232046578e-10,105.26760159584228,-1.4937102542455023e-10,1
0.34569215774536133,-4.3260944826428727e-10,105.28771659614722,-1.4954969363151172e-10,1
0.34646928310394287,-4.337988579461438e-10,105.30783159645216,-1.502979793239096e-10,1
0.34660571813583374,-4.338804870940294e-10,105.3279465967571,-1.503854578143514e-10,1
0.3461228609085083,-4.3300099616949694e-10,105.34806159706204,-1.4987154357042033e-10,1
0.34529057145118713,-4.3186035303399706e-10,105.36817659736698,-1.4911730808622026e-10,1
0.34561192989349365,-4.325253488701719e-10,105.38824659767124,-1.4948592055087674e-10,1
0.34631791710853577,-4.3363002077967394e-10,105.40836159797618,-1.5017384559214776e-10,1
0.3463420569896698,-4.3356418455431367e-10,105.42847659828112,-1.5016151151558982e-10,1
0.34576112031936646,-4.3257192272605494e-10,105.44859159858606,-1.4956655262046317e-10,1
0.34503844380378723,-4.3163034257887034e-10,105.468706598891,-1.4892906170190899e-10,1
0.34549519419670105,-4.3249256953536985e-10,105.48882159919594,-1.4942410430025284e-10,1
0.34613922238349915,-4.3345402267469524e-10,105.5088915995002,-1.5003543834761862e-10,1
0.34607768058776855,-4.3325798504412205e-10,105.52900659980514,-1.4994091856019988e-10,1
0.34541815519332886,-4.320792612588775e-10,105.54912160011008,-1.4924802132133784e-10,1
0.3447958528995514,-4.312935564243503e-10,105.56923660041502,-1.4870822963741465e-10,1
0.3454139530658722,-4.323117142046584e-10,105.58935160071997,-1.4932649816011463e-10,1
0.34595155715942383,-4.3313813646861377e-10,105.6094666010249,-1.4984481277644795e-10,1
0.34582892060279846,-4.3276002226200205e-10,105.62953660132916,-1.496609313789112e-10,1
0.34508785605430603,-4.315796886533718e-10,105.6496516016341,-1.48932909473977e-10,1
0.3446280062198639,-4.3103617897166657e-10,105.66976660193905,-1.4854713896763387e-10,1
0.34532004594802856,-4.3221359824485717e-10,105.68988160224399,-1.4925201960527683e-10,1
0.3457772433757782,-4.3280473649431883e-10,105.70999660254893,-1.4965402870498563e-10,1
0.34555506706237793,-4.323836011455029e-10,105.73006660285319,-1.4941234429050672e-10,1
0.34474796056747437,-4.311162815628933e-10,105.75018160315813,-1.486264588362405e-10,1
0.34446629881858826,-4.3096207158477284e-10,105.77029660346307,-1.4845190972999819e-10,1
0.3452361524105072,-4.321980273669368e-10,105.790411603768,-1.4921038404757236e-10,1
0.34555381536483765,-4.327126434944262e-10,105.81052660407295,-1.4952550491610376e-10,1
0.34526678919792175,-4.320344360042583e-10,105.83064160437789,-1.4916714254212526e-10,1
0.3443787097930908,-4.308041423595199e-10,105.85071160468215,-1.483597747192905e-10,1
0.3442881107330322,-4.3092848733827793e-10,105.87082660498709,-1.483635547667391e-10,1
0.34506601095199585,-4.321740187940293e-10,105.89094160529203,-1.4912856470234857e-10,1
0.34528404474258423,-4.3245898528887494e-10,105.91105660559697,-1.4932118762581647e-10,1
0.3448571562767029,-4.316119406322372e-10,105.93117160590191,-1.4884446646150242e-10,1
0.34401336312294006,-4.303949419082187e-10,105.95128660620685,-1.4806161143694873e-10,1
0.34413444995880127,-4.308167433908494e-10,105.97135660651111,-1.48258883019852e-10,1
0.34492191672325134,-4.3196349275298473e-10,105.99147160681605,-1.4899367587482979e-10,1
0.3450261354446411,-4.321190349987347e-10,106.01158660712099,-1.4909236069768106e-10,1
0.34453490376472473,-4.312168400133487e-10,106.03170160742593,-1.485692524757278e-10,1
0.34372061491012573,-4.3012457484614686e-10,106.05181660773087,-1.47842683354074e-10,1
0.34401872754096985,-4.3072662103682546e-10,106.07193160803581,-1.4817802408711023e-10,1
0.34473052620887756,-4.317943225196075e-10,106.09200160834007,-1.4885268401619008e-10,1
0.34478896856307983,-4.318378432621728e-10,106.11211660864501,-1.488929245648695e-10,1
0.3442199230194092,-4.307605661058034e-10,106.13223160894995,-1.4827636890473676e-10,1
0.343475341796875,-4.2990827564537426e-10,106.15234660925489,-1.4766289191860008e-10,1
0.3439248502254486,-4.307645073975408e-10,106.17246160955983,-1.4815061868913837e-10,1
0.344580739736557,-4.317281254717642e-10,106.19253160986409,-1.487651968401376e-10,1
0.34451648592948914,-4.3145884087714137e-10,106.21264661016903,-1.4864468368220337e-10,1
0.34383055567741394,-4.3035291996673664e-10,106.23276161047397,-1.479684836095607e-10,1
0.34321898221969604,-4.2957207235794215e-10,106.25287661077891,-1.4743728946469853e-10,1
0.34381410479545593,-4.3058573373500053e-10,106.27299161108385,-1.4804144858179376e-10,1
0.34437164664268494,-4.3142431294107553e-10,106.2931066113888,-1.485703010492072e-10,1
0.34424158930778503,-4.3094536272825223e-10,106.31317661169305,-1.4834931657039346e-10,1
0.34351134300231934,-4.29816515712389e-10,106.33329161199799,-1.4764684855694023e-10,1
0.3430105149745941,-4.2935538457911093e-10,106.35340661230293,-1.4727341157159575e-10,1
0.34373632073402405,-4.306313083901614e-10,106.37352161260787,-1.4802362153891294e-10,1
0.34417542815208435,-4.311969392656323e-10,106.39363661291281,-1.484073911896173e-10,1
0.3439566493034363,-4.306240086737745e-10,106.41375161321776,-1.4811599113304535e-10,1
0.3431335687637329,-4.29409174884654e-10,106.43382161352201,-1.4734470263806124e-10,1
0.34283962845802307,-4.2917303044731625e-10,106.45393661382695,-1.4713752230276173e-10,1
0.3436063826084137,-4.3035422447879057e-10,106.4740516141319,-1.4787245831340647e-10,1
0.3439512550830841,-4.308116086093605e-10,106.49416661443684,-1.4817819348555195e-10,1
0.3436301648616791,-4.302484202245438e-10,106.51428161474178,-1.4784633557323696e-10,1
0.34277641773223877,-4.2894998664166906e-10,106.53439661504672,-1.47033939807323e-10,1
0.3426896333694458,-4.290150457109121e-10,106.55446661535098,-1.470190087246485e-10,1
0.3434745967388153,-4.3024409035474775e-10,106.57458161565592,-1.477779154338554e-10,1
0.3437328636646271,-4.305382439451222e-10,106.59469661596086,-1.4799014350839664e-10,1
0.3433193862438202,-4.2976175396169936e-10,106.6148116162658,-1.4754554160119828e-10,1
0.3424736559391022,-4.2856351800679704e-10,106.63492661657074,-1.4677171481391103e-10,1
0.34256094694137573,-4.2894962581918605e-10,106.654996616875,-1.4694139001076917e-10,1
0.3433140218257904,-4.301191347533262e-10,106.67511161717994,-1.4766593001639351e-10,1
0.3434761166572571,-4.301795586414414e-10,106.69522661748488,-1.477564042674951e-10,1
0.34298714995384216,-4.2930886623437914e-10,106.71534161778982,-1.4724742447964496e-10,1
0.34216901659965515,-4.281963672525535e-10,106.73545661809476,-1.46515529894351e-10,1
0.3424621820449829,-4.288152888332064e-10,106.7555716183997,-1.4685301950806946e-10,1
0.3431762158870697,-4.2988018700285124e-10,106.77564161870396,-1.4752465586046437e-10,1
0.34320443868637085,-4.298002231895026e-10,106.7957566190089,-1.4750934434703016e-10,1
0.34265145659446716,-4.2879763628711487e-10,106.81587161931384,-1.4692813465804446e-10,1
0.34188392758369446,-4.2790238019563276e-10,106.83598661961878,-1.462929463636942e-10,1
0.34231963753700256,-4.2870346161905104e-10,106.85610161992372,-1.4675361359229184e-10,1
0.34294962882995605,-4.296358824262825e-10,106.87621662022866,-1.4734346641012422e-10,1
0.34289970993995667,-4.293574384917065e-10,106.89628662053292,-1.4722654111936894e-10,1
0.3422544598579407,-4.2826164836640146e-10,106.91640162083786,-1.4657445913951405e-10,1
0.3416229486465454,-4.2753897644409733e-10,106.9365166211428,-1.4605712579415845e-10,1
0.3422311246395111,-4.2855752280246406e-10,106.95663162144774,-1.466657230014102e-10,1
0.34279710054397583,-4.293709554570313e-10,106.97674662175268,-1.4718711858846693e-10,1
0.34263432025909424,-4.290088562175498e-10,106.99681662205694,-1.4699315783523167e-10,1
0.3419302701950073,-4.27748336750966e-10,107.01693162236188,-1.462601043607228e-10,1
0.34146469831466675,-4.2726000515358464e-10,107.03704662266682,-1.4589420876169174e-10,1
0.3421996831893921,-4.2841474812149727e-10,107.05716162297176,-1.4660339108083958e-10,1
0.34261852502822876,-4.29117519296085e-10,107.0772766232767,-1.4702361152499713e-10,1
0.34239357709884644,-4.2856482251885097e-10,107.09739162358164,-1.4673784260096164e-10,1
0.341569721698761,-4.2740666561513763e-10,107.1174616238859,-1.4598917582635796e-10,1
0.3412562310695648,-4.271823450530121e-10,107.13757662419084,-1.4577863705224927e-10,1
0.34203416109085083,-4.2836725833161893e-10,107.15769162449578,-1.4651623584224306e-10,1
0.34236636757850647,-4.2880099471176436e-10,107.17780662480072,-1.4680703897351713e-10,1
0.3420586585998535,-4.2824568891042247e-10,107.19792162510566,-1.4648514589986928e-10,1
0.3411918878555298,-4.269868347783756e-10,107.2180366254106,-1.4568444424749116e-10,1
0.34112611413002014,-4.2706221892174767e-10,107.23810662571486,-1.4568207523251974e-10,1
0.34191304445266724,-4.2829728652549193e-10,107.2582216260198,-1.4644042916674728e-10,1
0.3421490788459778,-4.285890253807878e-10,107.27833662632474,-1.4664134023753194e-10,1
0.34176015853881836,-4.2776690523105287e-10,107.29845162662969,-1.4619368534942432e-10,1
0.34087613224983215,-4.265176267725934e-10,107.31856662693463,-1.453896789506191e-10,1
0.3409784436225891,-4.268236319937557e-10,107.33868162723957,-1.4553765773857156e-10,1
0.34173062443733215,-4.279310794608193e-10,107.35875162754382,-1.462371550002874e-10,1
0.3418743312358856,-4.2804851330124905e-10,107.37886662784877,-1.463387992213796e-10,1
0.3413715660572052,-4.271721865123368e-10,107.3989816281537,-1.4582443828579696e-10,1
0.34056881070137024,-4.2610959205546806e-10,107.41909662845865,-1.451196369947768e-10,1
0.3408608138561249,-4.2676773226446585e-10,107.43921162876359,-1.4546839654719863e-10,1
0.3415685296058655,-4.278166432225561e-10,107.45932662906853,-1.4612870176644564e-10,1
0.3416011929512024,-4.277768972382745e-10,107.47939662937279,-1.4612909841355849e-10,1
0.34106388688087463,-4.2685194268088367e-10,107.49951162967773,-1.455837826933945e-10,1
0.3403104841709137,-4.2586681403555815e-10,107.51962662998267,-1.4492694167676526e-10,1
0.3407573401927948,-4.266502706684605e-10,107.53974163028761,-1.4538421142552058e-10,1
0.3414302170276642,-4.276340948017321e-10,107.55985663059255,-1.460072017965841e-10,1
0.34134694933891296,-4.2737866023934146e-10,107.57992663089681,-1.4588440188525098e-10,1
0.3407086431980133,-4.263146502481163e-10,107.60004163120175,-1.452490860614713e-10,1
0.34008902311325073,-4.254993024588316e-10,107.62015663150669,-1.4470764210859365e-10,1
0.3406657576560974,-4.265540420878011e-10,107.64027163181163,-1.4531235592911163e-10,1
0.3411911129951477,-4.2735287530959454e-10,107.66038663211657,-1.4580900316855714e-10,1
0.3410719335079193,-4.2690431745207036e-10,107.68050163242151,-1.4560508097625622e-10,1
0.34033113718032837,-4.256931751545068e-10,107.70057163272577,-1.44876642390238e-10,1
0.3398303687572479,-4.25245311186373e-10,107.72068663303071,-1.4451127091275578e-10,1
0.34055423736572266,-4.2644504594235855e-10,107.74080163333565,-1.4522766739929048e-10,1
0.34097227454185486,-4.2706002623127404e-10,107.76091663364059,-1.456156285099817e-10,1
0.34078988432884216,-4.2653844345430514e-10,107.78103163394553,-1.4535998680659703e-10,1
0.33994340896606445,-4.2531450583638275e-10,107.80114663425047,-1.4458286299673707e-10,1
0.3396574854850769,-4.250831908692021e-10,107.82121663455473,-1.443826877326062e-10,1
0.3404024839401245,-4.263367991974576e-10,107.84133163485967,-1.4512610544189665e-10,1
0.3407316207885742,-4.267634023946698e-10,107.86144663516461,-1.4541178579118234e-10,1
0.3404599726200104,-4.2617956386159506e-10,107.88156163546955,-1.4509708264352662e-10,1
0.33958855271339417,-4.2492467877686124e-10,107.90167663577449,-1.4429955667803823e-10,1
0.3395192325115204,-4.2503375818903066e-10,107.92174663607875,-1.4430713537182683e-10,1
0.3402802348136902,-4.2624223595133515e-10,107.94186163638369,-1.4504180813703266e-10,1
0.34054118394851685,-4.2651895904022297e-10,107.96197663668863,-1.452472712880465e-10,1
0.3401564657688141,-4.257452446143617e-10,107.98209163699357,-1.448199977259005e-10,1
0.3392762541770935,-4.245072349196022e-10,108.00220663729851,-1.440252245345981e-10,1
0.33935290575027466,-4.248560114827882e-10,108.02232163760345,-1.4417612202215622e-10,1
0.3400995433330536,-4.260458930094302e-10,108.04239163790771,-1.4489801365143022e-10,1
0.34025686979293823,-4.2616513096227493e-10,108.06250663821265,-1.4500561347612125e-10,1
0.3397916555404663,-4.2528111587891715e-10,108.0826216385176,-1.4450697443459415e-10,1
0.3389378786087036,-4.2419731616227807e-10,108.10273663882253,-1.4377653845154807e-10,1
0.3392264246940613,-4.247740215124196e-10,108.12285163912748,-1.4409457262057638e-10,1
0.33994534611701965,-4.2596232097125153e-10,108.14296663943242,-1.4480390863538112e-10,1
0.3399939239025116,-4.2594888727265356e-10,108.16303663973667,-1.4482003356573807e-10,1
0.3394475281238556,-4.249434415459774e-10,108.18315164004161,-1.4424600082522615e-10,1
0.33868730068206787,-4.2399111999102956e-10,108.20326664034656,-1.4360040794292855e-10,1
0.33911341428756714,-4.24794643905102e-10,108.2233816406515,-1.4405356206573042e-10,1
0.33976253867149353,-4.2578315873065264e-10,108.24349664095644,-1.4466516693389404e-10,1
0.339728444814682,-4.2556064228094215e-10,108.26361164126138,-1.4457505517644168e-10,1
0.33903762698173523,-4.2446365866588565e-10,108.28368164156564,-1.4390915157406712e-10,1
0.33841291069984436,-4.2364481367407336e-10,108.30379664187058,-1.433668744983364e-10,1
0.3390003442764282,-4.246132612184539e-10,108.32391164217552,-1.4394404173739282e-10,1
0.3395456373691559,-4.254492036448454e-10,108.34402664248046,-1.4445942101978883e-10,1
0.3394376039505005,-4.2511771880526794e-10,108.3641416427854,-1.4430093986816277e-10,1
0.3387095034122467,-4.239365247737936e-10,108.38425664309034,-1.4359132978444526e-10,1
0.33822953701019287,-4.234759487520279e-10,108.4043266433946,-1.4323207408135055e-10,1
0.33893904089927673,-4.2455958193521326e-10,108.42444164369954,-1.4389981750571908e-10,1
0.3393486738204956,-4.2524828103296386e-10,108.44455664400448,-1.443074402129817e-10,1
0.33916205167770386,-4.247908969023939e-10,108.46467164430942,-1.440729521274279e-10,1
0.3383263051509857,-4.23570317709121e-10,108.48478664461436,-1.4330498056215605e-10,1
0.3380359709262848,-4.2333736516297904e-10,108.50485664491862,-1.431032572622428e-10,1
0.33879342675209045,-4.2448003445549887e-10,108.52497164522356,-1.438110454610239e-10,1
0.3391275703907013,-4.249704199654758e-10,108.5450866455285,-1.4411918601080778e-10,1
0.3388478457927704,-4.243273232784617e-10,108.56520164583344,-1.437823994039192e-10,1
0.33797451853752136,-4.230771011304313e-10,108.58531664613838,-1.4298927955880775e-10,1
0.33787375688552856,-4.231215655625675e-10,108.60543164644332,-1.4296167297591118e-10,1
0.3386412560939789,-4.243624895927667e-10,108.62550164674758,-1.4370664651486255e-10,1
0.33888155221939087,-4.2471923200615436e-10,108.64561664705252,-1.4392951259967318e-10,1
0.3385159969329834,-4.2397349520051364e-10,108.66573164735746,-1.4352181040096333e-10,1
0.33763882517814636,-4.2273604061726644e-10,108.6858466476624,-1.42732100114475e-10,1
0.3377281427383423,-4.2307241043815225e-10,108.70596164796734,-1.4288345942111081e-10,1
0.3384929895401001,-4.2430012281435836e-10,108.72607664827228,-1.436226170336638e-10,1
0.33861321210861206,-4.243858042762838e-10,108.74614664857654,-1.437026403592892e-10,1
0.3381270468235016,-4.2345438266977453e-10,108.76626164888148,-1.431813798765998e-10,1
0.33729779720306396,-4.2233325170393243e-10,108.78637664918642,-1.4245207548534357e-10,1
0.33758866786956787,-4.2292852553416083e-10,108.80649164949136,-1.4277587753911787e-10,1
0.338297575712204,-4.240247319931001e-10,108.8266066497963,-1.4344653887528278e-10,1
0.33832862973213196,-4.239351092394372e-10,108.84667665010056,-1.4342938460432047e-10,1
0.3377906084060669,-4.2297243485478475e-10,108.8667916504055,-1.4287611610859324e-10,1
0.3370441198348999,-4.2204451045080305e-10,108.88690665071044,-1.4224762055604213e-10,1
0.33744877576828003,-4.2285985824008776e-10,108.90702165101538,-1.4269354148466605e-10,1
0.33808526396751404,-4.2382472531521387e-10,108.92713665132032,-1.432888941341532e-10,1
0.33804118633270264,-4.236037076665866e-10,108.94725165162527,-1.431954998745443e-10,1
0.33737272024154663,-4.224953720211033e-10,108.96732165192952,-1.4253841294822386e-10,1
0.33675938844680786,-4.217561577757323e-10,108.98743665223446,-1.42030345766231e-10,1
0.3373395800590515,-4.2279252321364424e-10,109.0075516525394,-1.4262465223299754e-10,1
0.337883323431015,-4.236003492419371e-10,109.02766665284435,-1.4312749380840436e-10,1
0.33777183294296265,-4.232138806070651e-10,109.04778165314929,-1.4294972817955253e-10,1
0.3370222747325897,-4.2197753624684253e-10,109.06789665345423,-1.422158291519647e-10,1
0.33653703331947327,-4.2151798718137456e-10,109.08796665375849,-1.4185641289681556e-10,1
0.3372495174407959,-4.226808902885182e-10,109.10808165406343,-1.4254892628124875e-10,1
0.3376844525337219,-4.232905970180667e-10,109.12819665436837,-1.4293865351671816e-10,1
0.33747559785842896,-4.228116468052434e-10,109.14831165467331,-1.4268861328710642e-10,1
0.3366486430168152,-4.216010041080409e-10,109.16842665497825,-1.419314059274987e-10,1
0.33633750677108765,-4.2133610489436535e-10,109.18854165528319,-1.417111350328123e-10,1
0.33711156249046326,-4.225551575309794e-10,109.20861165558745,-1.424482293936723e-10,1
0.3374273180961609,-4.2302908398461625e-10,109.22872665589239,-1.4274156928560467e-10,1
0.3371265232563019,-4.2237696673552705e-10,109.24884165619733,-1.423944782990909e-10,1
0.33627694845199585,-4.21094659142085e-10,109.26895665650227,-1.4160442698573368e-10,1
0.33612674474716187,-4.2115000375986256e-10,109.28907165680721,-1.4155977981405758e-10,1
0.3369360566139221,-4.223811023162938e-10,109.30918665711215,-1.423154230026936e-10,1
0.3371645510196686,-4.2267286892716527e-10,109.32925665741641,-1.425103080800229e-10,1
0.33677512407302856,-4.219259386317731e-10,109.34937165772135,-1.4209416033234441e-10,1
0.33589568734169006,-4.206954506980054e-10,109.36948665802629,-1.413097875737286e-10,1
0.3359830379486084,-4.2101924724313733e-10,109.38960165833123,-1.4145532572358555e-10,1
0.33673372864723206,-4.222928950969873e-10,109.40971665863617,-1.4220026114724296e-10,1
0.33688458800315857,-4.2241979358870196e-10,109.42978665894043,-1.4230671812750914e-10,1
0.33641186356544495,-4.214985582784436e-10,109.44990165924537,-1.4179711548059952e-10,1
0.33555999398231506,-4.203901671218091e-10,109.47001665955031,-1.4106612194961869e-10,1
0.335808664560318,-4.2094344676613105e-10,109.49013165985525,-1.4135645671395177e-10,1
0.3365084230899811,-4.220433724722028e-10,109.51024666016019,-1.420211497461985e-10,1
0.3365861773490906,-4.220523930342779e-10,109.53036166046513,-1.4205700161244354e-10,1
0.3360227346420288,-4.210511383995197e-10,109.55043166076939,-1.4148275494914595e-10,1
0.3352583944797516,-4.2010164791328464e-10,109.57054666107433,-1.408426039977057e-10,1
0.3356998562812805,-4.2085096518817977e-10,109.59066166137927,-1.4127960852951014e-10,1
0.3363516628742218,-4.2182499160325904e-10,109.61077666168421,-1.4188153736766083e-10,1
0.3363267779350281,-4.2161882318758614e-10,109.63089166198915,-1.4180170031943915e-10,1
0.33565273880958557,-4.2048492465696086e-10,109.6510066622941,-1.4113691658925115e-10,1
0.3350318670272827,-4.197212022383212e-10,109.67107666259835,-1.4061997801684047e-10,1
0.3355822265148163,-4.207018067248214e-10,109.6911916629033,-1.4118004899952147e-10,1
0.3361501395702362,-4.2156911295165855e-10,109.71130666320823,-1.417105161572007e-10,1
0.3360282778739929,-4.2122708099334716e-10,109.73142166351317,-1.4154421062008338e-10,1
0.3352768123149872,-4.2003522882083644e-10,109.75153666381811,-1.4082807257904627e-10,1
0.33477726578712463,-4.1953146512341277e-10,109.77160666412237,-1.4044959680568257e-10,1
0.33547645807266235,-4.2068717953647194e-10,109.79172166442731,-1.411306449474738e-10,1
0.33593475818634033,-4.213514814832564e-10,109.81183666473225,-1.41546608043534e-10,1
0.335686057806015,-4.2086634177707083e-10,109.8319516650372,-1.4127896313438387e-10,1
0.33486679196357727,-4.196219482999197e-10,109.85206666534214,-1.405174556647002e-10,1
0.33453264832496643,-4.193281555320283e-10,109.87218166564708,-1.4027895838735285e-10,1
0.3352968990802765,-4.204853409905951e-10,109.89225166595133,-1.409874309428592e-10,1
0.33562129735946655,-4.2094080998644756e-10,109.91236666625628,-1.4127670075919622e-10,1
0.3353143632411957,-4.2031872427017447e-10,109.93248166656122,-1.4093890538700525e-10,1
0.33447057008743286,-4.19069806634198e-10,109.95259666686616,-1.4016651713137046e-10,1
0.33432647585868835,-4.191193503366719e-10,109.9727116671711,-1.401226953622425e-10,1
0.3350990116596222,-4.202930226071544e-10,109.99282666747604,-1.4083977648309269e-10,1
0.335340678691864,-4.2056358395825555e-10,110.0128966677803,-1.4103207767764415e-10,1
0.33501777052879333,-4.19863976919288e-10,110.03301166808524,-1.406618934728526e-10,1
0.33412376046180725,-4.1863157385080285e-10,110.05312666839018,-1.3987475570307502e-10,1
0.3341655433177948,-4.188955293749075e-10,110.07324166869512,-1.3998045216696123e-10,1
0.3349376916885376,-4.200697567569023e-10,110.09335666900006,-1.4069719467632232e-10,1
0.3351116478443146,-4.2018888368744456e-10,110.113471669305,-1.4081018921836258e-10,1
0.33464285731315613,-4.193372316052546e-10,110.13354166960926,-1.4032820936217112e-10,1
0.3338451683521271,-4.182569013355675e-10,110.1536566699142,-1.3963304564081153e-10,1
0.3340754806995392,-4.188127622484217e-10,110.17377167021914,-1.399150748712433e-10,1
0.33479052782058716,-4.1994216437579723e-10,110.19388667052408,-1.4059265886549293e-10,1
0.33484339714050293,-4.198907610497571e-10,110.21400167082902,-1.4059764885781183e-10,1
0.33430910110473633,-4.188989710662838e-10,110.23407167113328,-1.400417384708683e-10,1
0.33355703949928284,-4.1789932625491133e-10,110.25418667143822,-1.3939326207433314e-10,1
0.333954781293869,-4.1863568167599396e-10,110.27430167174316,-1.3980538751591633e-10,1
0.33461350202560425,-4.1967315733693056e-10,110.2944166720481,-1.4042830488265274e-10,1
0.334587424993515,-4.194178337968424e-10,110.31453167235304,-1.4033193300644355e-10,1
0.3339287042617798,-4.18387852141322e-10,110.33464667265798,-1.3971171334442077e-10,1
0.3332943916320801,-4.176376744435828e-10,110.35471667296224,-1.3919629462631065e-10,1
0.33383864164352417,-4.186165580843948e-10,110.37483167326718,-1.397503831203818e-10,1
0.334416925907135,-4.1939643424804274e-10,110.39494667357212,-1.4025326627764433e-10,1
0.3342992663383484,-4.190123803482493e-10,110.41506167387706,-1.4007553133710472e-10,1
0.3335462808609009,-4.178955792522032e-10,110.435176674182,-1.3938751624778424e-10,1
0.3330235779285431,-4.1736106237699744e-10,110.45529167448694,-1.3899107428084554e-10,1
0.3337322473526001,-4.18488299569475e-10,110.4753616747912,-1.3966304070608903e-10,1
0.3341709077358246,-4.191189617586133e-10,110.49547667509614,-1.4005736390017216e-10,1
0.333954781293869,-4.186503088643434e-10,110.51559167540108,-1.3981027233540251e-10,1
0.33314967155456543,-4.1744738221716204e-10,110.53570667570602,-1.3907245827696067e-10,1
0.3328327536582947,-4.1715433884981223e-10,110.55582167601096,-1.3884262729988834e-10,1
0.3335738480091095,-4.183375867938821e-10,110.5759366763159,-1.3954647859368008e-10,1
0.33390042185783386,-4.188280555705859e-10,110.59600667662016,-1.398468644409149e-10,1
0.33362480998039246,-4.182540980224303e-10,110.6161216769251,-1.3953994397625375e-10,1
0.33277416229248047,-4.169941059117832e-10,110.63623667723004,-1.3876486427569553e-10,1
0.33263006806373596,-4.170036815853706e-10,110.65635167753499,-1.387079629885703e-10,1
0.33336198329925537,-4.18221263176477e-10,110.67646667783993,-1.3941906975043021e-10,1
0.3336350917816162,-4.1851386245461697e-10,110.69653667814418,-1.3963091091192484e-10,1
0.3332550525665283,-4.1777042936175235e-10,110.71665167844913,-1.3922410639769189e-10,1
0.3323962986469269,-4.165584821524959e-10,110.73676667875407,-1.384624976374716e-10,1
0.33243539929389954,-4.168211609201222e-10,110.756881679059,-1.3856610906462758e-10,1
0.33319565653800964,-4.180043811086165e-10,110.77699667936395,-1.3927724419924987e-10,1
0.3333527445793152,-4.180983892432266e-10,110.79711167966889,-1.3937424555842042e-10,1
0.33287155628204346,-4.1725858879182454e-10,110.81718167997315,-1.3889351582318385e-10,1
0.3320537209510803,-4.1619416246696517e-10,110.83729668027809,-1.3819882028527424e-10,1
0.3322717845439911,-4.1673203776682044e-10,110.85741168058303,-1.3846829786543532e-10,1
0.332989901304245,-4.17829520982238e-10,110.87752668088797,-1.391330109538754e-10,1
0.33304622769355774,-4.1778319692653554e-10,110.89764168119291,-1.3914111773013743e-10,1
0.3324671983718872,-4.1679937279326396e-10,110.91775668149785,-1.3857211975573626e-10,1
0.33171364665031433,-4.158264010900581e-10,110.93782668180211,-1.379352918790594e-10,1
0.33210277557373047,-4.165948974677036e-10,110.95794168210705,-1.3835232173887803e-10,1
0.33274388313293457,-4.176049783755076e-10,110.97805668241199,-1.3895550212031156e-10,1
0.3327147662639618,-4.1743855594411627e-10,110.99817168271693,-1.3888797157051238e-10,1
0.332058310508728,-4.163178135563328e-10,111.01828668302187,-1.382417898042035e-10,1
0.33139732480049133,-4.155159549767973e-10,111.03840168332681,-1.3770087589123202e-10,1
0.3319793939590454,-4.164502631631706e-10,111.05847168363107,-1.3825290597899434e-10,1
0.3325265944004059,-4.173426881859399e-10,111.07858668393601,-1.387775428003811e-10,1
0.33240702748298645,-4.169894429750798e-10,111.09870168424095,-1.3861022123113256e-10,1
0.33164218068122864,-4.157958699568809e-10,111.11881668454589,-1.3789544903074854e-10,1
0.3311394155025482,-4.1517320137351987e-10,111.13893168485083,-1.3748021123514912e-10,1
0.33180347084999084,-4.1627032376645445e-10,111.15900168515509,-1.3811993823755902e-10,1
0.3322376608848572,-4.1692191365960696e-10,111.17911668546003,-1.385171613659062e-10,1
0.3320188522338867,-4.164414368901248e-10,111.19923168576497,-1.382664078988898e-10,1
0.33123406767845154,-4.1521860949522704e-10,111.21934668606991,-1.3753454899889457e-10,1
0.3308761715888977,-4.149253718388479e-10,111.23946168637485,-1.3728891852913783e-10,1
0.33162111043930054,-4.161680999814621e-10,111.2595766866798,-1.380101274452663e-10,1
0.33196404576301575,-4.165892075747024e-10,111.27964668698405,-1.3829263876770698e-10,1
0.3316693902015686,-4.160457534041484e-10,111.29976168728899,-1.3798964132750608e-10,1
0.3308255672454834,-4.1479328305449314e-10,111.31987668759393,-1.3722422315611905e-10,1
0.33066996932029724,-4.1475728407291967e-10,111.33999168789887,-1.3714777839976216e-10,1
0.3314279615879059,-4.1599079736442945e-10,111.36010668820381,-1.3787098200982047e-10,1
0.33169811964035034,-4.1630260350089543e-10,111.38022168850875,-1.3808679078262934e-10,1
0.33132919669151306,-4.1559267138779887e-10,111.40029168881301,-1.3769798596179937e-10,1
0.3304741680622101,-4.1438019682260574e-10,111.42040668911795,-1.369419508064055e-10,1
0.33051902055740356,-4.1462389077651096e-10,111.4405216894229,-1.3704108227915228e-10,1
0.33127468824386597,-4.158654809405249e-10,111.46063668972783,-1.3776570754995777e-10,1
0.3314371407032013,-4.1604406031403585e-10,111.48075169003278,-1.3789245375703426e-10,1
0.330986887216568,-4.1511333259691696e-10,111.50086669033772,-1.3739706979834943e-10,1
0.33017203211784363,-4.140034426391992e-10,111.52093669064197,-1.366923579599675e-10,1
0.33040404319763184,-4.1453721011386335e-10,111.54105169094692,-1.369647702774867e-10,1
0.33112674951553345,-4.1567055353297633e-10,111.56116669125186,-1.37639639260697e-10,1
0.33119267225265503,-4.1566228237144287e-10,111.5812816915568,-1.3766430205323583e-10,1
0.3306450843811035,-4.1467998479483015e-10,111.60139669186174,-1.3711189856364134e-10,1
0.3298955261707306,-4.1370892822634175e-10,111.62151169216668,-1.3648072455875803e-10,1
0.330275297164917,-4.144678766859755e-10,111.64158169247094,-1.3688850113777273e-10,1
0.3309236764907837,-4.1546585616281106e-10,111.66169669277588,-1.3748748857778856e-10,1
0.3309071958065033,-4.1528613881069987e-10,111.68181169308082,-1.3742117165115897e-10,1
0.330247700214386,-4.142330922718429e-10,111.70192669338576,-1.3679952607546966e-10,1
0.32958516478538513,-4.134070585859462e-10,111.7220416936907,-1.3625283352749044e-10,1
0.3301251530647278,-4.1438025233375697e-10,111.74211169399496,-1.3679734422868204e-10,1
0.3306734561920166,-4.1518577464927375e-10,111.7622266942999,-1.372909150650351e-10,1
0.330579549074173,-4.1487321911226616e-10,111.78234169460484,-1.371486016970835e-10,1
0.3298637568950653,-4.1368602987645886e-10,111.80245669490978,-1.3646002799005295e-10,1
0.32932496070861816,-4.1306785769634757e-10,111.82257169521472,-1.3603355600584274e-10,1
0.32999134063720703,-4.1423159347075966e-10,111.84268669551966,-1.3669283886370252e-10,1
0.3304305076599121,-4.1488584789917127e-10,111.86275669582392,-1.3709094134223624e-10,1
0.33024388551712036,-4.1448411369771065e-10,111.88287169612886,-1.3688084419265186e-10,1
0.32945334911346436,-4.132883202334625e-10,111.9029866964338,-1.3615922125039218e-10,1
0.3291042745113373,-4.129892539062041e-10,111.92310169673874,-1.3591652878777977e-10,1
0.32983118295669556,-4.1419442875501034e-10,111.94321669704368,-1.3661423841033782e-10,1
0.3301561176776886,-4.1462405730996466e-10,111.96333169734862,-1.368906690572294e-10,1
0.3298770785331726,-4.1399800254637853e-10,111.98340169765288,-1.365684515985683e-10,1
0.3290555775165558,-4.1277817275364725e-10,112.00351669795782,-1.3582696002168003e-10,1
0.3288804590702057,-4.1278439000258516e-10,112.02363169826276,-1.3575671968106503e-10,1
0.32963380217552185,-4.140032761057455e-10,112.0437466985677,-1.3646947401585926e-10,1
0.329867959022522,-4.1428843688962047e-10,112.06386169887264,-1.3666048112341e-10,1
0.32953718304634094,-4.1355049940072774e-10,112.0839316991769,-1.3628026661992333e-10,1
0.3286677598953247,-4.123434926839309e-10,112.10404669948184,-1.3552401204784178e-10,1
0.3287038207054138,-4.1257802729788295e-10,112.12416169978678,-1.3561597391191665e-10,1
0.32947057485580444,-4.137796494330104e-10,112.14427670009172,-1.3632821896232717e-10,1
0.32962003350257874,-4.1393763416941454e-10,112.16439170039666,-1.364421368429006e-10,1
0.32914409041404724,-4.130629727150392e-10,112.1845067007016,-1.35957236438014e-10,1
0.32829856872558594,-4.119524443790823e-10,112.20457670100586,-1.3524339787265927e-10,1
0.3284754157066345,-4.1241873804942486e-10,112.2246917013108,-1.3546941642599044e-10,1
0.3291885554790497,-4.135573272723292e-10,112.24480670161574,-1.3613833917255464e-10,1
0.32923567295074463,-4.13533152165968e-10,112.26492170192068,-1.3614986564080515e-10,1
0.3287014961242676,-4.1257069982592043e-10,112.28503670222563,-1.3561260628981615e-10,1
0.3279343247413635,-4.1160622132885294e-10,112.30515170253057,-1.349798082508216e-10,1
0.32831546664237976,-4.123399399702521e-10,112.32522170283482,-1.3537757980662417e-10,1
0.32897549867630005,-4.133609010636974e-10,112.34533670313976,-1.3598560856071457e-10,1
0.32893526554107666,-4.1316033927429885e-10,112.3654517034447,-1.3590300591023282e-10,1
0.3283286690711975,-4.1208272905102206e-10,112.38556670374965,-1.3529857397654897e-10,1
0.3277251124382019,-4.1132744432736956e-10,112.40568170405459,-1.3480233294110542e-10,1
0.3282734453678131,-4.123129337951781e-10,112.42579670435953,-1.3535138734665414e-10,1
0.3287997841835022,-4.131458508638275e-10,112.44586670466379,-1.3584226660033586e-10,1
0.3287137448787689,-4.128491160049208e-10,112.46598170496873,-1.357091789918668e-10,1
0.3280021548271179,-4.1165931774500564e-10,112.48609670527367,-1.3502514327502307e-10,1
0.32744041085243225,-4.110431994774899e-10,112.50621170557861,-1.3459215411500756e-10,1
0.32809415459632874,-4.121369356901994e-10,112.52632670588355,-1.3521971949319747e-10,1
0.32850250601768494,-4.1278636064845386e-10,112.5463967061878,-1.3560135392293698e-10,1
0.3283286690711975,-4.1237466219534724e-10,112.56651170649275,-1.3539442399728303e-10,1
0.32749634981155396,-4.1112088733363805e-10,112.58662670679769,-1.346405899330536e-10,1
0.32711657881736755,-4.107668649666607e-10,112.60674170710263,-1.3436865155942964e-10,1
0.32784581184387207,-4.1196548949962164e-10,112.62685670740757,-1.350611603566616e-10,1
0.32818764448165894,-4.123933972088878e-10,112.64697170771251,-1.3534241762977402e-10,1
0.32795217633247375,-4.1182571242082133e-10,112.66704170801677,-1.3505913865807982e-10,1
0.32710587978363037,-4.1064793232514774e-10,112.68715670832171,-1.3432535318454616e-10,1
0.3269338011741638,-4.1060288502592357e-10,112.70727170862665,-1.3423996197460334e-10,1
0.3277592062950134,-4.118452245904791e-10,112.72738670893159,-1.3498606392816698e-10,1
0.3280067443847656,-4.1217243507141177e-10,112.74750170923653,-1.3519533855291497e-10,1
0.3275848627090454,-4.113589469056933e-10,112.76761670954147,-1.3475496414623904e-10,1
0.3266640305519104,-4.10058820232706e-10,112.78768670984573,-1.33951466980577e-10,1
0.32665789127349854,-4.102139739003974e-10,112.80780171015067,-1.3399963168522577e-10,1
0.3273994028568268,-4.114015517142633e-10,112.82791671045561,-1.3469262236562174e-10,1
0.3275599479675293,-4.115822127559454e-10,112.84803171076055,-1.3481784819469805e-10,1
0.3271280825138092,-4.1077888313090227e-10,112.86814671106549,-1.3437730837577619e-10,1
0.32628965377807617,-4.0965769665390894e-10,112.88826171137043,-1.336670680087281e-10,1
0.32648545503616333,-4.101866624139916e-10,112.90833171167469,-1.3391997912799716e-10,1
0.32719746232032776,-4.1130041039671994e-10,112.92844671197963,-1.3457645053311612e-10,1
0.3272691071033478,-4.1129705197207045e-10,112.94856171228457,-1.3460481895313872e-10,1
0.32670658826828003,-4.1026368413632497e-10,112.96867671258951,-1.34035848534554e-10,1
0.32589417695999146,-4.092342853478925e-10,112.98879171289445,-1.3336707060726172e-10,1
0.32624924182891846,-4.099435513271743e-10,113.00886171319871,-1.3374377281314494e-10,1
0.32690927386283875,-4.1099798564481205e-10,113.02897671350365,-1.3435905304623493e-10,1
0.32689356803894043,-4.107828244226397e-10,113.0490917138086,-1.342822631646303e-10,1
0.326264351606369,-4.0969036496640854e-10,113.06920671411353,-1.3366736128514196e-10,1
0.32557880878448486,-4.088543947844414e-10,113.08932171441847,-1.3311432682021994e-10,1
0.3260888457298279,-4.0979111770589327e-10,113.10943671472342,-1.3362831256305077e-10,1
0.3266724944114685,-4.106696926964304e-10,113.12950671502767,-1.3415449289233414e-10,1
0.3265869915485382,-4.1034925457594795e-10,113.14962171533261,-1.3401472853614407e-10,1
0.3258443772792816,-4.0921138699800963e-10,113.16973671563755,-1.3333922957195757e-10,1
0.3252699375152588,-4.0852343730080065e-10,113.1898517159425,-1.3288039292435017e-10,1
0.32592064142227173,-4.0961417591134364e-10,113.20996671624744,-1.3350171494868036e-10,1
0.32637470960617065,-4.1030701058986097e-10,113.23008171655238,-1.3391383143064186e-10,1
0.3261689841747284,-4.0981681936891334e-10,113.25015171685664,-1.3366953567127662e-10,1
0.325394868850708,-4.0856995564553245e-10,113.27026671716158,-1.3294656713361762e-10,1
0.32500019669532776,-4.082527094162458e-10,113.29038171746652,-1.3268221086168037e-10,1
0.3257087171077728,-4.09430517267495e-10,113.31049671777146,-1.3335508852396763e-10,1
0.32605549693107605,-4.0991005034740624e-10,113.3306117180764,-1.3365342516306594e-10,1
0.32575586438179016,-4.0930409062056583e-10,113.35072671838134,-1.33333207835105e-10,1
0.32489505410194397,-4.0803807555001015e-10,113.3707967186856,-1.3256955263147365e-10,1
0.3247288763523102,-4.07948619329801e-10,113.39091171899054,-1.324726967644426e-10,1
0.3254857063293457,-4.0917125243566943e-10,113.41102671929548,-1.3317939410868688e-10,1
0.3257405459880829,-4.0950146051876857e-10,113.43114171960042,-1.3339122933230104e-10,1
0.3253845274448395,-4.087909732941597e-10,113.45125671990536,-1.3301425766903615e-10,1
0.3244771957397461,-4.0755163133177064e-10,113.47132672020962,-1.3224121045369178e-10,1
0.32449591159820557,-4.077133630708829e-10,113.49144172051456,-1.323013194204563e-10,1
0.32527607679367065,-4.0894482244979713e-10,113.5115567208195,-1.3301996747155422e-10,1
0.32542091608047485,-4.0910860810150496e-10,113.53167172112444,-1.3313249802479972e-10,1
0.32493963837623596,-4.0822081825986345e-10,113.55178672142938,-1.3264712506301117e-10,1
0.3241065442562103,-4.0711564675000034e-10,113.57190172173432,-1.3194884538077467e-10,1
0.32428401708602905,-4.0757100472355035e-10,113.59197172203858,-1.3216876265954183e-10,1
0.3249902129173279,-4.0868947115413334e-10,113.61208672234352,-1.3282007824745193e-10,1
0.3250710666179657,-4.087048477430244e-10,113.63220172264846,-1.3285812078775821e-10,1
0.3245207965373993,-4.077463644502899e-10,113.6523167229534,-1.3232217497663678e-10,1
0.3237536549568176,-4.06729344648582e-10,113.67243172325834,-1.3168011190816958e-10,1
0.3241080939769745,-4.074439674539576e-10,113.69254672356328,-1.3205588769391863e-10,1
0.32475948333740234,-4.0844419513241803e-10,113.71261672386754,-1.3264612578336522e-10,1
0.32474076747894287,-4.0827713432278756e-10,113.73273172417248,-1.3258422994408548e-10,1
0.32412075996398926,-4.0720588012632675e-10,113.75284672447742,-1.3198387932835014e-10,1
0.32343634963035583,-4.063884784244465e-10,113.77296172478236,-1.314408059934376e-10,1
0.32395175099372864,-4.0728898031971994e-10,113.7930767250873,-1.3194197833502356e-10,1
0.3245234787464142,-4.081866789018562e-10,113.81319172539224,-1.3246616101517593e-10,1
0.324385404586792,-4.0782766053126807e-10,113.8332617256965,-1.3229334066312025e-10,1
0.32369574904441833,-4.0669126399883737e-10,113.85337672600144,-1.3164423332992495e-10,1
0.3231251835823059,-4.0603748141521123e-10,113.87349172630638,-1.3120093572358725e-10,1
0.32378312945365906,-4.070946357792593e-10,113.89360672661132,-1.318103751564061e-10,1
0.32423609495162964,-4.0774467136017734e-10,113.91372172691626,-1.3220553997915948e-10,1
0.3240666687488556,-4.0730513406472824e-10,113.93379172722052,-1.319940179606625e-10,1
0.3232719600200653,-4.060963787466676e-10,113.95390672752546,-1.3127957231448603e-10,1
0.32285618782043457,-4.057245095445694e-10,113.9740217278304,-1.309906684568752e-10,1
0.3235834836959839,-4.0680364632450505e-10,113.99413672813535,-1.3163494105791228e-10,1
0.32393184304237366,-4.0724959515792136e-10,114.01425172844029,-1.31921111937766e-10,1
0.32367393374443054,-4.0674041912325265e-10,114.03436672874523,-1.316512714704816e-10,1
0.3228134512901306,-4.0550721114307464e-10,114.05443672904948,-1.3090318235213164e-10,1
0.32259371876716614,-4.05408401293883e-10,114.07455172935443,-1.3078220379284533e-10,1
0.3233765959739685,-4.067053360756745e-10,114.09466672965937,-1.3151898714460047e-10,1
0.32363906502723694,-4.070389025834231e-10,114.1147817299643,-1.3173368986181164e-10,1
0.3232780992984772,-4.0634851039555997e-10,114.13489673026925,-1.3136357409344412e-10,1
0.3223952054977417,-4.0513337129510774e-10,114.15501173057419,-1.3061305649267915e-10,1
0.3223710060119629,-4.0532144307547924e-10,114.17508173087845,-1.306638813624628e-10,1
0.32311561703681946,-4.064886482968433e-10,114.19519673118339,-1.313428304128972e-10,1
0.32330185174942017,-4.0666370271225105e-10,114.21531173148833,-1.3147512812614646e-10,1
0.3228362500667572,-4.0578249094203045e-10,114.23542673179327,-1.3100129771847298e-10,1
0.32198405265808105,-4.0460093608807313e-10,114.25554173209821,-1.3027504911089102e-10,1
0.3221648931503296,-4.050457746984648e-10,114.27565673240315,-1.304915287267234e-10,1
0.3228829801082611,-4.06223582549714e-10,114.29572673270741,-1.3116268092390588e-10,1
0.3229658007621765,-4.0623557295838e-10,114.31584173301235,-1.3120019711858477e-10,1
0.322403222322464,-4.0527350919639105e-10,114.33595673331729,-1.3066148528684922e-10,1
0.3216012120246887,-4.0418859925672734e-10,114.35607173362223,-1.299875434075247e-10,1
0.3219533860683441,-4.048155699543088e-10,114.37618673392717,-1.3033174347997634e-10,1
0.322594553232193,-4.058554325947483e-10,114.39625673423143,-1.3092675195476125e-10,1
0.32257914543151855,-4.0571626613861156e-10,114.41637173453637,-1.3087560641865986e-10,1
0.32192692160606384,-4.0466133222061274e-10,114.43648673484131,-1.3027137697479055e-10,1
0.3212168514728546,-4.0376704757427717e-10,114.45660173514625,-1.2969677975029961e-10,1
0.321715384721756,-4.046759871645378e-10,114.47671673545119,-1.3019049089829566e-10,1
0.32229363918304443,-4.055787372614361e-10,114.49683173575613,-1.3071544720725207e-10,1
0.3222035765647888,-4.0528910782988703e-10,114.51690173606039,-1.3058560008554196e-10,1
0.32151421904563904,-4.041670054188984e-10,114.53701673636533,-1.2994543911127168e-10,1
0.3209221661090851,-4.0347644669758154e-10,114.55713173667027,-1.2948453524818468e-10,1
0.3215705454349518,-4.0454201100104115e-10,114.57724673697521,-1.3008879512895707e-10,1
0.3220292329788208,-4.052386204378422e-10,114.59736173728015,-1.3049868211299382e-10,1
0.3218587338924408,-4.048161250658211e-10,114.6174767375851,-1.3029360547292914e-10,1
0.32105985283851624,-4.03619387912002e-10,114.63754673788935,-1.2958598128579937e-10,1
0.3206547200679779,-4.0319500516083906e-10,114.65766173819429,-1.2928638151265576e-10,1
0.32137513160705566,-4.0435180204134724e-10,114.67777673849923,-1.299486135965881e-10,1
0.32173341512680054,-4.049123536464805e-10,114.69789173880417,-1.3027383436571297e-10,1
0.32149508595466614,-4.0434486314744333e-10,114.71800673910911,-1.29994886532915e-10,1
0.3206528127193451,-4.0311773363832515e-10,114.73812173941405,-1.2926083514817671e-10,1
0.3204522728919983,-4.029876154998391e-10,114.75819173971831,-1.2913829733425011e-10,1
0.3211885094642639,-4.0420941593843907e-10,114.77830674002325,-1.2982741981668793e-10,1
0.32150501012802124,-4.0459530170622315e-10,114.7984217403282,-1.3007941657280908e-10,1
0.3211513161659241,-4.038818446350234e-10,114.81853674063314,-1.2970718598005903e-10,1
0.32025426626205444,-4.02653937969788e-10,114.83865174093808,-1.2895164146204124e-10,1
0.3202129900455475,-4.028308242531864e-10,114.85872174124233,-1.2899166271662526e-10,1
0.3209608793258667,-4.0400321976719056e-10,114.87883674154727,-1.2966922866695885e-10,1
0.3211436867713928,-4.041906531693229e-10,114.89895174185222,-1.298032765173337e-10,1
0.32069724798202515,-4.033096634437072e-10,114.91906674215716,-1.2934029915095368e-10,1
0.31981319189071655,-4.0210051954758796e-10,114.9391817424621,-1.2859705061742957e-10,1
0.3199649751186371,-4.02470667903998e-10,114.95929674276704,-1.2877651724188397e-10,1
0.32068654894828796,-4.0360079167633955e-10,114.9793667430713,-1.2942934503548224e-10,1
0.320747435092926,-4.036422585063093e-10,114.99948174337624,-1.294672191110145e-10,1
0.32022514939308167,-4.02680583322379e-10,115.01959674368118,-1.2894844995210208e-10,1
0.31940585374832153,-4.016831034459045e-10,115.03971174398612,-1.282999345924145e-10,1
0.3197396397590637,-4.023549271536808e-10,115.05982674429106,-1.2864881946340223e-10,1
0.3203784227371216,-4.033959277727206e-10,115.079941744596,-1.2923935107840204e-10,1
0.3203858435153961,-4.0323658301311127e-10,115.10001174490026,-1.291912927849217e-10,1
0.3197680115699768,-4.0221662112038814e-10,115.1201267452052,-1.2861600915606125e-10,1
0.3190743923187256,-4.0130487821699035e-10,115.14024174551014,-1.2804611015162637e-10,1
0.31952425837516785,-4.0218287034043954e-10,115.16035674581508,-1.2850718337672523e-10,1
0.3200998306274414,-4.030800138110635e-10,115.18047174612002,-1.2902584415022817e-10,1
0.3200070858001709,-4.0275807688949783e-10,115.20058674642496,-1.2888543846788936e-10,1
0.3193177580833435,-4.0162048686731566e-10,115.22065674672922,-1.2824455346681214e-10,1
0.31872108578681946,-4.0093886544134705e-10,115.24077174703416,-1.2778767052760164e-10,1
0.31932076811790466,-4.0198755435483235e-10,115.2608867473391,-1.2836297463042302e-10,1
0.3198155164718628,-4.026910749299617e-10,115.28100174764404,-1.287868541073353e-10,1
0.31963691115379333,-4.0221365127379727e-10,115.30111674794898,-1.2856232911704555e-10,1
0.3188718557357788,-4.0104153331554926e-10,115.32118674825324,-1.2788085795545135e-10,1
0.3184428811073303,-4.005915876792443e-10,115.34130174855818,-1.2756553932793828e-10,1
0.3191449046134949,-4.0178063653861784e-10,115.36141674886312,-1.2822624292366644e-10,1
0.3195227384567261,-4.0233896769770183e-10,115.38153174916806,-1.2855644874662194e-10,1
0.3192594647407532,-4.0183467664434147e-10,115.401646749473,-1.282895237797461e-10,1
0.31840071082115173,-4.0056588601622423e-10,115.42176174977794,-1.2754046283827024e-10,1
0.31816366314888,-4.004710452143456e-10,115.4418317500822,-1.2741533473045695e-10,1
0.31888702511787415,-4.0163766756862174e-10,115.46194675038714,-1.2807704098623947e-10,1
0.31917938590049744,-4.0200107132015717e-10,115.48206175069208,-1.2831045507530984e-10,1
0.3188406229019165,-4.013392118640269e-10,115.50217675099702,-1.2796324430569057e-10,1
0.317965030670166,-4.000865472253423e-10,115.52229175130196,-1.272135312592268e-10,1
0.31793132424354553,-4.0021130853773457e-10,115.5424067516069,-1.2723971130064413e-10,1
0.31865835189819336,-4.014147625408526e-10,115.56247675191116,-1.2791416665887274e-10,1
0.318834513425827,-4.0161515779679746e-10,115.5825917522161,-1.2804877342057866e-10,1
0.3183823525905609,-4.008041676328844e-10,115.60270675252104,-1.2760897381905928e-10,1
0.3175285756587982,-3.996132036387934e-10,115.62282175282598,-1.2688861136587534e-10,1
0.3176423907279968,-3.9998840350996545e-10,115.64293675313093,-1.270532727543801e-10,1
0.31838691234588623,-4.0117167920961094e-10,115.66305175343587,-1.277278122641624e-10,1
0.31846901774406433,-4.011643239820728e-10,115.68312175374012,-1.2775840821253232e-10,1
0.3179527819156647,-4.002236597688835e-10,115.70323675404507,-1.27252226011985e-10,1
0.3171330988407135,-3.9917044669657287e-10,115.72335175435,-1.26590160726516e-10,1
0.3174009621143341,-3.997736031102761e-10,115.74346675465495,-1.2688852625511558e-10,1
0.31806543469429016,-4.008007536970837e-10,115.76358175495989,-1.2748086595046204e-10,1
0.31806841492652893,-4.0065475936934547e-10,115.78365175526415,-1.2743562424537758e-10,1
0.31747183203697205,-3.996271091821768e-10,115.80376675556909,-1.2687035048370473e-10,1
0.3167460858821869,-3.987460917009855e-10,115.82388175587403,-1.2630126380710673e-10,1
0.31720438599586487,-3.9958600317469006e-10,115.84399675617897,-1.2675043278956927e-10,1
0.3178163468837738,-4.0053060867961676e-10,115.86411175648391,-1.2729517486569014e-10,1
0.3177638351917267,-4.0027151038124487e-10,115.88422675678885,-1.271918102567294e-10,1
0.3170660138130188,-3.9915784566524337e-10,115.9042967570931,-1.2655938700727088e-10,1
0.3164602220058441,-3.984132745937785e-10,115.92441175739805,-1.2608195332802248e-10,1
0.31703615188598633,-3.994614361513271e-10,115.94452675770299,-1.2664371654426637e-10,1
0.31754007935523987,-4.0020398106577204e-10,115.96464175800793,-1.2708080390590817e-10,1
0.31736838817596436,-3.9979500265907575e-10,115.98475675831287,-1.2688229559471625e-10,1
0.316565603017807,-3.986100616248933e-10,116.00487175861781,-1.2618623452724957e-10,1
0.3161289393901825,-3.981692198173903e-10,116.02494175892207,-1.2587281315868802e-10,1
0.31681007146835327,-3.993143316005643e-10,116.04505675922701,-1.265068019327125e-10,1
0.3171779215335846,-3.998593400833528e-10,116.06517175953195,-1.2682655439342858e-10,1
0.31692618131637573,-3.99291461006257e-10,116.08528675983689,-1.2654591796894958e-10,1
0.31608468294143677,-3.980305529616146e-10,116.10540176014183,-1.258113611338767e-10,1
0.3158125877380371,-3.9781891669754543e-10,116.12551676044677,-1.2563622153339444e-10,1
0.3165667653083801,-3.9901909554274084e-10,116.14558676075103,-1.2631618437224095e-10,1
0.3168571889400482,-3.994106156923749e-10,116.16570176105597,-1.2655612492109982e-10,1
0.31652572751045227,-3.9873107593457746e-10,116.18581676136091,-1.2620864389121752e-10,1
0.31565168499946594,-3.9747710678383896e-10,116.20593176166585,-1.2546431850503142e-10,1
0.31556928157806396,-3.976140527939265e-10,116.22604676197079,-1.2547478098552177e-10,1
0.316304087638855,-3.987846441955156e-10,116.24611676227505,-1.2613721304664798e-10,1
0.3164682388305664,-3.9893349734754224e-10,116.26623176257999,-1.2624978131609513e-10,1
0.31605514883995056,-3.9807576679429246e-10,116.28634676288493,-1.2581389572374755e-10,1
0.31516653299331665,-3.9691164244182175e-10,116.30646176318987,-1.2509326625307192e-10,1
0.3152914345264435,-3.9733658030449703e-10,116.32657676349481,-1.2527682039403628e-10,1
0.31604787707328796,-3.9851438815574625e-10,116.34669176379975,-1.2594962635978385e-10,1
0.31615084409713745,-3.9859734957126136e-10,116.36676176410401,-1.2601688852183605e-10,1
0.3156738877296448,-3.976542151118423e-10,116.38687676440895,-1.2552905205643572e-10,1
0.3148488700389862,-3.965604511435572e-10,116.4069917647139,-1.2485660994469958e-10,1
0.31512629985809326,-3.9721370637124664e-10,116.42710676501883,-1.2517248554169008e-10,1
0.3158041536808014,-3.982757734721787e-10,116.44722176532377,-1.2577714357294796e-10,1
0.31583523750305176,-3.98153066072382e-10,116.46733676562872,-1.2575076818553902e-10,1
0.3152290880680084,-3.9712846899853105e-10,116.48740676593297,-1.251864451282513e-10,1
0.31449365615844727,-3.962413175351287e-10,116.50752176623791,-1.2461538067266289e-10,1
0.3149277865886688,-3.97036042931731e-10,116.52763676654286,-1.2503768219641373e-10,1
0.3155255913734436,-3.979571949752625e-10,116.5477517668478,-1.255656792858865e-10,1
0.3154596984386444,-3.977114471087617e-10,116.56786676715274,-1.2546193317052685e-10,1
0.31476646661758423,-3.9657133132919853e-10,116.58798176745768,-1.248273567243231e-10,1
0.31416717171669006,-3.9590269951261803e-10,116.60805176776194,-1.2437963138088182e-10,1
0.3147752583026886,-3.969561346295336e-10,116.62816676806688,-1.2495196981284827e-10,1
0.3152845501899719,-3.9773018212230227e-10,116.64828176837182,-1.2539818156740568e-10,1
0.31516385078430176,-3.9736114398891687e-10,116.66839676867676,-1.2523386829160244e-10,1
0.314415842294693,-3.962171424287675e-10,116.6885117689817,-1.2457694656833727e-10,1
0.3140173852443695,-3.958335326181839e-10,116.70858176928596,-1.2429861090480395e-10,1
0.31471359729766846,-3.969699846617658e-10,116.7286967695909,-1.249318518921046e-10,1
0.31508874893188477,-3.9753678127141256e-10,116.74881176989584,-1.252593670652177e-10,1
0.3148132264614105,-3.9693381914673864e-10,116.76892677020078,-1.249600162972348e-10,1
0.31391844153404236,-3.956218685985391e-10,116.78904177050572,-1.2419300042723908e-10,1
0.31358659267425537,-3.9538528007199147e-10,116.80915677081066,-1.2398752277133197e-10,1
0.31431424617767334,-3.9654951544676464e-10,116.82922677111492,-1.2464116201977146e-10,1
0.31459593772888184,-3.9692404918412194e-10,116.84934177141986,-1.2487069346022366e-10,1
0.31426602602005005,-3.962347672192834e-10,116.8694567717248,-1.245231256649838e-10,1
0.3133486211299896,-3.949444105089128e-10,116.88957177202974,-1.2375528645596442e-10,1
0.3132604956626892,-3.950427207577434e-10,116.90968677233468,-1.2375127851250802e-10,1
0.3140464425086975,-3.96247146206008e-10,116.92980177263962,-1.2444000662022054e-10,1
0.31422707438468933,-3.9645739469129637e-10,116.94987177294388,-1.2457764725202212e-10,1
0.3137896955013275,-3.9564043707862595e-10,116.96998677324882,-1.2414789227891417e-10,1
0.3128907084465027,-3.943785853444126e-10,116.99010177355376,-1.2339739496454278e-10,1
0.31297463178634644,-3.946967752632702e-10,117.0102167738587,-1.2353007790528032e-10,1
0.3137410283088684,-3.9581019017909114e-10,117.03033177416364,-1.2418189608191682e-10,1
0.31385061144828796,-3.9587982891831075e-10,117.05044677446858,-1.2424712636605546e-10,1
0.31335949897766113,-3.9497199955107476e-10,117.07051677477284,-1.2376822788952978e-10,1
0.31254276633262634,-3.939152060095097e-10,117.09063177507778,-1.2311534818669855e-10,1
0.31279605627059937,-3.944941595612761e-10,117.11074677538272,-1.2339621733255172e-10,1
0.3134605288505554,-3.955394900501119e-10,117.13086177568766,-1.2398601773238708e-10,1
0.3134440779685974,-3.95409649467382e-10,117.1509767759926,-1.2393881299718985e-10,1
0.3128344714641571,-3.943691762042789e-10,117.17104677629686,-1.2337227279962064e-10,1
0.3121001720428467,-3.9342762381266994e-10,117.1911617766018,-1.2278882907834265e-10,1
0.3125205636024475,-3.9421368946968016e-10,117.21127677690674,-1.2319988441286467e-10,1
0.3131336569786072,-3.951337035346114e-10,117.23139177721168,-1.2372966158329367e-10,1
0.3130658268928528,-3.948635307615689e-10,117.25150677751662,-1.2361827776770197e-10,1
0.31231552362442017,-3.937525305808265e-10,117.27162177782157,-1.2297502776679134e-10,1
0.31167614459991455,-3.9299202780895826e-10,117.29169177812582,-1.2248624008599851e-10,1
0.31223851442337036,-3.9396452766737866e-10,117.31180677843076,-1.230108988543671e-10,1
0.31275850534439087,-3.946618587491457e-10,117.3319217787357,-1.2343385305882193e-10,1
0.3126147985458374,-3.9427089371102397e-10,117.35203677904065,-1.2325491600995903e-10,1
0.3118208348751068,-3.930084591097227e-10,117.37215177934559,-1.22548225832573e-10,1
0.31132763624191284,-3.925313962760413e-10,117.39226677965053,-1.2220587175335752e-10,1
0.31201106309890747,-3.936552195327181e-10,117.41233677995479,-1.2282478354083718e-10,1
0.31239524483680725,-3.9421688136087596e-10,117.43245178025973,-1.2315147917153344e-10,1
0.31214115023612976,-3.93696242273478e-10,117.45256678056467,-1.2288879790688543e-10,1
0.31133031845092773,-3.925282043848455e-10,117.4726817808696,-1.222059308721048e-10,1
0.31101033091545105,-3.9232428417079745e-10,117.49279678117455,-1.2201690544612717e-10,1
0.3117710053920746,-3.9348668767758e-10,117.51291178147949,-1.2267774022563636e-10,1
0.3120705783367157,-3.938545323212139e-10,117.53298178178375,-1.2291041168201791e-10,1
0.3117610216140747,-3.93227811423813e-10,117.55309678208869,-1.2259310421655466e-10,1
0.3109091818332672,-3.9192224465800507e-10,117.57321178239363,-1.2185222442887794e-10,1
0.3108126223087311,-3.920070379415108e-10,117.59332678269857,-1.2184073542607922e-10,1
0.3115629255771637,-3.932047187849008e-10,117.61344178300351,-1.2250801253536963e-10,1
0.3118094503879547,-3.93460042324989e-10,117.63351178330777,-1.2268455954697622e-10,1
0.3114054203033447,-3.927058678243611e-10,117.65362678361271,-1.2229073582543492e-10,1
0.31051871180534363,-3.915177626545585e-10,117.67374178391765,-1.2157359130840378e-10,1
0.31059762835502625,-3.918293745019952e-10,117.69385678422259,-1.217012744401531e-10,1
0.3113238215446472,-3.930373804195142e-10,117.71397178452753,-1.2236189928210046e-10,1
0.31141233444213867,-3.931013570213082e-10,117.73408678483247,-1.224166112623782e-10,1
0.31090840697288513,-3.921269142725947e-10,117.75415678513673,-1.2191555424768552e-10,1
0.3100389242172241,-3.910318457922557e-10,117.77427178544167,-1.2123509280410643e-10,1
0.3102600574493408,-3.9152994735225377e-10,117.79438678574661,-1.2147610395864764e-10,1
0.3109551668167114,-3.925978153684895e-10,117.81450178605155,-1.2208031916978512e-10,1
0.31100499629974365,-3.925218483580295e-10,117.83461678635649,-1.220762559961575e-10,1
0.3104121685028076,-3.915010815536135e-10,117.85473178666143,-1.215266996962517e-10,1
0.30967214703559875,-3.9055744749383337e-10,117.87480178696569,-1.209447633061585e-10,1
0.3100757300853729,-3.9130010343058075e-10,117.89491678727063,-1.2133266525371926e-10,1
0.3106471002101898,-3.922392965982624e-10,117.91503178757557,-1.2184800007673479e-10,1
0.3105570375919342,-3.919569391275246e-10,117.93514678788051,-1.2172498587904613e-10,1
0.30985119938850403,-3.908022239151876e-10,117.95526178818545,-1.210905378038156e-10,1
0.30916985869407654,-3.899735534496074e-10,117.9753767884904,-1.2056806841444202e-10,1
0.3097451329231262,-3.9091865855489516e-10,117.99544678879465,-1.210851518562162e-10,1
0.3102554678916931,-3.9163275400433406e-10,118.01556178909959,-1.2150620333532701e-10,1
0.31011098623275757,-3.912404844541584e-10,118.03567678940453,-1.213279724882609e-10,1
0.3093683421611786,-3.90087240287329e-10,118.05579178970947,-1.2068064282592029e-10,1
0.30889320373535156,-3.8957281844886893e-10,118.07590679001441,-1.203363959788816e-10,1
0.3095807433128357,-3.9074510294057063e-10,118.09597679031867,-1.2096715941419236e-10,1
0.3100224733352661,-3.9133257745405103e-10,118.11609179062361,-1.213218935589695e-10,1
0.3098059594631195,-3.908763313020813e-10,118.13620679092855,-1.2109581685046548e-10,1
0.30901235342025757,-3.896709621642458e-10,118.1563217912335,-1.2041314107790974e-10,1
0.30869776010513306,-3.8943040459038514e-10,118.17643679153844,-1.2021629361388762e-10,1
0.30946260690689087,-3.906190926272757e-10,118.19655179184338,-1.20882002712041e-10,1
0.3097597062587738,-3.9105216287360633e-10,118.21662179214763,-1.2113220310358647e-10,1
0.309440016746521,-3.904437051449605e-10,118.23673679245258,-1.208189066586303e-10,1
0.30852070450782776,-3.8915032307684783e-10,118.25685179275752,-1.2006093183511787e-10,1
0.3083586096763611,-3.8917807865246346e-10,118.27696679306246,-1.2000641124979113e-10,1
0.3090832531452179,-3.903932177529157e-10,118.2970817933674,-1.206640057489006e-10,1
0.30930399894714355,-3.906624468363873e-10,118.31719679367234,-1.2083345704497046e-10,1
0.30890172719955444,-3.8990122241955305e-10,118.3372667939766,-1.2044116104261758e-10,1
0.30804210901260376,-3.8868616658582766e-10,118.35738179428154,-1.197317064991226e-10,1
0.30808156728744507,-3.889889799157942e-10,118.37749679458648,-1.1984033459000236e-10,1
0.3088429868221283,-3.901643452763892e-10,118.39761179489142,-1.204995217466602e-10,1
0.3089568018913269,-3.9024630749118216e-10,118.41772679519636,-1.20569251112375e-10,1
0.30839118361473083,-3.8924805045859046e-10,118.4378417955013,-1.2004066700065118e-10,1
0.30747032165527344,-3.880626930907738e-10,118.45791179580556,-1.1931776106703187e-10,1
0.30763667821884155,-3.885045896101502e-10,118.4780267961105,-1.1951826142044088e-10,1
0.3083076477050781,-3.8954336978314075e-10,118.49814179641544,-1.2009920001694953e-10,1
0.30829349160194397,-3.8949102276752967e-10,118.51825679672038,-1.2007754735661398e-10,1
0.3077167570590973,-3.8846181826812654e-10,118.53837179702532,-1.195362109587483e-10,1
0.3069649040699005,-3.8750086472916223e-10,118.55844179732958,-1.1894916576859078e-10,1
0.307373046875,-3.882751342665358e-10,118.57855679763452,-1.1934531104530483e-10,1
0.3080202639102936,-3.892463851240535e-10,118.59867179793946,-1.1989577427203874e-10,1
0.30797964334487915,-3.8905520471921307e-10,118.6187867982444,-1.1982108319089218e-10,1
0.3073078691959381,-3.880017973578731e-10,118.63890179854934,-1.1923600559024215e-10,1
0.30667635798454285,-3.872466791676743e-10,118.65901679885428,-1.187594012087511e-10,1
0.3072287440299988,-3.882328625248732e-10,118.67908679915854,-1.1927629474468798e-10,1
0.3077872395515442,-3.8907699284607133e-10,118.69920179946348,-1.197529336011082e-10,1
0.307669997215271,-3.886933275243365e-10,118.71931679976842,-1.1958927499700703e-10,1
0.30695536732673645,-3.8753483755371576e-10,118.73943180007336,-1.1895589841320796e-10,1
0.3064943552017212,-3.869202458428589e-10,118.7595468003783,-1.1858887126409848e-10,1
0.3071032762527466,-3.8806388658052526e-10,118.77966180068324,-1.1917569096425357e-10,1
0.3074972331523895,-3.8870143215241626e-10,118.7997318009875,-1.1952461490923926e-10,1
0.3072281777858734,-3.8814962355360194e-10,118.81984680129244,-1.1925050155264586e-10,1
0.3063644766807556,-3.868332043577283e-10,118.83996180159738,-1.1851195221579522e-10,1
0.3059774339199066,-3.865281150705613e-10,118.86007680190232,-1.1826888078718873e-10,1
0.3067457377910614,-3.877457244172433e-10,118.88019180220726,-1.1893934831169687e-10,1
0.3070802688598633,-3.8820965886365855e-10,118.9003068025122,-1.1921152641784807e-10,1
0.3067805767059326,-3.8760031295659303e-10,118.92037680281646,-1.1890824754022358e-10,1
0.3059234023094177,-3.863727948694162e-10,118.9404918031214,-1.1820047996625055e-10,1
0.30578848719596863,-3.8636077670517466e-10,118.96060680342634,-1.181446774205348e-10,1
0.30654340982437134,-3.876033105587595e-10,118.98072180373129,-1.188172404778969e-10,1
0.3067445755004883,-3.8783690148314065e-10,119.00083680403623,-1.1896686570887067e-10,1
0.30631548166275024,-3.869886633367514e-10,119.02090680434048,-1.185406188080209e-10,1
0.30536389350891113,-3.856698294057992e-10,119.04102180464542,-1.177696407162724e-10,1
0.30532634258270264,-3.858917907439974e-10,119.06113680495037,-1.1782292910055434e-10,1
0.3059893250465393,-3.8700279092473977e-10,119.0812518052553,-1.184187227861881e-10,1
0.3061100244522095,-3.8711497896137814e-10,119.10136680556025,-1.1849977567568402e-10,1
0.30562832951545715,-3.862452024883112e-10,119.12148180586519,-1.1804747601986204e-10,1
0.3047930598258972,-3.851614027716721e-10,119.14155180616945,-1.1739452247761275e-10,1
0.30501291155815125,-3.856338026686501e-10,119.16166680647439,-1.1762328894720652e-10,1
0.305713027715683,-3.8674255464776763e-10,119.18178180677933,-1.1823223732786703e-10,1
0.30577775835990906,-3.867416387137723e-10,119.20189680708427,-1.1825699135033512e-10,1
0.3052087128162384,-3.857889840919171e-10,119.22201180738921,-1.177461592533783e-10,1
0.3045136034488678,-3.848222296376491e-10,119.24212680769415,-1.1718360383418822e-10,1
0.3049071133136749,-3.856194530360568e-10,119.26219680799841,-1.1757811426282233e-10,1
0.3055919408798218,-3.8665609602972495e-10,119.28231180830335,-1.181589868387384e-10,1
0.3055666387081146,-3.8649908273846734e-10,119.30242680860829,-1.1810122557616295e-10,1
0.30494585633277893,-3.854405683512141e-10,119.32254180891323,-1.17538504181254e-10,1
0.3042266070842743,-3.8461042684012625e-10,119.34265680921817,-1.170087252068061e-10,1
0.30472320318222046,-3.85501158772783e-10,119.36277180952311,-1.174711479317002e-10,1
0.3051897883415222,-3.8620534548172714e-10,119.38284180982737,-1.1786592764393277e-10,1
0.30500295758247375,-3.857865138456873e-10,119.40295681013231,-1.1766602771836659e-10,1
0.3042258024215698,-3.845965212967428e-10,119.42307181043725,-1.1700418530004595e-10,1
0.3036617636680603,-3.839631945723454e-10,119.44318681074219,-1.16594940847461e-10,1
0.3043365478515625,-3.8505618138451325e-10,119.46330181104713,-1.1718666897146785e-10,1
0.30475735664367676,-3.856986119377126e-10,119.48337181135139,-1.1754448943527256e-10,1
0.3045412003993988,-3.852343999355412e-10,119.50348681165633,-1.173197465915118e-10,1
0.30373722314834595,-3.839830398089106e-10,119.52360181196127,-1.1662994224761928e-10,1
0.30333641171455383,-3.835804451846059e-10,119.54371681226621,-1.1635391584616946e-10,1
0.30407100915908813,-3.847227814102183e-10,119.56383181257115,-1.1698304438989636e-10,1
0.3043821454048157,-3.8510286626269874e-10,119.58394681287609,-1.1721843663458405e-10,1
0.3038890063762665,-3.842680895704831e-10,119.60401681318035,-1.1677484792168027e-10,1
0.30280759930610657,-3.827756167584795e-10,119.62413181348529,-1.1590736558354947e-10,1
0.3024546802043915,-3.8255218437477367e-10,119.64424681379023,-1.1570469858656358e-10,1
0.30305245518684387,-3.835954331954383e-10,119.66436181409517,-1.1624953782833853e-10,1
0.30321112275123596,-3.8380218447819914e-10,119.68447681440011,-1.1637309127001175e-10,1
0.3028344213962555,-3.830928629877661e-10,119.70459181470505,-1.1601370550393514e-10,1
0.30196717381477356,-3.818754479301134e-10,119.72466181500931,-1.1531384976070707e-10,1
0.30202779173851013,-3.821306049367479e-10,119.74477681531425,-1.1541406276474698e-10,1
0.3028033971786499,-3.8334968532893754e-10,119.7648918156192,-1.1607958702496873e-10,1
0.30300724506378174,-3.835399497997827e-10,119.78500681592413,-1.162153835607333e-10,1
0.30253860354423523,-3.8268854751777326e-10,119.80512181622908,-1.1577805875839883e-10,1
0.30175456404685974,-3.816326976657791e-10,119.82523681653402,-1.151594083101642e-10,1
0.3020194172859192,-3.821866156883402e-10,119.84530681683827,-1.1542777896467006e-10,1
0.3028026223182678,-3.8343656028061446e-10,119.86542181714321,-1.1610559594566663e-10,1
0.3029271364212036,-3.8348646480557136e-10,119.88553681744816,-1.1616845663984241e-10,1
0.3024151921272278,-3.825369743193363e-10,119.9056518177531,-1.1568499258455049e-10,1
0.30163541436195374,-3.815362747960904e-10,119.92576681805804,-1.1508485234223498e-10,1
0.30193835496902466,-3.8219413744933206e-10,119.9458368183623,-1.1539906914025662e-10,1
0.3025117814540863,-3.831013006827533e-10,119.96595181866724,-1.1589265694691726e-10,1
0.3023914396762848,-3.8278744063369174e-10,119.98606681897218,-1.1575164526322244e-10,1
0.3011094331741333,-3.809892956674332e-10,119.99947681917547,-1.147194708638331e-10,1
0.3021891415119171,-3.8251321554660933e-10,120.01954681947973,-1.1559134022299278e-10,1
0.3015376627445221,-3.8146028003005483e-10,120.03966181978467,-1.1502464127013363e-10,1
0.30095675587654114,-3.807571480329841e-10,120.05977682008961,-1.1459143604881083e-10,1
0.301617294549942,-3.818728111504299e-10,120.07984682039387,-1.151794441613736e-10,1
0.3021826148033142,-3.8273809122024716e-10,120.09996182069881,-1.1565679718976368e-10,1
0.3020768463611603,-3.8239139632523234e-10,120.12007682100375,-1.1551158707756676e-10,1
0.30132079124450684,-3.8118430634170863e-10,120.14019182130869,-1.1485875679687213e-10,1
0.30078813433647156,-3.805509518617356e-10,120.16030682161363,-1.1446521083045985e-10,1
0.3013576865196228,-3.815497640058396e-10,120.18037682191789,-1.1498295417290788e-10,1
0.3015875220298767,-3.819871086108151e-10,120.20049182222283,-1.152025455332931e-10,1
0.30108514428138733,-3.8115394174198514e-10,120.22060682252777,-1.147597895428051e-10,1
0.2998688220977783,-3.794926872746629e-10,120.24072182283271,-1.1379802512777371e-10,1
0.2992660701274872,-3.7891914606014154e-10,120.26083682313765,-1.1339764373748188e-10,1
0.2997630834579468,-3.799397185755282e-10,120.28095182344259,-1.1389190156834488e-10,1
0.2998974919319153,-3.801925718693866e-10,120.30102182374685,-1.1401879875477349e-10,1
0.29959675669670105,-3.795686542851229e-10,120.32113682405179,-1.1371753776755419e-10,1
0.29878976941108704,-3.7834019250837514e-10,120.34125182435673,-1.1304417887852369e-10,1
0.2987085282802582,-3.7846045741751766e-10,120.36136682466167,-1.1304936624746002e-10,1
0.2995511591434479,-3.798121539499988e-10,120.38148182496661,-1.1377317097249181e-10,1
0.29986923933029175,-3.802121395501956e-10,120.40159682527155,-1.140139250710599e-10,1
0.29962095618247986,-3.795818659391159e-10,120.42166682557581,-1.1373068162220779e-10,1
0.2989020347595215,-3.7855724110968936e-10,120.44178182588075,-1.1315152964063692e-10,1
0.29908329248428345,-3.789966396272604e-10,120.4618968261857,-1.1335156282020049e-10,1
0.29992902278900146,-3.8034964067179544e-10,120.48201182649063,-1.1407789604483945e-10,1
0.30017730593681335,-3.805500359277403e-10,120.50212682679557,-1.1423248455894661e-10,1
0.29982221126556396,-3.797710201869364e-10,120.52219682709983,-1.1386378704702641e-10,1
0.29908251762390137,-3.7877356806603757e-10,120.54231182740477,-1.1328455234657869e-10,1
0.29928407073020935,-3.7923453266586193e-10,120.56242682770971,-1.1349885469770771e-10,1
0.29982516169548035,-3.8012620828808963e-10,120.58254182801466,-1.1397140186466631e-10,1
0.2996446490287781,-3.797857028864371e-10,120.6026568283196,-1.1380075364755423e-10,1
0.2988817095756531,-3.786388425019993e-10,120.62277182862454,-1.13168224558744e-10,1
0.29799601435661316,-3.7752842518834484e-10,120.6428418289288,-1.1250196601245557e-10,1
0.2982896864414215,-3.7812389330760254e-10,120.66295682923374,-1.1279045757073428e-10,1
0.2988740801811218,-3.7906155991862533e-10,120.68307182953868,-1.1329167505270034e-10,1
0.29881542921066284,-3.788108993152406e-10,120.70318682984362,-1.131945414685608e-10,1
0.29821380972862244,-3.7775224615010927e-10,120.72330183014856,-1.1265093645796843e-10,1
0.2975880205631256,-3.7701719524108057e-10,120.7434168304535,-1.1219580085005463e-10,1
0.2981446385383606,-3.779881407872665e-10,120.76348683075776,-1.1269513760680653e-10,1
0.2986280620098114,-3.787279934108767e-10,120.7836018310627,-1.1309880670115473e-10,1
0.2984142303466797,-3.7829706034386845e-10,120.80371683136764,-1.1288922610492695e-10,1
0.29745355248451233,-3.7686070930575966e-10,120.82383183167258,-1.1209855677483132e-10,1
0.29639169573783875,-3.7570299649125616e-10,120.84394683197752,-1.1135524822383069e-10,1
0.2962675392627716,-3.758999778114003e-10,120.86406183228246,-1.1136696143511401e-10,1
0.29562023282051086,-3.7533806618306187e-10,120.88413183258672,-1.1095752651143707e-10,1
0.29455310106277466,-3.7393255158946204e-10,120.90424683289166,-1.1014299265899201e-10,1
0.2932295501232147,-3.7215364123710515e-10,120.9243618331966,-1.0912644479667259e-10,1
0.29236313700675964,-3.7133529584565395e-10,120.94447683350154,-1.0856475197476855e-10,1
0.292734831571579,-3.7213732095864316e-10,120.96459183380648,-1.0893755597232703e-10,1
0.2930278182029724,-3.7258007790086367e-10,120.98466183411074,-1.0917632733318358e-10,1
0.2928992211818695,-3.721086216934566e-10,121.00477683441568,-1.0899032548907235e-10,1
0.292256236076355,-3.710904639131485e-10,121.02489183472062,-1.0845350222708521e-10,1
0.2922864854335785,-3.712876395223219e-10,121.04500683502556,-1.0852235924090888e-10,1
0.2932402789592743,-3.727237962714014e-10,121.0651218353305,-1.0929762999338547e-10,1
0.29375335574150085,-3.7329711544131783e-10,121.08523683563544,-1.0965728034950955e-10,1
0.29370108246803284,-3.729646036454426e-10,121.1053068359397,-1.0954010781292732e-10,1
0.293213427066803,-3.7219077819727886e-10,121.12542183624464,-1.0913133359788447e-10,1
0.2936326563358307,-3.7284555998162716e-10,121.14553683654958,-1.0947963218042548e-10,1
0.2947653830051422,-3.744737853139668e-10,121.16565183685452,-1.1038190875345682e-10,1
0.29539191722869873,-3.7508257610952e-10,121.18576683715946,-1.1079636127607043e-10,1
0.29532602429389954,-3.7466418856269e-10,121.2058818374644,-1.1064808525351915e-10,1
0.2948186993598938,-3.739154541548828e-10,121.22595183776866,-1.1023726786450655e-10,1
0.29516738653182983,-3.745602716875851e-10,121.2460668380736,-1.1055797649267663e-10,1
0.295880526304245,-3.75700193178119e-10,121.26618183837854,-1.1116237089014836e-10,1
0.2958835959434509,-3.7558930965353454e-10,121.28629683868348,-1.1113071553820609e-10,1
0.2952030301094055,-3.744805299188414e-10,121.30641183898842,-1.1054778714901787e-10,1
0.2944568991661072,-3.735121101300365e-10,121.32652683929336,-1.0998321774988007e-10,1
0.29477953910827637,-3.7418262932575885e-10,121.34659683959762,-1.1030138301497021e-10,1
0.2954743206501007,-3.7521991069766614e-10,121.36671183990256,-1.1086784820778436e-10,1
0.29587551951408386,-3.755050437259655e-10,121.3868268402075,-1.1110274989257882e-10,1
0.29585522413253784,-3.7518971263139633e-10,121.40694184051245,-1.1100183652278423e-10,1
0.2957364320755005,-3.7499403582330615e-10,121.42705684081739,-1.1089939820397698e-10,1
0.2964056134223938,-3.760584066370143e-10,121.44712684112164,-1.1146582270189223e-10,1
0.29669174551963806,-3.7650163542402026e-10,121.46724184142658,-1.1170492740495097e-10,1
0.2961108386516571,-3.756238375896004e-10,121.48735684173153,-1.1122628956621041e-10,1
0.2948834300041199,-3.73911901441204e-10,121.50747184203647,-1.1026042401634465e-10,1
0.29391852021217346,-3.7284517140356854e-10,121.5275868423414,-1.0958610104719104e-10,1
0.29415804147720337,-3.735192433129697e-10,121.54770184264635,-1.0987368906699016e-10,1
0.29431021213531494,-3.7385941564771485e-10,121.5677718429506,-1.1003064392806384e-10,1
0.29373764991760254,-3.7297553934223515e-10,121.58788684325555,-1.0955695840313846e-10,1
0.29243209958076477,-3.7121916651727815e-10,121.60800184356049,-1.0855640026926918e-10,1
0.2915768325328827,-3.7033046074164133e-10,121.62811684386543,-1.0797978273349084e-10,1
0.2913886606693268,-3.7045355671949665e-10,121.64823184417037,-1.0794596573268261e-10,1
0.2908176779747009,-3.699496264886193e-10,121.66834684447531,-1.0758789134302817e-10,1
0.2903578579425812,-3.691795757987393e-10,121.68841684477957,-1.0719419082507272e-10,1
0.2896512448787689,-3.681339677541473e-10,121.70853184508451,-1.0663046204214934e-10,1
0.28972136974334717,-3.683303939627791e-10,121.72864684538945,-1.0671318625700305e-10,1
0.2907874286174774,-3.7002184649637115e-10,121.74876184569439,-1.0759770127497071e-10,1
0.2915668487548828,-3.7089703530668316e-10,121.76887684599933,-1.0814127979689812e-10,1
0.29187992215156555,-3.7093195182080763e-10,121.78899184630427,-1.082675892209856e-10,1
0.291776567697525,-3.7062777846763595e-10,121.80906184660853,-1.0814050109464549e-10,1
0.29237502813339233,-3.71457614667392e-10,121.82917684691347,-1.0860493053874155e-10,1
0.2934812903404236,-3.7301531308209235e-10,121.84929184721841,-1.0947301540006955e-10,1
0.2938438355922699,-3.7346409298422145e-10,121.86940684752335,-1.0974012153847177e-10,1
0.29334336519241333,-3.725449948532855e-10,121.88952184782829,-1.0928360247585308e-10,1
0.2926505208015442,-3.715836804918382e-10,121.90963684813323,-1.0874415761729105e-10,1
0.29328209161758423,-3.7258307550303016e-10,121.92970684843749,-1.0927194368484099e-10,1
0.2940089702606201,-3.736758957817443e-10,121.94982184874243,-1.0986406533000545e-10,1
0.2940672039985657,-3.7361697069471234e-10,121.96993684904737,-1.098684979386081e-10,1
0.29360660910606384,-3.7274966446787516e-10,121.99005184935231,-1.0944176502983588e-10,1
0.2930237650871277,-3.7194708424337364e-10,122.01016684965725,-1.0898933503817241e-10,1
0.29352977871894836,-3.7282862908050163e-10,122.03023684996151,-1.0943630499408852e-10,1
0.29430055618286133,-3.7399708330276837e-10,122.05035185026645,-1.1006754962677265e-10,1
0.2944370210170746,-3.7396968854963575e-10,122.07046685057139,-1.1011052104723794e-10,1
0.2939802408218384,-3.7310124434419834e-10,122.09058185087633,-1.0968439366323499e-10,1
0.29343724250793457,-3.7244723971596727e-10,122.11069685118127,-1.0928989100194513e-10,1
0.2939993739128113,-3.734128839472106e-10,122.13081185148621,-1.0978315409145718e-10,1
0.29460594058036804,-3.742890442026692e-10,122.15088185179047,-1.102677759162543e-10,1
0.29456689953804016,-3.7408676156758247e-10,122.17099685209541,-1.1019357751318885e-10,1
0.2939281165599823,-3.73004072073968e-10,122.19111185240035,-1.0963638437390531e-10,1
0.29341500997543335,-3.7244651807100126e-10,122.2112268527053,-1.0928139881511825e-10,1
0.29402121901512146,-3.7349054404778315e-10,122.23134185301024,-1.0981414505155012e-10,1
0.2944818437099457,-3.7413197540026033e-10,122.25145685331518,-1.101750739067127e-10,1
0.29430943727493286,-3.7374112138444104e-10,122.27152685361943,-1.0999553912115722e-10,1
0.2936146855354309,-3.726372821422075e-10,122.29164185392438,-1.0941177841496189e-10,1
0.29327091574668884,-3.7232286698163364e-10,122.31175685422932,-1.0919146815313632e-10,1
0.29394805431365967,-3.734492715068427e-10,122.33187185453426,-1.0977468674429004e-10,1
0.2943454086780548,-3.73944181175645e-10,122.3519868548392,-1.1006875283092579e-10,1
0.2941124141216278,-3.7343314551741e-10,122.37205685514346,-1.098313239411586e-10,1
0.29333990812301636,-3.7219022308576655e-10,122.3921718554484,-1.0917824584426372e-10,1
0.2931506037712097,-3.721542241041931e-10,122.41228685575334,-1.0909723549215029e-10,1
0.2938687205314636,-3.7330069591057224e-10,122.43240185605828,-1.0970139788074484e-10,1
0.2941043972969055,-3.736432274692447e-10,122.45251685636322,-1.0989011621891279e-10,1
0.29377520084381104,-3.729641040450815e-10,122.47263185666816,-1.0956760457337586e-10,1
0.2929452657699585,-3.717202379238671e-10,122.49270185697242,-1.0889368389067945e-10,1
0.2928992211818695,-3.718224894644351e-10,122.51281685727736,-1.0890651758203691e-10,1
0.29357749223709106,-3.729430930743405e-10,122.5329318575823,-1.0948769801190892e-10,1
0.2937219738960266,-3.730823150416285e-10,122.55304685788724,-1.0958247399972638e-10,1
0.29326748847961426,-3.7225064697388177e-10,122.57316185819218,-1.0916901232294183e-10,1
0.29246312379837036,-3.711171092657395e-10,122.59327685849712,-1.0853806907087931e-10,1
0.29258617758750916,-3.7151129395063265e-10,122.61334685880138,-1.0869906942760512e-10,1
0.29324105381965637,-3.7259545448975473e-10,122.63346185910632,-1.0926028372298949e-10,1
0.2933065593242645,-3.725675046251098e-10,122.65357685941126,-1.0927649289761796e-10,1
0.29277315735816956,-3.7161540511476687e-10,122.6736918597162,-1.0879901547838557e-10,1
0.2919933497905731,-3.705951934218632e-10,122.69380686002114,-1.082113319435352e-10,1
0.29225659370422363,-3.7124936458354796e-10,122.71392186032608,-1.0850007470804517e-10,1
0.29285308718681335,-3.722323838051267e-10,122.73399186063034,-1.0900940274823814e-10,1
0.29281875491142273,-3.72075592558474e-10,122.75410686093528,-1.0895071174590218e-10,1
0.29220640659332275,-3.7100342242801787e-10,122.77422186124022,-1.0840957690151567e-10,1
0.29150131344795227,-3.701503548114715e-10,122.79433686154516,-1.078993146007695e-10,1
0.2919236123561859,-3.7098576988192633e-10,122.8144518618501,-1.0829950607667265e-10,1
0.2924448251724243,-3.7178901624024263e-10,122.83452186215436,-1.0872777385540538e-10,1
0.29231563210487366,-3.7153208287676875e-10,122.8546368624593,-1.0860463565336296e-10,1
0.2916078567504883,-3.704019591044272e-10,122.87475186276424,-1.0801212143062402e-10,1
0.2910081446170807,-3.697347983333543e-10,122.89486686306918,-1.0759583766335994e-10,1
0.2915722131729126,-3.7072031555673846e-10,122.91498186337412,-1.0809174287503877e-10,1
0.2919975519180298,-3.714397955878468e-10,122.93509686367906,-1.0845951099658466e-10,1
0.29179462790489197,-3.709786089434175e-10,122.95516686398332,-1.0824956515731894e-10,1
0.29103267192840576,-3.697941119984449e-10,122.97528186428826,-1.0762216847829956e-10,1
0.2905846834182739,-3.6936315117586105e-10,122.9953968645932,-1.0733127435081364e-10,1
0.2912556827068329,-3.7044772804861736e-10,123.01551186489814,-1.0789500593999522e-10,1
0.29156070947647095,-3.709184348554828e-10,123.03562686520308,-1.0814524202436674e-10,1
0.29128748178482056,-3.7032091282362956e-10,123.05574186550803,-1.0786984614865112e-10,1
0.2904573380947113,-3.691190408883216e-10,123.07581186581228,-1.0721333405649479e-10,1
0.2901857793331146,-3.6892736088312006e-10,123.09592686611722,-1.0705747373517742e-10,1
0.2908855080604553,-3.700424966446292e-10,123.11604186642217,-1.0763999964043229e-10,1
0.2911062240600586,-3.703558015821784e-10,123.1361568667271,-1.0781287895732423e-10,1
0.29074183106422424,-3.696641048822613e-10,123.15627186703205,-1.0747681873218609e-10,1
0.28986698389053345,-3.6837446981685673e-10,123.17638686733699,-1.0677959650808661e-10,1
0.28979983925819397,-3.684919869240133e-10,123.19645686764125,-1.0678891857851157e-10,1
0.2904835343360901,-3.696237482753162e-10,123.21657186794619,-1.0736961277356713e-10,1
0.29062801599502563,-3.6980798978625273e-10,123.23668686825113,-1.0747656237068734e-10,1
0.290158212184906,-3.689564209707896e-10,123.25680186855607,-1.0705573548302588e-10,1
0.28928065299987793,-3.6777356160477837e-10,123.27691686886101,-1.0638977605712112e-10,1
0.28941845893859863,-3.68098607150813e-10,123.29698686916527,-1.0653453161903292e-10,1
0.29006433486938477,-3.6917968682104174e-10,123.3171018694702,-1.0708586030503325e-10,1
0.2901455760002136,-3.6919714507810397e-10,123.33721686977515,-1.0712091831632091e-10,1
0.2896067798137665,-3.6824165938753595e-10,123.35733187008009,-1.0664528116850212e-10,1
0.28885072469711304,-3.672257498088527e-10,123.37744687038503,-1.0607342395972782e-10,1
0.28911322355270386,-3.678505000603849e-10,123.39756187068997,-1.0635044385793196e-10,1
0.28968575596809387,-3.6879843623438546e-10,123.41763187099423,-1.0683565380040882e-10,1
0.28966695070266724,-3.6867181529842696e-10,123.43774687129917,-1.0679204054751228e-10,1
0.28907182812690735,-3.676694226850685e-10,123.45786187160411,-1.0628287216193738e-10,1
0.2883433699607849,-3.667937065188198e-10,123.47797687190905,-1.0576253341804363e-10,1
0.2887580096721649,-3.6763586619414923e-10,123.49809187221399,-1.0615780100632487e-10,1
0.2892917990684509,-3.684900440337202e-10,123.51820687251893,-1.0660114777732762e-10,1
0.2891753613948822,-3.6819958193490265e-10,123.53827687282319,-1.0647424717147002e-10,1
0.28850775957107544,-3.6705521955227027e-10,123.55839187312813,-1.058982790318947e-10,1
0.28790614008903503,-3.6631303546030836e-10,123.57850687343307,-1.054637721036752e-10,1
0.28848743438720703,-3.673628901079695e-10,123.59862187373801,-1.059795776563176e-10,1
0.2889266014099121,-3.680107052428383e-10,123.61873687404295,-1.063280823482782e-10,1
0.28873807191848755,-3.6756045429520157e-10,123.63885187434789,-1.0612869688667987e-10,1
0.28795480728149414,-3.6640823708466996e-10,123.65892187465215,-1.0550901329606815e-10,1
0.2875106930732727,-3.660020064799596e-10,123.67903687495709,-1.0522949054926164e-10,1
0.2881701588630676,-3.6713831974566347e-10,123.69915187526203,-1.0579830792582756e-10,1
0.2885100841522217,-3.676208504277412e-10,123.71926687556697,-1.060623224930189e-10,1
0.28823989629745483,-3.67027075398596e-10,123.73938187587191,-1.0579184615124945e-10,1
0.2874121367931366,-3.657883163032949e-10,123.75945187617617,-1.0513200160269371e-10,1
0.2871512174606323,-3.6561309535443343e-10,123.77956687648111,-1.0498624545057581e-10,1
0.28780919313430786,-3.6675204539982076e-10,123.79968187678605,-1.0555461026687946e-10,1
0.28806784749031067,-3.67022384706317e-10,123.819796877091,-1.0572734834310945e-10,1
0.2877122461795807,-3.663105929696542e-10,123.83991187739593,-1.0539204350267332e-10,1
0.286834716796875,-3.6506433986893683e-10,123.86002687770088,-1.0471312653894462e-10,1
0.2867680788040161,-3.651962066086867e-10,123.88009687800513,-1.0472661455568761e-10,1
0.2874842584133148,-3.662815328819846e-10,123.90021187831007,-1.0530017485106953e-10,1
0.2876470983028412,-3.664942516135028e-10,123.92032687861501,-1.0542100802129545e-10,1
0.2872071862220764,-3.6567782135676907e-10,123.94044187891996,-1.0502529813569677e-10,1
0.28634193539619446,-3.644352597476086e-10,123.9605568792249,-1.0435309760274509e-10,1
0.2864089608192444,-3.64814983777606e-10,123.98067187952984,-1.0448628039503364e-10,1
0.2870676517486572,-3.6589339891257566e-10,124.0007418798341,-1.0503615881616779e-10,1
0.28712210059165955,-3.6590369623112906e-10,124.02085688013904,-1.0505903787613428e-10,1
0.28659406304359436,-3.6494895994110266e-10,124.04097188044398,-1.0459220523305457e-10,1
0.28576865792274475,-3.6389721791429963e-10,124.06108688074892,-1.0399041958519e-10,1
0.2860123813152313,-3.644915758105327e-10,124.08120188105386,-1.0424910356691163e-10,1
0.2866074740886688,-3.6541533687817207e-10,124.1013168813588,-1.0473076669591289e-10,1
0.28658178448677063,-3.6525937829878785e-10,124.12138688166306,-1.0467668443339505e-10,1
0.28597864508628845,-3.6426944793888083e-10,124.141501881968,-1.0417328316789143e-10,1
0.2852601706981659,-3.632766309991098e-10,124.16161688227294,-1.0362835376946068e-10,1
0.2856709361076355,-3.640550083616745e-10,124.18173188257788,-1.0399993503335262e-10,1
0.28623002767562866,-3.6491534793903213e-10,124.20184688288282,-1.0444973013985083e-10,1
0.2861228585243225,-3.646121737865826e-10,124.22191688318708,-1.0432387741658407e-10,1
0.28544026613235474,-3.635231282661522e-10,124.24203188349202,-1.037641384775566e-10,1
0.2848263680934906,-3.6276989745509525e-10,124.26214688379696,-1.033264323457828e-10,1
0.28537243604660034,-3.6374112055703733e-10,124.2822618841019,-1.0380168966368188e-10,1
0.2858380079269409,-3.644219648268887e-10,124.30237688440684,-1.041656484709396e-10,1
0.2856763005256653,-3.640088508394257e-10,124.32249188471178,-1.0398870186640584e-10,1
0.28490883111953735,-3.6283473447973336e-10,124.34256188501604,-1.0337482009018853e-10,1
0.28446081280708313,-3.6240965783918e-10,124.36267688532098,-1.0309134583807003e-10,1
0.28511300683021545,-3.6351843757387314e-10,124.38279188562592,-1.0364383477490894e-10,1
0.28546977043151855,-3.6406794245991136e-10,124.40290688593086,-1.039303919555062e-10,1
0.2851792871952057,-3.6352837406994354e-10,124.4230218862358,-1.0367076259249859e-10,1
0.2843630909919739,-3.622297739536151e-10,124.44313688654074,-1.0300477817077398e-10,1
0.2840992510318756,-3.6207606357585576e-10,124.463206886845,-1.028655384784704e-10,1
0.2847895920276642,-3.632002754105912e-10,124.48332188714994,-1.0343565825851754e-10,1
0.2850302457809448,-3.6353700605396e-10,124.50343688745488,-1.0361904218602905e-10,1
0.2847060561180115,-3.628479183781508e-10,124.52355188775982,-1.0330499981207344e-10,1
0.2838239371776581,-3.6161965089043235e-10,124.54366688806476,-1.0263631307653272e-10,1
0.28374040126800537,-3.617605381922573e-10,124.5637818883697,-1.0264608026960066e-10,1
0.28446295857429504,-3.6287181592875584e-10,124.58385188867396,-1.0322359034232089e-10,1
0.2846221327781677,-3.6312972073737626e-10,124.6039668889789,-1.0335475559141247e-10,1
0.28417685627937317,-3.6223407606783553e-10,124.62408188928384,-1.0293854097422083e-10,1
0.2833261489868164,-3.6105346490344914e-10,124.64419688958878,-1.0229588778944092e-10,1
0.2834296226501465,-3.614183674560678e-10,124.66431188989372,-1.0243667150690528e-10,1
0.2841027081012726,-3.6248221091383925e-10,124.68438189019798,-1.029821777591584e-10,1
0.2841891050338745,-3.6250047408259434e-10,124.70449689050292,-1.0301868530388771e-10,1
0.2836921215057373,-3.6149358506598617e-10,124.72461189080786,-1.0255288205808433e-10,1
0.2828958034515381,-3.6042910322997557e-10,124.7447268911128,-1.019638807455613e-10,1
0.28315794467926025,-3.6106001521929443e-10,124.76484189141775,-1.0223701181535784e-10,1
0.28374841809272766,-3.6210592857521817e-10,124.78495689172269,-1.0274698441521639e-10,1
0.28375473618507385,-3.6198635755546604e-10,124.80502689202694,-1.0271534339074708e-10,1
0.28316712379455566,-3.6097108635502195e-10,124.82514189233189,-1.0221514429614774e-10,1
0.2824539840221405,-3.6013231285991765e-10,124.84525689263683,-1.0172080654239168e-10,1
0.28286248445510864,-3.6088779187259945e-10,124.86537189294177,-1.0208161741860165e-10,1
0.2834204137325287,-3.617943167277815e-10,124.8854868932467,-1.0253989493306536e-10,1
0.28332117199897766,-3.6150971105541885e-10,124.90560189355165,-1.0242335502523304e-10,1
0.28266096115112305,-3.6036426620533746e-10,124.9256718938559,-1.0186090985011986e-10,1
0.2820255756378174,-3.5959951683040003e-10,124.94578689416085,-1.0141626073317457e-10,1
0.28258466720581055,-3.606034082448417e-10,124.96590189446579,-1.0190099411214964e-10,1
0.2830456495285034,-3.6133299130547414e-10,124.98601689477073,-1.02273731220135e-10,1
0.2828793525695801,-3.60921764697153e-10,125.00613189507567,-1.0209731512580096e-10,1
0.2821148633956909,-3.597154518697465e-10,125.02624689538061,-1.0148107556555277e-10,1
0.28165432810783386,-3.59236085323289e-10,125.04631689568487,-1.0118039824381944e-10,1
0.2823091447353363,-3.603174703048495e-10,125.06643189598981,-1.01720916874962e-10,1
0.2826685607433319,-3.608617293870964e-10,125.08654689629475,-1.0200426567320025e-10,1
0.2824282944202423,-3.6031880257247906e-10,125.10666189659969,-1.0176422485808928e-10,1
0.2816002070903778,-3.5909841766823547e-10,125.12677689690463,-1.0112218878120209e-10,1
0.2813248336315155,-3.588840891133316e-10,125.14684689720889,-1.0096300666280599e-10,1
0.28199681639671326,-3.6001260306228744e-10,125.16696189751383,-1.0152240792625868e-10,1
0.2823045551776886,-3.6038577677643957e-10,125.18707689781877,-1.0173854640523855e-10,1
0.2819654047489166,-3.5973343748274544e-10,125.20719189812371,-1.0143238430154141e-10,1
0.28111356496810913,-3.5849898050166473e-10,125.22730689842865,-1.0077892644625562e-10,1
0.28102773427963257,-3.584768593078991e-10,125.24742189873359,-1.0074193956297749e-10,1
0.28171348571777344,-3.5963715339093483e-10,125.26749189903785,-1.0131463607537781e-10,1
0.2818956673145294,-3.599081033200946e-10,125.28760689934279,-1.0145653495732467e-10,1
0.2814929187297821,-3.590903407957313e-10,125.30772189964773,-1.0108138811826256e-10,1
0.28063035011291504,-3.5795963415630183e-10,125.32783689995267,-1.0045433745957396e-10,1
0.280705064535141,-3.582971419557879e-10,125.34795190025761,-1.0057582235545601e-10,1
0.28141626715660095,-3.59385632364706e-10,125.36806690056255,-1.0113696312979008e-10,1
0.28146693110466003,-3.5942657183873905e-10,125.38813690086681,-1.011666941329185e-10,1
0.2809832692146301,-3.585348407053601e-10,125.40825190117175,-1.0074229166873873e-10,1
0.28018850088119507,-3.574275597717502e-10,125.42836690147669,-1.0014709214607044e-10,1
0.28043797612190247,-3.579615215354437e-10,125.44848190178163,-1.0038600462891663e-10,1
0.28106260299682617,-3.589593899899768e-10,125.46859690208657,-1.0089006052073574e-10,1
0.28105300664901733,-3.5885788784995043e-10,125.48871190239151,-1.0085808833994443e-10,1
0.2804702818393707,-3.5782288243524363e-10,125.50878190269577,-1.003586846851888e-10,1
0.2797275483608246,-3.56947665869356e-10,125.52889690300071,-9.984809546675374e-11,1
0.2801184058189392,-3.5777333873276973e-10,125.54901190330565,-1.0021889729034279e-10,1
0.28070199489593506,-3.58607421535595e-10,125.5691269036106,-1.0066181860952902e-10,1
0.2806180715560913,-3.583772445470146e-10,125.58924190391554,-1.0056713125436897e-10,1
0.2799529731273651,-3.572875328927694e-10,125.6093119042198,-1.0002370709467204e-10,1
0.2793286144733429,-3.565415185313725e-10,125.62942690452473,-9.959224837358999e-11,1
0.27985742688179016,-3.5748798365986545e-10,125.64954190482968,-1.0004566724820939e-10,1
0.28033146262168884,-3.581849539191495e-10,125.66965690513462,-1.004105120212374e-10,1
0.2801502048969269,-3.5775776785484936e-10,125.68977190543956,-1.0022591196800325e-10,1
0.27939528226852417,-3.5656738672784627e-10,125.7098869057445,-9.962324566257663e-11,1
0.2789555788040161,-3.5605482451295245e-10,125.72995690604876,-9.932347965797304e-11,1
0.27958422899246216,-3.5718591973044056e-10,125.7500719063537,-9.98635499747987e-11,1
0.2799631953239441,-3.57736562595079e-10,125.77018690665864,-1.0015307114832246e-10,1
0.2797359824180603,-3.5716229973559166e-10,125.79030190696358,-9.991114679922945e-11,1
0.27888795733451843,-3.5596817160588046e-10,125.81041690726852,-9.927523625526732e-11,1
0.278614342212677,-3.557203420712085e-10,125.83053190757346,-9.910878911783821e-11,1
0.2792843282222748,-3.568402240361479e-10,125.85060190787772,-9.96598822526216e-11,1
0.279562383890152,-3.5722516611436106e-10,125.87071690818266,-9.986671902448632e-11,1
0.2792516052722931,-3.565319428577851e-10,125.8908319084876,-9.956211737388596e-11,1
0.2783932387828827,-3.5526201425106763e-10,125.91094690879254,-9.890254276388534e-11,1
0.2782656252384186,-3.553584371207563e-10,125.93106190909748,-9.888403768915451e-11,1
0.27898526191711426,-3.5657321539872555e-10,125.95117690940242,-9.947867189064105e-11,1
0.27916640043258667,-3.568107198592685e-10,125.97124690970668,-9.960956429887205e-11,1
0.27874118089675903,-3.5604752479656554e-10,125.99136191001162,-9.924510751716277e-11,1
0.27789929509162903,-3.5485450688987896e-10,126.01147691031656,-9.861381732478498e-11,1
0.27795907855033875,-3.551884619756862e-10,126.0315919106215,-9.872785760247377e-11,1
0.27863234281539917,-3.5632366501836543e-10,126.05170691092644,-9.928329758463665e-11,1
0.2786986231803894,-3.5636901762892137e-10,126.0717769112307,-9.93195545573283e-11,1
0.2782043218612671,-3.554047889320344e-10,126.09189191153564,-9.88751482910834e-11,1
0.2773727774620056,-3.5433861400591127e-10,126.11200691184058,-9.828388552885713e-11,1
0.27764829993247986,-3.5494401862123937e-10,126.13212191214552,-9.854960334138958e-11,1
0.2782660126686096,-3.559724737201009e-10,126.15223691245046,-9.90550408818739e-11,1
0.27827560901641846,-3.558537353676172e-10,126.1723519127554,-9.902541493019109e-11,1
0.27768009901046753,-3.5478112114795124e-10,126.19242191305966,-9.851565684740778e-11,1
0.2769673466682434,-3.5380637308790597e-10,126.2125369133646,-9.799281238847192e-11,1
0.2773536145687103,-3.545157223339146e-10,126.23265191366954,-9.832621701074848e-11,1
0.27789047360420227,-3.5544212018123744e-10,126.25276691397448,-9.877397911604585e-11,1
0.27781882882118225,-3.5516614649289124e-10,126.27288191427942,-9.867184285558749e-11,1
0.27715665102005005,-3.5401254150357886e-10,126.29299691458436,-9.811693042222839e-11,1
0.2765413820743561,-3.532477366174902e-10,126.31306691488862,-9.768761729883886e-11,1
0.2770719528198242,-3.5422867417089776e-10,126.33318191519356,-9.814683049730787e-11,1
0.2775475084781647,-3.550184868306161e-10,126.3532969154985,-9.853449648352561e-11,1
0.27739155292510986,-3.5463071368369015e-10,126.37341191580344,-9.837156438365882e-11,1
0.2766565680503845,-3.5344935311876213e-10,126.39352691610839,-9.77840850134652e-11,1
0.27618294954299927,-3.529564973625554e-10,126.41364191641333,-9.74805665019564e-11,1
0.2767998278141022,-3.540737425478113e-10,126.43371191671758,-9.800755097072892e-11,1
0.27716508507728577,-3.5460406833109914e-10,126.45382691702252,-9.828386676774075e-11,1
0.2769370675086975,-3.540830961767938e-10,126.47394191732747,-9.805873430960137e-11,1
0.276132732629776,-3.528369818539545e-10,126.4940569176324,-9.742983997217515e-11,1
0.27582696080207825,-3.5256608743594597e-10,126.51417191793735,-9.724723237933676e-11,1
0.2765309810638428,-3.537212189819172e-10,126.5342419182416,-9.781487570816793e-11,1
0.276820570230484,-3.5420766320015673e-10,126.55435691854655,-9.805196730707461e-11,1
0.2764730155467987,-3.535915726882166e-10,126.57447191885149,-9.775852837304632e-11,1
0.2756483554840088,-3.5229216766019533e-10,126.59458691915643,-9.710875666542955e-11,1
0.27552536129951477,-3.5234848372311944e-10,126.61470191946137,-9.708094328114868e-11,1
0.2762208878993988,-3.5353264760118464e-10,126.63481691976631,-9.765310182182448e-11,1
0.27638161182403564,-3.537114490193005e-10,126.65488692007057,-9.775934040056949e-11,1
0.2759806215763092,-3.529107006627896e-10,126.67500192037551,-9.739651452984748e-11,1
0.27511611580848694,-3.5173086665452047e-10,126.69511692068045,-9.676682984394453e-11,1
0.2751598060131073,-3.5198602366115495e-10,126.71523192098539,-9.685240598992839e-11,1
0.27583539485931396,-3.530887804359395e-10,126.73534692129033,-9.739438317194098e-11,1
0.2759430408477783,-3.531548109503291e-10,126.75546192159527,-9.745061242365609e-11,1
0.27546292543411255,-3.5226982442182475e-10,126.77553192189953,-9.703727637739703e-11,1
0.2746444046497345,-3.5119188113164057e-10,126.79564692220447,-9.645288511121975e-11,1
0.27487391233444214,-3.516561764005388e-10,126.81576192250941,-9.666110900378683e-11,1
0.2755119502544403,-3.526895442362843e-10,126.83587692281435,-9.717018416688838e-11,1
0.2755265235900879,-3.5252858965328926e-10,126.85599192311929,-9.713097677328742e-11,1
0.2749168574810028,-3.5150460320210186e-10,126.87610692342423,-9.663454090242868e-11,1
0.27424049377441406,-3.505920276314356e-10,126.89617692372849,-9.614653077101792e-11,1
0.2745738923549652,-3.5133781994822755e-10,126.91629192403343,-9.646819275469278e-11,1
0.2751789689064026,-3.5225278249839675e-10,126.93640692433837,-9.693255748232011e-11,1
0.27511268854141235,-3.5202277204327004e-10,126.95652192464331,-9.684593124462475e-11,1
0.27444666624069214,-3.5104572027044867e-10,126.97663692494825,-9.63433276262872e-11,1
0.2738310694694519,-3.50297957307788e-10,126.99670692525251,-9.5922464282556e-11,1
0.27432212233543396,-3.51153578437291e-10,127.01682192555745,-9.632919490259995e-11,1
0.27482640743255615,-3.5185937496962083e-10,127.03693692586239,-9.670024794436556e-11,1
0.2746811807155609,-3.5145997223651193e-10,127.05705192616733,-9.653944014818335e-11,1
0.2739347219467163,-3.5028402400882896e-10,127.07716692647227,-9.595495671923546e-11,1
0.2734522521495819,-3.4984501406931656e-10,127.09728192677721,-9.566590700055678e-11,1
0.2740860879421234,-3.509402490831093e-10,127.11735192708147,-9.618783997262379e-11,1
0.2744757831096649,-3.5150349297907724e-10,127.13746692738641,-9.647919650121483e-11,1
0.27422937750816345,-3.5098193795768395e-10,127.15758192769135,-9.624955836274452e-11,1
0.2734311819076538,-3.4980168761578057e-10,127.1776969279963,-9.564668887807479e-11,1
0.2731422483921051,-3.495540523701379e-10,127.19781192830123,-9.547797979895113e-11,1
0.2738335430622101,-3.5070013559845847e-10,127.21792692860618,-9.60334606833234e-11,1
0.27409645915031433,-3.5105723883432915e-10,127.23799692891043,-9.622354612357584e-11,1
0.2738143801689148,-3.50438622565008e-10,127.25811192921537,-9.595513422488595e-11,1
0.272970587015152,-3.492664490956088e-10,127.27822692952032,-9.533946763432602e-11,1
0.2728387415409088,-3.492208466848723e-10,127.29834192982526,-9.528097632935122e-11,1
0.2735384702682495,-3.5042624357828345e-10,127.3184569301302,-9.585505861025265e-11,1
0.27371859550476074,-3.506673007525052e-10,127.33857193043514,-9.598416105142125e-11,1
0.27332717180252075,-3.4990235708853845e-10,127.3586419307394,-9.563782167004591e-11,1
0.27248507738113403,-3.4876854182464e-10,127.37875693104434,-9.503422310719231e-11,1
0.2725111246109009,-3.4908989587911776e-10,127.39887193134928,-9.513088011632067e-11,1
0.2732154428958893,-3.5014297017355034e-10,127.41898693165422,-9.566446667284871e-11,1
0.2733438014984131,-3.5014743882122445e-10,127.43910193195916,-9.571063201232652e-11,1
0.27284905314445496,-3.493281219846267e-10,127.45917193226342,-9.531384732023606e-11,1
0.27200454473495483,-3.4823532946148816e-10,127.47928693256836,-9.472159225079909e-11,1
0.27222374081611633,-3.487576616389987e-10,127.4994019328733,-9.494011528964958e-11,1
0.2728801369667053,-3.4976527230057286e-10,127.51951693317824,-9.54439954115773e-11,1
0.2728835940361023,-3.496806733060964e-10,127.53963193348318,-9.542211889673173e-11,1
0.27233678102493286,-3.4866329268190555e-10,127.55974693378812,-9.495383879054419e-11,1
0.2715931534767151,-3.477315657640645e-10,127.57981693409238,-9.444151250925802e-11,1
0.2719455063343048,-3.4846422969359026e-10,127.59993193439732,-9.47632813834169e-11,1
0.2725003957748413,-3.493867140047513e-10,127.62004693470226,-9.520801784476602e-11,1
0.27246934175491333,-3.491216205020464e-10,127.6401619350072,-9.512493813060124e-11,1
0.271824449300766,-3.4804156778811546e-10,127.66027693531214,-9.46062074977797e-11,1
0.2711860239505768,-3.4734365383926047e-10,127.68039193561708,-9.419474442913454e-11,1
0.27171722054481506,-3.482950872157886e-10,127.70046193592134,-9.463777302768803e-11,1
0.2722076177597046,-3.4905930923478934e-10,127.72057693622628,-9.501660302365006e-11,1
0.2720555067062378,-3.4862635001076114e-10,127.74069193653122,-9.484571830332383e-11,1
0.2713128626346588,-3.4746580612754485e-10,127.76080693683616,-9.427194252812357e-11,1
0.27081048488616943,-3.469389775467846e-10,127.7809219371411,-9.395471273535659e-11,1
0.27144044637680054,-3.4802749571127833e-10,127.80103693744604,-9.446873878726943e-11,1
0.2717871069908142,-3.4852562502685203e-10,127.8211069377503,-9.472477133821343e-11,1
0.2716025412082672,-3.480299382019325e-10,127.84122193805524,-9.452581563220107e-11,1
0.2707989811897278,-3.4678138138843906e-10,127.86133693836018,-9.390804477555572e-11,1
0.27046945691108704,-3.4650168845296037e-10,127.88145193866512,-9.371812349464687e-11,1
0.2711469531059265,-3.4771979740000347e-10,127.90156693897006,-9.428316359962101e-11,1
0.2714495360851288,-3.481565313823154e-10,127.92163693927432,-9.45069289287371e-11,1
0.2711385190486908,-3.475616461301456e-10,127.94175193957926,-9.423735000985282e-11,1
0.2702847421169281,-3.462468922688089e-10,127.9618669398842,-9.35852519856628e-11,1
0.2701517641544342,-3.462707065526871e-10,127.98198194018914,-9.354564225021082e-11,1
0.2708633840084076,-3.4744590537982845e-10,128.00209694049408,-9.411037369104532e-11,1
0.27107757329940796,-3.477303445187374e-10,128.02221194079902,-9.426189795470642e-11,1
0.27068257331848145,-3.4694222494913163e-10,128.04228194110328,-9.39112142420704e-11,1
0.2698405981063843,-3.457384933902574e-10,128.06239694140822,-9.329428184482725e-11,1
0.26988890767097473,-3.4601202458794944e-10,128.08251194171316,-9.338480735706413e-11,1
0.27059128880500793,-3.470911336123095e-10,128.1026269420181,-9.391983717694603e-11,1
0.2706882655620575,-3.4721384101210617e-10,128.12274194232305,-9.3986712402707e-11,1
0.27020886540412903,-3.4631292278319847e-10,128.142856942628,-9.35768219400358e-11,1
0.26943936944007874,-3.451850749680574e-10,128.16292694293224,-9.300644893951969e-11,1
0.2696812152862549,-3.4571898122059963e-10,128.18304194323719,-9.323391500309724e-11,1
0.27033379673957825,-3.4677388738302284e-10,128.20315694354213,-9.37447015863955e-11,1
0.270362913608551,-3.467829079450979e-10,128.22327194384707,-9.375723738168261e-11,1
0.26980191469192505,-3.458816288937072e-10,128.243386944152,-9.331952573228407e-11,1
0.2690703868865967,-3.4499123002795784e-10,128.26350194445695,-9.282692373610549e-11,1
0.2694416642189026,-3.457345243429444e-10,128.2835719447612,-9.315528561689362e-11,1
0.2700168788433075,-3.465924769407991e-10,128.30368694506615,-9.35858188541256e-11,1
0.26995596289634705,-3.463437037165562e-10,128.3238019453711,-9.349754802989006e-11,1
0.26930299401283264,-3.452400032522007e-10,128.34391694567603,-9.297416652881773e-11,1
0.2686488628387451,-3.445004559399223e-10,128.36403194598097,-9.254965573568934e-11,1
0.26915207505226135,-3.4544569982308815e-10,128.38410194628523,-9.297742692526477e-11,1
0.2696298658847809,-3.461805009319363e-10,128.40421694659017,-9.334060203820425e-11,1
0.2694738805294037,-3.45788564448668e-10,128.4243319468951,-9.318098630467437e-11,1
0.2687278091907501,-3.4460606590513976e-10,128.44444694720005,-9.260523312453146e-11,1
0.2682262063026428,-3.440423224088107e-10,128.464561947505,-9.228116694726602e-11,1
0.26885733008384705,-3.4512745439307935e-10,128.48467694780993,-9.2790045926758e-11,1
0.269219309091568,-3.456877006868808e-10,128.5047469481142,-9.306580394037481e-11,1
0.2689841687679291,-3.452058638941935e-10,128.52486194841913,-9.28549123533945e-11,1
0.26816490292549133,-3.439687701334293e-10,128.54497694872407,-9.224035185223171e-11,1
0.26783037185668945,-3.436695650282928e-10,128.565091949029,-9.204514739735438e-11,1
0.26852431893348694,-3.448040186704304e-10,128.58520694933395,-9.258826427900664e-11,1
0.26881441473960876,-3.452396424297177e-10,128.6053219496389,-9.280539242465637e-11,1
0.268535315990448,-3.4454356034885336e-10,128.62539194994315,-9.252211385075333e-11,1
0.26768091320991516,-3.43243294897988e-10,128.6455069502481,-9.187967863147364e-11,1
0.26755139231681824,-3.4338121235322205e-10,128.66562195055303,-9.187212146054159e-11,1
0.26824766397476196,-3.4455505115715823e-10,128.68573695085797,-9.24260875836123e-11,1
0.2684289216995239,-3.448030749808595e-10,128.7058519511629,-9.255511761579221e-11,1
0.2680721580982208,-3.4393313197433883e-10,128.72596695146785,-9.219889692984121e-11,1
0.2671968638896942,-3.4288005767990626e-10,128.7460369517721,-9.161647610238841e-11,1
0.2672363817691803,-3.4313224483994986e-10,128.76615195207705,-9.169741957936469e-11,1
0.26791733503341675,-3.44225065118664e-10,128.786266952382,-9.22238620982968e-11,1
0.26804685592651367,-3.4434269324812306e-10,128.80638195268693,-9.229997628642733e-11,1
0.2675475478172302,-3.4349134647726487e-10,128.82649695299187,-9.190026744643082e-11,1
0.26674365997314453,-3.424363015369636e-10,128.84656695329613,-9.1342712379637e-11,1
0.26693519949913025,-3.428543837724618e-10,128.86668195360107,-9.151990333145346e-11,1
0.26759085059165955,-3.4382449665137926e-10,128.886796953906,-9.200428951319178e-11,1
0.26761844754219055,-3.43715694794966e-10,128.90691195421095,-9.198466063691419e-11,1
0.2670501470565796,-3.427981232206889e-10,128.9270269545159,-9.154428921680447e-11,1
0.26631325483322144,-3.4182781605274215e-10,128.94714195482084,-9.103327828553746e-11,1
0.2666853070259094,-3.4261646297828463e-10,128.9672119551251,-9.137077662149497e-11,1
0.2672559320926666,-3.4361102851931946e-10,128.98732695543004,-9.183208570425058e-11,1
0.2671831250190735,-3.4333788589968606e-10,129.00744195573498,-9.173408929212021e-11,1
0.26654818654060364,-3.421454231045118e-10,129.02755695603992,-9.119824206167517e-11,1
0.26591089367866516,-3.414231397602663e-10,129.04767195634486,-9.07881322162282e-11,1
0.26644816994667053,-3.4237657153823875e-10,129.0677869566498,-9.122561091897904e-11,1
0.26694029569625854,-3.4312827579263683e-10,129.08785695695406,-9.159476340183383e-11,1
0.2667918801307678,-3.427478301176734e-10,129.107971957259,-9.14423380078351e-11,1
0.26607608795166016,-3.4162780937485593e-10,129.12808695756394,-9.089899105395716e-11,1
0.2655813694000244,-3.410711990614601e-10,129.14820195786888,-9.05821561096509e-11,1
0.26623010635375977,-3.421760097488402e-10,129.16831695817382,-9.109755546713887e-11,1
0.2666167616844177,-3.4276248506159845e-10,129.18843195847876,-9.138622379402699e-11,1
0.2663884162902832,-3.4221780964571735e-10,129.20850195878302,-9.116286033785225e-11,1
0.26562389731407166,-3.4099559287348313e-10,129.22861695908796,-9.057657834597707e-11,1
0.2652924358844757,-3.407128468246867e-10,129.2487319593929,-9.03885410712554e-11,1
0.2659775912761688,-3.418895444529113e-10,129.26884695969784,-9.0934957516092e-11,1
0.26625004410743713,-3.4238595292279683e-10,129.28896196000278,-9.116027506746155e-11,1
0.2659705579280853,-3.417998384325216e-10,129.30903196030704,-9.090869372762719e-11,1
0.2651640474796295,-3.406346316126019e-10,129.32914696061198,-9.032405763013007e-11,1
0.26503685116767883,-3.406696869046044e-10,129.34926196091692,-9.029002110547539e-11,1
0.26576757431030273,-3.418334226790165e-10,129.36937696122186,-9.084823956359064e-11,1
0.26598602533340454,-3.421186112184671e-10,129.3894919615268,-9.099876959058437e-11,1
0.2655790448188782,-3.412904958643992e-10,129.40960696183174,-9.063960389742843e-11,1
0.26473772525787354,-3.400445758305892e-10,129.429676962136,-9.002262749166867e-11,1
0.2647593915462494,-3.4036162777084655e-10,129.44979196244094,-9.011393747430035e-11,1
0.2654253840446472,-3.414133697976496e-10,129.46990696274588,-9.06197747965183e-11,1
0.2655434310436249,-3.4145952731989837e-10,129.49002196305082,-9.067233444706018e-11,1
0.2650448679924011,-3.406723514398635e-10,129.51013696335576,-9.029345841603951e-11,1
0.26422443985939026,-3.395712599996159e-10,129.5302519636607,-8.972302596574589e-11,1
0.26444047689437866,-3.4006808480313566e-10,129.55032196396496,-8.99277665218992e-11,1
0.2650843560695648,-3.4115224534225774e-10,129.5704369642699,-9.043412327823859e-11,1
0.26514720916748047,-3.409507398632883e-10,129.59055196457484,-9.040213713833852e-11,1
0.2645781636238098,-3.399965864403498e-10,129.61066696487978,-8.995567247875167e-11,1
0.26383858919143677,-3.391180114498127e-10,129.63078196518472,-8.947241771032408e-11,1
0.26424285769462585,-3.3986316538836547e-10,129.65089696548966,-8.980641404736295e-11,1
0.2648179829120636,-3.407756576923049e-10,129.67096696579392,-9.024352229560803e-11,1
0.26475441455841064,-3.4057420772448666e-10,129.69108196609886,-9.0168524979791e-11,1
0.26411792635917664,-3.3950298128360146e-10,129.7111969664038,-8.966882340938317e-11,1
0.263497531414032,-3.3874841820491497e-10,129.73131196670874,-8.925937196740323e-11,1
0.2640194296836853,-3.3968983181864587e-10,129.75142696701369,-8.968471566610586e-11,1
0.2644853889942169,-3.405039583626035e-10,129.77149696731794,-9.005832188160383e-11,1
0.26436662673950195,-3.401303128036659e-10,129.79161196762288,-8.991910344775679e-11,1
0.2636469602584839,-3.3898311935232073e-10,129.81172696792783,-8.93718689961782e-11,1
0.2631556987762451,-3.384302282860574e-10,129.83184196823277,-8.905984321162159e-11,1
0.26380831003189087,-3.3945343758112756e-10,129.8519569685377,-8.955063770279321e-11,1
0.2641800045967102,-3.3994271286807987e-10,129.87207196884265,-8.980606744810748e-11,1
0.26394426822662354,-3.394686476365649e-10,129.8921419691469,-8.960080378631464e-11,1
0.2631913423538208,-3.382932822759699e-10,129.91225696945185,-8.903586307149253e-11,1
0.2628483772277832,-3.380506985450893e-10,129.9323719697568,-8.885607753329525e-11,1
0.26356303691864014,-3.3917332831201463e-10,129.95248697006173,-8.939355245171756e-11,1
0.26385387778282166,-3.39617972633377e-10,129.97260197036667,-8.960951904405673e-11,1
0.2635396718978882,-3.3900693363619894e-10,129.9927169706716,-8.934177606159302e-11,1
0.2627072036266327,-3.37730537980363e-10,130.01278697097587,-8.872424521213943e-11,1
0.2625897228717804,-3.377859658648674e-10,130.0329019712808,-8.869912316643221e-11,1
0.2632794976234436,-3.389459546365714e-10,130.05301697158575,-8.923752065821502e-11,1
0.26347875595092773,-3.3915309449739084e-10,130.0731319718907,-8.935963541507997e-11,1
0.26310282945632935,-3.3838501445337954e-10,130.09324697219563,-8.903005474830506e-11,1
0.262265145778656,-3.3722841186190067e-10,130.11336197250057,-8.844325859766603e-11,1
0.26233354210853577,-3.3751035299900423e-10,130.13343197280483,-8.854028640053105e-11,1
0.2630254328250885,-3.385902669350571e-10,130.15354697310977,-8.905785151095565e-11,1
0.2631465196609497,-3.3874841820491497e-10,130.1736619734147,-8.914046729127527e-11,1
0.2626851499080658,-3.3789648856696886e-10,130.19377697371965,-8.876038975262325e-11,1
0.2618708312511444,-3.368601508846325e-10,130.2138919740246,-8.821384772754464e-11,1
0.2620612382888794,-3.3731217818910864e-10,130.23396197432885,-8.839644710615694e-11,1
0.2627108097076416,-3.3833247314873915e-10,130.2540769746338,-8.888359797129417e-11,1
0.26273494958877563,-3.3828539969249505e-10,130.27419197493873,-8.88793974348265e-11,1
0.2621731758117676,-3.372721268934953e-10,130.29430697524367,-8.842370462045712e-11,1
0.26146236062049866,-3.3626243456374993e-10,130.3144219755486,-8.791996992903402e-11,1
0.2618187367916107,-3.370362877674893e-10,130.33453697585355,-8.824241511621784e-11,1
0.2623826861381531,-3.3798810972207605e-10,130.3546069761578,-8.868222811163512e-11,1
0.26232609152793884,-3.377017554484496e-10,130.37472197646275,-8.858798160891561e-11,1
0.2616688907146454,-3.3658623110888186e-10,130.3948369767677,-8.807414572408438e-11,1
0.2610442638397217,-3.3579417024753866e-10,130.41495197707263,-8.76571419739389e-11,1
0.261553555727005,-3.367079948191076e-10,130.43506697737757,-8.806717328664758e-11,1
0.2620329260826111,-3.3749725236731365e-10,130.4551819776825,-8.843539258264864e-11,1
0.2618423104286194,-3.370776990863078e-10,130.47525197798677,-8.826120352272176e-11,1
0.26112550497055054,-3.359147959791642e-10,130.4953669782917,-8.77159207271387e-11,1
0.2606399953365326,-3.354028166313583e-10,130.51548197859665,-8.741938856265712e-11,1
0.26126882433891296,-3.364747924727851e-10,130.5355969789016,-8.791037344904429e-11,1
0.26165011525154114,-3.370633216981389e-10,130.55571197920654,-8.819265696938533e-11,1
0.261419415473938,-3.365104306318756e-10,130.57582697951148,-8.797036007666807e-11,1
0.2606436610221863,-3.3531852294821363e-10,130.59589697981573,-8.739864742977438e-11,1
0.26029399037361145,-3.3500921481355306e-10,130.61601198012067,-8.720088533575011e-11,1
0.2609714865684509,-3.361448064342909e-10,130.63612698042562,-8.772420983742108e-11,1
0.26127076148986816,-3.3652225450708784e-10,130.65624198073056,-8.792342569335406e-11,1
0.2609446346759796,-3.35902028414381e-10,130.6763569810355,-8.765183209151117e-11,1
0.26009562611579895,-3.347102317530215e-10,130.69642698133976,-8.70566672951663e-11,1
0.2599521577358246,-3.347447041779361e-10,130.7165419816447,-8.701760814169479e-11,1
0.26065340638160706,-3.3592997827902593e-10,130.73665698194964,-8.756129314412738e-11,1
0.2608584463596344,-3.361956268932431e-10,130.75677198225458,-8.769946890427472e-11,1
0.26047754287719727,-3.354170552416491e-10,130.77688698255952,-8.73686103884499e-11,1
0.25960421562194824,-3.342184584642638e-10,130.79700198286446,-8.676452075599189e-11,1
0.25965163111686707,-3.3451974523757144e-10,130.81707198316872,-8.685859749173425e-11,1
0.26034992933273315,-3.3564107049244285e-10,130.83718698347366,-8.73841289838704e-11,1
0.26046183705329895,-3.3574781843626056e-10,130.8573019837786,-8.74494935765459e-11,1
0.2599605917930603,-3.3481617478514636e-10,130.87741698408354,-8.703901093903536e-11,1
0.25918078422546387,-3.337627396682308e-10,130.89753198438848,-8.650488861245139e-11,1
0.2594011127948761,-3.3427433043797805e-10,130.91764698469342,-8.671113329437363e-11,1
0.2600545287132263,-3.352854105465042e-10,130.93771698499768,-8.719248942409175e-11,1
0.2601016163825989,-3.3524186204836326e-10,130.95783198530262,-8.719695019789151e-11,1
0.2595425248146057,-3.342488508195629e-10,130.97794698560756,-8.675179065808985e-11,1
0.2588006556034088,-3.332817077872363e-10,130.9980619859125,-8.625352447596048e-11,1
0.2591811716556549,-3.340294985054726e-10,131.01817698621744,-8.657415679019922e-11,1
0.25976938009262085,-3.349105159866639e-10,131.03829198652238,-8.699949712435546e-11,1
0.25968697667121887,-3.347200017156382e-10,131.05836198682664,-8.692242527691928e-11,1
0.2590462863445282,-3.3365507579041775e-10,131.07847698713158,-8.643210830350982e-11,1
0.2584024965763092,-3.3292449352906317e-10,131.09859198743652,-8.602852029931322e-11,1
0.2589336335659027,-3.338927467844144e-10,131.11870698774146,-8.64560621461883e-11,1
0.2593946158885956,-3.3466382443059217e-10,131.1388219880464,-8.680999418998185e-11,1
0.2592507004737854,-3.342879029144541e-10,131.15889198835066,-8.666437299048499e-11,1
0.25851479172706604,-3.3317684722256047e-10,131.1790069886556,-8.613114326802072e-11,1
0.2580384612083435,-3.3262434473435576e-10,131.19912198896054,-8.582987407568674e-11,1
0.25867459177970886,-3.3373140362336073e-10,131.21923698926548,-8.632783459634209e-11,1
0.2590497136116028,-3.342846832676827e-10,131.23935198957042,-8.659635146523854e-11,1
0.2588447332382202,-3.33737593116723e-10,131.25946698987536,-8.638621826186385e-11,1
0.25804898142814636,-3.325182074132016e-10,131.27953699017962,-8.580598472928978e-11,1
0.2577303946018219,-3.3231067897432354e-10,131.29965199048456,-8.564656242245177e-11,1
0.2584335505962372,-3.33458427537181e-10,131.3197669907895,-8.617684540467176e-11,1
0.2587113678455353,-3.338696819010778e-10,131.33988199109444,-8.637588208678159e-11,1
0.2584174573421478,-3.3324870640782933e-10,131.35999699139938,-8.611728337247118e-11,1
0.2575690746307373,-3.3207464555928823e-10,131.38011199170433,-8.553215916503595e-11,1
0.2574625313282013,-3.3209099359332583e-10,131.40018199200858,-8.550098784183515e-11,1
0.2581476867198944,-3.33243821426521e-10,131.42029699231352,-8.602612161495397e-11,1
0.25838029384613037,-3.3354530248885794e-10,131.44041199261846,-8.618153326806755e-11,1
0.2579449713230133,-3.327721709300846e-10,131.4605269929234,-8.583690808765755e-11,1
0.257111132144928,-3.3159250345526914e-10,131.48064199322835,-8.525612397415519e-11,1
0.25717589259147644,-3.3189284653900586e-10,131.5007569935333,-8.535483905339474e-11,1
0.25787153840065,-3.329820863484656e-10,131.52082699383755,-8.586660286653691e-11,1
0.25797218084335327,-3.3304908830800173e-10,131.54094199414249,-8.591739963870576e-11,1
0.2575146555900574,-3.3217842365651506e-10,131.56105699444743,-8.554081236235564e-11,1
0.256720632314682,-3.310662577415968e-10,131.58117199475237,-8.499153902547822e-11,1
0.25695478916168213,-3.316412700016258e-10,131.6012869950573,-8.521681261058025e-11,1
0.25759464502334595,-3.3261898790826194e-10,131.62135699536157,-8.568087011825333e-11,1
0.25762078166007996,-3.324761299605683e-10,131.6414719956665,-8.565276048375993e-11,1
0.25705862045288086,-3.315176466678338e-10,131.66158699597145,-8.521946890821895e-11,1
0.256340891122818,-3.306428186800048e-10,131.6817019962764,-8.475727478379276e-11,1
0.25671643018722534,-3.3137975696817534e-10,131.70181699658133,-8.507062824518029e-11,1
0.25730809569358826,-3.323123443088605e-10,131.72193199688627,-8.550665648958492e-11,1
0.2572620213031769,-3.3206240535044174e-10,131.74200199719053,-8.54270455992495e-11,1
0.25663942098617554,-3.310054730309986e-10,131.76211699749547,-8.494905294193062e-11,1
0.2560102045536041,-3.3027156010057013e-10,131.7822319978004,-8.455288965958492e-11,1
0.25651296973228455,-3.312525531651289e-10,131.80234699810535,-8.497057614378869e-11,1
0.25703680515289307,-3.319740871088328e-10,131.8224619984103,-8.532955874400261e-11,1
0.2568628191947937,-3.3162309009959756e-10,131.84257699871523,-8.518164183307171e-11,1
0.256156325340271,-3.3043748293160036e-10,131.8626469990195,-8.464365138244727e-11,1
0.2556944489479065,-3.2991698262208047e-10,131.88276199932443,-8.435794107010891e-11,1
0.25632020831108093,-3.3108801811287947e-10,131.90287699962937,-8.48645497719962e-11,1
0.25673022866249084,-3.316643348849624e-10,131.9229919999343,-8.514826053420933e-11,1
0.25651103258132935,-3.3114000430600754e-10,131.94310700023925,-8.494106443351984e-11,1
0.2557293176651001,-3.2985600362245293e-10,131.9632220005442,-8.435385073410667e-11,1
0.2554358243942261,-3.2966582241833464e-10,131.98329200084845,-8.420846112402784e-11,1
0.2561289966106415,-3.3077826588900905e-10,132.0034070011534,-8.472190534275986e-11,1
0.25640106201171875,-3.3123417897407137e-10,132.02352200145833,-8.492879526353162e-11,1
0.25611481070518494,-3.306334372954467e-10,132.04363700176327,-8.468012020572796e-11,1
0.2552779018878937,-3.293992023589709e-10,132.0637520020682,-8.408833726174381e-11,1
0.25516968965530396,-3.2945596251110487e-10,132.08382200237247,-8.406717570904808e-11,1
0.2558833658695221,-3.30590665953423e-10,132.1039370026774,-8.45926523292087e-11,1
0.2560998499393463,-3.308523732759028e-10,132.12405200298235,-8.47312431480353e-11,1
0.25571131706237793,-3.3003591526359344e-10,132.1441670032873,-8.439391856994084e-11,1
0.25486981868743896,-3.2886862677550255e-10,132.16428200359223,-8.381868727825937e-11,1
0.2549360990524292,-3.291693584372979e-10,132.18439700389717,-8.391715216759555e-11,1
0.25562480092048645,-3.303338713678272e-10,132.20446700420143,-8.444153010569441e-11,1
0.25574004650115967,-3.3045541303344805e-10,132.22458200450637,-8.451068269573393e-11,1
0.2552633583545685,-3.2952077178016737e-10,132.24469700481131,-8.411457885219484e-11,1
0.2544720470905304,-3.284742755571557e-10,132.26481200511626,-8.358752131760838e-11,1
0.25469276309013367,-3.290239469766476e-10,132.2849270054212,-8.380001817830401e-11,1
0.2553422749042511,-3.300983930643042e-10,132.30504200572614,-8.42880746272771e-11,1
0.2553609311580658,-3.300004991491079e-10,132.3251120060304,-8.426923474534269e-11,1
0.2548138499259949,-3.290430983238224e-10,132.34522700633534,-8.384473867547085e-11,1
0.2540731132030487,-3.280818117179507e-10,132.36534200664028,-8.33567672884762e-11,1
0.25445786118507385,-3.2885230649704056e-10,132.38545700694522,-8.367905455701531e-11,1
0.2550541162490845,-3.2983310527257004e-10,132.40557200725016,-8.41252911749866e-11,1
0.25497326254844666,-3.2955452256011597e-10,132.4256870075551,-8.402759180474844e-11,1
0.25434473156929016,-3.2846297903788013e-10,132.44575700785936,-8.3542828233839e-11,1
0.25371482968330383,-3.2776042990789733e-10,132.4658720081643,-8.315768165100862e-11,1
0.2542237341403961,-3.286902139354453e-10,132.48598700846924,-8.356085356207457e-11,1
0.2547307014465332,-3.294496342398645e-10,132.50610200877418,-8.392093642122449e-11,1
0.25458240509033203,-3.290337169392643e-10,132.52621700907912,-8.376619501420943e-11,1
0.2538538873195648,-3.2786243164828477e-10,132.54628700938338,-8.32291527799622e-11,1
0.2533825933933258,-3.2733907251447647e-10,132.56640200968832,-8.294202311268398e-11,1
0.25404056906700134,-3.284470750930524e-10,132.58651700999326,-8.343888186503115e-11,1
0.25440841913223267,-3.290468453265305e-10,132.6066320102982,-8.37122877399709e-11,1
0.2541995942592621,-3.285176020106917e-10,132.62674701060314,-8.350904113814357e-11,1
0.253408282995224,-3.272940529708279e-10,132.64686201090808,-8.29390239978854e-11,1
0.2531207501888275,-3.270503590169227e-10,132.66693201121234,-8.278323222388884e-11,1
0.2538317143917084,-3.2817126793815987e-10,132.68704701151728,-8.33002755548438e-11,1
0.25411221385002136,-3.2860203447171443e-10,132.70716201182222,-8.350179045522839e-11,1
0.25380605459213257,-3.2799044036302405e-10,132.72727701212716,-8.324595961247528e-11,1
0.25298982858657837,-3.2673611038980255e-10,132.7473920124321,-8.26609125605615e-11,1
0.252867192029953,-3.2676367167638887e-10,132.76750701273704,-8.262781211420594e-11,1
0.25356432795524597,-3.2797731197575786e-10,132.7875770130413,-8.316334669570109e-11,1
0.25378188490867615,-3.28195304266643e-10,132.80769201334624,-8.329002293496515e-11,1
0.2533871829509735,-3.2743813216384865e-10,132.82780701365118,-8.296862589972616e-11,1
0.25254952907562256,-3.262426995220835e-10,132.84792201395612,-8.239244012866202e-11,1
0.2526188790798187,-3.265657189110982e-10,132.86803701426106,-8.249666585721679e-11,1
0.2533136308193207,-3.2768199265120757e-10,132.888152014566,-8.300631531258734e-11,1
0.2534421980381012,-3.277543236812619e-10,132.90822201487026,-8.30667762102703e-11,1
0.25295189023017883,-3.2689628781668034e-10,132.9283370151752,-8.268903391245787e-11,1
0.25215789675712585,-3.258428804553404e-10,132.94845201548014,-8.216385540890222e-11,1
0.2523939609527588,-3.2637645364097523e-10,132.96856701578508,-8.237544589616019e-11,1
0.253044992685318,-3.273940285541954e-10,132.98868201609002,-8.284541956071317e-11,1
0.2530596852302551,-3.2726429899376797e-10,133.00875201639428,-8.281740049046302e-11,1
0.252511590719223,-3.262160541694925e-10,133.02886701669922,-8.237333475648678e-11,1
0.25177279114723206,-3.2527275317661974e-10,133.04898201700416,-8.189482895142225e-11,1
0.2521609663963318,-3.2606745081764643e-10,133.0690970173091,-8.222148350856611e-11,1
0.25277140736579895,-3.2700267493801505e-10,133.08921201761405,-8.265692635646294e-11,1
0.2526836395263672,-3.2672259342447774e-10,133.109327017919,-8.255745402199056e-11,1
0.2520304024219513,-3.256689085073816e-10,133.12939701822324,-8.207846606743303e-11,1
0.25140950083732605,-3.249590874165875e-10,133.14951201852818,-8.169780195995727e-11,1
0.2519509792327881,-3.259903458285862e-10,133.16962701883313,-8.213358685194753e-11,1
0.2524709701538086,-3.267449089072727e-10,133.18974201913807,-8.249360414463695e-11,1
0.25235140323638916,-3.263893877392121e-10,133.209857019443,-8.236481999745609e-11,1
0.2515861690044403,-3.252091373973087e-10,133.22997201974795,-8.181812100302756e-11,1
0.25115129351615906,-3.247218050006495e-10,133.2500420200522,-8.155430135881509e-11,1
0.2517915666103363,-3.2587496590075204e-10,133.27015702035715,-8.205256818324028e-11,1
0.2521801292896271,-3.264118975110364e-10,133.2902720206621,-8.231459451600566e-11,1
0.2519375681877136,-3.2587457732269343e-10,133.31038702096703,-8.210004854487843e-11,1
0.25115200877189636,-3.2466770938377465e-10,133.33050202127197,-8.154094739510527e-11,1
0.25088414549827576,-3.245090030024045e-10,133.3506170215769,-8.141416392475565e-11,1
0.2515929341316223,-3.2569560937112385e-10,133.37068702188117,-8.194271399546775e-11,1
0.25188466906547546,-3.2615166123406425e-10,133.3908020221861,-8.215260325509734e-11,1
0.25156891345977783,-3.2554853257593663e-10,133.41091702249105,-8.189789061855347e-11,1
0.25074541568756104,-3.243103285921478e-10,133.431032022796,-8.131932815460761e-11,1
0.25063928961753845,-3.243530999341715e-10,133.45114702310093,-8.12956305527472e-11,1
0.25135791301727295,-3.256143688012969e-10,133.4712170234052,-8.184574819033062e-11,1
0.2515593469142914,-3.2588864939953055e-10,133.49133202371013,-8.198033580972638e-11,1
0.2511669397354126,-3.2513053360716526e-10,133.51144702401507,-8.166204114065342e-11,1
0.25034040212631226,-3.239253310027834e-10,133.53156202432,-8.10915976221356e-11,1
0.25040170550346375,-3.242566770644828e-10,133.55167702462495,-8.119442495783237e-11,1
0.2511056363582611,-3.2538852168251253e-10,133.5717920249299,-8.170689180076115e-11,1
0.25122618675231934,-3.253894931276591e-10,133.59186202523415,-8.174636156773181e-11,1
0.25074467062950134,-3.245271829044327e-10,133.6119770255391,-8.137346158769192e-11,1
0.24997825920581818,-3.2348973499907174e-10,133.63209202584403,-8.086540082601939e-11,1
0.2502204477787018,-3.240514245828052e-10,133.65220702614897,-8.108429256243573e-11,1
0.2508596181869507,-3.2508609693060464e-10,133.6723220264539,-8.155097415389752e-11,1
0.2508561611175537,-3.2495436896873287e-10,133.69243702675885,-8.151680553787345e-11,1
0.2502898573875427,-3.2402852623292233e-10,133.7125070270631,-8.110105362033378e-11,1
0.2495713084936142,-3.2304398045468474e-10,133.73262202736805,-8.06225089030612e-11,1
0.24995297193527222,-3.238212198386492e-10,133.752737027673,-8.09400762743755e-11,1
0.25053849816322327,-3.247890845159418e-10,133.77285202797793,-8.137216945443225e-11,1
0.2504591941833496,-3.245405055807282e-10,133.79296702828287,-8.128415350760607e-11,1
0.24979931116104126,-3.234049139599904e-10,133.81308202858781,-8.078632473330141e-11,1
0.2492217868566513,-3.2271346706025383e-10,133.83315202889207,-8.042722690346154e-11,1
0.24977555871009827,-3.2370997549158176e-10,133.853267029197,-8.085483998844205e-11,1
0.2502618134021759,-3.2445834907690596e-10,133.87338202950195,-8.119953481346269e-11,1
0.25010547041893005,-3.240581691876798e-10,133.8934970298069,-8.104872084778189e-11,1
0.24935249984264374,-3.228924072562478e-10,133.91361203011184,-8.051402892955439e-11,1
0.24894563853740692,-3.224684685942947e-10,133.9336820304161,-8.027711882238644e-11,1
0.24959620833396912,-3.2351954448728293e-10,133.95379703072103,-8.074925162595866e-11,1
0.24997520446777344,-3.2404598448998456e-10,133.97391203102598,-8.100346122984483e-11,1
0.2497464269399643,-3.235574586035739e-10,133.99402703133092,-8.080731919601799e-11,1
0.2489432394504547,-3.223835920440621e-10,134.01414203163586,-8.025521574912265e-11,1
0.2486569881439209,-3.2220293100237996e-10,134.0342570319408,-8.011801039419536e-11,1
0.24935120344161987,-3.2331270993779526e-10,134.05432703224506,-8.061841331096062e-11,1
0.24963721632957458,-3.23754439923718e-10,134.07444203255,-8.082115715689745e-11,1
0.2493632286787033,-3.2315691789186474e-10,134.09455703285494,-8.058345241537401e-11,1
0.24851176142692566,-3.219226274442377e-10,134.11467203315988,-8.000155918935147e-11,1
0.2484332174062729,-3.2199937161081493e-10,134.13478703346482,-7.999533989207284e-11,1
0.24913445115089417,-3.231595546715482e-10,134.15490203376976,-8.051017828726354e-11,1
0.24932853877544403,-3.2334412924939215e-10,134.17497203407402,-8.061891926736926e-11,1
0.24893058836460114,-3.225430755815495e-10,134.19508703437896,-8.029083757744313e-11,1
0.24810940027236938,-3.213598276374796e-10,134.2152020346839,-7.973239410676706e-11,1
0.24816648662090302,-3.217190958082483e-10,134.23531703498884,-7.983989768558667e-11,1
0.2488715797662735,-3.228060874160832e-10,134.25543203529378,-8.03372609334104e-11,1
0.2489769607782364,-3.2289518281380936e-10,134.27554703559872,-8.039346126691528e-11,1
0.24849936366081238,-3.220058941710846e-10,134.29561703590298,-8.001825979654542e-11,1
0.24770896136760712,-3.2092944968198367e-10,134.31573203620792,-7.94971006530019e-11,1
0.24795612692832947,-3.21446091966493e-10,134.33584703651286,-7.97045279802592e-11,1
0.24861100316047668,-3.224843447835468e-10,134.3559620368178,-8.017315646018661e-11,1
0.24862518906593323,-3.2240235481317825e-10,134.37607703712274,-8.015734642072853e-11,1
0.24806538224220276,-3.2144464867656097e-10,134.396147037427,-7.973928964366167e-11,1
0.24734452366828918,-3.204912168985885e-10,134.41626203773194,-7.927174738365173e-11,1
0.2477465122938156,-3.212793364681943e-10,134.43637703803688,-7.959583508206642e-11,1
0.2483324259519577,-3.222214994824668e-10,134.45649203834182,-8.001804666035847e-11,1
0.24825386703014374,-3.219579047808452e-10,134.47660703864676,-7.992729488276762e-11,1
0.24760818481445312,-3.208750209982014e-10,134.4967220389517,-7.945128150166418e-11,1
0.24701650440692902,-3.2021457707642753e-10,134.51679203925596,-7.909828548956227e-11,1
0.24756869673728943,-3.2118160908645166e-10,134.5369070395609,-7.951451237751839e-11,1
0.2480427324771881,-3.2188418597201007e-10,134.55702203986584,-7.984103302969276e-11,1
0.24791932106018066,-3.2146130202193035e-10,134.57713704017078,-7.969646774439865e-11,1
0.24720197916030884,-3.20285381549823e-10,134.59725204047572,-7.917518021523091e-11,1
0.2467329502105713,-3.1981486903198686e-10,134.61736704078066,-7.890886615746959e-11,1
0.24740786850452423,-3.209811583193556e-10,134.63743704108492,-7.9413264209905e-11,1
0.24777600169181824,-3.2154104379067405e-10,134.65755204138986,-7.967015421026706e-11,1
0.24756985902786255,-3.210345045356888e-10,134.6776670416948,-7.947846703098018e-11,1
0.24677357077598572,-3.1977848147235477e-10,134.69778204199974,-7.891287773025538e-11,1
0.24648883938789368,-3.1954114354526553e-10,134.71789704230468,-7.876332560915283e-11,1
0.24719852209091187,-3.207176191288852e-10,134.73801204260963,-7.928092145717638e-11,1
0.24747008085250854,-3.2108643521766567e-10,134.75808204291388,-7.945928608395947e-11,1
0.24717745184898376,-3.2050959108964605e-10,134.77819704321882,-7.922274401869846e-11,1
0.2463597059249878,-3.192901221193978e-10,134.79831204352377,-7.866022059008828e-11,1
0.2462332546710968,-3.194270681294853e-10,134.8184270438287,-7.865356661556934e-11,1
0.24699506163597107,-3.2062327792736767e-10,134.83854204413365,-7.919236629359726e-11,1
0.2471655160188675,-3.208017740341518e-10,134.8586120444379,-7.929113601891925e-11,1
0.24679961800575256,-3.200565090732965e-10,134.87872704474285,-7.898982417954426e-11,1
0.2459481656551361,-3.189327135721953e-10,134.8988420450478,-7.844091587049637e-11,1
0.24606235325336456,-3.192636710558361e-10,134.91895704535273,-7.855877020830712e-11,1
0.24675747752189636,-3.204210230478566e-10,134.93907204565767,-7.90662833922745e-11,1
0.24686937034130096,-3.204508602916434e-10,134.9591870459626,-7.91095021055262e-11,1
0.24638627469539642,-3.1956567947410974e-10,134.97925704626687,-7.873659728612901e-11,1
0.24559752643108368,-3.185511576742073e-10,134.9993720465718,-7.823537636654343e-11,1
0.24586959183216095,-3.191104047672866e-10,135.01948704687675,-7.845954496952842e-11,1
0.24650265276432037,-3.2012328898822773e-10,135.0396020471817,-7.891123994723728e-11,1
0.24651145935058594,-3.200193443575472e-10,135.05971704748663,-7.888843559799666e-11,1
0.24596309661865234,-3.190342434677973e-10,135.07983204779157,-7.847065045072848e-11,1
0.24526560306549072,-3.18198356552557e-10,135.09990204809583,-7.804311181431094e-11,1
0.2456710934638977,-3.1897609553688255e-10,135.12001704840077,-7.836320617939064e-11,1
0.24624742567539215,-3.1992669624614223e-10,135.1401320487057,-7.878112535544567e-11,1
0.24617117643356323,-3.196302666985673e-10,135.16024704901065,-7.868375877695988e-11,1
0.24553392827510834,-3.1854138771159057e-10,135.1803620493156,-7.821271824303116e-11,1
0.24494992196559906,-3.1785943321871457e-10,135.20047704962053,-7.785964336295368e-11,1
0.24549104273319244,-3.188374564366825e-10,135.2205470499248,-7.827173964304e-11,1
0.2459772825241089,-3.196135578420467e-10,135.24066205022973,-7.861767441584874e-11,1
0.24583664536476135,-3.191784891942717e-10,135.26077705053467,-7.846576905611249e-11,1
0.24509631097316742,-3.1801514199791825e-10,135.2808920508396,-7.794433813729777e-11,1
0.24463991820812225,-3.17573883856781e-10,135.30100705114455,-7.769124897175862e-11,1
0.24529670178890228,-3.1864699767680804e-10,135.3210770514488,-7.816305756505702e-11,1
0.24568527936935425,-3.192582309630154e-10,135.34119205175375,-7.843704766511427e-11,1
0.24544347822666168,-3.1871641437142273e-10,135.3613070520587,-7.822686531125198e-11,1
0.24466022849082947,-3.1751573592586624e-10,135.38142205236363,-7.76834725010563e-11,1
0.2443781942129135,-3.1737087957672827e-10,135.40153705266857,-7.755852244672489e-11,1
0.24509017169475555,-3.185665065075227e-10,135.4216520529735,-7.80775197761272e-11,1
0.2453404814004898,-3.18936710375084e-10,135.44172205327777,-7.82480860597117e-11,1
0.245050311088562,-3.182586694183698e-10,135.4618370535827,-7.798938594760333e-11,1
0.24421533942222595,-3.1700092550934755e-10,135.48195205388765,-7.741648862042508e-11,1
0.24413754045963287,-3.1707089731547455e-10,135.5020670541926,-7.740890902192877e-11,1
0.24487672746181488,-3.1824834434424076e-10,135.52218205449753,-7.793161308315846e-11,1
0.2450476437807083,-3.1848773618392556e-10,135.54229705480248,-7.80446693249228e-11,1
0.24464763700962067,-3.177021146161252e-10,135.56236705510673,-7.77250716137947e-11,1
0.24381029605865479,-3.1652816478988655e-10,135.58248205541167,-7.717282556832491e-11,1
0.24389612674713135,-3.1686492318883097e-10,135.60259705571661,-7.728212746778316e-11,1
0.24460695683956146,-3.1796129618122393e-10,135.62271205602156,-7.777554505165166e-11,1
0.24471618235111237,-3.18045922931276e-10,135.6428270563265,-7.783098407207796e-11,1
0.24421072006225586,-3.1722305338099943e-10,135.66294205663144,-7.74692702865213e-11,1
0.24343286454677582,-3.162084483143701e-10,135.6830120569357,-7.697552836705822e-11,1
0.24367386102676392,-3.167634210488046e-10,135.70312705724064,-7.718696583900872e-11,1
0.24433757364749908,-3.177478002935885e-10,135.72324205754558,-7.763772655556551e-11,1
0.244338721036911,-3.1765662322769117e-10,135.74335705785052,-7.761581304835798e-11,1
0.24376200139522552,-3.166186202108179e-10,135.76347205815546,-7.717958854158377e-11,1
0.24305380880832672,-3.157054617730637e-10,135.78354205845972,-7.673341494553472e-11,1
0.2434508502483368,-3.1648558773689217e-10,135.80365705876466,-7.704868542589099e-11,1
0.24402372539043427,-3.174482066103934e-10,135.8237720590696,-7.746489399558048e-11,1
0.24394746124744415,-3.1718327964114224e-10,135.84388705937454,-7.737605581859479e-11,1
0.2432703673839569,-3.1604976968857557e-10,135.86400205967948,-7.688554358375475e-11,1
0.2426898181438446,-3.1529334698632283e-10,135.88411705998442,-7.651848504207478e-11,1
0.24326081573963165,-3.1628683005990865e-10,135.90418706028868,-7.694019228807563e-11,1
0.24376852810382843,-3.169967899285808e-10,135.92430206059362,-7.727384089452865e-11,1
0.24362289905548096,-3.165773199143018e-10,135.94441706089856,-7.712548445273665e-11,1
0.24288295209407806,-3.1544716838638465e-10,135.9645320612035,-7.661673948740284e-11,1
0.242447629570961,-3.150160687859227e-10,135.98464706150844,-7.637489915390976e-11,1
0.2430887222290039,-3.1610924988711986e-10,136.00476206181338,-7.684259363982886e-11,1
0.24347318708896637,-3.16629805707791e-10,136.02483206211764,-7.709086792303606e-11,1
0.24325618147850037,-3.161131911788573e-10,136.04494706242258,-7.689648780115199e-11,1
0.24245759844779968,-3.1495095420552843e-10,136.06506206272752,-7.636225198551536e-11,1
0.24221044778823853,-3.1482882967281967e-10,136.08517706303246,-7.625483181170073e-11,1
0.24292509257793427,-3.1595223659586225e-10,136.1052920633374,-7.675272632525523e-11,1
0.24318988621234894,-3.1633420882748453e-10,136.12540706364234,-7.692928024982939e-11,1
0.24288827180862427,-3.157220040961306e-10,136.1454770639466,-7.668517194686455e-11,1
0.24207554757595062,-3.145571858542695e-10,136.16559206425154,-7.614660300962236e-11,1
0.24200236797332764,-3.1468846972693143e-10,136.18570706455648,-7.615535484782023e-11,1
0.2427208572626114,-3.158754646737094e-10,136.20582206486142,-7.666956357382847e-11,1
0.24293620884418488,-3.1604618921932115e-10,136.22593706516636,-7.677906302859377e-11,1
0.24251689016819,-3.15251380555992e-10,136.24600706547062,-7.645378443366778e-11,1
0.24172107875347137,-3.141224780289775e-10,136.26612206577556,-7.593002424987806e-11,1
0.24180270731449127,-3.1451308224461627e-10,136.2862370660805,-7.605011477257347e-11,1
0.24250933527946472,-3.1563610058960023e-10,136.30635206638544,-7.654470094418622e-11,1
0.24261893332004547,-3.156786776425946e-10,136.32646706669038,-7.658962404152879e-11,1
0.24212037026882172,-3.1477873085883346e-10,136.34658206699532,-7.621434286829053e-11,1
0.24136586487293243,-3.1379962517341653e-10,136.36665206729958,-7.57405179267837e-11,1
0.24165824055671692,-3.1438660008653585e-10,136.38676706760452,-7.597411263152044e-11,1
0.24228209257125854,-3.1539687528336913e-10,136.40688206790946,-7.641501493409092e-11,1
0.24231120944023132,-3.1529445720934746e-10,136.4269970682144,-7.639938125619824e-11,1
0.24177013337612152,-3.142774374076396e-10,136.44711206851935,-7.59828979591507e-11,1
0.24106773734092712,-3.13416154140711e-10,136.4672270688243,-7.555452312479645e-11,1
0.24150259792804718,-3.142177906756416e-10,136.48729706912854,-7.588441276337876e-11,1
0.24206750094890594,-3.15113241056153e-10,136.50741206943349,-7.627867477837315e-11,1
0.24198932945728302,-3.1487443208355614e-10,136.52752706973843,-7.619625268314255e-11,1
0.24134477972984314,-3.138260762369782e-10,136.54764207004337,-7.574028524289447e-11,1
0.24076922237873077,-3.131600534445056e-10,136.5677570703483,-7.539930254791538e-11,1
0.2413344383239746,-3.141386040184102e-10,136.58787207065325,-7.58124635566605e-11,1
0.241806760430336,-3.148454275070378e-10,136.6079420709575,-7.613175286178101e-11,1
0.2416819930076599,-3.144779714414625e-10,136.62805707126245,-7.600366289497861e-11,1
0.24094972014427185,-3.133073245287221e-10,136.6481720715674,-7.549131216434615e-11,1
0.2405274212360382,-3.1286609414316047e-10,136.66828707187233,-7.525287481644594e-11,1
0.24121642112731934,-3.139420112763247e-10,136.68840207217727,-7.572796840158758e-11,1
0.24154828488826752,-3.144840221569467e-10,136.70847207248153,-7.59630761767744e-11,1
0.24133826792240143,-3.1402305755712234e-10,136.72858707278647,-7.578578079853248e-11,1
0.24057839810848236,-3.1285218859977704e-10,136.7487020730914,-7.526547837806717e-11,1
0.24031704664230347,-3.1267696765091557e-10,136.76881707339635,-7.514160541893909e-11,1
0.24099110066890717,-3.138491411203148e-10,136.7889320737013,-7.563484996257584e-11,1
0.24127963185310364,-3.1421645840801204e-10,136.80904707400623,-7.58140314068712e-11,1
0.24098065495491028,-3.135816883936826e-10,136.8291170743105,-7.556712065097622e-11,1
0.24014653265476227,-3.1237359920943675e-10,136.84923207461543,-7.501543674303462e-11,1
0.2400863617658615,-3.124614178506846e-10,136.86934707492037,-7.501772500397348e-11,1
0.24078647792339325,-3.1363769914527495e-10,136.8894620752253,-7.55197169211876e-11,1
0.24098190665245056,-3.1385327670108154e-10,136.90957707553025,-7.563296102854577e-11,1
0.24058260023593903,-3.130107006921179e-10,136.9296920758352,-7.530492827418296e-11,1
0.23976203799247742,-3.1188737703580216e-10,136.94976207613945,-7.477875314223213e-11,1
0.23986831307411194,-3.12256165369007e-10,136.9698770764444,-7.490035963405465e-11,1
0.24055539071559906,-3.1341745865276494e-10,136.98999207674933,-7.539425922330598e-11,1
0.24066728353500366,-3.1342120565547305e-10,137.01010707705427,-7.543023016736842e-11,1
0.24017105996608734,-3.124887848482416e-10,137.0302220773592,-7.50507626845168e-11,1
0.23940080404281616,-3.115310509560487e-10,137.05033707766415,-7.45807840831816e-11,1
0.2396940439939499,-3.121314318121904e-10,137.0704070779684,-7.481604514868573e-11,1
0.24032893776893616,-3.1314259518744336e-10,137.09052207827335,-7.525722727160624e-11,1
0.24035459756851196,-3.130581627264206e-10,137.1106370785783,-7.524496871764656e-11,1
0.2397690713405609,-3.1208149953165787e-10,137.13075207888323,-7.48274913252753e-11,1
0.23910307884216309,-3.1120347965263306e-10,137.15086707918817,-7.440971013133902e-11,1
0.23951663076877594,-3.1206656703197666e-10,137.17093707949243,-7.474513271107742e-11,1
0.2400771677494049,-3.1298558189618575e-10,137.19105207979737,-7.51406920480357e-11,1
0.2400093376636505,-3.1264901778627063e-10,137.2111670801023,-7.50386836800737e-11,1
0.23936134576797485,-3.1154120949672404e-10,137.23128208040725,-7.457092316731845e-11,1
0.2387915402650833,-3.108984458766173e-10,137.2513970807122,-7.423991875689809e-11,1
0.23937475681304932,-3.119497715697861e-10,137.27151208101714,-7.467290070740383e-11,1
0.2398211807012558,-3.1260768973417896e-10,137.2915820813214,-7.496994524834264e-11,1
0.23967058956623077,-3.1226476959744787e-10,137.31169708162633,-7.484068143018355e-11,1
0.2389363944530487,-3.110946777962198e-10,137.33181208193128,-7.433184064616167e-11,1
0.23852597177028656,-3.1066355044018223e-10,137.35192708223622,-7.41013252623519e-11,1
0.23917625844478607,-3.117833768939704e-10,137.37204208254116,-7.45711815307804e-11,1
0.2395709604024887,-3.123394598514295e-10,137.3921570828461,-7.482746436820153e-11,1
0.23935531079769135,-3.1176908277252835e-10,137.41222708315036,-7.462358570412968e-11,1
0.23856773972511292,-3.1053354332399863e-10,137.4323420834553,-7.408328553963678e-11,1
0.23832251131534576,-3.103967638473648e-10,137.45245708376024,-7.397453626426031e-11,1
0.23901532590389252,-3.1154923085807695e-10,137.47257208406518,-7.446504094865031e-11,1
0.23930463194847107,-3.1195127037086934e-10,137.49268708437012,-7.465138394195888e-11,1
0.23899348080158234,-3.113141688881882e-10,137.51280208467506,-7.440205684543977e-11,1
0.23817549645900726,-3.1016689217011617e-10,137.53287208497932,-7.387415352776479e-11,1
0.23810522258281708,-3.102260393017531e-10,137.55298708528426,-7.386644013892967e-11,1
0.23881030082702637,-3.113471980231708e-10,137.5731020855892,-7.435291802156517e-11,1
0.2390279769897461,-3.115100399853077e-10,137.59321708589414,-7.445961466968301e-11,1
0.2386309802532196,-3.1071045736297265e-10,137.61333208619908,-7.414514101545236e-11,1
0.23781679570674896,-3.0963853703269706e-10,137.63340208650334,-7.363724470444154e-11,1
0.23792627453804016,-3.1003824507713773e-10,137.65351708680828,-7.376624461551525e-11,1
0.2386079877614975,-3.110913193715703e-10,137.67363208711322,-7.422887372531976e-11,1
0.23872600495815277,-3.1111269116479434e-10,137.69374708741816,-7.427068985355095e-11,1
0.23823437094688416,-3.1015456869454283e-10,137.7138620877231,-7.388947856924658e-11,1
0.2374809980392456,-3.09238495921349e-10,137.73397708802804,-7.343826664355714e-11,1
0.2377680093050003,-3.0996083477674574e-10,137.7540470883323,-7.369877064738294e-11,1
0.23839683830738068,-3.109890400754267e-10,137.77416208863724,-7.413880390222903e-11,1
0.23840144276618958,-3.1085004015274365e-10,137.79427708894218,-7.410709805634205e-11,1
0.23782280087471008,-3.097973544363697e-10,137.81439208924712,-7.367687453563273e-11,1
0.23716983199119568,-3.089366262809534e-10,137.83450708955206,-7.327044775098053e-11,1
0.23760898411273956,-3.0974989240206696e-10,137.854622089857,-7.359935726268552e-11,1
0.2381824105978012,-3.1066255123946007e-10,137.87469209016126,-7.399435533667754e-11,1
0.23811595141887665,-3.1037164505143267e-10,137.8948070904662,-7.390443955486377e-11,1
0.23745876550674438,-3.0929045435890146e-10,137.91492209077114,-7.344372947508481e-11,1
0.2368866354227066,-3.086332578394746e-10,137.93503709107608,-7.311109402914182e-11,1
0.23747371137142181,-3.0971930575773854e-10,137.95515209138102,-7.355019302167034e-11,1
0.23792971670627594,-3.104697610112339e-10,137.97526709168596,-7.386998228326808e-11,1
0.23780027031898499,-3.099786816118666e-10,137.99533709199022,-7.371301428042446e-11,1
0.2370774745941162,-3.087700095605328e-10,138.01545209229516,-7.320241409701223e-11,1
0.23664216697216034,-3.0835523023853284e-10,138.0355670926001,-7.296984988084583e-11,1
0.23732158541679382,-3.0954372398639407e-10,138.05568209290504,-7.346140733226947e-11,1
0.2377074658870697,-3.100645018516701e-10,138.07579709320999,-7.370464699669713e-11,1
0.23747113347053528,-3.095114442519531e-10,138.09586709351424,-7.350003348861369e-11,1
0.2366720587015152,-3.0834793052214593e-10,138.11598209381918,-7.297733951302805e-11,1
0.23640114068984985,-3.0825281216451117e-10,138.13609709412412,-7.287131641654447e-11,1
0.23711809515953064,-3.0941652018334764e-10,138.15621209442907,-7.336825587676586e-11,1
0.2373579889535904,-3.0969343756126477e-10,138.176327094734,-7.350821153166612e-11,1
0.2370728850364685,-3.0898464342676846e-10,138.19644209503895,-7.325188084914849e-11,1
0.2362402230501175,-3.0781110993416405e-10,138.2165120953432,-7.271736526815115e-11,1
0.23617620766162872,-3.0799315875462696e-10,138.23662709564815,-7.274065622039376e-11,1
0.23688435554504395,-3.0911073700679026e-10,138.2567420959531,-7.322349772790708e-11,1
0.23707249760627747,-3.09362480077624e-10,138.27685709625803,-7.334133581767458e-11,1
0.23668086528778076,-3.085659228130311e-10,138.29697209656297,-7.303164960971077e-11,1
0.23589876294136047,-3.0746072354759235e-10,138.3170870968679,-7.252960433793266e-11,1
0.23602400720119476,-3.0784683135998137e-10,138.33715709717217,-7.265924274177323e-11,1
0.2367134541273117,-3.0899757752500534e-10,138.3572720974771,-7.31438838929158e-11,1
0.2368215173482895,-3.0903662961989653e-10,138.37738709778205,-7.318652354278524e-11,1
0.236347496509552,-3.081070398813779e-10,138.397502098087,-7.282032753293236e-11,1
0.2355964183807373,-3.0711100329483543e-10,138.41761709839193,-7.235425242157804e-11,1
0.23590950667858124,-3.077543220264545e-10,138.43773209869687,-7.26021702874621e-11,1
0.23655129969120026,-3.0876384782274613e-10,138.45780209900113,-7.303848950012657e-11,1
0.23654597997665405,-3.086593480805533e-10,138.47791709930607,-7.301212797066965e-11,1
0.23599188029766083,-3.0771471482005097e-10,138.498032099611,-7.261817414564231e-11,1
0.2353139966726303,-3.0690561203527977e-10,138.51814709991595,-7.221918616928139e-11,1
0.2357623428106308,-3.076625898490448e-10,138.5382621002209,-7.2535252977997e-11,1
0.2363247126340866,-3.0848651411119477e-10,138.55833210052515,-7.29029867988192e-11,1
0.23626701533794403,-3.0812954965320216e-10,138.5784471008301,-7.28008490339869e-11,1
0.23562362790107727,-3.0709204623668995e-10,138.59856210113503,-7.235814203385425e-11,1
0.2350764274597168,-3.064815901065998e-10,138.61867710143997,-7.204659728443277e-11,1
0.2356155812740326,-3.076995325201892e-10,138.6387921017449,-7.249880421249248e-11,1
0.23608960211277008,-3.0845484499941733e-10,138.65890710204985,-7.28229816256686e-11,1
0.23594719171524048,-3.0798766315065507e-10,138.6789771023541,-7.266882420333652e-11,1
0.23521246016025543,-3.0684482732468155e-10,138.69909210265905,-7.217372672248712e-11,1
0.23479093611240387,-3.0641647552620555e-10,138.719207102964,-7.194381112906129e-11,1
0.23546116054058075,-3.0752414503787406e-10,138.73932210326893,-7.24099920848677e-11,1
0.23583324253559113,-3.080944388500484e-10,138.75943710357387,-7.265891052119031e-11,1
0.23559719324111938,-3.0755001323434783e-10,138.7795521038788,-7.245791989928147e-11,1
0.23480844497680664,-3.063796438773636e-10,138.79962210418307,-7.194052775139155e-11,1
0.2345656156539917,-3.0617655633058405e-10,138.819737104488,-7.181849243450252e-11,1
0.2352680116891861,-3.0737029588223663e-10,138.83985210479295,-7.231439836453064e-11,1
0.23554009199142456,-3.0777738690979106e-10,138.8599671050979,-7.249391402561246e-11,1
0.2352369874715805,-3.0713109833158114e-10,138.88008210540283,-7.224859433035891e-11,1
0.23440811038017273,-3.059026365548334e-10,138.90019710570778,-7.170605899513125e-11,1
0.23435373604297638,-3.0608332535209115e-10,138.92026710601203,-7.173177083672043e-11,1
0.23506799340248108,-3.071792820108499e-10,138.94038210631697,-7.220801743710533e-11,1
0.23525652289390564,-3.074087651100399e-10,138.96049710662192,-7.231991718689736e-11,1
0.23486411571502686,-3.066175924271164e-10,138.98061210692686,-7.20134697080652e-11,1
0.2340594083070755,-3.055195541001865e-10,139.0007271072318,-7.15097260589312e-11,1
0.23418396711349487,-3.058708286651779e-10,139.02079710753605,-7.163004408110345e-11,1
0.23485684394836426,-3.069635656771652e-10,139.040912107841,-7.209249424207545e-11,1
0.23498521745204926,-3.0697500097431885e-10,139.06102710814594,-7.213458735629335e-11,1
0.23447594046592712,-3.0608951484545344e-10,139.08114210845088,-7.177062686014706e-11,1
0.2337164431810379,-3.0508842674414893e-10,139.10125710875582,-7.130418195434113e-11,1
0.2340218424797058,-3.057502862002792e-10,139.12137210906076,-7.155224531528671e-11,1
0.23462910950183868,-3.067543719037502e-10,139.14144210936502,-7.197350511557276e-11,1
0.23465758562088013,-3.06693587193152e-10,139.16155710966996,-7.196797669615193e-11,1
0.2340712994337082,-3.05672820388736e-10,139.1816721099749,-7.154923426995793e-11,1
0.23339761793613434,-3.048280239337231e-10,139.20178711027984,-7.114613466630992e-11,1
0.2338256537914276,-3.056865316430901e-10,139.22190211058478,-7.147735311667947e-11,1
0.23439279198646545,-3.065735443286144e-10,139.24201711088972,-7.185862900437036e-11,1
0.23432186245918274,-3.0627886338230326e-10,139.26208711119398,-7.176783369962288e-11,1
0.23365475237369537,-3.051704167145175e-10,139.28220211149892,-7.130451814920801e-11,1
0.23309949040412903,-3.045685648128682e-10,139.30231711180386,-7.099477725099652e-11,1
0.2336486279964447,-3.056075115193124e-10,139.3224321121088,-7.140477577189502e-11,1
0.23410998284816742,-3.0627972380514734e-10,139.34254711241374,-7.17031408867645e-11,1
0.23390039801597595,-3.0579438980993245e-10,139.36266211271868,-7.15254294875957e-11,1
0.2332080900669098,-3.0461536071335615e-10,139.38273211302294,-7.103876647700458e-11,1
0.23281632363796234,-3.0420160834765397e-10,139.40284711332788,-7.082310010025607e-11,1
0.2334708273410797,-3.053527708463122e-10,139.42296211363282,-7.129096404037963e-11,1
0.23382259905338287,-3.0592664512774093e-10,139.44307711393776,-7.153256328345031e-11,1
0.23361605405807495,-3.053872710268024e-10,139.4631921142427,-7.134336921684546e-11,1
0.23282133042812347,-3.0412855567263364e-10,139.48326211454696,-7.080761495288618e-11,1
0.23258180916309357,-3.0391117400441203e-10,139.5033771148519,-7.068421067482588e-11,1
0.2332918643951416,-3.051071895132651e-10,139.52349211515684,-7.117902508191141e-11,1
0.23355244100093842,-3.054891617448874e-10,139.54360711546178,-7.134773942484894e-11,1
0.233282670378685,-3.0486330127033057e-10,139.56372211576672,-7.111932502080426e-11,1
0.23243233561515808,-3.037207430001132e-10,139.58383711607166,-7.059452167028749e-11,1
0.23239772021770477,-3.0386981819674475e-10,139.60390711637592,-7.06186529918919e-11,1
0.2330818623304367,-3.0497265823825614e-10,139.62402211668086,-7.108359514203654e-11,1
0.23328420519828796,-3.0520266869338286e-10,139.6441371169858,-7.119896199053223e-11,1
0.23289372026920319,-3.0441751897036795e-10,139.66425211729074,-7.089692850812973e-11,1
0.23207826912403107,-3.032676887393393e-10,139.68436711759568,-7.038184028387127e-11,1
0.232237309217453,-3.036900175779067e-10,139.70448211790062,-7.052815251849406e-11,1
0.23289622366428375,-3.0475599821500055e-10,139.72455211820488,-7.097652112331283e-11,1
0.23299679160118103,-3.047910812625787e-10,139.74466711850982,-7.101534404283568e-11,1
0.23251166939735413,-3.03826186431877e-10,139.76478211881476,-7.064313381390746e-11,1
0.2317759245634079,-3.028181871922442e-10,139.7848971191197,-7.018596531109752e-11,1
0.2320886254310608,-3.034271445212511e-10,139.80501211942465,-7.042198889040899e-11,1
0.23274081945419312,-3.0449012755617844e-10,139.8251271197296,-7.086728180313676e-11,1
0.23273992538452148,-3.043575946826138e-10,139.84519712003384,-7.083616387664397e-11,1
0.23216907680034637,-3.034085760411642e-10,139.86531212033879,-7.044208899278479e-11,1
0.23148776590824127,-3.0258726080312215e-10,139.88542712064373,-7.004524899560909e-11,1
0.2319464534521103,-3.0335678413706546e-10,139.90554212094867,-7.036253021122972e-11,1
0.2325177937746048,-3.042220364513071e-10,139.9256571212536,-7.073703673327532e-11,1
0.23245149850845337,-3.03957248259934e-10,139.94572712155787,-7.065531784052763e-11,1
0.23181386291980743,-3.0285685070907675e-10,139.9658421218628,-7.02064164745985e-11,1
0.23125822842121124,-3.0216473767552543e-10,139.98595712216775,-6.987808192620203e-11,1
0.23183032870292664,-3.0321348210016197e-10,140.0060721224727,-7.029408122243951e-11,1
0.23231548070907593,-3.0396127281839824e-10,140.02618712277763,-7.061490921174876e-11,1
0.232158362865448,-3.0354982416547216e-10,140.04630212308257,-7.047163022635062e-11,1
0.2314329743385315,-3.0237218284767664e-10,140.06637212338683,-6.99788936336721e-11,1
0.2310076206922531,-3.020039773815597e-10,140.08648712369177,-6.976522025451113e-11,1
0.23166939616203308,-3.0315605581421323e-10,140.1066021239967,-7.023198039334238e-11,1
0.23205910623073578,-3.036573492654071e-10,140.12671712430165,-7.046645307092474e-11,1
0.23182804882526398,-3.0313693222261406e-10,140.1468321246066,-7.027564352404491e-11,1
0.23102639615535736,-3.019431926709615e-10,140.16694712491153,-6.975684764641494e-11,1
0.2308184802532196,-3.0180319354755625e-10,140.1870171252158,-6.966175447021523e-11,1
0.2315245419740677,-3.0300748021794277e-10,140.20713212552073,-7.015366807217558e-11,1
0.2318108081817627,-3.033682471897947e-10,140.22724712582567,-7.032403855775107e-11,1
0.2314981073141098,-3.0268815232048496e-10,140.2473621261306,-7.007173436859724e-11,1
0.2306838035583496,-3.015053207100493e-10,140.26747712643555,-6.955239417447422e-11,1
0.23064012825489044,-3.016591143545355e-10,140.2875921267405,-6.957469682398673e-11,1
0.23134233057498932,-3.028065298504856e-10,140.30766212704475,-7.005196832893641e-11,1
0.2315448522567749,-3.030455608676874e-10,140.3277771273497,-7.016863961818017e-11,1
0.23116587102413177,-3.022169181576828e-10,140.34789212765463,-6.986223712414949e-11,1
0.2303534895181656,-3.0109126303301537e-10,140.36800712795957,-6.935742310308694e-11,1
0.23046424984931946,-3.0146776741624137e-10,140.3881221282645,-6.947754287133318e-11,1
0.23115836083889008,-3.025844852455606e-10,140.40819212856877,-6.99449336246431e-11,1
0.23125401139259338,-3.0265140393836987e-10,140.4283071288737,-6.998935121434817e-11,1
0.23076696693897247,-3.017839034225034e-10,140.44842212917865,-6.96417560638149e-11,1
0.2300189584493637,-3.0080776758367733e-10,140.4685371294836,-6.919148939307573e-11,1
0.23029716312885284,-3.0149047147709496e-10,140.48865212978853,-6.943240029155529e-11,1
0.23095205426216125,-3.0253469174290615e-10,140.50876713009347,-6.987100854359389e-11,1
0.23094522953033447,-3.0238572756857707e-10,140.52883713039773,-6.983454126002222e-11,1
0.2304132580757141,-3.013344018754083e-10,140.54895213070267,-6.94314413064094e-11,1
0.22973960638046265,-3.0046182208920413e-10,140.5690671310076,-6.902798073913035e-11,1
0.23018717765808105,-3.013111427030424e-10,140.58918213131255,-6.935796153574463e-11,1
0.230747789144516,-3.021833061556123e-10,140.6092971316175,-6.972812981178794e-11,1
0.23064970970153809,-3.0190208666347473e-10,140.62941213192244,-6.963362864721904e-11,1
0.23001232743263245,-3.008454041442121e-10,140.6494821322267,-6.919815160462116e-11,1
0.22945106029510498,-3.001942860958451e-10,140.66959713253163,-6.887989723922375e-11,1
0.2300492376089096,-3.012388949397149e-10,140.68971213283658,-6.929977811903183e-11,1
0.2305086851119995,-3.0195612676919836e-10,140.70982713314152,-6.960350974308015e-11,1
0.23035386204719543,-3.0152724761478567e-10,140.72994213344646,-6.945796600052688e-11,1
0.229627326130867,-3.0037269893590235e-10,140.7500571337514,-6.897377969936318e-11,1
0.22924768924713135,-3.0000454898093665e-10,140.77012713405566,-6.877534961750756e-11,1
0.22989250719547272,-3.011197680091726e-10,140.7902421343606,-6.922517843374779e-11,1
0.23026688396930695,-3.016638328023902e-10,140.81035713466554,-6.946319078564439e-11,1
0.2300611138343811,-3.01065727903449e-10,140.83047213497048,-6.926351669882618e-11,1
0.2292843759059906,-2.99878372134188e-10,140.85058713527542,-6.87574254024917e-11,1
0.2290710061788559,-2.998082337946073e-10,140.87065713557968,-6.867737377603636e-11,1
0.22973960638046265,-3.0101132697524235e-10,140.89077213588462,-6.915422377535292e-11,1
0.23004579544067383,-3.013827798437063e-10,140.91088713618956,-6.93318413212669e-11,1
0.22975723445415497,-3.0068808554162274e-10,140.9310021364945,-6.908526296735762e-11,1
0.22891035676002502,-2.9948044044658673e-10,140.95111713679944,-6.85541744652776e-11,1
0.22888430953025818,-2.9962399228367076e-10,140.97123213710438,-6.857923059254739e-11,1
0.229570671916008,-3.008094884293655e-10,140.99130213740864,-6.905703637744007e-11,1
0.22978521883487701,-3.010527938052121e-10,141.01141713771358,-6.917748210538177e-11,1
0.2293732762336731,-3.002310622335358e-10,141.03153213801852,-6.88649823716219e-11,1
0.2285735309123993,-2.991699665777503e-10,141.05164713832346,-6.838233560362087e-11,1
0.22869999706745148,-2.9953806102156477e-10,141.0717621386284,-6.850435367722196e-11,1
0.22940583527088165,-3.006302706776154e-10,141.09187713893334,-6.89663383525096e-11,1
0.22949694097042084,-3.0071098389150563e-10,141.1119471392376,-6.901225091930604e-11,1
0.2290092259645462,-2.9981345184282304e-10,141.13206213954254,-6.866004654028365e-11,1
0.22826774418354034,-2.98793989550461e-10,141.15217713984748,-6.820502997028406e-11,1
0.2285451740026474,-2.994333669903426e-10,141.17229214015242,-6.843405096100643e-11,1
0.2292008399963379,-3.0046820587159573e-10,141.19240714045736,-6.886756517796233e-11,1
0.2292192131280899,-3.0035865461464084e-10,141.2125221407623,-6.88479744669797e-11,1
0.22865508496761322,-2.993673087203774e-10,141.23259214106656,-6.84518574119836e-11,1
0.22797344624996185,-2.985041658298826e-10,141.2527071413715,-6.805102340420844e-11,1
0.22839802503585815,-2.9928740041818003e-10,141.27282214167644,-6.835665117362839e-11,1
0.22898700833320618,-3.001449644379761e-10,141.29293714198138,-6.872929747292871e-11,1
0.22890499234199524,-2.9986713112606367e-10,141.31305214228632,-6.864108335402769e-11,1
0.2282545119524002,-2.9877370022468597e-10,141.33312214259058,-6.819644512899842e-11,1
0.22769294679164886,-2.98058022707437e-10,141.35323714289552,-6.786570950514852e-11,1
0.22829341888427734,-2.9905194987023265e-10,141.37335214320046,-6.827159205988493e-11,1
0.22876015305519104,-2.998522818931093e-10,141.3934671435054,-6.859425389981597e-11,1
0.22862029075622559,-2.994358094809968e-10,141.41358214381034,-6.845710182637126e-11,1
0.22787533700466156,-2.9826663361376404e-10,141.43369714411529,-6.79676096519824e-11,1
0.227461040019989,-2.978952362564513e-10,141.45376714441954,-6.775956025589275e-11,1
0.22814473509788513,-2.990165060001715e-10,141.47388214472448,-6.82190415513043e-11,1
0.22850647568702698,-2.995892700585756e-10,141.49399714502943,-6.845808825473407e-11,1
0.2282857596874237,-2.990363789923123e-10,141.51411214533437,-6.826574695243636e-11,1
0.22749635577201843,-2.979034241512579e-10,141.5342271456393,-6.777194336641708e-11,1
0.22727449238300323,-2.978032542788611e-10,141.55434214594425,-6.76830834462346e-11,1
0.22797799110412598,-2.9902960663186207e-10,141.5744121462485,-6.817216900058894e-11,1
0.2282654494047165,-2.9941066292948904e-10,141.59452714655345,-6.83451095301639e-11,1
0.22796079516410828,-2.987283198585544e-10,141.6146421468584,-6.809834533299414e-11,1
0.22715339064598083,-2.974994972593237e-10,141.63475714716333,-6.757801951793006e-11,1
0.22708940505981445,-2.976407453836316e-10,141.65487214746827,-6.759105979072862e-11,1
0.22780828177928925,-2.988506386802925e-10,141.6749871477732,-6.808065050640063e-11,1
0.22798067331314087,-2.990395708835081e-10,141.69505714807747,-6.817524271729489e-11,1
0.22762319445610046,-2.9824412384193977e-10,141.7151721483824,-6.788728019666316e-11,1
0.22681082785129547,-2.971106138893731e-10,141.73528714868735,-6.738790429965532e-11,1
0.22693076729774475,-2.975265311899733e-10,141.7554021489923,-6.751792401437703e-11,1
0.22763507068157196,-2.986373370816864e-10,141.77551714929723,-6.798033133474611e-11,1
0.22771720588207245,-2.987456948488898e-10,141.7955871496015,-6.802953490028743e-11,1
0.22724805772304535,-2.978417235066644e-10,141.81570214990643,-6.768395317577378e-11,1
0.22649773955345154,-2.968188472785016e-10,141.83581715021137,-6.722879796544176e-11,1
0.22677555680274963,-2.9745295115901627e-10,141.8559321505163,-6.7455058621707e-11,1
0.22741588950157166,-2.984624769553079e-10,141.87604715082125,-6.787510967963368e-11,1
0.22743237018585205,-2.9835989234783256e-10,141.8961621511262,-6.785669748506322e-11,1
0.2268834263086319,-2.9739452567234537e-10,141.91623215143045,-6.747388894997211e-11,1
0.22620344161987305,-2.965158674150814e-10,141.9363471517354,-6.707290970419338e-11,1
0.2266349345445633,-2.973546686657613e-10,141.95646215204033,-6.739095586958512e-11,1
0.22721125185489655,-2.982750713087512e-10,141.97657715234527,-6.77714523491699e-11,1
0.2271357774734497,-2.9799121503693016e-10,141.9966921526502,-6.768446630767107e-11,1
0.2264827936887741,-2.968736645403425e-10,142.01680715295515,-6.723677691772072e-11,1
0.2259071320295334,-2.962016742991125e-10,142.0368771532594,-6.691407074325845e-11,1
0.22650541365146637,-2.971937140827663e-10,142.05699215356435,-6.73159851429326e-11,1
0.22699245810508728,-2.9793192912741517e-10,142.0771071538693,-6.762830094062262e-11,1
0.22684070467948914,-2.975205359856403e-10,142.09722215417423,-6.748976803960196e-11,1
0.2261233627796173,-2.963967404845391e-10,142.11733715447917,-6.702222767528152e-11,1
0.22570261359214783,-2.9598173911793424e-10,142.1374521547841,-6.680385209446702e-11,1
0.2263772338628769,-2.9707392101840924e-10,142.15752215508837,-6.725077249294625e-11,1
0.2267449051141739,-2.9765201414733156e-10,142.1776371553933,-6.749107770487944e-11,1
0.22653107345104218,-2.9714869453911774e-10,142.19775215569825,-6.731341274852218e-11,1
0.22575128078460693,-2.9594590666981446e-10,142.2178671560032,-6.681016747367236e-11,1
0.225517138838768,-2.958438771738514e-10,142.23798215630814,-6.671786472321488e-11,1
0.2262224555015564,-2.9703611792442075e-10,142.2580521566124,-6.719623996951233e-11,1
0.22651076316833496,-2.9746141660957903e-10,142.27816715691733,-6.737821248936978e-11,1
0.22621725499629974,-2.967877332782365e-10,142.29828215722227,-6.713850633877662e-11,1
0.22539107501506805,-2.9558197556234234e-10,142.31839715752722,-6.662153922707391e-11,1
0.22533167898654938,-2.9571872728340054e-10,142.33851215783216,-6.663479732653415e-11,1
0.2260746955871582,-2.9689276037636603e-10,142.3586271581371,-6.711994042411805e-11,1
0.22624318301677704,-2.9707766802111735e-10,142.37869715844135,-6.721179721629898e-11,1
0.2258838564157486,-2.9624705466524404e-10,142.3988121587463,-6.691742715959241e-11,1
0.22507032752037048,-2.950786004429773e-10,142.41892715905124,-6.641343724595344e-11,1
0.225209042429924,-2.9545926816254564e-10,142.43904215935618,-6.654009885993304e-11,1
0.22591759264469147,-2.9662675093966584e-10,142.45915715966112,-6.701320148630578e-11,1
0.22602219879627228,-2.966646650559568e-10,142.47927215996606,-6.7052799901107e-11,1
0.2255319058895111,-2.957667444292156e-10,142.49934216027032,-6.670483756985693e-11,1
0.2247925102710724,-2.947396215979836e-10,142.51945716057526,-6.625525941535672e-11,1
0.22509409487247467,-2.954249345155091e-10,142.5395721608802,-6.649840823752862e-11,1
0.2257619947195053,-2.9649693811251154e-10,142.55968716118514,-6.693774017650632e-11,1
0.225771963596344,-2.9635680021122823e-10,142.57980216149008,-6.690905670881841e-11,1
0.2252158373594284,-2.9535193735164e-10,142.59987216179434,-6.651793388637904e-11,1
0.22453077137470245,-2.9446853289094577e-10,142.61998716209928,-6.6117246835581e-11,1
0.22497951984405518,-2.953380595638322e-10,142.64010216240422,-6.644501483234593e-11,1
0.22555391490459442,-2.96275365352372e-10,142.66021716270916,-6.682606854501653e-11,1
0.22548417747020721,-2.960464651202699e-10,142.6803321630141,-6.675379368060644e-11,1
0.2248522937297821,-2.9502680853887853e-10,142.70044716331904,-6.63374546117441e-11,1
0.22428065538406372,-2.943792987153415e-10,142.7205171636233,-6.602358204737786e-11,1
0.22484692931175232,-2.953877697997598e-10,142.74063216392824,-6.641703299572275e-11,1
0.22532552480697632,-2.9616506469487547e-10,142.76074716423318,-6.673354863186491e-11,1
0.22518490254878998,-2.957614986254242e-10,142.78086216453812,-6.660102424565023e-11,1
0.22447368502616882,-2.944865185039447e-10,142.80097716484306,-6.610447399910752e-11,1
0.2240663468837738,-2.9400926138123396e-10,142.821092165148,-6.587758114768969e-11,1
0.22472654283046722,-2.9514285460052747e-10,142.84116216545226,-6.63264333554918e-11,1
0.22510865330696106,-2.957431244343667e-10,142.8612771657572,-6.657433646621329e-11,1
0.2248906046152115,-2.9514651833650873e-10,142.88139216606214,-6.637567895877205e-11,1
0.22410428524017334,-2.939342103047693e-10,142.90150716636708,-6.587191610798512e-11,1
0.22386708855628967,-2.937886323106653e-10,142.92162216667202,-6.576960576632294e-11,1
0.22456297278404236,-2.950197031115209e-10,142.94173716697696,-6.625050156058873e-11,1
0.2248578816652298,-2.9548979929572283e-10,142.96180716728122,-6.644321032332015e-11,1
0.2245376855134964,-2.9498703479902133e-10,142.98192216758616,-6.623570605026147e-11,1
0.22372645139694214,-2.9374977450480344e-10,143.0020371678911,-6.571959464861162e-11,1
0.22367778420448303,-2.938608523184172e-10,143.02215216819604,-6.573014431102438e-11,1
0.22437405586242676,-2.9501406872967095e-10,143.04226716850098,-6.6193503137353e-11,1
0.2245790809392929,-2.9523708477974253e-10,143.06233716880524,-6.630407315903068e-11,1
0.22420430183410645,-2.9443192328670875e-10,143.08245216911018,-6.601290379816972e-11,1
0.22340647876262665,-2.932830089896754e-10,143.10256716941512,-6.552132431929116e-11,1
0.2235160619020462,-2.9363064757426116e-10,143.12268216972006,-6.563116599954647e-11,1
0.2242112010717392,-2.9479851892944e-10,143.142797170025,-6.609713000333958e-11,1
0.22432462871074677,-2.9487767783109575e-10,143.16291217032995,-6.614832559454776e-11,1
0.2238558828830719,-2.939851972971752e-10,143.1829821706342,-6.581031589551324e-11,1
0.22311142086982727,-2.9298263815036307e-10,143.20309717093915,-6.536777268791797e-11,1
0.22338424623012543,-2.936179077650536e-10,143.22321217124409,-6.558961500576299e-11,1
0.2240406721830368,-2.946354826782738e-10,143.24332717154903,-6.601033158821395e-11,1
0.22407785058021545,-2.9449795380109833e-10,143.26344217185397,-6.59904684880217e-11,1
0.22349806129932404,-2.9352992259035204e-10,143.2835571721589,-6.560336863228434e-11,1
0.22283121943473816,-2.927216247172737e-10,143.30362717246317,-6.522751659066789e-11,1
0.22325435280799866,-2.935353349275971e-10,143.3237421727681,-6.553304122553981e-11,1
0.22384102642536163,-2.944724741826832e-10,143.34385717307305,-6.591502087506761e-11,1
0.2237812578678131,-2.942435739505811e-10,143.363972173378,-6.584619709818192e-11,1
0.22313401103019714,-2.931970777275694e-10,143.38408717368293,-6.542223997568504e-11,1
0.22257570922374725,-2.9251515099026903e-10,143.40420217398787,-6.510676719035064e-11,1
0.2231484353542328,-2.9348504182458157e-10,143.42427217429213,-6.549072788302695e-11,1
0.22361494600772858,-2.9418936731140377e-10,143.44438717459707,-6.578513948738738e-11,1
0.22350381314754486,-2.938040088995564e-10,143.464502174902,-6.566631630708606e-11,1
0.22278033196926117,-2.926993925012056e-10,143.48461717520695,-6.520766782861965e-11,1
0.22236302495002747,-2.9225269426724765e-10,143.5047321755119,-6.498619314706074e-11,1
0.2230328619480133,-2.9334418227833226e-10,143.52484717581683,-6.542539250933613e-11,1
0.22342728078365326,-2.93806562412513e-10,143.5449171761211,-6.564440131622049e-11,1
0.22321870923042297,-2.932858400583882e-10,143.56503217642603,-6.54668866533937e-11,1
0.22242510318756104,-2.92124713308084e-10,143.58514717673097,-6.497586950118726e-11,1
0.2221725732088089,-2.9200314388688753e-10,143.6052621770359,-6.487508986241188e-11,1
0.22289951145648956,-2.931627440805329e-10,143.62537717734085,-6.534583243279466e-11,1
0.22318071126937866,-2.935403309312079e-10,143.6454471776451,-6.551253984347577e-11,1
0.22290870547294617,-2.9289803915588664e-10,143.66556217795005,-6.528952274380299e-11,1
0.2220679670572281,-2.9165139747711066e-10,143.685677178255,-6.476643292714155e-11,1
0.22202236950397491,-2.917560915083328e-10,143.70579217855993,-6.477637875389859e-11,1
0.22276845574378967,-2.9297084203072643e-10,143.72590717886487,-6.526466205714268e-11,1
0.22295545041561127,-2.9322785866092715e-10,143.7460221791698,-6.537674930215221e-11,1
0.2225777506828308,-2.924559761030565e-10,143.76609217947407,-6.509419333477004e-11,1
0.22177520394325256,-2.9129137990580034e-10,143.786207179779,-6.460120518552033e-11,1
0.2218671590089798,-2.916555330578774e-10,143.80632218008395,-6.470878452880085e-11,1
0.22258298099040985,-2.9282207214542666e-10,143.8264371803889,-6.517720971791792e-11,1
0.22270599007606506,-2.9292562819804857e-10,143.84655218069383,-6.523629204649973e-11,1
0.2222423106431961,-2.920174380083296e-10,143.86666718099877,-6.489863017107744e-11,1
0.22149699926376343,-2.9103652821049764e-10,143.88673718130303,-6.446371767476886e-11,1
0.22175757586956024,-2.916556995913311e-10,143.90685218160797,-6.467686092991427e-11,1
0.22242242097854614,-2.926466569075359e-10,143.92696718191291,-6.50911779206521e-11,1
0.22243161499500275,-2.925505948603302e-10,143.94708218221786,-6.5072501282532e-11,1
0.22189514338970184,-2.915392094404723e-10,143.9671971825228,-6.469113468251392e-11,1
0.22121228277683258,-2.9074448404387e-10,143.98731218282774,-6.431625102011686e-11,1
0.22163334488868713,-2.915755970001044e-10,144.007382183132,-6.462287485104898e-11,1
0.2222101241350174,-2.924708808471621e-10,144.02749718343694,-6.498999073892577e-11,1
0.22215838730335236,-2.923018216360873e-10,144.04761218374188,-6.49373013005053e-11,1
0.22151309251785278,-2.913058405606961e-10,144.06772718404682,-6.452805761111234e-11,1
0.22095592319965363,-2.9061675288488686e-10,144.08784218435176,-6.421349293096578e-11,1
0.22152887284755707,-2.9163182979630164e-10,144.10791218465602,-6.460487054124531e-11,1
0.22200971841812134,-2.923671305055109e-10,144.12802718496096,-6.49083443182426e-11,1
0.2218710035085678,-2.9212285368451774e-10,144.1481421852659,-6.481359069477048e-11,1
0.22116170823574066,-2.909643914694726e-10,144.16825718557084,-6.435018185316133e-11,1
0.22072792053222656,-2.9051711036842676e-10,144.18837218587578,-6.41252376506542e-11,1
0.22137513756752014,-2.916322738855115e-10,144.20848718618072,-6.456013475053382e-11,1
0.22177238762378693,-2.9217955832550047e-10,144.22855718648498,-6.479735826470975e-11,1
0.2215617597103119,-2.916727692703347e-10,144.24867218678992,-6.462353201911514e-11,1
0.22078156471252441,-2.905109486306401e-10,144.26878718709486,-6.413946180479252e-11,1
0.22052329778671265,-2.902728613030092e-10,144.2889021873998,-6.401192863252464e-11,1
0.22123490273952484,-2.9143168434053734e-10,144.30901718770474,-6.447486034029468e-11,1
0.22154183685779572,-2.9180335925360623e-10,144.32913218800968,-6.464665221031919e-11,1
0.22126887738704681,-2.9124205824793137e-10,144.34920218831394,-6.444280327641267e-11,1
0.22044627368450165,-2.900694962004735e-10,144.36931718861888,-6.39447395469351e-11,1
0.2203569859266281,-2.9016028468831223e-10,144.38943218892382,-6.393884576952882e-11,1
0.22110499441623688,-2.913433383433528e-10,144.40954718922876,-6.441746719761483e-11,1
0.22131383419036865,-2.9161198455973647e-10,144.4296621895337,-6.453776639877786e-11,1
0.22093473374843597,-2.9086147379508986e-10,144.44973218983796,-6.426140227059587e-11,1
0.22011211514472961,-2.8970814636153364e-10,144.4698471901429,-6.376827287029607e-11,1
0.22019220888614655,-2.9005783885871494e-10,144.48996219044784,-6.38684762430424e-11,1
0.2208869457244873,-2.9111857369201743e-10,144.51007719075278,-6.430429258649881e-11,1
0.22101990878582,-2.9119551214762396e-10,144.53019219105772,-6.436000553370799e-11,1
0.2205401510000229,-2.902349749422939e-10,144.55030719136266,-6.400846519926135e-11,1
0.21976105868816376,-2.8920288386302673e-10,144.57037719166692,-6.355553193340882e-11,1
0.22000789642333984,-2.898072060109058e-10,144.59049219197186,-6.375987376278488e-11,1
0.22064591944217682,-2.908775165177957e-10,144.6106071922768,-6.418093707712601e-11,1
0.22067657113075256,-2.9081972940936396e-10,144.63072219258174,-6.417710070323172e-11,1
0.22011174261569977,-2.898025430742024e-10,144.65083719288668,-6.378894277052408e-11,1
0.21939247846603394,-2.888718153570835e-10,144.67095219319162,-6.337630353017307e-11,1
0.2197791039943695,-2.896246298345062e-10,144.69102219349588,-6.365344163972871e-11,1
0.2203385829925537,-2.9053418004743037e-10,144.71113719380082,-6.401588954255428e-11,1
0.22029836475849152,-2.9022481640161857e-10,144.73125219410576,-6.393605246561e-11,1
0.2196561098098755,-2.8909674654187256e-10,144.7513671944107,-6.35018667040793e-11,1
0.21903342008590698,-2.883592531421897e-10,144.77148219471565,-6.316031342915163e-11,1
0.2195737212896347,-2.893867923070559e-10,144.79159719502059,-6.354173487893089e-11,1
0.22002336382865906,-2.901103246522041e-10,144.81166719532484,-6.38310495114023e-11,1
0.21989905834197998,-2.897734552309572e-10,144.83178219562978,-6.372090993778938e-11,1
0.219158336520195,-2.886065275653493e-10,144.85189719593473,-6.325052649009176e-11,1
0.2186843305826187,-2.880767291379982e-10,144.87201219623967,-6.299786666797351e-11,1
0.21931390464305878,-2.891744343980207e-10,144.8921271965446,-6.341997433077797e-11,1
0.2196715772151947,-2.897105610966122e-10,144.91219719684887,-6.364117589199183e-11,1
0.21946297585964203,-2.8922975126022266e-10,144.9323121971538,-6.347522191871251e-11,1
0.2186843305826187,-2.880142513372874e-10,144.95242719745875,-6.29842037519488e-11,1
0.21838657557964325,-2.877671712031571e-10,144.9725421977637,-6.28444870832984e-11,1
0.21906828880310059,-2.8892058190344017e-10,144.99265719806863,-6.329333747758271e-11,1
0.21934151649475098,-2.893250639068867e-10,145.01277219837357,-6.346099827727728e-11,1
0.21904978156089783,-2.88703672080004e-10,145.03284219867783,-6.324047630495396e-11,1
0.21822142601013184,-2.874776805494861e-10,145.05295719898277,-6.273378939559399e-11,1
0.21811679005622864,-2.8748725622307347e-10,145.0730721992877,-6.270579750944933e-11,1
0.21880464255809784,-2.8866092849355596e-10,145.09318719959265,-6.316035127952115e-11,1
0.2190088927745819,-2.8894292514181075e-10,145.1133021998976,-6.328107011035688e-11,1
0.21861916780471802,-2.8811125707406404e-10,145.13341720020253,-6.298664325670306e-11,1
0.21777240931987762,-2.8698940446325594e-10,145.1534872005068,-6.249837405924009e-11,1
0.21782824397087097,-2.872983517754335e-10,145.17360220081173,-6.258169546296824e-11,1
0.21854521334171295,-2.8843019639346323e-10,145.19371720111667,-6.303503880500159e-11,1
0.21867167949676514,-2.8854818534540527e-10,145.2138322014216,-6.309731630522364e-11,1
0.21828772127628326,-2.8774505000939143e-10,145.23394720172655,-6.281121127508023e-11,1
0.2176174819469452,-2.8682090036369345e-10,145.2540622020315,-6.241724210690263e-11,1
0.21790914237499237,-2.8747321190181196e-10,145.27413220233575,-6.26430410613083e-11,1
0.21862225234508514,-2.8855454137222125e-10,145.2942472026407,-6.308444375919807e-11,1
0.21869926154613495,-2.885782168782214e-10,145.31436220294563,-6.311184292956739e-11,1
0.21820148825645447,-2.8763358361771907e-10,145.33447720325057,-6.276207601792364e-11,1
0.21754927933216095,-2.867366344361244e-10,145.3545922035555,-6.237934817970815e-11,1
0.21799516677856445,-2.8749913560943696e-10,145.37466220385977,-6.267342201587233e-11,1
0.2185889035463333,-2.884493199850624e-10,145.3947772041647,-6.305182058422024e-11,1
0.21859197318553925,-2.8834348797524e-10,145.41489220446965,-6.302957199170852e-11,1
0.2179872840642929,-2.872722615343548e-10,145.4350072047746,-6.262170007888125e-11,1
0.21742857992649078,-2.8657567985312937e-10,145.45512220507953,-6.230974311193457e-11,1
0.2179861217737198,-2.875844284933038e-10,145.47523720538447,-6.268941424976693e-11,1
0.21851478517055511,-2.8837610077658837e-10,145.49530720568873,-6.301444170951856e-11,1
0.21842756867408752,-2.88020995942162e-10,145.51542220599367,-6.291172587073568e-11,1
0.21773895621299744,-2.8690774755979476e-10,145.5355372062986,-6.247099348309187e-11,1
0.2172875702381134,-2.864398440660665e-10,145.55565220660355,-6.223981773649967e-11,1
0.2179478108882904,-2.875787941114538e-10,145.5757672069085,-6.267716863448574e-11,1
0.21838198602199554,-2.881934135778863e-10,145.59588220721344,-6.293625001559715e-11,1
0.21821369230747223,-2.8769039928100426e-10,145.6159522075177,-6.27779842685189e-11,1
0.21746228635311127,-2.865895576409372e-10,145.63606720782263,-6.232242044952497e-11,1
0.21720096468925476,-2.864370407529293e-10,145.65618220812757,-6.221440157427163e-11,1
0.2179056704044342,-2.876272275909031e-10,145.67629720843252,-6.267560385476451e-11,1
0.21825435757637024,-2.8807503604788565e-10,145.69641220873746,-6.287363192642098e-11,1
0.21797119081020355,-2.8750357650153546e-10,145.7165272090424,-6.266749693223214e-11,1
0.21715869009494781,-2.863066728142627e-10,145.73659720934666,-6.21739820337881e-11,1
0.2170783281326294,-2.8637794913244363e-10,145.7567122096516,-6.216644641172205e-11,1
0.21781790256500244,-2.8757601855389225e-10,145.77682720995654,-6.263920518940304e-11,1
0.21803902089595795,-2.878472737943838e-10,145.79694221026148,-6.276193774569818e-11,1
0.21769413352012634,-2.87112805752443e-10,145.81705721056642,-6.250277347081043e-11,1
0.21688947081565857,-2.8592064826860053e-10,145.83712721087068,-6.201317809824681e-11,1
0.21696297824382782,-2.8620644743071466e-10,145.85724221117562,-6.20962032271534e-11,1
0.21769259870052338,-2.873855875495934e-10,145.87735721148056,-6.256171538274777e-11,1
0.217828631401062,-2.875204796470854e-10,145.8974722117855,-6.263019258130151e-11,1
0.21738871932029724,-2.867058812583423e-10,145.91758721209044,-6.232662434834824e-11,1
0.21661695837974548,-2.856560266106811e-10,145.93770221239538,-6.187793962724938e-11,1
0.2168572098016739,-2.8621605085987767e-10,145.95777221269964,-6.206801418992706e-11,1
0.21754315495491028,-2.872625193273137e-10,145.97788721300458,-6.249199475475972e-11,1
0.2175726741552353,-2.8727414891349667e-10,145.99800221330952,-6.250300479477875e-11,1
0.21705764532089233,-2.8631547133173285e-10,146.01811721361446,-6.214696202620739e-11,1
0.21635906398296356,-2.8540089735962226e-10,146.0382322139194,-6.174907101262573e-11,1
0.21673116087913513,-2.8621621739333136e-10,146.05834721422434,-6.203197305809161e-11,1
0.21733881533145905,-2.8717236921771416e-10,146.0784172145286,-6.241370252170635e-11,1
0.2173251062631607,-2.8695501530506817e-10,146.09853221483354,-6.236252919392085e-11,1
0.21669666469097137,-2.8592936351934384e-10,146.11864721513848,-6.195993941185411e-11,1
0.21609389781951904,-2.851928138092319e-10,146.13876221544342,-6.162842676615328e-11,1
0.21662576496601105,-2.8614269287352556e-10,146.15887721574836,-6.198587973316183e-11,1
0.2171545922756195,-2.8698374232583035e-10,146.1789922160533,-6.231983755449714e-11,1
0.21703539788722992,-2.8661240047966885e-10,146.19906221635756,-6.220503637751902e-11,1
0.21637018024921417,-2.85475726391482e-10,146.2191772166625,-6.176843437610031e-11,1
0.21590803563594818,-2.8494162584991045e-10,146.23929221696744,-6.152118670816748e-11,1
0.21654415130615234,-2.860678083305146e-10,146.25940721727238,-6.194631077094234e-11,1
0.21698522567749023,-2.867587833854657e-10,146.27952221757732,-6.222241932789781e-11,1
0.21678577363491058,-2.862878822895709e-10,146.29959221788158,-6.206314004444485e-11,1
0.21604178845882416,-2.850631675155313e-10,146.31970721818652,-6.158555653379277e-11,1
0.21573330461978912,-2.847810043338228e-10,146.33982221849146,-6.143674715787808e-11,1
0.21643991768360138,-2.8590574352449494e-10,146.3599372187964,-6.188141559371053e-11,1
0.21678173542022705,-2.863501658012524e-10,146.38005221910134,-6.207548588026524e-11,1
0.2165292203426361,-2.8583707623042187e-10,146.40016721940628,-6.189207926119189e-11,1
0.21572498977184296,-2.846676505630086e-10,146.42023721971054,-6.140992600607959e-11,1
0.2155880630016327,-2.846877733553299e-10,146.44035222001548,-6.137528561792339e-11,1
0.21631883084774017,-2.8584326572378416e-10,146.46046722032042,-6.183328104706891e-11,1
0.21657174825668335,-2.8613311719993817e-10,146.48058222062537,-6.196834942612508e-11,1
0.21623949706554413,-2.854061431634136e-10,146.5006972209303,-6.171608085707325e-11,1
0.21542596817016602,-2.8426302978168394e-10,146.52081222123525,-6.1237638405704e-11,1
0.21550491452217102,-2.845687574470901e-10,146.5408822215395,-6.132596574931557e-11,1
0.21618050336837769,-2.8568039600607165e-10,146.56099722184445,-6.175853181107004e-11,1
0.2163686454296112,-2.858914771586285e-10,146.5811122221494,-6.185795165268308e-11,1
0.215939462184906,-2.850736868786896e-10,146.60122722245433,-6.155865862765253e-11,1
0.21516311168670654,-2.840244150981164e-10,146.62134222275927,-6.111157694750751e-11,1
0.21537232398986816,-2.8448329802976957e-10,146.6414572230642,-6.126982903297376e-11,1
0.21605412662029266,-2.8555344200320576e-10,146.66152722336847,-6.169499951542101e-11,1
0.2161337435245514,-2.854729230783448e-10,146.6816422236734,-6.170033153981897e-11,1
0.21563328802585602,-2.845043090005106e-10,146.70175722397835,-6.134859960730424e-11,1
0.21490751206874847,-2.836157975139031e-10,146.7218722242833,-6.095116542710685e-11,1
0.21529723703861237,-2.8427654674700875e-10,146.74198722458823,-6.120395506950891e-11,1
0.21592585742473602,-2.852535430086789e-10,146.7620572248925,-6.15936158575928e-11,1
0.21596091985702515,-2.851457403529878e-10,146.78217222519743,-6.15803363799437e-11,1
0.21535278856754303,-2.841553659038709e-10,146.80228722550237,-6.119365043382914e-11,1
0.21474197506904602,-2.834229517745257e-10,146.8224022258073,-6.086280444396063e-11,1
0.215251624584198,-2.843754121073516e-10,146.84251722611225,-6.121226944790825e-11,1
0.21579039096832275,-2.85206885886069e-10,146.8626322264172,-6.154490541221265e-11,1
0.21570731699466705,-2.849335212218307e-10,146.88270222672145,-6.146224538460412e-11,1
0.21503204107284546,-2.8387056594247895e-10,146.9028172270264,-6.104126719511502e-11,1
0.21456722915172577,-2.8326851975180034e-10,146.92293222733133,-6.07801413890547e-11,1
0.21518342196941376,-2.8432098342356937e-10,146.94304722763627,-6.118116215079262e-11,1
0.2156110554933548,-2.8500107829287913e-10,146.9631622279412,-6.144938330747192e-11,1
0.21545585989952087,-2.8462884826829793e-10,146.98327722824615,-6.132495325585638e-11,1
0.21472182869911194,-2.835039147885965e-10,147.0033472285504,-6.087447902676464e-11,1
0.2143813818693161,-2.831632706090659e-10,147.02346222885535,-6.070493324780664e-11,1
0.21509221196174622,-2.8432325938076985e-10,147.0435772291603,-6.11557187723831e-11,1
0.2154213786125183,-2.848303537472674e-10,147.06369222946523,-6.135854747492761e-11,1
0.21518494188785553,-2.8428612242059614e-10,147.08380722977017,-6.117409273259976e-11,1
0.21440091729164124,-2.830741474557641e-10,147.1039222300751,-6.069135687606513e-11,1
0.21422792971134186,-2.830235212858412e-10,147.12399223037937,-6.063154302467965e-11,1
0.2149672955274582,-2.8423058351378927e-10,147.1441072306843,-6.110027984415062e-11,1
0.21520641446113586,-2.8460506173999534e-10,147.16422223098925,-6.12488348745546e-11,1
0.21489179134368896,-2.839086465922236e-10,147.1843372312942,-6.100963764416524e-11,1
0.2140437811613083,-2.8273983154747384e-10,147.20445223159913,-6.051870262933266e-11,1
0.21406739950180054,-2.830915779572507e-10,147.2245222319034,-6.06006779141699e-11,1
0.214787557721138,-2.8430338638862906e-10,147.24463723220833,-6.106483001426266e-11,1
0.21496537327766418,-2.8450655720213547e-10,147.26475223251327,-6.115905826890017e-11,1
0.2145300656557083,-2.836403611983229e-10,147.28486723281821,-6.084938531048504e-11,1
0.21374104917049408,-2.825910894177497e-10,147.30498223312316,-6.040131593838272e-11,1
0.2139364778995514,-2.83101375675443e-10,147.3250972334281,-6.056571120052201e-11,1
0.2146177589893341,-2.8414867681014755e-10,147.34516723373235,-6.098335223677844e-11,1
0.21471360325813293,-2.840894741673594e-10,147.3652822340373,-6.099787464618201e-11,1
0.21419093012809753,-2.831871126485197e-10,147.38539723434224,-6.065611105847677e-11,1
0.2134670615196228,-2.822592160001136e-10,147.40551223464718,-6.025304542637675e-11,1
0.21382036805152893,-2.830013723364999e-10,147.42562723495212,-6.051145759207819e-11,1
0.21442468464374542,-2.8389759987312857e-10,147.44574223525706,-6.087465332391181e-11,1
0.2144360989332199,-2.8364571802441674e-10,147.46581223556132,-6.082388125226803e-11,1
0.2138678878545761,-2.82618650704336e-10,147.48592723586626,-6.044305389444655e-11,1
0.21324442327022552,-2.8179542033157645e-10,147.5060422361712,-6.00913018887978e-11,1
0.2137487232685089,-2.8275934371713163e-10,147.52615723647614,-6.043944871177836e-11,1
0.2142668068408966,-2.8365143567299356e-10,147.54627223678108,-6.077708737748832e-11,1
0.21418555080890656,-2.83316564653191e-10,147.56638723708602,-6.06823144535309e-11,1
0.21352356672286987,-2.822845568406507e-10,147.58645723739028,-6.027440540740043e-11,1
0.21299496293067932,-2.8163577026063535e-10,147.60657223769522,-5.998700044661734e-11,1
0.21361421048641205,-2.826920086906881e-10,147.62668723800016,-6.038703024727927e-11,1
0.21408286690711975,-2.8332763912786163e-10,147.6468022383051,-6.065559325851846e-11,1
0.21390238404273987,-2.8291563536342323e-10,147.66691723861004,-6.051632888720271e-11,1
0.21319864690303802,-2.817791555642657e-10,147.6869872389143,-6.00749346917821e-11,1
0.21282674372196198,-2.8145677455349016e-10,147.70710223921924,-5.990152882670568e-11,1
0.21351535618305206,-2.8259333761937455e-10,147.72721723952418,-6.033801713675824e-11,1
0.21387478709220886,-2.8313251743128376e-10,147.74733223982912,-6.055490688449693e-11,1
0.2136349081993103,-2.826323342031145e-10,147.76744724013406,-6.038013277163916e-11,1
0.21287158131599426,-2.8144217512071634e-10,147.787562240439,-5.991104086695987e-11,1
0.2126801759004593,-2.813700106241157e-10,147.80763224074326,-5.984182335265103e-11,1
0.2133873552083969,-2.8251770367582196e-10,147.8277472410482,-6.028570558693324e-11,1
0.21366021037101746,-2.8285240816217083e-10,147.84786224135314,-6.043430503187831e-11,1
0.2133578509092331,-2.821432532051915e-10,147.86797724165808,-6.019747815239925e-11,1
0.2125416398048401,-2.809718291363339e-10,147.88809224196302,-5.971821330360175e-11,1
0.21255429089069366,-2.811779975520068e-10,147.90820724226796,-5.9765589883732e-11,1
0.21325471997261047,-2.8232591264831797e-10,147.92827724257222,-6.020733344282873e-11,1
0.21344828605651855,-2.8255281447897573e-10,147.94839224287716,-6.031041397098283e-11,1
0.21301871538162231,-2.817609201510862e-10,147.9685072431821,-6.002034925532825e-11,1
0.2122170776128769,-2.806388177400976e-10,147.98862224348704,-5.95563497655363e-11,1
0.21239449083805084,-2.8110316852014705e-10,148.00873724379198,-5.970476435079943e-11,1
0.21308846771717072,-2.8218791192635706e-10,148.02885224409692,-6.013098976069535e-11,1
0.21317599713802338,-2.821927969076654e-10,148.04892224440118,-6.015673086595929e-11,1
0.21268534660339355,-2.8129321094638726e-10,148.06903724470612,-5.982694406731387e-11,1
0.2119603306055069,-2.803242082904944e-10,148.08915224501106,-5.941761186598018e-11,1
0.21226726472377777,-2.809712740248216e-10,148.109267245316,-5.964100380320391e-11,1
0.21291488409042358,-2.8193763990103093e-10,148.12938224562095,-6.002871992025558e-11,1
0.2129194438457489,-2.8182314815161646e-10,148.1494522459252,-6.000562796730028e-11,1
0.21236076951026917,-2.808487609140542e-10,148.16956724623014,-5.964125898371415e-11,1
0.21172158420085907,-2.799837028888419e-10,148.18968224653509,-5.927859312604825e-11,1
0.2121776044368744,-2.8089605641490323e-10,148.20979724684003,-5.959985234587929e-11,1
0.21275585889816284,-2.818004996019141e-10,148.22991224714497,-5.995470733073663e-11,1
0.21267615258693695,-2.8149207964567324e-10,148.2500272474499,-5.986665248273741e-11,1
0.21203342080116272,-2.804369791942207e-10,148.27009724775417,-5.946201201769512e-11,1
0.21152271330356598,-2.798114795421469e-10,148.2902122480591,-5.918648336624016e-11,1
0.21211667358875275,-2.809258659031144e-10,148.31032724836405,-5.958906020040864e-11,1
0.21257267892360687,-2.816466504462767e-10,148.330442248669,-5.987038299522571e-11,1
0.21243242919445038,-2.811821331327735e-10,148.35055724897393,-5.973220358747243e-11,1
0.21172043681144714,-2.799649401197257e-10,148.37067224927887,-5.927429941403897e-11,1
0.21137170493602753,-2.79604228659025e-10,148.39074224958313,-5.9100422518981e-11,1
0.21204693615436554,-2.8075475277944406e-10,148.41085724988807,-5.953318513765746e-11,1
0.2124389410018921,-2.8129903961726654e-10,148.430972250193,-5.975887008114139e-11,1
0.21220211684703827,-2.807620802514066e-10,148.45108725049795,-5.957830775972652e-11,1
0.2114487588405609,-2.7958352299961575e-10,148.4712022508029,-5.911758893054017e-11,1
0.2112571746110916,-2.7949931258319793e-10,148.49131725110783,-5.904623508206872e-11,1
0.21195048093795776,-2.807011845185059e-10,148.5113872514121,-5.949475105855175e-11,1
0.2122189849615097,-2.8105306970616084e-10,148.53150225171703,-5.964479717335789e-11,1
0.21195150911808014,-2.803797471973013e-10,148.55161725202197,-5.942691054461381e-11,1
0.21113376319408417,-2.792047704147649e-10,148.5717322523269,-5.89495538794096e-11,1
0.2111038863658905,-2.794356968038869e-10,148.59184725263185,-5.898996158466117e-11,1
0.21184486150741577,-2.8058780299211605e-10,148.6119172529361,-5.944108426553489e-11,1
0.21204155683517456,-2.8079025216065645e-10,148.63203225324105,-5.953920221228683e-11,1
0.21164879202842712,-2.80014456066624e-10,148.652147253546,-5.926472137699805e-11,1
0.2108689695596695,-2.7888827358601986e-10,148.67226225385093,-5.88088828733592e-11,1
0.2110276222229004,-2.7935673219126045e-10,148.69237725415587,-5.895198694628127e-11,1
0.21171163022518158,-2.804834975389525e-10,148.7124922544608,-5.938161851523234e-11,1
0.21182410418987274,-2.805323195964604e-10,148.73256225476507,-5.942350729482731e-11,1
0.21135295927524567,-2.797251874575579e-10,148.75267725507,-5.91207461529777e-11,1
0.21059614419937134,-2.787832187323147e-10,148.77279225537495,-5.871067093251543e-11,1
0.21088506281375885,-2.7941712832380006e-10,148.7929072556799,-5.892489865780469e-11,1
0.2115430235862732,-2.805056187327182e-10,148.81302225598483,-5.933900671965756e-11,1
0.2115568071603775,-2.803397791684148e-10,148.83313725628977,-5.930778860091514e-11,1
0.2110060751438141,-2.793704989567658e-10,148.85320725659403,-5.894887249583616e-11,1
0.21033824980258942,-2.7856200679465815e-10,148.87332225689897,-5.859224497068542e-11,1
0.2107873558998108,-2.794252051963042e-10,148.8934372572039,-5.889930017509103e-11,1
0.2113587111234665,-2.8033472765365275e-10,148.91355225750885,-5.925118672002404e-11,1
0.21130160987377167,-2.800326914798035e-10,148.9336672578138,-5.91713585269677e-11,1
0.21064212918281555,-2.7899091370464646e-10,148.95378225811874,-5.876724008540589e-11,1
0.21010275185108185,-2.7835797555830766e-10,148.973852258423,-5.848377666449662e-11,1
0.21068541705608368,-2.7936403190764736e-10,148.99396725872793,-5.885792757293175e-11,1
0.2111697793006897,-2.8010491148755534e-10,149.01408225903288,-5.914969233986628e-11,1
0.21105405688285828,-2.7969365712365857e-10,149.03419725933782,-5.90304810203513e-11,1
0.2103186994791031,-2.785864317011999e-10,149.05431225964276,-5.859193600792034e-11,1
0.2099418342113495,-2.781862795675494e-10,149.07438225994701,-5.840293778484257e-11,1
0.21056854724884033,-2.793017483959659e-10,149.09449726025196,-5.881216340379966e-11,1
0.2109414041042328,-2.7986590822592916e-10,149.1146122605569,-5.903530764208385e-11,1
0.2107517123222351,-2.7935725954719715e-10,149.13472726086184,-5.887502079921886e-11,1
0.20998185873031616,-2.781447572264284e-10,149.15484226116678,-5.840535311849797e-11,1
0.20976115763187408,-2.779457219936887e-10,149.17495726147172,-5.830221640422319e-11,1
0.21045534312725067,-2.791305797611443e-10,149.19502726177598,-5.874452194094004e-11,1
0.21075783669948578,-2.7959892734408243e-10,149.21514226208092,-5.892766507053551e-11,1
0.21049459278583527,-2.7893123921707286e-10,149.23525726238586,-5.871351761424616e-11,1
0.2096787691116333,-2.77752681965282e-10,149.2553722626908,-5.823884047193528e-11,1
0.20962779223918915,-2.7784050060652987e-10,149.27548726299574,-5.824309073677795e-11,1
0.21034744381904602,-2.7898075516397114e-10,149.29560226330068,-5.868288872344845e-11,1
0.21055978536605835,-2.792067410606336e-10,149.31567226360494,-5.878971147048364e-11,1
0.2102052867412567,-2.7848154338094844e-10,149.33578726390988,-5.853829267853999e-11,1
0.20939595997333527,-2.7734087248987294e-10,149.35590226421482,-5.807405823485931e-11,1
0.20951245725154877,-2.776918972546838e-10,149.37601726451976,-5.817991175267341e-11,1
0.21021907031536102,-2.7882823827596326e-10,149.3961322648247,-5.861501302804296e-11,1
0.21032176911830902,-2.7890120768425675e-10,149.41624726512964,-5.86589954093858e-11,1
0.20988807082176208,-2.780238539390467e-10,149.4363172654339,-5.835389034569787e-11,1
0.20913615822792053,-2.770511875471726e-10,149.45643226573884,-5.794142099609878e-11,1
0.20941588282585144,-2.776684437932886e-10,149.47654726604378,-5.814818228985184e-11,1
0.21009108424186707,-2.787332864517822e-10,149.49666226634872,-5.855937836495384e-11,1
0.21011407673358917,-2.7867250174118396e-10,149.51677726665366,-5.855301541438839e-11,1
0.20957814157009125,-2.7770155619499803e-10,149.53684726695792,-5.820017605846995e-11,1
0.20890776813030243,-2.7679286640491796e-10,149.55696226726286,-5.782417995504038e-11,1
0.2093285173177719,-2.7759075593714044e-10,149.5770772675678,-5.81076613614411e-11,1
0.20992439985275269,-2.785640607072537e-10,149.59719226787274,-5.8477393264516e-11,1
0.20988185703754425,-2.783139829709569e-10,149.61730726817768,-5.84130555854599e-11,1
0.2092641443014145,-2.7722454887246784e-10,149.63742226848262,-5.801315799914264e-11,1
0.2086998075246811,-2.76576594959721e-10,149.65749226878688,-5.772148213392545e-11,1
0.2092514932155609,-2.7758403908784146e-10,149.67760726909182,-5.808487467193745e-11,1
0.20975463092327118,-2.783368813208398e-10,149.69772226939676,-5.838244981378708e-11,1
0.20961593091487885,-2.779717844791918e-10,149.7178372697017,-5.826731437167586e-11,1
0.2089514583349228,-2.7679569747363075e-10,149.73795227000664,-5.783686464794725e-11,1
0.20849236845970154,-2.763475004385896e-10,149.75806727031159,-5.761634488435995e-11,1
0.2091606706380844,-2.7746518971305534e-10,149.77813727061584,-5.8034805159105975e-11,1
0.20957797765731812,-2.7804891722382763e-10,149.79825227092078,-5.827292976157684e-11,1
0.20939865708351135,-2.7759752829759066e-10,149.81836727122572,-5.8128549635217525e-11,1
0.20862151682376862,-2.764216078254833e-10,149.83848227153067,-5.7667495107417236e-11,1
0.20836438238620758,-2.762219897256557e-10,149.8585972718356,-5.7554824290675627e-11,1
0.2090909332036972,-2.77415174165796e-10,149.87871227214055,-5.800499765119247e-11,1
0.20937573909759521,-2.778376972933927e-10,149.8987822724448,-5.8172473219978025e-11,1
0.20912158489227295,-2.7729174512103327e-10,149.91889727274975,-5.798768921725467e-11,1
0.20830346643924713,-2.761484374502743e-10,149.9390122730547,-5.7522676772673746e-11,1
0.20821991562843323,-2.762463591210462e-10,149.95912727335963,-5.751999358884611e-11,1
0.20895949006080627,-2.7742416697229544e-10,149.97924227366457,-5.797041246107483e-11,1
0.20915566384792328,-2.777190422076359e-10,149.99931227396883,-5.808651063614751e-11,1
0.20881234109401703,-2.7703864202699435e-10,150.01942727427377,-5.7849087415164026e-11,1
0.20804516971111298,-2.7587715445420713e-10,150.0395422745787,-5.739490941784445e-11,1
0.20812565088272095,-2.762347295348633e-10,150.05965727488365,-5.74915328808558e-11,1
0.20883189141750336,-2.773130891586817e-10,150.0797722751886,-5.791181692383824e-11,1
0.20896486937999725,-2.774191154575334e-10,150.09988727549353,-5.797084922509784e-11,1
0.20851430296897888,-2.765424000905625e-10,150.1199572757978,-5.766304579625213e-11,1
0.20777387917041779,-2.7548432979251913e-10,150.14007227610273,-5.7238447851654395e-11,1
0.20801377296447754,-2.7605015495701934e-10,150.16018727640767,-5.7422234260038266e-11,1
0.20868435502052307,-2.7708157990247173e-10,150.1803022767126,-5.782259079001484e-11,1
0.20872575044631958,-2.770136897645159e-10,150.20041727701755,-5.781989028000254e-11,1
0.20818772912025452,-2.7604302177408613e-10,150.2205322773225,-5.746876984263996e-11,1
0.20748233795166016,-2.7510960176613253e-10,150.24060227762675,-5.708038336738735e-11,1
0.2078554928302765,-2.7588467621519897e-10,150.2607172779317,-5.734414533903144e-11,1
0.20844678580760956,-2.768208440251385e-10,150.28083227823663,-5.770241518158974e-11,1
0.20840921998023987,-2.7652927170329633e-10,150.30094727854157,-5.7631249817387805e-11,1
0.20778729021549225,-2.7544566627568656e-10,150.3210622788465,-5.723410859702571e-11,1
0.20721901953220367,-2.7473012753631565e-10,150.34117727915145,-5.69293076640326e-11,1
0.20776616036891937,-2.757810646514258e-10,150.3612472794557,-5.729797290507946e-11,1
0.20828621089458466,-2.7661953283519836e-10,150.38136227976065,-5.761603435367361e-11,1
0.20818006992340088,-2.7628632714993273e-10,150.4014772800656,-5.7517306904952607e-11,1
0.20746923983097076,-2.75094835799905e-10,150.42159228037053,-5.7073716464832015e-11,1
0.20701093971729279,-2.7458080253950357e-10,150.44170728067547,-5.6841229962031046e-11,1
0.20765554904937744,-2.756648520563232e-10,150.46177728097973,-5.7243336207371195e-11,1
0.20802870392799377,-2.7627247711770053e-10,150.48189228128467,-5.747260534577156e-11,1
0.20781449973583221,-2.757293282584783e-10,150.5020072815896,-5.730055241453273e-11,1
0.20691514015197754,-2.744492688666611e-10,150.52212228189455,-5.678770893215295e-11,1
0.2065112441778183,-2.7410446135078814e-10,150.5422372821995,-5.660565334824197e-11,1
0.2071439027786255,-2.7512353506509157e-10,150.56235228250443,-5.699016279963509e-11,1
0.2074059098958969,-2.754954320227654e-10,150.5824222828087,-5.713938075084487e-11,1
0.20711860060691833,-2.748944960551114e-10,150.60253728311363,-5.6935763337478707e-11,1
0.2063322812318802,-2.736382509471724e-10,150.62265228341857,-5.6460404550231786e-11,1
0.2062077522277832,-2.73671280082155e-10,150.64276728372351,-5.643313951504128e-11,1
0.20696915686130524,-2.748578864508744e-10,150.66288228402846,-5.6887105015417845e-11,1
0.2072301208972931,-2.752441607967171e-10,150.6829972843334,-5.7038880718177663e-11,1
0.20692238211631775,-2.7458180174022573e-10,150.70306728463765,-5.681712050187799e-11,1
0.206187441945076,-2.734442949847704e-10,150.7231822849426,-5.638077969738458e-11,1
0.20633381605148315,-2.738033411109342e-10,150.74329728524754,-5.649488821906499e-11,1
0.20721402764320374,-2.7516236511537784e-10,150.76341228555248,-5.701750193138722e-11,1
0.2074274718761444,-2.7535615454432616e-10,150.78352728585742,-5.711643100266649e-11,1
0.20708833634853363,-2.745714211549455e-10,150.80364228616236,-5.686053881583023e-11,1
0.2064630389213562,-2.736884885390367e-10,150.82371228646662,-5.650655706156229e-11,1
0.206875279545784,-2.744652283226401e-10,150.84382728677156,-5.67800708348436e-11,1
0.20764896273612976,-2.7565749682878504e-10,150.8639422870765,-5.723999328693519e-11,1
0.20778270065784454,-2.7568769489505485e-10,150.88405728738144,-5.728313378343036e-11,1
0.20730984210968018,-2.747845562200979e-10,150.90417228768638,-5.696554296416703e-11,1
0.20663318037986755,-2.7390378853908715e-10,150.92424228799064,-5.659761094392629e-11,1
0.20704388618469238,-2.743864302434673e-10,150.94435728829558,-5.681003283395248e-11,1
0.20766659080982208,-2.7543103908733713e-10,150.96447228860052,-5.719782489047415e-11,1
0.20765508711338043,-2.7520966061622687e-10,150.98458728890546,-5.7148686049706455e-11,1
0.20706994831562042,-2.7410840264252556e-10,151.0047022892104,-5.675961276806504e-11,1
0.2064802050590515,-2.7333621477332315e-10,151.02481728951534,-5.643851767646071e-11,1
0.20701725780963898,-2.7425237081324383e-10,151.0448872898196,-5.6774973753550006e-11,1
0.20757116377353668,-2.750747685187349e-10,151.06500229012454,-5.709758982617002e-11,1
0.20746923983097076,-2.747584659790192e-10,151.08511729042948,-5.700393007379076e-11,1
0.20684614777565002,-2.7363336596586407e-10,151.10523229073442,-5.6600007652923644e-11,1
0.20635449886322021,-2.7309024486221745e-10,151.12534729103936,-5.635340062297698e-11,1
0.20696724951267242,-2.741787630267112e-10,151.1454622913443,-5.674602445842522e-11,1
0.20736443996429443,-2.748081762149468e-10,151.16553229164856,-5.698544355842158e-11,1
0.20717571675777435,-2.7437030425403464e-10,151.1856472919535,-5.684286444087825e-11,1
0.20642463862895966,-2.732213899570013e-10,151.20576229225844,-5.639962668757606e-11,1
0.20611807703971863,-2.7293736715172656e-10,151.22587729256338,-5.6257325269597544e-11,1
0.20679788291454315,-2.741361582181412e-10,151.24599229286832,-5.669077714983784e-11,1
0.20714159309864044,-2.7459767792947787e-10,151.26610729317326,-5.6880600467499424e-11,1
0.2068820595741272,-2.739827531517136e-10,151.28617729347752,-5.66821162598162e-11,1
0.20609930157661438,-2.728152148634422e-10,151.30629229378246,-5.622702524282942e-11,1
0.20594219863414764,-2.7278068692737634e-10,151.3264072940874,-5.617705441075698e-11,1
0.20666605234146118,-2.739889148895003e-10,151.34652229439234,-5.662420742553362e-11,1
0.2068955898284912,-2.7431401594668614e-10,151.36663729469728,-5.675436012751177e-11,1
0.2065575122833252,-2.7362323518076437e-10,151.38670729500154,-5.6518934761853915e-11,1
0.20575517416000366,-2.7242483269240836e-10,151.40682229530648,-5.605281889613634e-11,1
0.2057866007089615,-2.72678463142384e-10,151.42693729561142,-5.611357401661504e-11,1
0.20649822056293488,-2.738562709936332e-10,151.44705229591636,-5.655083265018613e-11,1
0.20665878057479858,-2.73983086218621e-10,151.4671672962213,-5.662101049606012e-11,1
0.20623955130577087,-2.732223336465722e-10,151.48728229652625,-5.634925149798468e-11,1
0.2054971307516098,-2.7214813735909615e-10,151.5073522968305,-5.5925661366689247e-11,1
0.2056930959224701,-2.7265537050347177e-10,151.52746729713544,-5.608332727874724e-11,1
0.20638056099414825,-2.7374894018272755e-10,151.54758229744039,-5.6496459846464845e-11,1
0.2064828872680664,-2.737211846071119e-10,151.56769729774533,-5.6518740504111885e-11,1
0.20595291256904602,-2.727686965187104e-10,151.58781229805027,-5.617750750569061e-11,1
0.20523518323898315,-2.7185317885702887e-10,151.6079272983552,-5.579383697682238e-11,1
0.20561273396015167,-2.7258534318619354e-10,151.62799729865947,-5.6047017649979455e-11,1
0.20620545744895935,-2.736046667006775e-10,151.6481122989644,-5.641877545718326e-11,1
0.2062169313430786,-2.7340657515750877e-10,151.66822729926935,-5.638106493800225e-11,1
0.2056344747543335,-2.7236890520754287e-10,151.6883422995743,-5.6008436761765927e-11,1
0.20501215755939484,-2.716813163328169e-10,151.70845729987923,-5.5697972829967246e-11,1
0.20552565157413483,-2.725490111377127e-10,151.72857230018417,-5.601581309996453e-11,1
0.20606593787670135,-2.733835102741722e-10,151.74864230048843,-5.633502944467211e-11,1
0.20598433911800385,-2.7308086347765936e-10,151.76875730079337,-5.62503811892195e-11,1
0.2053336650133133,-2.719841296627834e-10,151.7888723010983,-5.5847498169115535e-11,1
0.20482860505580902,-2.7141286440546253e-10,151.80898730140325,-5.559311841037233e-11,1
0.20546433329582214,-2.7255520063107497e-10,151.8291023017082,-5.600037258397286e-11,1
0.20590117573738098,-2.7319807527348416e-10,151.84917230201245,-5.62518049079999e-11,1
0.20574061572551727,-2.7277113900936456e-10,151.8692873023174,-5.612010209193733e-11,1
0.2049979865550995,-2.7156107917925e-10,151.88940230262233,-5.5669474458476196e-11,1
0.20461785793304443,-2.712730595710866e-10,151.90951730292727,-5.55073123643789e-11,1
0.20527005195617676,-2.7235538824221805e-10,151.9296323032322,-5.590640469502479e-11,1
0.2055923342704773,-2.728998138579186e-10,151.94974730353715,-5.6106109753028236e-11,1
0.2053842395544052,-2.7235252941792965e-10,151.9698173038414,-5.5936917145220255e-11,1
0.2046239823102951,-2.7116744960586914e-10,151.98993230414635,-5.5487363411279206e-11,1
0.2044523060321808,-2.7111099476506695e-10,152.0100473044513,-5.542926807039643e-11,1
0.20514169335365295,-2.7224208998255506e-10,152.03016230475623,-5.5848203341158904e-11,1
0.20539574325084686,-2.726126269170237e-10,152.05027730506117,-5.5993473125187905e-11,1
0.2051439881324768,-2.7203178598611544e-10,152.0703923053661,-5.5805685475992136e-11,1
0.20435994863510132,-2.708259172479188e-10,152.09046230567037,-5.534597053783889e-11,1
0.2044377475976944,-2.7114477330059117e-10,152.1105773059753,-5.5432226726460324e-11,1
0.2051999419927597,-2.7260155244235307e-10,152.13069230628025,-5.593782274830709e-11,1
0.20536816120147705,-2.7290658621836883e-10,152.1508073065852,-5.6046323791438765e-11,1
0.2049182802438736,-2.721443348452368e-10,152.17092230689013,-5.576734907459881e-11,1
0.2041396200656891,-2.710498214764101e-10,152.19103730719507,-5.533200757506721e-11,1
0.2042984962463379,-2.7159366422502274e-10,152.21110730749933,-5.548617719120496e-11,1
0.20496657490730286,-2.727223447074323e-10,152.23122230780427,-5.589896489537119e-11,1
0.20505471527576447,-2.7270452562788705e-10,152.2513373081092,-5.591934885703879e-11,1
0.20455577969551086,-2.7176613737189825e-10,152.27145230841415,-5.559133412494596e-11,1
0.20380240678787231,-2.708031299203384e-10,152.2915673087191,-5.519032964345384e-11,1
0.20414641499519348,-2.715002112019249e-10,152.31163730902335,-5.542579478731084e-11,1
0.2047891467809677,-2.724632464090604e-10,152.3317523093283,-5.579751576128404e-11,1
0.20481596887111664,-2.7234187127689324e-10,152.35186730963323,-5.577996422974982e-11,1
0.20423465967178345,-2.713721469760344e-10,152.37198230993818,-5.5423598082051583e-11,1
0.20359624922275543,-2.7058230656074045e-10,152.39209731024312,-5.5089542721808525e-11,1
0.20408175885677338,-2.714391211799949e-10,152.41221231054806,-5.539577327295021e-11,1
0.20463724434375763,-2.7234295374434225e-10,152.43228231085232,-5.573151157068165e-11,1
0.20455807447433472,-2.720512704001976e-10,152.45239731115726,-5.5650284031360994e-11,1
0.20387713611125946,-2.7094385068870963e-10,152.4725123114622,-5.5239256325370814e-11,1
0.20334716141223907,-2.703245405299981e-10,152.49262731176714,-5.496972797684289e-11,1
0.20393653213977814,-2.7140778513512487e-10,152.51274231207208,-5.534996249619539e-11,1
0.2043929100036621,-2.7216948139674457e-10,152.53285731237702,-5.56295123168682e-11,1
0.20423704385757446,-2.717721048206556e-10,152.55292731268128,-5.5505931291521565e-11,1
0.20353417098522186,-2.705971557936948e-10,152.57304231298622,-5.50757677754286e-11,1
0.20314905047416687,-2.702275347932215e-10,152.59315731329116,-5.4896467105217834e-11,1
0.20384570956230164,-2.7144023140301954e-10,152.6132723135961,-5.533192657410387e-11,1
0.20419059693813324,-2.7200869334720323e-10,152.63338731390104,-5.554161746692706e-11,1
0.2039748579263687,-2.714475866305577e-10,152.65350231420598,-5.5368482917423666e-11,1
0.20318932831287384,-2.7015789605400187e-10,152.67357231451024,-5.489320143763183e-11,1
0.20301838219165802,-2.701114054648457e-10,152.69368731481518,-5.4837580548987947e-11,1
0.2037353515625,-2.713483326921562e-10,152.71380231512012,-5.5283247956934654e-11,1
0.20402082800865173,-2.7181620843030885e-10,152.73391731542506,-5.545616791012387e-11,1
0.20372997224330902,-2.7108734701464243e-10,152.75403231573,-5.5228617682805383e-11,1
0.2029489129781723,-2.698750667384786e-10,152.77410231603426,-5.477085143448594e-11,1
0.2029145359992981,-2.7008273395523474e-10,152.7942173163392,-5.480371264194833e-11,1
0.20362843573093414,-2.712916835623247e-10,152.81433231664414,-5.5242701150607756e-11,1
0.20382539927959442,-2.715550562193414e-10,152.83444731694908,-5.534981776029997e-11,1
0.20343951880931854,-2.7071458963412454e-10,152.85456231725402,-5.507404584982843e-11,1
0.20265664160251617,-2.6947075126848574e-10,152.87467731755896,-5.4610037462178296e-11,1
0.20285022258758545,-2.6993354773630074e-10,152.89474731786322,-5.475608024216523e-11,1
0.20353148877620697,-2.710733026933809e-10,152.91486231816816,-5.5171952864667214e-11,1
0.20364606380462646,-2.711237345742745e-10,152.9349773184731,-5.521328135006132e-11,1
0.2031823843717575,-2.70201860885777e-10,152.95509231877804,-5.49002583564581e-11,1
0.20243744552135468,-2.6928856367014475e-10,152.97520731908298,-5.451408893749878e-11,1
0.20279306173324585,-2.69988337242566e-10,152.99532231938792,-5.4751761541688084e-11,1
0.20342090725898743,-2.7094140819805546e-10,153.01539231969218,-5.5115147069676095e-11,1
0.2034444957971573,-2.7081850650922945e-10,153.03550731999712,-5.5096534509309345e-11,1
0.20288732647895813,-2.6977448053244757e-10,153.05562232030206,-5.4733823107478024e-11,1
0.20225849747657776,-2.6899196758911614e-10,153.075737320607,-5.4405911197842934e-11,1
0.20274247229099274,-2.698951062640731e-10,153.09585232091194,-5.471920110321838e-11,1
0.2033061534166336,-2.7077162734201465e-10,153.11596732121689,-5.5049538009267174e-11,1
0.20325002074241638,-2.7050703343967086e-10,153.13603732152114,-5.4980560157582625e-11,1
0.20262062549591064,-2.694568457251023e-10,153.15615232182608,-5.4597514624975327e-11,1
0.20209448039531708,-2.6886551318661134e-10,153.17626732213103,-5.433623618366849e-11,1
0.20269189774990082,-2.6990654156122673e-10,153.19638232243597,-5.4707869124157524e-11,1
0.20315517485141754,-2.7064553376199285e-10,153.2164973227409,-5.498304073417289e-11,1
0.20301613211631775,-2.7025001680947014e-10,153.23656732304516,-5.486511311702848e-11,1
0.20229874551296234,-2.691206424376702e-10,153.2566823233501,-5.444276835678318e-11,1
0.20191553235054016,-2.688018974073003e-10,153.27679732365505,-5.4275278211830325e-11,1
0.20257923007011414,-2.699196699484929e-10,153.29691232396,-5.468011891894502e-11,1
0.20297086238861084,-2.704115820151287e-10,153.31702732426493,-5.4885672001479244e-11,1
0.2027532160282135,-2.6983432155347487e-10,153.33714232456987,-5.4709776489758116e-11,1
0.2019941508769989,-2.686431355147789e-10,153.35721232487413,-5.4264342047242315e-11,1
0.20178179442882538,-2.684751032600019e-10,153.37732732517907,-5.417338809526737e-11,1
0.2025010585784912,-2.697322643019362e-10,153.397442325484,-5.4621069053915456e-11,1
0.2027953714132309,-2.701024126583462e-10,153.41755732578895,-5.477551909465908e-11,1
0.20251870155334473,-2.694534873004528e-10,153.4376723260939,-5.456937037710837e-11,1
0.20170249044895172,-2.68252614565867e-10,153.45778732639883,-5.410722042737812e-11,1
0.201689213514328,-2.6845528577901234e-10,153.4778573267031,-5.414453545253316e-11,1
0.2024294137954712,-2.696229073340106e-10,153.49797232700803,-5.457960707745442e-11,1
0.20261909067630768,-2.6989399604104847e-10,153.51808732731297,-5.4685676056832225e-11,1
0.2022607922554016,-2.6909591221979667e-10,153.5382023276179,-5.442755239826608e-11,1
0.20145416259765625,-2.6798768759661584e-10,153.55831732792285,-5.3987235191258555e-11,1
0.2016078233718872,-2.6843383071906146e-10,153.5784323282278,-5.4118360330647613e-11,1
0.20233671367168427,-2.695191292367838e-10,153.59850232853205,-5.453361488142479e-11,1
0.20245353877544403,-2.695553502629622e-10,153.618617328837,-5.457243455659101e-11,1
0.20197799801826477,-2.6868168800930903e-10,153.63873232914193,-5.426778944828825e-11,1
0.20125412940979004,-2.6767141281247575e-10,153.65884732944687,-5.3869977153463326e-11,1
0.20156605541706085,-2.683462063668429e-10,153.6789623297518,-5.408948630349711e-11,1
0.20223186910152435,-2.6937679864502684e-10,153.69903233005607,-5.447657348256875e-11,1
0.20228034257888794,-2.6924187879195927e-10,153.719147330361,-5.4462339478620944e-11,1
0.20171397924423218,-2.6831695199014405e-10,153.73926233066595,-5.412328008461556e-11,1
0.2010594606399536,-2.6748472881088503e-10,153.7593773309709,-5.3780335304140805e-11,1
0.20152926445007324,-2.683220035049061e-10,153.77949233127583,-5.40747360021137e-11,1
0.2020871937274933,-2.692829570438704e-10,153.79960733158077,-5.441863710763689e-11,1
0.20204177498817444,-2.690261624582746e-10,153.81967733188503,-5.435452338132678e-11,1
0.20143385231494904,-2.6789709339780643e-10,153.83979233218997,-5.396354354709785e-11,1
0.20087552070617676,-2.672599919151253e-10,153.8599073324949,-5.368599003987938e-11,1
0.20148059725761414,-2.6833027466643955e-10,153.88002233279985,-5.406334400209389e-11,1
0.20195461809635162,-2.690579981035057e-10,153.9001373331048,-5.43375052527624e-11,1
0.2018369883298874,-2.687077504948121e-10,153.92025233340974,-5.423516310077168e-11,1
0.20111696422100067,-2.6757529525411883e-10,153.940322333714,-5.381393108204631e-11,1
0.20072799921035767,-2.6710686440445386e-10,153.96043733401893,-5.3615826467258326e-11,1
0.2014104723930359,-2.6832652766373144e-10,153.98055233432387,-5.404377269233516e-11,1
0.2017967402935028,-2.689007905232188e-10,154.00066733462882,-5.4263302989931586e-11,1
0.20159019529819489,-2.683546718174057e-10,154.02078233493376,-5.409767070085381e-11,1
0.20083606243133545,-2.6714516709880343e-10,154.0408973352387,-5.3652383457684826e-11,1
0.20060616731643677,-2.671300403100929e-10,154.06096733554295,-5.3587933561692996e-11,1
0.2013372778892517,-2.6828994581507004e-10,154.0810823358479,-5.401676737546104e-11,1
0.20162850618362427,-2.686205147206522e-10,154.10119733615284,-5.416155311340135e-11,1
0.20133651793003082,-2.679715893627588e-10,154.12131233645778,-5.395246670647394e-11,1
0.20054098963737488,-2.668114063020255e-10,154.14142733676272,-5.350662346634791e-11,1
0.2004990130662918,-2.669472976002396e-10,154.16149733706698,-5.352266970956173e-11,1
0.2012345790863037,-2.681299071660703e-10,154.18161233737192,-5.395700900901385e-11,1
0.20144037902355194,-2.6839669375888775e-10,154.20172733767686,-5.4065931719458546e-11,1
0.20108285546302795,-2.676336929852141e-10,154.2218423379818,-5.381654720358221e-11,1
0.20030419528484344,-2.665089815501176e-10,154.24195733828674,-5.3382867085579494e-11,1
0.20042987167835236,-2.669155174661597e-10,154.26207233859168,-5.349784291470341e-11,1
0.2011423110961914,-2.6810009767785914e-10,154.28214233889594,-5.3926273252039246e-11,1
0.20126944780349731,-2.6821750376271325e-10,154.30225733920088,-5.398398887355376e-11,1
0.2008061707019806,-2.672471965947665e-10,154.32237233950582,-5.3664886179034444e-11,1
0.20007503032684326,-2.661962317240807e-10,154.34248733981076,-5.325921913508684e-11,1
0.20035476982593536,-2.6683319442888376e-10,154.3626023401157,-5.3461303251718064e-11,1
0.20102421939373016,-2.678361143981789e-10,154.38271734042064,-5.3841545822343724e-11,1
0.2010578215122223,-2.677349453250599e-10,154.4027873407249,-5.383020484975049e-11,1
0.20052874088287354,-2.668344989409377e-10,154.42290234102984,-5.350798609673869e-11,1
0.19986850023269653,-2.659898690193785e-10,154.44301734133478,-5.316299619799457e-11,1
0.20032180845737457,-2.668151533047336e-10,154.46313234163972,-5.3448894033835876e-11,1
0.20093223452568054,-2.6772786765327794e-10,154.48324734194466,-5.3795158692368804e-11,1
0.20087936520576477,-2.675211163705171e-10,154.5033623422496,-5.3739472035647005e-11,1
0.20024552941322327,-2.664578557798336e-10,154.52343234255386,-5.3356994396945074e-11,1
0.19971828162670135,-2.65787641895443e-10,154.5435473428588,-5.3082651116970936e-11,1
0.2003018856048584,-2.668451570819741e-10,154.56366234316374,-5.3449588128044045e-11,1
0.20078854262828827,-2.67570660072991e-10,154.58377734346868,-5.372512288614499e-11,1
0.20065633952617645,-2.672012611171226e-10,154.60389234377362,-5.3615626972539885e-11,1
0.19995364546775818,-2.6604232705729203e-10,154.62396234407788,-5.319613314383114e-11,1
0.19954507052898407,-2.655671793583281e-10,154.64407734438282,-5.299262153524094e-11,1
0.20023444294929504,-2.667785714560722e-10,154.66419234468776,-5.341825864631532e-11,1
0.2006402611732483,-2.6739882530435466e-10,154.6843073449927,-5.365097014648551e-11,1
0.200443297624588,-2.6689994658823935e-10,154.70442234529764,-5.34983054299731e-11,1
0.199648916721344,-2.657110920178951e-10,154.72453734560258,-5.304893168221811e-11,1
0.1994505375623703,-2.655850261934489e-10,154.74460734590684,-5.2971076242799585e-11,1
0.2001827210187912,-2.6672322683829464e-10,154.76472234621178,-5.3393381307402096e-11,1
0.20045708119869232,-2.671010634891502e-10,154.78483734651672,-5.354229957210165e-11,1
0.20022408664226532,-2.664528875317984e-10,154.80495234682166,-5.335028603924858e-11,1
0.19940979778766632,-2.652510711076417e-10,154.8250673471266,-5.289366245253673e-11,1
0.19938796758651733,-2.654176600724867e-10,154.84518234743155,-5.292108780342225e-11,1
0.20009420812129974,-2.666308285270702e-10,154.8652523477358,-5.335128449485017e-11,1
0.20030800998210907,-2.668744392142486e-10,154.88536734804075,-5.3457087834097465e-11,1
0.19996504485607147,-2.661729725517148e-10,154.90548234834569,-5.322529039577753e-11,1
0.19915419816970825,-2.6509047734712965e-10,154.92559734865063,-5.2793881458492814e-11,1
0.19929714500904083,-2.6549570875111783e-10,154.94571234895557,-5.29125367662496e-11,1
0.19999800622463226,-2.6662791419163057e-10,154.9658273492605,-5.332505124215845e-11,1
0.20010574162006378,-2.6667634767107984e-10,154.98589734956477,-5.33634683232514e-11,1
0.19966883957386017,-2.6579852208108434e-10,155.0060123498697,-5.307168246437716e-11,1
0.19890590012073517,-2.6477717240958043e-10,155.02612735017465,-5.266574180955068e-11,1
0.1991959661245346,-2.654054753747914e-10,155.0462423504796,-5.2867700082022956e-11,1
0.1998451054096222,-2.6641441830399515e-10,155.06635735078453,-5.324161750860509e-11,1
0.1998944878578186,-2.6636967631610275e-10,155.0864273510888,-5.3245830028060274e-11,1
0.19936878979206085,-2.6536925434861303e-10,155.10654235139373,-5.290634708750456e-11,1
0.1987043172121048,-2.6454885504456627e-10,155.12665735169867,-5.2566999610874626e-11,1
0.19915957748889923,-2.6542293363185365e-10,155.1467723520036,-5.2861519317984115e-11,1
0.19974279403686523,-2.6637822503339237e-10,155.16688735230855,-5.320713093875063e-11,1
0.19970792531967163,-2.6613114489926204e-10,155.1870023526135,-5.314849881078053e-11,1
0.199067622423172,-2.650777375379221e-10,155.20707235291775,-5.276839496898776e-11,1
0.19853495061397552,-2.6443855438706976e-10,155.2271873532227,-5.2500295335667975e-11,1
0.1990967094898224,-2.654521880085525e-10,155.24730235352763,-5.2850657159376496e-11,1
0.19959527254104614,-2.662063625091804e-10,155.26741735383257,-5.313353147718039e-11,1
0.1994626671075821,-2.6579174972063413e-10,155.2875323541375,-5.301553129446862e-11,1
0.1987694650888443,-2.64633287505589e-10,155.30764735444245,-5.260101700218827e-11,1
0.1983882188796997,-2.642594199020465e-10,155.3277173547467,-5.242595563654967e-11,1
0.19903503358364105,-2.6542310016530735e-10,155.34783235505165,-5.282849565527607e-11,1
0.1994580775499344,-2.6602606228998127e-10,155.3679473553566,-5.306104696253876e-11,1
0.19925613701343536,-2.6553267917783785e-10,155.38806235566153,-5.2909015903803834e-11,1
0.19848476350307465,-2.6431473676424844e-10,155.40817735596647,-5.246244801702928e-11,1
0.19827283918857574,-2.6418603416011877e-10,155.4282923562714,-5.2380915066896806e-11,1
0.19898159801959991,-2.6538440889289916e-10,155.44836235657567,-5.2806613770996e-11,1
0.19929522275924683,-2.6585780799059933e-10,155.4684773568806,-5.2984191065771564e-11,1
0.1989821493625641,-2.6520979856670124e-10,155.48859235718555,-5.277201575081488e-11,1
0.19819161295890808,-2.64010979744711e-10,155.5087073574905,-5.232476191446588e-11,1
0.19814907014369965,-2.641537544256778e-10,155.52882235779543,-5.234182081441524e-11,1
0.19888058304786682,-2.6534680008794e-10,155.5488923580997,-5.277232631137526e-11,1
0.199082151055336,-2.657065956146454e-10,155.56900735840463,-5.289744060455391e-11,1
0.19871123135089874,-2.649929164988407e-10,155.58912235870957,-5.265706873675053e-11,1
0.19791263341903687,-2.638151364031671e-10,155.60923735901451,-5.221234838135322e-11,1
0.19802682101726532,-2.642044083511763e-10,155.62935235931945,-5.231955908453087e-11,1
0.19871774315834045,-2.6532293029291054e-10,155.6494673596244,-5.2724373915964865e-11,1
0.1988295018672943,-2.654148567593495e-10,155.66953735992865,-5.2772303757640735e-11,1
0.1983640491962433,-2.6456442592248663e-10,155.6896523602336,-5.2480070799264e-11,1
0.19762983918190002,-2.6354027293784554e-10,155.70976736053854,-5.2083421758660454e-11,1
0.19793103635311127,-2.641248608714619e-10,155.72988236084348,-5.2278507438909785e-11,1
0.19857940077781677,-2.6512386730459525e-10,155.74999736114842,-5.264813870124393e-11,1
0.1986357420682907,-2.6503327310578584e-10,155.77011236145336,-5.2645080876155725e-11,1
0.19808290898799896,-2.640480889493091e-10,155.79018236175762,-5.230341357180105e-11,1
0.19743900001049042,-2.6321778090476755e-10,155.81029736206256,-5.1969455446817665e-11,1
0.19787278771400452,-2.640351826066478e-10,155.8304123623675,-5.224537763695364e-11,1
0.19844146072864532,-2.6500418526254066e-10,155.85052736267244,-5.258781762270311e-11,1
0.198423832654953,-2.6479837766935077e-10,155.87064236297738,-5.25423089779663e-11,1
0.1978064924478531,-2.6379617934502164e-10,155.89075736328232,-5.218059695738352e-11,1
0.19726333022117615,-2.6316399059922446e-10,155.91082736358658,-5.191260517989731e-11,1
0.19781455397605896,-2.641441787520904e-10,155.93094236389152,-5.225156290521715e-11,1
0.19832152128219604,-2.649257757614265e-10,155.95105736419646,-5.2540482875872044e-11,1
0.19820885360240936,-2.6457230850596147e-10,155.9711723645014,-5.24405739639096e-11,1
0.197528675198555,-2.634429063785859e-10,155.99128736480634,-5.203752828741903e-11,1
0.19711700081825256,-2.630534123859718e-10,156.0113573651106,-5.185229970452973e-11,1
0.19778043031692505,-2.6415564180481965e-10,156.03147236541554,-5.2244816506800747e-11,1
0.19819390773773193,-2.6473478964561536e-10,156.05158736572048,-5.246882247399096e-11,1
0.19800767302513123,-2.642670804409164e-10,156.07170236602542,-5.2326909655251026e-11,1
0.197250097990036,-2.6308888401160857e-10,156.09181736633036,-5.189430815137901e-11,1
0.19700561463832855,-2.6298871413921177e-10,156.1119323666353,-5.18102532719391e-11,1
0.1977364867925644,-2.641765139976826e-10,156.13200236693956,-5.223733577100847e-11,1
0.19803105294704437,-2.645905161635653e-10,156.1521173672445,-5.2397138515672805e-11,1
0.19775322079658508,-2.639811425009242e-10,156.17223236754944,-5.220312115912005e-11,1
0.1969565600156784,-2.6279228793057996e-10,156.19234736785438,-5.175866502945671e-11,1
0.1969032883644104,-2.6285795762248654e-10,156.21246236815932,-5.1757596228620436e-11,1
0.19763021171092987,-2.640040408508071e-10,156.23257736846426,-5.217517448588598e-11,1
0.1978386491537094,-2.6424176735595495e-10,156.25264736876852,-5.2277234303690876e-11,1
0.19748614728450775,-2.6349730730679255e-10,156.27276236907346,-5.2037068039860434e-11,1
0.19669252634048462,-2.6236679495639237e-10,156.2928773693784,-5.160558772782873e-11,1
0.1967814415693283,-2.627964235113467e-10,156.31299236968334,-5.1713459057826524e-11,1
0.197503000497818,-2.6388360940821087e-10,156.33310736998828,-5.211780464031588e-11,1
0.19765205681324005,-2.640381802088143e-10,156.35322237029322,-5.218768939549708e-11,1
0.1972183883190155,-2.631340700887108e-10,156.37329237059748,-5.189487721471841e-11,1
0.19646798074245453,-2.6207019887536376e-10,156.39340737090242,-5.1488402785816195e-11,1
0.19675882160663605,-2.626273643002719e-10,156.41352237120736,-5.1674250721378214e-11,1
0.19741371273994446,-2.6369262329239973e-10,156.4336373715123,-5.205653978628819e-11,1
0.19746045768260956,-2.636680318524043e-10,156.45375237181725,-5.2064010245848625e-11,1
0.196952223777771,-2.6274823983207796e-10,156.4738223721215,-5.174885012862286e-11,1
0.19627484679222107,-2.618259220543706e-10,156.49393737242644,-5.1389842737453607e-11,1
0.19669252634048462,-2.626598383237422e-10,156.51405237273138,-5.166322716808009e-11,1
0.1973041146993637,-2.63575550274453e-10,156.53416737303633,-5.200454060329858e-11,1
0.19725775718688965,-2.6341137604468656e-10,156.55428237334127,-5.195993725608726e-11,1
0.19664692878723145,-2.6237223504921303e-10,156.5743973736462,-5.1594694221469345e-11,1
0.19608157873153687,-2.6173421763253657e-10,156.59446737395047,-5.1321258601451424e-11,1
0.19665305316448212,-2.627504602781272e-10,156.6145823742554,-5.1670680234066696e-11,1
0.1971546709537506,-2.6353688675762044e-10,156.63469737456035,-5.1957528192874494e-11,1
0.19703088700771332,-2.632192797058508e-10,156.6548123748653,-5.1862328157975175e-11,1
0.19633883237838745,-2.620713090983884e-10,156.67492737517023,-5.145477482825304e-11,1
0.19594068825244904,-2.6160154598109386e-10,156.69504237547517,-5.1258386967440225e-11,1
0.19661080837249756,-2.6265178920681365e-10,156.71511237577943,-5.164018059643446e-11,1
0.1970033049583435,-2.632069007191262e-10,156.73522737608437,-5.1852629329510466e-11,1
0.1968189924955368,-2.6276866793573106e-10,156.7553423763893,-5.1717864482504854e-11,1
0.19608286023139954,-2.6158128441089445e-10,156.77545737669425,-5.129160643029139e-11,1
0.1958295702934265,-2.6140867248614086e-10,156.7955723769992,-5.119154800393603e-11,1
0.1965603232383728,-2.62630389658014e-10,156.81568737730413,-5.162271428339903e-11,1
0.19687426090240479,-2.629806372667076e-10,156.8357573776084,-5.177411859352647e-11,1
0.19661091268062592,-2.624200856615744e-10,156.85587237791333,-5.159465254765017e-11,1
0.19580160081386566,-2.612310090466252e-10,156.87598737821827,-5.114944975355064e-11,1
0.19575178623199463,-2.6137791930835874e-10,156.8961023785232,-5.116519458621338e-11,1
0.19648446142673492,-2.626031891939107e-10,156.91621737882815,-5.1597446197708516e-11,1
0.19673024117946625,-2.62909194415073e-10,156.9362873791324,-5.172218922557649e-11,1
0.19638557732105255,-2.62125710026595e-10,156.95640237943735,-5.1477708894263675e-11,1
0.19556362926959991,-2.6093666116722147e-10,156.9765173797423,-5.102972046735371e-11,1
0.1956862509250641,-2.612670357837743e-10,156.99663238004723,-5.1126366722831356e-11,1
0.1963990032672882,-2.6252550133776253e-10,157.01674738035217,-5.15597467949817e-11,1
0.19654154777526855,-2.6260543739553555e-10,157.0368623806571,-5.1612879119919945e-11,1
0.19608771800994873,-2.618118499775335e-10,157.05693238096137,-5.133808821005759e-11,1
0.19536130130290985,-2.6081209414385853e-10,157.0770473812663,-5.0952590107481236e-11,1
0.19563338160514832,-2.613526062233973e-10,157.09716238157125,-5.112929414680194e-11,1
0.1962897926568985,-2.623442851845681e-10,157.1172773818762,-5.149550534360112e-11,1
0.19635148346424103,-2.622836947629992e-10,157.13739238218113,-5.1499792555197074e-11,1
0.19581040740013123,-2.613629035419507e-10,157.15750738248607,-5.1177576621830564e-11,1
0.19512833654880524,-2.6049867818400685e-10,157.17757738279033,-5.08306737472078e-11,1
0.19557052850723267,-2.6127228158756566e-10,157.19769238309527,-5.109715819437073e-11,1
0.19617751240730286,-2.621923234080725e-10,157.2178073834002,-5.143623777848671e-11,1
0.19614112377166748,-2.6197075064793296e-10,157.23792238370515,-5.138323742739286e-11,1
0.19552302360534668,-2.6097679572956167e-10,157.2580373840101,-5.1026972191878825e-11,1
0.19495128095149994,-2.6022375920753404e-10,157.27815238431504,-5.073095519152344e-11,1
0.19552737474441528,-2.611793281648289e-10,157.2982223846193,-5.106770837357912e-11,1
0.19605833292007446,-2.619298389294755e-10,157.31833738492423,-5.135352756253659e-11,1
0.19593378901481628,-2.616531435961633e-10,157.33845238522917,-5.126669183243409e-11,1
0.19525477290153503,-2.6051680257488385e-10,157.35856738553412,-5.0867149123792984e-11,1
0.19483593106269836,-2.6006841125081337e-10,157.37868238583906,-5.067067104604896e-11,1
0.1954978108406067,-2.6118629481430844e-10,157.39875238614331,-5.10613488577666e-11,1
0.19590812921524048,-2.6183774592958287e-10,157.41886738644826,-5.1296142963000027e-11,1
0.19574373960494995,-2.6130775321320243e-10,157.4389823867532,-5.114935680171962e-11,1
0.1949857622385025,-2.6015789522659816e-10,157.45909738705814,-5.0727085503122713e-11,1
0.1947290301322937,-2.600654136486469e-10,157.47921238736308,-5.0642285770754784e-11,1
0.1954287439584732,-2.612597083118118e-10,157.49932738766802,-5.105765664233446e-11,1
0.19575588405132294,-2.6173985201438654e-10,157.51939738797228,-5.1237116122538676e-11,1
0.19547855854034424,-2.6121863005990065e-10,157.53951238827722,-5.1062641267992814e-11,1
0.1946849673986435,-2.6001795161434416e-10,157.55962738858216,-5.0621586433100653e-11,1
0.19459795951843262,-2.601027448978499e-10,157.5797423888871,-5.0615463422265e-11,1
0.19532297551631927,-2.6125596130910367e-10,157.59985738919204,-5.102929173427051e-11,1
0.19556555151939392,-2.615221927904088e-10,157.61997238949698,-5.114473186761756e-11,1
0.19520322978496552,-2.6080948511975066e-10,157.64004238980124,-5.091085385392923e-11,1
0.19440752267837524,-2.596639292473668e-10,157.66015739010618,-5.048062121391349e-11,1
0.1945197880268097,-2.6006746756124244e-10,157.68027239041112,-5.0588268662682085e-11,1
0.19522948563098907,-2.6121188545502605e-10,157.70038739071606,-5.099626203808557e-11,1
0.19535057246685028,-2.6126159569095364e-10,157.720502391021,-5.103760228183058e-11,1
0.1948903650045395,-2.604278737106114e-10,157.74061739132594,-5.0754883364817166e-11,1
0.19417394697666168,-2.594152670454264e-10,157.7606873916302,-5.0371686308215154e-11,1
0.19441939890384674,-2.600457071899598e-10,157.78080239193514,-5.055793007939772e-11,1
0.19509536027908325,-2.6109520101513795e-10,157.80091739224008,-5.0938462309188e-11,1
0.1951746791601181,-2.61014321267794e-10,157.82103239254502,-5.0943386409637686e-11,1
0.19463323056697845,-2.600333282032352e-10,157.84114739284996,-5.061112672327906e-11,1
0.1939830780029297,-2.5919075219427157e-10,157.86121739315422,-5.02786199005394e-11,1
0.19439028203487396,-2.6000124275782355e-10,157.88133239345916,-5.054171490911105e-11,1
0.19498921930789948,-2.609482907534044e-10,157.9014473937641,-5.088210349373709e-11,1
0.19497771561145782,-2.6071303449448635e-10,157.92156239406904,-5.0833231895866154e-11,1
0.19437341392040253,-2.596594328441171e-10,157.94167739437398,-5.047089041854653e-11,1
0.19378329813480377,-2.589958525422986e-10,157.96179239467892,-5.018907050888193e-11,1
0.1943410336971283,-2.600455406565061e-10,157.98186239498318,-5.0537519179513997e-11,1
0.19484665989875793,-2.6080701487352087e-10,158.00197739528812,-5.081737572627122e-11,1
0.19473017752170563,-2.6043686651711084e-10,158.02209239559306,-5.071491725007375e-11,1
0.1940346658229828,-2.593078529677939e-10,158.042207395898,-5.0314712595881046e-11,1
0.1936257928609848,-2.58887800086427e-10,158.06232239620294,-5.0127355553770553e-11,1
0.1942741721868515,-2.599890580601283e-10,158.08243739650788,-5.0509159032270695e-11,1
0.1946590095758438,-2.6059154834001674e-10,158.10250739681214,-5.0726492703703285e-11,1
0.19448108971118927,-2.601355797438032e-10,158.12262239711708,-5.059145102122682e-11,1
0.1937495619058609,-2.588780578793859e-10,158.14273739742202,-5.015751030117112e-11,1
0.19346486032009125,-2.587022540634365e-10,158.16285239772697,-5.00497954468755e-11,1
0.19418640434741974,-2.598971315936893e-10,158.1829673980319,-5.046848948438671e-11,1
0.1945217102766037,-2.6036051092859225e-10,158.20308239833685,-5.064577187432013e-11,1
0.19424615800380707,-2.597480841526334e-10,158.2231523986411,-5.04550673954986e-11,1
0.19348323345184326,-2.58581628331811e-10,158.24326739894605,-5.003120956088155e-11,1
0.19337211549282074,-2.5870111608483626e-10,158.263382399251,-5.002558209767858e-11,1
0.19412051141262054,-2.5990087859639743e-10,158.28349739955593,-5.0452091469722075e-11,1
0.1943504363298416,-2.6012150766696607e-10,158.30361239986087,-5.0554728513851096e-11,1
0.19398538768291473,-2.59476745645415e-10,158.32368240016513,-5.033469709872689e-11,1
0.19322459399700165,-2.5833793437790575e-10,158.34379740047007,-4.9917242484194894e-11,1
0.19331692159175873,-2.587332015302479e-10,158.363912400775,-5.001750603340765e-11,1
0.1940484642982483,-2.5989824181671395e-10,158.38402740107995,-5.043285469834812e-11,1
0.1941695660352707,-2.59988863771099e-10,158.4041424013849,-5.04819248524374e-11,1
0.19372695684432983,-2.591281078601071e-10,158.42425740168983,-5.0200099768567813e-11,1
0.19300180673599243,-2.581266866918952e-10,158.4443274019941,-4.981891689831123e-11,1
0.1932552456855774,-2.587784153629258e-10,158.46444240229903,-5.001028623908662e-11,1
0.19390936195850372,-2.598768700234899e-10,158.48455740260397,-5.039255805402793e-11,1
0.19397220015525818,-2.598237736073372e-10,158.5046724029089,-5.03985890192569e-11,1
0.19343611598014832,-2.5883770127244077e-10,158.52478740321385,-5.0068559603370836e-11,1
0.19276933372020721,-2.579469415842084e-10,158.5449024035188,-4.972426006435306e-11,1
0.1931581348180771,-2.5876129017277094e-10,158.56497240382305,-4.9981848172891655e-11,1
0.19378942251205444,-2.596864390191911e-10,158.585087404128,-5.032448505174088e-11,1
0.19375836849212646,-2.5950147586328853e-10,158.60520240443293,-5.028058258456972e-11,1
0.19313682615756989,-2.5844448803269415e-10,158.62531740473787,-4.99151481565526e-11,1
0.19259153306484222,-2.577741631260011e-10,158.6454324050428,-4.9645121260943274e-11,1
0.19313950836658478,-2.587557390576478e-10,158.66554740534775,-4.99759562286264e-11,1
0.19364970922470093,-2.595496872981329e-10,158.685617405652,-5.0261721474645484e-11,1
0.19352616369724274,-2.5919227875093043e-10,158.70573240595695,-5.016048736661393e-11,1
0.1928708851337433,-2.5805801939782214e-10,158.7258474062619,-4.977187861711865e-11,1
0.19244323670864105,-2.5765203859329233e-10,158.74596240656683,-4.9583392251472876e-11,1
0.19308049976825714,-2.588022574023796e-10,158.76607740687177,-4.996966920040458e-11,1
0.19349455833435059,-2.594131853772552e-10,158.78614740717603,-5.019503973067901e-11,1
0.19332575798034668,-2.589219394444342e-10,158.80626240748097,-5.0056280200836665e-11,1
0.1925719976425171,-2.577253688240688e-10,158.8263774077859,-4.963068911760543e-11,1
0.19233249127864838,-2.575482882516411e-10,158.84649240809085,-4.953490390398958e-11,1
0.19302494823932648,-2.587384750896149e-10,158.8666074083958,-4.994298076169518e-11,1
0.19332805275917053,-2.5922231028374654e-10,158.88672240870073,-5.0114944478890225e-11,1
0.19306747615337372,-2.5859434038544293e-10,158.906792409005,-4.992615664576391e-11,1
0.19227845966815948,-2.5745916509833933e-10,158.92690740930993,-4.950385169255905e-11,1
0.19220910966396332,-2.5759575028594384e-10,158.94702240961487,-4.951224981568189e-11,1
0.19294025003910065,-2.588583514206988e-10,158.96713740991981,-4.994419504781901e-11,1
0.19316710531711578,-2.5911237044873303e-10,158.98725241022476,-5.005198655143793e-11,1
0.19280192255973816,-2.58377125250675e-10,159.0073674105297,-4.981560649378841e-11,1
0.19200901687145233,-2.572433377423522e-10,159.02743741083395,-4.939304037664001e-11,1
0.19212442636489868,-2.576612256888211e-10,159.0475524111389,-4.950301518194145e-11,1
0.19281035661697388,-2.5884988597013603e-10,159.06766741144384,-4.990893882416495e-11,1
0.19296209514141083,-2.588189385033246e-10,159.08778241174878,-4.994224463587748e-11,1
0.19252869486808777,-2.579133573377135e-10,159.10789741205372,-4.9655722077276724e-11,1
0.19178222119808197,-2.568265600189079e-10,159.12801241235866,-4.925476814308867e-11,1
0.19206932187080383,-2.574546964506652e-10,159.14808241266292,-4.9449148959732913e-11,1
0.1927022784948349,-2.585557323797616e-10,159.16819741296786,-4.982427874748082e-11,1
0.1927931010723114,-2.585065772553463e-10,159.1883124132728,-4.983828467664726e-11,1
0.19227845966815948,-2.5757659893876905e-10,159.20842741357774,-4.9526431690509796e-11,1
0.19159752130508423,-2.567267509689941e-10,159.22854241388268,-4.91882091383669e-11,1
0.1920097917318344,-2.5752239229959173e-10,159.24861241418694,-4.9446820911728366e-11,1
0.19262105226516724,-2.584289171547738e-10,159.26872741449188,-4.9778849958100255e-11,1
0.19256778061389923,-2.5819890669964707e-10,159.28884241479682,-4.972079042008627e-11,1
0.1919630914926529,-2.57175114537489e-10,159.30895741510176,-4.9368130041593484e-11,1
0.19138944149017334,-2.5651605839449587e-10,159.3290724154067,-4.9094465149383255e-11,1
0.1919669210910797,-2.5754995358617805e-10,159.34918741571164,-4.9441071617089084e-11,1
0.1924806386232376,-2.5835458772327513e-10,159.3692574160159,-4.972825603621926e-11,1
0.1923784762620926,-2.57937005088138e-10,159.38937241632084,-4.962152801046361e-11,1
0.1916622817516327,-2.566956092131534e-10,159.40948741662578,-4.91988661774184e-11,1
0.1912614405155182,-2.5626523125765743e-10,159.42960241693072,-4.901365728438196e-11,1
0.1919163465499878,-2.5741733744588657e-10,159.44971741723566,-4.940259494123992e-11,1
0.19233402609825134,-2.5805257930500147e-10,159.4698324175406,-4.963229152276923e-11,1
0.19215688109397888,-2.5757521115998827e-10,159.48990241784486,-4.949484922362637e-11,1
0.19139328598976135,-2.56401233578174e-10,159.5100174181498,-4.907347462635506e-11,1
0.1911131590604782,-2.5625584987309935e-10,159.53013241845474,-4.897386499697566e-11,1
0.19185005128383636,-2.5752708299187077e-10,159.55024741875968,-4.940658407896719e-11,1
0.19215698540210724,-2.579512436984288e-10,159.57036241906462,-4.956713336981439e-11,1
0.1918998509645462,-2.573876944911291e-10,159.59047741936956,-4.939266021295582e-11,1
0.19112953543663025,-2.562163259334227e-10,159.61054741967382,-4.897050734693532e-11,1
0.191043421626091,-2.5628643651742777e-10,159.63066241997876,-4.896183774864736e-11,1
0.1917733997106552,-2.574908619656924e-10,159.6507774202837,-4.937989799358787e-11,1
0.1920025497674942,-2.5778579271218405e-10,159.67089242058864,-4.949552949457406e-11,1
0.1916695535182953,-2.5700347405788193e-10,159.69100742089358,-4.9259741125325015e-11,1
0.19088642299175262,-2.558395162388649e-10,159.71107742119784,-4.883629011477733e-11,1
0.19099168479442596,-2.561669210088269e-10,159.73119242150278,-4.892575183207648e-11,1
0.19171898066997528,-2.573351531864887e-10,159.75130742180772,-4.9336033259465554e-11,1
0.1918504238128662,-2.5745691689671446e-10,159.77142242211266,-4.9393218620188545e-11,1
0.19141243398189545,-2.565699042111902e-10,159.7915374224176,-4.911066985156568e-11,1
0.1906920224428177,-2.554954858791092e-10,159.81165242272255,-4.87209509272977e-11,1
0.1909751296043396,-2.5605123576966093e-10,159.8317224230268,-4.889941793646231e-11,1
0.19162049889564514,-2.5714680385036104e-10,159.85183742333174,-4.9274598843226785e-11,1
0.19170022010803223,-2.5711396900440775e-10,159.87195242363669,-4.928880445099474e-11,1
0.19117599725723267,-2.5614610432711515e-10,159.89206742394163,-4.89689869382914e-11,1
0.19051459431648254,-2.5525084823563304e-10,159.91218242424657,-4.8629011800549683e-11,1
0.1909288465976715,-2.5606974873859656e-10,159.9322974245515,-4.889110177521579e-11,1
0.19151358306407928,-2.5697013961156756e-10,159.95236742485577,-4.9213272177487995e-11,1
0.1914890855550766,-2.567957790855502e-10,159.9724824251607,-4.917358891149547e-11,1
0.19087404012680054,-2.55718918262815e-10,159.99259742546565,-4.881010306567858e-11,1
0.19031840562820435,-2.551007460827037e-10,160.0127124257706,-4.855036726902557e-11,1
0.19088707864284515,-2.5615265464296044e-10,160.03282742607553,-4.8896231931404345e-11,1
0.19137033820152283,-2.569011392505871e-10,160.0528974263798,-4.9163257902741365e-11,1
0.19125916063785553,-2.5656596291945277e-10,160.07301242668473,-4.90705907162177e-11,1
0.19055254757404327,-2.5541030401754483e-10,160.09312742698967,-4.866908410720407e-11,1
0.19014480710029602,-2.549472855051249e-10,160.1132424272946,-4.847690242311607e-11,1
0.1908169388771057,-2.560907597093376e-10,160.13335742759955,-4.886645484244824e-11,1
0.19121049344539642,-2.567323853508441e-10,160.1534724279045,-4.908992608634856e-11,1
0.19100816547870636,-2.5620769394940623e-10,160.17354242820875,-4.893776160280594e-11,1
0.19029004871845245,-2.549998268097653e-10,160.1936574285137,-4.8523929466827176e-11,1
0.19003982841968536,-2.5484578336509855e-10,160.21377242881863,-4.8430848944183636e-11,1
0.19076943397521973,-2.5601590292190224e-10,160.23388742912357,-4.884000888906609e-11,1
0.19108977913856506,-2.5645827128606413e-10,160.2540024294285,-4.90065544183122e-11,1
0.19083648920059204,-2.559082112885136e-10,160.27411742973345,-4.883662459990325e-11,1
0.19005493819713593,-2.547194399848962e-10,160.2941874300377,-4.841068742393852e-11,1
0.18996663391590118,-2.5490881627732165e-10,160.31430243034265,-4.8424169783689674e-11,1
0.19068244099617004,-2.560584799748966e-10,160.3344174306476,-4.882585599938221e-11,1
0.19093573093414307,-2.5634214195768834e-10,160.35453243095253,-4.894487424391509e-11,1
0.19061385095119476,-2.5558138938563957e-10,160.37464743125747,-4.871735286225357e-11,1
0.18979457020759583,-2.544486288336145e-10,160.3947624315624,-4.829296814938794e-11,1
0.18990936875343323,-2.548448396755276e-10,160.41483243186667,-4.8397422632849346e-11,1
0.19061116874217987,-2.5593427377401667e-10,160.4349474321716,-4.878393104524635e-11,1
0.1907709687948227,-2.5608662412857086e-10,160.45506243247655,-4.885389338040308e-11,1
0.19032147526741028,-2.552390243604208e-10,160.4751774327815,-4.8577467662089754e-11,1
0.1895853579044342,-2.542345500788912e-10,160.49529243308643,-4.8199148168379385e-11,1
0.1898723691701889,-2.5485197285846084e-10,160.51540743339137,-4.838934787433264e-11,1
0.19050197303295135,-2.5586660568066577e-10,160.53547743369563,-4.874309321541099e-11,1
0.19058510661125183,-2.5585042418008186e-10,160.55559243400057,-4.8761280368894904e-11,1
0.19005361199378967,-2.549272182239548e-10,160.5757074343055,-4.8449838618991655e-11,1
0.18939337134361267,-2.540619659097132e-10,160.59582243461045,-4.8117652253826574e-11,1
0.18981143832206726,-2.5489513277854314e-10,160.6159374349154,-4.8382011773989587e-11,1
0.1904052048921585,-2.5579890983173925e-10,160.63600743521965,-4.870544383770309e-11,1
0.19038699567317963,-2.5558682947846023e-10,160.6561224355246,-4.866040859803731e-11,1
0.1897704303264618,-2.544814636795678e-10,160.67623743582953,-4.829305687257944e-11,1
0.18922783434391022,-2.5380830770416196e-10,160.69635243613448,-4.802759640535135e-11,1
0.18982024490833282,-2.5482288501521566e-10,160.71646743643942,-4.837054244183617e-11,1
0.1902904361486435,-2.555892719691144e-10,160.73658243674436,-4.863619403791704e-11,1
0.19017553329467773,-2.5520360824593524e-10,160.75665243704861,-4.853348229689675e-11,1
0.18951253592967987,-2.5410962223304523e-10,160.77676743735356,-4.815695891351736e-11,1
0.18908143043518066,-2.5368732115005344e-10,160.7968824376585,-4.7967561566321165e-11,1
0.18975163996219635,-2.5484522825358624e-10,160.81699743796344,-4.8357299997658246e-11,1
0.190150186419487,-2.554155498213362e-10,160.83711243826838,-4.8567314412962845e-11,1
0.18997237086296082,-2.5489871324779756e-10,160.85722743857332,-4.84237128856021e-11,1
0.1892537772655487,-2.5375804235672206e-10,160.87729743887758,-4.802466802752075e-11,1
0.18900440633296967,-2.5357549393589807e-10,160.89741243918252,-4.7926885691943964e-11,1
0.18970605731010437,-2.5482610466198707e-10,160.91752743948746,-4.8342055615117574e-11,1
0.19001145660877228,-2.5526189495472806e-10,160.9376424397924,-4.85026844770633e-11,1
0.1897275149822235,-2.546574340289709e-10,160.95775744009734,-4.831552213006617e-11,1
0.18893851339817047,-2.5342222764734856e-10,160.97787244040228,-4.7881218953742774e-11,1
0.18888239562511444,-2.5353033561437144e-10,160.99794244070654,-4.788741715448175e-11,1
0.18960604071617126,-2.5472984832575207e-10,161.01805744101148,-4.829831799327668e-11,1
0.18984399735927582,-2.5502833178592255e-10,161.03817244131642,-4.84155979461072e-11,1
0.18950985372066498,-2.5430002548176844e-10,161.05828744162136,-4.8192360630211314e-11,1
0.18873311579227448,-2.5313950935412777e-10,161.0784024419263,-4.7775808330532144e-11,1
0.18884168565273285,-2.5350158083803365e-10,161.09847244223056,-4.7871665841086795e-11,1
0.18957766890525818,-2.546512445356086e-10,161.1185874425355,-4.8276189322883545e-11,1
0.18972215056419373,-2.547934363494875e-10,161.13870244284044,-4.8339958693865774e-11,1
0.1892826110124588,-2.53942256112083e-10,161.15881744314538,-4.806685328328959e-11,1
0.18855030834674835,-2.529609022250412e-10,161.17893244345032,-4.769585611420318e-11,1
0.1888258457183838,-2.5361152067304715e-10,161.19904744375526,-4.78884098750135e-11,1
0.1894780695438385,-2.546171606887526e-10,161.21911744405952,-4.824436808003817e-11,1
0.18954011797904968,-2.545848254431604e-10,161.23923244436446,-4.8254037850172394e-11,1
0.18903277814388275,-2.536002796649228e-10,161.2593474446694,-4.7938765403125976e-11,1
0.18836677074432373,-2.527716091993426e-10,161.27946244497434,-4.761377176072636e-11,1
0.18879519402980804,-2.5357418942384413e-10,161.29957744527928,-4.787358829322595e-11,1
0.18939949572086334,-2.545103572337837e-10,161.31969244558422,-4.820413331581541e-11,1
0.18934710323810577,-2.54273629929358e-10,161.33976244588848,-4.814597525696205e-11,1
0.18877257406711578,-2.532470066984871e-10,161.35987744619342,-4.780608932926552e-11,1
0.1882207691669464,-2.525787357043896e-10,161.37999244649836,-4.754056390949508e-11,1
0.18878254294395447,-2.535126553127043e-10,161.4001074468033,-4.785876373840652e-11,1
0.18929028511047363,-2.543071864202773e-10,161.42022244710824,-4.8137879823136654e-11,1
0.1891772449016571,-2.5394095160002905e-10,161.44033744741319,-4.803984959139855e-11,1
0.18849796056747437,-2.528126596956781e-10,161.46040744771744,-4.765467075827425e-11,1
0.18809355795383453,-2.5240709522478255e-10,161.48052244802238,-4.747614859362167e-11,1
0.18875302374362946,-2.5357174693318996e-10,161.50063744832732,-4.7862433969594003e-11,1
0.18916727602481842,-2.541323262938988e-10,161.52075244863227,-4.807351991486718e-11,1
0.18896839022636414,-2.5369162326427386e-10,161.5408674489372,-4.793969766216306e-11,1
0.18824869394302368,-2.525189224389379e-10,161.56093744924146,-4.753635734502976e-11,1
0.18799200654029846,-2.523048436842146e-10,161.5810524495464,-4.743129382403185e-11,1
0.18869362771511078,-2.5347812737663844e-10,161.60116744985135,-4.7829707401130843e-11,1
0.18900364637374878,-2.5394114588905836e-10,161.6212824501563,-4.7995802537360135e-11,1
0.18876223266124725,-2.53324278221001e-10,161.64139745046123,-4.781805634429512e-11,1
0.18796248733997345,-2.5216695398455613e-10,161.66151245076617,-4.73979278958818e-11,1
0.18791840970516205,-2.522876629829085e-10,161.68158245107043,-4.7409496415980045e-11,1
0.188615083694458,-2.5347493548544264e-10,161.70169745137537,-4.780919617103411e-11,1
0.18887680768966675,-2.537997034757211e-10,161.7218124516803,-4.793687778507822e-11,1
0.18852196633815765,-2.5304194850583883e-10,161.74192745198525,-4.770396569835957e-11,1
0.18776476383209229,-2.5193111485855013e-10,161.7620424522902,-4.730378628337138e-11,1
0.1878548115491867,-2.5225718736088254e-10,161.78215745259513,-4.738772639360647e-11,1
0.18854942917823792,-2.533910303803566e-10,161.8022274528994,-4.777673413710178e-11,1
0.1887243092060089,-2.5350158083803365e-10,161.82234245320433,-4.7841910726289126e-11,1
0.18828976154327393,-2.526220621579256e-10,161.84245745350927,-4.7566147844285934e-11,1
0.18754175305366516,-2.515941621705764e-10,161.8625724538142,-4.7184410231538024e-11,1
0.18780730664730072,-2.522297926077499e-10,161.88268745411915,-4.737059800586875e-11,1
0.18847522139549255,-2.5327495656313204e-10,161.9028024544241,-4.773605351217007e-11,1
0.18852408230304718,-2.5321672536549045e-10,161.92287245472835,-4.7737450773311816e-11,1
0.18801000714302063,-2.522699271700901e-10,161.9429874550333,-4.7429270809217936e-11,1
0.18734170496463776,-2.513748653676373e-10,161.96310245533823,-4.7092995863229447e-11,1
0.18777167797088623,-2.521832742630181e-10,161.98321745564317,-4.735287656455912e-11,1
0.18838515877723694,-2.531411746886647e-10,162.0033324559481,-4.768804038678037e-11,1
0.18834549188613892,-2.5294125127750533e-10,162.02340245625237,-4.7640344390157205e-11,1
0.18776361644268036,-2.519127406674926e-10,162.0435174565573,-4.7300047215715484e-11,1
0.18720681965351105,-2.512214047900585e-10,162.06363245686225,-4.703036021963418e-11,1
0.18774253129959106,-2.522461128862119e-10,162.0837474571672,-4.735732374373982e-11,1
0.1882721185684204,-2.530147480417355e-10,162.10386245747213,-4.7635622642872645e-11,1
0.188132643699646,-2.52641602083159e-10,162.12397745777707,-4.7530132508418694e-11,1
0.18748405575752258,-2.515105623768221e-10,162.14404745808133,-4.715422030026198e-11,1
0.187059685587883,-2.5114260671088573e-10,162.16416245838627,-4.697865704905964e-11,1
0.18772989511489868,-2.5225438404774536e-10,162.1842774586912,-4.735568905955661e-11,1
0.1881180852651596,-2.528809661672682e-10,162.20439245899615,-4.75714831553901e-11,1
0.18794295191764832,-2.5242677392789403e-10,162.2245074593011,-4.744183303505727e-11,1
0.187186136841774,-2.51288378994019e-10,162.24462245960603,-4.7037700897122007e-11,1
0.18694482743740082,-2.5105384438006695e-10,162.2646924599103,-4.6933217615127695e-11,1
0.18766513466835022,-2.52255855093253e-10,162.28480746021523,-4.733962901695516e-11,1
0.1879647970199585,-2.52749265960972e-10,162.30492246052017,-4.750796447329761e-11,1
0.1877245306968689,-2.5216037591313523e-10,162.32503746082511,-4.7336688228639354e-11,1
0.1869175285100937,-2.5099966549646524e-10,162.34515246113006,-4.691623713145952e-11,1
0.18686610460281372,-2.5108035095477987e-10,162.3652224614343,-4.6918407125227076e-11,1
0.18759769201278687,-2.522389797032787e-10,162.38533746173925,-4.731945042799527e-11,1
0.1878383457660675,-2.5249038970720505e-10,162.4054524620442,-4.7427377124431115e-11,1
0.18749691545963287,-2.517741015672925e-10,162.42556746234914,-4.7206867436487666e-11,1
0.18670175969600677,-2.5067845021986557e-10,162.44568246265408,-4.680210777391674e-11,1
0.18680676817893982,-2.5107074752561687e-10,162.46579746295902,-4.690171492953104e-11,1
0.18750247359275818,-2.5217483656803097e-10,162.48586746326328,-4.7283405634355336e-11,1
0.18768276274204254,-2.5225718736088254e-10,162.50598246356822,-4.734432584542749e-11,1
0.18725740909576416,-2.5135965531219995e-10,162.52609746387316,-4.7068957804966895e-11,1
0.18650595843791962,-2.503139362453055e-10,162.5462124641781,-4.668504058979901e-11,1
0.18678876757621765,-2.509414898099749e-10,162.56632746448304,-4.687305161534519e-11,1
0.18747392296791077,-2.52003334866302e-10,162.58644246478798,-4.724405378838172e-11,1
0.18752321600914001,-2.5198815256644025e-10,162.60651246509224,-4.7253628765460705e-11,1
0.18700028955936432,-2.5104693324173866e-10,162.62662746539718,-4.694584920919553e-11,1
0.1863415688276291,-2.5010157833627034e-10,162.64674246570212,-4.660432047344679e-11,1
0.1867726594209671,-2.5088370270154314e-10,162.66685746600706,-4.685821635894648e-11,1
0.1873723715543747,-2.5181218221703716e-10,162.686972466312,-4.718264576828859e-11,1
0.1873512864112854,-2.516669650454162e-10,162.70708746661694,-4.715012964848272e-11,1
0.186740905046463,-2.5062907305084536e-10,162.7271574669212,-4.6802699932470956e-11,1
0.18617947399616241,-2.4996293923607027e-10,162.74727246722614,-4.653796854550627e-11,1
0.18675081431865692,-2.5102422918088507e-10,162.76738746753108,-4.687897921324345e-11,1
0.18726813793182373,-2.518232566917078e-10,162.78750246783602,-4.715847236858379e-11,1
0.18714819848537445,-2.5151256077826645e-10,162.80761746814096,-4.7070122646095814e-11,1
0.18647435307502747,-2.5036922535193185e-10,162.82768746844522,-4.6687439327397257e-11,1
0.1860491931438446,-2.4989557645405114e-10,162.84780246875016,-4.6492870369492146e-11,1
0.1867240071296692,-2.510343599659848e-10,162.8679174690551,-4.687414162008048e-11,1
0.1871347725391388,-2.5160507011179334e-10,162.88803246936004,-4.7084057565064515e-11,1
0.1869497001171112,-2.5111351886764055e-10,162.90814746966498,-4.694559704765795e-11,1
0.1861967295408249,-2.4998636494188986e-10,162.92826246996992,-4.6546643581979015e-11,1
0.18594320118427277,-2.4982224622327465e-10,162.94833247027418,-4.6452748189801285e-11,1
0.18666383624076843,-2.509958907381815e-10,162.96844747057912,-4.685185584585772e-11,1
0.18697383999824524,-2.5145946436211375e-10,162.98856247088406,-4.701634165568631e-11,1
0.18673166632652283,-2.50832299375503e-10,163.008677471189,-4.6838333230900906e-11,1
0.1859537661075592,-2.496481354974378e-10,163.02879247149394,-4.64230109974788e-11,1
0.18588556349277496,-2.497747564333963e-10,163.04890747179888,-4.642952134589249e-11,1
0.186627596616745,-2.510267549382661e-10,163.06897747210314,-4.6848519960629224e-11,1
0.18685391545295715,-2.5133883863048823e-10,163.08909247240808,-4.696364610350569e-11,1
0.18649408221244812,-2.5057153574259416e-10,163.10920747271302,-4.673010858687874e-11,1
0.1857142597436905,-2.494211226444776e-10,163.12932247301796,-4.632105915635939e-11,1
0.18581965565681458,-2.4986238078561485e-10,163.1494374733229,-4.642934155917483e-11,1
0.18654274940490723,-2.510259222709976e-10,163.16955247362785,-4.682706571233443e-11,1
0.18664680421352386,-2.511258423432139e-10,163.1896224739321,-4.6871835928790104e-11,1
0.18621356785297394,-2.502505425105994e-10,163.20973747423704,-4.6600046378041043e-11,1
0.18550005555152893,-2.4921456565074607e-10,163.22985247454199,-4.622931577246355e-11,1
0.18575718998908997,-2.498312390297741e-10,163.24996747484693,-4.64079489336635e-11,1
0.18643200397491455,-2.509112917437051e-10,163.27008247515187,-4.677789493971337e-11,1
0.1864885687828064,-2.50851506233829e-10,163.29015247545613,-4.678093837455801e-11,1
0.18595224618911743,-2.499246365417207e-10,163.31026747576107,-4.647404754293174e-11,1
0.18528777360916138,-2.4904120432545085e-10,163.330382476066,-4.614429028640704e-11,1
0.18574416637420654,-2.4985336022353977e-10,163.35049747637095,-4.640880411051573e-11,1
0.18630746006965637,-2.5079122112359187e-10,163.3706124766759,-4.6724275415303954e-11,1
0.18627949059009552,-2.505762264348732e-10,163.39072747698083,-4.667721181427661e-11,1
0.18569433689117432,-2.495140483116387e-10,163.4107974772851,-4.633334574626218e-11,1
0.1851321905851364,-2.488368955333442e-10,163.43091247759003,-4.606771956849276e-11,1
0.18567442893981934,-2.498946327644802e-10,163.45102747789497,-4.639904323367073e-11,1
0.18619020283222198,-2.5060059583026373e-10,163.4711424781999,-4.6659375767512487e-11,1
0.18607601523399353,-2.5028881744937337e-10,163.49125747850485,-4.6572745808607825e-11,1
0.18539544939994812,-2.4912732987658615e-10,163.5113724788098,-4.618707328027881e-11,1
0.1850045621395111,-2.487173800247433e-10,163.53144247911405,-4.601384998796402e-11,1
0.1856575608253479,-2.498912743398307e-10,163.551557479419,-4.639420446547082e-11,1
0.18604804575443268,-2.504927376634214e-10,163.57167247972393,-4.6603684317957325e-11,1
0.1858491450548172,-2.500070150901479e-10,163.59178748002887,-4.646359001221077e-11,1
0.18510344624519348,-2.488631800634522e-10,163.6119024803338,-4.606543227328313e-11,1
0.18487773835659027,-2.486697514569869e-10,163.63201748063875,-4.5973501247063154e-11,1
0.18560677766799927,-2.4985702395952103e-10,163.652087480943,-4.6375157094842786e-11,1
0.1859162151813507,-2.5026533623240255e-10,163.67220248124795,-4.652838410341644e-11,1
0.18566329777240753,-2.496417239594706e-10,163.6923174815529,-4.634930573190435e-11,1
0.1848808079957962,-2.4845156487707243e-10,163.71243248185783,-4.593392606229313e-11,1
0.18481719493865967,-2.4854143743091583e-10,163.73254748216277,-4.5934731292004257e-11,1
0.18555369973182678,-2.497574924653634e-10,163.7526624824677,-4.634342676269203e-11,1
0.1857765167951584,-2.499649376375146e-10,163.77273248277197,-4.643761543521645e-11,1
0.18542687594890594,-2.492721584701485e-10,163.7928474830769,-4.622175760616025e-11,1
0.1846378743648529,-2.481444494328855e-10,163.81296248338185,-4.5816863678724707e-11,1
0.18478156626224518,-2.4855623115271896e-10,163.8330774836868,-4.592860969664007e-11,1
0.18547171354293823,-2.4974322609949695e-10,163.85319248399173,-4.6320304090415154e-11,1
0.18562673032283783,-2.4979421309190286e-10,163.873262484296,-4.636848302981614e-11,1
0.18516859412193298,-2.4891777528068815e-10,163.89337748460093,-4.6091754500684267e-11,1
0.18444550037384033,-2.4790375308114676e-10,163.91349248490587,-4.5724731781605076e-11,1
0.18472982943058014,-2.484941419300668e-10,163.9336074852108,-4.590428045323961e-11,1
0.1854107826948166,-2.49538001373395e-10,163.95372248551575,-4.626703614674138e-11,1
0.18547247350215912,-2.494119355489488e-10,163.9738374858207,-4.6259048607224625e-11,1
0.18496501445770264,-2.484447647610466e-10,163.99390748612495,-4.5953589505967515e-11,1
0.1842949092388153,-2.47776354989071e-10,164.0140224864299,-4.5663920854235327e-11,1
0.18471336364746094,-2.4864554859505006e-10,164.03413748673483,-4.59281556369599e-11,1
0.18530768156051636,-2.496340634206007e-10,164.05425248703978,-4.6259109531002416e-11,1
0.18529121577739716,-2.494195960878187e-10,164.07436748734472,-4.621526019781926e-11,1
0.18468040227890015,-2.483748207104952e-10,164.09448248764966,-4.5869961804763956e-11,1
0.18413352966308594,-2.477001381784305e-10,164.11455248795392,-4.560990074082852e-11,1
0.18470492959022522,-2.48694148607953e-10,164.13466748825886,-4.593503520813297e-11,1
0.18520498275756836,-2.494691397902926e-10,164.1547824885638,-4.6202927733406555e-11,1
0.1851091980934143,-2.491158945794325e-10,164.17489748886874,-4.611364347792229e-11,1
0.18441905081272125,-2.4797391917630307e-10,164.19501248917368,-4.573111480080427e-11,1
0.18401402235031128,-2.476088223346551e-10,164.21512748947862,-4.5563495367223476e-11,1
0.18467581272125244,-2.488059480665328e-10,164.23519748978288,-4.594844066906867e-11,1
0.18507011234760284,-2.4929430741948977e-10,164.25531249008782,-4.613692548174281e-11,1
0.18489345908164978,-2.4884536098390697e-10,164.27542749039276,-4.600987956873637e-11,1
0.18415580689907074,-2.476457650057995e-10,164.2955424906977,-4.560540567978066e-11,1
0.18392817676067352,-2.474985216771586e-10,164.31565749100264,-4.552195184304181e-11,1
0.1846531480550766,-2.4863522352092104e-10,164.3357274913069,-4.59112767405157e-11,1
0.18495093286037445,-2.4910518092724487e-10,164.35584249161184,-4.6072235592846297e-11,1
0.18468499183654785,-2.4851234958767066e-10,164.37595749191678,-4.589650125488028e-11,1
0.18389829993247986,-2.4732796366500054e-10,164.39607249222172,-4.548319204375575e-11,1
0.18385536968708038,-2.4742066728755674e-10,164.41618749252666,-4.548961825237786e-11,1
0.18457770347595215,-2.4855137392698623e-10,164.4363024928316,-4.587704179523577e-11,1
0.1848079264163971,-2.4882079729948714e-10,164.45637249313586,-4.5984055598192876e-11,1
0.1844707876443863,-2.481054250935699e-10,164.4764874934408,-4.5768203185856127e-11,1
0.18368062376976013,-2.4699947642758957e-10,164.49660249374574,-4.5369017901023816e-11,1
0.1837986558675766,-2.4736476755826686e-10,164.51671749405068,-4.546531178620497e-11,1
0.18453440070152283,-2.4854629465664857e-10,164.53683249435562,-4.586534153104875e-11,1
0.1846819370985031,-2.4864854619721655e-10,164.55694749466056,-4.592089516842859e-11,1
0.1842491179704666,-2.477924809785037e-10,164.57701749496482,-4.5655546060002933e-11,1
0.1834951639175415,-2.4680960053480305e-10,164.59713249526976,-4.5288368106556625e-11,1
0.18383696675300598,-2.4743060378362713e-10,164.6172474955747,-4.548689168144686e-11,1
0.18447959423065186,-2.4849902691137515e-10,164.63736249587964,-4.5842999651322324e-11,1
0.18450258672237396,-2.484378536227183e-10,164.65747749618458,-4.583742663314603e-11,1
0.18399102985858917,-2.474559168685886e-10,164.67759249648952,-4.552966898925304e-11,1
0.18333391845226288,-2.466240822673882e-10,164.69766249679378,-4.521455938677352e-11,1
0.18377451598644257,-2.47433212807735e-10,164.71777749709872,-4.547191892271194e-11,1
0.18436424434185028,-2.483800942698622e-10,164.73789249740366,-4.579240838962068e-11,1
0.18433821201324463,-2.4813018306701906e-10,164.7580074977086,-4.573987429309336e-11,1
0.18372508883476257,-2.4712837332074855e-10,164.77812249801354,-4.5403682341944897e-11,1
0.1831875890493393,-2.465022352904356e-10,164.7981924983178,-4.5156150178127855e-11,1
0.183763787150383,-2.4752813687634045e-10,164.81830749862274,-4.5486707858674695e-11,1
0.18426960706710815,-2.4835644651943767e-10,164.83842249892768,-4.576454481272004e-11,1
0.1841481328010559,-2.479391969512079e-10,164.85853749923263,-4.565754016675819e-11,1
0.1834622025489807,-2.467842874498416e-10,164.87865249953757,-4.527558893002872e-11,1
0.18306712806224823,-2.4634605466644643e-10,164.8987674998425,-4.509786473725195e-11,1
0.18372833728790283,-2.475489813136278e-10,164.91883750014676,-4.548176273406696e-11,1
0.18414469063282013,-2.4816640409319746e-10,164.9389525004517,-4.569852570720127e-11,1
0.18394848704338074,-2.4769999940055243e-10,164.95906750075665,-4.5564040130377935e-11,1
0.18322807550430298,-2.465141424323747e-10,164.9791825010616,-4.516831190247765e-11,1
0.18296635150909424,-2.463184656242845e-10,164.99929750136653,-4.5067990964593583e-11,1
0.18370285630226135,-2.474898896931421e-10,165.01941250167147,-4.54645996425618e-11,1
0.18399372696876526,-2.478923177839931e-10,165.03948250197573,-4.561063143600242e-11,1
0.1837465465068817,-2.473790061685577e-10,165.05959750228067,-4.545503806177706e-11,1
0.18294833600521088,-2.46224846067733e-10,165.0797125025856,-4.504642587123094e-11,1
0.18292267620563507,-2.463713677514079e-10,165.09982750289055,-4.506690992953023e-11,1
0.18363694846630096,-2.475915861221978e-10,165.1199425031955,-4.546696334141175e-11,1
0.18383659422397614,-2.4784935215294013e-10,165.14005750350043,-4.556378078041542e-11,1
0.18349868059158325,-2.47117076801473e-10,165.1601275038047,-4.534565754471924e-11,1
0.18271075189113617,-2.459890346973026e-10,165.18024250410963,-4.494484148651894e-11,1
0.18281881511211395,-2.463619863668498e-10,165.20035750441457,-4.503960643625425e-11,1
0.1835373193025589,-2.4752777605385745e-10,165.2204725047195,-4.543058446984913e-11,1
0.18365956842899323,-2.4767993211938233e-10,165.24058750502445,-4.5488789441568096e-11,1
0.18319757282733917,-2.46749093379961e-10,165.2606575053287,-4.5203835004555316e-11,1
0.18248504400253296,-2.4573837409391786e-10,165.28077250563365,-4.4843578009639505e-11,1
0.18278048932552338,-2.463447223988169e-10,165.3008875059386,-4.502700890281597e-11,1
0.1834411323070526,-2.474227212001523e-10,165.32100250624353,-4.538750413544813e-11,1
0.18349440395832062,-2.4740115511789895e-10,165.34111750654847,-4.539672749695889e-11,1
0.1829724758863449,-2.464355386422312e-10,165.3612325068534,-4.509092065175407e-11,1
0.18229620158672333,-2.4566945699966425e-10,165.38130250715767,-4.478460885691165e-11,1
0.18272262811660767,-2.4637661355519924e-10,165.4014175074626,-4.501858233527583e-11,1
0.18334227800369263,-2.4730828496188906e-10,165.42153250776755,-4.53420643340991e-11,1
0.18329091370105743,-2.471009785676159e-10,165.4416475080725,-4.529136413808373e-11,1
0.182663232088089,-2.461257864183608e-10,165.46176250837743,-4.495813164740046e-11,1
0.18213710188865662,-2.455239345167115e-10,165.48187750868237,-4.471901787717414e-11,1
0.18271903693675995,-2.4658852737502457e-10,165.50194750898663,-4.5056418241618356e-11,1
0.18318399786949158,-2.473459770335751e-10,165.52206250929157,-4.530982492994573e-11,1
0.18308283388614655,-2.4697527356565274e-10,165.5421775095965,-4.5216932984206e-11,1
0.18237163126468658,-2.4576463086845024e-10,165.56229250990145,-4.482049663864282e-11,1
0.1819838285446167,-2.4537552545389474e-10,165.5824075102064,-4.465437755324681e-11,1
0.18265335261821747,-2.4655225083769494e-10,165.60247751051065,-4.50335952110727e-11,1
0.1830318719148636,-2.4713775470530663e-10,165.6225925108156,-4.523408586454866e-11,1
0.1828349083662033,-2.466841175774448e-10,165.64270751112053,-4.510246803266984e-11,1
0.18208231031894684,-2.4545526722263844e-10,165.66282251142547,-4.469306213585247e-11,1
0.18185660243034363,-2.453474090557961e-10,165.68293751173042,-4.46180462259748e-11,1
0.1825697422027588,-2.465584125754816e-10,165.70305251203536,-4.501410582182712e-11,1
0.1828603595495224,-2.469311144448483e-10,165.72312251233961,-4.515391237134922e-11,1
0.18259119987487793,-2.462850756668189e-10,165.74323751264455,-4.4969487477279564e-11,1
0.18180179595947266,-2.4504309692474635e-10,165.7633525129495,-4.454927510839002e-11,1
0.18178877234458923,-2.4524890451793624e-10,165.78346751325444,-4.458349727117101e-11,1
0.18251685798168182,-2.464509152311223e-10,165.80358251355938,-4.498144669469425e-11,1
0.18270884454250336,-2.466976345427696e-10,165.82369751386432,-4.50738397586782e-11,1
0.1823541820049286,-2.460135428705712e-10,165.84376751416858,-4.486159837229744e-11,1
0.18158337473869324,-2.448776459385016e-10,165.86388251447352,-4.4465709347579976e-11,1
0.18171827495098114,-2.452601732816362e-10,165.88399751477846,-4.456825560291764e-11,1
0.182437926530838,-2.4636084838824956e-10,165.9041125150834,-4.4945562358330397e-11,1
0.18255823850631714,-2.464246584565899e-10,165.92422751538834,-4.498685157235588e-11,1
0.18212023377418518,-2.4551249921955787e-10,165.94434251569328,-4.4712793752350335e-11,1
0.18136370182037354,-2.4456892067092895e-10,165.96441251599754,-4.435592480309295e-11,1
0.181667298078537,-2.4516844110422653e-10,165.98452751630248,-4.453908826953176e-11,1
0.18231835961341858,-2.461985892932006e-10,166.00464251660742,-4.488652293907409e-11,1
0.18237315118312836,-2.461195969249985e-10,166.02475751691236,-4.488560645913337e-11,1
0.1818481683731079,-2.4511551122152753e-10,166.0448725172173,-4.457380675547276e-11,1
0.1811993271112442,-2.443118762851526e-10,166.06494251752156,-4.426914758815519e-11,1
0.18164852261543274,-2.451218950039191e-10,166.0850575178265,-4.452603008815713e-11,1
0.18223902583122253,-2.4603799553268857e-10,166.10517251813144,-4.4837724623343847e-11,1
0.18218883872032166,-2.4578095114691223e-10,166.12528751843638,-4.477854606903205e-11,1
0.18157149851322174,-2.447943514560791e-10,166.14540251874132,-4.4447677221452544e-11,1
0.18104806542396545,-2.4414728572175193e-10,166.16551751904626,-4.420239375843533e-11,1
0.18162140250205994,-2.451753244869792e-10,166.18558751935052,-4.45290862922228e-11,1
0.18212370574474335,-2.458625802947978e-10,166.20570251965546,-4.477740422725309e-11,1
0.1820167899131775,-2.4549187682687545e-10,166.2258175199604,-4.4683643369789035e-11,1
0.18132969737052917,-2.44329251275488e-10,166.24593252026534,-4.4304149192552217e-11,1
0.18094228208065033,-2.440211921417301e-10,166.26604752057028,-4.4153751382165506e-11,1
0.1816105842590332,-2.4521570884949995e-10,166.28616252087522,-4.4533768153650664e-11,1
0.1820077747106552,-2.4578564183919127e-10,166.30623252117948,-4.4734897726981317e-11,1
0.18181483447551727,-2.452477942949116e-10,166.32634752148442,-4.4589687125215065e-11,1
0.1810622215270996,-2.44093051326999e-10,166.34646252178936,-4.4196030132594786e-11,1
0.1808403581380844,-2.4400226283916027e-10,166.3665775220943,-4.412545659833675e-11,1
0.18157915771007538,-2.452001379715796e-10,166.38669252239924,-4.452323452327369e-11,1
0.18187537789344788,-2.4564214551325847e-10,166.40680752270418,-4.4676258041781196e-11,1
0.18160949647426605,-2.449805081017331e-10,166.42687752300844,-4.4490786722365605e-11,1
0.18085339665412903,-2.4385515828839743e-10,166.44699252331338,-4.410203366808696e-11,1
0.1807970553636551,-2.4397861508873575e-10,166.46710752361832,-4.411061517974605e-11,1
0.18154238164424896,-2.4515212082576454e-10,166.48722252392326,-4.450549987984798e-11,1
0.181773841381073,-2.454179359734354e-10,166.5073375242282,-4.461056096570558e-11,1
0.1814143806695938,-2.44679471128606e-10,166.52740752453246,-4.4388374717359817e-11,1
0.18064799904823303,-2.435608104089937e-10,166.5475225248374,-4.399877304695076e-11,1
0.1808238923549652,-2.439666246800698e-10,166.56763752514235,-4.411499467935314e-11,1
0.18151862919330597,-2.452080205550544e-10,166.58775252544729,-4.450982375835747e-11,1
0.18168379366397858,-2.4530255604560125e-10,166.60786752575223,-4.456749897783556e-11,1
0.1812189668416977,-2.443990565481613e-10,166.62798252605717,-4.428974452474344e-11,1
0.18051454424858093,-2.435059931471528e-10,166.64805252636143,-4.3956373374756363e-11,1
0.18082426488399506,-2.4416865751497596e-10,166.66816752666637,-4.4151618002857483e-11,1
0.1814967840909958,-2.4519899999297934e-10,166.6882825269713,-4.450282996105385e-11,1
0.18151938915252686,-2.4513954755001066e-10,166.70839752727625,-4.4497580928404747e-11,1
0.18099555373191833,-2.441495339233768e-10,166.7285125275812,-4.418998008585136e-11,1
0.18035446107387543,-2.4337321047340765e-10,166.74862752788613,-4.389344421475029e-11,1
0.18081411719322205,-2.442086532994381e-10,166.7686975281904,-4.415637205728353e-11,1
0.18140096962451935,-2.450646907625753e-10,166.78881252849533,-4.445497252506415e-11,1
0.18136687576770782,-2.448114211350827e-10,166.80892752880027,-4.4400682603522545e-11,1
0.1807568222284317,-2.437831325696749e-10,166.8290425291052,-4.406546435618692e-11,1
0.18023912608623505,-2.4317342584012636e-10,166.84915752941015,-4.382936576082026e-11,1
0.18081355094909668,-2.442129276580829e-10,166.8692725297151,-4.415700663753283e-11,1
0.18128381669521332,-2.4495680484015736e-10,166.88934253001935,-4.440670450688823e-11,1
0.18115651607513428,-2.4461385694785065e-10,166.9094575303243,-4.43133941083739e-11,1
0.1804540902376175,-2.435345536344613e-10,166.92957253062923,-4.394680631753098e-11,1
0.18005326390266418,-2.431328749441519e-10,166.94968753093417,-4.3776867695732835e-11,1
0.18077100813388824,-2.442200608410161e-10,166.9698025312391,-4.4147906604750005e-11,1
0.18115784227848053,-2.447526348259288e-10,166.98987253154337,-4.433885921703815e-11,1
0.180955708026886,-2.44253645087511e-10,167.0099875318483,-4.419909128495828e-11,1
0.18021881580352783,-2.42985992437994e-10,167.03010253215325,-4.379064781402025e-11,1
0.18002107739448547,-2.4290719435882124e-10,167.0502175324582,-4.3728414835346684e-11,1
0.1807449460029602,-2.4411125898460284e-10,167.07033253276313,-4.4121876323886675e-11,1
0.18106837570667267,-2.4450710900403294e-10,167.09044753306807,-4.4272505076094604e-11,1
0.18077339231967926,-2.4396348830002523e-10,167.11051753337233,-4.410210738213794e-11,1
0.17999349534511566,-2.428222067862862e-10,167.13063253367727,-4.3706417746878116e-11,1
0.179981991648674,-2.4294133371682847e-10,167.1507475339822,-4.372506509613995e-11,1
0.1807100772857666,-2.4413077115426063e-10,167.17086253428715,-4.411689052312024e-11,1
0.18090397119522095,-2.443600322088457e-10,167.1909775345921,-4.420570022797229e-11,1
0.18053379654884338,-2.436144619366587e-10,167.21109253489703,-4.398064370762869e-11,1
0.1797744631767273,-2.424331013717307e-10,167.2311625352013,-4.3583280655371994e-11,1
0.1798984557390213,-2.4291094136152935e-10,167.25127753550623,-4.369930323305109e-11,1
0.18058590590953827,-2.442328284057993e-10,167.27139253581117,-4.410500657051008e-11,1
0.18072885274887085,-2.4436058732035804e-10,167.29150753611611,-4.4163008603448585e-11,1
0.18026824295520782,-2.4338672743873246e-10,167.31162253642105,-4.387489771399837e-11,1
0.17954054474830627,-2.4248150709560434e-10,167.331737536726,-4.35352618753351e-11,1
0.17984434962272644,-2.430979861856031e-10,167.35180753703025,-4.371979922014432e-11,1
0.18050850927829742,-2.439973778578519e-10,167.3719225373352,-4.4043602944934305e-11,1
0.180570587515831,-2.439399793274788e-10,167.39203753764014,-4.404838538576251e-11,1
0.18001532554626465,-2.430923518037531e-10,167.41215253794508,-4.376034884775971e-11,1
0.17936579883098602,-2.4223575922910356e-10,167.43226753825002,-4.3448810459558556e-11,1
0.17982909083366394,-2.4301075041144315e-10,167.45238253855496,-4.370040230929625e-11,1
0.180413156747818,-2.4390650610328635e-10,167.47245253885922,-4.4003942717424826e-11,1
0.18037822842597961,-2.437045287795314e-10,167.49256753916416,-4.395899116064004e-11,1
0.17974938452243805,-2.425903089520176e-10,167.5126825394691,-4.360545872523326e-11,1
0.17923285067081451,-2.41880598883526e-10,167.53279753977404,-4.3352949259858195e-11,1
0.17984364926815033,-2.4295071510138655e-10,167.55291254007898,-4.3693143196140076e-11,1
0.18030177056789398,-2.4370136464391123e-10,167.57298254038324,-4.3939787535109154e-11,1
0.18017704784870148,-2.4336702098004537e-10,167.59309754068818,-4.384915138391757e-11,1
0.17949342727661133,-2.422171629934411e-10,167.61321254099312,-4.347638873091033e-11,1
0.17912285029888153,-2.418577282892187e-10,167.63332754129806,-4.3322245657977286e-11,1
0.1798022836446762,-2.43035314095863e-10,167.653442541603,-4.369830448073733e-11,1
0.18018470704555511,-2.4357957317810985e-10,167.67355754190794,-4.388931403537908e-11,1
0.17998838424682617,-2.4307747481522313e-10,167.6936275422122,-4.375112193879059e-11,1
0.17924010753631592,-2.419453248858616e-10,167.71374254251714,-4.336630605045073e-11,1
0.17902745306491852,-2.4180274449392414e-10,167.73385754282208,-4.328932949085449e-11,1
0.1797700971364975,-2.430092516103599e-10,167.75397254312702,-4.368579676706196e-11,1
0.18004944920539856,-2.434253631999894e-10,167.77408754343196,-4.382860256678219e-11,1
0.17977391183376312,-2.427454903752846e-10,167.7942025437369,-4.3639306384770006e-11,1
0.17900441586971283,-2.4161028733260537e-10,167.81427254404116,-4.32493083520865e-11,1
0.1789868324995041,-2.4160576317378e-10,167.8343875443461,-4.324425026410022e-11,1
0.1797332912683487,-2.4276800014710886e-10,167.85450254465104,-4.3633491681074836e-11,1
0.17993178963661194,-2.430148859922099e-10,167.87461754495598,-4.372610334491554e-11,1
0.17957119643688202,-2.422079758979123e-10,167.89473254526092,-4.34935760185436e-11,1
0.17879943549633026,-2.411162935977984e-10,167.91484754556586,-4.3111457184253785e-11,1
0.17897716164588928,-2.416046529507554e-10,167.93491754587012,-4.324171502556633e-11,1
0.17969076335430145,-2.4272353571497263e-10,167.95503254617506,-4.361517741667848e-11,1
0.17980918288230896,-2.427989476139203e-10,167.97514754648,-4.3657480375143546e-11,1
0.1793566197156906,-2.4200519366246454e-10,167.99526254678494,-4.340523348894071e-11,1
0.17862775921821594,-2.410763255689119e-10,168.01537754708988,-4.306292383693583e-11,1
0.17896832525730133,-2.4179194757500966e-10,168.03544754739414,-4.327309991820068e-11,1
0.17960225045681,-2.42937975292179e-10,168.05556254769908,-4.363220708389625e-11,1
0.17965435981750488,-2.428385270647482e-10,168.07567754800402,-4.362700011884317e-11,1
0.17909526824951172,-2.4189034109056706e-10,168.09579254830896,-4.3321415524580995e-11,1
0.17844422161579132,-2.4109059193477833e-10,168.1159075486139,-4.3021223016691896e-11,1
0.17890827357769012,-2.4199334203167666e-10,168.13602254891885,-4.3294611040182747e-11,1
0.1794806569814682,-2.428809930954401e-10,168.1560925492231,-4.359244020908103e-11,1
0.17943288385868073,-2.4271171183976037e-10,168.17620754952804,-4.3550462401685306e-11,1
0.17879828810691833,-2.4162677414452105e-10,168.19632254983298,-4.320245357783736e-11,1
0.17829132080078125,-2.409540067471738e-10,168.21643755013793,-4.296000811519398e-11,1
0.17891478538513184,-2.420481315379419e-10,168.23655255044287,-4.330598950698304e-11,1
0.17937308549880981,-2.427920087200164e-10,168.2566675507478,-4.355035173856328e-11,1
0.17925560474395752,-2.424020706381924e-10,168.27673755105207,-4.345192976343669e-11,1
0.17853426933288574,-2.412631761039563e-10,168.296852551357,-4.307374486265118e-11,1
0.1781890094280243,-2.4093732564622883e-10,168.31696755166195,-4.293238339113883e-11,1
0.17886574566364288,-2.4210555782389065e-10,168.3370825519669,-4.330439112948241e-11,1
0.17923973500728607,-2.4265092712916214e-10,168.35719755227183,-4.3492687877903305e-11,1
0.17905083298683167,-2.421102485161697e-10,168.37731255257677,-4.335004167146901e-11,1
0.17826934158802032,-2.4089541472704923e-10,168.39738255288103,-4.294426697496416e-11,1
0.1780909150838852,-2.407904153844953e-10,168.41749755318597,-4.2882585419253596e-11,1
0.17880786955356598,-2.4203969384295476e-10,168.4376125534909,-4.32786020034561e-11,1
0.17910753190517426,-2.424871414774543e-10,168.45772755379585,-4.343127342876765e-11,1
0.17883700132369995,-2.4176746715731667e-10,168.4778425541008,-4.3236968844040626e-11,1
0.1780170202255249,-2.4059476633198074e-10,168.49791255440505,-4.282996338427565e-11,1
0.17803190648555756,-2.408406807319352e-10,168.51802755471,-4.287732554998591e-11,1
0.17877492308616638,-2.4201923798372604e-10,168.53814255501493,-4.326697065591322e-11,1
0.1789814680814743,-2.4212917781873955e-10,168.55825755531987,-4.333663571135835e-11,1
0.1785990446805954,-2.413333421991126e-10,168.5783725556248,-4.3101904366336734e-11,1
0.17784681916236877,-2.4025686995443607e-10,168.59848755592975,-4.2728920103303343e-11,1
0.17800664901733398,-2.4075891280617157e-10,168.618557556234,-4.28566872896831e-11,1
0.1786971241235733,-2.4192281511403735e-10,168.63867255653895,-4.323091132075741e-11,1
0.17882512509822845,-2.420541544978505e-10,168.6587875568439,-4.3285364458624034e-11,1
0.17835530638694763,-2.4114460428492634e-10,168.67890255714883,-4.300941978079728e-11,1
0.17764179408550262,-2.4020263555968313e-10,168.69901755745377,-4.267002712488826e-11,1
0.1779698133468628,-2.409132893177457e-10,168.7191325577587,-4.2875293132657955e-11,1
0.17861038446426392,-2.420040279282887e-10,168.73920255806297,-4.32244324701721e-11,1
0.17864041030406952,-2.4182411628714817e-10,168.7593175583679,-4.319955935495517e-11,1
0.1781303882598877,-2.408170607370863e-10,168.77943255867285,-4.289683652870214e-11,1
0.17747050523757935,-2.4010585186751143e-10,168.7995475589778,-4.261170684142664e-11,1
0.1779652237892151,-2.409967780891975e-10,168.81966255928273,-4.288904554512384e-11,1
0.1785258948802948,-2.418131805903556e-10,168.839732559587,-4.316991445874357e-11,1
0.17847181856632233,-2.4153953837036113e-10,168.85984755989193,-4.310800066862834e-11,1
0.1778360903263092,-2.404904331232416e-10,168.87996256019687,-4.2767878387518014e-11,1
0.17735019326210022,-2.3988069863811745e-10,168.9000775605018,-4.254288826331775e-11,1
0.17797710001468658,-2.4099508499908495e-10,168.92019256080675,-4.289160634593004e-11,1
0.1784430742263794,-2.416522815185118e-10,168.9403075611117,-4.312117600798173e-11,1
0.17831580340862274,-2.4122540076554344e-10,168.96037756141595,-4.301430114007488e-11,1
0.17759542167186737,-2.401210341673732e-10,168.9804925617209,-4.264439631523951e-11,1
0.17726320028305054,-2.397319287528177e-10,169.00060756202583,-4.249564890075272e-11,1
0.17795947194099426,-2.4087221106583456e-10,169.02072256233077,-4.2865491486535634e-11,1
0.1783330887556076,-2.4138663290429463e-10,169.04083756263572,-4.3047223830138845e-11,1
0.17810776829719543,-2.409106802936378e-10,169.06095256294066,-4.290806362605897e-11,1
0.17733991146087646,-2.3972757112744603e-10,169.08102256324491,-4.2513266238472243e-11,1
0.17719346284866333,-2.3966684192799903e-10,169.10113756354986,-4.246739765122536e-11,1
0.17793762683868408,-2.4087501437897174e-10,169.1212525638548,-4.2860728423328136e-11,1
0.17821238934993744,-2.412656185946105e-10,169.14136756415974,-4.299652235773623e-11,1
0.17791348695755005,-2.406298216239833e-10,169.16148256446468,-4.281129063109614e-11,1
0.17713713645935059,-2.3943438898221814e-10,169.18159756476962,-4.24127220342044e-11,1
0.17716209590435028,-2.396986220620789e-10,169.20166756507388,-4.246551026990264e-11,1
0.17788320779800415,-2.409459576302453e-10,169.22178256537882,-4.2860239849230026e-11,1
0.17808976769447327,-2.4120033748076253e-10,169.24189756568376,-4.295531206977755e-11,1
0.17768816649913788,-2.403774956860616e-10,169.2620125659887,-4.271223647611071e-11,1
0.17691870033740997,-2.3930513126657615e-10,169.28212756629364,-4.2337552807755945e-11,1
0.17709143459796906,-2.3976293173078034e-10,169.3021975665979,-4.2459961543618806e-11,1
0.17778703570365906,-2.408600263681393e-10,169.32231256690284,-4.2821790107496644e-11,1
0.17790275812149048,-2.409427657390495e-10,169.34242756720778,-4.2864382574397065e-11,1
0.17743831872940063,-2.4005630816503754e-10,169.36254256751272,-4.259518772119115e-11,1
0.1767355352640152,-2.3908525159654914e-10,169.38265756781766,-4.2254859914647857e-11,1
0.17708730697631836,-2.3976720608942514e-10,169.4027725681226,-4.245972882761222e-11,1
0.17772667109966278,-2.408245269869269e-10,169.42284256842686,-4.280094150053742e-11,1
0.17772532999515533,-2.407838373130744e-10,169.4429575687318,-4.2793386943965944e-11,1
0.17718617618083954,-2.398381215851231e-10,169.46307256903674,-4.249599966606323e-11,1
0.17658570408821106,-2.390642406258081e-10,169.48318756934168,-4.2215327253221836e-11,1
0.1770811825990677,-2.3996343800902764e-10,169.50330256964662,-4.2493009383176683e-11,1
0.177637979388237,-2.4083487981663154e-10,169.52341756995156,-4.278142141683533e-11,1
0.17755229771137238,-2.40505060311591e-10,169.54348757025582,-4.270222606953518e-11,1
0.1769600808620453,-2.3934845772011215e-10,169.56360257056076,-4.2355122432356874e-11,1
0.17646154761314392,-2.3871585264068074e-10,169.5837175708657,-4.212416879676573e-11,1
0.17707198858261108,-2.397987086677489e-10,169.60383257117064,-4.246163420334051e-11,1
0.17752300202846527,-2.404934307254081e-10,169.62394757147558,-4.269311579049919e-11,1
0.1773950159549713,-2.4009064181207407e-10,169.64406257178052,-4.259088323489218e-11,1
0.17669546604156494,-2.3896398748668446e-10,169.66413257208478,-4.2223853136110403e-11,1
0.17634044587612152,-2.3867344212114006e-10,169.68424757238972,-4.208778120243052e-11,1
0.17703865468502045,-2.398651277601971e-10,169.70436257269466,-4.2465399524515843e-11,1
0.17742376029491425,-2.40430397813185e-10,169.7244775729996,-4.2658065269217406e-11,1
0.17719921469688416,-2.399583864942656e-10,169.74459257330454,-4.2520437646715277e-11,1
0.1764669567346573,-2.3881055466468126e-10,169.7646625736088,-4.214217181779182e-11,1
0.17627070844173431,-2.3875279531182514e-10,169.78477757391374,-4.20851243720598e-11,1
0.17701181769371033,-2.399450638179701e-10,169.80489257421868,-4.247311189305221e-11,1
0.1772747039794922,-2.403238441583966e-10,169.82500757452362,-4.260333833239337e-11,1
0.17698347568511963,-2.3967733353558174e-10,169.84512257482857,-4.241892753206894e-11,1
0.17619216442108154,-2.3854926367583573e-10,169.8652375751335,-4.2030511088100784e-11,1
0.17622807621955872,-2.3878404808996834e-10,169.88530757543776,-4.2080453426813714e-11,1
0.17694592475891113,-2.3993004805156204e-10,169.9054225757427,-4.245464422993363e-11,1
0.17713941633701324,-2.401645549099385e-10,169.92553757604765,-4.254260908158507e-11,1
0.17674970626831055,-2.3935858850521186e-10,169.9456525763526,-4.230656021109361e-11,1
0.17598523199558258,-2.382284369772947e-10,169.96576757665753,-4.192468674939423e-11,1
0.17621669173240662,-2.386813247046149e-10,169.98588257696247,-4.205963341775557e-11,1
0.1770515739917755,-2.397353426886184e-10,169.99924757716508,-4.244551976447758e-11,1
0.176197350025177,-2.386840169954496e-10,170.01931757746934,-4.205549128796253e-11,1
0.1768731027841568,-2.3979085383984966e-10,170.03943257777428,-4.241255233791645e-11,1
0.17695127427577972,-2.3980098462494936e-10,170.05954757807922,-4.243308980197145e-11,1
0.1764577478170395,-2.3892279821247087e-10,170.07961757838348,-4.21597788747176e-11,1
0.17576758563518524,-2.380856622963279e-10,170.09973257868842,-4.1847742036179605e-11,1
0.17616763710975647,-2.3878976573854516e-10,170.11984757899336,-4.206702879615178e-11,1
0.17680220305919647,-2.39775449495383e-10,170.1399625792983,-4.239282771029281e-11,1
0.17677883803844452,-2.3956478467646036e-10,170.16007757960324,-4.234998427003482e-11,1
0.17619888484477997,-2.385230624124546e-10,170.1801475799075,-4.202749760683635e-11,1
0.17563995718955994,-2.378162666794026e-10,170.20026258021244,-4.177003889855124e-11,1
0.17616495490074158,-2.3878901633800353e-10,170.22037758051738,-4.2066256293976836e-11,1
0.1767209768295288,-2.396522147396496e-10,170.24049258082232,-4.235157348815088e-11,1
0.17663705348968506,-2.3931467918458793e-10,170.26060758112726,-4.227183978799488e-11,1
0.17596568167209625,-2.382560260194566e-10,170.2807225814322,-4.1924884030998384e-11,1
0.17548684775829315,-2.3776680624365554e-10,170.30079258173646,-4.1724947329255965e-11,1
0.17614655196666718,-2.3882934518937304e-10,170.3209075820414,-4.206896566356499e-11,1
0.17656731605529785,-2.3947097083087954e-10,170.34102258234634,-4.228274659276492e-11,1
0.17642590403556824,-2.3901788881453e-10,170.36113758265128,-4.216894711477639e-11,1
0.17569094896316528,-2.3785209912752237e-10,170.38125258295622,-4.178846100859526e-11,1
0.17541925609111786,-2.3764948342552827e-10,170.40136758326116,-4.1688295592944613e-11,1
0.17611593008041382,-2.3884139110919023e-10,170.42143758356542,-4.2063773736894917e-11,1
0.17645849287509918,-2.3930887826928426e-10,170.44155258387036,-4.2228083991028475e-11,1
0.17623968422412872,-2.3873930610207594e-10,170.4616675841753,-4.207533991931747e-11,1
0.17544721066951752,-2.3759244571763816e-10,170.48178258448024,-4.1684931877308367e-11,1
0.175334170460701,-2.376166763351506e-10,170.50189758478518,-4.166232283285251e-11,1
0.1760936826467514,-2.3874963117620496e-10,170.52201258509012,-4.204230178437158e-11,1
0.17633560299873352,-2.391377373900383e-10,170.54208258539438,-4.2168497122425186e-11,1
0.17597870528697968,-2.3849427988054117e-10,170.56219758569932,-4.19699145917282e-11,1
0.17522190511226654,-2.372740892653269e-10,170.58231258600426,-4.157561795484857e-11,1
0.17528818547725677,-2.375879493143884e-10,170.6024275863092,-4.16463605265816e-11,1
0.1760028600692749,-2.3878357624518287e-10,170.62254258661414,-4.2026592356721956e-11,1
0.17618334293365479,-2.3892671174863267e-10,170.64265758691909,-4.2094906792019835e-11,1
0.17576220631599426,-2.38123493145892e-10,170.66272758722334,-4.185311053099351e-11,1
0.17501573264598846,-2.37127928404135e-10,170.68284258752828,-4.1501118120475184e-11,1
0.17527440190315247,-2.3768137458191063e-10,170.70295758783323,-4.165946077336353e-11,1
0.1759415566921234,-2.388102215977739e-10,170.72307258813817,-4.201664214190329e-11,1
0.17602241039276123,-2.3881191468788643e-10,170.7431875884431,-4.203624885387223e-11,1
0.1755363792181015,-2.378512387046783e-10,170.76325758874736,-4.175154523475959e-11,1
0.17484714090824127,-2.369887341924226e-10,170.7833725890523,-4.143680260100825e-11,1
0.17525599896907806,-2.3772508961350525e-10,170.80348758935725,-4.1662748060228466e-11,1
0.17586453258991241,-2.3874549559543823e-10,170.8236025896622,-4.198686499083874e-11,1
0.1758652925491333,-2.3854607178463993e-10,170.84371758996713,-4.1951974700852255e-11,1
0.17526903748512268,-2.375072916116494e-10,170.86383259027207,-4.1627674396472144e-11,1
0.17469145357608795,-2.368379659056785e-10,170.88390259057633,-4.137356852606694e-11,1
0.1752307116985321,-2.377997798674869e-10,170.90401759088127,-4.1669824667933997e-11,1
0.17574840784072876,-2.3860236009198843e-10,170.9241325911862,-4.1933984893207206e-11,1
0.17567867040634155,-2.3832111284427526e-10,170.94424759149115,-4.1867936234241966e-11,1
0.17500117421150208,-2.371816076873756e-10,170.9643625917961,-4.150705984666256e-11,1
0.17457889020442963,-2.3674109894677997e-10,170.98447759210103,-4.132999831990591e-11,1
0.17520955204963684,-2.3791799086403387e-10,171.0045475924053,-4.1685504603836964e-11,1
0.1756361424922943,-2.3856278064116054e-10,171.02466259271023,-4.1900246534048824e-11,1
0.175459086894989,-2.3807161797506637e-10,171.04477759301517,-4.17718287055178e-11,1
0.1747317910194397,-2.369087981346496e-10,171.0648925933201,-4.139549860633022e-11,1
0.17445166409015656,-2.366857543290024e-10,171.08500759362505,-4.1290223709128446e-11,1
0.17517629265785217,-2.3792190440019567e-10,171.10512259393,-4.1678277154922204e-11,1
0.17551524937152863,-2.383927499849392e-10,171.12519259423425,-4.184156296197108e-11,1
0.17527171969413757,-2.377641139528208e-10,171.1453075945392,-4.1673325134063795e-11,1
0.17448998987674713,-2.366056517377757e-10,171.16542259484413,-4.128531777650564e-11,1
0.17439226806163788,-2.3669363691247725e-10,171.18553759514907,-4.127754017692472e-11,1
0.1751280128955841,-2.3790200365247927e-10,171.205652595454,-4.1663305163536686e-11,1
0.17537124454975128,-2.3818874650416433e-10,171.22572259575827,-4.177145691218052e-11,1
0.17505903542041779,-2.375474261739896e-10,171.2458375960632,-4.1584823292621526e-11,1
0.17426083981990814,-2.36348995930058e-10,171.26595259636815,-4.1186374521363955e-11,1
0.1743731051683426,-2.3666998916205273e-10,171.2860675966731,-4.126888091034512e-11,1
0.1750785857439041,-2.378271468650439e-10,171.30618259697803,-4.163844052463967e-11,1
0.17524029314517975,-2.380295682780087e-10,171.32629759728297,-4.171237132225882e-11,1
0.17481781542301178,-2.371536578227307e-10,171.34636759758723,-4.1458684380146226e-11,1
0.1740604192018509,-2.361195405864436e-10,171.36648259789217,-4.1099066216224814e-11,1
0.17431792616844177,-2.3671425930515966e-10,171.3865975981971,-4.12635387765742e-11,1
0.17498163878917694,-2.377736896264082e-10,171.40671259850205,-4.160602987177803e-11,1
0.17506669461727142,-2.377671115549873e-10,171.426827598807,-4.162510230862767e-11,1
0.17454823851585388,-2.368144569331321e-10,171.44694259911194,-4.1335546312766745e-11,1
0.17388570308685303,-2.3591417708246354e-10,171.4670125994162,-4.102210255014052e-11,1
0.17428076267242432,-2.366461748781745e-10,171.48712759972113,-4.1242875841280155e-11,1
0.17489542067050934,-2.3764235024259506e-10,171.50724260002607,-4.156255881480718e-11,1
0.17489466071128845,-2.3748908395404555e-10,171.52735760033102,-4.1535572760777496e-11,1
0.17430031299591064,-2.364165252455308e-10,171.54747260063596,-4.120747434770163e-11,1
0.17374810576438904,-2.3576290919535836e-10,171.5675876009409,-4.0963358882195173e-11,1
0.17430394887924194,-2.36785868690248e-10,171.58765760124516,-4.127271195151188e-11,1
0.17483371496200562,-2.3757518174960524e-10,171.6077726015501,-4.153615160805716e-11,1
0.17474481463432312,-2.3727914078008894e-10,171.62788760185504,-4.14632994722081e-11,1
0.17408187687397003,-2.3616475441912144e-10,171.64800260215998,-4.111200370076087e-11,1
0.17365269362926483,-2.356985440155057e-10,171.66811760246492,-4.0929687052788406e-11,1
0.17431393265724182,-2.367191165308924e-10,171.68818760276918,-4.1263440137647756e-11,1
0.17475056648254395,-2.373603813499159e-10,171.70830260307412,-4.147886110141046e-11,1
0.17457160353660583,-2.3693957906800733e-10,171.72841760337906,-4.136292225919045e-11,1
0.1738458275794983,-2.3577248486894575e-10,171.748532603684,-4.098806275251661e-11,1
0.173575296998024,-2.355743655702014e-10,171.76864760398894,-4.0889890468968783e-11,1
0.17428956925868988,-2.3683677241592704e-10,171.78876260429388,-4.127817904899029e-11,1
0.17461079359054565,-2.372852747623e-10,171.80883260459814,-4.1432570133595876e-11,1
0.1743777096271515,-2.366990770052979e-10,171.82894760490308,-4.127504291904461e-11,1
0.17363698780536652,-2.354443584540178e-10,171.84906260520802,-4.088184919772263e-11,1
0.17353926599025726,-2.3555879469228103e-10,171.86917760551296,-4.087870032844816e-11,1
0.17426735162734985,-2.3676399729666286e-10,171.8892926058179,-4.126023476959446e-11,1
0.17451488971710205,-2.3709942342797774e-10,171.90940760612284,-4.137737973152202e-11,1
0.1741941124200821,-2.363195750199054e-10,171.9294776064271,-4.116547861808343e-11,1
0.17343007028102875,-2.351657479859881e-10,171.94959260673204,-4.078481220090061e-11,1
0.17352242767810822,-2.3553553551991513e-10,171.96970760703698,-4.087069792787896e-11,1
0.1742558479309082,-2.367412932358093e-10,171.98982260734192,-4.125355479306573e-11,1
0.17441372573375702,-2.368061857715986e-10,172.00993760764686,-4.1302249137224716e-11,1
0.17398492991924286,-2.3593513254205334e-10,172.0300526079518,-4.1049157500816425e-11,1
0.17326697707176208,-2.349373751098227e-10,172.05012260825606,-4.070688878645362e-11,1
0.17354042828083038,-2.355302897161238e-10,172.070237608561,-4.087402735044418e-11,1
0.17421254515647888,-2.366484230797994e-10,172.09035260886594,-4.122712409199907e-11,1
0.17428037524223328,-2.3668350612737754e-10,172.11046760917088,-4.1249290261526777e-11,1
0.17377379536628723,-2.3571919416376375e-10,172.13058260947582,-4.096181901052001e-11,1
0.17309877276420593,-2.348856664724508e-10,172.15065260978008,-4.0658420606283824e-11,1
0.173502117395401,-2.356647932355571e-10,172.17076761008502,-4.0888340621918534e-11,1
0.17412249743938446,-2.3662027892612514e-10,172.19088261038996,-4.120091391142066e-11,1
0.17411522567272186,-2.3644486368823436e-10,172.2109976106949,-4.1168650800232885e-11,1
0.17351512610912323,-2.3540963622892264e-10,172.23111261099984,-4.0847132717564336e-11,1
0.1729545146226883,-2.347455285711675e-10,172.25122761130478,-4.060029895387268e-11,1
0.17351968586444855,-2.3573007434940507e-10,172.27129761160904,-4.090380844991187e-11,1
0.17402096092700958,-2.365131424042488e-10,172.29141261191398,-4.1158244313054036e-11,1
0.1739274561405182,-2.3614826760720575e-10,172.31152761221892,-4.107266745691163e-11,1
0.17326720058918,-2.3502449986168017e-10,172.33164261252386,-4.0722037160905443e-11,1
0.1728399395942688,-2.3459148512650074e-10,172.3517576128288,-4.0546778118594196e-11,1
0.17352433502674103,-2.357681549991497e-10,172.37187261313375,-4.091151231670906e-11,1
0.17391912639141083,-2.3637164447976033e-10,172.391942613438,-4.110954991162106e-11,1
0.17375577986240387,-2.359137607488293e-10,172.41205761374295,-4.09913794791854e-11,1
0.17302808165550232,-2.3474758248376304e-10,172.4321726140479,-4.061792387043232e-11,1
0.17277401685714722,-2.3454102549003153e-10,172.45228761435283,-4.05225950917073e-11,1
0.17349635064601898,-2.3569254881117274e-10,172.47240261465777,-4.089179709319717e-11,1
0.17382743954658508,-2.362261219968076e-10,172.4925176149627,-4.1062581940724304e-11,1
0.17357999086380005,-2.3565563389560396e-10,172.51258761526697,-4.0905102778601944e-11,1
0.1727958768606186,-2.3444740593348e-10,172.5327026155719,-4.051154508597307e-11,1
0.17272305488586426,-2.345400818004606e-10,172.55281761587685,-4.051047942175605e-11,1
0.17347106337547302,-2.356977946149641e-10,172.5729326161818,-4.088674706711166e-11,1
0.17372052371501923,-2.3594282083649887e-10,172.59304761648673,-4.0988110402515534e-11,1
0.17337912321090698,-2.352472383559956e-10,172.613117616791,-4.078695992394976e-11,1
0.17260964214801788,-2.3416957262156757e-10,172.63323261709593,-4.0419926132163064e-11,1
0.17271502315998077,-2.345237615219986e-10,172.65334761740087,-4.05057769028378e-11,1
0.17344041168689728,-2.356977946149641e-10,172.6734626177058,-4.087952253171313e-11,1
0.17357566952705383,-2.3580831731706553e-10,172.69357761801075,-4.093058655835761e-11,1
0.17313309013843536,-2.349398731116281e-10,172.7136926183157,-4.067586622854808e-11,1
0.17241781949996948,-2.339622384717188e-10,172.73376261861995,-4.033925900262563e-11,1
0.17267821729183197,-2.3457141784533064e-10,172.7538776189249,-4.0505374261149116e-11,1
0.17336300015449524,-2.3565277507131555e-10,172.77399261922983,-4.085347208109571e-11,1
0.17342929542064667,-2.356113082413458e-10,172.79410761953477,-4.08619031814334e-11,1
0.1729188859462738,-2.3465734910743663e-10,172.8142226198397,-4.057668738676379e-11,1
0.17224980890750885,-2.3375756885712917e-10,172.83433762014465,-4.026469656632434e-11,1
0.1727035641670227,-2.3452387254430107e-10,172.8544076204489,-4.0503108670653354e-11,1
0.17329518496990204,-2.355353412308858e-10,172.87452262075385,-4.081714052555535e-11,1
0.173292875289917,-2.353475470062705e-10,172.8946376210588,-4.0784053113145506e-11,1
0.17268052697181702,-2.342665506027686e-10,172.91475262136373,-4.0453271409955915e-11,1
0.17213331162929535,-2.336181803563875e-10,172.93486762166867,-4.021347104155497e-11,1
0.17271201312541962,-2.346530747487918e-10,172.95493762197293,-4.0527404925933404e-11,1
0.1732177734375,-2.354347827804304e-10,172.97505262227787,-4.078148886296762e-11,1
0.17310473322868347,-2.3512727875818484e-10,172.9951676225828,-4.070164486422188e-11,1
0.1724252998828888,-2.3397669912661456e-10,173.01528262288775,-4.034350251251496e-11,1
0.17203521728515625,-2.335585058688139e-10,173.0353976231927,-4.018028830593784e-11,1
0.1726912558078766,-2.346940974895517e-10,173.05551262349763,-4.05296184261669e-11,1
0.17310646176338196,-2.3528520798343777e-10,173.0755826238019,-4.072938985927434e-11,1
0.1729564219713211,-2.348794492235129e-10,173.09569762410683,-4.0623909132293385e-11,1
0.17220190167427063,-2.337159077381301e-10,173.11581262441177,-4.024632376403439e-11,1
0.1719440072774887,-2.335814042186968e-10,173.13592762471671,-4.016292266686563e-11,1
0.172676682472229,-2.348331251678104e-10,173.15604262502166,-4.055020498856321e-11,1
0.17299167811870575,-2.352983918818552e-10,173.1761576253266,-4.070466367027498e-11,1
0.17272929847240448,-2.3470872467790116e-10,173.19622762563085,-4.0541073358966596e-11,1
0.17193710803985596,-2.3353732836461916e-10,173.2163426259358,-4.015373285836684e-11,1
0.17186354100704193,-2.3365046009082846e-10,173.23645762624074,-4.015599542913431e-11,1
0.1726107895374298,-2.3487869982297127e-10,173.25657262654568,-4.0542597821968046e-11,1
0.17285564541816711,-2.3510760005507336e-10,173.27668762685062,-4.063967595023601e-11,1
0.17248432338237762,-2.3437835006134833e-10,173.29680262715556,-4.042659112580971e-11,1
0.17171654105186462,-2.332902204749132e-10,173.31687262745982,-4.0059789721178984e-11,1
0.171836718916893,-2.336630056110067e-10,173.33698762776476,-4.0151884216454956e-11,1
0.17255368828773499,-2.3486690370333463e-10,173.3571026280697,-4.052715049073067e-11,1
0.17271271347999573,-2.3499163726015126e-10,173.37721762837464,-4.0586043316307594e-11,1
0.17226475477218628,-2.3410878791096934e-10,173.39733262867958,-4.03286929394969e-11,1
0.1715560108423233,-2.3312834995792286e-10,173.41740262898384,-3.9994569733034356e-11,1
0.17180682718753815,-2.337159077381301e-10,173.43751762928878,-4.015398857174353e-11,1
0.1724785715341568,-2.347691485660164e-10,173.45763262959372,-4.049264738495674e-11,1
0.1725418120622635,-2.347065042318519e-10,173.47774762989866,-4.049668554296304e-11,1
0.1719953715801239,-2.3369059465316866e-10,173.4978626302036,-4.019370066215186e-11,1
0.1713661551475525,-2.3276944260963717e-10,173.51797763050854,-3.98888044158524e-11,1
0.1718156337738037,-2.3360480216894075e-10,173.5380476308128,-4.013695713726059e-11,1
0.1724008023738861,-2.346203786807166e-10,173.55816263111774,-4.0448741537820546e-11,1
0.17237818241119385,-2.344563987399795e-10,173.57827763142268,-4.041516786947178e-11,1
0.17178307473659515,-2.3339455368365236e-10,173.59839263172762,-4.0093234058553123e-11,1
0.1712450534105301,-2.327174841720847e-10,173.61850763203256,-3.985171800661284e-11,1
0.1717972606420517,-2.337446347588923e-10,173.6386226323375,-4.0156687941354595e-11,1
0.17231106758117676,-2.3458632258943624e-10,173.65869263264176,-4.042181968532808e-11,1
0.17219731211662292,-2.342509797248482e-10,173.6788076329467,-4.0337389069304395e-11,1
0.17153821885585785,-2.331009274492146e-10,173.69892263325164,-3.998571790828682e-11,1
0.17111170291900635,-2.3264150328383693e-10,173.71903763355658,-3.9807683796534944e-11,1
0.1717907339334488,-2.33841057628581e-10,173.73915263386152,-4.017172691378782e-11,1
0.17221494019031525,-2.3446916630476267e-10,173.75926763416646,-4.037909345164778e-11,1
0.17201149463653564,-2.339836657760941e-10,173.77933763447072,-4.0247880070681557e-11,1
0.17128874361515045,-2.328409132168474e-10,173.79945263477566,-3.988302748711807e-11,1
0.17106495797634125,-2.3271484739240123e-10,173.8195676350806,-3.980935558965178e-11,1
0.17177808284759521,-2.338521321032516e-10,173.83968263538554,-4.017067092251914e-11,1
0.17207889258861542,-2.3433915918857906e-10,173.85979763569048,-4.0324823003317946e-11,1
0.17183099687099457,-2.3371724000575966e-10,173.87986763599474,-4.0159866336127175e-11,1
0.1710645854473114,-2.3251729708295699e-10,173.89998263629968,-3.9775475034825385e-11,1
0.17098373174667358,-2.3262010373503728e-10,173.92009763660462,-3.9774253415914995e-11,1
0.17173287272453308,-2.3384574832086e-10,173.94021263690956,-4.015900213355945e-11,1
0.1719624102115631,-2.3409676974672777e-10,173.9603276372145,-4.025584474838864e-11,1
0.17159223556518555,-2.333024329281841e-10,173.98044263751945,-4.0032886028943865e-11,1
0.17084242403507233,-2.3220061984297047e-10,174.0005126378237,-3.966971675641939e-11,1
0.17095498740673065,-2.3253060588146468e-10,174.02062763812864,-3.975226680014524e-11,1
0.17167118191719055,-2.337024185283809e-10,174.04074263843358,-4.0119970405673084e-11,1
0.17184437811374664,-2.338451654537721e-10,174.06085763873853,-4.0184977032309656e-11,1
0.17139871418476105,-2.329337833728573e-10,174.08097263904347,-3.9924550960299415e-11,1
0.17067600786685944,-2.319591740906901e-10,174.1010876393484,-3.958986582189284e-11,1
0.1709737628698349,-2.3256764569712374e-10,174.12115763965267,-3.976296550661581e-11,1
0.17162902653217316,-2.336630056110067e-10,174.1412726399576,-4.01033541895988e-11,1
0.1716707944869995,-2.3368609824991893e-10,174.16138764026255,-4.011707814713061e-11,1
0.17117340862751007,-2.326810827346648e-10,174.1815026405675,-3.982881405483226e-11,1
0.1705372929573059,-2.3189800080203327e-10,174.20161764087243,-3.954725729898991e-11,1
0.17096532881259918,-2.3268315052504818e-10,174.22173264117737,-3.978075133866637e-11,1
0.17155753076076508,-2.335938942277238e-10,174.24180264148163,-4.007479169449963e-11,1
0.17152978479862213,-2.3342455746089286e-10,174.26191764178657,-4.003926410798056e-11,1
0.1709289252758026,-2.323949782612189e-10,174.2820326420915,-3.972302387368366e-11,1
0.17037060856819153,-2.3170326768351401e-10,174.30214764239645,-3.947542672247887e-11,1
0.1709756702184677,-2.3276588989595837e-10,174.3222626427014,-3.9797304028959544e-11,1
0.17146578431129456,-2.3358365242032164e-10,174.34237764300633,-4.005160416454727e-11,1
0.17135129868984222,-2.3322141440296207e-10,174.3624476433106,-3.9962792240229425e-11,1
0.17068558931350708,-2.3207098742705767e-10,174.38256264361553,-3.961117325155483e-11,1
0.17025142908096313,-2.3163329587738701e-10,174.40267764392047,-3.9435899645858706e-11,1
0.1709507703781128,-2.3278276528593267e-10,174.4227926442254,-3.97943930563776e-11,1
0.17133931815624237,-2.3339699617430654e-10,174.44290764453035,-3.999008218422079e-11,1
0.17116734385490417,-2.3291962802929334e-10,174.4629776448346,-3.986823406144643e-11,1
0.17044685781002045,-2.3178413355307015e-10,174.48309264513955,-3.950687725433894e-11,1
0.170202374458313,-2.3157588346922608e-10,174.5032076454445,-3.941476523374387e-11,1
0.17092739045619965,-2.328069542700817e-10,174.52332264574943,-3.979308517344087e-11,1
0.17123393714427948,-2.332465331988942e-10,174.54343764605437,-3.993972220490055e-11,1
0.17096839845180511,-2.3261916004546634e-10,174.5635526463593,-3.9770525242177514e-11,1
0.1702033430337906,-2.3146504157800507e-10,174.58362264666357,-3.93961238720318e-11,1
0.1701391488313675,-2.3156743189645113e-10,174.6037376469685,-3.9398685759927854e-11,1
0.17088869214057922,-2.327506937183088e-10,174.62385264727345,-3.977446164433432e-11,1
0.17110098898410797,-2.330694248708909e-10,174.6439676475784,-3.987840909736668e-11,1
0.17076721787452698,-2.3233230617147882e-10,174.66408264788333,-3.967474154727623e-11,1
0.16998893022537231,-2.312535718473896e-10,174.68419764818827,-3.931054728913403e-11,1
0.17013345658779144,-2.316320191209087e-10,174.70426764849253,-3.9408356069449597e-11,1
0.17084231972694397,-2.328105208615483e-10,174.72438264879747,-3.9773889440824993e-11,1
0.170992910861969,-2.329107184895207e-10,174.7444976491024,-3.982608172547577e-11,1
0.1705399751663208,-2.3201414400819687e-10,174.76461264940735,-3.956768635739307e-11,1
0.1698218584060669,-2.3102694757248798e-10,174.7847276497123,-3.9233425578640894e-11,1
0.17015407979488373,-2.3166217555381508e-10,174.80484265001724,-3.941826430464021e-11,1
0.1708078533411026,-2.3269250415403064e-10,174.8249126503215,-3.9745707123115574e-11,1
0.17085151374340057,-2.3262217152542064e-10,174.84502765062643,-3.974385013539509e-11,1
0.17030929028987885,-2.316462299756239e-10,174.86514265093138,-3.9451505025474565e-11,1
0.16968697309494019,-2.308314650534271e-10,174.88525765123632,-3.916909259998651e-11,1
0.17012611031532288,-2.3164041518253242e-10,174.90537265154126,-3.94080828268307e-11,1
0.17070108652114868,-2.325730857899444e-10,174.92544265184551,-3.9700478439919834e-11,1
0.1707078218460083,-2.3234938972827024e-10,174.94555765215046,-3.966385822776231e-11,1
0.17009852826595306,-2.3129634318941328e-10,174.9656726524554,-3.9343167569815995e-11,1
0.16953560709953308,-2.3061645648692064e-10,174.98578765276034,-3.9097700957653145e-11,1
0.1700858771800995,-2.3162896600759098e-10,175.00590265306528,-3.939681586372056e-11,1
0.17060589790344238,-2.3244937918942554e-10,175.02601765337022,-3.96572350537097e-11,1
0.1704963743686676,-2.3212277933115644e-10,175.04608765367448,-3.9576092284340466e-11,1
0.1698283702135086,-2.3102206259117963e-10,175.06620265397942,-3.923410037322321e-11,1
0.16943061351776123,-2.3061458298556659e-10,175.08631765428436,-3.907317028138721e-11,1
0.17010121047496796,-2.3178374497501153e-10,175.1064326545893,-3.942669558867073e-11,1
0.17051085829734802,-2.3238445889806059e-10,175.12654765489424,-3.9624073541673104e-11,1
0.17032960057258606,-2.3190308007237093e-10,175.14666265519918,-3.949995900027938e-11,1
0.16959232091903687,-2.3077310895569525e-10,175.16673265550344,-3.913734715349813e-11,1
0.16932332515716553,-2.3065716003856096e-10,175.18684765580838,-3.9055637309037624e-11,1
0.17007514834403992,-2.3186066955283025e-10,175.20696265611332,-3.9433737769346023e-11,1
0.17035987973213196,-2.3223908907077373e-10,175.22707765641826,-3.9564223283196894e-11,1
0.1700969934463501,-2.3159089923563414e-10,175.2471926567232,-3.9392915669517986e-11,1
0.16932369768619537,-2.3040802599183507e-10,175.26730765702814,-3.901353893751453e-11,1
0.16930773854255676,-2.3058695231004123e-10,175.2873776573324,-3.9040155433033465e-11,1
0.17002113163471222,-2.318025216219155e-10,175.30749265763734,-3.941132704193792e-11,1
0.17025794088840485,-2.3209743849061937e-10,175.32760765794228,-3.951643196288605e-11,1
0.16990309953689575,-2.3134268112290357e-10,175.34772265824722,-3.930583857795702e-11,1
0.1691332459449768,-2.3022511674852808e-10,175.36783765855216,-3.89387212937398e-11,1
0.16925780475139618,-2.3062962650755026e-10,175.38790765885642,-3.9035864293302366e-11,1
0.16996480524539948,-2.3175768248950845e-10,175.40802265916136,-3.939064936845443e-11,1
0.17012383043766022,-2.3184698605405174e-10,175.4281376594663,-3.944269734294207e-11,1
0.16966858506202698,-2.310175661879299e-10,175.44825265977124,-3.919642357957923e-11,1
0.16894856095314026,-2.3001105187159254e-10,175.46836766007618,-3.886003621702366e-11,1
0.16924706101417542,-2.3060613141279163e-10,175.48848266038112,-3.90294099934637e-11,1
0.16990646719932556,-2.316416086722839e-10,175.50855266068538,-3.935740738587641e-11,1
0.16996939480304718,-2.3157176176624716e-10,175.52866766099032,-3.936011220088445e-11,1
0.16945359110832214,-2.30658672717432e-10,175.54878266129526,-3.9085940412248025e-11,1
0.1687902808189392,-2.2984764092015553e-10,175.5688976616002,-3.8796047856483754e-11,1
0.16924935579299927,-2.3062902976267452e-10,175.58901266190514,-3.903381471449712e-11,1
0.16985788941383362,-2.316132147184291e-10,175.60912766221008,-3.934133181242543e-11,1
0.16979701817035675,-2.314180513884878e-10,175.62919766251434,-3.929409507655962e-11,1
0.16920988261699677,-2.3038983221201903e-10,175.64931266281928,-3.898423646474532e-11,1
0.16866843402385712,-2.2973808966320064e-10,175.66942766312422,-3.874956381912453e-11,1
0.16927963495254517,-2.3079074762399898e-10,175.68954266342917,-3.906817350821553e-11,1
0.16976667940616608,-2.3146949634789138e-10,175.7096576637341,-3.9295807778799205e-11,1
0.16964876651763916,-2.3114765657084035e-10,175.72972766403836,-3.9213914820685936e-11,1
0.16898801922798157,-2.3005737592729503e-10,175.7498426643433,-3.8876940266740716e-11,1
0.16859562695026398,-2.296273865498577e-10,175.76995766464825,-3.8714173200323873e-11,1
0.1692635416984558,-2.3073672139606316e-10,175.7900726649532,-3.905531466338752e-11,1
0.16966666281223297,-2.3113162772592233e-10,175.81018766525813,-3.921533194661662e-11,1
0.16947659850120544,-2.3063034815251626e-10,175.83030266556307,-3.908644691603723e-11,1
0.16874969005584717,-2.2948379307941025e-10,175.85037266586733,-3.8725318954990645e-11,1
0.1685553938150406,-2.293347317605665e-10,175.87048766617227,-3.8655606027368985e-11,1
0.16927121579647064,-2.305551166648101e-10,175.8906026664772,-3.9026344905949535e-11,1
0.16960228979587555,-2.3099035184603878e-10,175.91071766678215,-3.9176492593843125e-11,1
0.16931335628032684,-2.3043092434171797e-10,175.9308326670871,-3.9015033191074334e-11,1
0.1685500144958496,-2.292341733101111e-10,175.95094766739203,-3.8637423234363326e-11,1
0.16852617263793945,-2.293736034442162e-10,175.9710176676963,-3.865545549262624e-11,1
0.16927312314510345,-2.3054928799393082e-10,175.99113266800123,-3.902579801761257e-11,1
0.16949692368507385,-2.308079977142441e-10,176.01124766830617,-3.912124557447593e-11,1
0.16916927695274353,-2.3001742177619633e-10,176.0313626686111,-3.891188092841338e-11,1
0.16839635372161865,-2.2897696239088106e-10,176.05147766891605,-3.855888555287658e-11,1
0.16853469610214233,-2.2939231070218113e-10,176.071592669221,-3.866056337236031e-11,1
0.16924665868282318,-2.3053636777348174e-10,176.09166266952525,-3.901750995053626e-11,1
0.16937197744846344,-2.30635205378249e-10,176.1117776698302,-3.906314080414652e-11,1
0.16895084083080292,-2.2972401758636352e-10,176.13189267013513,-3.881206593024627e-11,1
0.16822659969329834,-2.286689032571232e-10,176.15200767044007,-3.846819205054163e-11,1
0.16852396726608276,-2.2929608212152175e-10,176.172122670745,-3.8641885437688356e-11,1
0.16919444501399994,-2.3037054208696617e-10,176.19219267104927,-3.8977416015978556e-11,1
0.16926047205924988,-2.30382324328815e-10,176.2123076713542,-3.8994620970002435e-11,1
0.16874238848686218,-2.2943791311291761e-10,176.23242267165915,-3.8715901468114875e-11,1
0.16809900104999542,-2.2858373527334663e-10,176.2525376719641,-3.842469755572617e-11,1
0.16853469610214233,-2.2948705435954508e-10,176.27265267226903,-3.867653096586175e-11,1
0.16918537020683289,-2.3041966945580583e-10,176.29276767257397,-3.8983637079816573e-11,1
0.16911914944648743,-2.3022236894654213e-10,176.31283767287823,-3.8935011219794625e-11,1
0.16852818429470062,-2.2922046205575697e-10,176.33295267318317,-3.863010827344904e-11,1
0.1679878681898117,-2.2859743264991295e-10,176.3530676734881,-3.8401595384522935e-11,1
0.16857914626598358,-2.2960319756570868e-10,176.37318267379305,-3.870631102556713e-11,1
0.16907384991645813,-2.3033805418570807e-10,176.393297674098,-3.894414160344341e-11,1
0.16897882521152496,-2.2997466431196045e-10,176.41341267440293,-3.886084860384989e-11,1
0.1682826727628708,-2.2887232387081013e-10,176.4334826747072,-3.851524638242932e-11,1
0.1679116040468216,-2.2844583169590038e-10,176.45359767501213,-3.835870603786887e-11,1
0.16860443353652954,-2.2967579227373136e-10,176.47371267531707,-3.8724356853366104e-11,1
0.16899453103542328,-2.3027088569271825e-10,176.49382767562201,-3.891452033875248e-11,1
0.16880255937576294,-2.2979566860481526e-10,176.51394267592696,-3.879009699395747e-11,1
0.16804879903793335,-2.2862388371347464e-10,176.5340576762319,-3.841996908943754e-11,1
0.16787327826023102,-2.284812200548103e-10,176.55412767653615,-3.8355891431498247e-11,1
0.16856878995895386,-2.2967804047535623e-10,176.5742426768411,-3.8716549363074426e-11,1
0.16888876259326935,-2.3014480599048426e-10,176.59435767714604,-3.886887150100093e-11,1
0.1686159372329712,-2.2954127487651022e-10,176.61447267745098,-3.8704317196953833e-11,1
0.16785605251789093,-2.283267047653581e-10,176.63458767775592,-3.832601934633093e-11,1
0.16781605780124664,-2.28478208574856e-10,176.65465767806018,-3.834231225652332e-11,1
0.16853661835193634,-2.2966621660014397e-10,176.67477267836512,-3.870716749547161e-11,1
0.16878990828990936,-2.299465062804984e-10,176.69488767867006,-3.881264970667039e-11,1
0.16840863227844238,-2.2919363629192446e-10,176.715002678975,-3.8598186814845774e-11,1
0.1676667481660843,-2.2808957500508598e-10,176.73511767927994,-3.8243037331686944e-11,1
0.16781733930110931,-2.2841563362963058e-10,176.75523267958488,-3.833210389050159e-11,1
0.16850580275058746,-2.2958382417392897e-10,176.77530267988914,-3.868620659097763e-11,1
0.16865311563014984,-2.297168844034303e-10,176.79541768019408,-3.8742468267489495e-11,1
0.16823044419288635,-2.288919609405582e-10,176.81553268049902,-3.85065962612109e-11,1
0.1675100177526474,-2.2790570819442024e-10,176.83564768080396,-3.817648922557701e-11,1
0.16779090464115143,-2.285625300135763e-10,176.8557626811089,-3.835071367804829e-11,1
0.1684592068195343,-2.2960280898765006e-10,176.87587768141384,-3.867870708559657e-11,1
0.16849812865257263,-2.2955692902115743e-10,176.8959476817181,-3.867991295929647e-11,1
0.16796641051769257,-2.2859779347239595e-10,176.91606268202304,-3.839675082182316e-11,1
0.16733528673648834,-2.2773986863011686e-10,176.93617768232798,-3.810891621855079e-11,1
0.16779819130897522,-2.2855708992075563e-10,176.95629268263292,-3.8351466299545605e-11,1
0.16838985681533813,-2.294705536698416e-10,176.97640768293786,-3.864051367580099e-11,1
0.1683657020330429,-2.2938594079757735e-10,176.9965226832428,-3.862072495889413e-11,1
0.1677684336900711,-2.283464112240452e-10,177.01659268354706,-3.8309319749806935e-11,1
0.16722874343395233,-2.2776369679178288e-10,177.036707683852,-3.808863681436157e-11,1
0.16779129207134247,-2.2897227169860201e-10,177.05682268415694,-3.8419553316818914e-11,1
0.16827909648418427,-2.2971950730532598e-10,177.07693768446188,-3.865699113413222e-11,1
0.16816183924674988,-2.2936642862791956e-10,177.09705268476682,-3.857068049952934e-11,1
0.1674884557723999,-2.282187355762133e-10,177.11712268507108,-3.822400359998963e-11,1
0.16709654033184052,-2.2780609343353575e-10,177.13723768537602,-3.8065610079255835e-11,1
0.16775411367416382,-2.2900489837773819e-10,177.15735268568096,-3.8416513754399425e-11,1
0.16814689338207245,-2.2958217271717984e-10,177.1774676859859,-3.860352911830018e-11,1
0.16794954240322113,-2.2910096042494388e-10,177.19758268629084,-3.84774014675078e-11,1
0.16720883548259735,-2.2779333974654037e-10,177.21769768659578,-3.808905906971067e-11,1
0.1670275777578354,-2.2746381167504381e-10,177.23776768690004,-3.7992729491647006e-11,1
0.16774260997772217,-2.2861994242173722e-10,177.25788268720498,-3.8349305834778766e-11,1
0.16807255148887634,-2.2904654561894944e-10,177.27799768750992,-3.8496437331890143e-11,1
0.1678108423948288,-2.2842050473315112e-10,177.29811268781486,-3.833143731952207e-11,1
0.1670578420162201,-2.2726109882853507e-10,177.3182276881198,-3.796574874452999e-11,1
0.16702374815940857,-2.2745565153581282e-10,177.33834268842475,-3.7990495459551793e-11,1
0.16775229573249817,-2.2867696625183953e-10,177.358412688729,-3.836108606988909e-11,1
0.16799399256706238,-2.2887715334096725e-10,177.37852768903394,-3.844998679713285e-11,1
0.16762766242027283,-2.2811490196783524e-10,177.39864268933889,-3.8238367780097915e-11,1
0.1668781191110611,-2.2698999624370941e-10,177.41875768964383,-3.787966363017705e-11,1
0.16703486442565918,-2.274014310188477e-10,177.43887268994877,-3.798396720043411e-11,1
0.16773226857185364,-2.285396455414812e-10,177.4589876902537,-3.833347320527996e-11,1
0.16785214841365814,-2.2875330796257032e-10,177.47905769055797,-3.83967341982486e-11,1
0.16741728782653809,-2.2794004184145678e-10,177.4991726908629,-3.8161103592164303e-11,1
0.16670186817646027,-2.269067017612869e-10,177.51928769116785,-3.7825771085365435e-11,1
0.1669926941394806,-2.2762036699930377e-10,177.5394026914728,-3.8010938326231056e-11,1
0.16764375567436218,-2.2863513859938678e-10,177.55951769177773,-3.832925331392953e-11,1
0.16769084334373474,-2.2855568826418704e-10,177.579587692082,-3.832669611602926e-11,1
0.1671605408191681,-2.2755039519317677e-10,177.59970269238693,-3.8037447124106856e-11,1
0.16653592884540558,-2.2674404021039152e-10,177.61981769269187,-3.776102934659754e-11,1
0.16698847711086273,-2.2757645767867984e-10,177.6399326929968,-3.800264609404745e-11,1
0.1675732582807541,-2.2849049041706593e-10,177.66004769330175,-3.8288895965355156e-11,1
0.16754142940044403,-2.2825596968090167e-10,177.6801626936067,-3.824233142952268e-11,1
0.16691236197948456,-2.2723421755355133e-10,177.70023269391095,-3.7928199974423304e-11,1
0.1664041131734848,-2.2656150566735533e-10,177.7203476942159,-3.7700766429825715e-11,1
0.16698810458183289,-2.2758660234156736e-10,177.74046269452083,-3.800425535323766e-11,1
0.16749468445777893,-2.2836817159532785e-10,177.76057769482577,-3.825045484155935e-11,1
0.16739046573638916,-2.2801302512753807e-10,177.7806926951307,-3.81672064700616e-11,1
0.16669419407844543,-2.2693671941631521e-10,177.80080769543565,-3.7829033549908965e-11,1
0.16632859408855438,-2.2657574427764615e-10,177.8208776957399,-3.7686025000268705e-11,1
0.16700419783592224,-2.2774306052131266e-10,177.84099269604485,-3.803404713505971e-11,1
0.16739697754383087,-2.2831471435669215e-10,177.8611076963498,-3.8219193112093356e-11,1
0.16720730066299438,-2.2786932063478815e-10,177.88122269665473,-3.810141400725329e-11,1
0.166448175907135,-2.2671159394249685e-10,177.90133769695967,-3.773573126872768e-11,1
0.16624930500984192,-2.2662548226914936e-10,177.9214526972646,-3.7676328924766333e-11,1
0.16698148846626282,-2.2786204867397686e-10,177.94152269756887,-3.8048744052552683e-11,1
0.16724906861782074,-2.2830701218445881e-10,177.9616376978738,-3.818413514676819e-11,1
0.1670149266719818,-2.2760329732030016e-10,177.98175269817875,-3.8013148012251205e-11,1
0.16622361540794373,-2.264506360205587e-10,178.0018676984837,-3.76414434307656e-11,1
0.16621136665344238,-2.2665831711510265e-10,178.02198269878863,-3.767318865107054e-11,1
0.16690610349178314,-2.2792596976461965e-10,178.04209769909357,-3.804223549799864e-11,1
0.16714203357696533,-2.282053851443422e-10,178.06216769939783,-3.814271214623995e-11,1
0.166778102517128,-2.2744757466330867e-10,178.08228269970277,-3.7933274924469417e-11,1
0.16600635647773743,-2.2633976637376207e-10,178.1023977000077,-3.7573839941730554e-11,1
0.16617649793624878,-2.2674781496867524e-10,178.12251270031265,-3.768015780619098e-11,1
0.16685743629932404,-2.2785674735903427e-10,178.1426277006176,-3.801959270783123e-11,1
0.1669933944940567,-2.2792202847288223e-10,178.16269770092185,-3.8061473214657647e-11,1
0.16655240952968597,-2.2709656377628562e-10,178.1828127012268,-3.782347989285237e-11,1
0.16583314538002014,-2.261044962370562e-10,178.20292770153173,-3.749561979555596e-11,1
0.16614697873592377,-2.2675099298208323e-10,178.22304270183668,-3.767399240934378e-11,1
0.16678041219711304,-2.2777682517904907e-10,178.24315770214162,-3.798871279231156e-11,1
0.16684097051620483,-2.2772354835165487e-10,178.26327270244656,-3.7993617816383996e-11,1
0.16632205247879028,-2.266925258620489e-10,178.28334270275082,-3.770396618297722e-11,1
0.165683314204216,-2.2583790393326808e-10,178.30345770305576,-3.7417572396597205e-11,1
0.16614200174808502,-2.266633825076525e-10,178.3235727033607,-3.7658308092813266e-11,1
0.16671718657016754,-2.2765263285595694e-10,178.34368770366564,-3.7953606465036426e-11,1
0.16669918596744537,-2.2750612505006984e-10,178.36380270397058,-3.7925085848454475e-11,1
0.16607533395290375,-2.264573945032211e-10,178.38391770427552,-3.7608987418226915e-11,1
0.16554895043373108,-2.2583886150062682e-10,178.40398770457978,-3.738738648857753e-11,1
0.16614048182964325,-2.2689057577185423e-10,178.42410270488472,-3.769570958134104e-11,1
0.16661754250526428,-2.2766520613171082e-10,178.44421770518966,-3.793301715962008e-11,1
0.1665068119764328,-2.2734401861068676e-10,178.4643327054946,-3.785432776077626e-11,1
0.16582472622394562,-2.261808518255748e-10,178.48444770579954,-3.750637783107475e-11,1
0.16546067595481873,-2.257258963078712e-10,178.50456270610448,-3.734875938360769e-11,1
0.1661350131034851,-2.2682827838238495e-10,178.52463270640874,-3.768411900129849e-11,1
0.16653363406658173,-2.2738753935325207e-10,178.54474770671368,-3.786767326995493e-11,1
0.16634394228458405,-2.268963905649457e-10,178.56486270701862,-3.774284009671577e-11,1
0.16560514271259308,-2.257217884826801e-10,178.58497770732356,-3.7380688995015986e-11,1
0.1654054969549179,-2.256758113716728e-10,178.6050927076285,-3.7328019730635855e-11,1
0.1661507785320282,-2.2684387701588093e-10,178.62516270793276,-3.7690286771412275e-11,1
0.16643285751342773,-2.2727422721580126e-10,178.6452777082377,-3.782589907468185e-11,1
0.16620637476444244,-2.2665851140413196e-10,178.66539270854264,-3.767208948998581e-11,1
0.16542541980743408,-2.2541091215799725e-10,178.68550770884758,-3.728869477291334e-11,1
0.165400892496109,-2.2570113833442207e-10,178.70562270915252,-3.733116971790117e-11,1
0.1661316603422165,-2.269365390050737e-10,178.72573770945746,-3.770134401722907e-11,1
0.1663351207971573,-2.2715375413984162e-10,178.74580770976172,-3.7783647134378324e-11,1
0.16599370539188385,-2.264303744503593e-10,178.76592271006666,-3.7586016868286885e-11,1
0.16522768139839172,-2.2532423149534964e-10,178.7860377103716,-3.722980033285109e-11,1
0.16537177562713623,-2.2570470492588868e-10,178.80615271067654,-3.732518782099305e-11,1
0.16607533395290375,-2.267667581490329e-10,178.82626771098148,-3.7660365089018e-11,1
0.16620983183383942,-2.2680596289958999e-10,178.84638271128642,-3.7697380952452873e-11,1
0.16576172411441803,-2.2600978033526786e-10,178.86645271159068,-3.746377085509489e-11,1
0.16507747769355774,-2.2508767072437763e-10,178.88656771189562,-3.715690494309832e-11,1
0.16538096964359283,-2.2572628488592983e-10,178.90668271220056,-3.733083186848095e-11,1
0.1660492718219757,-2.2669395527419312e-10,178.9267977125055,-3.7642366199723296e-11,1
0.16610099375247955,-2.2662398346806611e-10,178.94691271281044,-3.764246886219128e-11,1
0.16559849679470062,-2.2562771095913092e-10,178.9669827131147,-3.736360977006128e-11,1
0.16497285664081573,-2.2480456385309822e-10,178.98709771341964,-3.708665108473828e-11,1
0.16541239619255066,-2.2571051971898015e-10,179.00721271372458,-3.733531791258246e-11,1
0.16598334908485413,-2.2663206034057026e-10,179.02732771402952,-3.76171483853286e-11,1
0.1659565418958664,-2.2642661356986338e-10,179.04744271433447,-3.757697778124618e-11,1
0.16535606980323792,-2.2538333699362312e-10,179.0675577146394,-3.726850280440424e-11,1
0.16483767330646515,-2.2475168948155044e-10,179.08762771494366,-3.704754556583591e-11,1
0.1654265820980072,-2.2578312830479064e-10,179.1077427152486,-3.735053121085734e-11,1
0.16592665016651154,-2.2648459496732443e-10,179.12785771555355,-3.75798301572473e-11,1
0.16582241654396057,-2.260181902746794e-10,179.1479727158585,-3.7478882494240025e-11,1
0.16513533890247345,-2.247571018187955e-10,179.16808771616343,-3.7115340179584525e-11,1
0.16474714875221252,-2.2434643032198665e-10,179.18820271646837,-3.6960434728284216e-11,1
0.16535846889019012,-2.2542426258986836e-10,179.20827271677263,-3.72758109125608e-11,1
0.16570323705673218,-2.2596885473902262e-10,179.22838771707757,-3.744377070425854e-11,1
0.1654357612133026,-2.2538876320865597e-10,179.2485027173825,-3.7287361610348815e-11,1
0.16464751958847046,-2.241484914344838e-10,179.26861771768745,-3.690549313418527e-11,1
0.16438159346580505,-2.2400797883292967e-10,179.2887327179924,-3.682278850961131e-11,1
0.16509471833705902,-2.252000391722575e-10,179.30884771829733,-3.717933703663851e-11,1
0.16538073122501373,-2.2560214807398893e-10,179.3289177186016,-3.731024821441011e-11,1
0.16512002050876617,-2.2499949126064678e-10,179.34903271890653,-3.715192061141995e-11,1
0.16433444619178772,-2.238025598177984e-10,179.36914771921147,-3.677846972396234e-11,1
0.1643076241016388,-2.2397476928670557e-10,179.3892627195164,-3.680076220021129e-11,1
0.16505256295204163,-2.252036057637241e-10,179.40937771982135,-3.717043231734384e-11,1
0.16528241336345673,-2.2545586231270676e-10,179.4294477201256,-3.726388902998338e-11,1
0.16495905816555023,-2.247574765190663e-10,179.44956272043055,-3.707578164225095e-11,1
0.1642865538597107,-2.2375246100381219e-10,179.4696777207355,-3.675952073594561e-11,1
0.1644800752401352,-2.242357272086437e-10,179.48979272104043,-3.688230928280415e-11,1
0.16521504521369934,-2.254593178818709e-10,179.50990772134537,-3.7249271397703113e-11,1
0.1653595119714737,-2.2561315315972053e-10,179.5300227216503,-3.7307280900836734e-11,1
0.164949432015419,-2.247473596117544e-10,179.55009272195457,-3.707194931492401e-11,1
0.16428348422050476,-2.2380536313093558e-10,179.5702077222595,-3.676752484238539e-11,1
0.1646149605512619,-2.2446687564237067e-10,179.59032272256445,-3.695060587893386e-11,1
0.16530165076255798,-2.2556342904600513e-10,179.6104377228694,-3.728600717296777e-11,1
0.16538555920124054,-2.2551673029003183e-10,179.63055272317433,-3.7297210548252255e-11,1
0.16488587856292725,-2.2459595294677115e-10,179.65066772347927,-3.703270102330623e-11,1
0.1642550528049469,-2.2382358466632724e-10,179.67073772378353,-3.676415471836008e-11,1
0.16470538079738617,-2.2467361304734368e-10,179.69085272408847,-3.700495299208733e-11,1
0.16532079875469208,-2.255992753719127e-10,179.7109677243934,-3.729625240296434e-11,1
0.16527290642261505,-2.2537208210771098e-10,179.73108272469835,-3.724789903645763e-11,1
0.164687380194664,-2.243182722905246e-10,179.7511977250033,-3.6942388593319786e-11,1
0.1641535758972168,-2.237158791551508e-10,179.77131272530823,-3.6723761548307626e-11,1
0.16475048661231995,-2.2478685579585544e-10,179.7913827256125,-3.703374387642058e-11,1
0.16526180505752563,-2.2559776269304166e-10,179.81149772591743,-3.728269347959138e-11,1
0.16514529287815094,-2.2523474751956485e-10,179.83161272622237,-3.719645834545492e-11,1
0.16446435451507568,-2.2407739552754435e-10,179.85172772652732,-3.685274421685689e-11,1
0.16410031914710999,-2.2370200136734297e-10,179.87184272683226,-3.6709569818228216e-11,1
0.16475893557071686,-2.2490305451317028e-10,179.8919127271365,-3.705478786819284e-11,1
0.16517288982868195,-2.2549777323188636e-10,179.91202772744145,-3.724611885464347e-11,1
0.16498436033725739,-2.2503082730551682e-10,179.9321427277464,-3.7126567099164526e-11,1
0.16423749923706055,-2.2384814835074707e-10,179.95225772805134,-3.676426009397324e-11,1
0.16402482986450195,-2.237830337703528e-10,179.97237272835628,-3.6705974040744213e-11,1
0.16473756730556488,-2.2499817287080504e-10,179.99248772866122,-3.7065651646933367e-11,1
0.1650104969739914,-2.253936204343887e-10,180.01255772896548,-3.719231332264566e-11,1
0.16478011012077332,-2.2479330896718608e-10,180.03267272927042,-3.704146620602594e-11,1
0.163997620344162,-2.2363183527218666e-10,180.05278772957536,-3.667508881783624e-11,1
0.1639757752418518,-2.2379897934854398e-10,180.0729027298803,-3.669761113701268e-11,1
0.1647019386291504,-2.2505633467950759e-10,180.09301773018524,-3.706721462248579e-11,1
0.16491921246051788,-2.2529365872880902e-10,180.11313273049018,-3.7155252769903864e-11,1
0.1645842045545578,-2.2449539449631573e-10,180.13320273079444,-3.6948395929337777e-11,1
0.16380257904529572,-2.2338531024956865e-10,180.15331773109938,-3.6591089939712875e-11,1
0.16396696865558624,-2.2382186382063907e-10,180.17343273140432,-3.669939252951362e-11,1
0.16467589139938354,-2.2492782636440722e-10,180.19354773170926,-3.704019030708452e-11,1
0.16480617225170135,-2.250400144010456e-10,180.2136627320142,-3.7087983376904074e-11,1
0.16436932981014252,-2.2419407996743246e-10,180.23377773231914,-3.685063067164837e-11,1
0.16368050873279572,-2.2325705173464883e-10,180.2538477326234,-3.654282780611141e-11,1
0.16396887600421906,-2.2391175025227028e-10,180.27396273292834,-3.671455801300217e-11,1
0.16462761163711548,-2.2502912033761646e-10,180.29407773323328,-3.704600662998285e-11,1
0.16467665135860443,-2.2495183493731474e-10,180.31419273353822,-3.704431489445051e-11,1
0.16412408649921417,-2.2388416121010835e-10,180.33430773384316,-3.674478344025183e-11,1
0.1634838730096817,-2.2300583601975177e-10,180.35437773414742,-3.6457857776271e-11,1
0.16390489041805267,-2.2386033304844233e-10,180.37449273445236,-3.6691803357253715e-11,1
0.16449998319149017,-2.2476816241567832e-10,180.3946077347573,-3.6974358939361217e-11,1
0.164432555437088,-2.2456649040325516e-10,180.41472273506224,-3.692604188254555e-11,1
0.16379567980766296,-2.234605417372748e-10,180.43483773536718,-3.660187134404557e-11,1
0.16326531767845154,-2.2279059153085257e-10,180.45495273567212,-3.637397670205478e-11,1
0.16384220123291016,-2.2380476638605984e-10,180.47502273597638,-3.666866557110926e-11,1
0.16431529819965363,-2.245246488730146e-10,180.49513773628132,-3.689283463274192e-11,1
0.16416507959365845,-2.2411980604708504e-10,180.51525273658626,-3.679264579823501e-11,1
0.16342513263225555,-2.229808421239099e-10,180.5353677368912,-3.644067369855201e-11,1
0.16300973296165466,-2.2254108278385587e-10,180.55548273719614,-3.627636247759383e-11,1
0.1636887639760971,-2.2373931873875819e-10,180.57559773750108,-3.662361253720135e-11,1
0.1640288531780243,-2.2430099444470386e-10,180.59566773780534,-3.679183488545517e-11,1
0.16385430097579956,-2.2385771014654665e-10,180.61578273811028,-3.6680048614105554e-11,1
0.16308100521564484,-2.2274949940115363e-10,180.63589773841522,-3.632621227362181e-11,1
0.16288825869560242,-2.2262323928767813e-10,180.65601273872016,-3.6262711792744315e-11,1
0.16362936794757843,-2.2384663567187602e-10,180.6761277390251,-3.6627883512180936e-11,1
0.16397768259048462,-2.2434361313106166e-10,180.69624273933005,-3.6787345785207706e-11,1
0.16374388337135315,-2.2373068675474173e-10,180.7163127396343,-3.6634531478561174e-11,1
0.16296106576919556,-2.2251499254277718e-10,180.73642773993924,-3.626128033439557e-11,1
0.16295263171195984,-2.226887146905554e-10,180.75654274024419,-3.6287712111379775e-11,1
0.16371673345565796,-2.2391417886513665e-10,180.77665774054913,-3.66584979382061e-11,1
0.1639665812253952,-2.2416594969154602e-10,180.79677274085407,-3.6755724398066735e-11,1
0.1635921746492386,-2.2343285555059822e-10,180.81684274115833,-3.655186672761156e-11,1
0.16282273828983307,-2.2233696828077854e-10,180.83695774146327,-3.620151399853612e-11,1
0.1630568653345108,-2.2284932232885524e-10,180.8570727417682,-3.633711194086314e-11,1
0.16380487382411957,-2.239456953212482e-10,180.87718774207315,-3.6683396365551784e-11,1
0.16396428644657135,-2.2400817312195898e-10,180.8973027423781,-3.6729340264142027e-11,1
0.16351670026779175,-2.2308889457978154e-10,180.91741774268303,-3.647875990807513e-11,1
0.16280485689640045,-2.2217683248726416e-10,180.9374877429873,-3.617146741878458e-11,1
0.16309863328933716,-2.227982937030859e-10,180.95760274329223,-3.6338097202169644e-11,1
0.16379107534885406,-2.2375133690299975e-10,180.97771774359717,-3.6648472082086064e-11,1
0.16383706033229828,-2.238723373348961e-10,180.9978327439021,-3.667858563867e-11,1
0.1633182168006897,-2.2293900059366933e-10,181.01794774420705,-3.641000003228598e-11,1
0.16267827153205872,-2.2214428907485484e-10,181.038062744512,-3.613804897741538e-11,1
0.16314972937107086,-2.230227530430895e-10,181.05813274481625,-3.638610180257122e-11,1
0.16374163329601288,-2.2394550103221889e-10,181.0782477451212,-3.666920210830946e-11,1
0.16371597349643707,-2.237792867676447e-10,181.09836274542613,-3.663624378150331e-11,1
0.1630917340517044,-2.227420053957374e-10,181.11847774573107,-3.6327379906144913e-11,1
0.16254760324954987,-2.220701816879611e-10,181.138592746036,-3.6096975786570156e-11,1
0.16316033899784088,-2.2308720148966898e-10,181.15870774634095,-3.6398983421134025e-11,1
0.1636432558298111,-2.238356167083566e-10,181.1787777466452,-3.662918908882914e-11,1
0.16353051364421844,-2.235132634531567e-10,181.19889274695015,-3.655123877879023e-11,1
0.1628422737121582,-2.2233320740028262e-10,181.2190077472551,-3.620524501477886e-11,1
0.16247594356536865,-2.2195423277082682e-10,181.23912274756003,-3.6062223397767556e-11,1
0.16316071152687073,-2.2309265546027746e-10,181.25923774786497,-3.639995640131789e-11,1
0.16357220709323883,-2.2371245134156226e-10,181.27930774816923,-3.6593139420178137e-11,1
0.1633906364440918,-2.2326168691577664e-10,181.29942274847417,-3.6478869118750307e-11,1
0.16265296936035156,-2.2212796879639285e-10,181.3195377487791,-3.6129773702716814e-11,1
0.16241616010665894,-2.2199758697993843e-10,181.33965274908405,-3.6055995630225624e-11,1
0.1631741225719452,-2.2321891557375295e-10,181.359767749389,-3.642355069020825e-11,1
0.1634914129972458,-2.2364102236771544e-10,181.37988274969393,-3.656338675104645e-11,1
0.1632123440504074,-2.229909867867974e-10,181.3999527499982,-3.639488165558663e-11,1
0.16243723034858704,-2.2182948533622238e-10,181.42006775030313,-3.6033367207668464e-11,1
0.16241692006587982,-2.2197955973357608e-10,181.44018275060807,-3.605323640950742e-11,1
0.16310743987560272,-2.2328813797933833e-10,181.460297750913,-3.641995654040021e-11,1
0.16333851218223572,-2.2359113172054634e-10,181.48041275121795,-3.652104279237633e-11,1
0.16295531392097473,-2.2281629319387264e-10,181.5005277515229,-3.630909900411546e-11,1
0.16215963661670685,-2.217206696020213e-10,181.52059775182715,-3.5954143213076695e-11,1
0.16230733692646027,-2.2213059169828853e-10,181.5407127521321,-3.6053424788448094e-11,1
0.16300398111343384,-2.2336166249914413e-10,181.56082775243704,-3.640884021547567e-11,1
0.16315151751041412,-2.2348305150909908e-10,181.58094275274198,-3.646159899156756e-11,1
0.16269858181476593,-2.2259773191368737e-10,181.60105775304692,-3.62163352975404e-11,1
0.16198581457138062,-2.2163343382786138e-10,181.62117275335186,-3.590147231485831e-11,1
0.16235782206058502,-2.2233383190073397e-10,181.64124275365612,-3.609763671778739e-11,1
0.1629970818758011,-2.2340519711949725e-10,181.66135775396106,-3.6414395206366174e-11,1
0.16302429139614105,-2.2332545535075354e-10,181.681472754266,-3.6407474109277134e-11,1
0.1624789983034134,-2.2226434581718024e-10,181.70158775457094,-3.6113288266938916e-11,1
0.16181378066539764,-2.2141355415783437e-10,181.72170275487588,-3.582776428884195e-11,1
0.16229215264320374,-2.2224358464661975e-10,181.74177275518014,-3.606838976344198e-11,1
0.16290052235126495,-2.2314480818685922e-10,181.76188775548508,-3.635040581361219e-11,1
0.16284264624118805,-2.2293036860965287e-10,181.78200275579002,-3.6302571151919356e-11,1
0.16224831342697144,-2.2185875359070906e-10,181.80211775609496,-3.599620858910259e-11,1
0.16170799732208252,-2.2121374176897746e-10,181.8222327563999,-3.577203116158566e-11,1
0.16230234503746033,-2.223694145486732e-10,181.84234775670484,-3.609107744585681e-11,1
0.16281215846538544,-2.2307634905960327e-10,181.8624177570091,-3.6319541892971764e-11,1
0.1626717448234558,-2.227448225866624e-10,181.88253275731404,-3.623428894056348e-11,1
0.16197700798511505,-2.2164262092339015e-10,181.90264775761898,-3.5901008579149795e-11,1
0.16161219775676727,-2.2122406684310647e-10,181.92276275792392,-3.5752507639204425e-11,1
0.16228702664375305,-2.2242775676861726e-10,181.94287775822886,-3.609713928901881e-11,1
0.16267786920070648,-2.2308363489820238e-10,181.9629927585338,-3.6290770378787926e-11,1
0.1624799370765686,-2.2260890353287266e-10,181.98306275883806,-3.616948063870508e-11,1
0.16172908246517181,-2.2137172650538162e-10,182.003177759143,-3.5802246211446324e-11,1
0.16152943670749664,-2.2117604969729143e-10,182.02329275944794,-3.572644272079277e-11,1
0.16229315102100372,-2.2244446562513787e-10,182.04340775975288,-3.610121325348697e-11,1
0.16261275112628937,-2.2288290657535015e-10,182.06352276005782,-3.624360261724142e-11,1
0.1623157560825348,-2.2232700402913252e-10,182.08363776036276,-3.6087175756553404e-11,1
0.16153939068317413,-2.2115903552943905e-10,182.10370776066702,-3.5725895843504044e-11,1
0.16149801015853882,-2.2136083244195248e-10,182.12382276097196,-3.574933396641305e-11,1
0.16225406527519226,-2.2260730758727476e-10,182.1439377612769,-3.611894061600048e-11,1
0.1624625325202942,-2.22858509424384e-10,182.16405276158184,-3.6206157834783276e-11,1
0.16211611032485962,-2.2208800076750634e-10,182.18416776188678,-3.6004042834252566e-11,1
0.16132353246212006,-2.2094412410744724e-10,182.20423776219104,-3.564348657776245e-11,1
0.1614876687526703,-2.213750849300311e-10,182.22435276249598,-3.5749346385275116e-11,1
0.16220463812351227,-2.2256659015784663e-10,182.24446776280092,-3.610133321493758e-11,1
0.16231653094291687,-2.226448331255071e-10,182.26458276310586,-3.6138936945296935e-11,1
0.1618582159280777,-2.2173511637912924e-10,182.2846977634108,-3.588965034573054e-11,1
0.16112172603607178,-2.2072747796197945e-10,182.30481276371574,-3.556399223282312e-11,1
0.16146104037761688,-2.2142489231047335e-10,182.32488276402,-3.575149347795081e-11,1
0.16211344301700592,-2.2250692954806084e-10,182.34499776432494,-3.607136444417851e-11,1
0.16218201816082,-2.2253300591135172e-10,182.36511276462988,-3.609085200609671e-11,1
0.16164401173591614,-2.2158502810398772e-10,182.38522776493483,-3.58178928833443e-11,1
0.16099141538143158,-2.2072803307349176e-10,182.40534276523977,-3.553531845886088e-11,1
0.16146545112133026,-2.216107297670078e-10,182.4254577655447,-3.5782476455157127e-11,1
0.1620275229215622,-2.2247730047109116e-10,182.44552776584896,-3.6047445901607e-11,1
0.1619977056980133,-2.221891282072619e-10,182.4656427661539,-3.599412900061816e-11,1
0.1613769233226776,-2.211418964614964e-10,182.48575776645885,-3.5687198868698416e-11,1
0.1608412116765976,-2.2047196013286197e-10,182.5058727667638,-3.546097720848404e-11,1
0.1614401638507843,-2.215274352845853e-10,182.52598776706873,-3.5763425449787466e-11,1
0.16195861995220184,-2.2222457207732305e-10,182.54610276737367,-3.599118501311185e-11,1
0.16183817386627197,-2.219224248811713e-10,182.56617276767793,-3.5915519982743684e-11,1
0.16113857924938202,-2.2077531469655298e-10,182.58628776798287,-3.557542054353776e-11,1
0.16076801717281342,-2.2034495061884485e-10,182.6064027682878,-3.542442080503317e-11,1
0.161472350358963,-2.2151541712034373e-10,182.62651776859275,-3.5768615043167976e-11,1
0.16185440123081207,-2.2203135163767485e-10,182.6466327688977,-3.593675147378375e-11,1
0.161662295460701,-2.2154843237753852e-10,182.66670276920195,-3.5816028133872765e-11,1
0.16091899573802948,-2.2037928426588138e-10,182.6868177695069,-3.546321310553135e-11,1
0.16069597005844116,-2.2025958834603898e-10,182.70693276981183,-3.5394828213939656e-11,1
0.1614547222852707,-2.213908639747686e-10,182.72704777011677,-3.57446004595424e-11,1
0.1617712378501892,-2.219099626277199e-10,182.7471627704217,-3.589864934557547e-11,1
0.16149915754795074,-2.2130286492227924e-10,182.76727777072665,-3.574022624789604e-11,1
0.160727858543396,-2.2019180923038562e-10,182.7873477710309,-3.5390957966395856e-11,1
0.16070403158664703,-2.2034812863225284e-10,182.80746277133585,-3.5410832623776124e-11,1
0.1614401638507843,-2.214574634784583e-10,182.8275777716408,-3.575212918994139e-11,1
0.1616528183221817,-2.21733617578046e-10,182.84769277194573,-3.5843864198263984e-11,1
0.16130948066711426,-2.2090364260041184e-10,182.86780777225067,-3.563385186534625e-11,1
0.16053849458694458,-2.198115717222393e-10,182.8879227725556,-3.5288218817078495e-11,1
0.16068331897258759,-2.20236190395795e-10,182.90799277285987,-3.538828203067506e-11,1
0.16141141951084137,-2.213809136009104e-10,182.9281077731648,-3.5733407516929875e-11,1
0.16155511140823364,-2.215938543770335e-10,182.94822277346975,-3.579961983126155e-11,1
0.161085307598114,-2.2063104121450294e-10,182.9683377737747,-3.554041913973038e-11,1
0.16037409007549286,-2.1963991736484445e-10,182.98845277407963,-3.522455189164337e-11,1
0.16072317957878113,-2.2048152192866155e-10,183.00856777438457,-3.543649124274324e-11,1
0.16136616468429565,-2.214869537775499e-10,183.02863777468883,-3.5740500258691097e-11,1
0.16138765215873718,-2.214640276720914e-10,183.04875277499377,-3.574155946361643e-11,1
0.16085615754127502,-2.204569443664539e-10,183.0688677752987,-3.5461856974078414e-11,1
0.16021199524402618,-2.1958024287727085e-10,183.08898277560365,-3.517938882753543e-11,1
0.16070018708705902,-2.2044738257065433e-10,183.1090977759086,-3.5425935621956624e-11,1
0.16128936409950256,-2.214042144066397e-10,183.12916777621285,-3.571014495059684e-11,1
0.1612558364868164,-2.2119404918807817e-10,183.1492827765178,-3.566883142772956e-11,1
0.1606549769639969,-2.2005620936571546e-10,183.16939777682273,-3.5353125246433493e-11,1
0.16013497114181519,-2.1948139139471579e-10,183.18951277712767,-3.5146646277158256e-11,1
0.1607503890991211,-2.2055712811663852e-10,183.20962777743262,-3.5454644163334344e-11,1
0.1612420380115509,-2.213812883011812e-10,183.22974277773756,-3.569597010330517e-11,1
0.16110193729400635,-2.2097138008270178e-10,183.24981277804181,-3.5598917417853466e-11,1
0.16040398180484772,-2.1979826292373161e-10,183.26992777834676,-3.525651656675538e-11,1
0.16003648936748505,-2.1942772598926297e-10,183.2900427786517,-3.5116442937212105e-11,1
0.16075114905834198,-2.2064680638145262e-10,183.31015777895664,-3.546922766187201e-11,1
0.1611447036266327,-2.212786620603424e-10,183.33027277926158,-3.565788441661169e-11,1
0.16096383333206177,-2.2075523353759507e-10,183.35038777956652,-3.5533608618325826e-11,1
0.16022475063800812,-2.195515852454477e-10,183.37045777987078,-3.517759799813124e-11,1
0.16000084578990936,-2.1944948636054562e-10,183.39057278017572,-3.511210342584848e-11,1
0.16076035797595978,-2.206194255061078e-10,183.41068778048066,-3.546685782081248e-11,1
0.16103586554527283,-2.21048845894245e-10,183.4308027807856,-3.559679222636337e-11,1
0.16078181564807892,-2.203571353165401e-10,183.45091778109054,-3.542942030720273e-11,1
0.15994642674922943,-2.192129117117858e-10,183.47103278139548,-3.506232192559445e-11,1
0.15991559624671936,-2.1936392979871044e-10,183.49110278169974,-3.507971362878427e-11,1
0.16067031025886536,-2.2057400350661283e-10,183.51121778200468,-3.543969357844754e-11,1
0.1608780026435852,-2.2078375239154013e-10,183.53133278230962,-3.5519249100906855e-11,1
0.16050054132938385,-2.200802318164108e-10,183.55144778261456,-3.532299634243022e-11,1
0.15970924496650696,-2.189827208454176e-10,183.5715627829195,-3.497356500693301e-11,1
0.15984760224819183,-2.1942841987865336e-10,183.59163278322376,-3.507510678271221e-11,1
0.16057144105434418,-2.205698818036339e-10,183.6117477835287,-3.5417223774395864e-11,1
0.160677969455719,-2.2064736149296493e-10,183.63186278383364,-3.545317001045161e-11,1
0.16020087897777557,-2.197479836985039e-10,183.65197778413858,-3.520382014209422e-11,1
0.15947741270065308,-2.1868518107481805e-10,183.67209278444352,-3.4875346873785805e-11,1
0.1597912460565567,-2.1941834460470488e-10,183.69220778474846,-3.506113069205275e-11,1
0.16045249998569489,-2.2042008496203636e-10,183.71227778505272,-3.5366953679218004e-11,1
0.16050590574741364,-2.2045543168758286e-10,183.73239278535766,-3.538439873995256e-11,1
0.15995793044567108,-2.1953054651913106e-10,183.7525077856626,-3.5115651890807327e-11,1
0.15929998457431793,-2.187405118148078e-10,183.77262278596754,-3.484536015787729e-11,1
0.15976442396640778,-2.1957030638120045e-10,183.79273778627248,-3.507952351912016e-11,1
0.16035722196102142,-2.2044586989178327e-10,183.81285278657742,-3.535008728862714e-11,1
0.16028890013694763,-2.2026250268147862e-10,183.83292278688168,-3.530563429622569e-11,1
0.15966901183128357,-2.192390019528645e-10,183.85303778718662,-3.500567479669072e-11,1
0.15912945568561554,-2.186238273749197e-10,183.87315278749156,-3.4789490650076946e-11,1
0.15975674986839294,-2.1970539276772172e-10,183.8932677877965,-3.509941947712995e-11,1
0.16024264693260193,-2.2041436731345954e-10,183.91338278810144,-3.531978164028353e-11,1
0.1601104587316513,-2.2007122513212352e-10,183.93349778840638,-3.5235704809540806e-11,1
0.15941938757896423,-2.1898090285521477e-10,183.95356778871064,-3.4909801424667e-11,1
0.15902943909168243,-2.1856942644671307e-10,183.97368278901558,-3.475897329041152e-11,1
0.1597169041633606,-2.1971233166162563e-10,183.99379778932052,-3.509177341950836e-11,1
0.16011273860931396,-2.2023126378112323e-10,184.01391278962546,-3.526183077138586e-11,1
0.15991349518299103,-2.1969019659007216e-10,184.0340277899304,-3.5131427194156857e-11,1
0.15916551649570465,-2.185337882876226e-10,184.05409779023466,-3.478304328456242e-11,1
0.15896621346473694,-2.1847806896957422e-10,184.0742127905396,-3.4730631349180856e-11,1
0.15970081090927124,-2.1966281571472734e-10,184.09432779084455,-3.5080329796255767e-11,1
0.15998438000679016,-2.2014251532809226e-10,184.1144427911495,-3.521936382790014e-11,1
0.15970081090927124,-2.1950370687751075e-10,184.13455779145443,-3.5054919985929446e-11,1
0.158913716673851,-2.182743152889799e-10,184.15467279175937,-3.468678269701178e-11,1
0.15891242027282715,-2.1850368736586745e-10,184.17474279206363,-3.472294979784716e-11,1
0.15965060889720917,-2.1966656271743545e-10,184.19485779236857,-3.5069900492195556e-11,1
0.1598655879497528,-2.198873721992456e-10,184.2149727926735,-3.5152424039358526e-11,1
0.15949848294258118,-2.1900034563593351e-10,184.23508779297845,-3.4930222892832324e-11,1
0.15873515605926514,-2.1785126480544648e-10,184.2552027932834,-3.458065451660084e-11,1
0.1588842123746872,-2.18361176362869e-10,184.27531779358833,-3.4694143519624604e-11,1
0.15961948037147522,-2.1951059026026343e-10,184.2953877938926,-3.503816635337906e-11,1
0.1597398966550827,-2.1961628349220774e-10,184.31550279419753,-3.508148242881861e-11,1
0.15926741063594818,-2.1878067413272362e-10,184.33561779450247,-3.484463146630606e-11,1
0.15856041014194489,-2.1788372495112895e-10,184.3557327948074,-3.454773279150572e-11,1
0.1588861346244812,-2.185940040089207e-10,184.37584779511235,-3.473155634906576e-11,1
0.1595490723848343,-2.1971213737259632e-10,184.3959627954173,-3.5054867709487025e-11,1
0.15957185626029968,-2.1964841057098283e-10,184.41603279572155,-3.504970459943616e-11,1
0.15902675688266754,-2.1866829180705594e-10,184.4361477960265,-3.477410927914889e-11,1
0.15839754045009613,-2.178289354448637e-10,184.45626279633143,-3.450356761332918e-11,1
0.15886391699314117,-2.1864296484430668e-10,184.47637779663637,-3.473447781816022e-11,1
0.15944866836071014,-2.1956074458540087e-10,184.4964927969413,-3.500866834842817e-11,1
0.15941517055034637,-2.1940339822723587e-10,184.51656279724557,-3.497623014772037e-11,1
0.15878574550151825,-2.1834899166517374e-10,184.5366777975505,-3.467070742105941e-11,1
0.15825730562210083,-2.1763439661537376e-10,184.55679279785545,-3.444223321904071e-11,1
0.1588769406080246,-2.187035552658756e-10,184.5769077981604,-3.474695176074034e-11,1
0.15935860574245453,-2.1945381623034166e-10,184.59702279846533,-3.4971854179328085e-11,1
0.1592409759759903,-2.1917370696122873e-10,184.61713779877027,-3.490143500478176e-11,1
0.1585172414779663,-2.1801727090320355e-10,184.63720779907453,-3.4559496378130315e-11,1
0.15816687047481537,-2.177090591137798e-10,184.65732279937947,-3.443436055404313e-11,1
0.1588447391986847,-2.1885740442151302e-10,184.6774377996844,-3.47643473270363e-11,1
0.15923790633678436,-2.1941647110335083e-10,184.69755279998935,-3.493941947430313e-11,1
0.15903328359127045,-2.1886246981406288e-10,184.7176678002943,-3.480641722942573e-11,1
0.15828527510166168,-2.1760755697375345e-10,184.73778280059923,-3.444407201979108e-11,1
0.15811973810195923,-2.1752895318360999e-10,184.7578528009035,-3.439562110698576e-11,1
0.15885049104690552,-2.1863882926353995e-10,184.77796780120843,-3.4730885390433856e-11,1
0.1591493934392929,-2.1915663728222512e-10,184.79808280151337,-3.4878645891661254e-11,1
0.1588723212480545,-2.1856455534319252e-10,184.81819780181831,-3.472385824992187e-11,1
0.15807107090950012,-2.1738093269885184e-10,184.83831280212326,-3.436163682701348e-11,1
0.15806378424167633,-2.1757697032942502e-10,184.8584278024282,-3.439103929410785e-11,1
0.15882563591003418,-2.1878292233434848e-10,184.87849780273245,-3.474833676600852e-11,1
0.15902560949325562,-2.1898104163309284e-10,184.8986128030374,-3.482359361317057e-11,1
0.15867651998996735,-2.1817526951739552e-10,184.91872780334234,-3.4619292514893524e-11,1
0.15788942575454712,-2.170672530610318e-10,184.93884280364728,-3.427262393592327e-11,1
0.1580726057291031,-2.175829794115458e-10,184.95895780395222,-3.4393908517884835e-11,1
0.15877801179885864,-2.187389158692099e-10,184.97902780425648,-3.473093016475096e-11,1
0.15891295671463013,-2.1880375289384801e-10,184.99914280456142,-3.4770751312618696e-11,1
0.1584588587284088,-2.1787058268607495e-10,185.01925780486636,-3.452352388292886e-11,1
0.1577426642179489,-2.1681940964857205e-10,185.0393728051713,-3.4201671332128613e-11,1
0.15807797014713287,-2.175161856188268e-10,185.05948780547624,-3.4384517096771115e-11,1
0.1587703973054886,-2.186440889451191e-10,185.07960280578118,-3.4714208870313146e-11,1
0.1587960571050644,-2.184956104933633e-10,185.09967280608544,-3.4696241441110025e-11,1
0.15825116634368896,-2.1749704814943982e-10,185.11978780639038,-3.441916154595833e-11,1
0.1576077789068222,-2.166879037313052e-10,185.13990280669532,-3.4151699223066324e-11,1
0.15812702476978302,-2.1758486679068767e-10,185.16001780700026,-3.440604762054101e-11,1
0.1587236523628235,-2.1846623121657416e-10,185.1801328073052,-3.467575813663573e-11,1
0.15866157412528992,-2.1824617113530564e-10,185.20024780761014,-3.4627281059145005e-11,1
0.1580275595188141,-2.1714595399568992e-10,185.2203178079144,-3.4315045169323555e-11,1
0.15753458440303802,-2.1657046989087547e-10,185.24043280821934,-3.411733896822973e-11,1
0.1581496149301529,-2.1764959279302332e-10,185.26054780852428,-3.442119928992122e-11,1
0.1586569845676422,-2.1836700503374828e-10,185.28066280882922,-3.464545054772165e-11,1
0.1585220992565155,-2.179486313647061e-10,185.30077780913416,-3.454967457401765e-11,1
0.15780705213546753,-2.1679689987674777e-10,185.3208928094391,-3.421207968165767e-11,1
0.15746299922466278,-2.165340962090312e-10,185.34096280974336,-3.4096108223475734e-11,1
0.15816839039325714,-2.17748832853637e-10,185.3610778100483,-3.444098240247015e-11,1
0.15857191383838654,-2.1835611097031915e-10,185.38119281035324,-3.462514641487062e-11,1
0.15834888815879822,-2.178418834208884e-10,185.40130781065818,-3.4495020034116216e-11,1
0.15758709609508514,-2.1662938110011964e-10,185.42142281096312,-3.4137995096443376e-11,1
0.15743687748908997,-2.166113816093329e-10,185.44149281126738,-3.410261954917106e-11,1
0.15813620388507843,-2.1786102089027537e-10,185.46160781157232,-3.445171481811592e-11,1
0.1584496796131134,-2.182846403631089e-10,185.48172281187726,-3.458713132999829e-11,1
0.15816648304462433,-2.1754978374310951e-10,185.5018378121822,-3.440908418176622e-11,1
0.15737594664096832,-2.1638604796869743e-10,185.52195281248714,-3.405395913897174e-11,1
0.15738016366958618,-2.1663350280309857e-10,185.54206781279208,-3.409381612746741e-11,1
0.15812203288078308,-2.1782774195511223e-10,185.56213781309634,-3.444336537577299e-11,1
0.15835119783878326,-2.1807658456829415e-10,185.58225281340128,-3.4532688386980097e-11,1
0.15795189142227173,-2.1732483868053265e-10,185.60236781370622,-3.432686932263021e-11,1
0.1572115421295166,-2.1617330148160363e-10,185.62248281401116,-3.398493809315182e-11,1
0.15739433467388153,-2.1663330851406926e-10,185.6425978143161,-3.4096855461773646e-11,1
0.15809482336044312,-2.1781956793809343e-10,185.66271281462105,-3.443614611762092e-11,1
0.15822190046310425,-2.1790182158643034e-10,185.6827828149253,-3.447684032577728e-11,1
0.157743439078331,-2.170036511595086e-10,185.70289781523024,-3.4230902226455335e-11,1
0.15704716742038727,-2.1605341127273192e-10,185.72301281553518,-3.3930576251894516e-11,1
0.15739166736602783,-2.1675976291657406e-10,185.74312781584013,-3.411618050330448e-11,1
0.15806953608989716,-2.1782836645556358e-10,185.76324281614507,-3.443202883285105e-11,1
0.1580929011106491,-2.1765803048801047e-10,185.78335781645,-3.441018948987969e-11,1
0.1575586199760437,-2.167202389768974e-10,185.80342781675427,-3.414614177407835e-11,1
0.15692569315433502,-2.159491058195684e-10,185.8235428170592,-3.388796311679461e-11,1
0.1574380248785019,-2.1689333662422428e-10,185.84365781736415,-3.414725852742591e-11,1
0.15802010893821716,-2.177492075539078e-10,185.8637728176691,-3.440875349887897e-11,1
0.15797220170497894,-2.1749123335634835e-10,185.88388781797403,-3.4357568984833705e-11,1
0.15731589496135712,-2.1641356762192032e-10,185.9039578182783,-3.404529407222257e-11,1
0.15681646764278412,-2.1584067866342593e-10,185.92407281858323,-3.38473728016197e-11,1
0.1574445366859436,-2.169708163135553e-10,185.94418781888817,-3.416086964885869e-11,1
0.15793733298778534,-2.1765389490724374e-10,185.9643028191931,-3.437567567605379e-11,1
0.15781892836093903,-2.1724921861476787e-10,185.98441781949805,-3.428603886903403e-11,1
0.15713606774806976,-2.1607293732017752e-10,186.004532819803,-3.3952851717267846e-11,1
0.1567882001399994,-2.1578348829986993e-10,186.02460282010725,-3.383230475046722e-11,1
0.15748552978038788,-2.1700102825761292e-10,186.0447178204122,-3.417452189803909e-11,1
0.15786950290203094,-2.175426366823885e-10,186.06483282071713,-3.4343347913045793e-11,1
0.1576598882675171,-2.1705899577728616e-10,186.08494782102207,-3.42214970217064e-11,1
0.15689809620380402,-2.159061540663032e-10,186.105062821327,-3.387526453168817e-11,1
0.15674366056919098,-2.1583541898184677e-10,186.12517782163195,-3.383083365169971e-11,1
0.15748219192028046,-2.170430918324584e-10,186.1452478219362,-3.418042184293027e-11,1
0.15777063369750977,-2.1745222289482058e-10,186.16536282224115,-3.4307575005047984e-11,1
0.15749014914035797,-2.1676951900140295e-10,186.1854778225461,-3.413906387661461e-11,1
0.15672986209392548,-2.1554312501503858e-10,186.20559282285103,-3.3782044258900736e-11,1
0.15673792362213135,-2.1580126574605174e-10,186.22570782315597,-3.382424230806393e-11,1
0.15749703347682953,-2.1702298291792488e-10,186.2458228234609,-3.418047600586582e-11,1
0.15769343078136444,-2.1732288191245175e-10,186.26589282376517,-3.427039083606785e-11,1
0.15731923282146454,-2.1649373960208607e-10,186.2860078240701,-3.4058629024850095e-11,1
0.15654899179935455,-2.1541893269194645e-10,186.30612282437505,-3.3723616727417236e-11,1
0.15675170719623566,-2.1589151300016596e-10,186.32623782468,-3.384136323195432e-11,1
0.15747405588626862,-2.1709427311389362e-10,186.34635282498493,-3.4186715696926146e-11,1
0.15758396685123444,-2.1710269693109296e-10,186.3664228252892,-3.421190419650295e-11,1
0.15710961818695068,-2.161560375135707e-10,186.38653782559413,-3.396019252256128e-11,1
0.15645091235637665,-2.151911704384446e-10,186.40665282589907,-3.3666854946131206e-11,1
0.1567758470773697,-2.1593109245099384e-10,186.426767826204,-3.385277992934639e-11,1
0.15743955969810486,-2.1700251318090835e-10,186.44688282650895,-3.416478012858441e-11,1
0.15744799375534058,-2.1683554951579254e-10,186.4669978268139,-3.4140322246098346e-11,1
0.15693031251430511,-2.15756981725157e-10,186.48706782711815,-3.3858810569272106e-11,1
0.15631984174251556,-2.1484353185385885e-10,186.5071828274231,-3.3584306898798317e-11,1
0.15681877732276917,-2.158661860374167e-10,186.52729782772803,-3.385187135971711e-11,1
0.15739357471466064,-2.16817175324735e-10,186.54741282803298,-3.412563028389535e-11,1
0.15732230246067047,-2.1655376103435486e-10,186.56752782833792,-3.406873629244253e-11,1
0.15668924152851105,-2.1545926154331596e-10,186.58764282864286,-3.3760148271515267e-11,1
0.15622439980506897,-2.149057737321769e-10,186.60771282894711,-3.357352551595329e-11,1
0.1568337231874466,-2.160160939013167e-10,186.62782782925206,-3.3878608274952575e-11,1
0.15729087591171265,-2.1673575434366654e-10,186.647942829557,-3.409055664210109e-11,1
0.15718895196914673,-2.1626297974641773e-10,186.66805782986194,-3.399415113606421e-11,1
0.1564558893442154,-2.1510168646265981e-10,186.68817283016688,-3.365392565495602e-11,1
0.15615393221378326,-2.148255184852843e-10,186.70828783047182,-3.354584945134193e-11,1
0.15684887766838074,-2.1611104572549777e-10,186.72835783077608,-3.3896774973784436e-11,1
0.15721307694911957,-2.1670365502046707e-10,186.74847283108102,-3.406864839188815e-11,1
0.1570161134004593,-2.1617387047090375e-10,186.76858783138596,-3.394278096007562e-11,1
0.1562485694885254,-2.14988374325209e-10,186.7887028316909,-3.359162594497753e-11,1
0.1561083197593689,-2.1494014901257685e-10,186.80881783199584,-3.3553945511181746e-11,1
0.15684083104133606,-2.1620034929004106e-10,186.8288878323001,-3.390904245407717e-11,1
0.15710769593715668,-2.1660778726229069e-10,186.84900283260504,-3.4030750378824284e-11,1
0.1567777842283249,-2.1590108867375335e-10,186.86911783290998,-3.384849429475414e-11,1
0.15597419440746307,-2.1466269040093522e-10,186.88923283321492,-3.348184020462453e-11,1
0.15600140392780304,-2.1486229462297501e-10,186.90934783351986,-3.351881961233335e-11,1
0.15675975382328033,-2.1618005996426604e-10,186.9294628338248,-3.3888332981500325e-11,1
0.15699021518230438,-2.163838691560116e-10,186.94953283412906,-3.397015018078186e-11,1
0.15663905441761017,-2.156534395503229e-10,186.969647834434,-3.3779750853067834e-11,1
0.15590867400169373,-2.1460039301146594e-10,186.98976283473894,-3.3458062714659996e-11,1
0.15611714124679565,-2.1514914849696254e-10,187.00987783504388,-3.3588470005028114e-11,1
0.15682528913021088,-2.1625060075969316e-10,187.02999283534882,-3.391356298872068e-11,1
0.1569318175315857,-2.1629729951566645e-10,187.05010783565376,-3.3943928340167306e-11,1
0.1564110666513443,-2.15433768047113e-10,187.07017783595802,-3.369622545296724e-11,1
0.15570098161697388,-2.1445349662752022e-10,187.09029283626296,-3.3390619936097296e-11,1
0.1560424268245697,-2.151506611758336e-10,187.1104078365679,-3.35726313027878e-11,1
0.156694233417511,-2.161427148372752e-10,187.13052283687284,-3.3868317010206516e-11,1
0.15675057470798492,-2.1606204325674838e-10,187.15063783717778,-3.386784945307681e-11,1
0.15620136260986328,-2.15088169497335e-10,187.17070783748204,-3.359706515674496e-11,1
0.15559367835521698,-2.1438859021394308e-10,187.19082283778698,-3.335750934877668e-11,1
0.15609261393547058,-2.15314044371695e-10,187.21093783809192,-3.360893200299577e-11,1
0.15664634108543396,-2.161851253568159e-10,187.23105283839686,-3.386460888424108e-11,1
0.1565961390733719,-2.1593053733948153e-10,187.2511678387018,-3.381388845540137e-11,1
0.15592437982559204,-2.1475948797089472e-10,187.27128283900674,-3.3486239973523454e-11,1
0.15544861555099487,-2.1423320062385898e-10,187.291352839311,-3.330225444203741e-11,1
0.15605276823043823,-2.1532606253593656e-10,187.31146783961594,-3.3602228130893357e-11,1
0.15653520822525024,-2.160896184211225e-10,187.33158283992088,-3.382563341486528e-11,1
0.15641410648822784,-2.1568757890833012e-10,187.35169784022582,-3.3736579935555594e-11,1
0.15571555495262146,-2.145658789531879e-10,187.37181284053077,-3.3411244915092656e-11,1
0.15540668368339539,-2.143099725460118e-10,187.3919278408357,-3.3305202113655206e-11,1
0.15609613060951233,-2.1546364692426323e-10,187.41199784113996,-3.363304157189164e-11,1
0.15648424625396729,-2.1602339361770362e-10,187.4321128414449,-3.380425792349044e-11,1
0.15625394880771637,-2.154907779994275e-10,187.45222784174985,-3.367128499405752e-11,1
0.15547603368759155,-2.1421112106345674e-10,187.4723428420548,-3.330469547471875e-11,1
0.15536071360111237,-2.1418597451194898e-10,187.49245784235973,-3.327608584352606e-11,1
0.15609797835350037,-2.153510009206272e-10,187.51257284266467,-3.36158558801127e-11,1
0.1563814878463745,-2.157312245509857e-10,187.53264284296893,-3.373636987020346e-11,1
0.1561339944601059,-2.1511370462690138e-10,187.55275784327387,-3.3586561966509476e-11,1
0.15535111725330353,-2.1399197691618355e-10,187.5728728435788,-3.324389269717225e-11,1
0.15537258982658386,-2.1424863272390127e-10,187.59298784388375,-3.3288364933117124e-11,1
0.1561201959848404,-2.1545269734968286e-10,187.6131028441887,-3.363651733569499e-11,1
0.15630759298801422,-2.1565287056102278e-10,187.63321784449363,-3.370818111834926e-11,1
0.15593791007995605,-2.1462616406342505e-10,187.6532878447979,-3.346835547252827e-11,1
0.1551748514175415,-2.1361733215652379e-10,187.67340284510283,-3.314803777760019e-11,1
0.1553499698638916,-2.1413232298428397e-10,187.69351784540777,-3.326544992249362e-11,1
0.15609261393547058,-2.1531687544040778e-10,187.7136328457127,-3.360937391191138e-11,1
0.15620526671409607,-2.153575928698359e-10,187.73374784601765,-3.363999023313843e-11,1
0.15574240684509277,-2.1448910703103508e-10,187.7538178463219,-3.3405049771068114e-11,1
0.1550775170326233,-2.1355336943251757e-10,187.77393284662685,-3.311732628554534e-11,1
0.15541435778141022,-2.1425539120656367e-10,187.7940478469318,-3.32983640255729e-11,1
0.15606270730495453,-2.1529868166059174e-10,187.81416284723673,-3.360009513913951e-11,1
0.1560458540916443,-2.1521348592123957e-10,187.83427784754167,-3.358317222261989e-11,1
0.15551859140396118,-2.1420905327307338e-10,187.8543928478466,-3.331349023100445e-11,1
0.15491053462028503,-2.1346453771275975e-10,187.87446284815087,-3.306790565955561e-11,1
0.15540821850299835,-2.1432798591458635e-10,187.8945778484558,-3.330833046632159e-11,1
0.15596309304237366,-2.1522175708277302e-10,187.91469284876075,-3.356665092464367e-11,1
0.15589220821857452,-2.1494409030431427e-10,187.9348078490657,-3.3508108881072246e-11,1
0.15527217090129852,-2.1386178938875844e-10,187.95492284937063,-3.320678431122881e-11,1
0.15475179255008698,-2.132419379963224e-10,187.97503784967557,-3.2999572151785394e-11,1
0.1553514301776886,-2.142881011524267e-10,187.99510784997983,-3.328996298409069e-11,1
0.15580788254737854,-2.1489306167854494e-10,188.01522285028477,-3.34820329142573e-11,1
0.15566609799861908,-2.145262856245722e-10,188.0353378505897,-3.3394469801314405e-11,1
0.15490086376667023,-2.1337964728473935e-10,188.05545285089465,-3.3052691674633554e-11,1
0.1545475572347641,-2.1306501007956058e-10,188.0755678511996,-3.292867683999648e-11,1
0.1552572399377823,-2.1434000407882792e-10,188.09568285150453,-3.327783744153182e-11,1
0.15565522015094757,-2.149345423863025e-10,188.1157528518088,-3.345568351318309e-11,1
0.15545304119586945,-2.144358718370043e-10,188.13586785211373,-3.333470841855001e-11,1
0.1547226756811142,-2.132953952349581e-10,188.15598285241867,-3.3001634261213494e-11,1
0.1546107679605484,-2.1326576615798842e-10,188.17609785272361,-3.2973183885381324e-11,1
0.1553380936384201,-2.1451146414719346e-10,188.19621285302856,-3.3321801904211336e-11,1
0.15563257038593292,-2.1488566481764337e-10,188.2162828533328,-3.344320835465987e-11,1
0.15537908673286438,-2.14226122952077e-10,188.23639785363775,-3.328625933861604e-11,1
0.15463224053382874,-2.1309634612443062e-10,188.2565128539427,-3.295156545079298e-11,1
0.15469931066036224,-2.1334643773851525e-10,188.27662785424764,-3.30045468499922e-11,1
0.15544500946998596,-2.1453042120533894e-10,188.29674285455258,-3.334768335586399e-11,1
0.1556783765554428,-2.1472665312494144e-10,188.31685785485752,-3.3428296761674583e-11,1
0.1553042083978653,-2.1401132255238764e-10,188.33692785516178,-3.323685903717878e-11,1
0.1545640230178833,-2.1297195951230918e-10,188.35704285546672,-3.291780285222427e-11,1
0.15477058291435242,-2.134745713533448e-10,188.37715785577166,-3.303958384574869e-11,1
0.1554967314004898,-2.1465143551502308e-10,188.3972728560766,-3.33775966130091e-11,1
0.15559138357639313,-2.1471802114092498e-10,188.41738785638154,-3.3408273988101746e-11,1
0.15514688193798065,-2.1377999370741918e-10,188.43750285668648,-3.316729944442721e-11,1
0.1544930785894394,-2.1283973195007633e-10,188.45757285699074,-3.2882265435118356e-11,1
0.15482881665229797,-2.135345927856136e-10,188.47768785729568,-3.306130831532688e-11,1
0.15546301007270813,-2.1457019494519614e-10,188.49780285760062,-3.3357728378067974e-11,1
0.1555139720439911,-2.1449102216575255e-10,188.51791785790556,-3.3356350824771916e-11,1
0.1549675464630127,-2.1348188494751952e-10,188.5380328582105,-3.308276392461626e-11,1
0.154342919588089,-2.1272676675732072e-10,188.55814785851544,-3.2832870255859313e-11,1
0.15483719110488892,-2.136202187363878e-10,188.5782178588197,-3.307635463235425e-11,1
0.15537334978580475,-2.145191663194268e-10,188.59833285912464,-3.3330561464307525e-11,1
0.15531741082668304,-2.1424055585139712e-10,188.61844785942958,-3.327528842890838e-11,1
0.1546943187713623,-2.1311435949300517e-10,188.63856285973452,-3.2967580662165644e-11,1
0.15419654548168182,-2.1259786986416174e-10,188.65867786003946,-3.278185710981789e-11,1
0.1548517793416977,-2.1372852099244e-10,188.67874786034372,-3.309624177174872e-11,1
0.15530437231063843,-2.1449139686602336e-10,188.69886286064866,-3.33114517563098e-11,1
0.15516602993011475,-2.1413606998699208e-10,188.7189778609536,-3.322664384471876e-11,1
0.15446898341178894,-2.1301042874011245e-10,188.73909286125854,-3.290350438359448e-11,1
0.15410764515399933,-2.1267929084523018e-10,188.75920786156348,-3.277550468518095e-11,1
0.15482154488563538,-2.138737936752122e-10,188.77932286186842,-3.3112271147347985e-11,1
0.15517324209213257,-2.1436633024229934e-10,188.79939286217268,-3.3263918459090355e-11,1
0.15498515963554382,-2.1389762183687822e-10,188.81950786247762,-3.3150957066051755e-11,1
0.1542210578918457,-2.1265902927503078e-10,188.83962286278256,-3.279650046504823e-11,1
0.1540815830230713,-2.1265078586907293e-10,188.8597378630875,-3.2765569717806916e-11,1
0.1547878235578537,-2.1387773496694962e-10,188.87985286339244,-3.3105669103017594e-11,1
0.15509283542633057,-2.1423399165776402e-10,188.89996786369738,-3.322615721090347e-11,1
0.15480263531208038,-2.135585597251577e-10,188.92003786400164,-3.3059427838906724e-11,1
0.15402448177337646,-2.1235323222068558e-10,188.94015286430658,-3.2707596545692567e-11,1
0.1540697067975998,-2.1256148230452965e-10,188.96026786461152,-3.274928525512208e-11,1
0.1547786146402359,-2.137445220817824e-10,188.98038286491646,-3.308308101475759e-11,1
0.15496638417243958,-2.1384921611300456e-10,189.0004978652214,-3.313943977914292e-11,1
0.1545875519514084,-2.1311498399345652e-10,189.02056786552566,-3.2944923659712026e-11,1
0.1538597196340561,-2.120575659514401e-10,189.0406828658306,-3.262711764356893e-11,1
0.15404249727725983,-2.1251796156196434e-10,189.06079786613554,-3.27367975152777e-11,1
0.15476098656654358,-2.1366611258066825e-10,189.08091286644049,-3.306717837882239e-11,1
0.15487709641456604,-2.137511001532033e-10,189.10102786674543,-3.310514974714723e-11,1
0.154394268989563,-2.1283125262172575e-10,189.12114286705037,-3.285992566666436e-11,1
0.15372227132320404,-2.1185295184800168e-10,189.14121286735462,-3.2566516944600195e-11,1
0.15404556691646576,-2.1255903981387547e-10,189.16132786765957,-3.2743777791348064e-11,1
0.1547061949968338,-2.1359931878794924e-10,189.1814428679645,-3.304513786359934e-11,1
0.15474030375480652,-2.1345242240400353e-10,189.20155786826945,-3.3029692679994774e-11,1
0.15421302616596222,-2.1247237302901567e-10,189.2216728685744,-3.276600762146768e-11,1
0.1536102443933487,-2.1172737174612877e-10,189.24178786887933,-3.252349331868423e-11,1
0.1540832817554474,-2.126567671956181e-10,189.2618578691836,-3.2766852577005005e-11,1
0.15468475222587585,-2.135606830266923e-10,189.28197286948853,-3.303458133917271e-11,1
0.1546337753534317,-2.1333235178389032e-10,189.30208786979347,-3.298838696136936e-11,1
0.15400725603103638,-2.1218250767507385e-10,189.3222028700984,-3.267764578482244e-11,1
0.1535094678401947,-2.1158159946299548e-10,189.34231787040335,-3.247977873834166e-11,1
0.15414288640022278,-2.1270536720852107e-10,189.3624328707083,-3.2787019254340734e-11,1
0.15461136400699615,-2.134244864171464e-10,189.38250287101255,-3.299785095744763e-11,1
0.15448816120624542,-2.1309146114312227e-10,189.4026178713175,-3.2920108000753056e-11,1
0.1537964791059494,-2.1189529297860332e-10,189.42273287162243,-3.258874999923279e-11,1
0.15345774590969086,-2.115256997337056e-10,189.44284787192737,-3.246025708310456e-11,1
0.15416091680526733,-2.128196369133306e-10,189.4629628722323,-3.280847034072316e-11,1
0.1545237898826599,-2.134250415286587e-10,189.48307787253725,-3.2979246272872424e-11,1
0.15430448949337006,-2.1292038965281535e-10,189.5031478728415,-3.2854572028107104e-11,1
0.15356925129890442,-2.1174068054463646e-10,189.52326287314645,-3.251685778076032e-11,1
0.15337763726711273,-2.116615216429807e-10,189.5433778734514,-3.246414408996222e-11,1
0.15414519608020782,-2.1285076479138354e-10,189.56349287375633,-3.280992287459001e-11,1
0.15441995859146118,-2.1326687638101305e-10,189.58360787406127,-3.2932662219686306e-11,1
0.15414434671401978,-2.1257215432335386e-10,189.60367787436553,-3.2766795857765175e-11,1
0.15337151288986206,-2.1138010786181383e-10,189.62379287467047,-3.241968693758861e-11,1
0.1533975750207901,-2.116483932557145e-10,189.6439078749754,-3.246635028247315e-11,1
0.15412679314613342,-2.128226345154971e-10,189.66402287528035,-3.280167016678518e-11,1
0.1543256938457489,-2.1303687980367414e-10,189.6841378755853,-3.287706429043542e-11,1
0.15395130217075348,-2.1218907186870695e-10,189.70425287589023,-3.266678392059103e-11,1
0.15322914719581604,-2.1108523262647338e-10,189.7243228761945,-3.234441018098496e-11,1
0.15340830385684967,-2.1155065199618406e-10,189.74443787649943,-3.2453626702545265e-11,1
0.15413177013397217,-2.1269862260364647e-10,189.76455287680437,-3.2783615206957734e-11,1
0.15423141419887543,-2.127830411868814e-10,189.7846678771093,-3.2817829359790276e-11,1
0.15379302203655243,-2.1207895162245194e-10,189.80478287741425,-3.261626288036069e-11,1
0.15310364961624146,-2.111696095763449e-10,189.8248978777192,-3.2330837914175215e-11,1
0.15344074368476868,-2.1183302334470966e-10,189.84496787802345,-3.2503816639005214e-11,1
0.15406012535095215,-2.1289860152595708e-10,189.8650828783284,-3.279918523813136e-11,1
0.1540926843881607,-2.127963638631769e-10,189.88519787863333,-3.2790362935716725e-11,1
0.15354587137699127,-2.118211855917096e-10,189.90531287893828,-3.252426851778644e-11,1
0.1529262363910675,-2.1104241965108628e-10,189.92542787924322,-3.227392295610489e-11,1
0.15341559052467346,-2.1198383326481718e-10,189.94554287954816,-3.2521624962005845e-11,1
0.15398302674293518,-2.1290985641186921e-10,189.96561287985242,-3.2784504113703347e-11,1
0.15393748879432678,-2.1268399541529703e-10,189.98572788015736,-3.2740040160974936e-11,1
0.15332476794719696,-2.1166977892672634e-10,190.0058428804623,-3.24542197353748e-11,1
0.15282239019870758,-2.1102139480255744e-10,190.02595788076724,-3.2248793936791957e-11,1
0.15344202518463135,-2.1207387235211428e-10,190.04607288107218,-3.254104446245541e-11,1
0.15389662981033325,-2.1281471029865884e-10,190.06614288137644,-3.2751466689026015e-11,1
0.15378382802009583,-2.124504183687037e-10,190.08625788168138,-3.267143860121014e-11,1
0.15310481190681458,-2.1132214034214059e-10,190.10637288198632,-3.2354436548828907e-11,1
0.15274690091609955,-2.1096831226419255e-10,190.12648788229126,-3.222475588985537e-11,1
0.1534343659877777,-2.1221141510707753e-10,190.1466028825962,-3.256052393232355e-11,1
0.1537853628396988,-2.127532178208824e-10,190.16671788290114,-3.271833079789787e-11,1
0.15358130633831024,-2.1216563228509955e-10,190.1867878832054,-3.258467496643916e-11,1
0.15285803377628326,-2.109765695479382e-10,190.20690288351034,-3.224946359396311e-11,1
0.1526775360107422,-2.109270397232521e-10,190.22701788381528,-3.220382070298607e-11,1
0.15339143574237823,-2.1211141176813442e-10,190.24713288412022,-3.253607398845692e-11,1
0.15371371805667877,-2.124665582359242e-10,190.26724788442516,-3.265902462914977e-11,1
0.15341712534427643,-2.1182249010376353e-10,190.2873628847301,-3.249719751498584e-11,1
0.15265843272209167,-2.106510660349059e-10,190.30743288503436,-3.2157661592126574e-11,1
0.15267601609230042,-2.1079833711912244e-10,190.3275478853393,-3.2183850310229305e-11,1
0.15338684618473053,-2.1198852395709622e-10,190.34766288564424,-3.251625111713518e-11,1
0.15359261631965637,-2.122102771284773e-10,190.36777788594918,-3.259393167408216e-11,1
0.15323203802108765,-2.1147804341037357e-10,190.38789288625412,-3.240521158848359e-11,1
0.15245682001113892,-2.104379448475413e-10,190.40800788655906,-3.208269988113558e-11,1
0.15264075994491577,-2.1091486890334465e-10,190.42807788686332,-3.219420587308881e-11,1
0.15334200859069824,-2.1197858746102582e-10,190.44819288716826,-3.25052223794927e-11,1
0.1534891426563263,-2.1202717359614098e-10,190.4683078874732,-3.254386909511574e-11,1
0.15305806696414948,-2.111399666215874e-10,190.48842288777814,-3.231667514997521e-11,1
0.15230508148670197,-2.1016910434212832e-10,190.50853788808308,-3.200982256281502e-11,1
0.1526634246110916,-2.1088610024921906e-10,190.52860788838734,-3.219459426692376e-11,1
0.15330255031585693,-2.1190073307142399e-10,190.54872288869228,-3.2484922793648945e-11,1
0.15335197746753693,-2.1185381227084576e-10,190.56883788899722,-3.248820104577054e-11,1
0.1528400182723999,-2.1084937962267958e-10,190.58895288930216,-3.222622303425453e-11,1
0.15221309661865234,-2.1007436068476437e-10,190.6090678896071,-3.197606896001166e-11,1
0.15269708633422852,-2.1098088553994643e-10,190.62918288991204,-3.2216166494165184e-11,1
0.15327446162700653,-2.1188453769305227e-10,190.6492528902163,-3.247648844198976e-11,1
0.15321899950504303,-2.1169435648893398e-10,190.66936789052124,-3.243559750209838e-11,1
0.15263155102729797,-2.1064337774046038e-10,190.68948289082618,-3.215082545815548e-11,1
0.15209700167179108,-2.099991291970582e-10,190.70959789113112,-3.194023790455963e-11,1
0.15270666778087616,-2.110966401680514e-10,190.72971289143607,-3.2235864499801784e-11,1
0.15319600701332092,-2.1188009680095377e-10,190.749827891741,-3.245918479550203e-11,1
0.15306398272514343,-2.1148967299655652e-10,190.76989789204526,-3.237145165409116e-11,1
0.15236791968345642,-2.1031749952715728e-10,190.7900128923502,-3.2045639875979284e-11,1
0.15200695395469666,-2.0999069150207106e-10,190.81012789265515,-3.1920045374070226e-11,1
0.15270781517028809,-2.1117879667187367e-10,190.8302428929601,-3.224865265005233e-11,1
0.1530986875295639,-2.1171930875141243e-10,190.85035789326503,-3.2413948294507756e-11,1
0.15289634466171265,-2.112358343797638e-10,190.87047289356997,-3.2297186938232814e-11,1
0.1521933227777481,-2.1004993577822262e-10,190.89054289387423,-3.1968197675340296e-11,1
0.1519743651151657,-2.0998938699001712e-10,190.91065789417917,-3.191300376873069e-11,1
0.15270014107227325,-2.1121164539561477e-10,190.9307728944841,-3.225204804801733e-11,1
0.15303237736225128,-2.1163788777034398e-10,190.95088789478905,-3.2387449105421065e-11,1
0.15277065336704254,-2.1102197766964537e-10,190.971002895094,-3.2237965403397184e-11,1
0.15197481215000153,-2.098412416051687e-10,190.99107289539825,-3.18905832742686e-11,1
0.15196824073791504,-2.0998749961087526e-10,191.0111878957032,-3.191143089281833e-11,1
0.15270359814167023,-2.1116117188135775e-10,191.03130289600813,-3.224507073409501e-11,1
0.15292738378047943,-2.1145084294627026e-10,191.05141789631307,-3.2336624209950154e-11,1
0.1525714099407196,-2.1067020350429289e-10,191.071532896618,-3.2142249981148294e-11,1
0.1518000215291977,-2.0958471069754125e-10,191.09164789692295,-3.181496359607743e-11,1
0.1520078182220459,-2.1003904171479348e-10,191.1117178972272,-3.1927576472515044e-11,1
0.15267983078956604,-2.1121164539561477e-10,191.13183289753215,-3.224775827978829e-11,1
0.15283580124378204,-2.1131368876936563e-10,191.1519478978371,-3.229629693684518e-11,1
0.15239398181438446,-2.1045201692437843e-10,191.17206289814203,-3.2071620839974257e-11,1
0.1516781598329544,-2.0947402146198613e-10,191.19217789844697,-3.1772634108162853e-11,1
0.1520080864429474,-2.101323282044376e-10,191.2122928987519,-3.1941813110157944e-11,1
0.15266302227973938,-2.1120312443390077e-10,191.23236289905617,-3.224290729100316e-11,1
0.15274153649806976,-2.111092134438053e-10,191.2524778993611,-3.2245145630305785e-11,1
0.1522035151720047,-2.101383372865584e-10,191.27259289966605,-3.198379360741453e-11,1
0.15160305798053741,-2.093102358102783e-10,191.292707899971,-3.173207181546558e-11,1
0.15208397805690765,-2.100822432682392e-10,191.31282290027593,-3.195014327535283e-11,1
0.15265800058841705,-2.1095518387692636e-10,191.33293790058087,-3.220399658441345e-11,1
0.1526346206665039,-2.107717889110461e-10,191.35300790088513,-3.2171072047637954e-11,1
0.15205484628677368,-2.0971058223295813e-10,191.37312290119007,-3.188751034614226e-11,1
0.15156088769435883,-2.0908305642386438e-10,191.393237901495,-3.16888136334506e-11,1
0.1521540880203247,-2.1018599360989043e-10,191.41335290179995,-3.1980658172358675e-11,1
0.15261738002300262,-2.1090770796483582e-10,191.4334679021049,-3.2188181816249806e-11,1
0.15252937376499176,-2.1049764709069052e-10,191.45353790240915,-3.2107074289747265e-11,1
0.151841402053833,-2.0943180523147475e-10,191.4736529027141,-3.1800418941012405e-11,1
0.15148158371448517,-2.09011016827354e-10,191.49376790301903,-3.1661319842782495e-11,1
0.15214374661445618,-2.102049506680359e-10,191.51388290332397,-3.1981368751541916e-11,1
0.1525411307811737,-2.1079890610842256e-10,191.53399790362892,-3.215550350521324e-11,1
0.15234914422035217,-2.1029687713447487e-10,191.55411290393386,-3.203854926364979e-11,1
0.1516149491071701,-2.0912258036354103e-10,191.5741829042381,-3.1706109378978364e-11,1
0.15143369138240814,-2.0898605068708775e-10,191.59429790454305,-3.164752910297675e-11,1
0.1521403044462204,-2.1018899121205692e-10,191.614412904848,-3.1978217114246283e-11,1
0.1524476259946823,-2.106109175947779e-10,191.63452790515294,-3.210713439588556e-11,1
0.15219663083553314,-2.0998994210152944e-10,191.65464290545788,-3.1959761697201454e-11,1
0.1514195054769516,-2.088581113612875e-10,191.67475790576282,-3.162519193717624e-11,1
0.1514248251914978,-2.0904737663141049e-10,191.69482790606708,-3.1654962463152536e-11,1
0.15214411914348602,-2.1023101315353898e-10,191.71494290637202,-3.198541231288781e-11,1
0.15238057076931,-2.1046216158726594e-10,191.73505790667696,-3.2070344308010334e-11,1
0.15203990042209625,-2.0967851066533427e-10,191.7551729069819,-3.187949988221087e-11,1
0.15130415558815002,-2.0856130711344179e-10,191.77528790728684,-3.1556192461160136e-11,1
0.15146510303020477,-2.0906129605258172e-10,191.79540290759178,-3.1665490746232433e-11,1
0.15218757092952728,-2.1020787888126335e-10,191.81547290789604,-3.199102647718775e-11,1
0.15230277180671692,-2.102912427526249e-10,191.83558790820098,-3.202793915790394e-11,1
0.1518954187631607,-2.0943706491305392e-10,191.85570290850592,-3.1812530679495597e-11,1
0.15120413899421692,-2.084851458139525e-10,191.87581790881086,-3.1523816965882455e-11,1
0.1515011191368103,-2.0909129982982222e-10,191.8959329091158,-3.167756592598842e-11,1
0.15213419497013092,-2.1011066497766961e-10,191.91600290942006,-3.196501687101665e-11,1
0.1522272825241089,-2.1006966999248533e-10,191.936117909725,-3.197833500369238e-11,1
0.151692733168602,-2.0909579623307195e-10,191.95623291002994,-3.1718312824659757e-11,1
0.15106388926506042,-2.083222899740278e-10,191.97634791033488,-3.146997534408034e-11,1
0.15152642130851746,-2.0915527643161624e-10,191.99646291063982,-3.1692550535476514e-11,1
0.15211232006549835,-2.1011581363694631e-10,192.01657791094476,-3.196120389476578e-11,1
0.15209156274795532,-2.0988109861175275e-10,192.03664791124902,-3.192114427911919e-11,1
0.15151989459991455,-2.088342831996215e-10,192.05676291155396,-3.1642548579255355e-11,1
0.15097269415855408,-2.0815382750782874e-10,192.0768779118589,-3.142554413827185e-11,1
0.1515524834394455,-2.0924476040740103e-10,192.09699291216384,-3.1711563086433385e-11,1
0.15204603970050812,-2.1010025663681375e-10,192.11710791246878,-3.194491196168793e-11,1
0.15194447338581085,-2.0968189684555938e-10,192.13722291277372,-3.1860005394736434e-11,1
0.1512792706489563,-2.0853632709538772e-10,192.15729291307798,-3.154722346680244e-11,1
0.15088187158107758,-2.0806714684518113e-10,192.17740791338292,-3.139356053053583e-11,1
0.15157048404216766,-2.0922562293801406e-10,192.19752291368786,-3.171242894273885e-11,1
0.15196670591831207,-2.0981359705185554e-10,192.2176379139928,-3.188468120084256e-11,1
0.15179426968097687,-2.0937176992141815e-10,192.23775291429774,-3.178143490703519e-11,1
0.15106083452701569,-2.0821122603820186e-10,192.25786791460268,-3.145256156322387e-11,1
0.15082532167434692,-2.0809257095244504e-10,192.27793791490694,-3.1385628951944385e-11,1
0.15157775580883026,-2.0933781097465243e-10,192.29805291521188,-3.173095559347093e-11,1
0.15186095237731934,-2.0985656268290853e-10,192.31816791551682,-3.18690174716571e-11,1
0.15163905918598175,-2.0913858145288344e-10,192.33828291582176,-3.171357773100606e-11,1
0.1508811116218567,-2.079431488111183e-10,192.3583979161267,-3.13746934467707e-11,1
0.1508314609527588,-2.0808599288102414e-10,192.37846791643096,-3.1385914310050236e-11,1
0.15155592560768127,-2.0928246635687486e-10,192.3985829167359,-3.1717997902174586e-11,1
0.15180577337741852,-2.0951247681200158e-10,192.41869791704084,-3.1805203574664364e-11,1
0.15146969258785248,-2.0882959250734245e-10,192.43881291734579,-3.163135418033366e-11,1
0.15069717168807983,-2.0773903430804097e-10,192.45892791765073,-3.130568491943476e-11,1
0.15085045993328094,-2.0814426571202915e-10,192.47904291795567,-3.1398658215134636e-11,1
0.1515285223722458,-2.0926906041385251e-10,192.49911291825993,-3.1710231502739306e-11,1
0.15168888866901398,-2.0936426203821412e-10,192.51922791856487,-3.175823223558493e-11,1
0.15128806233406067,-2.0853636872875114e-10,192.5393429188698,-3.154906315115396e-11,1
0.15056495368480682,-2.0751352025616399e-10,192.55945791917475,-3.124426356634055e-11,1
0.15086999535560608,-2.0817071677559085e-10,192.5795729194797,-3.140671507310658e-11,1
0.15152986347675323,-2.0927459765118783e-10,192.59968791978463,-3.1711351211236955e-11,1
0.1515926569700241,-2.0918651533197163e-10,192.6197579200889,-3.1711139661474265e-11,1
0.15107117593288422,-2.0826976254717522e-10,192.63987292039383,-3.146355793926433e-11,1
0.15044234693050385,-2.074411059593828e-10,192.65998792069877,-3.120792683038888e-11,1
0.15086770057678223,-2.082753969290252e-10,192.6801029210037,-3.142203022139864e-11,1
0.1514853984117508,-2.0921474275237273e-10,192.70021792130865,-3.1692978659455135e-11,1
0.15145474672317505,-2.0900968455972446e-10,192.7203329216136,-3.165550883768378e-11,1
0.15087945759296417,-2.079637573260129e-10,192.74040292191785,-3.137745890434366e-11,1
0.15033811330795288,-2.073212157505111e-10,192.7605179222228,-3.1168280424642883e-11,1
0.15094126760959625,-2.0842941261811632e-10,192.78063292252773,-3.146059974770205e-11,1
0.15144209563732147,-2.0926933796960867e-10,192.80074792283267,-3.1692187094752426e-11,1
0.15134860575199127,-2.0891906260533943e-10,192.8208629231376,-3.16196088403311e-11,1
0.15069589018821716,-2.0777836395868832e-10,192.84093292344187,-3.1311345518605913e-11,1
0.15028369426727295,-2.073208410502403e-10,192.8610479237468,-3.11569418916282e-11,1
0.1509883999824524,-2.085181610711473e-10,192.88116292405175,-3.148382350741582e-11,1
0.15140685439109802,-2.0911250508959256e-10,192.9012779243567,-3.1661066609457685e-11,1
0.15121908485889435,-2.0861627703094854e-10,192.92139292466163,-3.154676249928962e-11,1
0.15049445629119873,-2.074904553728274e-10,192.94150792496657,-3.1226163266946894e-11,1
0.1502837836742401,-2.0734478023420877e-10,192.96157792527083,-3.116055809870069e-11,1
0.15099529922008514,-2.085714378985415e-10,192.98169292557577,-3.149330667425368e-11,1
0.15132446587085724,-2.0905339959131908e-10,193.0018079258807,-3.1634894031643244e-11,1
0.15106388926506042,-2.084785816203194e-10,193.02192292618565,-3.149358536802879e-11,1
0.1503024697303772,-2.072677446340876e-10,193.0420379264906,-3.11528539139485e-11,1
0.1502346396446228,-2.0738595563063456e-10,193.06215292679553,-3.1156554311524116e-11,1
0.15098047256469727,-2.0861040672670583e-10,193.0822229270998,-3.149609778951175e-11,1
0.15120376646518707,-2.0894289076700545e-10,193.10233792740473,-3.1592952060095385e-11,1
0.1508857011795044,-2.082528732794131e-10,193.12245292770967,-3.142238080741072e-11,1
0.15012966096401215,-2.0715405779636598e-10,193.1425679280146,-3.10999684642878e-11,1
0.1502235233783722,-2.075309646354384e-10,193.16268292831955,-3.1176032717647914e-11,1
0.15093091130256653,-2.0865079108922657e-10,193.1827979286245,-3.1491854043098394e-11,1
0.15107035636901855,-2.0873637540663736e-10,193.20286792892875,-3.153387861985795e-11,1
0.15066958963871002,-2.0790842658602315e-10,193.2229829292337,-3.132547731614598e-11,1
0.1499357521533966,-2.0689985835709024e-10,193.24309792953864,-3.1021685883201546e-11,1
0.15023770928382874,-2.0748312790086487e-10,193.26321292984358,-3.117178985086959e-11,1
0.15086883306503296,-2.0858419158553687e-10,193.28332793014852,-3.1468853580323215e-11,1
0.15095512568950653,-2.0854684645854604e-10,193.30339793045277,-3.148121541930004e-11,1
0.15044310688972473,-2.076005756190824e-10,193.32351293075772,-3.1232075588229996e-11,1
0.1497935801744461,-2.0676985124090663e-10,193.34362793106266,-3.097279628951304e-11,1
0.15021739900112152,-2.075810495716368e-10,193.3637429313676,-3.118228534857415e-11,1
0.15081940591335297,-2.0852791715597618e-10,193.38385793167254,-3.145005658181321e-11,1
0.15078109502792358,-2.083352379500525e-10,193.40397293197748,-3.1413015311011936e-11,1
0.15021389722824097,-2.0726204086329858e-10,193.42404293228174,-3.113363890555501e-11,1
0.14964988827705383,-2.065462106903837e-10,193.44415793258668,-3.090961735386474e-11,1
0.15023119747638702,-2.0758537944143285e-10,193.46427293289162,-3.118580013207663e-11,1
0.15073050558567047,-2.0838815395496368e-10,193.48438793319656,-3.141045180369621e-11,1
0.1506584733724594,-2.0802230771277408e-10,193.5045029335015,-3.134032330742253e-11,1
0.1499733179807663,-2.0691354185586874e-10,193.52461793380644,-3.10315104072768e-11,1
0.14957980811595917,-2.0651218235467894e-10,193.5446879341107,-3.0890052610220845e-11,1
0.15023042261600494,-2.0764616415203108e-10,193.56480293441564,-3.1194770995151964e-11,1
0.15066306293010712,-2.0825194346762999e-10,193.58491793472058,-3.1375875663980646e-11,1
0.15049293637275696,-2.0779529485981385e-10,193.60503293502552,-3.127172408789624e-11,1
0.14974261820316315,-2.066097987141191e-10,193.62514793533046,-3.0938292205880726e-11,1
0.14950694143772125,-2.0644846943085327e-10,193.6452629356354,-3.0865479229105765e-11,1
0.15022924542427063,-2.0772103481725424e-10,193.66533293593966,-3.120577431934475e-11,1
0.15055806934833527,-2.082329864094845e-10,193.6854479362446,-3.1351156408450124e-11,1
0.15030169486999512,-2.0760601571190307e-10,193.70556293654954,-3.120353602670587e-11,1
0.14953914284706116,-2.064462212292284e-10,193.72567793685448,-3.0871790966633575e-11,1
0.14949700236320496,-2.065728421651869e-10,193.74579293715942,-3.088202067334291e-11,1
0.15021274983882904,-2.0781766585376005e-10,193.76586293746368,-3.121686305298022e-11,1
0.15045766532421112,-2.0810879408639238e-10,193.78597793776862,-3.131156329167559e-11,1
0.1501273512840271,-2.073912014344259e-10,193.80609293807356,-3.1135091750962483e-11,1
0.1493525356054306,-2.062302828509388e-10,193.8262079383785,-3.080101566241286e-11,1
0.14946404099464417,-2.065527887618046e-10,193.84632293868344,-3.087221448705244e-11,1
0.1502116471529007,-2.0773827102971154e-10,193.86643793898838,-3.120470786806868e-11,1
0.15036407113075256,-2.0790792698566207e-10,193.88650793929264,-3.12618823219194e-11,1
0.149952232837677,-2.0709908787885922e-10,193.90662293959758,-3.105497064608123e-11,1
0.1492314338684082,-2.0608301176672228e-10,193.92673793990252,-3.0754063341868005e-11,1
0.14948013424873352,-2.0668504407961308e-10,193.94685294020746,-3.089530813622597e-11,1
0.15016068518161774,-2.078065636235138e-10,193.9669679405124,-3.120437597894427e-11,1
0.15022239089012146,-2.077733679550775e-10,193.98708294081734,-3.121221209750469e-11,1
0.14973844587802887,-2.0682656975967717e-10,194.0071529411216,-3.096988912209778e-11,1
0.14909617602825165,-2.0589145666161102e-10,194.02726794142654,-3.06976288651327e-11,1
0.14951346814632416,-2.0671636624669532e-10,194.04738294173148,-3.090688084014916e-11,1
0.15012888610363007,-2.0772496223120385e-10,194.06749794203643,-3.118551719568926e-11,1
0.15014804899692535,-2.0759551022653255e-10,194.08761294234137,-3.117006084103513e-11,1
0.14957363903522491,-2.0650212095851828e-10,194.1077279426463,-3.0887273700257766e-11,1
0.1490183174610138,-2.0583962312414883e-10,194.12779794295056,-3.0673874304769846e-11,1
0.14955255389213562,-2.0679742640528076e-10,194.1479129432555,-3.09270832572307e-11,1
0.1500614583492279,-2.0763771257925612e-10,194.16802794356045,-3.1158417957941e-11,1
0.14998365938663483,-2.0725875182758813e-10,194.1881429438654,-3.1085426039008056e-11,1
0.14933912456035614,-2.0617288432056569e-10,194.20825794417033,-3.0789678052516856e-11,1
0.14890041947364807,-2.057136405664295e-10,194.2283279444746,-3.063084737179262e-11,1
0.14954796433448792,-2.0684789991953778e-10,194.24844294477953,-3.093368235983076e-11,1
0.1500009000301361,-2.0745948015044036e-10,194.26855794508447,-3.111910874235021e-11,1
0.1498449444770813,-2.070020960198704e-10,194.2886729453894,-3.101821758473693e-11,1
0.14910420775413513,-2.058445636166084e-10,194.30878794569435,-3.0692290578550066e-11,1
0.14885666966438293,-2.0565525671312201e-10,194.3289029459993,-3.0613156613289075e-11,1
0.14956484735012054,-2.0683503521023994e-10,194.34897294630355,-3.0935250467876344e-11,1
0.149900883436203,-2.0730377137123668e-10,194.3690879466085,-3.1075018468205026e-11,1
0.1496652215719223,-2.0674714718005305e-10,194.38920294691343,-3.094285759206547e-11,1
0.14891836047172546,-2.0551661761292195e-10,194.40931794721837,-3.060519774461087e-11,1
0.1488398164510727,-2.0563256653005624e-10,194.4294329475233,-3.0606313458696564e-11,1
0.14956174790859222,-2.0686138912928698e-10,194.44954794782825,-3.093855093297562e-11,1
0.1497906595468521,-2.071860877306264e-10,194.4696179481325,-3.1034540730102494e-11,1
0.149488165974617,-2.0643252385266209e-10,194.48973294843745,-3.0859219388245834e-11,1
0.1487436145544052,-2.053218844944027e-10,194.5098479487424,-3.054031924681954e-11,1
0.14879688620567322,-2.0565994740540106e-10,194.52996294904733,-3.06015597911462e-11,1
0.1495284140110016,-2.068516469222459e-10,194.55007794935227,-3.0930198699847106e-11,1
0.1497046798467636,-2.070114774044285e-10,194.5701929496572,-3.0990586949435506e-11,1
0.1492956131696701,-2.0619443652503122e-10,194.59026294996147,-3.078392483317916e-11,1
0.148576557636261,-2.0521494226155568e-10,194.6103779502664,-3.0490129696746e-11,1
0.1488214135169983,-2.05821124033001e-10,194.63049295057135,-3.063059061024864e-11,1
0.14952458441257477,-2.0694469748949729e-10,194.6506079508763,-3.0943319888503087e-11,1
0.1495809257030487,-2.0687770940774897e-10,194.67072295118123,-3.09449592805374e-11,1
0.1490916907787323,-2.0589188687303306e-10,194.6907929514855,-3.0696769531523977e-11,1
0.14842748641967773,-2.0503465592014436e-10,194.71090795179043,-3.0432778607150524e-11,1
0.1488390415906906,-2.0580065429598449e-10,194.73102295209537,-3.0631172144151376e-11,1
0.14945369958877563,-2.0679404022505565e-10,194.7511379524003,-3.090613436454465e-11,1
0.14946633577346802,-2.06649017342464e-10,194.77125295270525,-3.088707141336594e-11,1
0.14889997243881226,-2.0554927204763374e-10,194.7913679530102,-3.0606280942710586e-11,1
0.14831165969371796,-2.0490284469154574e-10,194.81143795331445,-3.0389480972167274e-11,1
0.14885859191417694,-2.0590648630580688e-10,194.8315529536194,-3.065094961747817e-11,1
0.1494103968143463,-2.067325061139158e-10,194.85166795392433,-3.0887985772904436e-11,1
0.14931228756904602,-2.0640437969898784e-10,194.87178295422927,-3.0818710097125837e-11,1
0.1486692875623703,-2.053481551467229e-10,194.89189795453422,-3.0528963927910376e-11,1
0.14825581014156342,-2.0490051322319403e-10,194.91201295483916,-3.037769158632676e-11,1
0.14890465140342712,-2.0601391426122717e-10,194.93208295514341,-3.0676430087323556e-11,1
0.14932800829410553,-2.0666214572973018e-10,194.95219795544836,-3.0860446611606795e-11,1
0.14918774366378784,-2.062366666333304e-10,194.9723129557533,-3.076798295576736e-11,1
0.14846235513687134,-2.050389857899404e-10,194.99242795605824,-3.044057072525005e-11,1
0.14818990230560303,-2.0482041063196732e-10,195.01254295636318,-3.035231664174473e-11,1
0.14893613755702972,-2.0598156513784716e-10,195.03261295666744,-3.067809871958268e-11,1
0.1492755115032196,-2.0639837061686706e-10,195.05272795697238,-3.081022234726392e-11,1
0.14905592799186707,-2.0586632398789106e-10,195.07284295727732,-3.0685595964289466e-11,1
0.14829258620738983,-2.046804531419255e-10,195.09295795758226,-3.0352593742516604e-11,1
0.14822399616241455,-2.0478475859508904e-10,195.1130729578872,-3.035401527211947e-11,1
0.14896473288536072,-2.060070308784745e-10,195.13318795819214,-3.068778232731821e-11,1
0.14920498430728912,-2.0638019071483882e-10,195.1532579584964,-3.079295311694286e-11,1
0.14890533685684204,-2.0571022663062877e-10,195.17337295880134,-3.0631350591331095e-11,1
0.14811095595359802,-2.0455137583752503e-10,195.19348795910628,-3.0296299816919544e-11,1
0.14821749925613403,-2.0486054519430752e-10,195.21360295941122,-3.036391770494849e-11,1
0.14894786477088928,-2.0600908479107005e-10,195.23371795971616,-3.0684613303034966e-11,1
0.14910344779491425,-2.061803783259819e-10,195.2538329600211,-3.074220527606371e-11,1
0.148708775639534,-2.0533795497268414e-10,195.27390296032536,-3.053555587631362e-11,1
0.1479622721672058,-2.043041152921532e-10,195.2940179606303,-3.0229301111737766e-11,1
0.1482209414243698,-2.0487725405082813e-10,195.31413296093524,-3.036709947185353e-11,1
0.14891798794269562,-2.0596144234552582e-10,195.33424796124018,-3.0671363587871213e-11,1
0.14900879561901093,-2.0599670580434548e-10,195.35436296154512,-3.069532103338924e-11,1
0.14852865040302277,-2.0505042108709404e-10,195.37447796185006,-3.04558623086376e-11,1
0.14785845577716827,-2.041368324379178e-10,195.39454796215432,-3.018335681151308e-11,1
0.1482420265674591,-2.0490108221249415e-10,195.41466296245926,-3.037495167304568e-11,1
0.14886164665222168,-2.0593704519455969e-10,195.4347779627642,-3.065612765435515e-11,1
0.14888080954551697,-2.0575695314217768e-10,195.45489296306914,-3.0633261753426414e-11,1
0.1482987254858017,-2.0477107509631054e-10,195.47500796337408,-3.036728945314024e-11,1
0.14774133265018463,-2.0404281042551986e-10,195.49507796367834,-3.014555672995529e-11,1
0.14827802777290344,-2.049826974825919e-10,195.51519296398328,-3.0394430110288427e-11,1
0.14885321259498596,-2.0589614735389006e-10,195.53530796428822,-3.064830299455715e-11,1
0.14873671531677246,-2.0560254887502794e-10,195.55542296459316,-3.0580647780427826e-11,1
0.14810368418693542,-2.0445983794914468e-10,195.5755379648981,-3.028125526853212e-11,1
0.1476687341928482,-2.0392552924075602e-10,195.59565296520304,-3.0113424772589095e-11,1
0.14831702411174774,-2.050643821416287e-10,195.6157229655073,-3.0414538910560597e-11,1
0.1487601101398468,-2.057612691341859e-10,195.63583796581224,-3.0609069058916156e-11,1
0.14863057434558868,-2.053749809105554e-10,195.65595296611718,-3.052500136895016e-11,1
0.14792971312999725,-2.0420243274088534e-10,195.67606796642212,-3.020760729580673e-11,1
0.1476449817419052,-2.0398893685324992e-10,195.69618296672706,-3.011794285724874e-11,1
0.1483611911535263,-2.0521608024015592e-10,195.716297967032,-3.0446102108287165e-11,1
0.14870184659957886,-2.0576478021450129e-10,195.73636796733626,-3.059760278305283e-11,1
0.1484692543745041,-2.052258363249848e-10,195.7564829676412,-3.046972689755451e-11,1
0.1477082222700119,-2.040315277840321e-10,195.77659796794615,-3.0137134256013923e-11,1
0.14758674800395966,-2.04041283868861e-10,195.7967129682511,-3.011378954475799e-11,1
0.14831866323947906,-2.0526354227445864e-10,195.81682796855603,-3.0444414201948006e-11,1
0.14858651161193848,-2.055849102067242e-10,195.83694296886097,-3.0547144647670755e-11,1
0.14826864004135132,-2.0492881003253416e-10,195.85701296916523,-3.038451596881627e-11,1
0.1475101113319397,-2.037714996738771e-10,195.87712796947017,-3.005835660316992e-11,1
0.1475844383239746,-2.0407016354528906e-10,195.8972429697751,-3.0117580465513125e-11,1
0.1483079195022583,-2.052551045794715e-10,195.91735797008005,-3.044095752739987e-11,1
0.14849376678466797,-2.054250797245416e-10,195.937472970385,-3.0504343880337905e-11,1
0.14808812737464905,-2.046072755668149e-10,195.95754297068925,-3.0299908285918404e-11,1
0.147344172000885,-2.0361953789738152e-10,195.9776579709942,-3.0002152214692506e-11,1
0.1475917249917984,-2.0418629287366485e-10,195.99777297129913,-3.013620718490475e-11,1
0.14828608930110931,-2.0527105015766267e-10,196.01788797160407,-3.0438841274611656e-11,1
0.1483868658542633,-2.0527460287134147e-10,196.038002971909,-3.046005495955692e-11,1
0.14787490665912628,-2.0434670622293538e-10,196.05811797221395,-3.021775010881647e-11,1
0.14721478521823883,-2.0347008800047917e-10,196.0781879725182,-2.9953805303326694e-11,1
0.14760933816432953,-2.0422251389984325e-10,196.09830297282315,-3.014515011501145e-11,1
0.14825159311294556,-2.0523764632240926e-10,196.1184179731281,-3.0426808034048445e-11,1
0.14825811982154846,-2.0508755804726775e-10,196.13853297343303,-3.04058957548806e-11,1
0.14769595861434937,-2.0406323852917296e-10,196.15864797373797,-3.013931563251483e-11,1
0.1471065878868103,-2.0335520767300608e-10,196.1787629740429,-2.991489072978963e-11,1
0.14765146374702454,-2.0436546899205155e-10,196.19883297434717,-3.0174860636023566e-11,1
0.14816881716251373,-2.0524608401739641e-10,196.2189479746521,-3.041106949609554e-11,1
0.14809678494930267,-2.049890673871957e-10,196.23906297495705,-3.0358221829799634e-11,1
0.1474349945783615,-2.0389606669724003e-10,196.259177975262,-3.006141548805682e-11,1
0.1470019817352295,-2.034328677735786e-10,196.27929297556693,-2.990503471279696e-11,1
0.1476476788520813,-2.045472541345461e-10,196.29940797587187,-3.020092728853252e-11,1
0.14806702733039856,-2.0526030874989942e-10,196.31947797617613,-3.0392283745517404e-11,1
0.14793506264686584,-2.0483729989972943e-10,196.33959297648107,-3.030261879308132e-11,1
0.14724187552928925,-2.0368445818874648e-10,196.359707976786,-2.999088163987813e-11,1
0.14690694212913513,-2.0345013174161153e-10,196.37982297709095,-2.9888236729929843e-11,1
0.1476384848356247,-2.046138536382358e-10,196.3999379773959,-3.020887932752741e-11,1
0.14795564115047455,-2.0507978648609537e-10,196.42000797770015,-3.0342711296552667e-11,1
0.14776340126991272,-2.0453506943685085e-10,196.4401229780051,-3.022279753896685e-11,1
0.14698205888271332,-2.0334431360957694e-10,196.46023797831003,-2.988796587642776e-11,1
0.1468755155801773,-2.033559431957599e-10,196.48035297861497,-2.9868009003170483e-11,1
0.14761854708194733,-2.0459246796722397e-10,196.50046797891991,-3.020164286523145e-11,1
0.147885262966156,-2.0505792897029806e-10,196.52058297922486,-3.032504574906787e-11,1
0.1475619673728943,-2.044027030967399e-10,196.5406529795291,-3.016206500529253e-11,1
0.14680694043636322,-2.032133628038224e-10,196.56076797983405,-2.9833132049013825e-11,1
0.14688511192798615,-2.0349459617374777e-10,196.580882980139,-2.989032653572128e-11,1
0.14761164784431458,-2.0466751904368863e-10,196.60099798044394,-3.021130974624651e-11,1
0.14777986705303192,-2.04849678886454e-10,196.62111298074888,-3.027265831169645e-11,1
0.1473798155784607,-2.0403752298836508e-10,196.64122798105382,-3.007101250911118e-11,1
0.1466694176197052,-2.0299868730422332e-10,196.66129798135808,-2.977369924447508e-11,1
0.1468479484319687,-2.035461799110294e-10,196.68141298166302,-2.989033893109907e-11,1
0.147525817155838,-2.0463618299881858e-10,196.70152798196796,-3.018912011655232e-11,1
0.14765648543834686,-2.0464950567511409e-10,196.7216429822729,-3.0217826754682367e-11,1
0.14717863500118256,-2.0375742759703996e-10,196.74175798257784,-2.9988740065084627e-11,1
0.14648467302322388,-2.0281695767288e-10,196.76187298288278,-2.970957572827686e-11,1
0.14688681066036224,-2.0357839025653135e-10,196.78194298318704,-2.9902980464152454e-11,1
0.14750167727470398,-2.0456507321409134e-10,196.80205798349198,-3.017369141090109e-11,1
0.1475212275981903,-2.0443262360725356e-10,196.82217298379692,-3.0158151595660825e-11,1
0.14693953096866608,-2.0345143625366546e-10,196.84228798410186,-2.989505861801507e-11,1
0.14637888967990875,-2.0275917056444825e-10,196.8624029844068,-2.967966225964317e-11,1
0.14688587188720703,-2.0369794739849567e-10,196.88251798471174,-2.992035060526247e-11,1
0.14743676781654358,-2.0454447857698455e-10,196.902587985016,-3.015737679611084e-11,1
0.14736832678318024,-2.0428572722330784e-10,196.92270298532094,-3.010524580658405e-11,1
0.14673489332199097,-2.0318878524161477e-10,196.94281798562588,-2.9814884726653275e-11,1
0.14627812802791595,-2.0268620115615477e-10,196.96293298593082,-2.9648558082211934e-11,1
0.146940678358078,-2.038517826763453e-10,196.98304798623576,-2.995411923096567e-11,1
0.1473572850227356,-2.045179581244838e-10,197.00311798654002,-3.0137211047617464e-11,1
0.1472322791814804,-2.0410506618162572e-10,197.02323298684496,-3.005085408640765e-11,1
0.1465444415807724,-2.0292463542848083e-10,197.0433479871499,-2.9737477381848546e-11,1
0.14622370898723602,-2.026674245092508e-10,197.06346298745484,-2.9634782502633313e-11,1
0.14694297313690186,-2.038947483073983e-10,197.08357798775978,-2.996090052328939e-11,1
0.1472909301519394,-2.043906016657715e-10,197.10369298806472,-3.010488183366602e-11,1
0.1470911204814911,-2.0385328147742854e-10,197.12376298836898,-2.998500758634376e-11,1
0.1463436484336853,-2.0267568179299644e-10,197.14387798867392,-2.9660298722371745e-11,1
0.14624401926994324,-2.0266330280627187e-10,197.16399298897886,-2.9638295960910765e-11,1
0.14698933064937592,-2.0388406241078627e-10,197.1841079892838,-2.996878186383706e-11,1
0.14728593826293945,-2.042911673161285e-10,197.20422298958874,-3.008921625698714e-11,1
0.14698243141174316,-2.036086577117402e-10,197.22433798989368,-2.9926895566952944e-11,1
0.14624619483947754,-2.0248519527754638e-10,197.24440799019794,-2.9612689320669705e-11,1
0.1463014930486679,-2.0276798295970622e-10,197.26452299050288,-2.966525864947187e-11,1
0.14706559479236603,-2.0398574496205413e-10,197.28463799080782,-2.999928491200837e-11,1
0.1472809612751007,-2.0420994062408937e-10,197.30475299111276,-3.007623635704712e-11,1
0.14690810441970825,-2.034293150598998e-10,197.3248679914177,-2.988541505884949e-11,1
0.14619113504886627,-2.0244024512283687e-10,197.34498299172265,-2.9594969214078237e-11,1
0.14642593264579773,-2.0294717295588072e-10,197.3650529920269,-2.971672907789285e-11,1
0.14717480540275574,-2.040742991260558e-10,197.38516799233184,-3.0034595261581026e-11,1
0.14730586111545563,-2.0415684420793667e-10,197.40528299263678,-3.007349973866403e-11,1
0.14684639871120453,-2.0328841388028707e-10,197.42539799294173,-2.9852171478033e-11,1
0.14618921279907227,-2.024177214732248e-10,197.44551299324667,-2.95912873587526e-11,1
0.14660106599330902,-2.031701751281645e-10,197.46558299355092,-2.978496425183619e-11,1
0.14722615480422974,-2.0416003609913247e-10,197.48569799385587,-3.005769707956801e-11,1
0.14730508625507355,-2.04044461882269e-10,197.5058129941608,-3.00567870574377e-11,1
0.14677512645721436,-2.0306741010944762e-10,197.52592799446575,-2.9805244798153183e-11,1
0.14622026681900024,-2.0237926612320933e-10,197.5460429947707,-2.9591950291169126e-11,1
0.146759033203125,-2.03386335551059e-10,197.56615799507563,-2.984878197219979e-11,1
0.14734075963497162,-2.042810504088166e-10,197.5862279953799,-3.009892514626497e-11,1
0.14731237292289734,-2.0399323896747035e-10,197.60634299568483,-3.0050728092525705e-11,1
0.14670729637145996,-2.0293494662482203e-10,197.62645799598977,-2.9772037358614174e-11,1
0.14628157019615173,-2.0244642073841135e-10,197.6465729962947,-2.961418030620559e-11,1
0.14693912863731384,-2.036124185922361e-10,197.66668799659965,-2.9918631367679175e-11,1
0.14743421971797943,-2.0433807423891892e-10,197.6868029969046,-3.0126424534089565e-11,1
0.14730580151081085,-2.0399788802638597e-10,197.70687299720885,-3.005007240223943e-11,1
0.14662989974021912,-2.02886929479007e-10,197.7269879975138,-2.97492901281077e-11,1
0.14635667204856873,-2.0259030564240277e-10,197.74710299781873,-2.9650442923124444e-11,1
0.14709702134132385,-2.0381596410601333e-10,197.76721799812367,-2.998072122180474e-11,1
0.14748673141002655,-2.0440597825466256e-10,197.7873329984286,-3.0147169613449144e-11,1
0.14728353917598724,-2.0388805921367492e-10,197.80740299873287,-3.00293549567133e-11,1
0.14656972885131836,-2.027270851190366e-10,197.8275179990378,-2.971365389671533e-11,1
0.14647777378559113,-2.0273159540007413e-10,197.84763299934275,-2.9695672770204044e-11,1
0.14724646508693695,-2.039919344554164e-10,197.8677479996477,-3.0037091254806204e-11,1
0.14752236008644104,-2.043534647055978e-10,197.88786299995263,-3.014670540521102e-11,1
0.1471652239561081,-2.0350660046020153e-10,197.90797800025757,-2.994909443327177e-11,1
0.14633452892303467,-2.02296970841509e-10,197.92804800056183,-2.96030319306491e-11,1
0.14631758630275726,-2.0253666799252557e-10,197.94816300086677,-2.9634676398469254e-11,1
0.14701232314109802,-2.0378068676940586e-10,197.9682780011717,-2.995827217325877e-11,1
0.147138774394989,-2.0389982757773595e-10,197.98839300147665,-3.000157072913765e-11,1
0.14670729637145996,-2.0302556857920706e-10,198.0085080017816,-2.97853322605339e-11,1
0.14596925675868988,-2.0188867244641528e-10,198.02862300208653,-2.946953946500183e-11,1
0.14616592228412628,-2.0235657594014356e-10,198.0486930023908,-2.957763555254892e-11,1
0.14681842923164368,-2.0345537754540288e-10,198.06880800269573,-2.987099894994708e-11,1
0.1468828171491623,-2.0349759377591425e-10,198.08892300300067,-2.989029985688212e-11,1
0.14640112221240997,-2.0256329946732876e-10,198.1090380033056,-2.96554943610654e-11,1
0.14569373428821564,-2.0161833313991906e-10,198.12915300361055,-2.937452785612031e-11,1
0.14602252840995789,-2.0235957354231005e-10,198.1492680039155,-2.954905657660893e-11,1
0.14665943384170532,-2.0331908379134234e-10,198.16933800421975,-2.981866171805251e-11,1
0.146656334400177,-2.031360774035207e-10,198.1894530045247,-2.979119249643097e-11,1
0.14608268439769745,-2.0214663276618694e-10,198.20956800482963,-2.953012275644013e-11,1
0.1454833745956421,-2.0142508494469524e-10,198.22968300513458,-2.9304001085968126e-11,1
0.14597846567630768,-2.0231133435189008e-10,198.24979800543952,-2.953309817761539e-11,1
0.1465127319097519,-2.031448065320518e-10,198.26986800574377,-2.976330057828892e-11,1
0.14646627008914948,-2.0288243307575726e-10,198.28998300604871,-2.9715433239217656e-11,1
0.14579184353351593,-2.0180386528512173e-10,198.31009800635366,-2.9421357552107195e-11,1
0.14532355964183807,-2.012374850091092e-10,198.3302130066586,-2.924454765489478e-11,1
0.14593897759914398,-2.0230253583441993e-10,198.35032800696354,-2.952382524538943e-11,1
0.14638963341712952,-2.0295934377578817e-10,198.37044300726848,-2.97111439339188e-11,1
0.14622966945171356,-2.024989204096883e-10,198.39051300757274,-2.9611350195837575e-11,1
0.14554007351398468,-2.0138550549386736e-10,198.41062800787768,-2.930966127422842e-11,1
0.14522086083889008,-2.0109226783748824e-10,198.43074300818262,-2.920279224340469e-11,1
0.14592978358268738,-2.0232784891938138e-10,198.45085800848756,-2.952565920555599e-11,1
0.14627428352832794,-2.0285896573657425e-10,198.4709730087925,-2.9673049870415025e-11,1
0.146040141582489,-2.0230253583441993e-10,198.49108800909744,-2.9544290975755243e-11,1
0.1452929675579071,-2.010909633254343e-10,198.5111580094017,-2.9217102810630613e-11,1
0.14516109228134155,-2.010840244315304e-10,198.53127300970664,-2.918957662680892e-11,1
0.14589951932430267,-2.0229652675229914e-10,198.55138801001158,-2.951496601413638e-11,1
0.1461474597454071,-2.0269312617227087e-10,198.57150301031652,-2.962308549793268e-11,1
0.1458730846643448,-2.0199747430282855e-10,198.59161801062146,-2.946599467096032e-11,1
0.14510132372379303,-2.0080728746485477e-10,198.6117330109264,-2.913740322453466e-11,1
0.14514586329460144,-2.0108908982408025e-10,198.63180301123066,-2.918724954164178e-11,1
0.14587576687335968,-2.022753214925288e-10,198.6519180115356,-2.950706764227801e-11,1
0.14607349038124084,-2.0250946752842225e-10,198.67203301184054,-2.958126475712319e-11,1
0.1456833928823471,-2.017098710282994e-10,198.69214801214548,-2.9385778389263306e-11,1
0.14493194222450256,-2.006686483646547e-10,198.71226301245042,-2.9083296951055156e-11,1
0.1451474130153656,-2.0120773103204925e-10,198.73233301275468,-2.920478163799345e-11,1
0.14583629369735718,-2.0230910002805302e-10,198.75244801305962,-2.950400932933915e-11,1
0.14594587683677673,-2.02261443704721e-10,198.77256301336456,-2.951922375175786e-11,1
0.14546841382980347,-2.0133165967717304e-10,198.7926780136695,-2.928739718696016e-11,1
0.14480049908161163,-2.0044484128067808e-10,198.81279301397444,-2.9024513055776615e-11,1
0.1451825499534607,-2.0122153943091803e-10,198.83290801427938,-2.921385620014152e-11,1
0.145803764462471,-2.022264578016575e-10,198.85297801458364,-2.94853788213927e-11,1
0.14584779739379883,-2.020956041404176e-10,198.87309301488858,-2.9475198726849e-11,1
0.14526838064193726,-2.011007194102632e-10,198.89320801519352,-2.9213575854657534e-11,1
0.14468440413475037,-2.0037956016683012e-10,198.91332301549846,-2.8991797263521175e-11,1
0.14521051943302155,-2.013168381997943e-10,198.9334380158034,-2.923332264560568e-11,1
0.14574509859085083,-2.0221772867312637e-10,198.95355301610834,-2.9472242802282726e-11,1
0.14570236206054688,-2.019164002664553e-10,198.9736230164126,-2.9419696457585373e-11,1
0.1450607031583786,-2.0080580254155933e-10,198.99373801671754,-2.9129030914961125e-11,1
0.14460162818431854,-2.002898680242282e-10,199.01385301702248,-2.896224102512568e-11,1
0.1452174186706543,-2.0139112599792952e-10,199.03396801732742,-2.924549946059582e-11,1
0.14567764103412628,-2.0202411965541955e-10,199.05408301763237,-2.9430397183397586e-11,1
0.1455385535955429,-2.016592309805887e-10,199.0741980179373,-2.9349192796104374e-11,1
0.14482595026493073,-2.0055469784896474e-10,199.09426801824156,-2.9045524696072376e-11,1
0.14454489946365356,-2.0028424752016605e-10,199.1143830185465,-2.8950066421955907e-11,1
0.14522279798984528,-2.0148437085421023e-10,199.13449801885145,-2.926012408667204e-11,1
0.1455841362476349,-2.0202092776422376e-10,199.1546130191564,-2.941104227250036e-11,1
0.14538948237895966,-2.014564209895653e-10,199.17472801946133,-2.928964476959068e-11,1
0.14464159309864044,-2.0027039748793385e-10,199.19479801976559,-2.896742934315271e-11,1
0.14450468122959137,-2.0023095681498404e-10,199.21491302007053,-2.8934310586845344e-11,1
0.14521704614162445,-2.0146523338482325e-10,199.23502802037547,-2.9256186092377017e-11,1
0.14548565447330475,-2.0190442373557715e-10,199.2551430206804,-2.937419722822589e-11,1
0.14519481360912323,-2.0123616661926746e-10,199.27525802098535,-2.9218447703699006e-11,1
0.14441844820976257,-2.0008182610720127e-10,199.2953730212903,-2.8895506841377567e-11,1
0.14449180662631989,-2.0036705628001528e-10,199.31544302159455,-2.895139795029692e-11,1
0.1451982706785202,-2.0155246915898317e-10,199.3355580218995,-2.9265069972870134e-11,1
0.1453760713338852,-2.0170763670446235e-10,199.35567302220443,-2.932346378213732e-11,1
0.14499209821224213,-2.008819499632608e-10,199.37578802250937,-2.912629541813982e-11,1
0.14425022900104523,-1.9977977605556418e-10,199.3959030228143,-2.8818278445792666e-11,1
0.14445792138576508,-2.0030677116977813e-10,199.41601802311925,-2.8935899802680244e-11,1
0.14514471590518951,-2.0142584822302467e-10,199.4360880234235,-2.923589751629274e-11,1
0.1452733725309372,-2.0148305246436848e-10,199.45620302372845,-2.9270122539326566e-11,1
0.14479245245456696,-2.0056339922192024e-10,199.4763180240334,-2.9040066445966217e-11,1
0.14410844445228577,-1.9958484864801562e-10,199.49643302433833,-2.876186207491042e-11,1
0.14448359608650208,-2.002696203318166e-10,199.51654802464327,-2.8935674932419315e-11,1
0.145128533244133,-2.01297145618895e-10,199.5366630249482,-2.9213959489900884e-11,1
0.14515545964241028,-2.011522476363936e-10,199.55673302525247,-2.919834696376465e-11,1
0.14458629488945007,-2.0020132773801436e-10,199.5768480255574,-2.8946368209587984e-11,1
0.14398697018623352,-1.9940024631459607e-10,199.59696302586235,-2.8711037321227365e-11,1
0.14454567432403564,-2.002964322178613e-10,199.6170780261673,-2.895198285962926e-11,1
0.1450909823179245,-2.011605604312905e-10,199.63719302647223,-2.918658331660015e-11,1
0.1450314074754715,-2.0089202523720928e-10,199.6572630267765,-2.91356531707504e-11,1
0.14438052475452423,-1.998506776734743e-10,199.67737802708143,-2.88545457150435e-11,1
0.14393217861652374,-1.9932895611862733e-10,199.69749302738637,-2.8689850915511492e-11,1
0.14457173645496368,-2.004990617976432e-10,199.7176080276913,-2.898649752167635e-11,1
0.14502237737178802,-2.0122528643362614e-10,199.73772302799625,-2.918216942592347e-11,1
0.14488480985164642,-2.007915361756929e-10,199.7578380283012,-2.909164353863525e-11,1
0.14418725669384003,-1.9963955488755403e-10,199.77790802860545,-2.8785479746815718e-11,1
0.14390918612480164,-1.9938672934927126e-10,199.7980230289104,-2.8693581944739727e-11,1
0.14460699260234833,-2.0062551620014801e-10,199.81813802921533,-2.9011852536997118e-11,1
0.144976407289505,-2.0117181531720263e-10,199.83825302952027,-2.916516703259585e-11,1
0.14475645124912262,-2.0062680683441414e-10,199.85836802982521,-2.904202458279301e-11,1
0.14400498569011688,-1.9944713935959868e-10,199.87848303013016,-2.8721382449413755e-11,1
0.14386849105358124,-1.994274606564872e-10,199.8985530304344,-2.8691327839296253e-11,1
0.14458897709846497,-2.0061161065676458e-10,199.91866803073935,-2.9006227578937105e-11,1
0.14489132165908813,-2.0096996289353797e-10,199.9387830310443,-2.9118803537422617e-11,1
0.14459051191806793,-2.0031463987546516e-10,199.95889803134924,-2.896359632427693e-11,1
0.14380726218223572,-1.9919274563129363e-10,199.97901303165418,-2.8645363395798832e-11,1
