0,0,0,0,0
Voltage [V],Current [A],Time [s],Power [W],Cycle
-0.05499386042356491,-9.933723843502662e-10,9.000000136438757e-05,5.4629382253582416e-11,0
-0.045429788529872894,-8.366820430927291e-11,0.4524750068594585,3.801028828444468e-12,0
-0.04393627494573593,-8.674819890197583e-11,0.46251000701158773,3.811392718004598e-12,0
-0.04969073086977005,-7.908028398784239e-11,0.47259000716439914,3.929557108744862e-12,0
-0.04633016511797905,-8.772496618014713e-11,0.48262500731652835,4.064312168095345e-12,0
-0.04856637120246887,-8.297262182876963e-11,0.49270500746933976,4.029679151378098e-12,0
-0.05085859075188637,-8.380162536125724e-11,0.502740007621469,4.2620325685910834e-12,0
-0.04900193586945534,-8.762293668418408e-11,0.5127750077735982,4.293693524091734e-12,0
-0.05468922108411789,-7.962695780516782e-11,0.5228550079264096,4.3547362996625495e-12,0
-0.05146786943078041,-8.814728807982064e-11,0.5328900080785388,4.536753113569595e-12,0
-0.05338648706674576,-8.391786571193549e-11,0.5429700082313502,4.480080052499151e-12,0
-0.05627211555838585,-8.371567328246954e-11,0.5530050083834794,4.710858040999201e-12,0
-0.05398975685238838,-8.830249725866324e-11,0.5630850085362908,4.76743035645392e-12,0
-0.05964161828160286,-8.008010921045638e-11,0.5731200086884201,4.776107305479109e-12,0
-0.056650858372449875,-8.843913795741898e-11,0.5831550088405493,5.0101530790072985e-12,0
-0.05816251412034035,-8.486351205094778e-11,0.5932350089933607,4.935875217964923e-12,0
-0.06164652854204178,-8.363260778354586e-11,0.6032700091454899,5.1556599427737456e-12,0
-0.059014301747083664,-8.89422910321791e-11,0.6133500092983013,5.248867201049951e-12,0
-0.06457765400409698,-8.0541344427143e-11,0.6233850094504305,5.201171073440846e-12,0
-0.06179678812623024,-8.871306467206352e-11,0.6334200096025597,5.4821824615680706e-12,0
-0.06296659260988235,-8.581817895203514e-11,0.6435000097553711,5.403678312594777e-12,0
-0.06693654507398605,-8.359756636933113e-11,0.6535350099075004,5.595732269356274e-12,0
-0.06406690180301666,-8.958469382980283e-11,0.6636150100603118,5.739413782647291e-12,0
-0.06950334459543228,-8.114606903086852e-11,0.673650010212441,5.63992319841719e-12,0
-0.0669289082288742,-8.905106513301675e-11,0.6837300103652524,5.960090565971178e-12,0
-0.06782478839159012,-8.684489932742068e-11,0.6937650105173816,5.8902369197712544e-12,0
-0.07226156443357468,-8.3704952691388e-11,0.7038000106695108,6.048650832318054e-12,0
-0.0690794289112091,-9.032784242801739e-11,0.7138800108223222,6.239795769709125e-12,0
-0.07427053898572922,-8.197443418511696e-11,0.7239150109744514,6.088285409978823e-12,0
-0.07210377603769302,-8.948374680128879e-11,0.7339950111272628,6.452116038373756e-12,0
-0.07266706228256226,-8.794817651924802e-11,0.7440300112793921,6.390935620761975e-12,0
-0.0774836614727974,-8.393229167236171e-11,0.7540650114315213,6.503381274577367e-12,0
-0.07411399483680725,-9.10748004789852e-11,0.7641450115843327,6.749917292462759e-12,0
-0.0790480300784111,-8.295306108685452e-11,0.7741800117364619,6.5572760678899495e-12,0
-0.07726260274648666,-8.995697242664136e-11,0.7842600118892733,6.950309824876246e-12,0
-0.0775207132101059,-8.906262533026066e-11,0.7942950120414025,6.9041982359662494e-12,0
-0.08270001411437988,-8.426324915600247e-11,0.8043750121942139,6.968571894524913e-12,0
-0.07917261123657227,-9.191548216991308e-11,0.8144100123463431,7.277188736460618e-12,0
-0.08374935388565063,-8.411635277205676e-11,0.8244450124984724,7.044690195877211e-12,0
-0.08243145048618317,-9.051950161653721e-11,0.8345250126512838,7.461653815537564e-12,0
-0.08241758495569229,-9.02605490349373e-11,0.844560012803413,7.439056468234375e-12,0
-0.08783479034900665,-8.471900958539891e-11,0.8546400129562244,7.441276445508998e-12,0
-0.08423718810081482,-9.277698054255268e-11,0.8646750131083536,7.815271961388646e-12,0
-0.08846096694469452,-8.539095125437157e-11,0.8747100132604828,7.553766116288985e-12,0
-0.08764639496803284,-9.110651816301996e-11,0.8847900134132942,7.985157875078305e-12,0
-0.08734739571809769,-9.148733159936029e-11,0.8948250135654234,7.991180156402146e-12,0
-0.09292948246002197,-8.535439022239188e-11,0.9049050137182348,7.931939309057638e-12,0
-0.08926991373300552,-9.373807979828896e-11,0.914940013870364,8.367990297090844e-12,0
-0.09307979792356491,-8.689166747233301e-11,0.9250200140231755,8.087858849566355e-12,0
-0.09288739413022995,-9.164797393212964e-11,0.9350550141753047,8.512941475870767e-12,0
-0.09232865273952484,-9.271864526150253e-11,0.9450900143274339,8.560587600828458e-12,0
-0.09797608107328415,-8.60828908155753e-11,0.9551700144802453,8.434064289569473e-12,0
-0.09435203671455383,-9.46587808137167e-11,0.9652050146323745,8.931248762690702e-12,0
-0.09770551323890686,-8.835888964942029e-11,0.9752850147851859,8.633150662416545e-12,0
-0.09822385013103485,-9.203889039799407e-11,0.9853200149373151,9.040414176679312e-12,0
-0.09732845425605774,-9.38462849098265e-11,0.9953550150894444,9.13391384794701e-12,0
-0.10302066802978516,-8.674896911919916e-11,1.0054350152422558,8.9369367495551e-12,0
-0.09948151558637619,-9.543252299515359e-11,1.015470015394385,9.493772023789576e-12,0
-0.10237932205200195,-8.968643883111582e-11,1.0255500155471964,9.18203680478798e-12,0
-0.10356532782316208,-9.234764342114232e-11,1.0355850156993256,9.564013964607081e-12,0
-0.10228502005338669,-9.492899522012266e-11,1.0456200158514548,9.709814179738095e-12,0
-0.10802316665649414,-8.748188284890546e-11,1.0557000160042662,9.45007001041121e-12,0
-0.1045595183968544,-9.620111651731378e-11,1.0657350161563954,1.0058742412290004e-11,0
-0.1070631593465805,-9.108021975512415e-11,1.0758150163092068,9.751336080964426e-12,0
-0.10891298949718475,-9.271637624319595e-11,1.085850016461336,1.009801771199223e-11,0
-0.10725755244493484,-9.607876300110618e-11,1.0959300166141475,1.0305172961435612e-11,0
-0.113015316426754,-8.829754288841585e-11,1.1059650167662767,9.978974749239199e-12,0
-0.10967663675546646,-9.699155367748347e-11,1.116000016918406,1.0637707401033681e-11,0
-0.11182113736867905,-9.244610632563877e-11,1.1260800170712173,1.0337428754638761e-11,0
-0.11427093297243118,-9.303750131417488e-11,1.1361150172233465,1.0631482076594555e-11,0
-0.11219392716884613,-9.717852911261815e-11,1.146195017376158,1.0902840817636674e-11,0
-0.11798835545778275,-8.914961130424004e-11,1.1562300175282871,1.051861602748784e-11,0
-0.11482874304056168,-9.772593151380349e-11,1.1662650176804163,1.122174587819807e-11,0
-0.11663724482059479,-9.377486287487358e-11,1.1763450178332278,1.0937641639154335e-11,0
-0.11972767859697342,-9.333904482655697e-11,1.186380017985357,1.1175267159542508e-11,0
-0.11726857721805573,-9.827849645205333e-11,1.1964600181381684,1.1524979450062032e-11,0
-0.12294081598520279,-9.004599149653458e-11,1.2064950182902976,1.1070327670780593e-11,0
-0.11995220184326172,-9.84384518343262e-11,1.216575018443109,1.1807909043569293e-11,0
-0.12137232720851898,-9.519158378212822e-11,1.2266100185952382,1.1553624054301615e-11,0
-0.1250465214252472,-9.368345682547741e-11,1.2366450187473674,1.1714790391118281e-11,0
-0.12231316417455673,-9.931044181454851e-11,1.2467250189001788,1.2146974373910636e-11,0
-0.12780681252479553,-9.092485792061566e-11,1.256760019052308,1.1620816270103796e-11,0
-0.1251010149717331,-9.909088827253498e-11,1.2668400192051195,1.239637069734473e-11,0
-0.12618686258792877,-9.651048710201948e-11,1.2768750193572487,1.2178355574236604e-11,0
-0.1303386092185974,-9.39953045953068e-11,1.286910019509378,1.2251217274030727e-11,0
-0.12732167541980743,-1.0025567875882047e-10,1.2969900196621893,1.2764720989923022e-11,0
-0.13272425532341003,-9.18467940591583e-11,1.3070250198143185,1.2190297345344386e-11,0
-0.13027988374233246,-9.971281439424828e-11,1.31710501996713,1.2990573866903441e-11,0
-0.13104256987571716,-9.77799369250576e-11,1.3271400201192591,1.2813334216945077e-11,0
-0.1356130838394165,-9.430748543204359e-11,1.3372200202720705,1.2789328928580278e-11,0
-0.13236626982688904,-1.0118385990187662e-10,1.3472550204241998,1.3393330101897938e-11,0
-0.13756760954856873,-9.289116004174147e-11,1.357290020576329,1.27788148351359e-11,0
-0.13543671369552612,-1.0029300306912958e-10,1.3673700207291404,1.3583354742338226e-11,0
-0.13598677515983582,-9.89568357812054e-11,1.3774050208812696,1.3456820977907574e-11,0
-0.14088614284992218,-9.464664468827877e-11,1.387485021034081,1.3334400703818671e-11,0
-0.13743793964385986,-1.0201305772339353e-10,1.3975200211862102,1.4020464470273352e-11,0
-0.14228951930999756,-9.394666294904042e-11,1.4075550213383394,1.3367625511797318e-11,0
-0.14061957597732544,-1.0076020573457356e-10,1.4176350214911508,1.416885740578381e-11,0
-0.1408630758523941,-1.000362431780033e-10,1.42767002164328,1.4091412910771622e-11,0
-0.14609907567501068,-9.492580332892686e-11,1.4377500217960915,1.3868572124064066e-11,0
-0.14251594245433807,-1.0269941147500461e-10,1.4477850219482207,1.4636303415866144e-11,0
-0.14701701700687408,-9.499404041157788e-11,1.457865022101032,1.396574045474063e-11,0
-0.145798459649086,-1.0110157155907018e-10,1.4679000222531613,1.4740453401414274e-11,0
-0.1457352489233017,-1.0099300562504965e-10,1.4779350224052905,1.471824081427902e-11,0
-0.1512298434972763,-9.51455580988636e-11,1.488015022558102,1.4388847860752153e-11,0
-0.14759601652622223,-1.0327137756060978e-10,1.4980500227102311,1.5242443949121496e-11,0
-0.15165475010871887,-9.598021682988289e-11,1.5081300228630425,1.4555855798716543e-11,0
-0.15103967487812042,-1.0128713839874237e-10,1.5181650230151718,1.5298376453081235e-11,0
-0.15072886645793915,-1.0181353676808058e-10,1.528200023167301,1.5346238987126495e-11,0
-0.1563626229763031,-9.538698303446225e-11,1.5382800233201124,1.491495886506464e-11,0
-0.1526801884174347,-1.037913921475564e-10,1.5483150234722416,1.5846889309196762e-11,0
-0.15629248321056366,-9.69941002515462e-11,1.558395023625053,1.5159448785088513e-11,0
-0.15635232627391815,-1.0132897992898293e-10,1.5684300237771822,1.5843021730859643e-11,0
-0.1556551307439804,-1.0257442811800743e-10,1.5785100239299936,1.5966236019697467e-11,0
-0.1613711267709732,-9.56145718156165e-11,1.5885450240821228,1.5429431189610172e-11,0
-0.15777261555194855,-1.0420939111632777e-10,1.598580024234252,1.6441388201499023e-11,0
-0.16092419624328613,-9.79662323485897e-11,1.6086600243870635,1.5765137199679815e-11,0
-0.16173085570335388,-1.0120840276961474e-10,1.6186950245391927,1.6368521584299482e-11,0
-0.1606796830892563,-1.0320238413852323e-10,1.628775024692004,1.6582526377433602e-11,0
-0.1664198487997055,-9.580702897693527e-11,1.6388100248441333,1.5944191276290572e-11,0
-0.16285474598407745,-1.0445795617375353e-10,1.6488450249962625,1.7011473918692526e-11,0
-0.16565212607383728,-9.876316431345344e-11,1.658925025149074,1.6360328146303297e-11,0
-0.1670394092798233,-1.0096436880990822e-10,1.6689600253012031,1.6865028524317286e-11,0
-0.1656581312417984,-1.03711123022876e-10,1.6790400254540145,1.718059082895789e-11,0
-0.17142991721630096,-9.594780525645774e-11,1.6890750256061438,1.6448324312200317e-11,0
-0.16796498000621796,-1.0455260962549673e-10,1.6991550257589552,1.756117698534447e-11,0
-0.1703599989414215,-9.94599472226021e-11,1.7091900259110844,1.6943996503556332e-11,0
-0.17244470119476318,-1.0060489941121631e-10,1.7192250260632136,1.7348781817696403e-11,0
-0.17061452567577362,-1.0410748652045498e-10,1.729305026216025,1.7762249431984423e-11,0
-0.17640502750873566,-9.602674211350859e-11,1.7393400263681542,1.6939600084107748e-11,0
-0.17311379313468933,-1.0454397764148027e-10,1.7494200265209656,1.8098004518904802e-11,0
-0.17510412633419037,-1.0006076522905971e-10,1.7594550266730948,1.7521052875765035e-11,0
-0.1778273582458496,-1.0009415518652531e-10,1.769490026825224,1.7799479192669903e-11,0
-0.17564912140369415,-1.0436817382553087e-10,1.7795700269780355,1.8332178034962527e-11,0
-0.1813410073518753,-9.605395645539971e-11,1.7896050271301647,1.741852122375535e-11,0
-0.178270623087883,-1.0442276210387291e-10,1.799685027282976,1.86155108648152e-11,0
-0.17992690205574036,-1.0052802340565492e-10,1.8097200274351053,1.8087695821166447e-11,0
-0.18319354951381683,-9.95087970356856e-11,1.8197550275872345,1.822936973681722e-11,0
-0.180705726146698,-1.0452833043572696e-10,1.829835027740046,1.8888867854290033e-11,0
-0.1863078624010086,-9.603313283479409e-11,1.8398700278921751,1.78917276981226e-11,0
-0.1834334433078766,-1.0420100199359794e-10,1.8499500280449865,1.9113948591816583e-11,0
-0.1847023367881775,-1.009859973422067e-10,1.8599850281971158,1.865234969199026e-11,0
-0.1886303573846817,-9.887574786704434e-11,1.8700650283499272,1.8650967656838253e-11,0
-0.18570682406425476,-1.0461315841370222e-10,1.8801000285020564,1.942737740433941e-11,0
-0.1912335455417633,-9.596078792695195e-11,1.8901350286541856,1.8350921708252256e-11,0
-0.18860028684139252,-1.0387388171828604e-10,1.900215028806997,1.9590643887397626e-11,0
-0.18955186009407043,-1.0130794814156019e-10,1.9102500289591262,1.920311001254636e-11,0
-0.19391745328903198,-9.821830154743694e-11,1.9203300291119376,1.904624290245316e-11,0
-0.19077660143375397,-1.0456369797795517e-10,1.9303650292640668,1.994830693357978e-11,0
-0.19614072144031525,-9.594718769490029e-11,1.940400029416196,1.881915061464708e-11,0
-0.19372104108333588,-1.0351143553410935e-10,1.9504800295690075,2.005234305569827e-11,0
-0.19445285201072693,-1.0156332719279959e-10,1.9605150297211367,1.9749278632338497e-11,0
-0.1991644650697708,-9.759616032001261e-11,1.970595029873948,1.9437687062998905e-11,0
-0.19582167267799377,-1.0447114701106486e-10,1.9806300300260773,2.045771475429531e-11,0
-0.2008780539035797,-9.606892364955044e-11,1.9907100301788887,1.9298138423333277e-11,0
-0.1989256888628006,-1.03067727963424e-10,2.000745030331018,2.0502818784647856e-11,0
-0.19932089745998383,-1.0174800585405208e-10,2.010780030483147,2.028050384159335e-11,0
-0.20440346002578735,-9.696439484674357e-11,2.0208600306359585,1.981985780598101e-11,0
-0.20089969038963318,-1.0430172003861315e-10,2.0308950307880878,2.095418326286358e-11,0
-0.20559796690940857,-9.617549118212665e-11,2.040975030940899,1.977348545355899e-11,0
-0.2041354477405548,-1.0256007848541415e-10,2.0510100310930284,2.093614754192646e-11,0
-0.20424248278141022,-1.0187228144387106e-10,2.0610450312451576,2.080664768870281e-11,0
-0.20952822268009186,-9.632379616153486e-11,2.071125031397969,2.0182553811525853e-11,0
-0.205961212515831,-1.0406386863337502e-10,2.081160031550098,2.1433120562818072e-11,0
-0.21027177572250366,-9.63029239686719e-11,2.0912400317029096,2.02497868301619e-11,0
-0.20927314460277557,-1.0200687516892515e-10,2.101275031855039,2.134729953770375e-11,0
-0.20910733938217163,-1.0197356153929249e-10,2.1113550320078502,2.13234201408056e-11,0
-0.21471711993217468,-9.570808728875946e-11,2.1213900321599795,2.0550164856859608e-11,0
-0.21105775237083435,-1.0378273934685822e-10,2.1314250323121087,2.190415170143605e-11,0
-0.2149716466665268,-9.64678961712373e-11,2.14150503246492,2.0737862490386418e-11,0
-0.2145940512418747,-1.0130588729007073e-10,2.1515400326170493,2.173964076822902e-11,0
-0.21410182118415833,-1.019119511003197e-10,2.1616200327698607,2.1819534331009335e-11,0
-0.21977084875106812,-9.510398024659139e-11,2.17165503292199,2.0901082458398206e-11,0
-0.2160966545343399,-1.0345192757998944e-10,2.181690033074119,2.235561545516453e-11,0
-0.21958331763744354,-9.667239925237325e-11,2.1917700332269305,2.1227646151807636e-11,0
-0.21990051865577698,-1.0050926757543266e-10,2.2018050333790598,2.210204006954991e-11,0
-0.21907223761081696,-1.0184733612028651e-10,2.211885033531871,2.2311923818572147e-11,0
-0.22482003271579742,-9.457715860472504e-11,2.2219200336840004,2.1262839891681446e-11,0
-0.22117266058921814,-1.0303120162591384e-10,2.232000033836812,2.278768498730754e-11,0
-0.22425712645053864,-9.680926199573392e-11,2.242035033988941,2.1710166908960626e-11,0
-0.225258469581604,-9.957887292522116e-11,2.25207003414107,2.2430984517796342e-11,0
-0.22402063012123108,-1.016635109429842e-10,2.2621500342938816,2.2774723781783992e-11,0
-0.22983013093471527,-9.40093211609927e-11,2.272185034446011,2.160617459151465e-11,0
-0.2263455092906952,-1.0249174425824847e-10,2.2822650345988222,2.3198546052224935e-11,0
-0.2289244532585144,-9.690025171149586e-11,2.2923000347509515,2.2182837143666613e-11,0
-0.23056909441947937,-9.860170319120343e-11,2.3023350349030807,2.2734505413014063e-11,0
-0.22904519736766815,-1.0144054346516995e-10,2.312415035055892,2.323446929906337e-11,0
-0.23486490547657013,-9.346147467059751e-11,2.3224500352080213,2.1950820414210738e-11,0
-0.23141618072986603,-1.0191997940056652e-10,2.3325300353608327,2.3585932372945724e-11,0
-0.23365665972232819,-9.69239480341777e-11,2.342565035512962,2.2646925944766478e-11,0
-0.23596972227096558,-9.753916424548592e-11,2.3526450356657733,2.3016289497549408e-11,0
-0.23403365910053253,-1.011928943417395e-10,2.3626800358179025,2.368254333777087e-11,0
-0.23977620899677277,-9.293712327496095e-11,2.3727150359700317,2.2284111093935872e-11,0
-0.23659703135490417,-1.0130788569151505e-10,2.382795036122843,2.3969145007454435e-11,0
-0.23842591047286987,-9.688602697899285e-11,2.3928300362749724,2.3100139194565403e-11,0
-0.2413991093635559,-9.646067278268333e-11,2.402910036427784,2.3285520498349155e-11,0
-0.23906604945659637,-1.0093385849341274e-10,2.412945036579913,2.412985880643131e-11,0
-0.24474100768566132,-9.245667426105442e-11,2.422980036732042,2.2627939625915404e-11,0
-0.2417137771844864,-1.0067792433066103e-10,2.4330600368848536,2.433524136905798e-11,0
-0.24326924979686737,-9.689653246436336e-11,2.443095037036983,2.357194676052348e-11,0
-0.2467283010482788,-9.543916351661963e-11,2.4531750371897942,2.3547542667924436e-11,0
-0.24403910338878632,-1.0062572303182193e-10,2.4632100373419235,2.455661122653417e-11,0
-0.2496965378522873,-9.198853484493341e-11,2.473290037494735,2.2969218672884364e-11,0
-0.24684454500675201,-1.0003532724400799e-10,2.483325037646864,2.4693174838148696e-11,0
-0.24805088341236115,-9.694311325914029e-11,2.4933600377989933,2.404682488467433e-11,0
-0.2520574927330017,-9.445940557517574e-11,2.5034400379518047,2.380920093432852e-11,0
-0.24911297857761383,-1.0032067537801836e-10,2.513475038103934,2.499118225633604e-11,0
-0.25459882616996765,-9.161425784665056e-11,2.5235550382567453,2.332488250818998e-11,0
-0.2520276606082916,-9.936431538681845e-11,2.5335900384088745,2.504255595488433e-11,0
-0.2528756856918335,-9.693879032823816e-11,2.5436250385610037,2.45134630743901e-11,0
-0.2573505938053131,-9.351958790704273e-11,2.553705038713815,2.4067321480305627e-11,0
-0.2541395127773285,-9.998656763654523e-11,2.5637400388659444,2.5410537583429006e-11,0
-0.2594068944454193,-9.139228956955847e-11,2.573820039018756,2.370779001349565e-11,0
-0.25721266865730286,-9.87117679263072e-11,2.583855039170885,2.538991725620583e-11,0
-0.2577272653579712,-9.693507801999957e-11,2.593890039323014,2.498281257535607e-11,0
-0.2626216411590576,-9.266465372803623e-11,2.6039700394758256,2.433574343949266e-11,0
-0.25921958684921265,-9.965205050033177e-11,2.614005039627955,2.5831763359372875e-11,0
-0.26415887475013733,-9.127489042359826e-11,2.6240850397807662,2.4111072347239803e-11,0
-0.2623462677001953,-9.807158557473272e-11,2.6341200399328955,2.5728714442971444e-11,0
-0.2626456916332245,-9.694833824624993e-11,2.644200040085707,2.5463063351378103e-11,0
-0.26781535148620605,-9.18160825147396e-11,2.654235040237836,2.4589756410771485e-11,0
-0.2642214596271515,-9.93136198279565e-11,2.6642700403899653,2.624078959179868e-11,0
-0.26888880133628845,-9.124819649874993e-11,2.6743500405427767,2.4535618180646982e-11,0
-0.2675292491912842,-9.744664797306513e-11,2.684385040694906,2.6069828568441487e-11,0
-0.26753196120262146,-9.69431201980342e-11,2.6944650408477173,2.5935383071681553e-11,0
-0.27302098274230957,-9.108232223997703e-11,2.7045000409998465,2.4867385128410248e-11,0
-0.2693364918231964,-9.897291319838075e-11,2.7145350411519757,2.6657017226373606e-11,0
-0.2735646069049835,-9.131582989763132e-11,2.724615041304787,2.4980779110147853e-11,0
-0.27276575565338135,-9.67712160404588e-11,2.7346500414569164,2.6395873868772362e-11,0
-0.272494375705719,-9.691763364072514e-11,2.7447300416097278,2.6409510073804987e-11,0
-0.27806606888771057,-9.0458210366684e-11,2.754765041761857,2.5153358955281368e-11,0
-0.2743903398513794,-9.863311556390641e-11,2.7648450419146684,2.706397410018066e-11,0
-0.27813196182250977,-9.151103486093604e-11,2.7748800420667976,2.5452143654280222e-11,0
-0.2780187129974365,-9.600139433407762e-11,2.784915042218927,2.6690184098719654e-11,0
-0.277436763048172,-9.685281049387484e-11,2.7949950423717382,2.687053023553866e-11,0
-0.2831420600414276,-8.989532729319905e-11,2.8050300425238675,2.545314815789475e-11,0
-0.27950310707092285,-9.830077030148487e-11,2.815110042676679,2.747537072673012e-11,0
-0.2827427089214325,-9.174373760689747e-11,2.825145042828808,2.593987289755129e-11,0
-0.28332728147506714,-9.521816668467409e-11,2.8351800429809373,2.6977904313808516e-11,0
-0.28237712383270264,-9.680404394751818e-11,2.8452600431337487,2.733524750527473e-11,0
-0.28812742233276367,-8.943074752965074e-11,2.855295043285878,2.576745076301044e-11,0
-0.28453564643859863,-9.792368305117094e-11,2.8653750434386893,2.7862778458613368e-11,0
-0.2874316871166229,-9.195066930089979e-11,2.8754100435908185,2.6429536008660293e-11,0
-0.2886923849582672,-9.432755271321369e-11,2.88549004374363,2.723164616005433e-11,0
-0.2873154878616333,-9.674203105269896e-11,2.895525043895759,2.779548384863148e-11,0
-0.2931478023529053,-8.901027831464958e-11,2.9055600440478884,2.6093167474759986e-11,0
-0.2896704375743866,-9.755100893737989e-11,2.9156400442006998,2.825764344471373e-11,0
-0.2921392023563385,-9.217492741298017e-11,2.925675044352829,2.6927909771681426e-11,0
-0.2940736711025238,-9.353182811588923e-11,2.9357550445056404,2.7505248058969797e-11,0
-0.2923552989959717,-9.672216499945208e-11,2.9457900446577696,2.827723746795252e-11,0
-0.29810845851898193,-8.866668510520981e-11,2.955825044809899,2.643228881870207e-11,0
-0.2947811484336853,-9.716287496797094e-11,2.9659050449627102,2.8641783868177047e-11,0
-0.29690223932266235,-9.239216336442979e-11,2.9759400451148394,2.743144019876445e-11,0
-0.2994188666343689,-9.270880590994679e-11,2.986020045267651,2.775876559258195e-11,0
-0.2973468601703644,-9.669125222711017e-11,2.99605504541978,2.875084025567196e-11,0
-0.30307456851005554,-8.838718645876043e-11,3.0061350455725915,2.678790839780664e-11,0
-0.29992595314979553,-9.679059637113241e-11,3.0161700457247207,2.903001187254903e-11,0
-0.30172091722488403,-9.262548367194867e-11,3.02620504587685,2.7947045891898873e-11,0
-0.30480819940567017,-9.191709199329878e-11,3.0362850460296613,2.8017083305082744e-11,0
-0.302367240190506,-9.667640993304971e-11,3.0463200461817905,2.923177926298226e-11,0
-0.3080008924007416,-8.818951124922592e-11,3.056400046334602,2.716244816514682e-11,0
-0.3050781190395355,-9.639197079414075e-11,3.066435046486731,2.94070811403903e-11,0
-0.3064839839935303,-9.290827135410851e-11,3.0764700466388604,2.847489715055916e-11,0
-0.3101554214954376,-9.115307120222127e-11,3.0865500467916718,2.8271619219328575e-11,0
-0.30738967657089233,-9.661869915245092e-11,3.096585046943801,2.9699590683172236e-11,0
-0.3129733204841614,-8.799444506379928e-11,3.1066650470966124,2.7539913655778383e-11,0
-0.310203492641449,-9.597892619561676e-11,3.1167000472487416,2.977299812585618e-11,0
-0.3112938106060028,-9.321935584560848e-11,3.126780047401553,2.9018608503416426e-11,0
-0.31548061966896057,-9.044504728494829e-11,3.1368150475536822,2.8533659563443926e-11,0
-0.3124080002307892,-9.654511912149388e-11,3.1468500477058114,3.016146759678923e-11,0
-0.31787362694740295,-8.793644284965652e-11,3.156930047858623,2.7952676029473335e-11,0
-0.31535354256629944,-9.560194996760529e-11,3.166965048010752,3.0148413598530445e-11,0
-0.31610390543937683,-9.351075469510306e-11,3.1770450481635635,2.955911475970562e-11,0
-0.3207773268222809,-8.978463805764392e-11,3.1870800483156927,2.880087618583704e-11,0
-0.31743866205215454,-9.651523330544975e-11,3.197115048467822,3.0637666528133515e-11,0
-0.32264164090156555,-8.805465384620348e-11,3.2071950486206333,2.841009800595844e-11,0
-0.32056328654289246,-9.526536504100847e-11,3.2172300487727625,3.0538578511254046e-11,0
-0.3210262358188629,-9.379232113193581e-11,3.227310048925574,3.0109795801699344e-11,0
-0.32597267627716064,-8.926317324187139e-11,3.237345049077703,2.909735547464465e-11,0
-0.3225153684616089,-9.65110422135318e-11,3.2474250492305146,3.1126294340111096e-11,0
-0.32737958431243896,-8.830149805794107e-11,3.2574600493826438,2.8908107728374386e-11,0
-0.32570716738700867,-9.495557812266853e-11,3.267495049534773,3.0927712377930176e-11,0
-0.3259184956550598,-9.41300787316024e-11,3.2775750496875844,3.0678733656096194e-11,0
-0.33122360706329346,-8.884847718659827e-11,3.2876100498397136,2.942871309582582e-11,0
-0.32758599519729614,-9.652850047059403e-11,3.297690049992525,3.162138489156221e-11,0
-0.33199551701545715,-8.870564699448025e-11,3.3077250501446542,2.94498771361231e-11,0
-0.3308839499950409,-9.470330075700417e-11,3.3177600502967834,3.133580223204589e-11,0
-0.33078673481941223,-9.450035198810269e-11,3.327840050449595,3.125946287342964e-11,0
-0.33632633090019226,-8.851416821720193e-11,3.337875050601724,2.9769645429173936e-11,0
-0.33264464139938354,-9.656783706013528e-11,3.3479550507545355,3.21227735295828e-11,0
-0.3366927206516266,-8.918217553333108e-11,3.3579900509066647,3.002698931394817e-11,0
-0.3361019492149353,-9.438217568602525e-11,3.368025051058794,3.172203321921956e-11,0
-0.335777223110199,-9.483188539993748e-11,3.3781050512116053,3.184238714189563e-11,0
-0.3414249122142792,-8.829115216713035e-11,3.3881400513637345,3.0144798877960044e-11,0
-0.3377313017845154,-9.66454971607078e-11,3.398220051516546,3.264020956769753e-11,0
-0.34129729866981506,-8.978814219906539e-11,3.408255051668675,3.0644450385122246e-11,0
-0.34144508838653564,-9.39711364278395e-11,3.4183350518214866,3.2085982983386856e-11,0
-0.3406962454319,-9.52183679125973e-11,3.4283700519736158,3.2440540443975204e-11,0
-0.3464329242706299,-8.819283497940589e-11,3.438405052125745,3.055290172163268e-11,0
-0.34278592467308044,-9.671292933166598e-11,3.4484850522785564,3.3151830908797405e-11,0
-0.3459656834602356,-9.044873183761126e-11,3.4585200524306856,3.129215732831075e-11,0
-0.3467682898044586,-9.357116470543048e-11,3.468600052583497,3.2447512759913445e-11,0
-0.345693975687027,-9.557721281083786e-11,3.4786350527356262,3.304046668166359e-11,0
-0.35145124793052673,-8.815655844207626e-11,3.4886700528877554,3.0982732477728113e-11,0
-0.34791669249534607,-9.675046180879221e-11,3.498750053040567,3.366110066991228e-11,0
-0.3506505489349365,-9.108953175074319e-11,3.508785053192696,3.194059431062443e-11,0
-0.35213151574134827,-9.31703880713286e-11,3.5188650533455075,3.2808229973766575e-11,0
-0.3506711423397064,-9.595645805715591e-11,3.5289000534976367,3.364916076177499e-11,0
-0.3564385771751404,-8.816221364060794e-11,3.538980053650448,3.142441399066905e-11,0
-0.3530341386795044,-9.676648371481633e-11,3.5490150538025773,3.416187223130447e-11,0
-0.35538890957832336,-9.170993131579763e-11,3.5590500539547065,3.259269248782425e-11,0
-0.3574867844581604,-9.277944384988857e-11,3.569130054107518,3.316742504571311e-11,0
-0.3556750416755676,-9.632601660758411e-11,3.579165054259647,3.42607599713439e-11,0
-0.3613929748535156,-8.825473685192264e-11,3.5892450544124586,3.189464189583052e-11,0
-0.3581615388393402,-9.678709222971094e-11,3.5992800545645878,3.4665413892778416e-11,0
-0.3601643443107605,-9.23307402755924e-11,3.609315054716717,3.3254240531085864e-11,0
-0.36287206411361694,-9.233331460523075e-11,3.6193950548695284,3.350518045725206e-11,0
-0.36064186692237854,-9.668506273374788e-11,3.6294300550216576,3.4868681527806125e-11,0
-0.36635738611221313,-8.840204263060869e-11,3.639510055174469,3.2386741265130234e-11,0
-0.36327043175697327,-9.679718832034112e-11,3.6495450553265982,3.516355639399137e-11,0
-0.3649143576622009,-9.300662323630249e-11,3.6596250554794096,3.3939452176605654e-11,0
-0.3682253062725067,-9.195000316708501e-11,3.669660055631539,3.385831807795784e-11,0
-0.36566635966300964,-9.705029835327394e-11,3.679695055783668,3.548802930305066e-11,0
-0.371323823928833,-8.861015393657468e-11,3.6897750559364795,3.2903061198651444e-11,0
-0.3683875501155853,-9.681532658900593e-11,3.6998100560886087,3.5665560975764184e-11,0
-0.3696643114089966,-9.372409098817869e-11,3.70989005624142,3.4646451557579217e-11,0
-0.3735828697681427,-9.16081169255456e-11,3.7199250563935493,3.422322321510089e-11,0
-0.37069907784461975,-9.745323992227384e-11,3.7299600565456785,3.6125826172157395e-11,0
-0.3762160837650299,-8.89099766032686e-11,3.74004005669849,3.344936320532215e-11,0
-0.3735540509223938,-9.688602697899285e-11,3.750075056850619,3.619216785577911e-11,0
-0.3745465874671936,-9.444977439043711e-11,3.7601550570034306,3.5375840684984557e-11,0
-0.37886878848075867,-9.139025647364463e-11,3.7701900571555598,3.462491574911555e-11,0
-0.3757290542125702,-9.786086524465887e-11,3.780270057308371,3.676917034279946e-11,0
-0.3810662627220154,-8.937577761214399e-11,3.7903050574605004,3.405809355253368e-11,0
-0.37871235609054565,-9.697032760103141e-11,3.8003400576126296,3.6723861236658677e-11,0
-0.37933263182640076,-9.518669880081987e-11,3.810420057765441,3.6107420970981906e-11,0
-0.3841403126716614,-9.126349675980805e-11,3.8204550579175702,3.505798818082182e-11,0
-0.3808117210865021,-9.826785912769864e-11,3.8305350580703816,3.742155256190485e-11,0
-0.38580140471458435,-8.999301998047216e-11,3.840570058222511,3.4719433522973814e-11,0
-0.38390976190567017,-9.708719245216102e-11,3.85060505837464,3.7272720938399115e-11,0
-0.3842729926109314,-9.592904248734158e-11,3.8606850585274515,3.6862940234911933e-11,0
-0.38936856389045715,-9.122227279112494e-11,3.8707200586795807,3.551908535150384e-11,0
-0.3858623206615448,-9.872844208835829e-11,3.880800058832392,3.809558577951286e-11,0
-0.3905356824398041,-9.077047447014763e-11,3.8908350589845213,3.544910919258392e-11,0
-0.38907307386398315,-9.724576005565311e-11,3.9009150591373327,3.7835706785092304e-11,0
-0.3891993463039398,-9.67380203720225e-11,3.910950059289462,3.765037429152837e-11,0
-0.39454126358032227,-9.128121869483863e-11,3.920985059441591,3.601420736501337e-11,0
-0.3909189701080322,-9.921571203497237e-11,3.9310650595944026,3.87853039672465e-11,0
-0.3952246308326721,-9.162068326240558e-11,3.9411000597465318,3.6210750719021426e-11,0
-0.394290030002594,-9.740590972695529e-11,3.951180059899343,3.840617906867116e-11,0
-0.3941069543361664,-9.757299829216137e-11,3.9612150600514724,3.845419718237168e-11,0
-0.3996563255786896,-9.142694240571458e-11,3.9712500602036016,3.653935586076237e-11,0
-0.39600563049316406,-9.968331715626277e-11,3.981330060356413,3.947515486011588e-11,0
-0.399862140417099,-9.255540778241311e-11,3.9913650605085422,3.700940346305313e-11,0
-0.3995670974254608,-9.74725369862206e-11,4.001445060661354,3.894681868228004e-11,0
-0.39900586009025574,-9.831582770125635e-11,4.011480060813483,3.922859139242518e-11,0
-0.4047219157218933,-9.164194403332715e-11,4.021560060966294,3.7089503149646694e-11,0
-0.40107426047325134,-1.0016476537089147e-10,4.0315950611184235,4.017350919660703e-11,0
-0.40447497367858887,-9.359235608741301e-11,4.041630061270553,3.7855765764973493e-11,0
-0.40485620498657227,-9.748959278743641e-11,4.051710061423364,3.946926656160781e-11,0
-0.4039788842201233,-9.905927467190878e-11,4.061745061575493,4.001785525361243e-11,0
-0.4097444713115692,-9.196304828762436e-11,4.071825061728305,3.7681350600812954e-11,0
-0.4061072766780853,-1.0060881988627202e-10,4.081860061880434,4.085797385380992e-11,0
-0.40915775299072266,-9.462394756631909e-11,4.091895062032563,3.871612176534708e-11,0
-0.41021743416786194,-9.747775503443634e-11,4.1019750621853746,3.998707455866986e-11,0
-0.4089663624763489,-9.98295127119242e-11,4.112010062337504,4.082691268158207e-11,0
-0.41472890973091125,-9.234896874987797e-11,4.122090062490315,3.8299787124410885e-11,0
-0.4112491011619568,-1.010410366486525e-10,4.132125062642444,4.155303550223067e-11,0
-0.41383233666419983,-9.567079073402596e-11,4.142160062794574,3.959166687997364e-11,0
-0.41553860902786255,-9.74863800795589e-11,4.152240062947385,4.050935477742143e-11,0
-0.4139661490917206,-1.006034630601782e-10,4.162275063099514,4.164642818831313e-11,0
-0.41973942518234253,-9.281135582295263e-11,4.172355063252326,3.895658514352e-11,0
-0.4163600206375122,-1.014594450121642e-10,4.182390063404455,4.224365661913522e-11,0
-0.4185589551925659,-9.67147403829749e-11,4.192470063557266,4.0480820686418235e-11,0
-0.42088431119918823,-9.742603945817052e-11,4.2025050637093955,4.1005091510217034e-11,0
-0.418937087059021,-1.0135989270132484e-10,4.212540063861525,4.246341819290795e-11,0
-0.4246978163719177,-9.330826389319924e-11,4.222620064014336,3.962781592489637e-11,0
-0.42148128151893616,-1.018753761905522e-10,4.232655064166465,4.293856411201766e-11,0
-0.4233410060405731,-9.77378455946365e-11,4.242735064319277,4.137643788227161e-11,0
-0.42631638050079346,-9.741016326891838e-11,4.252770064471406,4.1527548228796623e-11,0
-0.42395132780075073,-1.0214126766605602e-10,4.262805064623535,4.330292605027634e-11,0
-0.4296281635761261,-9.388444188740408e-11,4.2728850647763466,4.0335400356454945e-11,0
-0.4265963137149811,-1.022886289558933e-10,4.282920064928476,4.3635952047543556e-11,0
-0.4281370937824249,-9.881092472019404e-11,4.293000065081287,4.2304622143657844e-11,0
-0.43168050050735474,-9.743676004925206e-11,4.303035065233416,4.2061549345876155e-11,0
-0.428978830575943,-1.0291539842555153e-10,4.313115065386228,4.414852726485034e-11,0
-0.43460342288017273,-9.448997140282245e-11,4.323150065538357,4.106566499951627e-11,0
-0.4317690134048462,-1.0271383743543083e-10,4.333185065690486,4.434865225252173e-11,0
-0.43291106820106506,-9.992092570021427e-11,4.343265065843298,4.3256874680519014e-11,0
-0.4370323121547699,-9.75579547701777e-11,4.353300065995427,4.2635978542301224e-11,0
-0.4340234100818634,-1.036864413772598e-10,4.363380066148238,4.500234286581152e-11,0
-0.43946322798728943,-9.519198623797465e-11,4.3734150663003675,4.183337755066197e-11,0
-0.43694379925727844,-1.0314275822320695e-10,4.383450066452497,4.5067588643922945e-11,0
-0.43780335783958435,-1.0099020231191247e-10,4.393530066605308,4.4213849681054234e-11,0
-0.4423079192638397,-9.771892323096054e-11,4.403565066757437,4.322185360698905e-11,0
-0.43905800580978394,-1.0445326548147449e-10,4.413645066910249,4.586104244261613e-11,0
-0.4442736804485321,-9.608733947397141e-11,4.423680067062378,4.26890759526088e-11,0
-0.44207632541656494,-1.0357665419791218e-10,4.433760067215189,4.578878668675524e-11,0
-0.4426274597644806,-1.0206869377471506e-10,4.4437950673673186,4.517840664698078e-11,0
-0.4475114643573761,-9.796852218357799e-11,4.453830067519448,4.384203682330107e-11,0
-0.4440925419330597,-1.0521428173149161e-10,4.463910067672259,4.6724877821799194e-11,0
-0.44908198714256287,-9.70663757704493e-11,4.473945067824388,4.359076091572009e-11,0
-0.447249174118042,-1.0400572764135418e-10,4.4840250679772,4.651647579114167e-11,0
-0.44752585887908936,-1.031676966078976e-10,4.494060068129329,4.6170212033026685e-11,0
-0.4527006447315216,-9.82329703691498e-11,4.504095068281458,4.447012902000657e-11,0
-0.4491671919822693,-1.0594036758959646e-10,4.51417506843427,4.758493742778845e-11,0
-0.4537174701690674,-9.813651280499158e-11,4.524210068586399,4.452625032109507e-11,0
-0.45245611667633057,-1.0446590814616741e-10,4.53429006873921,4.726623912488115e-11,0
-0.45240628719329834,-1.0426462471180287e-10,4.5443250688913395,4.716997175146936e-11,0
-0.45788347721099854,-9.85664883046411e-11,4.554405069044151,4.5131966401406286e-11,0
-0.4542679190635681,-1.0668612521191889e-10,4.56444006919628,4.8464084092973665e-11,0
-0.45842909812927246,-9.930908179134335e-11,4.574475069348409,4.5526172801651683e-11,0
-0.4576430022716522,-1.0486708723611571e-10,4.584555069501221,4.799168864221925e-11,0
-0.45735257863998413,-1.053032314124458e-10,4.59459006965335,4.8160704425605064e-11,0
-0.4630263149738312,-9.900438108223497e-11,4.604670069806161,4.584163373877214e-11,0
-0.45930594205856323,-1.0742885747649922e-10,4.6147050699582906,4.93427125875186e-11,0
-0.46306663751602173,-1.0053090998551895e-10,4.62474007011042,4.655251045342011e-11,0
-0.46294012665748596,-1.0516149756556459e-10,4.634820070263231,4.868347700249337e-11,0
-0.4623214602470398,-1.0629669366934991e-10,4.64485507041536,4.914324263664612e-11,0
-0.46802279353141785,-9.950931051383449e-11,4.654935070568172,4.657262548907011e-11,0
-0.46437162160873413,-1.0813849815605181e-10,4.664970070720301,5.0216449747058885e-11,0
-0.4676399827003479,-1.0185154802888619e-10,4.675050070873112,4.762985615823199e-11,0
-0.46827933192253113,-1.0540874423314861e-10,4.685085071025242,4.936073632829179e-11,0
-0.4672801196575165,-1.0726912413883127e-10,4.695120071177371,5.0124729163150067e-11,0
-0.4730874001979828,-1.0004896217052917e-10,4.705200071330182,4.733190340576197e-11,0
-0.4694681465625763,-1.0876879258381322e-10,4.7152350714823115,5.106348345817209e-11,0
-0.47235387563705444,-1.0305888087369652e-10,4.725315071635123,4.8680261799508056e-11,0
-0.47361987829208374,-1.0554829232845009e-10,4.735350071787252,4.998976936653781e-11,0
-0.4722716510295868,-1.0823888313415964e-10,4.745385071939381,5.111815604336807e-11,0
-0.47808390855789185,-1.0066788375118207e-10,4.755465072092193,4.812769533001662e-11,0
-0.4745832085609436,-1.0940218175825578e-10,4.765500072244322,5.192043844240056e-11,0
-0.47703367471694946,-1.0430596664168235e-10,4.775580072397133,4.975745856198528e-11,0
-0.4790169596672058,-1.0573956293891129e-10,4.7856150725492625,5.065104395553644e-11,0
-0.47729623317718506,-1.09187700547686e-10,4.795695072702074,5.2114878180689e-11,0
-0.5705078840255737,-1.0843331094134712e-10,5.690475086266815,6.186205878303504e-11,0
-0.6232165098190308,-1.34372943327854e-10,6.183090093734791,8.374343675489558e-11,0
-0.7593943476676941,-2.1366314273407738e-10,7.530300114158308,1.622545828971741e-10,0
-0.7587376832962036,-7.425025871921065e-11,7.540335114310437,5.633646928475763e-11,0
-0.7550840973854065,-1.292084217396905e-10,7.550370114462567,9.756322450390713e-11,0
-0.7538025975227356,-1.4310767848524364e-10,7.560450114615378,1.0787493976762516e-10,0
-0.7581530809402466,-1.0997260740941428e-10,7.570485114767507,8.337607112647963e-11,0
-0.7554641366004944,-2.0592147431663932e-10,7.580565114920319,1.555662888021208e-10,0
-0.7593819499015808,-1.4341712539778229e-10,7.590600115072448,1.0890837633384744e-10,0
-0.7591555714607239,-2.0684746970811574e-10,7.600635115224577,1.5702940907146938e-10,0
-0.7591037154197693,-2.1483939627309212e-10,7.610715115377388,1.6308538392944436e-10,0
-0.7640853524208069,-1.5568343836314114e-10,7.620750115529518,1.1895543486778366e-10,0
-0.7613023519515991,-2.3941715276976083e-10,7.630830115682329,1.8226884150117424e-10,0
-0.7645237445831299,-1.7333269541897067e-10,7.640865115834458,1.3251696136039858e-10,0
-0.7645431160926819,-2.2534846211286208e-10,7.65094511598727,1.7228861543046124e-10,0
-0.764154314994812,-2.382188613037073e-10,7.660980116139399,1.8203597077837857e-10,0
-0.76917564868927,-1.7263007690004883e-10,7.671015116291528,1.3278285138287363e-10,0
-0.766461193561554,-2.57840027106937e-10,7.6810951164443395,1.9762437492432635e-10,0
-0.7692950963973999,-1.95381238965453e-10,7.691130116596469,1.503058290641716e-10,0
-0.7697741389274597,-2.3761637102381883e-10,7.70121011674928,1.8291093739992793e-10,0
-0.7690295577049255,-2.6113022855156487e-10,7.711245116901409,2.0081686416639605e-10,0
-0.7740602493286133,-1.9517951144187862e-10,7.721280117053539,1.510807012905375e-10,0
-0.7713674902915955,-2.8491817238851525e-10,7.73136011720635,2.1977661557379715e-10,0
-0.7738502621650696,-2.3119878234112434e-10,7.741395117358479,1.7891323832692393e-10,0
-0.7749931216239929,-2.6429947119765984e-10,7.751475117511291,2.04830272227045e-10,0
-0.7740746140480042,-2.9391516997989697e-10,7.76151011766342,2.2751227176504229e-10,0
-0.7790957093238831,-2.2339538552351712e-10,7.771590117816231,1.740463863441269e-10,0
-0.7764782309532166,-3.134550397021485e-10,7.78162511796836,2.433910147112945e-10,0
-0.7782366871833801,-2.7350530173997356e-10,7.79166011812049,2.128518599532078e-10,0
-0.7798051834106445,-3.070396992210789e-10,7.801740118273301,2.3943114896544254e-10,0
-0.7786771655082703,-3.5331795822379775e-10,7.81177511842543,2.751206262328763e-10,0
-0.783725380897522,-2.863062842362041e-10,7.821855118578242,2.2438550166637323e-10,0
-0.7813798189163208,-3.8061570561964686e-10,7.831890118730371,2.9740543113378733e-10,0
-0.7831582427024841,-3.438870299632413e-10,7.8419251188825,2.6931796207418854e-10,0
-0.785284698009491,-3.610459431424573e-10,7.8520051190353115,2.8352385442817643e-10,0
-0.7833290696144104,-4.220700178247938e-10,7.862040119187441,3.3061971437483335e-10,0
-0.7878140211105347,-3.7205596936651375e-10,7.872120119340252,2.931109093048111e-10,0
-0.7857394814491272,-4.815838838823083e-10,7.882155119492381,3.7839947119594163e-10,0
-0.7868720293045044,-4.737722991698945e-10,7.892235119645193,3.7279817047607564e-10,0
-0.7896358370780945,-5.003891745403166e-10,7.902270119797322,3.9512522470295964e-10,0
-0.7879089713096619,-5.782547218835532e-10,7.912305119949451,4.55612083074225e-10,0
-0.7926281094551086,-5.272995928784496e-10,7.922385120102263,4.17952479419694e-10,0
-0.7901588082313538,-6.469932367636488e-10,7.932420120254392,5.112274048949109e-10,0
-0.790399432182312,-6.748280267920848e-10,7.942500120407203,5.333836891971738e-10,0
-0.7935036420822144,-7.197616391785289e-10,7.952535120559332,5.711334821192273e-10,0
-0.7910665273666382,-8.428009956595872e-10,7.962570120711462,6.667116568975748e-10,0
-0.7941733598709106,-8.618217806066752e-10,7.972650120864273,6.844358991143341e-10,0
-0.7918528318405151,-1.0529034311090868e-09,7.982685121016402,8.337445635783251e-10,0
-0.8028435707092285,-4.4435513046892083e-08,8.022915121626284,3.567476596086335e-08,0
-0.8044006824493408,-4.2434315616901586e-08,8.032950121778413,3.4134192441506356e-08,0
-0.8052986860275269,-4.083215543460028e-08,8.043030121931224,3.2882081119155346e-08,0
-0.804343044757843,-3.909429580062351e-08,8.053065122083353,3.144522491693727e-08,0
-0.8064070343971252,-4.179256052339042e-08,8.063145122236165,3.370181479152964e-08,0
-0.8051931858062744,-4.335680259259789e-08,8.073180122388294,3.491060200590763e-08,0
-0.806870698928833,-4.618445714754671e-08,8.083215122540423,3.726488521828975e-08,0
-0.8082448840141296,-4.948562093431974e-08,8.093295122693235,3.9996499952426444e-08,0
-0.8077146410942078,-5.133751557195865e-08,8.103330122845364,4.146606296487288e-08,0
-0.8103713393211365,-5.628808352753367e-08,8.113410122998175,4.561424963602746e-08,0
-0.8097318410873413,-5.907467581778292e-08,8.123445123150304,4.78346460115712e-08,0
-0.8116800785064697,-6.191447710079956e-08,8.133525123303116,5.025474763386401e-08,0
-0.8128204941749573,-6.657018047917518e-08,8.143560123455245,5.410960699439926e-08,0
-0.8123109936714172,-6.930932983095772e-08,8.153595123607374,5.630073058568527e-08,0
-0.8148607611656189,-7.51343804950011e-08,8.163675123760186,6.122405847986382e-08,0
-0.814651370048523,-7.83726719078004e-08,8.173710123912315,6.384640454405298e-08,0
-0.8162376284599304,-8.192386502514637e-08,8.183790124065126,6.686934130239691e-08,0
-0.8179879784584045,-8.641151083566001e-08,8.193825124217256,7.068357706399805e-08,0
-0.8173972368240356,-8.896437009298097e-08,8.203860124369385,7.271923028979352e-08,0
-0.8198612928390503,-9.4687621299272e-08,8.213940124522196,7.763071561427553e-08,0
-0.8199145793914795,-9.77434950755196e-08,8.223975124674325,8.01413166530978e-08,0
-0.8209695816040039,-1.0158135665960799e-07,8.234055124827137,8.339520387560547e-08,0
-0.8228601813316345,-1.0670643035837202e-07,8.244090124979266,8.780447263394143e-08,0
-0.8223291039466858,-1.0941369055217365e-07,8.254125125131395,8.997406211126892e-08,0
-0.8303876519203186,-1.4206489140633494e-07,8.274240125436336,1.1796893159522152e-07,0
-0.8282127976417542,-1.365762756222466e-07,8.284320125589147,1.1311421932459217e-07,0
-0.8304946422576904,-1.3811680332764809e-07,8.294355125741276,1.1470526516937088e-07,0
-0.8291066884994507,-1.358163643772059e-07,8.304435125894088,1.1260625611281994e-07,0
-0.8319211006164551,-1.386263761560258e-07,8.314470126046217,1.1532620742619169e-07,0
-0.8323554396629333,-1.3893856021240936e-07,8.324505126198346,1.1564626637173493e-07,0
-0.8325098156929016,-1.3666119969002466e-07,8.334585126351158,1.1377179016631325e-07,0
-0.8354842066764832,-1.3980391599943687e-07,8.344620126503287,1.168039638490552e-07,0
-0.8342434167861938,-1.366746147368758e-07,8.354700126656098,1.1401989758602796e-07,0
-0.8369126915931702,-1.3844274349139596e-07,8.364735126808228,1.1586448908692703e-07,0
-0.8375590443611145,-1.387090122761947e-07,8.374770126960357,1.1617698776632373e-07,0
-0.8374461531639099,-1.367036759347684e-07,8.384850127113168,1.1448196753493756e-07,0
-0.8405025005340576,-1.3999444092860358e-07,8.394885127265297,1.1766567766135873e-07,0
-0.8393020629882812,-1.3717748004182795e-07,8.404965127418109,1.1513334199463997e-07,0
-0.8418013453483582,-1.3990721470236167e-07,8.415000127570238,1.1777408156038965e-07,0
-0.8426331281661987,-1.4177041407492652e-07,8.42508012772305,1.1946044749337262e-07,0
-0.8423324227333069,-1.4103287071520754e-07,8.435115127875179,1.1879655967457401e-07,0
-0.8453890681266785,-1.4739943310360104e-07,8.445150128027308,1.2460986939385397e-07,0
-0.8442544341087341,-1.4677236492843804e-07,8.45523012818012,1.2391321989545907e-07,0
-0.8465561270713806,-1.5170104461503797e-07,8.465265128332248,1.2842344880198927e-07,0
-0.8476235270500183,-1.5542630649179046e-07,8.47534512848506,1.3174299410492858e-07,0
-0.8471633791923523,-1.5575012923818576e-07,8.485380128637189,1.3194580579506704e-07,0
-0.8502674102783203,-1.6464944962990558e-07,8.495415128789318,1.3999606114057056e-07,0
-0.8492910265922546,-1.6572968775108166e-07,8.50549512894213,1.4075273664692995e-07,0
-0.8513254523277283,-1.7209117686434183e-07,8.515530129094259,1.465055989856469e-07,0
-0.8526800870895386,-1.7766460302937048e-07,8.52561012924707,1.5149106918381192e-07,0
-0.8521137833595276,-1.7784576300527988e-07,8.5356451293992,1.5154482596889094e-07,0
-0.8552675843238831,-1.8697788561894413e-07,8.545725129552011,1.5991612455530166e-07,0
-0.8543837666511536,-1.8882846575252188e-07,8.55576012970414,1.61331975820598e-07,0
-0.8561481833457947,-1.9546075691323495e-07,8.56579512985627,1.6734337194666008e-07,0
-0.8577147126197815,-2.034677493156778e-07,8.57587513000908,1.7451728213169032e-07,0
-0.8569921255111694,-2.0479160411923658e-07,8.58591013016121,1.7550479210098652e-07,0
-0.8602239489555359,-2.13279435001823e-07,8.595990130314021,1.8346807780827373e-07,0
-0.8596618175506592,-2.1297472585501964e-07,8.60602513046615,1.8308623992087955e-07,0
-0.8611521124839783,-2.168011974390538e-07,8.61606013061828,1.8669880916369724e-07,0
-0.8627712726593018,-2.2675874333799584e-07,8.626140130771091,1.9564092957634663e-07,0
-0.8616584539413452,-2.3565571893868764e-07,8.63617513092322,2.0305474244314578e-07,0
-0.8648136854171753,-2.522713202779414e-07,8.646255131076032,2.181676902146231e-07,0
-0.8640400171279907,-2.665128988610377e-07,8.656290131228161,2.3027780969672146e-07,0
-0.8652746081352234,-2.8409780838956067e-07,8.666370131380972,2.458226198263529e-07,0
-0.8674973249435425,-3.0060553513067134e-07,8.676405131533102,2.6077449758907947e-07,0
-0.8667117953300476,-3.0731612810086517e-07,8.68644013168523,2.6635451312017975e-07,0
-0.8692248463630676,-3.3118712394752947e-07,8.696520131838042,2.8787607693071754e-07,0
-0.8689801096916199,-3.517323250434856e-07,8.706555131990172,3.0564839439837663e-07,0
-0.8695836663246155,-3.796778003106738e-07,8.716635132142983,3.3016161361622093e-07,0
-0.872244656085968,-4.0362468212151725e-07,8.726670132295112,3.52059472044891e-07,0
-0.871314287185669,-4.1884783286150196e-07,8.736705132447241,3.649481009289818e-07,0
-0.8736261129379272,-4.5439853124662477e-07,8.746785132600053,3.969744225776921e-07,0
-0.8740293383598328,-4.775621391672757e-07,8.756820132752182,4.174033205220804e-07,0
-0.873818576335907,-5.188068712413951e-07,8.766900132904993,4.533430816214421e-07,0
-0.8763284683227539,-5.63734204206412e-07,8.776935133057123,4.940163317133516e-07,0
-0.8760452270507812,-5.886105896024674e-07,8.787015133209934,5.156494976127877e-07,0
-0.8748566508293152,-6.832518693045131e-07,8.797050133362063,5.977474420526153e-07,0
-0.8765302300453186,-7.184374226198997e-06,8.817165133667004,6.297321193221865e-06,0
-0.880873441696167,-7.383689080597833e-06,8.827200133819133,6.50409561284062e-06,0
-0.8824045062065125,-7.507653208449483e-06,8.837280133971944,6.624787022171605e-06,0
-0.8838827013969421,-7.558496236015344e-06,8.847315134124074,6.6808240715878614e-06,0
-0.885381281375885,-7.589537290186854e-06,8.857350134276203,6.719634251035699e-06,0
-0.8860682249069214,-7.59297745389631e-06,8.867430134429014,6.727896054332179e-06,0
-0.8873531222343445,-7.635902875335887e-06,8.877465134581144,6.775742257507508e-06,0
-0.8879120349884033,-7.715624633419793e-06,8.887545134733955,6.850795969466422e-06,0
-0.888999879360199,-7.774463483656291e-06,8.897580134886084,6.911497099060715e-06,0
-0.8904033303260803,-7.822023690096103e-06,8.907660135038896,6.964755943551066e-06,0
-0.890966534614563,-7.85930660640588e-06,8.917695135191025,7.002379171582788e-06,0
-0.8922377228736877,-7.936113433970604e-06,8.927730135343154,7.080899778793214e-06,0
-0.8929365873336792,-8.017447726160754e-06,8.937810135495965,7.159072411724149e-06,0
-0.8938761949539185,-8.115504897432402e-06,8.947845135648095,7.254256637846766e-06,0
-0.8953016400337219,-8.19605884316843e-06,8.957925135800906,7.337944924101585e-06,0
-0.8959345817565918,-8.244647688115947e-06,8.967960135953035,7.386664978182612e-06,0
-0.8972086906433105,-8.325298040290363e-06,8.977995136105164,7.469529753944236e-06,0
-0.8981115221977234,-8.398480531468522e-06,8.988075136257976,7.542772134265139e-06,0
-0.8989376425743103,-8.494093890476506e-06,8.998110136410105,7.635660737709802e-06,0
-0.9000977277755737,-8.62288197822636e-06,9.008190136562916,7.76143647547849e-06,0
-0.9007326364517212,-8.727411113795824e-06,9.018225136715046,7.861064021927365e-06,0
-0.9021220207214355,-8.83360826264834e-06,9.028260136867175,7.96899253616189e-06,0
-0.9031580686569214,-8.912417797546368e-06,9.038340137019986,8.04932204509555e-06,0
-0.9040980339050293,-8.979623999039177e-06,9.048375137172116,8.118460402737736e-06,0
-0.9053887724876404,-9.070718988368753e-06,9.058455137324927,8.212527130459517e-06,0
-0.9059835076332092,-9.139394933299627e-06,9.068490137477056,8.280141079315977e-06,0
-0.9072566628456116,-9.232559932570439e-06,9.078570137629868,8.376301513945961e-06,0
-0.907967746257782,-9.356767805002164e-06,9.088605137781997,8.495643376165189e-06,0
-0.9176926016807556,-1.5244661881297361e-05,9.108720138086937,1.3989913423591218e-05,0
-0.912689745426178,-1.574573980178684e-05,9.118755138239067,1.4370975251239669e-05,0
-0.9128604531288147,-1.6351754311472178e-05,9.128835138391878,1.4926869850221541e-05,0
-0.9140235781669617,-1.6590833183727227e-05,9.138870138544007,1.5164412711361525e-05,0
-0.914937436580658,-1.667170727159828e-05,9.148905138696136,1.5253569114499245e-05,0
-0.9165040850639343,-1.674039776844438e-05,9.158985138848948,1.5342642940374446e-05,0
-0.917271614074707,-1.673099905019626e-05,9.169020139001077,1.5346870503855914e-05,0
-0.9184802174568176,-1.6757208868511952e-05,9.179100139153888,1.539116484552017e-05,0
-0.9194576144218445,-1.676053216215223e-05,9.189135139306018,1.541059891825309e-05,0
-0.920081615447998,-1.6745263565098867e-05,9.199215139458829,1.540700915207867e-05,0
-0.9213802814483643,-1.67830876307562e-05,9.209250139610958,1.5463606004798708e-05,0
-0.9219771027565002,-1.6778480130597018e-05,9.219285139763087,1.5469374499465344e-05,0
-0.9230879545211792,-1.6811181922093965e-05,9.229365139915899,1.5518199533549144e-05,0
-0.9241363406181335,-1.6862535630934872e-05,9.239400140068028,1.5583281971515042e-05,0
-0.9247674345970154,-1.689346754574217e-05,9.24948014022084,1.5622528643723923e-05,0
-0.926143229007721,-1.6972942830761895e-05,9.259515140372969,1.571937607904527e-05,0
-0.9267854690551758,-1.7011561794788577e-05,9.269550140525098,1.576606827734424e-05,0
-0.9279020428657532,-1.7076619769795798e-05,9.27963014067791,1.584543036963523e-05,0
-0.928975522518158,-1.714650534268003e-05,9.289665140830039,1.5928683760076568e-05,0
-0.9296336770057678,-1.721110675134696e-05,9.29974514098285,1.600002445459347e-05,0
-0.9310175180435181,-1.732370219542645e-05,9.30978014113498,1.6128670221310978e-05,0
-0.9317340850830078,-1.7379215933033265e-05,9.31986014128779,1.619280785682478e-05,0
-0.9328083395957947,-1.7449778169975616e-05,9.32989514143992,1.62772986010499e-05,0
-0.9339547157287598,-1.7545651644468307e-05,9.339930141592049,1.6386844093885244e-05,0
-0.9340329766273499,-1.8099213775712997e-05,9.35001014174486,1.6905262517543946e-05,0
-0.9329894185066223,-2.1890387870371342e-05,9.36004514189699,2.0423500250062177e-05,0
-0.9351812601089478,-2.385078914812766e-05,9.370125142049801,2.2304811050138842e-05,0
-0.9371638298034668,-2.4565382773289457e-05,9.38016014220193,2.3021788200404056e-05,0
-0.938619077205658,-2.5088795155170374e-05,9.39019514235406,2.3548821756747798e-05,0
-0.9395625591278076,-2.532573307689745e-05,9.400275142506871,2.3795110581517533e-05,0
-0.9409573674201965,-2.5479084797552787e-05,9.410310142659,2.397473255538122e-05,0
-0.941839337348938,-2.5528572223265655e-05,9.420390142811812,2.404381354622503e-05,0
-0.942863404750824,-2.5550190912326798e-05,9.43042514296394,2.4090339995630006e-05,0
-0.9440839886665344,-2.557391781010665e-05,9.440505143116752,2.414392633199561e-05,0
-0.9447593688964844,-2.5548701160005294e-05,9.450540143268881,2.413737478405148e-05,0
-0.94608473777771,-2.557676998549141e-05,9.46057514342101,2.4197791724924443e-05,0
-0.9469239115715027,-2.5578341592336074e-05,9.470655143573822,2.4220743272126933e-05,0
-0.9478570222854614,-2.5588582502678037e-05,9.480690143725951,2.4254317615494264e-05,0
-0.9490083456039429,-2.5708626708365045e-05,9.490770143878763,2.439770130025485e-05,0
-0.9495696425437927,-2.5896633815136738e-05,9.500805144030892,2.4590657314926888e-05,0
-0.9507468938827515,-2.637756369949784e-05,9.510840144183021,2.507838675549199e-05,0
-0.951373279094696,-2.700263212318532e-05,9.520920144335832,2.5689582667222594e-05,0
-0.9524142742156982,-2.75999973382568e-05,9.530955144487962,2.6286631433271052e-05,0
-0.953868567943573,-2.791219412756618e-05,9.541035144640773,2.662456464062456e-05,0
-0.9546908140182495,-2.8019816454616375e-05,9.551070144792902,2.675026137969965e-05,0
-0.9560530781745911,-2.810795558616519e-05,9.561150144945714,2.6872697459347922e-05,0
-0.95694500207901,-2.8146443582954817e-05,9.571185145097843,2.6934598513007435e-05,0
-0.9579224586486816,-2.8163616661913693e-05,9.581220145249972,2.697856091721934e-05,0
-0.9591896533966064,-2.82136879832251e-05,9.591300145402784,2.7062277597669684e-05,0
-0.959725558757782,-2.8294018193264492e-05,9.601335145554913,2.7154492420033613e-05,0
-0.9608051180839539,-2.8712043786072172e-05,9.611415145707724,2.7586678620308727e-05,0
-0.9619013071060181,-2.8894444767502137e-05,9.621450145859853,2.779360418996295e-05,0
-0.9628564119338989,-2.897872582252603e-05,9.631485146011983,2.7902351967893637e-05,0
-0.9640979766845703,-2.9063085094094276e-05,9.641565146164794,2.8019661535427787e-05,0
-0.9648407101631165,-2.9092085242155008e-05,9.651600146316923,2.8069228185166758e-05,0
-0.9660460948944092,-2.9148246539989486e-05,9.661680146469735,2.8158549742976317e-05,0
-0.9670329093933105,-2.9203403755673207e-05,9.671715146621864,2.8240652498036194e-05,0
-0.9678598642349243,-2.9232742235763e-05,9.681795146774675,2.8293197931520114e-05,0
-0.9691606760025024,-2.9312597689568065e-05,9.691830146926804,2.8408616992211177e-05,0
-0.9698240160942078,-2.9385822926997207e-05,9.701865147078934,2.849907680729368e-05,0
-0.9706197381019592,-2.9919561711722054e-05,9.711945147231745,2.9040517152757067e-05,0
-0.9711392521858215,-3.115620347671211e-05,9.721980147383874,3.025701214532349e-05,0
-0.9720587730407715,-3.222687155357562e-05,9.732060147536686,3.132641322131126e-05,0
-0.9728909134864807,-3.3656269806670025e-05,9.742095147688815,3.274387907675866e-05,0
-0.9730926752090454,-3.639033093350008e-05,9.752130147840944,3.541116447982207e-05,0
-0.9741531014442444,-3.8765025237808004e-05,9.762210147993756,3.7763069562975074e-05,0
-0.9754906892776489,-4.1041301301447675e-05,9.772245148145885,4.003540729540086e-05,0
-0.9765722155570984,-4.282996815163642e-05,9.782325148298696,4.182655689008354e-05,0
-0.9778845906257629,-4.4683612941298634e-05,9.792360148450825,4.369541654878186e-05,0
-0.9792143702507019,-4.566159987007268e-05,9.802395148602955,4.471249476141275e-05,0
-0.980586588382721,-4.6377092075999826e-05,9.812475148755766,4.547675449791599e-05,0
-0.9817790985107422,-4.6900844608899206e-05,9.822510148907895,4.6046268939517465e-05,0
-0.9827873110771179,-4.718667332781479e-05,9.832590149060707,4.6374463798517455e-05,0
-0.984067976474762,-4.745197657030076e-05,9.842625149212836,4.669597056326368e-05,0
-0.9849156737327576,-4.76916684419848e-05,9.852705149365647,4.6972271754976754e-05,0
-0.9859905242919922,-4.7864752559689805e-05,9.862740149517776,4.7194192471435026e-05,0
-0.9867355823516846,-4.862647256231867e-05,9.872775149669906,4.798147072148772e-05,0
-0.9878698587417603,-4.893722871202044e-05,9.882855149822717,4.834361321495685e-05,0
-0.989269495010376,-4.8971098294714466e-05,9.892890149974846,4.8445613680115664e-05,0
-0.9901827573776245,-4.890692434855737e-05,9.902970150127658,4.842679320631342e-05,0
-0.9912578463554382,-4.887727482127957e-05,9.913005150279787,4.8449982175064474e-05,0
-0.992422878742218,-4.886614260612987e-05,9.923040150431916,4.849587791820316e-05,0
-0.9933353066444397,-4.8788366257213056e-05,9.933120150584728,4.8463206756789966e-05,0
-0.9945389032363892,-4.8755508032627404e-05,9.943155150736857,4.848924948550222e-05,0
-0.9954477548599243,-4.8687721573514864e-05,9.953235150889668,4.846608312960047e-05,0
-0.9964141249656677,-4.8652145778760314e-05,9.963270151041797,4.847768526384556e-05,0
-0.9974700808525085,-4.863640060648322e-05,9.973350151194609,4.8513354445323814e-05,0
-0.9982480406761169,-4.857263411395252e-05,9.983385151346738,4.848753683473102e-05,0
-0.9993904829025269,-4.8625337512930855e-05,9.993420151498867,4.859569953834632e-05,0
-0.9998494982719421,-4.861534034716897e-05,10.000125151600514,4.86080236544366e-05,0
-0.9998570680618286,-4.850368350162171e-05,10.010160151752643,4.849675077613037e-05,0
-0.9987648129463196,-4.822800474357791e-05,10.020195151904773,4.816843413649381e-05,0
-0.9977767467498779,-4.7964625991880894e-05,10.030275152057584,4.7857988481253555e-05,0
-0.9968988299369812,-4.773900582222268e-05,10.040310152209713,4.759095904652852e-05,0
-0.9956504702568054,-4.74728767585475e-05,10.050345152361842,4.726639206909119e-05,0
-0.9948105216026306,-4.7248609917005524e-05,10.060425152514654,4.700341427653549e-05,0
-0.9936579465866089,-4.703510785475373e-05,10.070460152666783,4.673680868843427e-05,0
-0.9926138520240784,-4.6869034122209996e-05,10.080540152819594,4.652285250069483e-05,0
-0.9918033480644226,-4.672660361393355e-05,10.090575152971724,4.634360190797844e-05,0
-0.9905270934104919,-4.653736687032506e-05,10.100610153123853,4.60965227410408e-05,0
-0.9897318482398987,-4.638018799596466e-05,10.110690153276664,4.590394918696007e-05,0
-0.9884131550788879,-4.6473298425553367e-05,10.120725153428793,4.593481952372392e-05,0
-0.9872565865516663,-4.6787852625129744e-05,10.130805153581605,4.619161567476801e-05,0
-0.9863650798797607,-4.719253774965182e-05,10.140840153733734,4.654907126716394e-05,0
-0.9850559830665588,-4.7625992010580376e-05,10.150875153885863,4.691426837950233e-05,0
-0.9843766093254089,-4.7871944843791425e-05,10.160955154038675,4.7124022747144396e-05,0
-0.983372151851654,-4.7962435928639024e-05,10.170990154190804,4.716492382719284e-05,0
-0.9823864698410034,-4.8030320613179356e-05,10.181070154343615,4.7184337112512846e-05,0
-0.9816144108772278,-4.808579251402989e-05,10.191105154495745,4.720170689022406e-05,0
-0.9802879691123962,-4.819201785721816e-05,10.201185154648556,4.7242055312680725e-05,0
-0.9795065522193909,-4.831819751416333e-05,10.211220154800685,4.7327991056553666e-05,0
-0.9784897565841675,-4.831047044717707e-05,10.221255154952814,4.7271300468324905e-05,0
-0.9774560332298279,-4.8201309255091473e-05,10.231335155105626,4.71146605409659e-05,0
-0.9766331315040588,-4.814122439711355e-05,10.241370155257755,4.70163147373926e-05,0
-0.9754238128662109,-4.8015059292083606e-05,10.251450155410566,4.683503220968138e-05,0
-0.9745870232582092,-4.790882667293772e-05,10.261485155562696,4.669132077497187e-05,0
-0.9735105633735657,-4.7776837163837627e-05,10.271520155714825,4.651125566357468e-05,0
-0.9724535942077637,-4.7622877900721505e-05,10.281600155867636,4.631103878107411e-05,0
-0.9716209173202515,-4.751308370032348e-05,10.291635156019765,4.6164705969622185e-05,0
-0.9703892469406128,-4.737800918519497e-05,10.301715156172577,4.597511065476678e-05,0
-0.9695193767547607,-4.727546183858067e-05,10.311750156324706,4.5834476297534205e-05,0
-0.9685253500938416,-4.715770046459511e-05,10.321830156477517,4.567342835209249e-05,0
-0.9673991799354553,-4.703987724496983e-05,10.331865156629647,4.55063386710483e-05,0
-0.9665429592132568,-4.6954461140558124e-05,10.341900156781776,4.5383503819058924e-05,0
-0.9653406739234924,-4.685111707658507e-05,10.351980156934587,4.5227288932779075e-05,0
-0.9644269347190857,-4.675363743444905e-05,10.362015157086716,4.509046723787319e-05,0
-0.9634627103805542,-4.667327448260039e-05,10.372095157239528,4.496795953534173e-05,0
-0.9623233079910278,-4.6564851800212637e-05,10.382130157391657,4.481044222049259e-05,0
-0.9615184664726257,-4.648488902603276e-05,10.392165157543786,4.469607921046121e-05,0
-0.9603221416473389,-4.637576421373524e-05,10.402245157696598,4.453567321026624e-05,0
-0.9594127535820007,-4.629860268323682e-05,10.412280157848727,4.441946988732325e-05,0
-0.9584642052650452,-4.62315438198857e-05,10.422360158001538,4.431127990550286e-05,0
-0.9572494029998779,-4.6129127440508455e-05,10.432395158153668,4.4157079703332006e-05,0
-0.9565001130104065,-4.6075601858319715e-05,10.442475158306479,4.40713183845053e-05,0
-0.9553195834159851,-4.598092709784396e-05,10.452510158458608,4.392648012019307e-05,0
-0.9543635845184326,-4.5898999815108255e-05,10.462545158610737,4.380433398935759e-05,0
-0.9534136056900024,-4.582852125167847e-05,10.472625158763549,4.369353569000367e-05,0
-0.9522413611412048,-4.5740660425508395e-05,10.482660158915678,4.3556148743083755e-05,0
-0.9514194130897522,-4.56869529443793e-05,10.49274015906849,4.346745395620048e-05,0
-0.9502982497215271,-4.5596854761242867e-05,10.502775159220619,4.3330611272415775e-05,0
-0.9493184685707092,-4.55168956250418e-05,10.512810159372748,4.3210029648857494e-05,0
-0.9484251141548157,-4.5444521674653515e-05,10.52289015952556,4.3100725656994255e-05,0
-0.9472559690475464,-4.534173785941675e-05,10.532925159677688,4.295023183432164e-05,0
-0.9464630484580994,-4.528526187641546e-05,10.5430051598305,4.2860827005775527e-05,0
-0.9452758431434631,-4.519771027844399e-05,10.55304015998263,4.2724303691610115e-05,0
-0.9443204998970032,-4.512268424150534e-05,10.56312016013544,4.261027573963295e-05,0
-0.9434186220169067,-4.5060522097628564e-05,10.57315516028757,4.2510935664707115e-05,0
-0.9422149658203125,-4.4963038817513734e-05,10.583190160439699,4.236484808262109e-05,0
-0.9413864016532898,-4.489705679588951e-05,10.59327016059251,4.226547874190581e-05,0
-0.940284252166748,-4.48117389169056e-05,10.60330516074464,4.213577241577414e-05,0
-0.9392959475517273,-4.4726293708663434e-05,10.613385160897451,4.201122642955588e-05,0
-0.9383947253227234,-4.466634345590137e-05,10.62342016104958,4.191466109847099e-05,0
-0.9371638298034668,-4.456002716324292e-05,10.63345516120171,4.1760045712451246e-05,0
-0.9363638162612915,-4.449425978236832e-05,10.64353516135452,4.16628148915397e-05,0
-0.935232937335968,-4.4405547669157386e-05,10.65357016150665,4.152953078063841e-05,0
-0.9342793822288513,-4.4316195271676406e-05,10.663650161659461,4.1403707541154975e-05,0
-0.9333763122558594,-4.4240390707273036e-05,10.67368516181159,4.12929327311129e-05,0
-0.932172954082489,-4.414830618770793e-05,10.683765161964402,4.115385699673393e-05,0
-0.9313513040542603,-4.4096988858655095e-05,10.693800162116531,4.106978807837461e-05,0
-0.930210530757904,-4.402798367664218e-05,10.70383516226866,4.095529406404966e-05,0
-0.9292067289352417,-4.393617928144522e-05,10.713915162421472,4.082579343202405e-05,0
-0.9283580780029297,-4.3869411456398666e-05,10.723950162573601,4.072652250278197e-05,0
-0.9271504282951355,-4.37594426330179e-05,10.734030162726413,4.0571585979158956e-05,0
-0.9263326525688171,-4.367858491605148e-05,10.744065162878542,4.046089942573829e-05,0
-0.9252190589904785,-4.358794103609398e-05,10.754100163030671,4.0328393788747335e-05,0
-0.9241761565208435,-4.349333903519437e-05,10.764180163183482,4.01955069038039e-05,0
-0.9233478903770447,-4.342323882156052e-05,10.774215163335612,4.009475595922649e-05,0
-0.9221018552780151,-4.329448347561993e-05,10.784295163488423,3.9921923536172504e-05,0
-0.9212257862091064,-4.320674270275049e-05,10.794330163640552,3.980316551587589e-05,0
-0.9201497435569763,-4.311553493607789e-05,10.804410163793364,3.9672748414753926e-05,0
-0.9191276431083679,-4.300029104342684e-05,10.814445163945493,3.9522756159718776e-05,0
-0.918278157711029,-4.292300218367018e-05,10.824480164097622,3.941525536864713e-05,0
-0.9170511960983276,-4.280652501620352e-05,10.834560164250433,3.9255774966922424e-05,0
-0.9162280559539795,-4.271331272320822e-05,10.844595164402563,3.9135135479739444e-05,0
-0.9152074456214905,-4.2617397411959246e-05,10.854675164555374,3.900375942443514e-05,0
-0.914066731929779,-4.2495910747675225e-05,10.864710164707503,3.8844098257507067e-05,0
-0.9132331013679504,-4.240799171384424e-05,10.874745164859632,3.872838179562032e-05,0
-0.9120728373527527,-4.2287374526495114e-05,10.884825165012444,3.8569165668578915e-05,0
-0.9111603498458862,-4.2186951759504154e-05,10.894860165164573,3.843907772412133e-05,0
-0.9101468324661255,-4.208718746667728e-05,10.904940165317385,3.830552036020434e-05,0
-0.9090648293495178,-4.1965453419834375e-05,10.914975165469514,3.8149317751676876e-05,0
-0.908230721950531,-4.186665319139138e-05,10.925055165622325,3.8024580653669895e-05,0
-0.9070142507553101,-4.1734601836651564e-05,10.935090165774454,3.7853878615441705e-05,0
-0.9061564207077026,-4.1642408177722245e-05,10.945125165926584,3.7734535543973956e-05,0
-0.9051343202590942,-4.169036037637852e-05,10.955205166079395,3.773537600063005e-05,0
-0.9040157198905945,-4.156403520028107e-05,10.965240166231524,3.75745412031401e-05,0
-0.9032021760940552,-4.145810453337617e-05,10.975320166384336,3.744505023128017e-05,0
-0.9020335674285889,-4.132049798499793e-05,10.985355166536465,3.72724762053335e-05,0
-0.9011216163635254,-4.120986704947427e-05,10.995390166688594,3.713510200574824e-05,0
-0.9001277089118958,-4.110418740310706e-05,11.005470166841405,3.6999018033843966e-05,0
-0.8989890813827515,-4.098700810573064e-05,11.015505166993535,3.6846872765598174e-05,0
-0.8981636762619019,-4.0889404772315174e-05,11.025585167146346,3.672537811046355e-05,0
-0.8969945311546326,-4.074938260600902e-05,11.035620167298475,3.65519733455178e-05,0
-0.8960847854614258,-4.062966036144644e-05,11.045655167450604,3.640762048835733e-05,0
-0.8951292634010315,-4.051491850987077e-05,11.055735167603416,3.626608916249344e-05,0
-0.8939317464828491,-4.036818063468672e-05,11.065770167755545,3.608639821710063e-05,0
-0.8931570649147034,-4.025744055979885e-05,11.075850167908357,3.5956217451368075e-05,0
-0.8919762372970581,-4.011578857898712e-05,11.085885168060486,3.578233015288923e-05,0
-0.8910566568374634,-3.999046020908281e-05,11.095965168213297,3.563376577929694e-05,0
-0.8900825381278992,-3.987361924373545e-05,11.106000168365426,3.549081222080949e-05,0
-0.8889545798301697,-3.972845297539607e-05,11.116035168517556,3.5316790222045865e-05,0
-0.8881545662879944,-3.960977846872993e-05,11.126115168670367,3.517960561665837e-05,0
-0.8869538307189941,-3.946379365515895e-05,11.136150168822496,3.500256295714717e-05,0
-0.8860622048377991,-3.933571497327648e-05,11.146230168975308,3.4853890338092585e-05,0
-0.8851054906845093,-3.921344978152774e-05,11.156265169127437,3.4708039710311476e-05,0
-0.8839259743690491,-3.906328129232861e-05,11.166300169279566,3.4529048978373814e-05,0
-0.8831220269203186,-3.8947731809457764e-05,11.176380169432377,3.439559985951731e-05,0
-0.8819581270217896,-3.879953146679327e-05,11.186415169584507,3.421956210177598e-05,0
-0.8809714913368225,-3.865796679747291e-05,11.196495169737318,3.405656666161908e-05,0
-0.8801077008247375,-3.853441739920527e-05,11.206530169889447,3.391443749983531e-05,0
-0.8788851499557495,-3.838235352304764e-05,11.216610170042259,3.3733680531758316e-05,0
-0.8780637383460999,-3.825976455118507e-05,11.226645170194388,3.3594511890055155e-05,0
-0.8769460320472717,-3.811437272815965e-05,11.236680170346517,3.342424792793035e-05,0
-0.8759329915046692,-3.7969599361531436e-05,11.246760170499329,3.325882475498001e-05,0
-0.8750461339950562,-3.784675573115237e-05,11.256795170651458,3.311765728680012e-05,0
-0.8739047050476074,-3.768934038816951e-05,11.26687517080427,3.2936891895362155e-05,0
-0.8730227947235107,-3.7558471376542e-05,11.276910170956398,3.278940164669168e-05,0
-0.8719236254692078,-3.740649117389694e-05,11.286945171108528,3.261560340042614e-05,0
-0.8709244132041931,-3.7259553209878504e-05,11.297025171261339,3.2450254515563846e-05,0
-0.8700031638145447,-3.713387923198752e-05,11.307060171413468,3.230659241653636e-05,0
-0.868860125541687,-3.697133433888666e-05,11.31714017156628,3.212291819512875e-05,0
-0.8680208921432495,-3.684059629449621e-05,11.327175171718409,3.197840726263789e-05,0
-0.866952121257782,-3.669019497465342e-05,11.33725517187122,3.18086423626374e-05,0
-0.8658979535102844,-3.6536901461659e-05,11.34729017202335,3.163722820325745e-05,0
-0.8650485873222351,-3.640691647888161e-05,11.357325172175479,3.149375166881514e-05,0
-0.8638074994087219,-3.6239391192793846e-05,11.36740517232829,3.130385788634171e-05,0
-0.8629902005195618,-3.610227213357575e-05,11.37744017248042,3.1155907067766326e-05,0
-0.8619335889816284,-3.595139423850924e-05,11.38752017263323,3.0987714264891705e-05,0
-0.8608742356300354,-3.579785698093474e-05,11.39755517278536,3.081745276565552e-05,0
-0.8600406050682068,-3.567382009350695e-05,11.40759017293749,3.068093381831407e-05,0
-0.8588311076164246,-3.5498160286806524e-05,11.4176701730903,3.0486924317463422e-05,0
-0.8579595685005188,-3.5358047171030194e-05,11.42770517324243,3.0335774893878054e-05,0
-0.8569170236587524,-3.5213477531215176e-05,11.437785173395241,3.0175028358723262e-05,0
-0.8558498024940491,-3.5047498386120424e-05,11.44782017354737,2.9995394571671668e-05,0
-0.8549849987030029,-3.4917738958029076e-05,11.457900173700182,2.9854142997742285e-05,0
-0.8537804484367371,-3.4748743928503245e-05,11.467935173852311,2.9667798173890845e-05,0
-0.8529000878334045,-3.460654988884926e-05,11.47797017400444,2.951592943981063e-05,0
-0.8518685102462769,-3.4455657441867515e-05,11.488050174157252,2.9351689574559723e-05,0
-0.850765585899353,-3.428668424021453e-05,11.49808517430938,2.9169931006172226e-05,0
-0.8499523997306824,-3.415172977838665e-05,11.508165174462192,2.902734468009354e-05,0
-0.848793625831604,-3.398204717086628e-05,11.518200174614321,2.884374503134019e-05,0
-0.8478591442108154,-3.383346847840585e-05,11.52823517476645,2.8686015629784782e-05,0
-0.8468960523605347,-3.368810212123208e-05,11.538315174919262,2.853032069799e-05,0
-0.8457225561141968,-3.3516331313876435e-05,11.548350175071391,2.8345517390341874e-05,0
-0.8449078798294067,-3.3380634704371914e-05,11.558430175224203,2.820356129543079e-05,0
-0.8437217473983765,-3.320214818813838e-05,11.568465175376332,2.8013374486675954e-05,0
-0.8428636193275452,-3.3058353437809274e-05,11.578545175529143,2.786368342760112e-05,0
-0.8418554067611694,-3.290882159490138e-05,11.588580175681273,2.770446938980646e-05,0
-0.8407062292098999,-3.273393667768687e-05,11.598615175833402,2.7519624471493767e-05,0
-0.8398892879486084,-3.259450022596866e-05,11.608695175986213,2.7375771585829572e-05,0
-0.8386870622634888,-3.2418618502561e-05,11.618730176138342,2.718907591455367e-05,0
-0.8377948999404907,-3.226226181141101e-05,11.628810176291154,2.7029158406145e-05,0
-0.8368098139762878,-3.2111707696458325e-05,11.638845176443283,2.687139214393422e-05,0
-0.8356509208679199,-3.193223528796807e-05,11.648880176595412,2.6684201823761605e-05,0
-0.8348807692527771,-3.179155464749783e-05,11.658960176748224,2.654215759984469e-05,0
-0.833681046962738,-3.161782296956517e-05,11.668995176900353,2.6359179755949596e-05,0
-0.8327864408493042,-3.146352173644118e-05,11.679075177053164,2.620239428347557e-05,0
-0.831785261631012,-3.130659388261847e-05,11.689110177205293,2.6040363383429644e-05,0
-0.8306739926338196,-3.11339354084339e-05,11.699190177358105,2.5862150432127235e-05,0
-0.829838216304779,-3.0987499485490844e-05,11.709225177510234,2.571461130078498e-05,0
-0.828697681427002,-3.081544127780944e-05,11.719260177662363,2.5536684739070614e-05,0
-0.8277497887611389,-3.0647741368738934e-05,11.729340177815175,2.536866144397967e-05,0
-0.826855480670929,-3.0497623811243102e-05,11.739375177967304,2.5217127395766583e-05,0
-0.8256634473800659,-3.031882442883216e-05,11.749455178120115,2.5033145098420518e-05,0
-0.8248197436332703,-3.0170944228302687e-05,11.759490178272245,2.4885590483562318e-05,0
-0.823650598526001,-2.999147545779124e-05,11.769525178424374,2.4702496711487623e-05,0
-0.8227032423019409,-2.9824226658092812e-05,11.779605178577185,2.4536487970760936e-05,0
-0.8218247890472412,-2.967729051306378e-05,11.789640178729314,2.4389533015392335e-05,0
-0.8206148743629456,-2.949220834125299e-05,11.799720178882126,2.4201744842643137e-05,0
-0.8197952508926392,-2.9341752451728098e-05,11.809755179034255,2.4054229312794146e-05,0
-0.8186631202697754,-2.916796256613452e-05,11.819790179186384,2.387873524630369e-05,0
-0.8177348375320435,-2.9000264476053417e-05,11.829870179339196,2.3714526559711832e-05,0
-0.8167756199836731,-2.8841965104220435e-05,11.839905179491325,2.355741392954711e-05,0
-0.8155943155288696,-2.8654976631514728e-05,11.849985179644136,2.337083605227601e-05,0
-0.8147913813591003,-2.850438431778457e-05,11.860020179796265,2.3225126673078367e-05,0
-0.8136461973190308,-2.8325172024779022e-05,11.870100179949077,2.3046668506368842e-05,0
-0.8126712441444397,-2.8146805561846122e-05,11.880135180101206,2.2874099494637123e-05,0
-0.8117881417274475,-2.7998234145343304e-05,11.890170180253335,2.272863446849821e-05,0
-0.8105637431144714,-2.780358408926986e-05,11.900250180406147,2.253657719139654e-05,0
-0.8097751140594482,-2.7648611649055965e-05,11.910285180558276,2.2389157651699684e-05,0
-0.8086196780204773,-2.7468695407151245e-05,11.920365180711087,2.2211727635773203e-05,0
-0.8076590895652771,-2.7294900064589456e-05,11.930400180863217,2.2044974135941543e-05,0
-0.806761622428894,-2.7140193196828477e-05,11.940435181015346,2.1895666296506975e-05,0
-0.8055632710456848,-2.6951314794132486e-05,11.950515181168157,2.1710989304543323e-05,0
-0.8047752976417542,-2.6792158678290434e-05,11.960550181320286,2.156166747478629e-05,0
-0.8036532998085022,-2.6611996872816235e-05,11.970630181473098,2.138681910133231e-05,0
-0.8026221990585327,-2.6430268917465582e-05,11.980665181625227,2.121352056024461e-05,0
-0.8017593026161194,-2.627201502036769e-05,11.990745181778038,2.1063832441050212e-05,0
-0.8005309700965881,-2.60804190475028e-05,12.000780181930168,2.0878183160622952e-05,0
-0.7996890544891357,-2.5909810574376024e-05,12.010815182082297,2.0719791920215374e-05,0
-0.7986166477203369,-2.5739152988535352e-05,12.020895182235108,2.0555716074864994e-05,0
-0.7975277304649353,-2.5549506972311065e-05,12.030930182387237,2.0376440310125284e-05,0
-0.7967106699943542,-2.5391429517185315e-05,12.041010182540049,2.0229622822751136e-05,0
-0.7954549789428711,-2.51928431680426e-05,12.051045182692178,2.003977253174638e-05,0
-0.7946048378944397,-2.502700408513192e-05,12.061080182844307,1.988657852404973e-05,0
-0.7936382293701172,-2.4848168322932906e-05,12.071160182997119,1.9720456310903106e-05,0
-0.7925196886062622,-2.465738907631021e-05,12.081195183149248,1.954146631260082e-05,0
-0.7917061448097229,-2.4490271243848838e-05,12.09127518330206,1.938909823181198e-05,0
-0.7904695868492126,-2.42893656832166e-05,12.101310183454189,1.920000485644167e-05,0
-0.7896137833595276,-2.4121092792483978e-05,12.111390183607,1.9046347338639506e-05,0
-0.7885996699333191,-2.3939932361827232e-05,12.12142518375913,1.887902275876294e-05,0
-0.7874499559402466,-2.374755058554001e-05,12.131460183911258,1.870000766227226e-05,0
-0.7866775989532471,-2.3585795133840293e-05,12.14154018406407,1.855441668529266e-05,0
-0.7854533195495605,-2.3379525373457e-05,12.151575184216199,1.836352581407498e-05,0
-0.784585177898407,-2.320201565453317e-05,12.16165518436901,1.820395757991353e-05,0
-0.7835596203804016,-2.3028766008792445e-05,12.17169018452114,1.8044411151678505e-05,0
-0.7824563384056091,-2.282339846715331e-05,12.181725184673269,1.785831279458097e-05,0
-0.7816290259361267,-2.2660968170384876e-05,12.19180518482608,1.7712470477787502e-05,0
-0.7804350256919861,-2.2453556084656157e-05,12.20184018497821,1.7523541619805078e-05,0
-0.7795246243476868,-2.227785444119945e-05,12.21192018513102,1.7366136114548448e-05,0
-0.7785763144493103,-2.2096210159361362e-05,12.22195518528315,1.7203585869172977e-05,0
-0.7773760557174683,-2.1892528820899315e-05,12.232035185435961,1.7018727704471706e-05,0
-0.7766345143318176,-2.172463973693084e-05,12.24207018558809,1.687210503112499e-05,0
-0.775410532951355,-2.1520545487874188e-05,12.25210518574022,1.66872576461564e-05,0
-0.7745161056518555,-2.1337544239941053e-05,12.262185185893031,1.6526271668893325e-05,0
-0.7735435366630554,-2.1151159671717323e-05,12.27222018604516,1.636134285698521e-05,0
-0.772373616695404,-2.0941823095199652e-05,12.282300186197972,1.6174911644234696e-05,0
-0.7715696096420288,-2.0769275579368696e-05,12.292335186350101,1.6024941851321226e-05,0
-0.7703633904457092,-2.0560728444252163e-05,12.30237018650223,1.583923247434763e-05,0
-0.769475519657135,-2.0375777239678428e-05,12.312450186655042,1.5678661779919582e-05,0
-0.7684779167175293,-2.0193387172184885e-05,12.322485186807171,1.551817210555112e-05,0
-0.7673189640045166,-1.997961226152256e-05,12.332565186959982,1.533073538172343e-05,0
-0.7665410041809082,-1.9808096112683415e-05,12.342600187112112,1.518371788512829e-05,0
-0.7653668522834778,-1.960269219125621e-05,12.352680187264923,1.5003250818703675e-05,0
-0.7644268870353699,-1.940250876941718e-05,12.362715187417052,1.4831799379282041e-05,0
-0.7634925246238708,-1.9219256500946358e-05,12.372750187569181,1.4673758667301277e-05,0
-0.7623064517974854,-1.9000593965756707e-05,12.382830187721993,1.4484275368080706e-05,0
-0.7615494132041931,-1.882828655652702e-05,12.392865187874122,1.4338670578763549e-05,0
-0.7603383660316467,-1.8613276552059688e-05,12.402945188026933,1.4152388280088226e-05,0
-0.7593696117401123,-1.841164703364484e-05,12.412980188179063,1.3981245259434873e-05,0
-0.7585113048553467,-1.8228542103315704e-05,12.423015188331192,1.382655525639662e-05,0
-0.7573139667510986,-1.8008966435445473e-05,12.433095188484003,1.3638441808314604e-05,0
-0.7565270066261292,-1.783075822459068e-05,12.443130188636133,1.3489450145523821e-05,0
-0.7553478479385376,-1.7619879145058803e-05,12.453210188788944,1.3309137793157287e-05,0
-0.7544068694114685,-1.7412299712304957e-05,12.463245188941073,1.3135958515214196e-05,0
-0.7534839510917664,-1.7224820112460293e-05,12.473325189093885,1.2978625515181505e-05,0
-0.7522373199462891,-1.6999640138237737e-05,12.483360189246014,1.2787763737639318e-05,0
-0.7514613270759583,-1.680983041296713e-05,12.493395189398143,1.2631937470050083e-05,0
-0.7503533959388733,-1.659905319684185e-05,12.503475189550954,1.2455155935620294e-05,0
-0.7493329644203186,-1.6391371900681406e-05,12.513510189703084,1.228259529725351e-05,0
-0.7484814524650574,-1.6205320207518525e-05,12.523590189855895,1.2129381606584811e-05,0
-0.7472087144851685,-1.597995651536621e-05,12.533625190008024,1.1940362765375679e-05,0
-0.7464656233787537,-1.5790719771757722e-05,12.543660190160153,1.1787229478024339e-05,0
-0.7453469038009644,-1.5576015357510187e-05,12.553740190312965,1.1609534820276489e-05,0
-0.7443373203277588,-1.5362722479039803e-05,12.563775190465094,1.143504768298751e-05,0
-0.7435170412063599,-1.5178081412159372e-05,12.573855190617905,1.1285162182757985e-05,0
-0.7422500848770142,-1.4950397599022835e-05,12.583890190770035,1.1096933886819808e-05,0
-0.741420567035675,-1.4756616110389587e-05,12.593925190922164,1.0940858684092825e-05,0
-0.7403343319892883,-1.4547224964189809e-05,12.604005191074975,1.0769810076161361e-05,0
-0.7392634153366089,-1.4330888916447293e-05,12.614040191227105,1.059430188518238e-05,0
-0.7384764552116394,-1.4152167750580702e-05,12.624120191379916,1.0451042674009317e-05,0
-0.7371947765350342,-1.3924925951869227e-05,12.634155191532045,1.0265382675355133e-05,0
-0.7364381551742554,-1.3738970665144734e-05,12.644235191684857,1.01179022106324e-05,0
-0.7353586554527283,-1.3533503079088405e-05,12.654270191836986,9.951978627803807e-06,0
-0.7342574596405029,-1.3320639482117258e-05,12.664305191989115,9.780778906926402e-06,0
-0.7334619164466858,-1.3136208508512937e-05,12.674385192141926,9.634908667497158e-06,0
-0.732184648513794,-1.2916720152134076e-05,12.684420192294056,9.457424204541327e-06,0
-0.7313615083694458,-1.273075304197846e-05,12.694500192446867,9.310782747460277e-06,0
-0.7302786111831665,-1.2530521416920237e-05,12.704535192598996,9.150771777749435e-06,0
-0.7291732430458069,-1.2323564078542404e-05,12.714570192751125,8.986013185033575e-06,0
-0.7284473776817322,-1.2148781934229191e-05,12.724650192903937,8.849748342016457e-06,0
-0.727102518081665,-1.1937366252823267e-05,12.734685193056066,8.679689061690888e-06,0
-0.7263269424438477,-1.1755493687815033e-05,12.744765193208877,8.538331787188644e-06,0
-0.7253116965293884,-1.1569341040740255e-05,12.754800193361007,8.391378377986395e-06,0
-0.7241383790969849,-1.1372158041922376e-05,12.764880193513818,8.23501609131241e-06,0
-0.7234098315238953,-1.1205859664187301e-05,12.774915193665947,8.106429051750149e-06,0
-0.7220677137374878,-1.1004355656041298e-05,12.784950193818077,7.945889929711933e-06,0
-0.721254289150238,-1.0843717063835356e-05,12.795030193970888,7.821077442622876e-06,0
-0.7202749252319336,-1.0675177691155113e-05,12.805065194123017,7.689062813334355e-06,0
-0.7190276384353638,-1.0489358828635886e-05,12.815145194275829,7.542138907255195e-06,0
-0.7183502912521362,-1.03405473055318e-05,12.825180194427958,7.428135168635261e-06,0
-0.7170432209968567,-1.0159488738281652e-05,12.835215194580087,7.2847925285787676e-06,0
-0.7162538170814514,-1.0010246114688925e-05,12.845295194732898,7.169876989570711e-06,0
-0.7152051329612732,-9.855981261353008e-06,12.855330194885028,7.0490483884897955e-06,0
-0.7140151262283325,-9.685970326245297e-06,12.865410195037839,6.915929325137919e-06,0
-0.7133216857910156,-9.557699740980752e-06,12.875445195189968,6.817714491520743e-06,0
-0.71201092004776,-9.391334970132448e-06,12.88552519534278,6.686733052560707e-06,0
-0.7111591100692749,-9.251538358512335e-06,12.895560195494909,6.579315785811392e-06,0
-0.7101765275001526,-9.12015912035713e-06,12.905595195647038,6.4769229343440726e-06,0
-0.7089705467224121,-8.961327694123611e-06,12.91567519579985,6.353317394661509e-06,0
-0.708260178565979,-8.842777788231615e-06,12.925710195951979,6.2629873753121965e-06,0
-0.7069984078407288,-8.693898962519597e-06,12.93579019610479,6.146572724429519e-06,0
-0.7061091661453247,-8.568122211727314e-06,12.94582519625692,6.050029630354009e-06,0
-0.7052014470100403,-8.443630576948635e-06,12.955860196409049,5.954460500882399e-06,0
-0.7039119005203247,-8.298397915496025e-06,12.96594019656186,5.841341047970708e-06,0
-0.703262448310852,-8.190555490728002e-06,12.97597519671399,5.760110107435267e-06,0
-0.701937735080719,-8.05419676908059e-06,12.9860551968668,5.653544637982874e-06,0
-0.7010887861251831,-7.9381634350284e-06,12.99609019701893,5.565357366727375e-06,0
-0.7001740336418152,-7.824593922123313e-06,13.006170197171741,5.478577488062311e-06,0
-0.6988352537155151,-7.691432074352633e-06,13.01620519732387,5.375043885115873e-06,0
-0.6982256174087524,-7.596946488774847e-06,13.026240197476,5.304382652546072e-06,0
-0.69693523645401,-7.4686872721940745e-06,13.036320197628811,5.205191330047632e-06,0
-0.6959778666496277,-7.357049071288202e-06,13.04635519778094,5.1203433174717874e-06,0
-0.6951375007629395,-7.260761776706204e-06,13.056435197933752,5.04722779509463e-06,0
-0.693849503993988,-7.1353247221850324e-06,13.06647019808588,4.950841519324125e-06,0
-0.6932051777839661,-7.047180588415358e-06,13.07650519823801,4.885142072668183e-06,0
-0.6919267177581787,-6.930956260475796e-06,13.086585198390821,4.795713816236518e-06,0
-0.6909245252609253,-6.827502147643827e-06,13.09662019854295,4.717288680078759e-06,0
-0.690151035785675,-6.7451505856297445e-06,13.106700198695762,4.655172663202721e-06,0
-0.6779082417488098,-5.969171070319135e-06,13.126815199000703,4.046550264977906e-06,0
-0.6836052536964417,-6.281782134465175e-06,13.136850199152832,4.2942592696968405e-06,0
-0.6850046515464783,-6.330368705675937e-06,13.146885199304961,4.336332009392276e-06,0
-0.684982180595398,-6.292319085332565e-06,13.156965199457773,4.31012644807314e-06,0
-0.6839713454246521,-6.199821655172855e-06,13.167000199609902,4.240500358881471e-06,0
-0.6833767890930176,-6.126174866949441e-06,13.177080199762713,4.186485709998253e-06,0
-0.682159960269928,-6.029807082086336e-06,13.187115199914842,4.113292959551345e-06,0
-0.6811678409576416,-5.941308700130321e-06,13.197150200066972,4.047028419730623e-06,0
-0.6803885102272034,-5.865536422788864e-06,13.207230200219783,3.990843588384715e-06,0
-0.6790600419044495,-5.7659863159642555e-06,13.217265200371912,3.9154509093391695e-06,0
-0.6783322095870972,-5.695028448826633e-06,13.227345200524724,3.863121231353949e-06,0
-0.6771272420883179,-5.6053891057672445e-06,13.237380200676853,3.7955616660200766e-06,0
-0.676101565361023,-5.522147603187477e-06,13.247460200829664,3.7335326386696743e-06,0
-0.6753619909286499,-5.452991445054067e-06,13.257495200981793,3.6827431588486105e-06,0
-0.673949122428894,-5.358214366424363e-06,13.267530201133923,3.611163870037592e-06,0
-0.6732956171035767,-5.292316927807406e-06,13.277610201286734,3.563293791815792e-06,0
-0.6721007227897644,-5.210298240854172e-06,13.287645201438863,3.501845213628327e-06,0
-0.671081006526947,-5.130697445565602e-06,13.297725201591675,3.4431136059554e-06,0
-0.6703387498855591,-5.0679996093094815e-06,13.307760201743804,3.3972765225250196e-06,0
-0.668941080570221,-4.9767340897233225e-06,13.317795201895933,3.3291418796901743e-06,0
-0.6682650446891785,-4.915526915283408e-06,13.327875202048745,3.2848748137127262e-06,0
-0.667098879814148,-4.8390616029792e-06,13.337910202200874,3.2281325746990794e-06,0
-0.6660103797912598,-4.761709533340763e-06,13.347990202353685,3.171347974755944e-06,0
-0.6653121709823608,-4.7044045459188055e-06,13.358025202505814,3.129897601624528e-06,0
-0.6638836860656738,-4.617394097294891e-06,13.368060202657944,3.065412613330017e-06,0
-0.663180410861969,-4.559669832815416e-06,13.378140202810755,3.023883713121453e-06,0
-0.6620949506759644,-4.488168087846134e-06,13.388175202962884,2.9715934287479233e-06,0
-0.6609136462211609,-4.414600425661774e-06,13.398255203115696,2.917669663933612e-06,0
-0.6602568626403809,-4.361999799584737e-06,13.408290203267825,2.8800403025117886e-06,0
-0.6588273048400879,-4.279545464669354e-06,13.418370203420636,2.8194814044287322e-06,0
-0.6581099629402161,-4.225235898047686e-06,13.428405203572765,2.780669840277833e-06,0
-0.6570436954498291,-4.159208401688375e-06,13.438440203724895,2.732781658391307e-06,0
-0.6558470129966736,-4.087239176442381e-06,13.448520203877706,2.6806036052727197e-06,0
-0.6552179455757141,-4.038925908389501e-06,13.458555204029835,2.646376736027494e-06,0
-0.6537585854530334,-3.959946297982242e-06,13.468635204182647,2.588848890238847e-06,0
-0.6530998349189758,-3.909019142156467e-06,13.478670204334776,2.552979756437505e-06,0
-0.6520377397537231,-3.8481957744807005e-06,13.488705204486905,2.509168874922224e-06,0
-0.6507643461227417,-3.7779961985506816e-06,13.498785204639717,2.458585225804038e-06,0
-0.6501933932304382,-3.734150595846586e-06,13.508820204791846,2.4279200467469545e-06,0
-0.6487501263618469,-3.659290086943656e-06,13.518900204944657,2.3739649062993508e-06,0
-0.6480074524879456,-3.6106048355577514e-06,13.528935205096786,2.339698841430436e-06,0
-0.64701247215271,-3.5541579563869163e-06,13.539015205249598,2.2995845257831223e-06,0
-0.6457247138023376,-3.485902425381937e-06,13.549050205401727,2.250933345972626e-06,0
-0.6451874375343323,-3.4467029763618484e-06,13.559085205553856,2.223769461260857e-06,0
-0.6436874866485596,-3.37474148182082e-06,13.569165205706668,2.172278862521879e-06,0
-0.6429664492607117,-3.3288367831119103e-06,13.579200205858797,2.1403303666059148e-06,0
-0.6419718861579895,-3.275923745604814e-06,13.589280206011608,2.1030509458756682e-06,0
-0.6406404972076416,-3.2104746878758306e-06,13.599315206163737,2.05676010031332e-06,0
-0.6401547193527222,-3.175715619363473e-06,13.609350206315867,2.03294934105768e-06,0
-0.638687014579773,-3.107084921794012e-06,13.619430206468678,1.984454792746445e-06,0
-0.6378637552261353,-3.0623723432654515e-06,13.629465206620807,1.95337632277596e-06,0
-0.636997401714325,-3.0146618428261718e-06,13.639545206773619,1.92033176092759e-06,0
-0.6355913281440735,-2.951011765617295e-06,13.649580206925748,1.875637487477484e-06,0
-0.6351515650749207,-2.919323151218123e-06,13.65966020707856,1.85421266845564e-06,0
-0.6336002945899963,-2.8542490326799452e-06,13.669695207230689,1.8084530279392254e-06,0
-0.632820725440979,-2.812182628986193e-06,13.679730207382818,1.779607451347562e-06,0
-0.6319829225540161,-2.7692060484696412e-06,13.68981020753563,1.7500909316661023e-06,0
-0.6305174231529236,-2.707369048948749e-06,13.699845207687758,1.7070433562671466e-06,0
-0.6300768852233887,-2.6786331090988824e-06,13.70992520784057,1.6877448060372653e-06,0
-0.6286196112632751,-2.617570089569199e-06,13.719960207992699,1.6454558921593661e-06,0
-0.6277900338172913,-2.5763260964595247e-06,13.729995208144828,1.617391847220695e-06,0
-0.6269643902778625,-2.538932903917157e-06,13.74007520829764,1.5918205200608234e-06,0
-0.6254847049713135,-2.4784935703792144e-06,13.750110208449769,1.5502598196419403e-06,0
-0.6250743865966797,-2.4529651909688255e-06,13.76019020860258,1.5332857120878458e-06,0
-0.6235663294792175,-2.395076080574654e-06,13.77022520875471,1.4934888003874077e-06,0
-0.6227114200592041,-2.355796368647134e-06,13.78030520890752,1.466981302090573e-06,0
-0.6219819188117981,-2.323017952221562e-06,13.79034020905965,1.4448751633570211e-06,0
-0.6204190254211426,-2.2642191197519423e-06,13.80037520921178,1.4047646196164174e-06,0
-0.6200538873672485,-2.2418360003939597e-06,13.81045520936459,1.3900591268841192e-06,0
-0.618587076663971,-2.1868531803193036e-06,13.82049020951672,1.3527591159070258e-06,0
-0.6176308393478394,-2.1494736301974626e-06,13.830570209669531,1.327581202374906e-06,0
-0.6169712543487549,-2.120041017406038e-06,13.84060520982166,1.3080043657798138e-06,0
-0.6153554320335388,-2.0632455743907485e-06,13.85064020997379,1.269629371820506e-06,0
-0.6150012612342834,-2.0432153178262524e-06,13.860720210126601,1.2565799974363526e-06,0
-0.6135152578353882,-1.9925089418393327e-06,13.87075521027873,1.2224346371918747e-06,0
-0.6125901937484741,-1.9563626665330958e-06,13.880835210431542,1.1984485849337906e-06,0
-0.6119735240936279,-1.9317687929287786e-06,13.890870210583671,1.1821913559427184e-06,0
-0.6103034019470215,-1.8753819404082606e-06,13.900950210736482,1.1445519781811677e-06,0
-0.6099607348442078,-1.858108021224325e-06,13.910985210888612,1.1333729340459061e-06,0
-0.6085093021392822,-1.8109078609995777e-06,13.92102021104074,1.1019542787353933e-06,0
-0.6075316071510315,-1.7760212358552963e-06,13.931100211193552,1.0789890357535293e-06,0
-0.6070107817649841,-1.7546906292409403e-06,13.941135211345681,1.0651161306112351e-06,0
-0.6052207350730896,-1.6999673562168027e-06,13.951215211498493,1.02885549292979e-06,0
-0.6049318313598633,-1.6846772723511094e-06,13.961250211650622,1.0191149076136958e-06,0
-0.6035156846046448,-1.6415538084402215e-06,13.971285211802751,9.907034705161622e-07,0
-0.6024469137191772,-1.6075443909358e-06,13.981365211955563,9.684601569858473e-07,0
-0.6019842624664307,-1.5895703882051748e-06,13.991400212107692,9.5689635778217e-07,0
-0.6001821756362915,-1.5364172440968105e-06,14.001480212260503,9.221302442471389e-07,0
-0.5999094247817993,-1.5237701518344693e-06,14.011515212412633,9.141240752866915e-07,0
-0.5985267162322998,-1.4844142697256757e-06,14.021595212565444,8.88461598387276e-07,0
-0.5973201394081116,-1.4495847153739305e-06,14.031630212717573,8.658661442710239e-07,0
-0.5969865322113037,-1.4352930293171084e-06,14.041665212869702,8.568506082790776e-07,0
-0.5951035022735596,-1.3848725757270586e-06,14.051745213022514,8.241425200177779e-07,0
-0.5948931574821472,-1.3737057997786906e-06,14.061780213174643,8.172081806818836e-07,0
-0.5935162305831909,-1.3375752132560592e-06,14.071860213327454,7.93872598693244e-07,0
-0.5922789573669434,-1.3035271422268124e-06,14.081895213479584,7.720516966976078e-07,0
-0.5919805765151978,-1.2924572274641832e-06,14.091930213631713,7.651095746354813e-07,0
-0.5900589227676392,-1.2436440783858416e-06,14.102010213784524,7.338232851987031e-07,0
-0.5898048281669617,-1.2344224842308904e-06,14.112045213936653,7.280683411972343e-07,0
-0.5885156989097595,-1.2015349284411059e-06,14.122125214089465,7.071221681760053e-07,0
-0.5872092247009277,-1.1672178743538097e-06,14.132160214241594,6.854011030563655e-07,0
-0.5869784355163574,-1.1589430641834042e-06,14.142240214394405,6.80274586666908e-07,0
-0.5849862694740295,-1.1118467000414967e-06,14.152275214546535,6.504150532842855e-07,0
-0.5847392082214355,-1.1037101330657606e-06,14.162310214698664,6.453825893148481e-07,0
-0.5834751129150391,-1.0732768487287103e-06,14.172390214851475,6.262303305010816e-07,0
-0.5821229815483093,-1.0404295380794792e-06,14.182425215003605,6.056579447977567e-07,0
-0.5819639563560486,-1.0347873740101932e-06,14.192505215156416,6.022089541662582e-07,0
-0.5799431204795837,-9.891895160762942e-07,14.202540215308545,5.736736546989754e-07,0
-0.5796961784362793,-9.809903076529736e-07,14.212575215460674,5.686763324294587e-07,0
-0.5785046815872192,-9.535251592751592e-07,14.222655215613486,5.516187686518785e-07,0
-0.5770326256752014,-9.206837603414897e-07,14.232690215765615,5.312645676463677e-07,0
-0.5769073367118835,-9.17690215374023e-07,14.242770215918426,5.294222180779824e-07,0
-0.5749248266220093,-8.742972568143159e-07,14.252805216070556,5.026551987900689e-07,0
-0.5746058225631714,-8.670480724504159e-07,14.262840216222685,4.982108708721835e-07,0
-0.5734661221504211,-8.427825264334388e-07,14.272920216375496,4.833072272499189e-07,0
-0.5719443559646606,-8.10128653938591e-07,14.282955216527625,4.633485112254249e-07,0
-0.5719589591026306,-8.085964964266168e-07,14.293035216680437,4.624840104302017e-07,0
-0.5698386430740356,-7.663030601179344e-07,14.303070216832566,4.366690959610849e-07,0
-0.5695698857307434,-7.588859034513007e-07,14.313150216985377,4.322385573114293e-07,0
-0.5685006380081177,-7.374509323199163e-07,14.323185217137507,4.1924132552355364e-07,0
-0.5669177174568176,-7.047986514407967e-07,14.333220217289636,3.9956284274145966e-07,0
-0.5669684410095215,-7.049323471619573e-07,14.343300217442447,3.996743938875977e-07,0
-0.5566668510437012,-5.117420300848607e-07,14.363415217747388,2.848698244340504e-07,0
-0.5597649216651917,-5.686165422957856e-07,14.373450217899517,3.1829159425573257e-07,0
-0.5606170892715454,-5.854602136423637e-07,14.383485218051646,3.2821900085647904e-07,0
-0.5611903071403503,-5.964755587228865e-07,14.393565218204458,3.3473630200140875e-07,0
-0.5601045489311218,-5.775847284894553e-07,14.403600218356587,3.2350783382009083e-07,0
-0.559841513633728,-5.71917325942195e-07,14.413680218509398,3.2018306142883265e-07,0
-0.5588613152503967,-5.548739068217401e-07,14.423715218661528,3.1009756136452375e-07,0
-0.5576829314231873,-5.32831563759828e-07,14.433795218814339,2.971510684323818e-07,0
-0.5572741031646729,-5.251252446214494e-07,14.443830218966468,2.9263869974554765e-07,0
-0.5556522607803345,-4.970065674569923e-07,14.453865219118597,2.761628228301516e-07,0
-0.5550614595413208,-4.866384415436187e-07,14.463945219271409,2.701142436321147e-07,0
-0.5539994239807129,-4.6902786721148004e-07,14.473980219423538,2.5984116826606224e-07,0
-0.5526363253593445,-4.460463003397308e-07,14.48406021957635,2.4650138835987936e-07,0
-0.5522580146789551,-4.392242090034415e-07,14.494095219728479,2.4256508966317503e-07,0
-0.5505845546722412,-4.1219345803256147e-07,14.504130219880608,2.26947351529669e-07,0
-0.5500108599662781,-4.023675899134105e-07,14.51421022003342,2.2130654415083362e-07,0
-0.5489769577980042,-3.8681770320181386e-07,14.524245220185549,2.1235400592614306e-07,0
-0.5475016236305237,-3.642115586899308e-07,14.53432522033836,1.994064197277409e-07,0
-0.547225296497345,-3.5899958561458334e-07,14.54436022049049,1.9645365468036435e-07,0
-0.5455014109611511,-3.3401440191482834e-07,14.5544402206433,1.8220532752588388e-07,0
-0.544940173625946,-3.2503416491636017e-07,14.56447522079543,1.771241742638857e-07,0
-0.5439319014549255,-3.1181971849036927e-07,14.574510220947559,1.6960869238960616e-07,0
-0.5424008965492249,-2.9001162715758255e-07,14.58459022110037,1.573025665799723e-07,0
-0.5421328544616699,-2.8656791073444765e-07,14.5946252212525,1.5535787944358313e-07,0
-0.5403846502304077,-2.6366313932157937e-07,14.604705221405311,1.4247951332094292e-07,0
-0.539800763130188,-2.553365447965916e-07,14.61474022155744,1.378308617362256e-07,0
-0.5388538837432861,-2.4456878122691705e-07,14.62477522170957,1.3178683760648634e-07,0
-0.5372781157493591,-2.2381748010502633e-07,14.63485522186238,1.2025223398259822e-07,0
-0.537110447883606,-2.2214949524368421e-07,14.64489022201451,1.1931881488745222e-07,0
-0.5352699160575867,-2.015814146716366e-07,14.654970222167321,1.0790046691005649e-07,0
-0.5347021222114563,-1.938011706670295e-07,14.66500522231945,1.0362589724272531e-07,0
-0.5337988138198853,-1.8567710924344283e-07,14.675085222472262,9.911422066765503e-08,0
-0.532127320766449,-1.6621244469661178e-07,14.685120222624391,8.84461828744496e-08,0
-0.5320345163345337,-1.660978483641884e-07,14.69515522277652,8.836978841864769e-08,0
-0.5301671624183655,-1.478339868299372e-07,14.705235222929332,7.837672530662182e-08,0
-0.5295767784118652,-1.4077487264785304e-07,14.715270223081461,7.455110353819062e-08,0
-0.5286940932273865,-1.350788068066322e-07,14.725350223234273,7.141536727886973e-08,0
-0.5269749760627747,-1.1656518239533398e-07,14.735385223386402,6.142693420253408e-08,0
-0.5269606113433838,-1.1798604759860609e-07,14.745420223538531,6.217399977255105e-08,0
-0.5250744819641113,-1.0194039390398757e-07,14.755500223691342,5.3526299520353725e-08,0
-0.524408221244812,-9.512604748351805e-08,14.765535223843472,4.9884881354881227e-08,0
-0.5236334800720215,-9.164818948192988e-08,14.775615223996283,4.7990060400722977e-08,0
-0.5218784213066101,-7.382233491171064e-08,14.785650224148412,3.85262836008914e-08,0
-0.5218276977539062,-7.640545618414762e-08,14.795730224301224,3.9870483296410714e-08,0
-0.5200519561767578,-6.205448244145373e-08,14.805765224453353,3.227155498321428e-08,0
-0.5193487405776978,-5.5442981761189e-08,14.815800224605482,2.8794242751545776e-08,0
-0.5186190009117126,-5.3717915449169595e-08,14.825880224758293,2.785913164130819e-08,0
-0.5168272256851196,-3.632679579368414e-08,14.835915224910423,1.8774677088079648e-08,0
-0.5167651176452637,-3.953010008217461e-08,14.845995225063234,2.042777681949401e-08,0
-0.514995276927948,-2.6288963894671724e-08,14.856030225215363,1.3538692241085291e-08,0
-0.5143221616744995,-1.9535864481667886e-08,14.866065225367493,1.0047728050391503e-08,0
-0.5135924220085144,-1.927201331852757e-08,14.876145225520304,9.897959997242922e-09,0
-0.5117759704589844,-2.143536237397825e-09,14.886180225672433,1.0970103381082718e-09,0
-0.5117124915122986,-5.687650794783394e-09,14.896260225825245,2.910441959050516e-09,0
-0.5099934339523315,6.576731603757935e-09,14.906295225977374,-3.354089934783334e-09,0
-0.5091992020606995,1.3522222452877486e-08,14.916375226130185,-6.88550488309249e-09,0
-0.5085859298706055,1.2858425435524623e-08,14.926410226282314,-6.5396142567981355e-09,0
-0.5067638158798218,3.019192362785361e-08,14.936445226434444,-1.530017442640325e-08,0
-0.5066618919372559,2.667523091304247e-08,14.946525226587255,-1.351532296226527e-08,0
-0.5050306916236877,3.85655845036581e-08,14.956560226739384,-1.9476803814754225e-08,0
-0.5041065216064453,4.648185125688542e-08,14.966640226892196,-2.3431804354936687e-08,0
-0.503593921661377,4.594762614829051e-08,14.976675227044325,-2.3138945243048446e-08,0
-0.5017496347427368,6.420533082973634e-08,14.986710227196454,-3.221500129235679e-08,0
-0.5016493797302246,6.172682276428532e-08,14.996790227349265,-3.096522235242124e-08,0
-0.5001235008239746,7.403198765132402e-08,15.006825227501395,-3.7025136837137425e-08,0
-0.4991661310195923,8.367905479644833e-08,15.016905227654206,-4.176975003011957e-08,0
-0.49869295954704285,8.381503135979074e-08,15.026940227806335,-4.179796604334225e-08,0
-0.49688366055488586,1.0387921633991937e-07,15.036975227958465,-5.161588527055205e-08,0
-0.49668291211128235,1.0295374863744655e-07,15.047055228111276,-5.113536768601992e-08,0
-0.495210200548172,1.1609539285473147e-07,15.057090228263405,-5.7491622778310386e-08,0
-0.4941836893558502,1.283300008481092e-07,15.067170228416217,-6.341859327415799e-08,0
-0.49380019307136536,1.296314451337821e-07,15.077205228568346,-6.401203263518171e-08,0
-0.4919770359992981,1.5159864119596023e-07,15.087285228721157,-7.45830501571096e-08,0
-0.49168211221694946,1.5309053935652628e-07,15.097320228873286,-7.527187975124887e-08,0
-0.4904080033302307,1.6700073501851875e-07,15.107355229025416,-8.189849701511272e-08,0
-0.4892212748527527,1.8228303133582813e-07,15.117435229178227,-8.91767369741381e-08,0
-0.4889012575149536,1.8457440376096201e-07,15.127470229330356,-9.023865810380711e-08,0
-0.4870567321777344,2.083879024894486e-07,15.137550229483168,-1.014967308118832e-07,0
-0.48668646812438965,2.124912015233349e-07,15.147585229635297,-1.0341659237689978e-07,0
-0.48553168773651123,2.26807685521635e-07,15.157620229787426,-1.1012231834293132e-07,0
-0.4842548370361328,2.4565662215536577e-07,15.167700229940237,-1.189604075286935e-07,0
-0.4839261770248413,2.4891019734241127e-07,15.177735230092367,-1.204541602224119e-07,0
-0.48218652606010437,2.7419318371357804e-07,15.187815230245178,-1.3221225872421018e-07,0
-0.4816681146621704,2.809679244819563e-07,15.197850230397307,-1.3533329046576696e-07,0
-0.48067134618759155,2.953810565031745e-07,15.207930230550119,-1.4198121006769392e-07,0
-0.47928839921951294,3.174181983922608e-07,15.217965230702248,-1.5213486019056846e-07,0
-0.47897782921791077,3.217022594981245e-07,15.228000230854377,-1.5408824990890868e-07,0
-0.47728222608566284,3.4796624959199107e-07,15.238080231007189,-1.6607810620794487e-07,0
-0.47668272256851196,3.5767368444794556e-07,15.248115231159318,-1.7049686569375753e-07,0
-0.47578707337379456,3.721534937994875e-07,15.25819523131213,-1.7706582166069075e-07,0
-0.4742682874202728,3.970147304244165e-07,15.268230231464258,-1.882914962790093e-07,0
-0.47400274872779846,4.0241812371277774e-07,15.278265231616388,-1.907472967777399e-07,0
-0.4723498821258545,4.292467110644793e-07,15.288345231769199,-2.0275463337421753e-07,0
-0.47167474031448364,4.417591981109581e-07,15.298380231921328,-2.083666550505207e-07,0
-0.47085270285606384,4.5604889464812004e-07,15.30846023207414,-2.1473185467958763e-07,0
-0.46930551528930664,4.831179012398934e-07,15.318495232226269,-2.2672989558687653e-07,0
-0.4689647853374481,4.895963456874597e-07,15.32857523237908,-2.2960344515731858e-07,0
-0.4674435555934906,5.166779146748013e-07,15.33861023253121,-2.4151776153221927e-07,0
-0.46661317348480225,5.318724447533896e-07,15.348645232683339,-2.4817868933549927e-07,0
-0.46588632464408875,5.460481133923167e-07,15.35872523283615,-2.5439634862718506e-07,0
-0.4643901288509369,5.749756724071631e-07,15.36876023298828,-2.6701302659531654e-07,0
-0.4639502167701721,5.82679831495625e-07,15.37884023314109,-2.7033443413000257e-07,0
-0.462552011013031,6.09427559083997e-07,15.38887523329322,-2.818919430210656e-07,0
-0.46163806319236755,6.272238692872634e-07,15.39891023344535,-2.89550412205795e-07,0
-0.46091386675834656,6.410895139197237e-07,15.40899023359816,-2.954870467989687e-07,0
-0.4594109058380127,6.714220148751338e-07,15.41902523375029,-3.0845859605336883e-07,0
-0.458913654088974,6.806200190112577e-07,15.429105233903101,-3.123458199705632e-07,0
-0.45757898688316345,7.067873752930609e-07,15.43914023405523,-3.2341105112840904e-07,0
-0.4565967917442322,7.268712352015427e-07,15.449220234208042,-3.318870740041916e-07,0
-0.4559193551540375,7.401427524200699e-07,15.459255234360171,-3.3744540640529267e-07,0
-0.4543781876564026,7.714559728810855e-07,15.4692902345123,-3.505327668144145e-07,0
-0.4538991451263428,7.819797929187189e-07,15.479370234665112,-3.5493995951188105e-07,0
-0.45264509320259094,8.076936524048506e-07,15.48940523481724,-3.655985685719347e-07,0
-0.45153215527534485,8.297776048493688e-07,15.499485234970052,-3.7467127031684893e-07,0
-0.45096129179000854,8.426275144302053e-07,15.509520235122181,-3.7999239240524947e-07,0
-0.4494277834892273,8.745566333345778e-07,15.51955523527431,-3.9305004925536017e-07,0
-0.44886258244514465,8.865222298481967e-07,15.529635235427122,-3.979266574846897e-07,0
-0.44769468903541565,9.110697760661424e-07,15.539670235579251,-4.078811000854974e-07,0
-0.44651564955711365,9.348295861855149e-07,15.549750235732063,-4.1741603990083295e-07,0
-0.44596976041793823,9.4749793788651e-07,15.559785235884192,-4.225554283557374e-07,0
-0.4444352686405182,9.796012818696909e-07,15.569865236037003,-4.3536935886835204e-07,0
-0.44383201003074646,9.927631481332355e-07,15.579900236189133,-4.406200635204256e-07,0
-0.4427339732646942,1.0162823400605703e-06,15.589935236341262,-4.499427183737574e-07,0
-0.44155120849609375,1.041725454342668e-06,15.600015236494073,-4.5997513328614736e-07,0
-0.4409761130809784,1.054429731084383e-06,15.610050236646202,-4.6497832433061256e-07,0
-0.43946683406829834,1.0863026318475022e-06,15.620130236799014,-4.77393978458082e-07,0
-0.4309008717536926,1.2972840295333299e-06,15.650280237256084,-5.59000819238055e-07,0
-0.43399208784103394,1.218423449245165e-06,15.660315237408213,-5.287861366123832e-07,0
-0.4329591989517212,1.2385442005324876e-06,15.670395237561024,-5.362391049288458e-07,0
-0.4325738549232483,1.2459952358767623e-06,15.680430237713153,-5.389849623992131e-07,0
-0.4319230020046234,1.2592370239872253e-06,15.690510237865965,-5.438934356359303e-07,0
-0.4301813542842865,1.2985910871066153e-06,15.700545238018094,-5.586296725130276e-07,0
-0.4301223158836365,1.3001472325413488e-06,15.710580238170223,-5.592223386503858e-07,0
-0.4283354878425598,1.340599737886805e-06,15.720660238323035,-5.742264427293525e-07,0
-0.42766666412353516,1.357273163193895e-06,15.730695238475164,-5.804604860075316e-07,0
-0.42700666189193726,1.3707035577681381e-06,15.740775238627975,-5.852995506459748e-07,0
-0.42517396807670593,1.413242671333137e-06,15.750810238780105,-6.008739944260338e-07,0
-0.42506489157676697,1.4155351664157934e-06,15.760845238932234,-6.0169430203563e-07,0
-0.423409104347229,1.4543990118909278e-06,15.770925239085045,-6.158057829882326e-07,0
-0.4225907325744629,1.474478608542995e-06,15.780960239237174,-6.23100995349559e-07,0
-0.4220603108406067,1.4865742059555487e-06,15.791040239389986,-6.274239714532269e-07,0
-0.42019888758659363,1.5312948562495876e-06,15.801075239542115,-6.434483951631495e-07,0
-0.41998690366744995,1.5346820418926654e-06,15.811110239694244,-6.445463588885403e-07,0
-0.41844871640205383,1.5717778296675533e-06,15.821190239847056,-6.577084152935937e-07,0
-0.41748183965682983,1.595298272150103e-06,15.831225239999185,-6.66008057458587e-07,0
-0.41705378890037537,1.6054812022048282e-06,15.841305240151996,-6.695720183878533e-07,0
-0.4151579439640045,1.6522178611921845e-06,15.851340240304125,-6.859313702331523e-07,0
-0.4149453938007355,1.6575042991462396e-06,15.861420240456937,-6.877737741356485e-07,0
-0.41348859667778015,1.6924497003856231e-06,15.871455240609066,-6.998086515601808e-07,0
-0.41243264079093933,1.7188854144478682e-06,15.881490240761195,-7.089244506977625e-07,0
-0.4120332598686218,1.7285912008446758e-06,15.891570240914007,-7.122370674642474e-07,0
-0.4101581275463104,1.7757841987986467e-06,15.901605241066136,-7.28352321905578e-07,0
-0.40988677740097046,1.7823437019615085e-06,15.911685241218947,-7.305591162179185e-07,0
-0.40851348638534546,1.8149628431274323e-06,15.921720241371077,-7.414367987058462e-07,0
-0.4073381721973419,1.8441455722495448e-06,15.931755241523206,-7.511908866659507e-07,0
-0.4069826602935791,1.8531692376200226e-06,15.941835241676017,-7.542077463008206e-07,0
-0.4050965905189514,1.8998878204001812e-06,15.951870241828146,-7.696380784125953e-07,0
-0.4047960638999939,1.9072033410338918e-06,15.961950241980958,-7.720284055074371e-07,0
-0.4035569429397583,1.9381991478439886e-06,15.971985242133087,-7.821737229123647e-07,0
-0.4022888243198395,1.9711915228981525e-06,15.982065242285898,-7.929883202559317e-07,0
-0.4019320607185364,1.9792150851571932e-06,15.992100242438028,-7.955099977824441e-07,0
-0.40009477734565735,2.0258296444808366e-06,16.002135242590157,-8.105238605487925e-07,0
-0.39968934655189514,2.0352199499029666e-06,16.01221524274297,-8.134557318660975e-07,0
-0.39856743812561035,2.063479769276455e-06,16.022250242895097,-8.224358452645422e-07,0
-0.3972221612930298,2.0976194718969055e-06,16.03233024304791,-8.332209401972325e-07,0
-0.3969186842441559,2.1042692424089182e-06,16.042365243200038,-8.352237789923945e-07,0
-0.3951052725315094,2.1499536160263233e-06,16.052400243352167,-8.494580093901846e-07,0
-0.39463675022125244,2.1612056571029825e-06,16.06248024350498,-8.528911770789075e-07,0
-0.3935697078704834,2.187108293583151e-06,16.072515243657108,-8.607795721866322e-07,0
-0.39210742712020874,2.222378498117905e-06,16.08259524380992,-8.714111149842854e-07,0
-0.3918653726577759,2.2277533844317077e-06,16.09263024396205,-8.729794101799526e-07,0
-0.3901132643222809,2.2724711925548036e-06,16.10271024411486,-8.865211550059009e-07,0
-0.3895781338214874,2.284979245814611e-06,16.11274524426699,-8.90177950405286e-07,0
-0.38858020305633545,2.3088159650797024e-06,16.12278024441912,-8.971601765303799e-07,0
-0.3870949149131775,2.345046141272178e-06,16.13286024457193,-9.077554365232289e-07,0
-0.38679972290992737,2.350101112824632e-06,16.14289524472406,-9.090184592508796e-07,0
-0.38514283299446106,2.3930674615257885e-06,16.15297524487687,-9.216727816789056e-07,0
-0.38448405265808105,2.407702368145692e-06,16.163010245029,-9.257231640991148e-07,0
-0.38355982303619385,2.4277148895635037e-06,16.17304524518113,-9.311738934233104e-07,0
-0.38205835223197937,2.465944135110476e-06,16.18312524533394,-9.42134552956422e-07,0
-0.3817649483680725,2.4700534595467616e-06,16.19316024548607,-9.429798314502483e-07,0
-0.38015836477279663,2.5109088710451033e-06,16.20324024563888,-9.545430105100154e-07,0
-0.37939777970314026,2.5270142032240983e-06,16.21327524579101,-9.58743577981523e-07,0
-0.37858906388282776,2.544350991229294e-06,16.22335524594382,-9.632634599588433e-07,0
-0.3770237863063812,2.5842880404525204e-06,16.23339024609595,-9.743380619177077e-07,0
-0.37670132517814636,2.587713197499397e-06,16.24342524624808,-9.747949906790013e-07,0
-0.3751378059387207,2.626759396662237e-06,16.25350524640089,-9.853967567927894e-07,0
-0.3743095099925995,2.6444674858794315e-06,16.26354024655302,-9.898493288308915e-07,0
-0.3735865652561188,2.6593365873850416e-06,16.273620246705832,-9.93492421541106e-07,0
-0.37204116582870483,2.6988675472239265e-06,16.28365524685796,-1.0040898286864467e-06,0
-0.37168094515800476,2.7026262614526786e-06,16.29369024701009,-1.0045146832655765e-06,0
-0.3701433539390564,2.7394326025387272e-06,16.303770247162902,-1.0139827713936825e-06,0
-0.3692767918109894,2.7588848752202466e-06,16.31380524731503,-1.0187921556971944e-06,0
-0.36858606338500977,2.772130528683192e-06,16.323885247467842,-1.0217686787567437e-06,0
-0.36697137355804443,2.8115084660385037e-06,16.33392024761997,-1.0317431235522202e-06,0
-0.3665918707847595,2.816411324602086e-06,16.344000247772783,-1.0324734963852614e-06,0
-0.3651628792285919,2.8512811240943847e-06,16.354035247924912,-1.0411820247644416e-06,0
-0.3641781806945801,2.8716499400616158e-06,16.36407024807704,-1.0457922507633392e-06,0
-0.36357757449150085,2.8833355827373452e-06,16.374150248229853,-1.0483161576166822e-06,0
-0.361961305141449,2.9241082302178256e-06,16.384185248381982,-1.0584140313844967e-06,0
-0.3615553081035614,2.929346010205336e-06,16.394265248534793,-1.0591205992617285e-06,0
-0.36019933223724365,2.960994379463955e-06,16.404300248686923,-1.0665481982411482e-06,0
-0.3591866195201874,2.9833202006557258e-06,16.414335248839052,-1.0715686978198172e-06,0
-0.3585810661315918,2.9932336929050507e-06,16.424415248991863,-1.0733169287828947e-06,0
-0.35690388083457947,3.034993824257981e-06,16.434450249143993,-1.083201074186655e-06,0
-0.3564866781234741,3.0410940325964475e-06,16.444530249296804,-1.0841095095414277e-06,0
-0.35520780086517334,3.070516868319828e-06,16.454565249448933,-1.0906715443153052e-06,0
-0.3541117012500763,3.0962341952545103e-06,16.464645249601745,-1.0964127583502355e-06,0
-0.3535946011543274,3.1049216886458453e-06,16.474680249753874,-1.0978835461121484e-06,0
-0.3518979251384735,3.145672963000834e-06,16.484715249906003,-1.1069557888441876e-06,0
-0.35143807530403137,3.1534657409793e-06,16.494795250058814,-1.1082479305469663e-06,0
-0.3502182960510254,3.180865633112262e-06,16.504830250210944,-1.1139973419958425e-06,0
-0.3490310311317444,3.2083646601677174e-06,16.514910250363755,-1.119818825584987e-06,0
-0.3485180735588074,3.2161201488634106e-06,16.524945250515884,-1.1208759986155406e-06,0
-0.3469104766845703,3.2577565889369e-06,16.534980250668013,-1.1301498911903997e-06,0
-0.34638747572898865,3.2669229312887182e-06,16.545060250820825,-1.1316211875702473e-06,0
-0.34522876143455505,3.2927014217420947e-06,16.555095250972954,-1.1367352336018219e-06,0
-0.34397241473197937,3.3222643196495483e-06,16.565175251125765,-1.1427672804077517e-06,0
-0.34349769353866577,3.3303513191640377e-06,16.575210251277895,-1.1439679968063e-06,0
-0.34184277057647705,3.3709964100125944e-06,16.585245251430024,-1.152350752402063e-06,0
-0.34131884574890137,3.381667511348496e-06,16.595325251582835,-1.1542268516800285e-06,0
-0.34022486209869385,3.4059414701914648e-06,16.605360251734965,-1.1587859670121137e-06,0
-0.33890777826309204,3.4380746001261286e-06,16.615440251887776,-1.1651902242315148e-06,0
-0.33843204379081726,3.446421033004299e-06,16.625475252039905,-1.1663793139633045e-06,0
-0.336811363697052,3.4868398870457895e-06,16.635555252192717,-1.1744072973491671e-06,0
-0.336196631193161,3.500263574096607e-06,16.645590252344846,-1.1767768218994126e-06,0
-0.33518186211586,3.52397296410345e-06,16.655625252496975,-1.181171820154141e-06,0
-0.33387520909309387,3.5579064388002735e-06,16.665705252649786,-1.1878967561881063e-06,0
-0.3334096074104309,3.566290615708567e-06,16.675740252801916,-1.1890355540948973e-06,0
-0.3318589925765991,3.6074561649002135e-06,16.685820252954727,-1.1971667686480267e-06,0
-0.3311680257320404,3.6232720503903693e-06,16.695855253106856,-1.1999118516178606e-06,0
-0.33019647002220154,3.64675452146912e-06,16.705890253258985,-1.2041454700266062e-06,0
-0.3288366496562958,3.6827461826760555e-06,16.715970253411797,-1.2110219162457067e-06,0
-0.3284015357494354,3.6923975130775943e-06,16.726005253563926,-1.212589013892078e-06,0
-0.3268584609031677,3.7328386497392785e-06,16.736085253716737,-1.2201098958536394e-06,0
-0.3260941207408905,3.75241506844759e-06,16.746120253868867,-1.2236404924002853e-06,0
-0.32520902156829834,3.773922344407765e-06,16.756200254021678,-1.227313593099588e-06,0
-0.32383403182029724,3.8130312987050274e-06,16.766235254173807,-1.2347892989166332e-06,0
-0.3233399987220764,3.823998213192681e-06,16.776270254325937,-1.236451577366944e-06,0
-0.3218379318714142,3.865561211569002e-06,16.786350254478748,-1.2440842258537257e-06,0
-0.32107993960380554,3.888187620759709e-06,16.796385254630877,-1.2484190464417917e-06,0
-0.3202305734157562,3.911310159310233e-06,16.80646525478369,-1.2525210951227887e-06,0
-0.31880953907966614,3.9526662476419006e-06,16.816500254935818,-1.2601477045464678e-06,0
-0.31830114126205444,3.965264113503508e-06,16.826535255087947,-1.2621480927336353e-06,0
-0.3169015944004059,4.006769358966267e-06,16.83661525524076,-1.2697515982511021e-06,0
-0.3160122036933899,4.033171080664033e-06,16.846650255392888,-1.2745312810730919e-06,0
-0.3152461051940918,4.05523314839229e-06,16.8567302555457,-1.2783964556846439e-06,0
-0.31377270817756653,4.099053967365762e-06,16.86676525569783,-1.2861712643063536e-06,0
-0.31330201029777527,4.11407336287084e-06,16.87684525585064,-1.288947455099963e-06,0
-0.3118930757045746,4.155820988671621e-06,16.88688025600277,-1.296171790234418e-06,0
-0.31099390983581543,4.185300895187538e-06,16.896915256154898,-1.3016030892337108e-06,0
-0.3102456033229828,4.20840706283343e-06,16.90699525630771,-1.3056397882374595e-06,0
-0.3087873160839081,4.254818577464903e-06,16.91703025645984,-1.313834008959339e-06,0
-0.30827146768569946,4.273903414286906e-06,16.92711025661265,-1.3175224782691465e-06,0
-0.3069450557231903,4.316302238294156e-06,16.93714525676478,-1.3248676310513308e-06,0
-0.30595704913139343,4.3495533645909745e-06,16.94718025691691,-1.3307765124697784e-06,0
-0.30525514483451843,4.373786850919714e-06,16.95726025706972,-1.3351209386528096e-06,0
-0.3037833869457245,4.4227267608221155e-06,16.96729525722185,-1.3435509149380354e-06,0
-0.30323490500450134,4.444733349373564e-06,16.97737525737466,-1.3477982949676318e-06,0
-0.3019658625125885,4.487721525947563e-06,16.98741025752679,-1.3551387012990658e-06,0
-0.3009260594844818,4.525834356172709e-06,16.9974902576796,-1.36194149868254e-06,0
-0.30028870701789856,4.551896381599363e-06,17.00752525783173,-1.3668830789099237e-06,0
-0.29875481128692627,4.6047202886256855e-06,17.01756025798386,-1.3756823408574473e-06,0
-0.29821234941482544,4.630765488400357e-06,17.02764025813667,-1.380951455884962e-06,0
-0.29700517654418945,4.673577223002212e-06,17.0376752582888,-1.3880766282106747e-06,0
-0.2959275543689728,4.714420811069431e-06,17.04775525844161,-1.3951270208859657e-06,0
-0.2952864468097687,4.742372311739018e-06,17.05779025859374,-1.4003582693824433e-06,0
-0.2937900125980377,4.797887413587887e-06,17.06782525874587,-1.4095714036819519e-06,0
-0.293169766664505,4.827094016945921e-06,17.07790525889868,-1.4151580266156638e-06,0
-0.29198890924453735,4.87203169541317e-06,17.08794025905081,-1.4225792205485057e-06,0
-0.2909170389175415,4.918772901874036e-06,17.098020259203622,-1.4309548477210374e-06,0
-0.29027223587036133,4.949831236444879e-06,17.10805525935575,-1.4367985801838103e-06,0
-0.2887865900993347,5.0073149395757355e-06,17.118135259508563,-1.446045406953533e-06,0
-0.28812116384506226,5.040595624450361e-06,17.128170259660692,-1.4523022777889665e-06,0
-0.28699737787246704,5.086595137981931e-06,17.13820525981282,-1.4598394668996538e-06,0
-0.2858724594116211,5.138187134434702e-06,17.148285259965633,-1.468866193037998e-06,0
-0.2852477729320526,5.1711685955524445e-06,17.158320260117762,-1.475064325337505e-06,0
-0.2837880849838257,5.2319369387987535e-06,17.168400260270573,-1.4847613646178375e-06,0
-0.2831173241138458,5.27011707163183e-06,17.178435260422702,-1.492061443087101e-06,0
-0.28204286098480225,5.317391696735285e-06,17.18847026057483,-1.4997323671240518e-06,0
-0.2808138430118561,5.373246040107915e-06,17.198550260727643,-1.5088818699709414e-06,0
-0.280204713344574,5.409235200204421e-06,17.208585260879772,-1.515693198686659e-06,0
-0.2787996232509613,5.472707471199101e-06,17.218665261032584,-1.5257887811330305e-06,0
-0.2780516743659973,5.515556495083729e-06,17.228700261184713,-1.5336097185182824e-06,0
-0.277057945728302,5.565090305026388e-06,17.238780261337524,-1.5418524877031006e-06,0
-0.2757672369480133,5.625318408419844e-06,17.248815261489653,-1.5512785144427361e-06,0
-0.27522552013397217,5.664216132572619e-06,17.258850261641783,-1.5589368312385354e-06,0
-0.2737910747528076,5.7296660997963045e-06,17.268930261794594,-1.5687314394379577e-06,0
-0.27303335070610046,5.77545324631501e-06,17.278965261946723,-1.5768913516878125e-06,0
-0.2720353901386261,5.826472715853015e-06,17.289045262099535,-1.5850067783891353e-06,0
-0.27078765630722046,5.89065530220978e-06,17.299080262251664,-1.5951167433990877e-06,0
-0.2701680660247803,5.931589384999825e-06,17.309115262403793,-1.6025260325985185e-06,0
-0.268790602684021,5.998328106215922e-06,17.319195262556605,-1.61229422676628e-06,0
-0.26798415184020996,6.048009709047619e-06,17.329230262708734,-1.6207707522004813e-06,0
-0.2670328915119171,6.100503924244549e-06,17.339310262861545,-1.6290352025708193e-06,0
-0.26577141880989075,6.165731520013651e-06,17.349345263013674,-1.6386752140748923e-06,0
-0.2651415467262268,6.209928869793657e-06,17.359380263165804,-1.6465101455969398e-06,0
-0.26383018493652344,6.278251476032892e-06,17.369460263318615,-1.6563922479997592e-06,0
-0.2629205584526062,6.332090833893744e-06,17.379495263470744,-1.6648368582199721e-06,0
-0.26203441619873047,6.3839465838100296e-06,17.389575263623556,-1.6728137161325408e-06,0
-0.2607613205909729,6.453014066210017e-06,17.399610263775685,-1.6826964696970478e-06,0
-0.26012641191482544,6.498731636384036e-06,17.409690263928496,-1.6904917425699414e-06,0
-0.25881409645080566,6.565881903952686e-06,17.419725264080625,-1.69934279237421e-06,0
-0.25793105363845825,6.623173703701468e-06,17.429760264232755,-1.7083221718262496e-06,0
-0.2570599913597107,6.675774784525856e-06,17.439840264385566,-1.7160746084295912e-06,0
-0.2557286024093628,6.745294285792625e-06,17.449875264537695,-1.7249646805456089e-06,0
-0.2550978660583496,6.793435204599518e-06,17.459955264690507,-1.7329908238990048e-06,0
-0.2538039982318878,6.859464065200882e-06,17.469990264842636,-1.7409594054759427e-06,0
-0.25287362933158875,6.920204214111436e-06,17.480025264994765,-1.7499371553381137e-06,0
-0.25208353996276855,6.973274139454588e-06,17.490105265147577,-1.7578476302045412e-06,0
-0.2507247030735016,7.04453441358055e-06,17.500140265299706,-1.766238799136047e-06,0
-0.25007128715515137,7.094091870385455e-06,17.510220265452517,-1.774028685224186e-06,0
-0.2488248199224472,7.161657777032815e-06,17.520255265604646,-1.7819982067163837e-06,0
-0.24783463776111603,7.223676675494062e-06,17.530335265757458,-1.7902772921744937e-06,0
-0.24708549678325653,7.281361831701361e-06,17.540370265909587,-1.7991189054445734e-06,0
-0.2457290142774582,7.3566625360399485e-06,17.550405266061716,-1.8077454333530023e-06,0
-0.24503274261951447,7.410191301460145e-06,17.560485266214528,-1.8157394979320486e-06,0
-0.24385176599025726,7.4804147516260855e-06,17.570520266366657,-1.8241123475235926e-06,0
-0.24287821352481842,7.546251708845375e-06,17.58060026651947,-1.832820133852973e-06,0
-0.24206922948360443,7.602741789014544e-06,17.590635266671597,-1.840389846829551e-06,0
-0.24073335528373718,7.67781602917239e-06,17.600670266823727,-1.8483064139539294e-06,0
-0.2400282323360443,7.73423471400747e-06,17.610750266976538,-1.8564346868752844e-06,0
-0.2388993352651596,7.807599104125984e-06,17.620785267128667,-1.8652302359925532e-06,0
-0.23783764243125916,7.879666554799769e-06,17.63086526728148,-1.8740813165380192e-06,0
-0.23707766830921173,7.939488568808883e-06,17.640900267433608,-1.8822754374608506e-06,0
-0.23578132688999176,8.023087502806447e-06,17.65098026758642,-1.8916942171662147e-06,0
-0.23504778742790222,8.088582944765221e-06,17.66101526773855,-1.9012035245941311e-06,0
-0.2338995337486267,8.162333870131988e-06,17.671050267890678,-1.909166086524496e-06,0
-0.23279908299446106,8.240248462243471e-06,17.68113026804349,-1.918322285656798e-06,0
-0.23212933540344238,8.304570656036958e-06,17.69116526819562,-1.9277344671967886e-06,0
-0.23070867359638214,8.391752999159507e-06,17.70124526834843,-1.9360502035845517e-06,0
-0.22998039424419403,8.459343916911166e-06,17.71128026850056,-1.9454832490584545e-06,0
-0.22891415655612946,8.53268284117803e-06,17.72131526865269,-1.953251895749227e-06,0
-0.22783465683460236,8.612736564828083e-06,17.7313952688055,-1.962279879654438e-06,0
-0.22709661722183228,8.677810910739936e-06,17.74143026895763,-1.970701502719747e-06,0
-0.2257402539253235,8.76645299285883e-06,17.75151026911044,-1.9789413246323645e-06,0
-0.22498062252998352,8.839151632855646e-06,17.76154526926257,-1.9886378369967836e-06,0
-0.22393043339252472,8.919465471990407e-06,17.77162526941538,-1.9973397687724718e-06,0
-0.22275997698307037,9.005814717966132e-06,17.78166026956751,-2.006135079287932e-06,0
-0.22205564379692078,9.074346962734126e-06,17.79169526971964,-2.015009956846559e-06,0
-0.22072972357273102,9.162587957689539e-06,17.80177526987245,-2.022455507111646e-06,0
-0.21996639668941498,9.237030099029653e-06,17.81181027002458,-2.0318362269952227e-06,0
-0.21891792118549347,9.318597221863456e-06,17.82189027017739,-2.0400079321752625e-06,0
-0.21770218014717102,9.398122529091779e-06,17.83192527032952,-2.045991763873525e-06,0
-0.21701468527317047,9.462230082135648e-06,17.84196027048165,-2.0534428832569935e-06,0
-0.21563903987407684,9.539117854728829e-06,17.85204027063446,-2.0570062154393883e-06,0
-0.21479369699954987,9.597877578926273e-06,17.86207527078659,-2.061563608526663e-06,0
-0.21361880004405975,9.633973604650237e-06,17.872155270939402,-2.0579978810815285e-06,0
-0.21217545866966248,9.644615602155682e-06,17.88219027109153,-2.0463507390799647e-06,0
-0.20470809936523438,1.5823660248770466e-07,17.90230527139647,-3.239231414527014e-08,0
-0.20866386592388153,1.5985052925771015e-07,17.9123402715486,-3.335502940489233e-08,0
-0.20813529193401337,1.6388671042477654e-07,17.922420271701412,-3.4110608318365977e-08,0
-0.2070007026195526,1.6799694435576384e-07,17.93245527185354,-3.4775485519581e-08,0
-0.20688867568969727,1.6972229843759123e-07,17.942535272006353,-3.5113621558764826e-08,0
-0.20483940839767456,1.7396502016708837e-07,17.952570272158482,-3.5634891812915906e-08,0
-0.2046562135219574,1.7511500516320666e-07,17.96260527231061,-3.5838373887579894e-08,0
-0.20327910780906677,1.7655919748449378e-07,17.972685272463423,-3.589079614013272e-08,0
-0.20199061930179596,1.7844794797383656e-07,17.982720272615552,-3.604481152436991e-08,0
-0.20181402564048767,1.7752023495631875e-07,17.992800272768363,-3.582607324917991e-08,0
-0.1997222900390625,1.789873635971162e-07,18.002835272920493,-3.574776614567038e-08,0
-0.1995152086019516,1.7695701615139114e-07,18.012915273073304,-3.530561599102372e-08,0
-0.19821247458457947,1.7564060783570312e-07,18.022950273225433,-3.4814159516654394e-08,0
-0.19676852226257324,1.7505762173186667e-07,18.032985273377562,-3.444582953897993e-08,0
-0.19674138724803925,1.7195283419368934e-07,18.043065273530374,-3.383023914049852e-08,0
-0.19457018375396729,1.711669028736651e-07,18.053100273682503,-3.330397574472649e-08,0
-0.1943684071302414,1.6752082387938572e-07,18.063180273835314,-3.256075569858191e-08,0
-0.19310255348682404,1.6400980484831962e-07,18.073215273987444,-3.167071211308621e-08,0
-0.19155672192573547,1.6044963047079364e-07,18.083250274139573,-3.073520524718083e-08,0
-0.191568523645401,1.5477907311378658e-07,18.093330274292384,-2.9650798527611675e-08,0
-0.18945717811584473,1.5075382009399618e-07,18.103365274444513,-2.8561393345192247e-08,0
-0.1891774982213974,1.4480198728961113e-07,18.113445274597325,-2.739327769293522e-08,0
-0.18807394802570343,1.384022141337482e-07,18.123480274749454,-2.6029850827632836e-08,0
-0.18648488819599152,1.342842352869411e-07,18.133515274901583,-2.5041980603969432e-08,0
-0.18656401336193085,1.2818695438454597e-07,18.143595275054395,-2.3915072670623654e-08,0
-0.18437506258487701,1.2381485703372164e-07,18.153630275206524,-2.2828372014530027e-08,0
-0.18407680094242096,1.1800874233358627e-07,18.163710275359335,-2.1722671772005005e-08,0
-0.18304739892482758,1.1063691118806673e-07,18.173745275511465,-2.025179881805277e-08,0
-0.18140719830989838,1.058570120449076e-07,18.183825275664276,-1.9203223976523855e-08,0
-0.18157155811786652,1.0037642539373337e-07,18.193860275816405,-1.822550395704195e-08,0
-0.17941232025623322,9.636863751438796e-08,18.203895275968534,-1.7289720856388222e-08,0
-0.1790141761302948,9.115291987882301e-08,18.213975276121346,-1.6317664853978273e-08,0
-0.17807435989379883,8.366812664917234e-08,18.224010276273475,-1.4899148096564655e-08,0
-0.17622633278369904,7.652032962823796e-08,18.234090276426286,-1.3484897073784208e-08,0
-0.1763288676738739,6.613806391442267e-08,18.244125276578416,-1.166204992017245e-08,0
-0.17415522038936615,5.573526351554392e-08,18.254160276730545,-9.70658710100895e-09,0
-0.17375513911247253,4.571301204236988e-08,18.264240276883356,-7.942870766672111e-09,0
-0.17295312881469727,3.540710125093938e-08,18.274275277035485,-6.123768943608747e-09,0
-0.1710173785686493,2.5828166272390263e-08,18.284355277188297,-4.417065289139385e-09,0
-0.1712590903043747,1.5340612335990045e-08,18.294390277340426,-2.6272193133737235e-09,0
-0.16937193274497986,8.073278934261907e-09,18.304470277493238,-1.3673868566852704e-09,0
-0.16889606416225433,3.165749884459501e-09,18.314505277645367,-5.346826956073211e-10,0
-0.1683402955532074,7.509771693392508e-10,18.324540277797496,-1.2641971864028057e-10,0
-0.16645380854606628,1.5381220741517154e-09,18.334620277950307,-2.56026277251328e-10,0
-0.16666273772716522,6.981827338492508e-10,18.344655278102437,-1.1636104585715288e-10,0
-0.16471615433692932,8.206851864756004e-10,18.354735278255248,-1.3518010783754662e-10,0
-0.16402596235275269,9.369054421171086e-10,18.364770278407377,-1.5367681677678996e-10,0
-0.1635340005159378,1.9089679836881146e-10,18.374805278559506,-3.121811712293609e-11,0
-0.16146734356880188,1.2431012885727455e-09,18.384885278712318,-2.0072026285279583e-10,0
-0.16168145835399628,5.306176609209956e-10,18.394920278864447,-8.579103724609287e-11,0
-0.15975774824619293,6.105946304124643e-10,18.40500027901726,-9.754722324591169e-11,0
-0.15895412862300873,7.854083494684971e-10,18.415035279169388,-1.2484389980300048e-10,0
-0.15852917730808258,3.172815829510789e-11,18.4251152793222,-5.02983883202407e-12,0
-0.15640071034431458,1.1090008911196492e-09,18.43515027947433,-1.73448527143591e-10,0
-0.15664051473140717,4.2732414828883236e-10,18.445185279626457,-6.693627454512287e-11,0
-0.15479734539985657,4.4073419913637224e-10,18.45526527977927,-6.822448405324218e-11,0
-0.15385964512825012,7.21136872439132e-10,18.465300279931398,-1.1095386328238103e-10,0
-0.1535186469554901,4.29031879467523e-11,18.47538028008421,-6.586439363662505e-12,0
-0.1513628363609314,1.1205384398138563e-09,18.48541528023634,-1.696078765016781e-10,0
-0.15154191851615906,3.5387101582351477e-10,18.495450280388468,-5.362629264515751e-11,0
-0.1498148888349533,3.915640589546854e-10,18.50553028054128,-5.866212596405929e-11,0
-0.14874665439128876,6.614561121054408e-10,18.51556528069341,-9.838938370235355e-11,0
-0.14853820204734802,-5.096704308593658e-11,18.52564528084622,7.57055294365474e-12,0
-0.1462724804878235,9.874044915036961e-10,18.53568028099835,-1.4443010421706366e-10,0
-0.14647386968135834,3.379239388312527e-10,18.54576028115116,-4.9497026978580216e-11,0
-0.14480838179588318,3.4015895655770123e-10,18.55579528130329,-4.925786805249684e-11,0
-0.14366452395915985,6.821148090807583e-10,18.56583028145542,-9.799569933208035e-11,0
-0.14355775713920593,-9.119714705629889e-11,18.57591028160823,1.3092057888896605e-11,0
-0.14126445353031158,9.552687529890136e-10,18.58594528176036,-1.349455183655752e-10,0
-0.1413731724023819,3.893290689838125e-10,18.59602528191317,-5.5040685590707356e-11,0
-0.13983801007270813,2.4369126161438714e-10,18.6060602820653,-3.407730109626362e-11,0
-0.1385926902294159,6.407974151301232e-10,18.61609528221743,-8.880983765493959e-11,0
-0.13861136138439178,-3.085199110075543e-11,18.62617528237024,4.27643648789485e-12,0
-0.13622349500656128,8.58861537444966e-10,18.63621028252237,-1.1699712035746186e-10,0
-0.1363145411014557,3.4239394652857413e-10,18.64629028267518,-4.667327369695894e-11,0
-0.13485673069953918,1.185474201442771e-11,18.65632528282731,-1.5986917513521904e-12,0
-0.1334625631570816,6.418847120492899e-10,18.666405282980122,-8.566757892144349e-11,0
-0.13360486924648285,-1.796920468324914e-12,18.67644028313225,2.4007732421687887e-13,0
-0.13127723336219788,7.509771693392508e-10,18.68647528328438,-9.858620510903163e-11,0
-0.13124790787696838,4.0497410980222526e-10,18.696555283437192,-5.315200465587974e-11,0
-0.12990017235279083,-4.553053073452773e-11,18.70659028358932,5.914423789729192e-12,0
-0.12844803929328918,6.083596404415914e-10,18.716670283742133,-7.814260299989281e-11,0
-0.12859104573726654,4.968503473229413e-12,18.726705283894262,-6.389050573718111e-13,0
-0.12618686258792877,6.614561121054408e-10,18.73674028404639,-8.346707152619486e-11,0
-0.12619931995868683,3.80389025833594e-10,18.746820284199202,-4.800483637994692e-11,0
-0.12496624886989594,-1.603010918449499e-10,18.75685528435133,2.0032226137612054e-11,0
-0.12337739765644073,6.105946304124643e-10,18.766935284504143,-7.533357652328607e-11,0
-0.12362007796764374,-1.3394785280951282e-11,18.776970284656272,1.6558644007910443e-12,0
-0.12123890966176987,6.619997883205997e-10,18.787050284809084,-8.026013253231196e-11,0
-0.12112466990947723,4.0050410210490384e-10,18.797085284961213,-4.8510927164848043e-11,0
-0.12002614140510559,-2.406404797650197e-10,18.807120285113342,2.8883148252068702e-11,0
-0.11830674856901169,6.351796866255199e-10,18.817200285266154,-7.514604348174902e-11,0
-0.11860381066799164,5.5467547221965674e-11,18.827235285418283,-6.578662468931902e-12,0
-0.11623039096593857,5.055493801364719e-10,18.837315285571094,-5.876020210585002e-11,0
-0.11600819230079651,4.3421041762137236e-10,18.847350285723223,-5.0371965626429325e-11,0
-0.11513132601976395,-3.049119845499604e-10,18.857385285875353,3.5104921100554716e-11,0
-0.1132320985198021,7.625750586548463e-10,18.867465286028164,-8.634797417034942e-11,0
-0.11358755081892014,1.495794044181764e-10,18.877500286180293,-1.699035820081342e-11,0
-0.11123992502689362,4.4073419913637224e-10,18.887580286333105,-4.902723926871805e-11,0
-0.1109548956155777,4.0896083741692735e-10,18.897615286485234,-4.5376207026454416e-11,0
-0.11015363782644272,-3.6163280703327416e-10,18.907695286638045,3.983516925210313e-11,0
-0.10813139379024506,7.938650847805206e-10,18.917730286790174,-8.584173809872876e-11,0
-0.10855483263731003,1.840105706696349e-10,18.927765286942304,-1.9975236702538125e-11,0
-0.10623742640018463,3.960340944075824e-10,18.937845287095115,-4.207364295658931e-11,0
-0.10587070882320404,4.571645007001024e-10,18.947880287247244,-4.8400329737926e-11,0
-0.10522329062223434,-2.9458266381787723e-10,18.957960287400056,3.0996957247180454e-11,0
-0.10306308418512344,9.162468006529423e-10,18.967995287552185,-9.443122115004421e-11,0
-0.10348299145698547,1.8630598452862301e-10,18.978030287704314,-1.9279500605360763e-11,0
-0.10130105912685394,3.602739773178598e-10,18.988110287857126,-3.6496135478143354e-11,0
-0.10076593607664108,5.030727501242893e-10,18.998145288009255,-5.069259658092417e-11,0
-0.10021678358316422,-2.4541252363619037e-10,19.008225288162066,2.4594453769846263e-11,0
-0.09800977259874344,8.795201789091323e-10,19.018260288314195,-8.62015727308902e-11,0
-0.09845027327537537,2.482820893323634e-10,19.028295288466325,-2.4443439544152336e-11,0
-0.0963246151804924,3.334539311339313e-10,19.038375288619136,-3.2119821596898346e-11,0
-0.09565293788909912,5.466855301783369e-10,19.048410288771265,-5.229207706301768e-11,0
-0.09529244899749756,-1.7612736269434492e-10,19.058490288924077,1.6783607726614618e-11,0
-0.09295851737260818,9.34610056013696e-10,19.068525289076206,-8.687996512856347e-11,0
-0.09340447932481766,2.1052860843528975e-10,19.078605289229017,-1.9664315053876654e-11,0
-0.09140856564044952,2.597591308717284e-10,19.088640289381146,-2.3744209564994505e-11,0
-0.09055639803409576,5.742304964861944e-10,19.098675289533276,-5.200024540312025e-11,0
-0.0902298167347908,-1.6271732572459285e-10,19.108755289686087,1.4681954479705274e-11,0
-0.08783934265375137,9.506779807821886e-10,19.118790289838216,-8.350692890730312e-11,0
-0.08828974515199661,2.3064367082881176e-10,19.128870289991028,-2.0363470918396786e-11,0
-0.08635114133358002,2.230325507612818e-10,19.138905290143157,-1.9259115312776305e-11,0
-0.0854351595044136,5.742304964861944e-10,19.148940290295286,-4.9059474059596634e-11,0
-0.08525537699460983,-1.895373857863092e-10,19.159020290448098,1.6159081279784593e-11,0
-0.08285602182149887,9.323146699102836e-10,19.169055290600227,-7.724788463458997e-11,0
-0.08324315398931503,3.0216384949710573e-10,19.179135290753038,-2.5153071853691784e-11,0
-0.08142338693141937,2.5516830315375216e-10,19.189170290905167,-2.077666748032168e-11,0
-0.0803370550274849,5.994196250469486e-10,19.19925029105798,-4.815560740195107e-11,0
-0.08032502979040146,-1.4483728105751936e-10,19.209285291210108,1.1634058915705992e-11,0
-0.07779447734355927,8.887018343450848e-10,19.219320291362237,-6.913609471713826e-11,0
-0.07816249132156372,3.2451388798371283e-10,19.22940029151505,-2.5364813953253856e-11,0
-0.07640095800161362,1.6105645983532924e-10,19.239435291667178,-1.230486782376756e-11,0
-0.07522232085466385,6.552947628968298e-10,19.24951529181999,-4.92927929090062e-11,0
-0.07529766857624054,-8.225712472276214e-11,19.25955029197212,6.193769715409026e-12,0
-0.07277204841375351,8.060670464438147e-10,19.269585292124248,-5.865915012854058e-11,0
-0.07306379079818726,3.379239388312527e-10,19.27966529227706,-2.4690003972466075e-11,0
-0.07146497815847397,-5.0121358452503983e-11,19.28970029242919,3.581921787081242e-12,0
-0.07008954882621765,5.614245179863531e-10,19.299780292582,-3.9349991165640203e-11,0
-0.07032258063554764,-5.471218963992719e-11,19.30981529273413,3.847502367701154e-12,0
-0.06780675053596497,7.156398806884567e-10,19.31989529288694,-4.852521486342992e-11,0
-0.06799715012311935,3.535689796496655e-10,19.32993029303907,-2.4041682988116436e-11,0
-0.06650634855031967,-1.235745256122911e-10,19.3399652931912,8.218490472311437e-12,0
-0.06504695862531662,6.418847120492899e-10,19.35004529334401,-4.175264830689343e-11,0
-0.06531866639852524,-1.917729213277153e-12,19.36008029349614,1.252635147247566e-13,0
-0.0627521425485611,6.619997883205997e-10,19.37016029364895,-4.154190508381154e-11,0
-0.06290213763713837,3.8830216819718544e-10,19.38019529380108,-2.442503642873861e-11,0
-0.06157243251800537,-2.9113952915160723e-10,19.39023029395321,1.7926169012011194e-11,0
-0.05997832119464874,5.725995233518688e-10,19.40031029410602,-3.434355812750116e-11,0
-0.060331229120492935,-5.241677578093906e-11,19.41034529425815,3.1623685093973396e-12,0
-0.05775966867804527,5.971846350760757e-10,19.42042529441096,-3.4493186661613504e-11,0
-0.05782207474112511,4.0666545131351484e-10,19.43046029456309,-2.3514240120483428e-11,0
-0.05665735900402069,-2.968176260331745e-10,19.440540294715902,1.6816902796882727e-11,0
-0.05489765852689743,6.865848445336553e-10,19.45057529486803,-3.769190034495157e-11,0
-0.05530467629432678,9.219412039351838e-11,19.46061029502016,-5.098765984603725e-12,0
-0.052777208387851715,4.854343038651621e-10,19.47069029517297,-2.561986741370339e-11,0
-0.05275846645236015,4.020746235955386e-10,19.4807252953251,-2.121284054031056e-11,0
-0.051714979112148285,-3.884528809727783e-10,19.490805295477912,2.0088832625561054e-11,0
-0.049823228269815445,7.831129078539334e-10,19.50084029563004,-3.901721316904547e-11,0
-0.05030488595366478,1.0137576195168307e-10,19.51087529578217,-5.099696143445286e-12,0
-0.04785487800836563,3.960340944075824e-10,19.520955295934982,-1.8952163275028414e-11,0
-0.047690749168395996,3.928929959151617e-10,19.53099029608711,-1.873736131820961e-11,0
-0.04682271182537079,-3.884528809727783e-10,19.541070296239923,1.8188417303523458e-11,0
-0.04475550726056099,9.139513590383785e-10,19.551105296392052,-4.0904356685241734e-11,0
-0.045285485684871674,1.390084297669958e-10,19.561185296544863,-6.295064256289777e-12,0
-0.042826324701309204,3.3121891340748277e-10,19.571220296696993,-1.4184888732803674e-11,0
-0.04259626939892769,4.410966314427611e-10,19.581255296849122,-1.878907094389537e-11,0
-0.04183023050427437,-2.69997579849246e-10,19.591335297001933,1.1294061000690184e-11,0
-0.03966103121638298,8.726339650877435e-10,19.601370297154062,-3.460956292982105e-11,0
-0.04023688659071922,1.4571344131297792e-10,19.611450297306874,-5.863055212853714e-12,0
-0.037855833768844604,3.5157560196452664e-10,19.621485297459003,-1.3309187545150597e-11,0
-0.03747503459453583,5.191406193816306e-10,19.631520297611132,-1.9454812670755363e-11,0
-0.03690389171242714,-2.3870749821242043e-10,19.641600297763944,8.809235664975559e-12,0
-0.034609779715538025,9.139513590383785e-10,19.651635297916073,-3.1631655207034884e-11,0
-0.03515021130442619,2.0829359070884124e-10,19.661715298068884,-7.321563726773434e-12,0
-0.032923974096775055,3.1484900797629223e-10,19.671750298221014,-1.0366080583006768e-11,0
-0.03235233947634697,5.63659507957226e-10,19.681830298373825,-1.823570375050287e-11,0
-0.03191141411662102,-1.7836235266521783e-10,19.691865298525954,5.6917948987145685e-12,0
-0.02957293950021267,9.57564139092426e-10,19.701900298678083,-2.8317986352953547e-11,0
-0.03011564537882805,2.2170364155638111e-10,19.711980298830895,-6.676748248306779e-12,0
-0.02788507007062435,2.5287291705033965e-10,19.722015298983024,-7.0513790109119005e-12,0
-0.027191506698727608,5.949495895940515e-10,19.732095299135835,-1.6177575750851893e-11,0
-0.026940276846289635,-1.0521122861817389e-10,19.742130299287965,2.8344196263118755e-12,0
-0.02447228692471981,9.828137192968711e-10,19.752165299440094,-2.4051699332184065e-11,0
-0.025030972436070442,3.0216384949710573e-10,19.762245299592905,-7.563454987938991e-12,0
-0.022982023656368256,2.0926009536292867e-10,19.772280299745034,-4.809220461964704e-12,0
-0.022094808518886566,6.172996558362343e-10,19.782360299897846,-1.3639117694476174e-11,0
-0.021932251751422882,-2.1080015510932526e-10,19.792395300049975,4.623322071096714e-12,0
-0.019421035423874855,8.726339650877435e-10,19.802430300202104,-1.694745514804544e-11,0
-0.01997235417366028,2.9322380634688727e-10,19.812510300354916,-5.856369712508807e-12,0
-0.017996640875935555,1.9319221222779959e-10,19.822545300507045,-3.4768108634912347e-12,0
-0.016966044902801514,6.2847466120175e-10,19.832625300659856,-1.0662729322221859e-11,0
-0.017018912360072136,-1.0062040090019764e-10,19.842660300811986,1.712449784555787e-12,0
-0.014374606311321259,8.720903443837358e-10,19.852740300964797,-1.2535955368420778e-11,0
-0.01487408671528101,3.58461843541491e-10,19.862775301116926,-5.331792544955631e-12,0
-0.013017432764172554,1.2432987972488263e-10,19.872810301269055,-1.61845584989632e-12,0
-0.011869346722960472,6.150646103542101e-10,19.882890301421867,-7.300415117316704e-12,0
-0.012017062865197659,-5.930300694956259e-11,19.892925301573996,7.126479626081472e-13,0
-0.009354067035019398,7.402249369015124e-10,19.903005301726807,-6.9241136807697505e-12,0
-0.009752850048244,3.6075725740047915e-10,19.913040301878937,-3.518411435242636e-12,0
-0.008073217235505581,-5.012135498305703e-11,19.923075302031066,4.0464058691610956e-13,0
-0.00675861956551671,6.105946304124643e-10,19.933155302183877,-4.126776815705126e-12,0
-0.006982278544455767,-4.0939720363786236e-11,19.943190302336006,2.8585253111208347e-13,0
-0.004337538033723831,7.223449616233779e-10,19.953270302488818,-3.133198744510183e-12,0
-0.004707774613052607,3.630526712594673e-10,19.963305302640947,-1.7091701489562537e-12,0
-0.0031570601277053356,-1.4036724560462233e-10,19.97338530279376,4.4314783433417517e-13,0
-0.0016984312096610665,6.316157596941707e-10,19.983420302945888,-1.0727559187783639e-12,0
-0.0019804283510893583,-4.323513075332741e-11,19.993455303098017,8.562407870694501e-14,0
0.0007290965877473354,6.530597174148056e-10,20.00353530325083,4.761436115623739e-13,0
0.0004463950463104993,4.204379344674436e-10,20.013570303402958,1.8768141122728516e-13,0
0.0018434355733916163,-2.0294740887827345e-10,20.02365030355577,-3.7412047305386283e-13,0
0.0034475054126232862,6.293203735907582e-10,20.033685303707898,2.1695853942282475e-12,0
0.003044063923880458,7.263911260685374e-12,20.043720303860027,2.2111810214921363e-14,0
0.005709550343453884,5.725995233518688e-10,20.05380030401284,3.269285805215193e-12,0
0.00554498890414834,4.3421041762137236e-10,20.063835304164968,2.4076919477761267e-12,0
0.006795830558985472,-3.2363769997267866e-10,20.07391530431778,-2.1993869715141012e-12,0
0.008550215512514114,7.073643892852033e-10,20.08395030446991,6.048117974266418e-12,0
0.008038438856601715,1.0771834813017023e-10,20.09403030462272,8.658873551785111e-13,0
0.010726080276072025,5.256644008966305e-10,20.10406530477485,5.638318562290566e-12,0
0.01061270758509636,3.8830216819718544e-10,20.11410030492698,4.120937365735632e-12,0
0.011748225428164005,-3.325777431228971e-10,20.12418030507979,-3.9071982985978166e-12,0
0.013607642613351345,8.427935571653222e-10,20.13421530523192,1.1468433522740802e-11,0
0.013066994026303291,1.4794844516163863e-10,20.14429530538473,1.933241449127992e-12,0
0.015647491440176964,4.3650580372478487e-10,20.15433030553686,6.830220827371137e-12,0
0.01570924185216427,4.80118611534408e-10,20.16436530568899,7.542299386319321e-12,0
0.016616445034742355,-3.8174785554900836e-10,20.1744453058418,-6.343292258860862e-12,0
0.01871652901172638,8.887018343450848e-10,20.18448030599393,1.663341366529423e-11,0
0.018085528165102005,1.7029849752603354e-10,20.19456030614674,3.0799382734816338e-12,0
0.020649341866374016,3.58461843541491e-10,20.20459530629887,7.402001153338923e-12,0
0.020807240158319473,5.368394617732974e-10,20.21467530645168,1.1170147607579966e-11,0
0.021596897393465042,-2.1859246357447404e-10,20.22471030660381,-4.7209190068026605e-12,0
0.023796597495675087,9.64450408424966e-10,20.23474530675594,2.2950638173828363e-11,0
0.023158175870776176,2.0829359070884124e-10,20.24482530690875,4.823699606390816e-12,0
0.025626491755247116,2.873040694240103e-10,20.25486030706088,7.362595366343346e-12,0
0.025919971987605095,5.256644008966305e-10,20.264940307213692,1.3625206546121876e-11,0
0.026567168533802032,-2.406405075205953e-10,20.27497530736582,-6.393136919359311e-12,0
0.02881903015077114,9.667457945283786e-10,20.28501030751795,2.7860676200644546e-11,0
0.02819274365901947,2.0829359070884124e-10,20.295090307670762,5.872367808671081e-12,0
0.030568648129701614,3.0796279415490346e-10,20.30512530782289,9.414006291560973e-12,0
0.031030699610710144,5.882446196814328e-10,20.315205307975702,1.8253642090950974e-11,0
0.03148874267935753,-1.327561810482436e-10,20.32524030812783,-4.1803252241223435e-12,0
0.03390272706747055,1.0128956562382996e-09,20.335320308280643,3.4339924981273545e-11,0
0.033227309584617615,2.753437755576016e-10,20.345355308432772,9.148932872649897e-12,0
0.03551492467522621,3.2632607727123286e-10,20.3553903085849,1.1589446053849883e-11,0
0.03614142909646034,6.240046812600042e-10,20.365470308737713,2.2552420943617777e-11,0
0.03649059683084488,-1.3505158102944392e-10,20.375505308889842,-4.928112794713617e-12,0
0.038979385048151016,9.659605337830612e-10,20.385585309042654,3.765254758764743e-11,0
0.03831637278199196,3.3550770495160975e-10,20.395620309194783,1.2855438294156449e-11,0
0.04050648212432861,2.41395847755399e-10,20.405655309346912,9.778096591991222e-12,0
0.0413062684237957,7.268149415651237e-10,20.415735309499723,3.0022013070714387e-11,0
0.04143686592578888,-1.2816535333026735e-10,20.425770309651853,-5.3107705622776475e-12,0
0.04407006874680519,9.436105230520297e-10,20.435850309804664,4.1584980621111755e-11,0
0.04340467229485512,3.5387101582351477e-10,20.445885309956793,1.535965547646715e-11,0
0.04546700045466423,3.0439883946797863e-10,20.455965310109605,1.3840102172489849e-11,0
0.046445053070783615,7.022298853520681e-10,20.466000310261734,3.2615104293067096e-11,0
0.04641195759177208,-6.618924852652697e-11,20.476035310413863,-3.071972595644432e-12,0
0.049080587923526764,9.324354621753628e-10,20.486115310566674,4.5764480684312207e-11,0
0.04845386743545532,4.135516651349036e-10,20.496150310718804,2.003817756015843e-11,0
0.05042741447687149,1.1442337355394017e-10,20.506230310871615,5.770074884046437e-12,0
0.05153525248169899,6.95887292234687e-10,20.516265311023744,3.5862727304120445e-11,0
0.05135205760598183,3.251343291821307e-11,20.526300311175874,1.6696316801843034e-12,0
0.05411515012383461,8.430351972066319e-10,20.536380311328685,4.56209762565134e-11,0
0.05356275290250778,4.847094392523843e-10,20.546415311480814,2.5962371924188567e-11,0
0.05537179484963417,2.0553140786527813e-11,20.556495311633626,1.1380642951472667e-12,0
0.05666472017765045,6.72933209155957e-10,20.566530311785755,3.813157199507063e-11,0
0.05637861043214798,8.760330655332993e-11,20.576565311937884,4.938952692738224e-12,0
0.059127677232027054,8.34095181811989e-10,20.586645312090695,4.931811069096821e-11,0
0.05863253027200699,4.778232254309955e-10,20.596680312242825,2.8015984729750865e-11,0
0.060286108404397964,-1.0684217399692386e-10,20.606760312395636,-6.441098883740101e-12,0
0.061703626066446304,7.509771693392508e-10,20.616795312547765,4.633801444134746e-11,0
0.06134432926774025,1.4794844516163863e-10,20.626875312700577,9.075798134645772e-12,0
0.06413251161575317,7.716358663145684e-10,20.636910312852706,4.948694615955082e-11,0
0.06374142318964005,5.397993163569481e-10,20.646945313004835,3.4407576661386615e-11,0
0.0652044340968132,-1.0907717784558457e-10,20.657025313157646,-7.112315654298792e-12,0
0.06680428236722946,7.096597753886158e-10,20.667060313309776,4.7408312019725727e-11,0
0.06634683161973953,1.2783341052369224e-10,20.677140313462587,8.481341763392448e-12,0
0.06911583244800568,6.867056367987345e-10,20.687175313614716,4.746223173408238e-11,0
0.068813256919384,5.260268332030194e-10,20.697210313766846,3.6197619619689326e-11,0
0.07013678550720215,-1.8283237424032706e-10,20.707290313919657,-1.282327501586633e-11,0
0.07188846170902252,9.621550223215536e-10,20.717325314071786,6.916784448030672e-11,0
0.07132928818464279,3.0439883946797863e-10,20.727405314224598,2.1712552543482266e-11,0
0.07410533726215363,6.086616766154407e-10,20.737440314376727,4.5105078824135116e-11,0
0.07391070574522018,5.502495126208373e-10,20.747520314529538,4.066932981376953e-11,0
0.0750521868467331,-1.9014144425621993e-10,20.757555314681667,-1.4270531201625503e-11,0
0.07695206254720688,1.0011770301687761e-09,20.767590314833797,7.704263744637449e-11,0
0.0763518288731575,2.8428379095224443e-10,20.777670314986608,2.1705587358198248e-11,0
0.07906395196914673,5.420947024603606e-10,20.787705315138737,4.286014951805484e-11,0
0.07896731793880463,6.619997883205997e-10,20.79778531529155,5.227634775973416e-11,0
0.07995111495256424,-1.3964240874742018e-10,20.807820315443678,-1.1164566274017953e-11,0
0.08205477148294449,1.1274245981240938e-09,20.817855315595807,9.251056776332304e-11,0
0.08137236535549164,3.4015895655770123e-10,20.82793531574862,2.7679538891956073e-11,0
0.08405140042304993,5.122543500490906e-10,20.837970315900748,4.30556954944253e-11,0
0.08408405631780624,7.558699777199251e-10,20.84805031605356,6.355661377554114e-11,0
0.08492826670408249,-4.093972383323319e-11,20.85808531620569,-3.4769397845003105e-12,0
0.08714447915554047,1.1157058610322679e-09,20.8681653163585,9.72276061504408e-11,0
0.0864129438996315,4.2508915831795946e-10,20.87820031651063,3.6733205590071404e-11,0
0.08898738771677017,6.017754072829007e-10,20.888235316662758,5.3550421486300764e-11,0
0.08923086524009705,8.072751911392118e-10,20.89831531681557,7.203386379221659e-11,0
0.08988483995199203,-1.9177357184901878e-12,20.9083503169677,-1.7237536812670898e-13,0
0.09222514927387238,1.2051062370233012e-09,20.91843031712051,1.1114110260034858e-10,0
0.09146155416965485,4.961864807917493e-10,20.92846531727264,4.5381986691184984e-11,0
0.09394600987434387,5.466855301783369e-10,20.93850031742477,5.135892421629495e-11,0
0.0943596288561821,8.45270242688656e-10,20.94858031757758,7.975938638327655e-11,0
0.09482698887586594,1.564656459951408e-10,20.95861531772971,1.4837166072236393e-11,0
0.09731382876634598,1.3347365435123493e-09,20.96869531788252,1.2988832344354525e-10,0
0.09654161334037781,5.742304964861944e-10,20.97873031803465,5.543713856002336e-11,0
0.09894124418497086,5.413094417150432e-10,20.98881031818746,5.355782965235834e-11,0
0.09947837144136429,9.659605337830612e-10,20.99884531833959,9.609218077736988e-11,0
0.09979796409606934,1.7712434297045831e-10,21.00888031849172,1.767664882030567e-11,0
0.10240251570940018,1.2408662986018726e-09,21.01896031864453,1.270678306358435e-10,0
0.10157433897256851,5.788213242041707e-10,21.02899531879666,5.87933933892654e-11,0
0.10389163345098495,5.681294878989718e-10,21.03907531894947,5.902390050949577e-11,0
0.10464955121278763,1.0057679133979036e-09,21.0491103191016,1.0525316076131247e-10,0
0.10476276278495789,2.207371646578693e-10,21.05914531925373,2.312503521887655e-11,0
0.10740700364112854,1.2587463293911583e-09,21.06922531940654,1.3519817158417332e-10,0
0.10670175403356552,7.463863416212746e-10,21.07926031955867,7.964073183768605e-11,0
0.10884001106023788,5.413094417150432e-10,21.089340319711482,5.89161256232765e-11,0
0.10977283865213394,1.0057679133979036e-09,21.09937531986361,1.104059988789215e-10,0
0.10969781875610352,2.954588518289114e-10,21.109455320016423,3.241119157781437e-11,0
0.11245160549879074,1.231926338718381e-09,21.119490320168552,1.3853209464512903e-10,0
0.11177358031272888,7.165459892100046e-10,21.12952532032068,8.009091067272821e-11,0
0.1137523427605629,3.4239394652857413e-10,21.139605320473493,3.894811356466021e-11,0
0.11484468728303909,1.0287219964766336e-09,21.149640320625622,1.1814325598654264e-10,0
0.11468429118394852,3.334539311339313e-10,21.159720320778433,3.824192773459609e-11,0
0.11746499687433243,1.1664467169936188e-09,21.169755320930562,1.3701665996573075e-10,0
0.11683306843042374,7.922945632898859e-10,21.17979032108269,9.256620492989993e-11,0
0.11870072036981583,2.976938417997843e-10,21.189870321235503,3.533647347129239e-11,0
0.11996180564165115,1.0792210458632212e-09,21.199905321387632,1.2946530534822323e-10,0
0.11966074258089066,4.3849920916549934e-10,21.209985321540444,5.2471140989876945e-11,0
0.12251418828964233,1.1320154813532213e-09,21.220020321692573,1.3868795782929865e-10,0
0.12194553017616272,7.849250693858778e-10,21.230100321845384,9.571810373482218e-11,0
0.12362105399370193,2.373486962525817e-10,21.240135321997514,2.934129599477516e-11,0
0.1250459849834442,1.0379036519125862e-09,21.250170322149643,1.2978568447132316e-10,0
0.12464319169521332,3.781540358627211e-10,21.260250322302454,4.713432598235572e-11,0
0.12750163674354553,1.0401990380159987e-09,21.270285322454583,1.3262707988610137e-10,0
0.12706227600574493,8.51975268112426e-10,21.280365322607395,1.0825391666696961e-10,0
0.1285349279642105,1.1514825204450574e-10,21.290400322759524,1.48005722817453e-11,0
0.13011987507343292,1.1664467169936188e-09,21.300435322911653,1.5177790109502564e-10,0
0.12963567674160004,4.340292014681779e-10,21.310515323064465,5.626566925794351e-11,0
0.13250964879989624,9.139513590383785e-10,21.320550323216594,1.2110737360636341e-10,0
0.1321168839931488,7.804550339329808e-10,21.330630323369405,1.0311128717999263e-10,0
0.1334729790687561,3.2513439857106974e-11,21.340665323521534,4.3396656775008996e-12,0
0.13521640002727509,1.2376043523332214e-09,21.350700323673664,1.6734440518058556e-10,0
0.1346461921930313,5.547194925625831e-10,21.360780323826475,7.469086740880237e-11,0
0.13749709725379944,8.887018343450848e-10,21.370815323978604,1.2219392254657608e-10,0
0.13721157610416412,8.251551664173462e-10,21.380895324131416,1.1322084091461791e-10,0
0.13841512799263,1.4150148067160195e-11,21.390930324283545,1.9585945558306445e-12,0
0.14036419987678528,1.2475712685144913e-09,21.401010324436356,1.751143428943026e-10,0
0.13967281579971313,4.893002669703606e-10,21.411045324588486,6.834194605930163e-11,0
0.14245572686195374,7.968853910078622e-10,21.421080324740615,1.1352088760169721e-10,0
0.14232231676578522,8.609152835070688e-10,21.431160324893426,1.2252745768779883e-10,0
0.14331406354904175,6.235378186003615e-11,21.441195325045555,8.936173856012307e-12,0
0.1454368531703949,1.285566431086238e-09,21.451275325198367,1.869687362786778e-10,0
0.14469729363918304,5.443901440749244e-10,21.461310325350496,7.87717805314865e-11,0
0.14736495912075043,7.096597753886158e-10,21.471345325502625,1.045789837897843e-10,0
0.14744706451892853,8.855003397201244e-10,21.481425325655437,1.3056442572224632e-10,0
0.1482582837343216,7.153542341820085e-11,21.491460325807566,1.0605719102190455e-11,0
0.15047341585159302,1.296741491962905e-09,21.501540325960377,1.9512512177214937e-10,0
0.1497238427400589,5.650488410502419e-10,21.511575326112506,8.460128381785895e-11,0
0.15234534442424774,5.949495895940515e-10,21.521655326265318,9.063780014177062e-11,0
0.15259528160095215,8.63452309651791e-10,21.531690326417447,1.3175874834030758e-10,0
0.1531757414340973,7.383083727718898e-11,21.541725326569576,1.130909324063361e-11,0
0.1555560827255249,1.21181120693592e-09,21.551805326722388,1.8850460435384214e-10,0
0.1547524482011795,5.306176609209956e-10,21.561840326874517,8.21143820863074e-11,0
0.15733781456947327,5.725995233518688e-10,21.57192032702733,9.009155762770511e-11,0
0.157704159617424,8.519753236235772e-10,21.581955327179458,1.343600524268391e-10,0
0.15816524624824524,1.1055741738763558e-10,21.591990327331587,1.7486341145685412e-11,0
0.1606748253107071,1.2073411159718717e-09,21.602070327484398,1.9398932289921463e-10,0
0.1598181128501892,4.548691145966899e-10,21.612105327636527,7.269632348867943e-11,0
0.16232027113437653,4.2508915831795946e-10,21.62218532778934,6.900058743445509e-11,0
0.16283157467842102,8.221349157011559e-10,21.632220327941468,1.3386952292173014e-10,0
0.1631239801645279,-1.2971949903128888e-11,21.64230032809428,-2.116036098693246e-12,0
0.16572342813014984,1.071005839570205e-09,21.65233532824641,1.7749075928098364e-10,0
0.16491052508354187,4.709369560984555e-10,21.662370328398538,7.766246071144121e-11,0
0.16725262999534607,3.714490381945268e-10,21.67245032855135,6.212582854727636e-11,0
0.167985737323761,8.81815620523696e-10,21.68248532870348,1.481324471972829e-10,0
0.16808436810970306,-6.26693228561459e-12,21.69256532885629,-1.0533733532138256e-12,0
0.17078307271003723,1.0379036519125862e-09,21.70260032900842,1.7725637485060037e-10,0
0.17000293731689453,4.68641569995043e-10,21.71263532916055,7.967044344795834e-11,0
0.17223109304904938,2.8204880098137153e-10,21.72271532931336,4.857757328619541e-11,0
0.1731090396642685,7.647496524931796e-10,21.73275032946549,1.3238507792667738e-10,0
0.17303676903247833,1.3848118832204825e-11,21.7428303296183,2.39623373990254e-12,0
0.1758137345314026,9.093605868315535e-10,21.75286532977043,1.5987808080652322e-10,0
0.1750810593366623,4.362641636834752e-10,21.76294532992324,7.638159192832587e-11,0
0.17714940011501312,1.0548335122040342e-10,21.77298033007537,1.8686312390815703e-11,0
0.1782117486000061,7.188414308245683e-10,21.7830153302275,1.2810598835337665e-10,0
0.17803125083446503,4.290319141619925e-11,21.79309533038031,7.638108832616435e-12,0
0.1808711588382721,8.198394740865922e-10,21.80313033053244,1.4828531573940148e-10,0
0.18019379675388336,4.4296921686282076e-10,21.81321033068525,7.9820305031606e-11,0
0.18207530677318573,-6.618924158763306e-11,21.82324533083738,-1.2051426467152793e-11,0
0.18331240117549896,7.877037355719096e-10,21.83328033098951,1.4439586318259705e-10,0
0.18301571905612946,9.654332888686668e-11,21.84336033114232,1.76689467563023e-11,0
0.18584831058979034,7.257276446459571e-10,21.85339533129445,1.3487525670575883e-10,0
0.18527445197105408,4.943743192598049e-10,21.863475331447262,9.159493106942328e-11,0
0.18695981800556183,-9.602958012111529e-11,21.87351033159939,-1.7953672822594232e-11,0
0.18842707574367523,7.201099161413538e-10,21.883590331752202,1.356882057125385e-10,0
0.18794605135917664,2.278813769629462e-11,21.89362533190433,4.282940497847778e-12,0
0.1908254474401474,6.43092856744687e-10,21.90366033205646,1.227184821338675e-10,0
0.19036513566970825,5.122544055602418e-10,21.913740332209272,9.751537941188119e-11,0
0.19186700880527496,-2.521175490599603e-10,21.9237753323614,-4.837304000545175e-11,0
0.1934676617383957,7.916300392984965e-10,21.933855332514213,1.531548126649544e-10,0
0.19293324649333954,1.6335187369431736e-10,21.943890332666342,3.15160073126146e-11,0
0.19587260484695435,5.719351103827819e-10,21.95392533281847,1.1202641987410585e-10,0
0.19545984268188477,4.80964268412265e-10,21.964005332971283,9.400920023946912e-11,0
0.19678857922554016,-3.255706815252779e-10,21.974040333123412,-6.406859185485026e-11,0
0.198562353849411,8.899703751730215e-10,21.984120333276223,1.7671461255059856e-10,0
0.1979392021894455,1.7712434297045831e-10,21.994155333428353,3.505985113590224e-11,0
0.20082110166549683,4.675542730758764e-10,22.004235333581164,9.389476420750804e-11,0
0.20053449273109436,4.831993138942892e-10,22.014270333733293,9.689812929980411e-11,0
0.2017080932855606,-3.232752954218654e-10,22.024305333885422,-6.520724344587079e-11,0
0.20366306602954865,9.793705846306011e-10,22.034385334038234,1.9946161604501977e-10,0
0.2029513567686081,1.9548762608678771e-10,22.044420334190363,3.967447894578791e-11,0
0.20580154657363892,4.1838416064976514e-10,22.054500334343174,8.610410732363547e-11,0
0.20563754439353943,6.017754072829007e-10,22.064535334495304,1.2374761703007776e-10,0
0.2066626101732254,-2.2227721052647809e-10,22.074570334647433,-4.5936388509425495e-11,0
0.20876175165176392,9.90545645507268e-10,22.084650334800244,2.0678804404712448e-10,0
0.20799437165260315,2.2532796462026994e-10,22.094685334952374,4.686694841695304e-11,0
0.21074393391609192,4.161491429233166e-10,22.104765335105185,8.770090747546973e-11,0
0.21075670421123505,6.109570627188532e-10,22.114800335257314,1.2876329695320232e-10,0
0.21156363189220428,-2.1635745972581333e-10,22.124880335410126,-4.5773369966564385e-11,0
0.2138364166021347,1.0106606662674267e-09,22.134915335562255,2.1611605527535248e-10,0
0.21300238370895386,2.758270278846453e-10,22.144950335714384,5.875181443078553e-11,0
0.21572436392307281,3.6250899504430834e-10,22.155030335867195,7.820202237232577e-11,0
0.2159191071987152,6.637515537200045e-10,22.165065336019325,1.4331664288098343e-10,0
0.21653205156326294,-8.896213626874427e-11,22.175145336172136,-1.926315387772176e-11,0
0.21897785365581512,1.0746301626340937e-09,22.185180336324265,2.353202064874134e-10,0
0.21808864176273346,3.0566738029591534e-10,22.195215336476394,6.666258379990909e-11,0
0.22070683538913727,3.423939187729985e-10,22.205295336629206,7.556867826887382e-11,0
0.22104240953922272,6.591607260020282e-10,22.215330336781335,1.457024751491117e-10,0
0.22150450944900513,-9.119714705629889e-11,22.225410336934146,-2.0200579321854267e-11,0
0.22402292490005493,1.0493805824296487e-09,22.235445337086276,2.350853074092131e-10,0
0.22312135994434357,2.941903110009747e-10,22.245480337238405,6.564014227298685e-11,0
0.22562114894390106,2.976938140442087e-10,22.255560337391216,6.71660203581464e-11,0
0.22613894939422607,7.02773561567227e-10,22.265595337543346,1.5892447487485118e-10,0
0.22642281651496887,-1.2248721481533664e-10,22.275675337696157,-2.7733900165562545e-11,0
0.2290988713502884,9.369054421171086e-10,22.285710337848286,2.1464397935097252e-10,0
0.22824466228485107,3.3121891340748277e-10,22.295790338001098,7.559894903304624e-11,0
0.2306220680475235,2.6205454473071654e-10,22.305825338153227,6.04355610470501e-11,0
0.23131780326366425,6.84410250695322e-10,22.315860338305356,1.5831627572197562e-10,0
0.23138321936130524,-1.2919224023910658e-10,22.325940338458167,-2.9892916463023643e-11,0
0.23410895466804504,9.713365667352036e-10,22.335975338610297,2.273985882692263e-10,0
0.23333732783794403,3.692140204680783e-10,22.346055338763108,8.615141293632536e-11,0
0.2355189472436905,1.3580694901982326e-10,22.356090338915237,3.198510966152632e-11,0
0.2364472597837448,6.66046939823417e-10,22.366125339067366,1.5748497380859573e-10,0
0.23633161187171936,-4.649703191916821e-11,22.376205339220178,-1.0988718500707807e-11,0
0.2391890287399292,8.427936681876247e-10,22.386240339372307,2.0158699892196012e-10,0
0.23843002319335938,3.736840004098241e-10,22.39632033952512,8.909748488470167e-11,0
0.24045081436634064,2.6731028415077907e-12,22.406355339677248,6.427497551255274e-13,0
0.24153253436088562,7.268149415651237e-10,22.41643533983006,1.7554945484758332e-10,0
0.24132610857486725,4.290319141619925e-11,22.42647033998219,1.0353660229914012e-11,0
0.24419911205768585,8.313165711371084e-10,22.436505340134318,2.0300676851052192e-10,0
0.2435086965560913,4.295591660152809e-10,22.44658534028713,1.0460139261010268e-10,0
0.24538679420948029,-9.143875240313903e-11,22.456620340439258,-2.24378623187207e-11,0
0.24664728343486786,7.201099161413538e-10,22.46670034059207,1.776131545907754e-10,0
0.24630485475063324,3.93996710257305e-11,22.4767353407442,9.704330249215283e-12,0
0.24919891357421875,7.004781199526633e-10,22.486770340896328,1.7455838647471497e-10,0
0.24858936667442322,4.4296921686282076e-10,22.49685034104914,1.1011743707619385e-10,0
0.2503166198730469,-1.9014144425621993e-10,22.50688534120127,-4.7595563623996336e-11,0
0.2517199218273163,7.022298853520681e-10,22.51696534135408,1.7676525184562786e-10,0
0.2512408494949341,7.153543035709475e-11,22.52700034150621,1.7972622291902182e-11,0
0.2541991174221039,6.441197020201628e-10,22.53708034165902,1.6373465976771392e-10,0
0.2536599934101105,4.675542730758764e-10,22.54711534181115,1.185998138272958e-10,0
0.25524023175239563,-2.360496520470434e-10,22.55715034196328,-6.024936789355971e-11,0
0.25682464241981506,8.653852634488146e-10,22.56723034211609,2.2225226084061927e-10,0
0.25626736879348755,2.0237385378596429e-10,22.57726534226822,5.1861815022327036e-11,0
0.2592196762561798,5.748345688338929e-10,22.58734534242103,1.4900843083398244e-10,0
0.2587786018848419,4.938910946883368e-10,22.59738034257316,1.2780844696682187e-10,0
0.2601288855075836,-3.4852482011515917e-10,22.60741534272529,-9.066137302828742e-11,0
0.2619093060493469,9.346704521462357e-10,22.6174953428781,2.447988895064499e-10,0
0.26123836636543274,2.0926009536292867e-10,22.62753034303023,5.466676545808615e-11,0
0.2641479969024658,5.256644008966305e-10,22.63761034318304,1.388531985397797e-10,0
0.2638278007507324,5.168451777670668e-10,22.64764534333517,1.363581265789066e-10,0
0.264995813369751,-2.5882254672815463e-10,22.657725343487982,-6.858689128865772e-11,0
0.2670340836048126,1.0128956562382996e-09,22.66776034364011,2.7047766335088964e-10,0
0.26629164814949036,2.3221420619723432e-10,22.67779534379224,6.183670369198712e-11,0
0.26911845803260803,4.6084921989653083e-10,22.687875343945052,1.2402303144408468e-10,0
0.26895931363105774,6.24729545872782e-10,22.69791034409718,1.6802682986298583e-10,0
0.2699822783470154,-1.6942233727057499e-10,22.707990344249993,-4.5741028619186294e-11,0
0.2720942199230194,1.0815164319666337e-09,22.718025344402122,2.942743698898885e-10,0
0.27129969000816345,2.735316140256572e-10,22.72806034455425,7.42090420925934e-11,0
0.2741089165210724,4.4743919680456656e-10,22.738140344707062,1.2264707344515862e-10,0
0.27409908175468445,6.637515537200045e-10,22.74817534485919,1.8193369138789834e-10,0
0.27494266629219055,-1.2472223254178516e-10,22.758255345012003,-3.4291463160953026e-11,0
0.2772339880466461,1.0103586856047286e-09,22.768290345164132,2.801057677677664e-10,0
0.2763596475124359,2.619337247100617e-10,22.778370345316944,7.238791183249208e-11,0
0.2790513038635254,3.356889211048042e-10,22.788405345469073,9.367443112683572e-11,0
0.27923059463500977,6.91296520027862e-10,22.798440345621202,1.9303113835649285e-10,0
0.2798810303211212,-8.449213551031676e-11,22.808520345774014,-2.3647745940659247e-11,0
0.2823181450366974,1.1205384398138563e-09,22.818555345926143,3.163483337705629e-10,0
0.2813982367515564,3.759190458918482e-10,22.828635346078954,1.057829566752935e-10,0
0.2840101420879364,3.4468936038756226e-10,22.838670346231083,9.789527421987147e-11,0
0.2843930125236511,6.72933209155957e-10,22.848705346383213,1.9137750257907082e-10,0
0.28482744097709656,-8.002212087410143e-11,22.858785346536024,-2.2792495910130212e-11,0
0.2873632311820984,1.0149494578115537e-09,22.868820346688153,2.916591556832469e-10,0
0.28648290038108826,3.2227889801283993e-10,22.878900346840965,9.232739343433932e-11,0
0.2889893651008606,3.0566738029591534e-10,22.888935346993094,8.833462216375988e-11,0
0.2894972264766693,7.424599823835365e-10,22.899015347145905,2.1494010566995057e-10,0
0.28977781534194946,-7.55520992989922e-11,22.909050347298034,-2.1893322279359992e-11,0
0.29245153069496155,1.0172448439149662e-09,22.919085347450164,2.974948116944891e-10,0
0.2915535271167755,4.2061915062063804e-10,22.929165347602975,1.2263299693630928e-10,0
0.2939479649066925,2.574637170127403e-10,22.939200347755104,7.568093565320759e-11,0
0.2946961224079132,6.463547475021869e-10,22.949280347907916,1.904782377888403e-10,0
0.2947322130203247,-1.1898369789431484e-10,22.959315348060045,-3.506832859373316e-11,0
0.29752132296562195,8.63452309651791e-10,22.969350348212174,2.568954734853227e-10,0
0.2966722846031189,3.4686395422589555e-10,22.979430348364986,1.0290492174666809e-10,0
0.29887574911117554,4.968511279485055e-12,22.989465348517115,1.484967530623421e-12,0
0.2997988760471344,5.815395387465117e-10,22.999545348669926,1.7434490009317316e-10,0
0.2996826171875,-1.1898369789431484e-10,23.009580348822055,-3.5657345987615105e-11,0
0.3025519847869873,7.027735060560758e-10,23.019615348974185,2.1262551911297558e-10,0
0.30176299810409546,3.379239388312527e-10,23.029695349126996,1.0197294091286378e-10,0
0.3038611114025116,-1.8095978882026742e-10,23.039730349279125,-5.498664255009025e-11,0
0.30490756034851074,6.39649722078417e-10,23.049810349431937,1.9503403623653305e-10,0
0.3046618402004242,-1.0750664247716202e-10,23.059845349584066,-3.275317153086127e-11,0
0.3075771927833557,6.351796866255199e-10,23.069925349736877,1.9536678492528901e-10,0
0.30682310461997986,2.8041782784704594e-10,23.079960349889006,8.603866853082168e-11,0
0.30873534083366394,-2.590037906369247e-10,23.089995350041136,-7.996362357950188e-11,0
0.31002432107925415,5.882446196814328e-10,23.100075350193947,1.8237013884526027e-10,0
0.3096286654472351,-1.3046075331146767e-10,23.110110350346076,-4.039438894107069e-11,0
0.3125957250595093,5.547194925625831e-10,23.120190350498888,1.7340294198224374e-10,0
0.3118743598461151,3.217352495532566e-10,23.130225350651017,1.00340974994352e-10,0
0.31367751955986023,-3.875468002068061e-10,23.140260350803146,-1.2156471900223166e-10,0
0.31515106558799744,5.971845795649244e-10,23.150340350955958,1.8820335660260617e-10,0
0.31458526849746704,-9.832500091899732e-11,23.160375351108087,-3.0931596814116465e-11,0
0.31761226058006287,4.474392245601422e-10,23.170455351260898,1.4211218358473714e-10,0
0.31703469157218933,3.010765525779391e-10,23.180490351413027,9.545171198616496e-11,0
0.3186023235321045,-4.018629318203182e-10,23.19057035156584,-1.2803446381937706e-10,0
0.3202231228351593,7.555679970572271e-10,23.200605351717968,2.419503435319717e-10,0
0.31961384415626526,5.087672297343637e-11,23.210640351870097,1.6260905007613373e-11,0
0.3225586414337158,3.937990489255583e-10,23.22072035202291,1.2702328621931747e-10,0
0.3221312463283539,3.561664296825029e-10,23.230755352175038,1.1473233589394467e-10,0
0.32349056005477905,-4.867931058250008e-10,23.24083535232785,-1.5747297443413483e-10,0
0.3252929151058197,7.670450385965921e-10,23.25087035247998,2.4951431662254144e-10,0
0.32461774349212646,9.559318614460466e-12,23.260905352632108,3.1031244379484373e-12,0
0.3275471031665802,2.8428379095224443e-10,23.27098535278492,9.311633220362133e-11,0
0.3271804451942444,3.630526712594673e-10,23.28102035293705,1.1878373461163216e-10,0
0.3283988833427429,-4.46563036549108e-10,23.29110035308986,-1.4665080254487156e-10,0
0.3303956091403961,8.427935571653222e-10,23.30113535324199,2.784552906992379e-10,0
0.3296414911746979,1.0548334428150952e-10,23.3112153533948,3.477168690305084e-11,0
0.3324974775314331,3.0439883946797863e-10,23.32125035354693,1.0121184628659854e-10,0
0.33230578899383545,4.456874591607374e-10,23.33128535369906,1.4810452276106665e-10,0
0.3333372473716736,-3.7504285788081404e-10,23.34136535385187,-1.2501575389239633e-10,0
0.3355209529399872,8.726339650877435e-10,23.351400354004,2.927869795340392e-10,0
0.3346860706806183,1.3230340434322585e-10,23.36148035415681,4.428010653730331e-11,0
0.3374599516391754,2.2762337847925806e-10,23.37151535430894,7.681377429355615e-11,0
0.3374476134777069,4.915956530737731e-10,23.38155035446107,1.6588777992575947e-10,0
0.33825555443763733,-2.7670260527301593e-10,23.39163035461388,-9.359619316096271e-11,0
0.34060102701187134,9.208375728597673e-10,23.40166535476601,3.1363822302715565e-10,0
0.3397286534309387,1.8370853449578561e-10,23.41174535491882,6.24110530480244e-11,0
0.3424103558063507,1.9548762608678771e-10,23.42178035507095,6.693698760411583e-11,0
0.34262874722480774,5.480144671388132e-10,23.431860355223762,1.8776551033684213e-10,0
0.34320998191833496,-2.4541252363619037e-10,23.44189535537589,-8.422802779970985e-11,0
0.3456975519657135,9.919953747328236e-10,23.45193035552802,3.4293037260644773e-10,0
0.3447752594947815,1.9264856376821626e-10,23.46201035568083,6.642045856448372e-11,0
0.3474266231060028,1.5417023213615266e-10,23.47204535583296,5.3562843134532073e-11,0
0.34771743416786194,5.748345688338929e-10,23.482125355985772,1.9988000134591047e-10,0
0.3481367528438568,-2.8195787371565473e-10,23.4921603561379,-9.815989859412628e-11,0
0.35075294971466064,9.070651452169898e-10,23.50219535629003,3.1815577526821617e-10,0
0.3498258590698242,2.5299370931541887e-10,23.512275356442842,8.85037417005278e-11,0
0.35237494111061096,1.495794044181764e-10,23.52231035659497,5.2708033823215173e-11,0
0.3529043197631836,6.150646103542101e-10,23.532390356747783,2.170589579274601e-10,0
0.35314685106277466,-2.3834509366160717e-10,23.542425356899912,-8.417081929285866e-11,0
0.35583046078681946,8.251551664173462e-10,23.552505357052723,2.93615343086909e-10,0
0.35493460297584534,2.753437755576016e-10,23.562540357204853,9.772903365940759e-11,0
0.3573397397994995,9.219412733241228e-11,23.572575357356982,3.294462547200613e-11,0
0.35803309082984924,5.949495895940515e-10,23.582655357509793,2.1301164045030858e-10,0
0.3580334186553955,-1.3505158102944392e-10,23.592690357661922,-4.8352979250787966e-11,0
0.36089709401130676,7.782200439621079e-10,23.602770357814734,2.808573523672761e-10,0
0.36000120639801025,3.3550770495160975e-10,23.612805357966863,1.207831785384072e-10,0
0.3622613251209259,-8.225711778386824e-11,23.622840358118992,-2.979857248901219e-11,0
0.3631919026374817,5.770695032936146e-10,23.632920358271804,2.095869708552744e-10,0
0.36306819319725037,-1.7177814726210272e-10,23.642955358423933,-6.236718155722283e-11,0
0.36593568325042725,6.731747936861154e-10,23.653035358576744,2.4633867807449405e-10,0
0.36509567499160767,2.7123620016666905e-10,23.663070358728874,9.902716358200884e-11,0
0.36719831824302673,-1.8059735651387854e-10,23.673150358881685,-6.631504559103253e-11,0
0.36828258633613586,5.725995233518688e-10,23.683185359033814,2.1087843339486487e-10,0
0.36796918511390686,-1.2816535333026735e-10,23.693220359185943,-4.7160900624774426e-11,0
0.37094417214393616,6.843498545627824e-10,23.703300359338755,2.5385559025761443e-10,0
0.3701675236225128,3.056673525403397e-10,23.713335359490884,1.1314812694210716e-10,0
0.37208858132362366,-2.8117261297033735e-10,23.723415359643695,-1.0462111866718913e-10,0
0.3733559548854828,5.489809717929006e-10,23.733450359795825,2.049653149376987e-10,0
0.3729545474052429,-1.5571027800476145e-10,23.743485359947954,-5.807285625961036e-11,0
0.37595269083976746,5.591895280154802e-10,23.753565360100765,2.102288077468393e-10,0
0.3752764165401459,3.28621491130221e-10,23.763600360252894,1.2332389558942866e-10,0
0.37696683406829834,-3.482227839413099e-10,23.773680360405706,-1.3126844041280467e-10,0
0.37843602895736694,6.453882428480995e-10,23.783715360557835,2.4423816375920754e-10,0
0.3779255449771881,3.251342944876612e-11,23.793750360709964,1.2287655543502292e-11,0
0.3809291422367096,4.4073419913637224e-10,23.803830360862776,1.6788850043140143e-10,0
0.3803667724132538,4.0666545131351484e-10,23.813865361014905,1.5468202516810083e-10,0
0.3819132149219513,-4.4432799106708387e-10,23.823945361167716,-1.6969473154824206e-10,0
0.383561372756958,7.303184723639333e-10,23.833980361319846,2.8012195580967477e-10,0
0.3829333484172821,4.380810764061799e-13,23.844060361472657,1.6775585346646566e-13,0
0.3859223425388336,3.469847742465504e-10,23.854095361624786,1.3390917690253707e-10,0
0.38547977805137634,3.378031188105979e-10,23.864130361776915,1.3021627126417198e-10,0
0.38677939772605896,-5.024381466434136e-10,23.874210361929727,-1.943327237533368e-10,0
0.38864967226982117,8.014762187258384e-10,23.884245362081856,3.114934697398526e-10,0
0.3879198133945465,6.748825109870182e-11,23.894325362234667,2.618002977253271e-11,0
0.39086243510246277,2.735316140256572e-10,23.904360362386797,1.0691323273557532e-10,0
0.39054954051971436,4.319149760068086e-10,23.914395362538926,1.6868419542304255e-10,0
0.3917498290538788,-3.906878709436512e-10,23.924475362691737,-1.5305190665559922e-10,0
0.3938058912754059,8.841110621382597e-10,23.934510362843866,3.4816814481180313e-10,0
0.39300447702407837,7.419326958357786e-11,23.944590362996678,2.915828711140048e-11,0
0.3958683907985687,2.7123620016666905e-10,23.954625363148807,1.0737383808629776e-10,0
0.39569011330604553,4.541442222283365e-10,23.96470536330162,1.797003787508164e-10,0
0.3966341018676758,-3.600018616545242e-10,23.974740363453748,-1.4278901506803347e-10,0
0.3988756835460663,8.909972759596485e-10,23.984775363605877,3.5539714748608785e-10,0
0.3980109989643097,1.3677342591833508e-10,23.99485536375869,5.443732788152755e-11,0
0.40084555745124817,2.0696468150394054e-10,24.004890363910818,8.296087313016708e-11,0
0.40084293484687805,4.92139329288932e-10,24.01497036406363,1.9727057310574963e-10,0
0.40160098671913147,-2.6359461835490094e-10,24.025005364215758,-1.058598588251811e-10,0
0.4039660394191742,9.139513590383785e-10,24.035040364367887,3.6920531073250545e-10,0
0.40307164192199707,1.5241846673674786e-10,24.0451203645207,6.143556164681425e-11,0
0.4057856500148773,1.5187481827716454e-10,24.055155364672828,6.162862185549058e-11,0
0.40596768260002136,5.52484447080559e-10,24.06523536482564,2.2429083065384867e-10,0
0.40651020407676697,-1.7636897498007897e-10,24.07527036497777,-7.169578801196211e-11,0
0.40908023715019226,9.458455130229027e-10,24.08535036513058,3.869267067748543e-10,0
0.4080921411514282,1.8817855607089484e-10,24.09538536528271,7.679418986575557e-11,0
0.410768985748291,1.7253351525248206e-10,24.10542036543484,7.087141706784935e-11,0
0.4110884368419647,5.547194925625831e-10,24.11550036558765,2.2803876908332017e-10,0
0.4114852845668793,-2.9343494301059536e-10,24.12553536573978,-1.2074416102658083e-10,0
0.41414085030555725,8.56445303565323e-10,24.13561536589259,3.5468898625874397e-10,0
0.4132225513458252,2.41395847755399e-10,24.14565036604472,9.975020809377437e-11,0
0.4157399535179138,1.9548762608678771e-10,24.15568536619685,8.127201658264844e-11,0
0.4162592887878418,5.949495895940515e-10,24.16576536634966,2.4765329302903825e-10,0
0.41644802689552307,-1.786643888390671e-10,24.17580036650179,-7.440443220852401e-11,0
0.41917940974235535,8.363302272940132e-10,24.1858803666546,3.5057241102679433e-10,0
0.41823673248291016,2.6205454473071654e-10,24.19591536680673,1.0960083652047151e-10,0
0.4206545352935791,4.9608213370522236e-11,24.20599536695954,2.086791994212175e-11,0
0.4214121103286743,5.435444316859162e-10,24.21603036711167,2.2905620601416188e-10,0
0.4213881194591522,-1.878460303972318e-10,24.2260653672638,-7.915608549695625e-11,0
0.4242360591888428,6.999948953811952e-10,24.23614536741661,2.9696307586882453e-10,0
0.4233332872390747,3.125535941173041e-10,24.24618036756874,1.3231434043606587e-10,0
0.4255627989768982,-1.2695722251265806e-10,24.256260367721552,-5.402827096281964e-11,0
0.42650729417800903,6.24729545872782e-10,24.26629536787368,2.664517082032566e-10,0
0.4263138175010681,-1.3046075331146767e-10,24.27633036802581,-5.5617221778276896e-11,0
0.4292445480823517,6.910548244754011e-10,24.286410368178622,2.966315158320724e-10,0
0.42840924859046936,3.0796279415490346e-10,24.29644536833075,1.3193410923772358e-10,0
0.43049314618110657,-2.0294740887827345e-10,24.306525368483562,-8.736746855731138e-11,0
0.43163469433784485,6.040708488974644e-10,24.31656036863569,2.607379362222595e-10,0
0.4313369691371918,-9.566715475362031e-11,24.326640368788503,-4.126478057740527e-11,0
0.4343031942844391,6.776447736278612e-10,24.336675368940632,2.9430328977673577e-10,0
0.433509886264801,2.8959948328299845e-10,24.34671036909276,1.255442390603578e-10,0
0.43539947271347046,-3.0352265145694446e-10,24.356790369245573,-1.321536024009481e-10,0
0.4367271363735199,5.834121519221469e-10,24.366825369397702,2.5479191843447216e-10,0
0.4362652897834778,-4.649703191916821e-11,24.376905369550514,-2.0285041104287534e-11,0
0.4392610192298889,4.961864807917493e-10,24.386940369702643,2.179553792806755e-10,0
0.4386723041534424,2.8271324170603407e-10,24.396975369854772,1.2401846915387505e-10,0
0.44033583998680115,-3.3928276854666706e-10,24.407055370007583,-1.4939836288104407e-10,0
0.4418421685695648,6.43092856744687e-10,24.417090370159713,2.84145542415669e-10,0
0.44131189584732056,2.949315791589413e-11,24.427170370312524,1.3015681434387648e-11,0
0.4442504644393921,4.1814249285287985e-10,24.437205370464653,1.8575999665173706e-10,0
0.44370490312576294,3.781540358627211e-10,24.447285370617465,1.6778879984908496e-10,0
0.4452180862426758,-4.5997305964107227e-10,24.457320370769594,-2.0478832533658636e-10,0
0.44694283604621887,7.991807771112747e-10,24.467355370921723,3.571881230357342e-10,0
0.44627630710601807,2.502314501440228e-11,24.477435371074534,1.1167236749205817e-11,0
0.4492502510547638,3.58461843541491e-10,24.487470371226664,1.610390732045683e-10,0
0.4487975835800171,3.960340944075824e-10,24.497550371379475,1.7773914458542335e-10,0
0.4501127302646637,-4.678862297602393e-10,24.507585371531604,-2.1060154833062106e-10,0
0.4520599842071533,8.703385234731797e-10,24.517620371683734,3.934452191761628e-10,0
0.45127081871032715,8.31332919171146e-11,24.527700371836545,3.751562870552093e-11,0
0.4542274475097656,2.735316140256572e-10,24.537735371988674,1.2424556685210067e-10,0
0.4539263844490051,4.4520420683369366e-10,24.547815372141486,2.0208993594950562e-10,0
0.4550260603427887,-3.347523369612304e-10,24.557850372293615,-1.5232103707801036e-10,0
0.45715445280075073,9.208375728597673e-10,24.567885372445744,4.2096499673907836e-10,0
0.45630133152008057,1.188933812512616e-10,24.577965372598555,5.4251208173875245e-11,0
0.45918193459510803,2.207371646578693e-10,24.588000372750685,1.0135851830463933e-10,0
0.4590471088886261,4.876693493471862e-10,24.598080372903496,2.2386320491142322e-10,0
0.45997026562690735,-3.1868446770388914e-10,24.608115373055625,-1.4658537926092746e-10,0
0.4622398316860199,8.51975268112426e-10,24.618195373208437,3.9381690453293945e-10,0
0.46132469177246094,1.5187481827716454e-10,24.628230373360566,7.006360372971145e-11,0
0.4641364514827728,2.230325507612818e-10,24.638265373512695,1.0351753667549274e-10,0
0.4641999304294586,5.100193600782177e-10,24.648345373665506,2.3675095146598565e-10,0
0.4648980498313904,-2.5441296291894844e-10,24.658380373817636,-1.1827609031284496e-10,0
0.4673585295677185,9.614905538413154e-10,24.668460373970447,4.4936081143652846e-10,0
0.46640273928642273,1.748289291114702e-10,24.678495374122576,8.154069144410151e-11,0
0.4691547751426697,1.6105645983532924e-10,24.688530374274706,7.55604071993183e-11,0
0.46933671832084656,5.323694263204004e-10,24.698610374427517,2.4986051948356844e-10,0
0.4698854982852936,-2.2916343822565466e-10,24.708645374579646,-1.0768057635943283e-10,0
0.4724412262439728,9.972506154198868e-10,24.718725374732458,4.711423036215278e-10,0
0.47147253155708313,2.1614633693989305e-10,24.728760374884587,1.0190706066384165e-10,0
0.47408464550971985,2.1499861613261118e-10,24.738840375037398,1.019275427143093e-10,0
0.4744715392589569,5.696396687682181e-10,24.748875375189527,2.702778104634188e-10,0
0.474823534488678,-2.1309556896831339e-10,24.758910375341657,-1.0118279124141041e-10,0
0.477469801902771,8.497402226304018e-10,24.768990375494468,4.057252957681545e-10,0
0.47654226422309875,2.6205454473071654e-10,24.779025375646597,1.2488006609592897e-10,0
0.4790370762348175,1.5688847443406928e-10,24.78910537579941,7.515539608783746e-11,0
0.4796607196331024,5.948891934615119e-10,24.799140375951538,2.853449786377047e-10,0
0.4797801077365875,-2.1309554121273777e-10,24.809175376103667,-1.0223900172123375e-10,0
0.482576459646225,8.229202319576245e-10,24.81925537625648,3.971219321093607e-10,0
0.4816017746925354,3.125535941173041e-10,24.829290376408608,1.5052636561342405e-10,0
0.4840115010738373,-2.6381978199263578e-11,24.83937037656142,-1.2769180869522815e-11,0
0.48480045795440674,5.719350548716307e-10,24.84940537671355,2.772743765219453e-10,0
0.48471295833587646,-1.8059735651387854e-10,24.85948537686636,-8.753787894348104e-11,0
0.48764315247535706,7.066998652938139e-10,24.86952037701849,3.446173501657856e-10,0
0.4867085814476013,2.6205454473071654e-10,24.879555377170618,1.2754419572778404e-10,0
0.48895591497421265,-1.1131217475535138e-10,24.88963537732343,-5.442674625527229e-11,0
0.4898805618286133,5.742304964861944e-10,24.89967037747556,2.8130435823778046e-10,0
0.4896834194660187,-9.34321439660657e-11,24.90975037762837,-4.5752171745344394e-11,0
0.4926305413246155,6.591607260020282e-10,24.9197853777805,3.247227052703057e-10,0
0.4918339252471924,3.4239394652857413e-10,24.92982037793263,1.6840095870202592e-10,0
0.4938601851463318,-2.4094248818329334e-10,24.93990037808544,-1.189919018238191e-10,0
0.4950161576271057,5.489809717929006e-10,24.94993537823757,2.7175445126731617e-10,0
0.49464982748031616,-1.0013716245094173e-10,24.96001537839038,-4.953283013072672e-11,0
0.49768587946891785,5.512763578963131e-10,24.97005037854251,2.743624590100485e-10,0
0.4968985617160797,3.356889211048042e-10,24.98013037869532,1.6680334208099976e-10,0
0.4987143576145172,-2.878776383941073e-10,24.99016537884745,-1.435687115033015e-10,0
0.5000798106193542,5.719350548716307e-10,25.00020037899958,2.8601317392677504e-10,0
0.49958619475364685,-1.0237217323849634e-10,25.01028037915239,-5.114372447688151e-11,0
0.5026218891143799,4.778232254309955e-10,25.02031537930452,2.401644122288532e-10,0
0.5019571781158447,3.379239388312527e-10,25.03039537945733,1.6962334675352694e-10,0
0.5036326050758362,-3.6459268937250044e-10,25.04043037960946,-1.8362076594027753e-10,0
0.5051722526550293,7.21136872439132e-10,25.05046537976159,3.6429833832267885e-10,0
0.5045827031135559,-1.2971950770490626e-11,25.0605453799144,-6.545421984430134e-12,0
0.5076093673706055,3.7912054051680855e-10,25.07058038006653,1.9244513772893918e-10,0
0.5070618987083435,3.602739773178598e-10,25.080660380219342,1.8268120699400068e-10,0
0.5085108876228333,-4.6559076039009994e-10,25.09069538037147,-2.367579708349596e-10,0
0.510306715965271,7.581050232019493e-10,25.100775380524283,3.868660847469623e-10,0
0.5095891952514648,-2.4146981289496772e-11,25.110810380676412,-1.2305040763066839e-11,0
0.5125988125801086,3.2632607727123286e-10,25.12084538082854,1.6727435972315874e-10,0
0.5121265053749084,3.80389025833594e-10,25.130925380981353,1.9480730248312428e-10,0
0.5134612917900085,-4.403412634523818e-10,25.140960381133482,-2.2609819396070443e-10,0
0.5153914093971252,8.720903443837358e-10,25.151040381286293,4.494678717135579e-10,0
0.5146037340164185,4.169507794582472e-11,25.161075381438422,2.145644280102702e-11,0
0.5175924897193909,2.9878113871895096e-10,25.17111038159055,1.5464687347073652e-10,0
0.5172973871231079,4.139141529524437e-10,25.181190381743363,2.1411670981557358e-10,0
0.5183602571487427,-3.5541103393654794e-10,25.191225381895492,-1.842309549448495e-10,0
0.520486056804657,9.033803705094101e-10,25.201305382048304,4.701968868411729e-10,0
0.5196364521980286,1.312161074240592e-10,25.211340382200433,6.818467253307352e-11,0
0.5225504636764526,2.4405369392077603e-10,25.221420382353244,1.2753037092025256e-10,0
0.5223860740661621,4.697892630467493e-10,25.231455382505374,2.454113687614269e-10,0
0.5233106017112732,-3.5541103393654794e-10,25.241490382657503,-1.8599036202416064e-10,0
0.5256088376045227,9.123204414152042e-10,25.251570382810314,4.795236867350905e-10,0
0.5246649980545044,8.989870653453025e-11,25.261605382962443,4.7166704689041774e-11,0
0.5274968147277832,1.8817855607089484e-10,25.271685383115255,9.926358892747058e-11,0
0.5275508761405945,5.558671856142894e-10,25.281720383267384,2.932482207886248e-10,0
0.528265118598938,-2.1309556896831339e-10,25.291755383419513,-1.1257095601395424e-10,0
0.5306875109672546,1.0196007371732208e-09,25.301835383572325,5.410893773908345e-10,0
0.5297347903251648,1.7941975682944644e-10,25.311870383724454,9.504488726423887e-11,0
0.5324852466583252,1.2559839279724372e-10,25.321950383877265,6.687929116852954e-11,0
0.5327174067497253,5.581626272288531e-10,25.331985384029394,2.9734294732196827e-10,0
0.5332237482070923,-2.6589003221388907e-10,25.342020384181524,-1.4177887958799444e-10,0
0.5357421040534973,8.743253898657599e-10,25.352100384334335,4.684129239940766e-10,0
0.5348148345947266,2.115555092219168e-10,25.362135384486464,1.1314302467212258e-10,0
0.5374096035957336,1.7476851910114277e-10,25.372215384639276,9.392228057115854e-11,0
0.5378324389457703,6.132525043334169e-10,25.382250384791405,3.298270900952432e-10,0
0.5381471514701843,-2.118874381507041e-10,25.392330384944216,-1.1402662127311627e-10,0
0.5408499836921692,8.45088998779886e-10,25.402365385096346,4.570663712085329e-10,0
0.5398414134979248,2.299187923382462e-10,25.412400385248475,1.2411968584561467e-10,0
0.5423760414123535,1.412434336156565e-10,25.422480385401286,7.660705439994831e-11,0
0.5429680943489075,5.719350548716307e-10,25.432515385553415,3.105424868349871e-10,0
0.5431135892868042,-1.7612734881655712e-10,25.442595385706227,-9.56571565873293e-11,0
0.545913577079773,7.945899493932984e-10,25.452630385858356,4.337774415849313e-10,0
0.5449338555335999,3.010765525779391e-10,25.462665386010485,1.6406680660706094e-10,0
0.5473324060440063,-5.320204693459729e-11,25.472745386163297,-2.911920435517929e-11,0
0.5481222867965698,5.742304964861944e-10,25.482780386315426,3.1474853288234253e-10,0
0.5480338931083679,-1.6271731184680505e-10,25.492860386468237,-8.917460188753293e-11,0
0.5509566068649292,7.073643892852033e-10,25.502895386620366,3.897270837376585e-10,0
0.550072193145752,2.5075871934454597e-10,25.512975386773178,1.379353987002745e-10,0
0.5522328019142151,-1.970276719553965e-10,25.523010386925307,-1.0880514333856343e-10,0
0.5532105565071106,6.155478904368294e-10,25.533045387077436,3.4052759102533636e-10,0
0.5530043244361877,-1.2472221866399735e-10,25.543125387230248,-6.897192627446634e-11,0
0.5560058355331421,6.568652843874645e-10,25.553160387382377,3.652209312785672e-10,0
0.5551267862319946,3.2451388798371283e-10,25.56324038753519,1.80146351724048e-10,0
0.5571523904800415,-2.704808321762897e-10,25.573275387687318,-1.5069904222605074e-10,0
0.5583174228668213,5.765258825896069e-10,25.583310387839447,3.218844449834489e-10,0
0.5579888224601746,-1.2919224023910658e-10,25.593390387992258,-7.208782600201106e-11,0
0.5609439015388489,5.857075380255594e-10,25.603425388144387,3.28549071540771e-10,0
0.5602315068244934,3.0439883946797863e-10,25.6135053882972,1.7053382051077274e-10,0
0.5620677471160889,-3.7606973091186546e-10,25.623540388449328,-2.1137666641218599e-10,0
0.5634282231330872,6.061245949595673e-10,25.63362038860214,3.4150770353533115e-10,0
0.5629411935806274,-9.34321509049596e-11,25.64365538875427,-5.259680654924326e-11,0
0.5659663081169128,5.352084886389719e-10,25.653690388906398,3.029099723878316e-10,0
0.5652981400489807,3.334539311339313e-10,25.66377038905921,1.8850088706203226e-10,0
0.566974937915802,-4.26568780298453e-10,25.67380538921134,-2.418538077265348e-10,0
0.5685369372367859,7.245799515942508e-10,25.68388538936415,4.1195046646257393e-10,0
0.5679444074630737,2.3331786155877943e-11,25.69392038951628,1.3251157463355245e-11,0
0.5709372758865356,3.8141595437579667e-10,25.70395538966841,2.1776458597098052e-10,0
0.5703787803649902,3.2898389568103426e-10,25.71403538982122,1.876454331782715e-10,0
0.571888267993927,-4.793632712996043e-10,25.72407038997335,-2.7414223096343365e-10,0
0.5736597180366516,7.961001302625448e-10,25.73415039012616,4.5669057625535306e-10,0
0.5729483366012573,8.301247883535368e-11,25.74418539027829,4.756186166586297e-11,0
0.5759124159812927,3.0439883946797863e-10,25.7542653904311,1.7530707105990526e-10,0
0.5755095481872559,4.094441174995467e-10,25.76430039058323,2.356389990700938e-10,0
0.5767727494239807,-4.15091738759088e-10,25.77433539073536,-2.3941360342725993e-10,0
0.5787584185600281,9.234955022918712e-10,25.78441539088817,5.344807964537421e-10,0
0.5779542922973633,9.908035503158885e-11,25.7944503910403,5.726391647285343e-11,0
0.580862820148468,2.9322380634688727e-10,25.80453039119311,1.703228070893212e-10,0
0.580623984336853,4.5257367298212614e-10,25.81456539134524,2.6277512921284605e-10,0
0.581698477268219,-3.600018616545242e-10,25.82460039149737,-2.0941253473816076e-10,0
0.5838290452957153,9.033803705094101e-10,25.83468039165018,5.274196992533985e-10,0
0.5829849243164062,1.5187481827716454e-10,25.84471539180231,8.854072943888072e-11,0
0.585861325263977,2.574637170127403e-10,25.854795391955122,1.5083803445647358e-10,0
0.5857287645339966,5.214360054850431e-10,25.86483039210725,3.0542006727629656e-10,0
0.5866028666496277,-2.8340760294121026e-10,25.874910392260063,-1.662477123156134e-10,0
0.588941752910614,8.966754005967914e-10,25.88494539241219,5.280895822193014e-10,0
0.5879929661750793,1.7023811527128174e-10,25.89498039256432,1.0009881435441602e-10,0
0.5908357501029968,1.993535891919862e-10,25.905060392717132,1.1778522740597185e-10,0
0.5909302830696106,5.673442271536544e-10,25.91509539286926,3.3526088474981845e-10,0
0.5915893316268921,-2.096524343020434e-10,25.925175393022073,-1.2402814348269675e-10,0
0.5940240025520325,9.851091054002836e-10,25.935210393174202,5.851784537403285e-10,0
0.5930421948432922,1.9319221222779959e-10,25.94524539332633,1.1457113356620539e-10,0
0.5957640409469604,1.6806350755516064e-10,25.955325393479143,1.0012619439678252e-10,0
0.5960370898246765,5.329131025355593e-10,25.965360393631272,3.1763597476473423e-10,0
0.5965015888214111,-2.6329258218105167e-10,25.975440393784083,-1.5705444359588928e-10,0
0.5991431474685669,8.519752126012747e-10,25.985475393936213,5.104551104431292e-10,0
0.5981330275535583,2.2170364155638111e-10,25.995555394089024,1.3260827034376713e-10,0
0.6007465720176697,1.6806350755516064e-10,26.005590394241153,1.0096357604502848e-10,0
0.6011748313903809,6.17843276540242e-10,26.015625394393282,3.714318275997604e-10,0
0.601468026638031,-2.34237490515099e-10,26.025705394546094,-1.408863611847611e-10,0
0.6042314767837524,9.070651452169898e-10,26.035740394698223,5.480773122335306e-10,0
0.6031956672668457,2.775787932840501e-10,26.045820394851035,1.6743432543409843e-10,0
0.6056970357894897,9.908035503158885e-11,26.055855395003164,6.001267734760362e-11,0
0.6062939763069153,6.040708488974644e-10,26.065890395155293,3.662445169491375e-10,0
0.6064364910125732,-1.8730236805986067e-10,26.075970395308104,-1.1358699084456738e-10,0
0.6092724204063416,7.693404802111559e-10,26.086005395460234,4.68737936494828e-10,0
0.6083104610443115,2.775787932840501e-10,26.096085395613045,1.6885408371874416e-10,0
0.6106597781181335,-1.419378087286205e-10,26.106120395765174,-8.667571078479347e-11,0
0.6114751100540161,5.681294878989718e-10,26.116200395917986,3.473970411379556e-10,0
0.6113948822021484,-1.2695722251265806e-10,26.126235396070115,-7.762099610283852e-11,0
0.6143010854721069,7.234322585425446e-10,26.136270396222244,4.4440522168822303e-10,0
0.6133870482444763,3.200438802863914e-10,26.146350396375055,1.9631077103757817e-10,0
0.6155669689178467,-1.87846016519444e-10,26.156385396527185,-1.156318030121659e-10,0
0.6165777444839478,5.994196250469486e-10,26.166465396679996,3.695888004108612e-10,0
0.6163409352302551,-7.078006236671541e-11,26.176500396832125,-4.362464983475716e-11,0
0.6193564534187317,6.339112013087345e-10,26.186535396984254,3.9261699342498544e-10,0
0.6184677481651306,2.976938140442087e-10,26.196615397137066,1.8411402281461089e-10,0
0.6204823851585388,-3.140936399859129e-10,26.206650397289195,-1.9488957090158663e-10,0
0.6216744780540466,5.502495126208373e-10,26.216730397442007,3.420760785580526e-10,0
0.6212583780288696,-1.419378226064083e-10,26.226765397594136,-8.818006145340665e-11,0
0.6243788599967957,5.788213242041707e-10,26.236800397746265,3.6140379854843573e-10,0
0.6235644221305847,3.3121891340748277e-10,26.246880397899076,2.0653633033765717e-10,0
0.625422477722168,-3.600018616545242e-10,26.256915398051206,-2.2515325630056565e-10,0
0.6267892122268677,5.994196250469486e-10,26.266995398204017,3.757097545765013e-10,0
0.6262622475624084,9.559320349183942e-12,26.277030398356146,5.9866414470490025e-12,0
0.629334568977356,4.5861425768123354e-10,26.287110398508958,2.8862180618468917e-10,0
0.6286891102790833,3.5157560196452664e-10,26.297145398661087,2.2103175239491137e-10,0
0.6302925944328308,-4.2197795258047677e-10,26.307180398813216,-2.6596957852540275e-10,0
0.6319179534912109,8.117451710809576e-10,26.317260398966027,5.129563472658516e-10,0
0.6312559247016907,-8.803970573401099e-12,26.327295399118157,-5.5575585853587844e-12,0
0.6343250274658203,3.4909897195234407e-10,26.337375399270968,2.214422149719603e-10,0
0.6337588429450989,3.4239394652857413e-10,26.347410399423097,2.169951913833552e-10,0
0.6352059245109558,-5.092036237108744e-10,26.357445399575226,-3.234491585635948e-10,0
0.6369906067848206,8.385652727760373e-10,26.367525399728038,5.341582019342866e-10,0
0.6362453699111938,-1.9177359353306223e-12,26.377560399880167,-1.220150609566421e-12,0
0.6393094658851624,2.8204880098137153e-10,26.38764040003298,1.8031646830895109e-10,0
0.6388328075408936,4.1814249285287985e-10,26.397675400185108,2.6712314266135325e-10,0
0.6401091814041138,-3.884528809727783e-10,26.40775540033792,-2.4865225565355476e-10,0
0.6421133875846863,8.609152835070688e-10,26.41779040049005,5.528052291161545e-10,0
0.6412925124168396,8.760329961443603e-11,26.427825400642178,5.6179340105746835e-11,0
0.6442478895187378,2.753437755576016e-10,26.43790540079499,1.7738964629510584e-10,0
0.644001305103302,4.6175532841807865e-10,26.447940400947118,2.973710341396465e-10,0
0.645053505897522,-3.705728501834926e-10,26.45802040109993,-2.390393162012991e-10,0
0.6472392082214355,8.198394740865922e-10,26.46805540125206,5.306322520764841e-10,0
0.6463437676429749,1.587610459763411e-10,26.478090401404188,1.0261421261128787e-10,0
0.6492423415184021,2.395836862234546e-10,26.488170401557,1.555478734333258e-10,0
0.6491637229919434,5.237314470996068e-10,26.49820540170913,3.399874560471388e-10,0
0.6500019431114197,-2.4094251593886895e-10,26.50828540186194,-1.5661310353841902e-10,0
0.652315080165863,9.64450408424966e-10,26.51832040201407,6.291255454877311e-10,0
0.6513748168945312,1.5912347828273e-10,26.52840040216688,1.0364902653003417e-10,0
0.6542207598686218,1.9488356761687697e-10,26.53843540231901,1.274968756922212e-10,0
0.6542705297470093,5.604580133322656e-10,26.54847040247114,3.6669116128385783e-10,0
0.6549443006515503,-2.1412245587715262e-10,26.55855040262395,-1.4023828211825416e-10,0
0.657450795173645,9.805182221711561e-10,26.56858540277608,6.446424848486753e-10,0
0.6564494967460632,2.3064367082881176e-10,26.57866540292889,1.5140592164323815e-10,0
0.6591674089431763,1.7712434297045831e-10,26.58870040308102,1.167545942165995e-10,0
0.6593650579452515,5.489809717929006e-10,26.59873540323315,3.619788702770664e-10,0
0.6598866581916809,-2.8340760294121026e-10,26.60881540338596,-1.8701689601099003e-10,0
0.6624958515167236,8.86406392730521e-10,26.61885040353809,5.872405579418739e-10,0
0.6614880561828613,2.4628871164722455e-10,26.6289304036909,1.629170411273038e-10,0
0.6641116738319397,1.312161074240592e-10,26.63896540384303,8.714214873510357e-11,0
0.6645705103874207,6.217696912891313e-10,26.649045403995842,4.1320980108344696e-10,0
0.664804995059967,-1.8506737808898777e-10,26.65908040414797,-1.2303371737621056e-10,0
0.6675882935523987,8.542706542158385e-10,26.6691154043001,5.703010882798428e-10,0
0.6665767431259155,2.552287270418674e-10,26.679195404452912,1.7012953362374125e-10,0
0.6691011786460876,3.7104260636189323e-11,26.68923040460504,2.482650452446591e-11,0
0.6697153449058533,6.150646103542101e-10,26.699310404757853,4.119182076627541e-10,0
0.6697866320610046,-1.7636897498007897e-10,26.709345404909982,-1.181295817519587e-10,0
0.672612726688385,7.808175217505209e-10,26.71938040506211,5.251878023506852e-10,0
0.6716734170913696,2.6863875013383165e-10,26.729460405214923,1.8043750726554533e-10,0
0.6740186214447021,-1.0750664247716202e-10,26.73949540536705,-7.24614789586052e-11,0
0.6748120188713074,6.016546150178215e-10,26.749575405519863,4.060037654234153e-10,0
0.6747123003005981,-1.4652863644659675e-10,26.759610405671992,-9.886467335679336e-11,0
0.677668035030365,6.709398037152425e-10,26.769690405824804,4.546744584073672e-10,0
0.6767280697822571,2.999288317706572e-10,26.779725405976933,2.0297025939620416e-10,0
0.6789731383323669,-2.06209327391349e-10,26.789760406129062,-1.4001059417231075e-10,0
0.6799607872962952,6.105946304124643e-10,26.799840406281874,4.151804056141496e-10,0
0.6796956062316895,-5.471218963992719e-11,26.809875406434003,-3.718763490557347e-11,0
0.6826805472373962,6.083596404415914e-10,26.819955406586814,4.1531529225381124e-10,0
0.6818610429763794,2.873040694240103e-10,26.829990406738943,1.959014524288138e-10,0
0.6838638186454773,-3.0261657069097225e-10,26.840025406891073,-2.069485236181273e-10,0
0.685075581073761,5.457794771679403e-10,26.850105407043884,3.7390019245896016e-10,0
0.6846604347229004,-1.2586992559349142e-10,26.860140407196013,-8.617815797537896e-11,0
0.6877651810646057,5.368394617732974e-10,26.870220407348825,3.692194896291374e-10,0
0.6869616508483887,3.400985604251616e-10,26.880255407500954,2.336346685208295e-10,0
0.6887933611869812,-3.5939778930682564e-10,26.890335407653765,-2.475508112998189e-10,0
0.6901782751083374,6.910548244754011e-10,26.900370407805895,4.769510267617272e-10,0
0.6896828413009644,9.559320349183942e-12,26.910405407958024,6.592899219331308e-12,0
0.6927075982093811,4.764942884705192e-10,26.920485408110835,3.3007121412690136e-10,0
0.6920602917671204,3.492801881055385e-10,26.930520408262964,2.4172294888879367e-10,0
0.6936736106872559,-4.46563036549108e-10,26.940600408415776,-3.0976899396248476e-10,0
0.6953083872795105,7.349093000819096e-10,26.950635408567905,5.109886002366664e-10,0
0.6946085691452026,3.710425369729542e-11,26.960670408720034,2.5772932569878966e-11,0
0.6977140307426453,3.781540358627211e-10,26.970750408872846,2.63843376603378e-10,0
0.69709712266922,3.837113404792092e-10,26.980785409024975,2.674840713836061e-10,0
0.6985397934913635,-4.912631412778978e-10,26.990865409177786,-3.431668532581813e-10,0
0.7004069685935974,8.63452309651791e-10,27.000900409329915,6.047680147283511e-10,0
0.6996474862098694,9.219412039351838e-11,27.010935409482045,6.450338457665519e-11,0
0.7026804685592651,2.999288317706572e-10,27.021015409634856,2.1075413204303842e-10,0
0.7022533416748047,4.68641569995043e-10,27.031050409786985,3.2910510857674585e-10,0
0.7034681439399719,-3.638678247597227e-10,27.041130409939797,-2.559694233231971e-10,0
0.7055385112762451,8.932927175742122e-10,27.051165410091926,6.30252414091221e-10,0
0.7046546339988708,6.748825109870182e-11,27.061245410244737,4.755590887717963e-11,0
0.7076113224029541,2.7123620016666905e-10,27.071280410396867,1.9192980628348905e-10,0
0.7073416709899902,5.099589639456781e-10,27.081315410548996,3.607152256936601e-10,0
0.7083744406700134,-3.258727454547028e-10,27.091395410701807,-2.3083992379107675e-10,0
0.7106144428253174,8.887018343450848e-10,27.101430410853936,6.315243588509699e-10,0
0.7097333073616028,1.1218836276638555e-10,27.111510411006748,7.962381775367011e-11,0
0.7125946283340454,2.046692676449524e-10,27.121545411158877,1.4584622070885613e-10,0
0.712514340877533,5.237313915884556e-10,27.131580411311006,3.7316612727452156e-10,0
0.7133669257164001,-2.744675875465674e-10,27.141660411463818,-1.957960991368917e-10,0
0.7157254219055176,9.851091054002836e-10,27.151695411615947,7.05067630085585e-10,0
0.714745819568634,1.5465345670762076e-10,27.161775411768758,1.1053791166361066e-10,0
0.7175491452217102,1.9319221222779959e-10,27.171810411920887,1.3862490674754882e-10,0
0.7176579236984253,5.502495126208373e-10,27.1818904120737,3.948909227435406e-10,0
0.7182819247245789,-2.3145885208464279e-10,27.191925412225828,-1.6625270976989882e-10,0
0.7208095788955688,9.506779807821886e-10,27.201960412377957,6.85257794992899e-10,0
0.7197784185409546,1.792385267984642e-10,27.21204041253077,1.2901202336060907e-10,0
0.7225571274757385,1.5187481827716454e-10,27.222075412682898,1.097382324302478e-10,0
0.7228208184242249,5.681294878989718e-10,27.23215541283571,4.1065582141407053e-10,0
0.7232075929641724,-2.7507165989426596e-10,27.24219041298784,-1.9893391304479155e-10,0
0.7258937358856201,8.58861537444966e-10,27.252225413139968,6.234422100243938e-10,0
0.7248570322990417,2.5075871934454597e-10,27.26230541329278,1.817642211271959e-10,0
0.7274766564369202,1.3580693514203546e-10,27.27234041344491,9.879637509807363e-11,0
0.7279675602912903,6.016546150178215e-10,27.28242041359772,4.37985042232519e-10,0
0.7281662225723267,-1.7636897498007897e-10,27.29245541374985,-1.284259302901973e-10,0
0.7309478521347046,8.095101255989334e-10,27.30253541390266,5.917096875878353e-10,0
0.7299477458000183,2.976938140442087e-10,27.31257041405479,2.1730092850017997e-10,0
0.732455849647522,2.1036384439954148e-11,27.32260541420692,1.5408222838478526e-11,0
0.7330843210220337,5.278993908675034e-10,27.33268541435973,3.869947665220489e-10,0
0.7331515550613403,-1.6718733342191427e-10,27.34272041451186,-1.2257365348483525e-10,0
0.7359864115715027,7.156398806884567e-10,27.35280041466467,5.267012277653556e-10,0
0.7350329756736755,2.8959948328299845e-10,27.3628354148168,2.128651699510612e-10,0
0.7373712658882141,-1.3046075331146767e-10,27.37287041496893,-9.619801081800694e-11,0
0.7381930947303772,5.971845795649244e-10,27.38295041512174,4.4083753291429074e-10,0
0.7380691170692444,-9.373417320102106e-11,27.39298541527387,-6.918229845369325e-11,0
0.7410109639167786,6.910548244754011e-10,27.40306541542668,5.120792016038572e-10,0
0.7401171922683716,2.7812244174363343e-10,27.41310041557881,2.0584320069012172e-10,0
0.7422555685043335,-2.476475136070633e-10,27.423180415731622,-1.8381774600109542e-10,0
0.7433338165283203,5.927145441120274e-10,27.43321541588375,4.405847641866368e-10,0
0.7430585622787476,-1.0062040783909154e-10,27.44325041603588,-7.476685558481658e-11,0
0.7460475564002991,5.949495895940515e-10,27.45333041618869,4.4386068749800295e-10,0
0.7452322244644165,3.3550773270718537e-10,27.46336541634082,2.500311739703886e-10,0
0.747157871723175,-2.856426206676588e-10,27.473445416493632,-2.1342013253147815e-10,0
0.7484185695648193,5.696396687682181e-10,27.48348041664576,4.263289060668873e-10,0
0.7479698061943054,-6.159842080855071e-11,27.49351541679789,-4.607375887404695e-11,0
0.7510600686073303,5.189593754728605e-10,27.503595416950702,3.897696641470639e-10,0
0.7502937316894531,3.2403066341224473e-10,27.51363041710283,2.4311817563338225e-10,0
0.752088189125061,-4.130379371858339e-10,27.523710417255643,-3.1064095421804455e-10,0
0.7535706758499146,6.72933209155957e-10,27.533745417407772,5.071027332255064e-10,0
0.7529239654541016,4.737319911352067e-11,27.543825417560583,3.566841693279871e-11,0
0.7560244798660278,4.0720909977309816e-10,27.553860417712713,3.0786004785266997e-10,0
0.7553964853286743,3.194398356942685e-10,27.563895417864842,2.413037291574196e-10,0
0.7569543719291687,-4.71148065006588e-10,27.573975418017653,-3.56637587632705e-10,0
0.7586199045181274,7.509771693392508e-10,27.584010418169782,5.697062284994361e-10,0
0.7579705715179443,5.6313217977610464e-11,27.594090418322594,4.268376201450398e-11,0
0.7610240578651428,3.033719664369272e-10,27.604125418474723,2.3087336494035826e-10,0
0.7604559659957886,3.653480573628798e-10,27.614160418626852,2.778311098865735e-10,0
0.7618626952171326,-4.46563036549108e-10,27.624240418779664,-3.402197186096503e-10,0
0.763782262802124,8.244303573157197e-10,27.634275418931793,6.29685283833364e-10,0
0.7629590630531311,4.0668180628644635e-11,27.644355419084604,3.1028156988506207e-11,0
0.7660033106803894,3.194398356942685e-10,27.654390419236734,2.446919717050093e-10,0
0.7656146287918091,4.6531925534942786e-10,27.664470419389545,3.5625522895403324e-10,0
0.7667689919471741,-3.325777431228971e-10,27.674505419541674,-2.5501030083841003e-10,0
0.7688726782798767,9.34610056013696e-10,27.684540419693803,7.185961369145561e-10,0
0.7679474949836731,1.1218836276638555e-10,27.694620419846615,8.615477215276537e-11,0
0.7709351181983948,2.7123620016666905e-10,27.704655419998744,2.0910551203517447e-10,0
0.7707113027572632,4.787292784413921e-10,27.714735420151555,3.689620658556099e-10,0
0.7717255353927612,-3.439339923971829e-10,27.724770420303685,-2.6542264442248586e-10,0
0.7739197611808777,8.63452309651791e-10,27.734805420455814,6.682428052767913e-10,0
0.7730081081390381,1.211283850999223e-10,27.744885420608625,9.363322380802779e-11,0
0.7759307622909546,2.2073713690229368e-10,27.754920420760754,1.7127673490251954e-10,0
0.7758360505104065,5.144893400199635e-10,27.765000420913566,3.991593775907941e-10,0
0.7766615748405457,-2.245726105076784e-10,27.775035421065695,-1.7441691734294598e-10,0
0.7790507674217224,9.860755545432198e-10,27.785115421218507,7.682029175026959e-10,0
0.7780827283859253,1.7029849752603354e-10,27.795150421370636,1.3250631959507993e-10,0
0.7808523774147034,2.2532796462026994e-10,27.805185421522765,1.7594787687175395e-10,0
0.7809828519821167,5.368394617732974e-10,27.815265421675576,4.1926241391225435e-10,0
0.7816036939620972,-2.498221352009722e-10,27.825300421827706,-1.9526190370657833e-10,0
0.7841554880142212,8.944403551147673e-10,27.835380421980517,7.013803131646336e-10,0
0.7831021547317505,1.9319221222779959e-10,27.845415422132646,1.512892376729835e-10,0
0.7858110070228577,1.840105706696349e-10,27.855450422284775,1.445975318407565e-10,0
0.7861777544021606,6.016546150178215e-10,27.865530422437587,4.730074741604074e-10,0
0.7865149974822998,-2.2916343822565466e-10,27.875565422589716,-1.8024048103908594e-10,0
0.7891920804977417,8.385652727760373e-10,27.885645422742527,6.617890722552772e-10,0
0.7882028222084045,2.4598667547337527e-10,27.895680422894657,1.9388739183377731e-10,0
0.790777862071991,1.220344658658945e-10,27.905715423046786,9.650215401652941e-11,0
0.7913506031036377,5.882446196814328e-10,27.915795423199597,4.6550773455737185e-10,0
0.7915003895759583,-1.9932308581438463e-10,27.925830423351726,-1.577643000735676e-10,0
0.7942968010902405,7.826900794150049e-10,27.935910423504538,6.216882263244047e-10,0
0.793297290802002,2.505774754357759e-10,27.945945423656667,1.9878243239920622e-10,0
0.7957518100738525,-6.884708081411617e-11,27.95602542380948,-5.4785189176133746e-11,0
0.7964589595794678,6.063662350008769e-10,27.966060423961608,4.829458206529175e-10,0
0.7963869571685791,-1.5341486414577332e-10,27.976095424113737,-1.2217759684148336e-10,0
0.7993453741073608,6.888198345045282e-10,27.98617542426655,5.506049483045925e-10,0
0.7983465194702148,2.8271324170603407e-10,27.996210424418678,2.2570313252415388e-10,0
0.8006641268730164,-1.3813225563374942e-10,28.00629042457149,-1.1059754184999628e-10,0
0.8015739917755127,6.063662350008769e-10,28.016325424723618,4.860474034675415e-10,0
0.8014134764671326,-9.832499398010341e-11,28.026360424875747,-7.879897524920456e-11,0
0.8043819665908813,6.642347782914726e-10,28.03644042502856,5.342984772401528e-10,0
0.8034656643867493,3.2403066341224473e-10,28.046475425180688,2.6034751226019834e-10,0
0.805562436580658,-2.923476183358531e-10,28.0565554253335,-2.3550425975518206e-10,0
0.806695282459259,6.178433320513932e-10,28.06659042548563,4.984113012647684e-10,0
0.8063140511512756,-1.2472223254178516e-10,28.07667042563844,-1.0056528858939825e-10,0
0.8093814253807068,5.535717995108769e-10,28.08670542579057,4.4805073213867637e-10,0
0.8085375428199768,3.3550770495160975e-10,28.0967404259427,2.712705753587443e-10,0
0.8104406595230103,-3.7727784785168694e-10,28.10682042609551,-3.057613078363431e-10,0
0.8117815256118774,5.925937518469482e-10,28.11685542624764,4.810566599423819e-10,0
0.8112984895706177,-3.085199457020238e-11,28.12693542640045,-2.5030176595046088e-11,0
0.8143791556358337,5.053681362277018e-10,28.13697042655258,4.115612760663708e-10,0
0.813636064529419,3.561664296825029e-10,28.14700542670471,2.897898521643657e-10,0
0.815389096736908,-4.085679294885125e-10,28.15708542685752,-3.331418349813069e-10,0
0.816886305809021,7.624542108786159e-10,28.16712042700965,6.228384036731648e-10,0
0.8162629008293152,1.1613108912011949e-11,28.17720042716246,9.479349968165646e-12,0
0.8193933963775635,3.7912054051680855e-10,28.18723542731459,3.106488673305654e-10,0
0.818726122379303,3.2674890571016135e-10,28.1973154274674,2.675178645637609e-10,0
0.820271372795105,-4.912631412778978e-10,28.20735042761953,-4.0296909129965686e-10,0
0.8220219016075134,8.083624325472272e-10,28.21738542777166,6.64491623990547e-10,0
0.8213215470314026,2.0553132112910433e-11,28.22746542792447,1.6880730263316397e-11,0
0.8243643641471863,3.4239394652857413e-10,28.2375004280766,2.822573680178737e-10,0
0.8238407969474792,4.2285414059151094e-10,28.247580428229412,3.483644921774518e-10,0
0.8251692056655884,-4.3575043573440553e-10,28.25761542838154,-3.5956784092339343e-10,0
0.82710200548172,8.611568680372272e-10,28.26765042853367,7.122645725879475e-10,0
0.8263220191001892,9.654331500907887e-11,28.277730428686482,7.977586698892765e-11,0
0.8293333053588867,2.7123620016666905e-10,28.28776542883861,2.2494521441720826e-10,0
0.8289555311203003,4.6531925534942786e-10,28.297845428991423,3.857289704586876e-10,0
0.8300516605377197,-3.3016150924325416e-10,28.30788042914355,-2.740511089930028e-10,0
0.8322304487228394,8.653853189599658e-10,28.317960429296363,7.202000123162098e-10,0
0.8313245177268982,8.089828112955999e-11,28.327995429448492,6.725272454496649e-11,0
0.834308385848999,2.7123620016666905e-10,28.33803042960062,2.2629463634486966e-10,0
0.8340923190116882,4.96609364741829e-10,28.348110429753433,4.142180566804335e-10,0
0.8349958658218384,-2.9113952915160723e-10,28.358145429905562,-2.4310030321890864e-10,0
0.8373311161994934,9.21260456809847e-10,28.368225430058374,7.714000466110444e-10,0
0.8363585472106934,1.656472875533055e-10,28.378260430210503,1.3854052476747455e-10,0
0.8392772674560547,1.7253351525248206e-10,28.388295430362632,1.4480345722569068e-10,0
0.8392611742019653,5.52484447080559e-10,28.398375430515443,4.636787457851535e-10,0
0.8399421572685242,-2.3834509366160717e-10,28.408410430667573,-2.0019609214449877e-10,0
0.8424538969993591,9.905455344849656e-10,28.418490430820384,8.344889456821724e-10,0
0.8414180278778076,1.9778303994577584e-10,28.428525430972513,1.6641821541885235e-10,0
0.84422767162323,1.8594353834444632e-10,28.438605431125325,1.569786804299167e-10,0
0.844387948513031,5.502495126208373e-10,28.448640431277454,4.64624057132204e-10,0
0.844896674156189,-2.406405075205953e-10,28.458675431429583,-2.0331636447140834e-10,0
0.8474803566932678,8.34095181811989e-10,28.468755431582395,7.068792821981606e-10,0
0.8465145230293274,2.1844175079888117e-10,28.478790431734524,1.849141144872061e-10,0
0.8491659760475159,2.015885652850713e-10,28.488870431887335,1.7118215080031594e-10,0
0.8495073914527893,6.316157596941707e-10,28.498905432039464,5.365622564182668e-10,0
0.8498758673667908,-2.06209327391349e-10,28.508940432191594,-1.7525233097584526e-10,0
0.8525751233100891,8.586802380250447e-10,28.519020432344405,7.320894098181391e-10,0
0.8515287041664124,2.850086555650222e-10,28.529055432496534,2.426930511494947e-10,0
0.8541183471679688,9.877833273552739e-11,28.539135432649346,8.436838629207631e-11,0
0.8546863198280334,5.925938073580994e-10,28.549170432801475,5.064818203637766e-10,0
0.8547957539558411,-1.4260226333107084e-10,28.559250432954286,-1.218958091998921e-10,0
0.8576237559318542,8.117451710809576e-10,28.569285433106415,6.961719424819964e-10,0
0.8566170334815979,2.781224139880578e-10,28.579320433258545,2.3824439721519095e-10,0
0.859072744846344,-6.214206926813404e-11,28.589400433411356,-5.3384558016607546e-11,0
0.8598465919494629,5.925937518469482e-10,28.599435433563485,5.095397179361441e-10,0
0.8597322106361389,-1.3813225563374942e-10,28.609515433716297,-1.1875674949615965e-10,0
0.8626707196235657,7.326139139784971e-10,28.619550433868426,6.320045723780671e-10,0
0.8617011904716492,3.10258180258316e-10,28.629585434020555,2.673498432821584e-10,0
0.8639730215072632,-1.4707227102839227e-10,28.639665434173367,-1.270664743803352e-10,0
0.8649184107780457,6.476836844626632e-10,28.649700434325496,5.601935430523159e-10,0
0.8647025227546692,-6.214206926813404e-11,28.659780434478307,-5.37344040653509e-11,0
0.8677445650100708,6.706377675413933e-10,28.669815434630436,5.819422778745313e-10,0
0.8668038845062256,2.8041782784704594e-10,28.679850434782566,2.4306726246261746e-10,0
0.8689114451408386,-3.05757669183393e-10,28.689930434935377,-2.6567633819303645e-10,0
0.8700190782546997,5.443901440749244e-10,28.699965435087506,4.736298113590089e-10,0
0.8696790337562561,-1.8059735651387854e-10,28.710045435240318,-1.57061734511924e-10,0
0.8727526664733887,5.880029796401232e-10,28.720080435392447,5.131811683752152e-10,0
0.8719096779823303,3.4239394652857413e-10,28.73016043554526,2.985365956608283e-10,0
0.8737818002700806,-3.324569231022423e-10,28.740195435697387,-2.90494808780529e-10,0
0.875140368938446,6.132525043334169e-10,28.750230435849517,5.366820228947725e-10,0
0.8746333718299866,-2.638198166871053e-11,28.760310436002328,-2.3074561582461187e-11,0
0.8777236342430115,4.68641569995043e-10,28.770345436154457,4.113377819733998e-10,0
0.8770204186439514,3.2451388798371283e-10,28.78042543630727,2.846053058952522e-10,0
0.8787198662757874,-4.5640913270972305e-10,28.790460436459398,-4.010557720617359e-10,0
0.8802162408828735,7.877037355719096e-10,28.800495436611527,6.933496210545033e-10,0
0.8796159029006958,4.380804529899307e-13,28.81057543676434,3.853425331998837e-13,0
0.8827480673789978,3.951884097741498e-10,28.820610436916468,3.488518049787102e-10,0
0.8820990324020386,3.4015895655770123e-10,28.83069043706928,3.0005388644243533e-10,0
0.8835693597793579,-4.908403128389693e-10,28.84072543722141,-4.336914609690279e-10,0
0.8853659629821777,8.117451710809576e-10,28.85080543737422,7.186915450902246e-10,0
0.884645938873291,6.464918878013037e-11,28.86084043752635,5.7191642305795066e-11,0
0.8876758217811584,2.735316140256572e-10,28.870875437678478,2.428074002633519e-10,0
0.8871837258338928,4.831993138942892e-10,28.88095543783129,4.2868656762111615e-10,0
0.8884559869766235,-3.6688810323148857e-10,28.89099043798342,-3.259639318665135e-10,0
0.8904846906661987,9.21260456809847e-10,28.90107043813623,8.203683329053176e-10,0
0.8895818591117859,8.53078857554479e-11,28.91110543828836,7.588834760722718e-11,0
0.8926612734794617,2.941903110009747e-10,28.92114043844049,2.6261229766344896e-10,0
0.8923044800758362,4.5861425768123354e-10,28.9312204385933,4.0922355675561865e-10,0
0.8934104442596436,-3.622972755135123e-10,28.94125543874543,-3.236801698705855e-10,0
0.8955293297767639,8.855003397201244e-10,28.95133543889824,7.929915257466598e-10,0
0.8946166634559631,1.4498857670020016e-10,28.96137043905037,1.2970919672676206e-10,0
0.8976256847381592,2.3064367082881176e-10,28.97145043920318,2.0703168295823475e-10,0
0.8974633812904358,4.854343038651621e-10,28.98148543935531,4.356595117411972e-10,0
0.8983567953109741,-2.8425328757464285e-10,28.99152043950744,-2.553608724821649e-10,0
0.9006680846214294,9.234955022918712e-10,29.00160043966025,8.317629252057245e-10,0
0.8997378945350647,1.312161074240592e-10,29.01163543981238,1.180601042228099e-10,0
0.9025440216064453,1.613584821313907e-10,29.02171543996519,1.456331333831771e-10,0
0.9025970101356506,5.673442826648056e-10,29.03175044011732,5.12083253250809e-10,0
0.9033050537109375,-1.7636897498007897e-10,29.04178544026945,-1.5931498641732323e-10,0
0.9057687520980835,9.816056856237765e-10,29.05186544042226,8.891077569198317e-10,0
0.9047500491142273,2.2532796462026994e-10,29.06190044057439,2.038654870569981e-10,0
0.9075164794921875,2.2393864540504183e-10,29.071980440727202,2.032280111002329e-10,0
0.9077552556991577,5.719350548716307e-10,29.08201544087933,5.191770519783089e-10,0
0.9082639813423157,-2.7893759524388884e-10,29.092095441032143,-2.5334897080226585e-10,0
0.9108353853225708,8.45270242688656e-10,29.102130441184272,7.699020472010249e-10,0
0.9098486304283142,2.3680502003742276e-10,29.1121654413364,2.154567231595986e-10,0
0.9125089049339294,1.5688847443406928e-10,29.122245441489213,1.4316213000258735e-10,0
0.9129156470298767,5.902983657435357e-10,29.132280441641342,5.388926145034387e-10,0
0.9131863117218018,-2.2306245739400765e-10,29.142360441794153,-2.036975827512354e-10,0
0.9159249067306519,8.680431928809185e-10,29.152395441946283,7.950623804776325e-10,0
0.9149205088615417,2.7123620016666905e-10,29.16243044209841,2.4815956227815984e-10,0
0.9174813628196716,7.419326958357786e-11,29.172510442251223,6.80709420895883e-11,0
0.9180759787559509,5.604580133322656e-10,29.182545442403352,5.145430391416356e-10,0
0.9181246757507324,-2.118874381507041e-10,29.192625442556164,-1.9453908544776857e-10,0
0.9209782481193542,7.670450385965921e-10,29.202660442708293,7.064317958753319e-10,0
0.9200146198272705,3.0439883946797863e-10,29.212740442861104,2.800513825689947e-10,0
0.9223856925964355,-1.2695722251265806e-10,29.222775443013234,-1.1710352561745789e-10,0
0.9231560230255127,6.178433320513932e-10,29.232810443165363,5.703657932693954e-10,0
0.9230650663375854,-1.2695722251265806e-10,29.242890443318174,-1.171897770206823e-10,0
0.9260150790214539,6.935919061312745e-10,29.252925443470303,6.42276563764793e-10,0
0.9250572919845581,3.0663385719442715e-10,29.263005443623115,2.836538855670565e-10,0
0.9272748827934265,-2.6589003221388907e-10,29.273040443775244,-2.465531484570744e-10,0
0.9283246397972107,6.178433320513932e-10,29.283075443927373,5.73559188677718e-10,0
0.9280114769935608,-1.3589725178508871e-10,29.293155444080185,-1.26114209348446e-10,0
0.9310787320137024,6.224341042582182e-10,29.303190444232314,5.795351565548265e-10,0
0.9301739931106567,3.334539311339313e-10,29.313270444385125,3.101701746412948e-10,0
0.9322006106376648,-3.049119845499604e-10,29.323305444537255,-2.842391381882153e-10,0
0.9334068298339844,5.703645333809959e-10,29.333385444690066,5.323821509528951e-10,0
0.9329658150672913,-1.0684218787471167e-10,29.343420444842195,-9.968010889410304e-11,0
0.9360724091529846,5.581626272288531e-10,29.353455444994324,5.224806351692718e-10,0
0.9352767467498779,3.535689796496655e-10,29.363535445147136,3.3068484503841294e-10,0
0.9371097683906555,-3.875468002068061e-10,29.373570445299265,-3.631738921823397e-10,0
0.9385135173797607,6.798798191098854e-10,29.383650445452076,6.38076400428334e-10,0
0.9379804730415344,-4.093972730268014e-11,29.393685445604206,-3.840066478155934e-11,0
0.9410865306854248,4.204379344674436e-10,29.403720445756335,3.956684771165125e-10,0
0.9403634667396545,3.4686395422589555e-10,29.413800445909146,3.26178190482888e-10,0
0.9420230984687805,-4.311596080164293e-10,29.423835446061275,-4.0616230987822156e-10,0
0.9436221718788147,7.491650078073064e-10,29.433915446214087,7.069287117627397e-10,0
0.9429617524147034,4.85813125838952e-11,29.443950446366216,4.5810319648716296e-11,0
0.9460554718971252,3.745297127988323e-10,29.453985446518345,3.5432588418139407e-10,0
0.9454721212387085,4.0720909977309816e-10,29.464065446671157,3.85004851350176e-10,0
0.9468994140625,-5.092036237108744e-10,29.474100446823286,-4.821646129303287e-10,0
0.9487430453300476,8.251551664173462e-10,29.484180446976097,7.828602254566153e-10,0
0.947963535785675,7.153542341820085e-11,29.494215447128227,6.781297291744306e-11,0
0.950991690158844,2.954588240733358e-10,29.504295447281038,2.8097888647784615e-10,0
0.9505488872528076,4.68641569995043e-10,29.514330447433167,4.454667228791969e-10,0
0.951837420463562,-3.439339923971829e-10,29.524365447585296,-3.2736924413306894e-10,0
0.9538657665252686,9.167903658457988e-10,29.534445447738108,8.744949450604842e-10,0
0.952953040599823,1.312161074240592e-10,29.544480447890237,1.2504278854543023e-10,0
0.9559842348098755,2.574637447683159e-10,29.55456044804305,2.4613128103362356e-10,0
0.9556846022605896,4.984819224063131e-10,29.564595448195178,4.763914977489714e-10,0
0.9567322731018066,-3.0950281226793663e-10,29.574630448347307,-2.9611132911250474e-10,0
0.9589504599571228,8.497402226304018e-10,29.584710448500118,8.148587773354918e-10,0
0.9580270051956177,1.4498857670020016e-10,29.594745448652247,1.3890297192366787e-10,0
0.9609545469284058,2.5299370931541887e-10,29.60482544880506,2.4311545531093513e-10,0
0.9608448147773743,5.053681362277018e-10,29.614860448957188,4.85580353248093e-10,0
0.9616920948028564,-2.0741743045338268e-10,29.62494044911,-1.9947170319133938e-10,0
0.964066207408905,1.0034724162721886e-09,29.63497544926213,9.67413846594979e-10,0
0.9630452990531921,2.0007843992697616e-10,29.645010449414258,1.926846010135709e-10,0
0.9659169912338257,2.2840866698015105e-10,29.65509044956707,2.2062381238119638e-10,0
0.9659702181816101,5.329131025355593e-10,29.6651254497192,5.14778185928113e-10,0
0.966622531414032,-2.498825313335118e-10,29.67520544987201,-2.4154208499374533e-10,0
0.9691483974456787,9.34610056013696e-10,29.68524045002414,9.057758380222896e-10,0
0.9680615067481995,1.8171517068843457e-10,29.69527545017627,1.7591146193565222e-10,0
0.9708454012870789,1.9488356761687697e-10,29.70535545032908,1.892018154072645e-10,0
0.9710975885391235,5.857075380255594e-10,29.71539045048121,5.687791777658077e-10,0
0.9714987874031067,-2.6552757215192457e-10,29.72547045063402,-2.5795971436768564e-10,0
0.9741708040237427,8.382027849584972e-10,29.73550545078615,8.165526809579595e-10,0
0.9731682538986206,2.3287866079968467e-10,29.74558545093896,2.2663011970067827e-10,0
0.975817859172821,1.6806350755516064e-10,29.75562045109109,1.639993721475521e-10,0
0.976270318031311,5.811167103075832e-10,29.76565545124322,5.673269955852935e-10,0
0.9764811992645264,-2.2753247896911688e-10,29.77573545139603,-2.2218118793539388e-10,0
0.9793187975883484,8.313165711371084e-10,29.78577045154816,8.141239448612617e-10,0
0.9782468676567078,2.552287270418674e-10,29.79585045170097,2.4967670276471564e-10,0
0.9807514548301697,-1.5690197405215933e-11,29.8058854518531,-1.538818393173808e-11,0
0.9814183115959167,5.673442826648056e-10,29.81592045200523,5.568020679864901e-10,0
0.9814456105232239,-1.4260226333107084e-10,29.82600045215804,-1.3995636539695637e-10,0
0.9842938780784607,7.372047416964733e-10,29.83603545231017,7.256261141422516e-10,0
0.9833375811576843,2.8651880867869295e-10,29.846115452462982,2.8174471228228726e-10,0
0.985691487789154,-1.7636896110229117e-10,29.85615045261511,-1.7384538366874482e-10,0
0.9865562915802002,6.240046812600042e-10,29.866230452767923,6.156157442725546e-10,0
0.9863919615745544,-1.3589725178508871e-10,29.87626545292005,-1.3404795676088478e-10,0
0.9893760085105896,6.66046939823417e-10,29.88630045307218,6.589708628031852e-10,0
0.9884122610092163,3.4686395422589555e-10,29.896380453224992,3.4284458525901473e-10,0
0.9906275272369385,-2.406404797650197e-10,29.90641545337712,-2.3838508342273197e-10,0
0.9916691184043884,6.2847466120175e-10,29.916495453529933,6.232389132134361e-10,0
0.9913520216941833,-1.2127911175330297e-10,29.926530453682062,-1.202302926259117e-10,0
0.9944478869438171,6.017754072829007e-10,29.93656545383419,5.984342821872355e-10,0
0.9935510754585266,3.558039696205384e-10,29.946645453987003,3.5350941666889885e-10,0
0.9955428838729858,-3.16389053844901e-10,29.956680454139132,-3.1497887109059815e-10,0
0.9967576861381531,5.837745842285358e-10,29.966760454291943,5.818818038018977e-10,0
0.9963148236274719,-7.766630394367979e-11,29.976795454444073,-7.738008991544496e-11,0
0.9993832111358643,4.943743192598049e-10,29.986875454596884,4.940693946849708e-10,0
0.9986096620559692,3.6697900274162976e-10,29.996910454749013,3.664687779094555e-10,0
0.9991888999938965,-3.906878709436512e-10,30.006945454901143,-3.9037098400914424e-10,0
0.9986428022384644,7.417955694144496e-10,30.01698045505327,7.407888061281232e-10,0
0.9960422515869141,-5.5437057722151906e-11,30.027060455206083,-5.5217651794925905e-11,0
0.9971144795417786,3.915640589546854e-10,30.037095455358212,3.904341928518674e-10,0
0.9944087266921997,3.309169049892091e-10,30.04713045551034,3.2906665813124306e-10,0
0.9940320253372192,-4.71148065006588e-10,30.057210455663153,-4.683362652922105e-10,0
0.9936718344688416,7.601588247752034e-10,30.067245455815282,7.55348413902055e-10,0
0.9909415245056152,-6.26693662242328e-12,30.077325455968094,-6.2101677306041966e-12,0
0.9920395612716675,3.492801881055385e-10,30.087360456120223,3.464997645691039e-10,0
0.9894439578056335,3.40098532669586e-10,30.097395456272352,3.3650843820848374e-10,0
0.9888952374458313,-4.689130750357151e-10,30.107475456425163,-4.637059066788984e-10,0
0.9887399673461914,8.152487018797672e-10,30.117510456577293,8.060689748756259e-10,0
0.9859110116958618,5.6313217977610464e-11,30.127590456730104,5.5519821708155526e-11,0
0.9869924187660217,2.4369126161438714e-10,30.137625456882233,2.4052142773292735e-10,0
0.9845361113548279,4.161491429233166e-10,30.147705457035045,4.0971385891736663e-10,0
0.9837223887443542,-3.728078401543655e-10,30.157740457187174,-3.6673941905927584e-10,0
0.9837793111801147,8.45088998779886e-10,30.167775457339303,8.31381073105569e-10,0
0.9808864593505859,6.30182364624865e-11,30.177855457492115,6.181373483820638e-11,0
0.9818279147148132,2.391004338964109e-10,30.187890457644244,2.3475548041992015e-10,0
0.9795616865158081,4.340292014681779e-10,30.197970457797055,4.251583765872778e-10,0
0.9785880446434021,-3.944330417837705e-10,30.208005457949184,-3.8598745910192927e-10,0
0.9788207411766052,8.427935571653222e-10,30.218040458101314,8.249438142834283e-10,0
0.9758518934249878,7.866327728089928e-11,30.228120458254125,7.676370807758039e-11,0
0.9767602682113647,2.0696468150394054e-10,30.238155458406254,2.0215487781606864e-10,0
0.9746593832969666,5.033143346544477e-10,30.248235458559066,4.905600390188271e-10,0
0.9734482765197754,-2.957303568695835e-10,30.258270458711195,-2.8787820620927417e-10,0
0.9738558530807495,9.667457945283786e-10,30.268305458863324,9.414710504426611e-10,0
0.9708172678947449,1.5241846673674786e-10,30.278385459016135,1.479704794540756e-10,0
0.9716575741767883,1.587610459763411e-10,30.288420459168265,1.5426137280714116e-10,0
0.9697691202163696,4.876693493471862e-10,30.298500459321076,4.729266758729102e-10,0
0.9683806300163269,-2.7277624603527784e-10,30.308535459473205,-2.6415123298913094e-10,0
0.9689133167266846,8.966754005967914e-10,30.318615459626017,8.688007364194657e-10,0
0.9658035039901733,1.6105645983532924e-10,30.328650459778146,1.555488932492136e-10,0
0.9665775299072266,1.3810234900102358e-10,30.338685459930275,1.334866273717951e-10,0
0.9648267030715942,5.52484447080559e-10,30.348765460083087,5.330517475750684e-10,0
0.9632058143615723,-2.7277624603527784e-10,30.358800460235216,-2.627396662009024e-10,0
0.9639428853988647,8.117451710809576e-10,30.368880460388027,7.824759824203733e-10,0
0.9609127640724182,2.2762337847925806e-10,30.378915460540156,2.1872620978200606e-10,0
0.9615159034729004,1.036711758106712e-10,30.388950460692286,9.968148427369542e-11,0
0.959958553314209,5.457794771679403e-10,30.399030460845097,5.239256773307213e-10,0
0.958154559135437,-2.4523130748299593e-10,30.409065460997226,-2.3496949530757676e-10,0
0.9589824676513672,7.983351757445689e-10,30.419145461150038,7.655894368484146e-10,0
0.9559335708618164,2.597591308717284e-10,30.429180461302167,2.4831247353817324e-10,0
0.9564331769943237,-1.336622340586402e-10,30.439260461454978,-1.2783899516486414e-10,0
0.9550464153289795,5.030727501242893e-10,30.449295461607107,4.804578266558939e-10,0
0.9529901742935181,-2.2227719664869028e-10,30.459330461759237,-2.1182798437570994e-10,0
0.9539458751678467,7.08934910775838e-10,30.469410461912048,6.762855338970961e-10,0
0.9509297013282776,2.8959948328299845e-10,30.479445462064177,2.7538875014312523e-10,0
0.951248288154602,-2.118874242729163e-10,30.48952546221699,-2.015575496210995e-10,0
0.9501516222953796,6.017754072829007e-10,30.499560462369118,5.717778794873109e-10,0
0.9479676485061646,-1.970276719553965e-10,30.509595462521247,-1.867758588742012e-10,0
0.9489253163337708,5.815395387465117e-10,30.51967546267406,5.518375907656287e-10,0
0.9459916353225708,2.3221420619723432e-10,30.529710462826188,2.1967269666565435e-10,0
0.9461175203323364,-2.923476183358531e-10,30.539790462979,-2.765952037349816e-10,0
0.9452012777328491,5.742304964861944e-10,30.54982546313113,5.427633989919193e-10,0
0.9428305625915527,-1.4036725948241013e-10,30.55990546328394,-1.323425422272352e-10,0
0.9438787698745728,5.480144671388132e-10,30.56994046343607,5.172592211164525e-10,0
0.9410330653190613,3.033719664369272e-10,30.579975463588198,2.85483051508013e-10,0
0.9409686923027039,-4.2197795258047677e-10,30.59005546374101,-3.970680422202236e-10,0
0.9402529001235962,5.604580133322656e-10,30.60009046389314,5.269722724331719e-10,0
0.937739908695221,-8.672713242008356e-11,30.61017046404595,-8.13274932370075e-11,0
0.9388038516044617,4.3421041762137236e-10,30.62020546419808,4.076384124697262e-10,0
0.9360455870628357,2.9648572485996283e-10,30.63024046435021,2.775241543822943e-10,0
0.9357938170433044,-4.689130750357151e-10,30.64032046450302,-4.3880595634918527e-10,0
0.9352511167526245,6.84410250695322e-10,30.65035546465515,6.400954512797436e-10,0
0.9326431751251221,-1.2971954239937578e-11,30.66043546480796,-1.2098204589913172e-11,0
0.9337443113327026,3.40098532669586e-10,30.67047046496009,3.1756507017282526e-10,0
0.931053876876831,2.7310875783115307e-10,30.6805504651129,2.5427896778771066e-10,0
0.9306570291519165,-5.203181774326993e-10,30.69058546526503,-4.842377692232557e-10,0
0.9303789138793945,8.083624880583784e-10,30.70062046541716,7.520834136605991e-10,0
0.9276366829872131,-2.8616992456265145e-11,30.71070046556997,-2.65461719591999e-11,0
0.9286807775497437,3.309169049892091e-10,30.7207354657221,3.0731616862973337e-10,0
0.9261135458946228,3.200438802863914e-10,30.73081546587491,2.963969728139041e-10,0
0.9255005121231079,-4.2886422191301676e-10,30.74085046602704,-3.969140570117752e-10,0
0.9254058599472046,8.63452309651791e-10,30.75088546617917,7.990438271367156e-10,0
0.9225780963897705,9.378103328627763e-12,30.76096546633198,8.652032716671972e-12,0
0.9235883355140686,2.505775031913515e-10,30.77100046648411,2.3143045908977157e-10,0
0.9212151765823364,4.1838416064976514e-10,30.781080466636922,3.85421838432226e-10,0
0.9203546047210693,-4.6559076039009994e-10,30.79111546678905,-4.2850860024061254e-10,0
0.920447587966919,8.206851864756004e-10,30.801195466941863,7.553977003716475e-10,0
0.917551577091217,3.619816946187626e-11,30.811230467093992,3.3213687477559695e-11,0
0.9185287952423096,2.4598667547337527e-10,30.82126546724612,2.2594584466822037e-10,0
0.9162667989730835,4.6531925534942786e-10,30.831345467398933,4.2635658459955913e-10,0
0.9151901006698608,-3.5770644779553606e-10,30.841380467551062,-3.2736939996825497e-10,0
0.9154852032661438,8.765603243254816e-10,30.851460467703873,8.024780066901504e-10,0
0.9125121831893921,6.005836106215412e-11,30.861495467856003,5.480398617160303e-11,0
0.9134487509727478,1.564656459951408e-10,30.87153046800813,1.4292334890440547e-10,0
0.911342442035675,4.697892630467493e-10,30.881610468160943,4.281388942271646e-10,0
0.9100956320762634,-2.681854460728772e-10,30.891645468313072,-2.4407440305734983e-10,0
0.9105688333511353,9.033803705094101e-10,30.901725468465884,8.225900100470699e-10,0
0.907512366771698,1.748289291114702e-10,30.911760468618013,1.5865941523811172e-10,0
0.9083040952682495,1.412434336156565e-10,30.921840468770824,1.2829198918284994e-10,0
0.9064542055130005,5.211944209548847e-10,30.931875468922954,4.724388747644683e-10,0
0.9049785137176514,-3.2786609538426603e-10,30.941910469075083,-2.967117716992628e-10,0
0.9055503010749817,8.206851864756004e-10,30.951990469227894,7.431717177007574e-10,0
0.9025558233261108,1.6105645983532924e-10,30.962025469380023,1.4536244570866428e-10,0
0.9032315015792847,1.1665836352481307e-10,30.972105469532835,1.0536950885829896e-10,0
0.9015862941741943,5.627533994356781e-10,30.982140469684964,5.073707519311432e-10,0
0.8998860716819763,-2.86548701433631e-10,30.992175469837093,-2.578611852786817e-10,0
0.9005858898162842,8.273902118993703e-10,31.002255469989905,7.451359502086784e-10,0
0.8975231051445007,2.0926009536292867e-10,31.012290470142034,1.8781577057297008e-10,0
0.8980966806411743,5.854822876516508e-11,31.022370470294845,5.2581969911414877e-11,0
0.8966421484947205,5.512763578963131e-10,31.032405470446975,4.942976179584947e-10,0
0.8947998285293579,-2.5441296291894844e-10,31.042440470599104,-2.2764867559552095e-10,0
0.8956053853034973,7.156398806884567e-10,31.052520470751915,6.409309310825341e-10,0
0.8925665020942688,2.2762337847925806e-10,31.062555470904044,2.0316900272411123e-10,0
0.8929879069328308,-1.8283236036253925e-10,31.072635471056856,-1.6326708679973298e-10,0
0.891724705696106,5.145497916636543e-10,31.082670471208985,4.588367615372648e-10,0
0.8896569609642029,-1.8730236805986067e-10,31.092750471361796,-1.6663485554953422e-10,0
0.890625536441803,6.54569898284052e-10,31.102785471513926,5.829766667978902e-10,0
0.8875914216041565,2.3450960617843464e-10,31.112820471666055,2.0814871472774768e-10,0
0.8878511190414429,-2.14122428121577e-10,31.122900471818866,-1.9010883741961306e-10,0
0.8867907524108887,5.925938073580994e-10,31.132935471970995,5.255067083011222e-10,0
0.8845521807670593,-1.5601230030082291e-10,31.143015472123807,-1.3800102045757826e-10,0
0.8856009840965271,5.512763578963131e-10,31.153050472275936,4.882108850621242e-10,0
0.8826245665550232,2.2073713690229368e-10,31.163085472428065,1.9482801978098378e-10,0
0.8827464580535889,-3.3928276854666706e-10,31.173165472580877,-2.9950066221318593e-10,0
0.8818650245666504,5.214360054850431e-10,31.183200472733006,4.598361757870036e-10,0
0.8794755339622498,-1.7836235266521783e-10,31.193280472885817,-1.5686532534900555e-10,0
0.8805580139160156,5.742304964861944e-10,31.203315473037947,5.056432655158909e-10,0
0.877663791179657,2.6416874243651023e-10,31.213395473190758,2.318513399979899e-10,0
0.8775918483734131,-4.2197795258047677e-10,31.223430473342887,-3.7032441137792906e-10,0
0.8768940567970276,5.489809717929006e-10,31.233465473495016,4.813981514598512e-10,0
0.8743548393249512,-1.2025222484446374e-10,31.243545473647828,-1.05143114732349e-10,0
0.8754902482032776,4.410966314427611e-10,31.253580473799957,3.861757993434526e-10,0
0.8727274537086487,2.753437755576016e-10,31.26366047395277,2.403000721369113e-10,0
0.8724356293678284,-4.770678296850406e-10,31.273695474104898,-4.1621097224241233e-10,0
0.8719663023948669,7.532726109538146e-10,31.283730474257027,6.568283332687249e-10,0
0.8693223595619202,-3.7557013055078414e-11,31.293810474409838,-3.264915120713861e-11,0
0.8703916668891907,3.58461843541491e-10,31.303845474561967,3.1200220151625064e-10,0
0.8677288889884949,2.976938140442087e-10,31.31392547471478,2.583175225193288e-10,0
0.8672630190849304,-5.459301344323819e-10,31.323960474866908,-4.734650165972695e-10,0
0.8670234680175781,7.737500640203621e-10,31.33404047501972,6.708594638857574e-10,0
0.8642717003822327,-5.767206504025957e-11,31.34407547517185,-4.984433371689985e-11,0
0.8653506636619568,2.41395847755399e-10,31.354110475323978,2.0889205706037522e-10,0
0.8627223968505859,3.8485906128649106e-10,31.36419047547679,3.320265318027481e-10,0
0.8620923161506653,-4.839540990175806e-10,31.37422547562892,-4.1721311013267444e-10,0
0.862105131149292,8.56445303565323e-10,31.38430547578173,7.38345890752378e-10,0
0.859222948551178,7.383083727718898e-11,31.39434047593386,6.343714969930854e-11,0
0.8602520823478699,2.2532796462026994e-10,31.40437547608599,1.9383885077579436e-10,0
0.8578862547874451,4.0273909207577674e-10,31.4144554762388,3.455043313573841e-10,0
0.8569628596305847,-4.0820552493769924e-10,31.42449047639093,-3.498169739676147e-10,0
0.8571346998214722,7.849250693858778e-10,31.43457047654374,6.727865137304126e-10,0
0.8541552424430847,7.383083727718898e-11,31.44460547669587,6.306299671427329e-11,0
0.855180561542511,1.993535891919862e-10,31.45468547684868,1.704833143507178e-10,0
0.8529759645462036,4.697892630467493e-10,31.46472047700081,4.0071894978075114e-10,0
0.8518621921539307,-3.3934316467920667e-10,31.47475547715294,-2.890736121560813e-10,0
0.8521662354469299,8.34095181811989e-10,31.48483547730575,7.107877510891453e-10,0
0.8492171764373779,8.989870653453025e-11,31.49487047745788,7.634352572862623e-11,0
0.850051760673523,1.4794844516163863e-10,31.50495047761069,1.2576383629856108e-10,0
0.8480603694915771,5.145497916636543e-10,31.51498547776282,4.3636928644009274e-10,0
0.8467574119567871,-2.681854460728772e-10,31.52502047791495,-2.27088014241146e-10,0
0.84720379114151,9.190254113278229e-10,31.53510047806776,7.786018126323172e-10,0
0.8442214727401733,1.5187481827716454e-10,31.54513547821989,1.2821598275809404e-10,0
0.844987154006958,1.1442337355394017e-10,31.555215478372702,9.668628077121893e-11,0
0.8431532382965088,4.80118611534408e-10,31.56525047852483,4.048135620816597e-10,0
0.8416562080383301,-3.661028147305956e-10,31.575330478677643,-3.0813270679831237e-10,0
0.8422353863716125,8.251551664173462e-10,31.58536547882977,6.949748804040458e-10,0
0.8392011523246765,1.8860138450982333e-10,31.5954004789819,1.5827449921067314e-10,0
0.8399145603179932,1.3006840049456514e-10,31.605480479134712,1.0924634341265732e-10,0
0.83823162317276,5.489809717929006e-10,31.61551547928684,4.6017321107692226e-10,0
0.8365054130554199,-2.923476460914287e-10,31.625595479439653,-2.445503884494903e-10,0
0.8372724056243896,8.26725687907981e-10,31.635630479591782,6.921946055061936e-10,0
0.8341992497444153,2.115555092219168e-10,31.64566547974391,1.7647944707222072e-10,0
0.8347938060760498,7.14310034732879e-12,31.655745479896723,5.963015926129754e-12,0
0.8333553075790405,5.122543500490906e-10,31.665780480048852,4.268898814438614e-10,0
0.8313826322555542,-2.7893759524388884e-10,31.675860480201663,-2.3190387216889866e-10,0
0.8322911858558655,6.935919061312745e-10,31.685895480353793,5.772704300540286e-10,0
0.8292221426963806,2.1276361228395047e-10,31.695975480506604,1.7642829846591937e-10,0
0.8296810388565063,-2.476475136070633e-10,31.706010480658733,-2.0546844635973905e-10,0
0.8284358382225037,5.007773085097256e-10,31.716045480810863,4.148618693380638e-10,0
0.8262699246406555,-2.0294740887827345e-10,31.726125480963674,-1.676893402398673e-10,0
0.8272790312767029,6.522744566694882e-10,31.736160481115803,5.396129806400719e-10,0
0.8242637515068054,2.775787932840501e-10,31.746240481268615,2.2879813749104319e-10,0
0.8245331645011902,-2.9343491525501975e-10,31.756275481420744,-2.4194681925036e-10,0
0.823508083820343,5.742304964861944e-10,31.766310481572873,4.728834558325502e-10,0
0.821243405342102,-1.4707228490618007e-10,31.776390481725684,-1.2078214408779516e-10,0
0.8222380876541138,5.604580133322656e-10,31.786425481877814,4.608299250927459e-10,0
0.8192932605743408,2.2840866698015105e-10,31.796505482030625,1.8713368151360673e-10,0
0.8193625211715698,-3.255706815252779e-10,31.806540482182754,-2.6676041443409793e-10,0
0.8185062408447266,5.443901440749244e-10,31.816575482334883,4.4558673037968544e-10,0
0.8161005973815918,-1.7836235266521783e-10,31.826655482487695,-1.4556162256047042e-10,0
0.8171682953834534,5.030726946131381e-10,31.836690482639824,4.1109505631097865e-10,0
0.814322829246521,2.976938140442087e-10,31.846770482792635,2.4241886890166773e-10,0
0.8142062425613403,-4.4493209117035804e-10,31.856805482944765,-3.622664861467769e-10,0
0.8135432004928589,6.217696912891313e-10,31.866885483097576,5.058365046208167e-10,0
0.8109890222549438,-9.373418013991497e-11,31.876920483249705,-7.601739110353842e-11,0
0.8121088147163391,3.928929959151617e-10,31.886955483401834,3.190718652230134e-10,0
0.8093644380569458,2.954588240733358e-10,31.897035483554646,2.3913386511508143e-10,0
0.8090705871582031,-5.069081820963106e-10,31.907070483706775,-4.101245005239594e-10,0
0.8086088299751282,7.402249369015124e-10,31.917150483859587,5.98552420146345e-10,0
0.8059912919998169,-3.175807880562154e-11,31.927185484011716,-2.5596734967974904e-11,0
0.8070574998855591,3.1484900797629223e-10,31.937220484163845,2.5410125321879486e-10,0
0.8044160008430481,2.753437755576016e-10,31.947300484316656,2.2149093879107169e-10,0
0.8038896918296814,-5.436347483289694e-10,31.957335484468786,-4.370223703020816e-10,0
0.8036885261535645,7.893951048387748e-10,31.967415484621597,6.344277883607134e-10,0
0.8008782863616943,-1.7985612998927536e-11,31.977450484773726,-1.4404286917745699e-11,0
0.8019809126853943,2.552287270418674e-10,31.987530484926538,2.0468856745656818e-10,0
0.7994662523269653,3.860067543381973e-10,31.997565485078667,3.0859937326365417e-10,0
0.7987520098686218,-3.944330417837705e-10,32.007600485230796,-3.1505418488338076e-10,0
0.7987441420555115,8.229202319576245e-10,32.01768048538361,6.573027146551153e-10,0
0.7958291172981262,3.710425369729542e-11,32.02771548553574,2.952864546792435e-11,0
0.7969002723693848,1.7700352294980348e-10,32.03779548568855,1.4105415564903904e-10,0
0.7945529222488403,4.5257367298212614e-10,32.04783048584068,3.5959373440083936e-10,0
0.7936163544654846,-3.9213762792478235e-10,32.05786548599281,-3.112068347224084e-10,0
0.7937977313995361,8.184501409935763e-10,32.06794548614562,6.496838651843313e-10,0
0.7908149361610413,1.185473334081033e-11,32.07798048629775,9.374900190119089e-12,0
0.7917795181274414,2.0605858686018053e-10,32.08806048645056,1.6315296861017527e-10,0
0.7896602153778076,4.640507700326424e-10,32.09809548660269,3.6644243101021386e-10,0
0.7884685397148132,-3.0128766148607156e-10,32.1081754867555,-2.375558424860138e-10,0
0.7888253331184387,8.698552989017116e-10,32.11821048690763,6.861638959209818e-10,0
0.785829484462738,7.842165805627133e-11,32.12824548705976,6.162605112107282e-11,0
0.786716878414154,1.5241846673674786e-10,32.13832548721257,1.1991018036380585e-10,0
0.7847117781639099,4.709369560984555e-10,32.1483604873647,3.695497762231182e-10,0
0.783393919467926,-3.1693270230448434e-10,32.15844048751751,-2.482831518658714e-10,0
0.7838905453681946,9.162468006529423e-10,32.16847548766964,7.182372042556984e-10,0
0.7807926535606384,1.6105645983532924e-10,32.17851048782177,1.257517006479091e-10,0
0.7816081643104553,9.877833273552739e-11,32.18859048797458,7.720595132306292e-11,0
0.779843807220459,5.489809717929006e-10,32.19862548812671,4.28119411134563e-10,0
0.7782451510429382,-3.437527762439885e-10,32.20870548827952,-2.6752393126943216e-10,0
0.7789010405540466,7.831129078539334e-10,32.21874048843165,6.09967458798734e-10,0
0.7758380770683289,1.7253351525248206e-10,32.22882048858446,1.3385807070332487e-10,0
0.7765054702758789,1.032483334939549e-10,32.23885548873659,8.017289575492423e-11,0
0.7749139666557312,5.466855301783369e-10,32.24889048888872,4.236342527037865e-10,0
0.7731744647026062,-2.923476460914287e-10,32.25897048904153,-2.2603573477380736e-10,0
0.773897111415863,7.831129078539334e-10,32.26900548919366,6.06048817300636e-10,0
0.7708595991134644,2.395836862234546e-10,32.27908548934647,1.8468538431633825e-10,0
0.7714415192604065,-4.323513422277436e-11,32.2891204894986,-3.335337763024465e-11,0
0.7700377106666565,5.007773085097256e-10,32.29915548965073,3.8561741219863904e-10,0
0.7680516839027405,-2.722325975756945e-10,32.30923548980354,-2.0908870498122928e-10,0
0.7689879536628723,6.591607260020282e-10,32.31927048995567,5.06886657823233e-10,0
0.7659152150154114,2.2393864540504183e-10,32.32935049010848,1.7151801574566257e-10,0
0.7663099765777588,-1.9473227197419618e-10,32.33938549026061,-1.4922528277548003e-10,0
0.7650794982910156,5.346044718024245e-10,32.34946549041342,4.090149210707324e-10,0
0.7629449963569641,-1.8283237424032706e-10,32.35950049056555,-1.3949104509872142e-10,0
0.7639325261116028,6.224341597693694e-10,32.36953549071768,4.754977000107674e-10,0
0.7609367966651917,2.3511365077055757e-10,32.37961549087049,1.7890662826960665e-10,0
0.7611495852470398,-3.324569231022423e-10,32.38965049102262,-2.530494491317787e-10,0
0.760181188583374,5.256644008966305e-10,32.39973049117543,3.9960018906956777e-10,0
0.7578335404396057,-1.8325521655704335e-10,32.40976549132756,-1.3887694956745082e-10,0
0.7589060068130493,5.329130470244081e-10,32.41980049147969,4.0443091249586834e-10,0
0.755940318107605,2.6416874243651023e-10,32.4298804916325,1.996958031915415e-10,0
0.7559912800788879,-3.508202062185717e-10,32.43991549178463,-2.6521701677671745e-10,0
0.7552087903022766,5.100194155893689e-10,32.44999549193744,3.851711458779214e-10,0
0.7527576088905334,-1.7407356112109085e-10,32.46003049208957,-1.3103519764057247e-10,0
0.7538338899612427,4.51909204501888e-10,32.470110492242384,3.4066447353894894e-10,0
0.750991940498352,2.8651878092311733e-10,32.48014549239451,2.151732952746741e-10,0
0.7508639097213745,-4.747724435816281e-10,32.49018049254664,-3.5648949321567195e-10,0
0.7502403259277344,6.418847120492899e-10,32.500260492699454,4.815677955758892e-10,0
0.7476775646209717,-7.76663108825737e-11,32.51029549285158,-5.806935817377797e-11,0
0.7487852573394775,3.558039696205384e-10,32.520375493004394,2.664207669547225e-10,0
0.7460514307022095,2.8959948328299845e-10,32.53041049315652,2.160561088339016e-10,0
0.7456870675086975,-5.092036237108744e-10,32.54044549330865,-3.7970655692976417e-10,0
0.7453039884567261,7.111699007467109e-10,32.550525493461464,5.300377634968977e-10,0
0.7426097989082336,-4.3235137692221315e-11,32.56056049361359,-3.2106836907390263e-11,0
0.743718683719635,2.954588240733358e-10,32.570640493766405,2.197382477331725e-10,0
0.7410557270050049,2.9648572485996283e-10,32.580675493918534,2.197124443827056e-10,0
0.7405555844306946,-5.367485345075806e-10,32.59071049407066,-3.974921246645802e-10,0
0.7403315305709839,8.206851864756004e-10,32.600790494223475,6.075791202204146e-10,0
0.7375421524047852,2.3331786155877943e-11,32.610825494375604,1.7208175780854386e-11,0
0.7386259436607361,2.0829359070884124e-10,32.620905494528415,1.53851049995801e-10,0
0.736152708530426,3.9977923749212607e-10,32.630940494680544,2.9429856849405705e-10,0
0.7353410720825195,-3.839828732754569e-10,32.641020494833356,-2.823583776957007e-10,0
0.735442578792572,8.083624880583784e-10,32.651055494985485,5.945041928168335e-10,0
0.7325093746185303,2.1036377501060244e-11,32.661090495137614,1.540934372754096e-11,0
0.7335813641548157,1.814735445249127e-10,32.671170495290426,1.3312561035059515e-10,0
0.7312023043632507,4.296195899033961e-10,32.681205495442555,3.14138834136958e-10,0
0.730250358581543,-3.7504285788081404e-10,32.691285495595366,-2.738751814509111e-10,0
0.7304778099060059,8.473844403944497e-10,32.701320495747495,6.18995530167764e-10,0
0.727493166923523,7.383083033829507e-11,32.711355495899625,5.37114245793996e-11,0
0.7284145355224609,2.0829359070884124e-10,32.721435496052436,1.5172407912848617e-10,0
0.7262992858886719,4.80118611534408e-10,32.731470496204565,3.487098046993012e-10,0
0.7251817584037781,-2.8340760294121026e-10,32.74155049635738,-2.055220238459066e-10,0
0.7255623936653137,9.300192282957198e-10,32.751585496509506,6.747869774370103e-10,0
0.7224900722503662,1.23363388948583e-10,32.76166549666232,8.912882379451177e-11,0
0.7233516573905945,1.1744363814791825e-10,32.77170049681445,8.495305030427791e-11,0
0.7214003801345825,5.076635223311143e-10,32.781735496966576,3.66228657990127e-10,0
0.7200329303741455,-2.6329258218105167e-10,32.79181549711939,-1.8957932949359816e-10,0
0.7205543518066406,8.519752126012747e-10,32.801850497271516,6.138944470712364e-10,0
0.7175156474113464,1.6582850370649993e-10,32.81193049742433,1.1898454619622416e-10,0
0.7182818651199341,1.036711758106712e-10,32.82196549757646,7.44651255204655e-11,0
0.7165446877479553,5.214360054850431e-10,32.832000497728586,3.736321997308213e-10,0
0.7149482369422913,-3.437527762439885e-10,32.8420804978814,-2.457654413196575e-10,0
0.715585470199585,8.198394740865922e-10,32.85211549803353,5.866652155524345e-10,0
0.7125492095947266,1.8594353834444632e-10,32.86219549818634,1.3249392127658196e-10,0
0.71319979429245,9.44895342525065e-11,32.87223049833847,6.738991639167704e-11,0
0.711611270904541,5.68129543410123e-10,32.88231049849128,4.0428738642449424e-10,0
0.7097894549369812,-2.69997579849246e-10,32.89234549864341,-1.9164143503550037e-10,0
0.710612416267395,7.808175217505209e-10,32.90238049879554,5.548586257950569e-10,0
0.7075507044792175,1.993535891919862e-10,32.91246049894835,1.4105277247325036e-10,0
0.7080888152122498,-1.1668828403532672e-10,32.92249549910048,-8.262566879172497e-11,0
0.706714928150177,5.211944209548847e-10,32.93257549925329,3.683358777574044e-10,0
0.7047151923179626,-2.3834509366160717e-10,32.94261049940542,-1.6796540851778231e-10,0
0.7056393623352051,6.43092856744687e-10,32.95264549955755,4.537916333556463e-10,0
0.7025482058525085,2.619337247100617e-10,32.96272549971036,1.8402106834731874e-10,0
0.7029181718826294,-2.429358936240078e-10,32.97276049986249,-1.707640542308605e-10,0
0.7017625570297241,5.077843701073448e-10,32.9828405000153,3.563440579862581e-10,0
0.6995424628257751,-1.419378087286205e-10,32.99287550016743,-9.929152428611299e-11,0
0.7005820870399475,5.56954482533456e-10,33.00295550032024,3.901923337595426e-10,0
0.6975777745246887,2.0605861461575614e-10,33.01299050047237,1.4374190980529967e-10,0
0.6977640390396118,-3.691835170904767e-10,33.0230255006245,-2.576029820319006e-10,0
0.6968122124671936,5.144893400199635e-10,33.03310550077731,3.58502455310097e-10,0
0.6944974064826965,-1.3734698101064424e-10,33.04314050092944,-9.53871221001206e-11,0
0.6955535411834717,5.815395387465117e-10,33.05322050108225,4.044918855133389e-10,0
0.6926119327545166,2.505774754357759e-10,33.06325550123438,1.7355294956632016e-10,0
0.6926407217979431,-4.3804584959339365e-10,33.07329050138651,-3.034083934429614e-10,0
0.6918737888336182,5.457794771679403e-10,33.08337050153932,3.7761051473581404e-10,0
0.6893947124481201,-1.511194502867852e-10,33.09340550169145,-1.0418094997577626e-10,0
0.6905249953269958,4.0720909977309816e-10,33.10348550184426,2.811880617179288e-10,0
0.6876882910728455,2.299187923382462e-10,33.11352050199639,1.5811246138862096e-10,0
0.6874886155128479,-4.46563036549108e-10,33.1236005021492,-3.0700700373635956e-10,0
0.68692946434021,6.910548244754011e-10,33.13363550230133,4.747059204066051e-10,0
0.6843187212944031,-7.078007624450322e-11,33.14367050245346,-4.84361312687588e-11,0
0.6854142546653748,3.4462893649944704e-10,33.15375050260627,2.3621358564688926e-10,0
0.682719349861145,2.6434995858970467e-10,33.1637855027584,1.8047683186418378e-10,0
0.682275652885437,-5.180831874618264e-10,33.17386550291121,-3.5347554497448583e-10,0
0.6819412708282471,7.555679970572271e-10,33.18390050306334,5.152530001103587e-10,0
0.679269552230835,-2.9462671885527314e-11,33.19393550321547,-2.001309593920615e-11,0
0.6803416013717651,2.775787932840501e-10,33.20401550336828,1.8884840072971282e-10,0
0.6777401566505432,3.4468936038756226e-10,33.21405050352041,2.33609821104842e-10,0
0.6771208643913269,-5.292582483384933e-10,33.22413050367322,-3.5837180260120016e-10,0
0.6770403385162354,7.968853910078622e-10,33.23416550382535,5.395235548866056e-10,0
0.6741846799850464,4.960819949273443e-11,33.24424550397816,3.34450880996435e-11,0
0.675244927406311,2.2393864540504183e-10,33.25428050413029,1.512134343599951e-10,0
0.6727877259254456,4.1584710674946734e-10,33.26431550428242,2.7977682928265014e-10,0
0.6719640493392944,-4.3985801112533807e-10,33.27439550443523,-2.955687702901106e-10,0
0.672073483467102,8.244303573157197e-10,33.28443050458736,5.540777821172034e-10,0
0.6691781878471375,5.854822182627117e-11,33.294510504740174,3.9179192983376365e-11,0
0.6701797246932983,1.6335187369431736e-10,33.3045455048923,1.0947511374059205e-10,0
0.6678847074508667,4.319149760068086e-10,33.31458050504443,2.884694073939555e-10,0
0.6668793559074402,-3.638678247597227e-10,33.324660505197244,-2.426559406112052e-10,0
0.6671560406684875,8.427935571653222e-10,33.33469550534937,5.62274812699327e-10,0
0.6641436219215393,2.6730870121560724e-12,33.344775505502184,1.7753136899647597e-12,0
0.6650893688201904,1.403977628600117e-10,33.354810505654314,9.337705948433196e-11,0
0.6629610657691956,5.030727501242893e-10,33.36484550580644,3.3351764658183905e-10,0
0.6617345809936523,-2.8117261297033735e-10,33.374925505959254,-1.8606164123081657e-10,0
0.6621562242507935,8.955880481664735e-10,33.38496050611138,5.930192004580499e-10,0
0.6591491103172302,8.760329961443603e-11,33.395040506264195,5.7743637001709264e-11,0
0.6599578261375427,9.219412039351838e-11,33.405075506416324,6.084423127756928e-11,0
0.6580949425697327,4.876693493471862e-10,33.415155506569135,3.209327324516554e-10,0
0.6566624045372009,-3.7377434480845295e-10,33.425190506721265,-2.4544356001623556e-10,0
0.6572263836860657,8.037716048292509e-10,33.435225506873394,5.28259905151474e-10,0
0.6541566252708435,8.983831040199064e-11,33.445305507026205,5.876832595260071e-11,0
0.6549127697944641,8.071707191525945e-11,33.455340507178335,5.286264113772152e-11,0
0.6531625390052795,5.144893400199635e-10,33.465420507331146,3.3604516361858993e-10,0
0.6515308618545532,-2.957303568695835e-10,33.475455507483275,-1.9267745428779432e-10,0
0.652265727519989,8.175441434943309e-10,33.485490507635404,5.33256025536036e-10,0
0.6491621732711792,1.9264856376821626e-10,33.495570507788216,1.2506016033334662e-10,0
0.6498018503189087,9.55932121654568e-12,33.505605507940345,6.211664614304184e-12,0
0.6482863426208496,5.211944209548847e-10,33.515685508093156,3.378832249552337e-10,0
0.6464343070983887,-2.9343494301059536e-10,33.525720508245286,-1.8968641406350938e-10,0
0.6472621560096741,7.446949723544094e-10,33.5358005083981,4.820128733756797e-10,0
0.6442462801933289,2.115555092219168e-10,33.545835508550226,1.3629384987062537e-10,0
0.6447423696517944,-1.6718731954412647e-10,33.555870508702355,-1.0779274857861186e-10,0
0.6433419585227966,4.876693493471862e-10,33.56595050885517,3.137381543205567e-10,0
0.6412883996963501,-2.3145885208464279e-10,33.575985509007296,-1.4843187684891478e-10,0
0.6422075629234314,6.172996558362343e-10,33.58606550916011,3.9643450756806095e-10,0
0.6392238140106201,2.0696468150394054e-10,33.59610050931224,1.3229675307644212e-10,0
0.6395469903945923,-2.4752672134198406e-10,33.606135509464366,-1.583049696765068e-10,0
0.6384075880050659,5.077843701073448e-10,33.61621550961718,3.241733949469017e-10,0
0.6361960172653198,-1.5571027800476145e-10,33.62625050976931,-9.906225871390496e-11,0
0.6372030973434448,6.195346458071072e-10,33.63633050992212,3.947693952198627e-10,0
0.634242594242096,2.5287288929476404e-10,33.64636551007425,1.6038275731980547e-10,0
0.6344012022018433,-3.70572822427917e-10,33.65644551022706,-2.3509184405160073e-10,0
0.6334912776947021,5.100193600782177e-10,33.66648051037919,3.230928160649845e-10,0
0.6310768127441406,-2.337542659436309e-10,33.67651551053132,-1.4751689711705281e-10,0
0.6321665048599243,4.92139329288932e-10,33.68659551068413,3.1111399970069153e-10,0
0.6292716264724731,2.3680502003742276e-10,33.69663051083626,1.4901468011579562e-10,0
0.6292322874069214,-4.108028917038098e-10,33.70671051098907,-2.5849044322016604e-10,0
0.6284997463226318,5.397993163569481e-10,33.7167455111412,3.39263733395472e-10,0
0.6259803175926208,-1.2127911175330297e-10,33.72678051129333,-7.591833689268355e-11,0
0.6271119117736816,4.139141529524437e-10,33.73686051144614,2.5957049576819105e-10,0
0.6243273615837097,2.873040694240103e-10,33.74689551159827,1.7937179163575533e-10,0
0.6240895390510559,-4.75618100459485e-10,33.75697551175108,-2.9682828108009883e-10,0
0.623553454875946,7.096597753886158e-10,33.76701051190321,4.4251080473005925e-10,0
0.6209229230880737,-9.790216554117492e-11,33.77709051205602,-6.078969880447882e-11,0
0.622043251991272,2.9322380634688727e-10,33.78712551220815,1.8239789006127673e-10,0
0.6193317174911499,2.8271324170603407e-10,33.79716051236028,1.7509327754328867e-10,0
0.6189066767692566,-5.963083915538903e-10,33.80724051251309,-3.6905924494623886e-10,0
0.6186257004737854,7.532726109538146e-10,33.81727551266522,4.659937965990208e-10,0
0.6158642768859863,-1.7441962804620736e-11,33.82735551281803,-1.074188181014002e-11,0
0.6169625520706177,2.2073713690229368e-10,33.83739051297016,1.3618654732000043e-10,0
0.6143937110900879,3.378031465661735e-10,33.84742551312229,2.0754412883670021e-10,0
0.6137538552284241,-4.46563036549108e-10,33.8575055132751,-2.740797852845267e-10,0
0.6137082576751709,7.808175217505209e-10,33.86754051342723,4.79194160835757e-10,0
0.6108236908912659,3.6198172931323214e-11,33.87762051358004,2.2110701593431158e-11,0
0.6119154095649719,2.1844172304330556e-10,33.88765551373217,1.3366785642212249e-10,0
0.609484851360321,4.116791074704196e-10,33.89773551388498,2.509121796247583e-10,0
0.6086511611938477,-4.4432799106708387e-10,33.90777051403711,-2.7044074771391017e-10,0
0.6087640523910522,8.336120127516722e-10,33.91780551418924,5.074730270045695e-10,0
0.6057750582695007,4.960819949273443e-11,33.92788551434205,3.0051409938356215e-11,0
0.6067858934402466,1.656472875533055e-10,33.93792051449418,1.0051243737398591e-10,0
0.6045826077461243,4.6084921989653083e-10,33.94800051464699,2.7862142314281166e-10,0
0.6034842729568481,-3.967284556427586e-10,33.95803551479912,-2.3941938361486335e-10,0
0.6037971377372742,8.404982265730609e-10,33.96807051495125,5.074904234780692e-10,0
0.600782573223114,1.23363388948583e-10,33.97815051510406,7.411457425405357e-11,0
0.6016976237297058,8.53078857554479e-11,33.98818551525619,5.132955214445822e-11,0
0.5996602773666382,4.831993138942892e-10,33.998265515409,2.897554345932187e-10,0
0.5984001159667969,-2.8425328757464285e-10,34.00830051556113,-1.7009720024860955e-10,0
0.5988425016403198,9.123204414152042e-10,34.01838051571394,5.463362554346817e-10,0
0.5957921147346497,1.1218835582749165e-10,34.02841551586607,6.68409377670646e-11,0
0.596609354019165,6.69446026391185e-11,34.0384505160182,3.993977613559418e-11,0
0.5947299003601074,5.122544055602418e-10,34.04853051617101,3.046530115778687e-10,0
0.5932438969612122,-3.5770644779553606e-10,34.05856551632314,-2.1220716705837621e-10,0
0.5938440561294556,8.095101255989334e-10,34.068645516475954,4.807227764635356e-10,0
0.5907676219940186,1.6794270141229362e-10,34.07868051662808,9.92151103445922e-11,0
0.59151691198349,9.44895342525065e-11,34.08871551678021,5.589215751580085e-11,0
0.589873731136322,4.876693493471862e-10,34.09879551693302,2.876633386602472e-10,0
0.5881473422050476,-3.0032115683198413e-10,34.10883051708515,-1.7663309019867674e-10,0
0.5888736248016357,7.938650847805206e-10,34.118910517237964,4.674862100781631e-10,0
0.5858151912689209,1.7023811527128174e-10,34.12894551739009,9.972807405890652e-11,0
0.5864144563674927,-1.967696144911102e-11,34.139025517542905,-1.1538854651144549e-11,0
0.584933340549469,5.278993908675034e-10,34.149060517695034,3.087859541741586e-10,0
0.5830075740814209,-2.498221352009722e-10,34.15909551784716,-1.4564819699535954e-10,0
0.583881139755249,6.977598498991711e-10,34.169175517999975,4.074088164345795e-10,0
0.5808318853378296,2.5287288929476404e-10,34.179210518152104,1.4687663703990206e-10,0
0.581283688545227,-1.9847740118095203e-10,34.189290518304915,-1.153716758513346e-10,0
0.5800250172615051,5.007773085097256e-10,34.199325518457044,2.9046336701252365e-10,0
0.5779398679733276,-2.1309556896831339e-10,34.209360518609174,-1.2315642499524817e-10,0
0.5788846611976624,5.815395387465117e-10,34.219440518761985,3.3664431886031924e-10,0
0.5758794546127319,2.482820615767878e-10,34.229475518914114,1.4298053821096527e-10,0
0.576154887676239,-2.4317750590974185e-10,34.239555519066926,-1.4010790860281527e-10,0
0.5751075148582458,5.237314470996068e-10,34.249590519219055,3.0120189099456774e-10,0
0.5728206634521484,-1.6489191956292615e-10,34.259625519371184,-9.445349876193365e-11,0
0.5738680958747864,5.7259957886302e-10,34.269705519523995,3.285966300208259e-10,0
0.5708940625190735,2.758270278846453e-10,34.279740519676125,1.5746801250162692e-10,0
0.5710081458091736,-4.0409789403561547e-10,34.289820519828936,-2.307431891986687e-10,0
0.5702003836631775,4.984819224063131e-10,34.299855519981065,2.84234583405238e-10,0
0.5677472949028015,-1.89537399664097e-10,34.30993552013388,-1.0760934594220223e-10,0
0.5687883496284485,4.5945994231466614e-10,34.319970520286006,2.613354623095411e-10,0
0.5659869313240051,2.4369126161438714e-10,34.330005520438135,1.379260693516023e-10,0
0.5658573508262634,-4.3762299339888955e-10,34.34008552059095,-2.47632187705355e-10,0
0.5651800036430359,5.994800211794882e-10,34.350120520743076,3.3881412055415036e-10,0
0.562648594379425,-8.225712472276214e-11,34.36020052089589,-4.628185560295517e-11,0
0.5637432336807251,3.8830216819718544e-10,34.370235521048016,2.1890271994471813e-10,0
0.5609418153762817,2.6205454473071654e-10,34.380270521200146,1.4699735204885316e-10,0
0.560686469078064,-5.583132844932948e-10,34.39035052135296,-3.1303870412192204e-10,0
0.5602564215660095,6.637515537200045e-10,34.400385521505086,3.7187107029604865e-10,0
0.5575939416885376,-8.896214320763818e-11,34.4104655216579,-4.9604752092207133e-11,0
0.5586878657341003,2.8959948328299845e-10,34.42050052181003,1.6179571723307667e-10,0
0.5560387372970581,2.8204880098137153e-10,34.43058052196284,1.5683005915383107e-10,0
0.5555476546287537,-5.739583253117075e-10,34.44061552211497,-3.1886120148156634e-10,0
0.5552730560302734,7.372047416964733e-10,34.4506505222671,4.093499298418091e-10,0
0.5525193214416504,-1.2971954239937578e-11,34.46073052241991,-7.16725535442245e-12,0
0.5535810589790344,2.046692676449524e-10,34.47076552257204,1.1330102992335618e-10,0
0.5510562658309937,3.4909894419676846e-10,34.48084552272485,1.9237316059461366e-10,0
0.5503761768341064,-4.26568780298453e-10,34.49088052287698,-2.347732944574505e-10,0
0.5503741502761841,7.762266940325446e-10,34.50091552302911,4.272151071498533e-10,0
0.54747474193573,-2.191197397138911e-11,34.51099552318192,-1.1996252295288685e-11,0
0.5485360026359558,2.0696468150394054e-10,34.52103052333405,1.1352757907899528e-10,0
0.5461258888244629,4.317941559861538e-10,34.53111052348686,2.35813967227147e-10,0
0.5452755093574524,-4.770678296850406e-10,34.54114552363899,-2.6013340382956485e-10,0
0.5454144477844238,7.893951048387748e-10,34.5512255237918,4.3054749518936773e-10,0
0.542454183101654,8.089828112955999e-11,34.56126052394393,4.388361100446342e-11,0
0.5434353351593018,1.6105645983532924e-10,34.57129552409606,8.752377123018277e-11,0
0.5412195920944214,4.317941559861538e-10,34.58137552424887,2.336954569715811e-10,0
0.5401234030723572,-2.7507165989426596e-10,34.591410524401,-1.4857264103085296e-10,0
0.5405001044273376,8.430351972066319e-10,34.60149052455381,4.556606121261057e-10,0
0.5374454855918884,8.989871347342415e-11,34.61152552470594,4.8315657716810486e-11,0
0.5383923053741455,1.9778303994577584e-10,34.62156052485807,1.0648486684031297e-10,0
0.5363393425941467,4.3849920916549934e-10,34.63164052501088,2.3518437757187715e-10,0
0.5350433588027954,-3.622972755135123e-10,34.64167552516301,-1.938447511758514e-10,0
0.5355196595191956,8.653853189599658e-10,34.65175552531582,4.6343085136235136e-10,0
0.5324538946151733,1.128528173688359e-10,34.66179052546795,6.008892212633155e-11,0
0.5332709550857544,1.0101332964529419e-10,34.67187052562076,5.386747477633818e-11,0
0.5314310789108276,4.787292784413921e-10,34.68190552577289,2.5441161694831103e-10,0
0.5299221277236938,-3.806605586298417e-10,34.69194052592502,-2.0172045316961563e-10,0
0.530563235282898,8.34095181811989e-10,34.70202052607783,4.425402381960459e-10,0
0.5274912118911743,1.840105706696349e-10,34.71205552622996,9.706395892331228e-11,0
0.5281862616539001,9.877833273552739e-11,34.72213552638277,5.217335829998328e-11,0
0.526556670665741,4.5257367298212614e-10,34.7321705265349,2.3830568647643414e-10,0
0.5247659087181091,-2.98025742972996e-10,34.74220552668703,-1.5639374983261387e-10,0
0.5255427360534668,7.491650078073064e-10,34.75228552683984,3.9371822795856864e-10,0
0.5225119590759277,1.3810234900102358e-10,34.76232052699197,7.216012892951232e-11,0
0.5230615139007568,-7.778711008654682e-11,34.77240052714478,-4.068744356383401e-11,0
0.5216227769851685,5.397993163569481e-10,34.78243552729691,2.8157161841280674e-10,0
0.5196623802185059,-2.2082745354534694e-10,34.79251552744972,-1.1475572012696652e-10,0
0.5205722451210022,6.798798191098854e-10,34.80255052760185,3.539265638464939e-10,0
0.5175080895423889,1.9319221222779959e-10,34.81258552775398,9.997853266447631e-11,0
0.5179307460784912,-2.0741743045338268e-10,34.82266552790679,-1.0742786450440405e-10,0
0.5167114734649658,5.053681362277018e-10,34.83270052805892,2.611295143124594e-10,0
0.5146217942237854,-2.3870749821242043e-10,34.84278052821173,-1.2284408102474685e-10,0
0.5155279040336609,5.696396687682181e-10,34.85281552836386,2.9366514449450834e-10,0
0.5125452876091003,2.3221420619723432e-10,34.86285052851599,1.190202971022804e-10,0
0.5128039717674255,-3.0128766148607156e-10,34.8729305286688,-1.545015094545771e-10,0
0.511707603931427,5.650488410502419e-10,34.88296552882093,2.8913978855804903e-10,0
0.5094930529594421,-1.5601230030082291e-10,34.893045528973744,-7.948718317949156e-11,0
0.5104910731315613,5.329131025355593e-10,34.90308052912587,2.7204738159924744e-10,0
0.5075809955596924,2.194686377077204e-10,34.913160529278684,1.1139810962181417e-10,0
0.5076832175254822,-3.884528809727783e-10,34.923195529430814,-1.9721100846930324e-10,0
0.5068003535270691,4.870048253557968e-10,34.93323052958294,2.4681421765970637e-10,0
0.5043702125549316,-1.9847740118095203e-10,34.943310529735754,-1.0010608902098722e-10,0
0.5054953694343567,4.5257367298212614e-10,34.95334552988788,2.2877389602036359e-10,0
0.502590537071228,2.79813783254923e-10,34.963425530040695,1.4063175960602395e-10,0
0.5025107264518738,-4.518183049917468e-10,34.973460530192824,-2.2704354466565695e-10,0
0.5018417239189148,5.420947024603606e-10,34.98349553034495,2.7204574001001856e-10,0
0.4992835521697998,-8.896214320763818e-11,34.993575530497765,-4.441733486934802e-11,0
0.5004338622093201,3.561664296825029e-10,35.003610530649894,1.7823774199531914e-10,0
0.4976521134376526,2.4852370161809745e-10,35.013690530802705,1.2367834534959476e-10,0
0.4973277151584625,-5.459301344323819e-10,35.023725530954835,-2.715061863934088e-10,0
0.4969530999660492,6.890010784132983e-10,35.033760531106964,3.424012217974395e-10,0
0.49424296617507935,-8.449212857142285e-11,35.043840531259775,-4.17596402435862e-11,0
0.4953537583351135,2.9648572485996283e-10,35.053875531411904,1.46865318102093e-10,0
0.492707759141922,3.1110386489174857e-10,35.063955531564716,1.532832881312047e-10,0
0.49217766523361206,-5.665888314076994e-10,35.073990531716845,-2.7886236818968216e-10,0
0.4920022785663605,7.916300392984965e-10,35.084070531869656,3.8948378311643777e-10,0
0.4891827702522278,-8.684794550184449e-11,35.094105532021786,-4.2484518571306794e-11,0
0.490312784910202,2.597591308717284e-10,35.104140532173915,1.273632228635708e-10,0
0.4877372980117798,3.51333961923217e-10,35.114220532326726,1.7135867728820337e-10,0
0.4869987964630127,-4.4722747727377055e-10,35.124255532478855,-2.1779924317751562e-10,0
0.4870639145374298,7.938650847805206e-10,35.13433553263167,3.86663035807789e-10,0
0.484119176864624,6.924000955921272e-11,35.144370532783796,3.352041643390476e-11,0
0.48515862226486206,1.9548762608678771e-10,35.154405532935925,9.484250734209443e-11,0
0.4828190207481384,4.139141529524437e-10,35.16448553308874,1.9984562600229406e-10,0
0.4819248914718628,-4.426366773113699e-10,35.174520533240866,-2.133176326747479e-10,0
0.48207545280456543,7.938650847805206e-10,35.18460053339368,3.827028702113042e-10,0
0.47916051745414734,-4.213146758552666e-12,35.19463553354581,-2.018773580938359e-12,0
0.48013538122177124,1.613584821313907e-10,35.20471553369862,7.747391633152164e-11,0
0.47790080308914185,4.640507700326424e-10,35.21475053385075,2.2177023567273448e-10,0
0.47673577070236206,-3.3934316467920667e-10,35.224785534002876,-1.6177702514592016e-10,0
0.4771430790424347,8.877353852021486e-10,35.23486553415569,4.23576795070275e-10,0
0.4741319417953491,5.77629541420599e-11,35.24490053430782,2.7387261611210563e-11,0
0.47499656677246094,1.1218836276638555e-10,35.25498053446063,5.3289087145856525e-11,0
0.4730265438556671,4.548691145966899e-10,35.26501553461276,2.151651651843596e-10,0
0.4717174470424652,-3.6459268937250044e-10,35.27505053476489,-1.7198473264114245e-10,0
0.47217464447021484,8.318602473522674e-10,35.2851305349177,3.9278331654246183e-10,0
0.46910327672958374,1.564656459951408e-10,35.29516553506983,7.339854723193162e-11,0
0.469917893409729,8.089828112955999e-11,35.30524553522264,3.801554984887086e-11,0
0.4680926501750946,5.306176609209956e-10,35.31528053537477,2.4837822713021856e-10,0
0.4665408432483673,-3.9515787864097263e-10,35.32536053552758,-1.8435728991739536e-10,0
0.46720826625823975,7.849250693858778e-10,35.33539553567971,3.667234808104045e-10,0
0.4640849828720093,1.748289291114702e-10,35.34543053583184,8.113548057222837e-11,0
0.46480920910835266,1.0771834813017023e-10,35.35551053598465,5.006848020084262e-11,0
0.46318957209587097,5.306176609209956e-10,35.36554553613678,2.457765673085079e-10,0
0.461416095495224,-3.303427253964486e-10,35.37562553628959,-1.5242545052768029e-10,0
0.46224069595336914,7.440909555178621e-10,35.38566053644172,3.43949121131184e-10,0
0.4591449201107025,1.656472875533055e-10,35.39569553659385,7.605611061021702e-11,0
0.45969244837760925,-9.119714011740498e-11,35.40577553674666,-4.192263662560579e-11,0
0.4582618474960327,4.663461838916305e-10,35.41581053689879,2.137086638029032e-10,0
0.45630937814712524,-2.4541252363619037e-10,35.4258905370516,-1.119840360499467e-10,0
0.4572182297706604,6.24729545872782e-10,35.43592553720373,2.8563773704938195e-10,0
0.4541749060153961,1.7476851910114277e-10,35.44600553735654,7.937547573721148e-11,0
0.4545556604862213,-2.14122428121577e-10,35.45604053750867,-9.733056173971688e-11,0
0.45337116718292236,5.007773085097256e-10,35.4660755376608,2.2703799285777668e-10,0
0.45119863748550415,-2.118874381507041e-10,35.47615553781361,-9.560332339389172e-11,0
0.4522143304347992,6.24729545872782e-10,35.48619053796574,2.8251165328969626e-10,0
0.4492184519767761,2.2170364155638111e-10,35.49627053811855,9.959336665757158e-11,0
0.44942522048950195,-3.186844399483135e-10,35.50630553827068,-1.4322482469034425e-10,0
0.4484063386917114,5.076635778422656e-10,35.51634053842281,2.2763956622738494e-10,0
0.4461340308189392,-1.6495231569546576e-10,35.52642053857562,-7.359084149413631e-11,0
0.4471733570098877,5.397993163569481e-10,35.53645553872775,2.4138387240697887e-10,0
0.4442460536956787,2.1052860843528975e-10,35.54653553888056,9.352650348742025e-11,0
0.44427311420440674,-3.9213762792478235e-10,35.55657053903269,-1.7421620515487199e-10,0
0.4434984624385834,5.010793446835748e-10,35.5666505391855,2.222279189268984e-10,0
0.4410313069820404,-1.8059735651387854e-10,35.57668553933763,-7.964908818081736e-11,0
0.44212833046913147,4.319149760068086e-10,35.58672053948976,1.9096184724650527e-10,0
0.4392656087875366,2.596987069836132e-10,35.59680053964257,1.1407671062449294e-10,0
0.43913131952285767,-4.793632712996043e-10,35.6068355397947,-2.1050342585658885e-10,0
0.4385240375995636,6.32944696654647e-10,35.61691553994751,2.775614639542268e-10,0
0.43596550822257996,-6.508558015455579e-12,35.62695054009964,-2.837506803004238e-12,0
0.4370791018009186,3.033719664369272e-10,35.63698554025177,1.3259754660183056e-10,0
0.4342951476573944,2.4405369392077603e-10,35.64706554040458,1.0599133503765596e-10,0
0.43395861983299255,-5.597026175863107e-10,35.65710054055671,-2.428877754446686e-10,0
0.4335936903953552,6.664697682623455e-10,35.66718054070952,2.889770863578076e-10,0
0.43088752031326294,-6.159842774744462e-11,35.67721554086165,-2.6541993787292102e-11,0
0.4320123493671417,2.8204880098137153e-10,35.687295541014464,1.218485651481477e-10,0
0.4293327331542969,2.79813783254923e-10,35.69733054116659,1.2013321633908012e-10,0
0.42881885170936584,-6.147924946908745e-10,35.70736554131872,-2.636346116128772e-10,0
0.4286452829837799,7.826900794150049e-10,35.717445541471534,3.3549641057944195e-10,0
0.42580127716064453,7.263909525961898e-12,35.72748054162366,3.092981953333948e-12,0
0.4268955886363983,1.7029849752603354e-10,35.737560541776475,7.269967734527031e-11,0
0.4244139492511749,3.9748382363313794e-10,35.747595541928604,1.6869767935159757e-10,0
0.4236811399459839,-4.587045465687112e-10,35.75763054208073,-1.943444651886372e-10,0
0.42367884516716003,7.916300392984965e-10,35.767710542233544,3.353969008496205e-10,0
0.42081180214881897,2.6730865784752034e-12,35.777745542385674,1.1248663803879707e-12,0
0.4218510091304779,1.971185853433255e-10,35.787825542538485,8.315467414545409e-11,0
0.41950884461402893,4.181425483640311e-10,35.797860542690614,1.754144973481604e-10,0
0.41854962706565857,-4.059100833231355e-10,35.80789554284274,-1.6989351399708876e-10,0
0.4188026487827301,8.005701102042906e-10,35.817975542995555,3.3528088268983904e-10,0
0.41577082872390747,9.678494117260072e-11,35.828010543147684,4.0240355199326836e-11,0
0.4167403280735016,1.1665836352481307e-10,35.838090543300495,4.861624468784841e-11,0
0.41459548473358154,4.181425483640311e-10,35.848125543452625,1.7336001252672053e-10,0
0.41341933608055115,-3.1916772003093286e-10,35.858205543605436,-1.3195010691353149e-10,0
0.41383183002471924,8.703385234731797e-10,35.868240543757565,3.6017378390991804e-10,0
0.41077721118927,8.989870653453025e-11,35.878275543909695,3.692833995977694e-11,0
0.41165563464164734,6.30182364624865e-11,35.888355544062506,2.594181212496228e-11,0
0.4096883237361908,4.640507700326424e-10,35.898390544214635,1.9011618210316182e-10,0
0.408328652381897,-3.1916772003093286e-10,35.90847054436745,-1.303253250040334e-10,0
0.4088752567768097,8.221349157011559e-10,35.918505544519576,3.361506247624909e-10,0
0.40574243664741516,1.495794044181764e-10,35.928540544671705,6.069071202090003e-11,0
0.40658900141716003,1.2783341052369224e-10,35.938620544824516,5.1975658732577903e-11,0
0.40480172634124756,4.847094392523843e-10,35.948655544976646,1.9621121778326323e-10,0
0.4031798541545868,-3.459877662148614e-10,35.95873554512946,-1.3949529712177908e-10,0
0.40390223264694214,7.555679970572271e-10,35.968770545281586,3.0517560092799223e-10,0
0.4007888436317444,2.194686377077204e-10,35.9788505454344,8.796058152031151e-11,0
0.4014774560928345,2.1036375766336768e-11,35.98888554558653,8.445630628081837e-12,0
0.3999234139919281,5.214360054850431e-10,35.998920545738656,2.0853446749189218e-10,0
0.3980851471424103,-2.744675875465674e-10,36.00900054589147,-1.0926146997429766e-10,0
0.3989209830760956,7.785220801359571e-10,36.0190355460436,3.105687935542829e-10,0
0.3958163857460022,1.971185853433255e-10,36.02911554619641,7.802276601395998e-11,0
0.39639946818351746,-1.2127911175330297e-10,36.03915054634854,-4.807497540077868e-11,0
0.3950017988681793,4.824139976378206e-10,36.04918554650067,1.9055439686612873e-10,0
0.39296841621398926,-2.6552757215192457e-10,36.05926554665348,-1.0434394948968756e-10,0
0.39389029145240784,5.994800211794882e-10,36.06930054680561,2.361293602622842e-10,0
0.3908679783344269,2.0829359070884124e-10,36.07938054695842,8.141529470038334e-11,0
0.3912370502948761,-1.9932308581438463e-10,36.08941554711055,-7.79825761496923e-11,0
0.39005228877067566,5.211944209548847e-10,36.09949554726336,2.0329307678795976e-10,0
0.3878677189350128,-2.3647250824154753e-10,36.10953054741549,-9.172005236249006e-11,0
0.38890284299850464,5.604580133322656e-10,36.11956554756762,2.1796371476621192e-10,0
0.38587552309036255,2.3064367082881176e-10,36.12964554772043,8.899974712854913e-11,0
0.38607877492904663,-3.898422140657942e-10,36.13968054787256,-1.5050980442214898e-10,0
0.3850978910923004,4.854343038651621e-10,36.14976054802537,1.8693972668233285e-10,0
0.3827318549156189,-2.1080015510932526e-10,36.1597955481775,-8.067993438149223e-11,0
0.38387835025787354,5.168451777670668e-10,36.16983054832963,1.98405674179959e-10,0
0.380854994058609,1.8594353834444632e-10,36.17991054848244,7.081752519141084e-11,0
0.38092872500419617,-3.990238417461711e-10,36.18994554863457,-1.519996432826451e-10,0
0.3801494836807251,5.52484447080559e-10,36.20002554878738,2.100266772993054e-10,0
0.3776662051677704,-1.6259650570393802e-10,36.21006054893951,-6.1407205282746e-11,0
0.3788287341594696,4.273242037999836e-10,36.22014054909232,1.61882687201251e-10,0
0.37595269083976746,2.5299370931541887e-10,36.23017554924445,9.511366578266567e-11,0
0.37579306960105896,-4.839540990175806e-10,36.24021054939658,-1.8186659641583144e-10,0
0.3751971125602722,6.754098391681396e-10,36.25029054954939,2.534118214506838e-10,0
0.37259641289711,-3.4053492664609664e-11,36.26032554970152,-1.2688209213451608e-11,0
0.37371599674224854,3.200438802863914e-10,36.27040554985433,1.1960551772248563e-10,0
0.37100324034690857,2.758270001290697e-10,36.28044055000646,1.0233271082305202e-10,0
0.3706512451171875,-5.459301344323819e-10,36.29047555015859,-2.0234968407435591e-10,0
0.3702707886695862,6.888198345045282e-10,36.3005555503114,2.550498633732455e-10,0
0.36756575107574463,-8.914335936083262e-11,36.31059055046353,-3.276604583687945e-11,0
0.36869746446609497,2.1276361228395047e-10,36.32067055061634,7.844540437973983e-11,0
0.36603844165802,2.9878113871895096e-10,36.33070555076847,1.0936538241349352e-10,0
0.3654787242412567,-5.069081820963106e-10,36.34078555092128,-1.8526415570001425e-10,0
0.3653284013271332,7.893951048387748e-10,36.35082055107341,2.883884516662143e-10,0
0.3624836206436157,-2.028102859263914e-11,36.36085555122554,-7.35154067463653e-12,0
0.3635847568511963,2.2840866698015105e-10,36.37093555137835,8.304590964668409e-11,0
0.36110246181488037,3.768251266578204e-10,36.38097055153048,1.3607248090984306e-10,0
0.3603399097919464,-5.136132075200806e-10,36.39105055168329,-1.8507533686573808e-10,0
0.36041906476020813,7.050689476706395e-10,36.40108555183542,2.5412029071091603e-10,0
0.35744473338127136,-2.028102338846871e-11,36.41112055198755,-7.249344997790527e-12,0
0.358502060174942,1.971185853433255e-10,36.42120055214036,7.066741894435232e-11,0
0.356197327375412,4.2732414828883236e-10,36.43123555229249,1.5221171954345632e-10,0
0.35519513487815857,-4.018629318203182e-10,36.4413155524453,-1.4273975827045016e-10,0
0.3554131090641022,8.473844403944497e-10,36.45135055259743,3.0117153853313574e-10,0
0.35241326689720154,5.184320681084209e-11,36.461430552750244,1.827023387863611e-11,0
0.3534214198589325,8.760329961443603e-11,36.47146555290237,3.0960882534061454e-11,0
0.3512860834598541,4.4339201754617363e-10,36.4815005530545,1.5575744528115826e-10,0
0.3500964343547821,-3.102276768807144e-10,36.491580553207314,-1.0860960351410558e-10,0
0.3505162298679352,8.657477512663547e-10,36.50161555335944,3.0345863779052556e-10,0
0.34742480516433716,8.983831040199064e-11,36.511695553512254,3.121205748770484e-11,0
0.34827056527137756,1.1055741738763558e-10,36.52173055366438,3.850389424853547e-11,0
0.3463582992553711,4.709369560984555e-10,36.53176555381651,1.6311292317076242e-10,0
0.3449957072734833,-3.7951283782255985e-10,36.541845553969324,-1.309302999039608e-10,0
0.34550201892852783,8.565660958304022e-10,36.55188055412145,2.959453154551308e-10,0
0.34243232011795044,9.430831809931206e-11,36.561960554274265,3.229421617316913e-11,0
0.34321311116218567,4.85813125838952e-11,36.571995554426394,1.6673743436261312e-11,0
0.34145429730415344,4.96609364741829e-10,36.582075554579205,1.6956940167258327e-10,0
0.3398469090461731,-2.923476460914287e-10,36.592110554731335,-9.935344389109658e-11,0
0.3405269384384155,8.083624325472272e-10,36.602145554883464,2.7526918430393745e-10,0
0.33744585514068604,1.4794844516163863e-10,36.612225555036275,4.992458959430404e-11,0
0.3381248116493225,4.628590219435402e-11,36.622260555188404,1.5650411961484917e-11,0
0.33653193712234497,5.144893400199635e-10,36.632340555341216,1.7314209422571512e-10,0
0.3347614109516144,-2.9113952915160723e-10,36.642375555493345,-9.74622795625807e-11,0
0.335570365190506,6.935919061312745e-10,36.652410555645474,2.3274888923365094e-10,0
0.33247944712638855,1.5688847443406928e-10,36.662490555798286,5.21621932403419e-11,0
0.3330344557762146,-1.3046075331146767e-10,36.672525555950415,-4.344792597923962e-11,0
0.3316296637058258,5.033143346544477e-10,36.682605556103226,1.6691396353977597e-10,0
0.32962578535079956,-2.5441296291894844e-10,36.692640556255355,-8.386107270558223e-11,0
0.3305355906486511,6.339112013087345e-10,36.702675556407485,2.0953021334337853e-10,0
0.32750698924064636,1.9488356761687697e-10,36.712755556560296,6.38257304826793e-11,0
0.3278946876525879,-2.406405075205953e-10,36.722790556712425,-7.890474405002582e-11,0
0.3267013132572174,5.189593754728605e-10,36.73287055686524,1.6954470949412892e-10,0
0.3245210349559784,-1.9014144425621993e-10,36.742905557017366,-6.170489827805296e-11,0
0.32555091381073,5.547194925625831e-10,36.75298555717018,1.8058943771237337e-10,0
0.3225511312484741,2.0696468150394054e-10,36.76302055732231,6.675669214757617e-11,0
0.3227631747722626,-3.622972755135123e-10,36.773055557474436,-1.1693621885608234e-10,0
0.3217669427394867,5.256644008966305e-10,36.78313555762725,1.6914142718349267e-10,0
0.3194100856781006,-2.06209327391349e-10,36.793170557779376,-6.586533892969428e-11,0
0.32050633430480957,5.077843701073448e-10,36.80325055793219,1.627481070803818e-10,0
0.31754517555236816,2.1614633693989305e-10,36.81328555808432,6.863622650857966e-11,0
0.31760692596435547,-3.96728427887183e-10,36.823320558236446,-1.2600369642391966e-10,0
0.31679052114486694,4.943743192598049e-10,36.83340055838926,1.5661309823895243e-10,0
0.3143402934074402,-1.4882405030558488e-10,36.84343555854139,-4.678139563914119e-11,0
0.31547975540161133,4.496742145310151e-10,36.8535155586942,1.4186311121065634e-10,0
0.3126092255115509,2.6434995858970467e-10,36.86355055884633,8.263823581873813e-11,0
0.31243136525154114,-4.5773804191462375e-10,36.87363055899914,-1.4301172136295306e-10,0
0.3118441104888916,6.664697682623455e-10,36.88366555915127,2.0783467205150885e-10,0
0.3092458248138428,-1.143928840541264e-10,36.8937005593034,-3.53755217821526e-11,0
0.31040510535240173,2.8651880867869295e-10,36.90378055945621,8.893690099335432e-11,0
0.30761969089508057,2.1614633693989305e-10,36.91381555960834,6.649086935755383e-11,0
0.3072645366191864,-5.940734015830174e-10,36.92389555976115,-1.8253768845518967e-10,0
0.3069363236427307,6.912964645167108e-10,36.93393055991328,2.1218399536597665e-10,0
0.30417400598526,-5.700760696836227e-11,36.94396556006541,-1.7340232183199975e-11,0
0.3053104281425476,2.8428379095224443e-10,36.95404556021822,8.679480592961625e-11,0
0.30269402265548706,2.873040694240103e-10,36.96408056037035,8.696522449924501e-11,0
0.3021337687969208,-5.717233353408346e-10,36.97416056052316,-1.7273692601567214e-10,0
0.3020106554031372,7.785220801359571e-10,36.98419556067529,2.351219636676741e-10,0
0.299127459526062,-5.096704308593658e-11,36.9942755608281,-1.5245642117851553e-11,0
0.300237774848938,1.971185853433255e-10,37.00431056098023,5.918244544485053e-11,0
0.2977374494075775,3.492801881055385e-10,37.01434556113236,1.0399379233514193e-10,0
0.2969789206981659,-4.5326803421730233e-10,37.02442556128517,-1.3461105158883377e-10,0
0.297031432390213,8.129532602652034e-10,37.0344605614373,2.41472671362867e-10,0
0.2941209077835083,1.831812479480277e-11,37.04454056159011,5.3877434935389825e-12,0
0.2951212525367737,1.9548762608678771e-10,37.05457556174224,5.7692553066173263e-11,0
0.29283440113067627,4.204379344674436e-10,37.06461056189437,1.2311869075239236e-10,0
0.29184815287590027,-4.085679294885125e-10,37.07469056204718,-1.1923979554555344e-10,0
0.2920769155025482,8.129532602652034e-10,37.08472556219931,2.374448807060009e-10,0
0.2890663146972656,2.7258148863062992e-11,37.09480556235212,7.87941263731508e-12,0
0.29007411003112793,1.1744363814791825e-10,37.10484056250425,3.406735881457521e-11,0
0.2879159152507782,4.4520420683369366e-10,37.11492056265706,1.2818137668401967e-10,0
0.28675344586372375,-3.1916772003093286e-10,37.12495556280919,-9.152244352733824e-11,0
0.2871223986148834,8.726339650877435e-10,37.13499056296132,2.5055275716880935e-10,0
0.2840577960014343,6.078323261382579e-11,37.14507056311413,1.7265951090125856e-11,0
0.28493642807006836,7.61262441972832e-11,37.15510556326626,2.1691140103963643e-11,0
0.2829815447330475,4.6084921989653083e-10,37.16518556341907,1.3041182413534018e-10,0
0.2816039025783539,-3.255706815252779e-10,37.1752205635712,-9.168197448261264e-11,0
0.2821740508079529,8.198394740865922e-10,37.18525556372333,2.3133742541527543e-10,0
0.2790713310241699,1.390084297669958e-10,37.19533556387614,3.879326751865536e-11,0
0.27986252307891846,6.464918878013037e-11,37.20537056402827,1.8092885087012593e-11,0
0.2780592143535614,5.010793446835748e-10,37.21545056418108,1.3932972891151222e-10,0
0.2764744460582733,-3.6459268937250044e-10,37.22548556433321,-1.0080056183115817e-10,0
0.27718937397003174,8.050401456571876e-10,37.23556556448602,2.23148573995459e-10,0
0.27409088611602783,1.7029851140382135e-10,37.24560056463815,4.6677269894913865e-11,0
0.27477216720581055,2.333178789060142e-11,37.25563556479028,6.410925923486839e-12,0
0.2731749713420868,5.167243855019876e-10,37.26571556494309,1.4115616920126288e-10,0
0.2713264226913452,-3.0032115683198413e-10,37.27575056509522,-8.14850651417487e-11,0
0.27223899960517883,7.066998652938139e-10,37.285830565248034,1.9239126434870254e-10,0
0.269105464220047,1.7712434297045831e-10,37.29586556540016,4.7665128539736e-11,0
0.2696221172809601,-1.5341486414577332e-10,37.30590056555229,-4.136404049335425e-11,0
0.2683047652244568,4.764942884705192e-10,37.315980565705104,1.2784568819887725e-10,0
0.2662402093410492,-3.0261657069097225e-10,37.32601556585723,-8.056869913083486e-11,0
0.2672184705734253,5.971846350760757e-10,37.336095566010044,1.5957876483497805e-10,0
0.2641468346118927,2.0237385378596429e-10,37.346130566162174,5.3456412885772464e-11,0
0.2645288407802582,-2.521175213043847e-10,37.356210566314985,-6.669235565104093e-11,0
0.2633102536201477,5.189593754728605e-10,37.366245566467114,1.3664732477431237e-10,0
0.26116013526916504,-1.4652863644659675e-10,37.37628056661924,-3.8267438515199514e-11,0
0.2621939182281494,5.971845795649244e-10,37.386360566772055,1.5657816482155758e-10,0
0.2591799795627594,2.0237385378596429e-10,37.396395566924184,5.245125128828308e-11,0
0.259365975856781,-3.661028147305956e-10,37.406475567076996,-9.495461380651522e-11,0
0.258428692817688,4.961864807917493e-10,37.416510567229125,1.2822882362482063e-10,0
0.2560842037200928,-2.3145885208464279e-10,37.426545567381254,-5.927295583006248e-11,0
0.2571553587913513,4.96609364741829e-10,37.436625567534065,1.277057593693301e-10,0
0.2541760802268982,2.3450960617843464e-10,37.446660567686195,5.96067324739881e-11,0
0.25424724817276,-4.108028917038098e-10,37.456740567839006,-1.0444550475710598e-10,0
0.25344330072402954,5.145497916636543e-10,37.466775567991135,1.304091975860983e-10,0
0.2509588301181793,-1.878460303972318e-10,37.476810568143264,-4.7141620030833244e-11,0
0.2520967423915863,4.295591660152809e-10,37.486890568296076,1.0829046641689892e-10,0
0.24928124248981476,2.230325507612818e-10,37.496925568448205,5.559783136944501e-11,0
0.24906235933303833,-4.77853090430358e-10,37.507005568601016,-1.1901521811716867e-10,0
0.24849700927734375,6.935919061312745e-10,37.517040568753146,1.7235551433259386e-10,0
0.2458856701850891,-5.990706541947333e-11,37.52712056890596,-1.4730288929489175e-11,0
0.247025266289711,2.689407863076809e-10,37.537155569058086,6.643516935381914e-11,0
0.2443082183599472,2.597591308717284e-10,37.547190569210215,6.346129046600033e-11,0
0.2439175695180893,-5.650183099170647e-10,37.55727056936303,-1.3781789288818895e-10,0
0.24356308579444885,6.637515537200045e-10,37.567305569515156,1.6166537662490418e-10,0
0.24082505702972412,-9.119714705629889e-11,37.57738556966797,-2.1962558140781317e-11,0
0.24193695187568665,2.41395847755399e-10,37.5874205698201,5.840257560138855e-11,0
0.2393166422843933,3.217352495532566e-10,37.597455569972226,7.699659962761672e-11,0
0.23875470459461212,-5.650183099170647e-10,37.60753557012504,-1.3490077967479578e-10,0
0.2386394441127777,8.359073433439335e-10,37.61757057027717,1.994804637453851e-10,0
0.23579449951648712,2.9493150977000226e-11,37.62765057042998,6.9543227737859616e-12,0
0.2368568778038025,2.1614633693989305e-10,37.63768557058211,5.119574651631177e-11,0
0.23442360758781433,3.736840281653997e-10,37.64776557073492,8.760035798047942e-11,0
0.23362112045288086,-4.6559076039009994e-10,37.65780057088705,-1.0877183511484393e-10,0
0.2337014079093933,8.060670464438147e-10,37.66783557103918,1.883790036232858e-10,0
0.2307739555835724,-6.266935755061542e-12,37.67791557119199,-1.446245553583674e-12,0
0.23178711533546448,1.656472875533055e-10,37.68795057134412,3.839490694512487e-11,0
0.22948525846004486,4.2285416834708656e-10,37.69803057149693,9.703879811403848e-11,0
0.22846078872680664,-3.898422140657942e-10,37.70806557164906,-8.906365970447594e-11,0
0.22872425615787506,8.152487018797672e-10,37.71810057180119,1.8646715292112299e-10,0
0.22571735084056854,7.866327728089928e-11,37.728180571954,1.7755666556281667e-11,0
0.22666998207569122,1.220344658658945e-10,37.73821557210613,2.766155019043886e-11,0
0.22455890476703644,4.116791074704196e-10,37.74829557225894,9.244620948902851e-11,0
0.22336424887180328,-3.0950281226793663e-10,37.75833057241107,-6.913186318593841e-11,0
0.22380733489990234,9.056154159914342e-10,37.76841057256388,2.026833726973093e-10,0
0.2207048386335373,8.760329961443603e-11,37.77844557271601,1.9334472105169523e-11,0
0.22166813910007477,1.220344658658945e-10,37.78848057286814,2.705115295456443e-11,0
0.21965062618255615,4.96609364741829e-10,37.79856057302095,1.0908055793366417e-10,0
0.21826770901679993,-3.439339923971829e-10,37.80859557317308,-7.50696845735346e-11,0
0.21884693205356598,8.318601363299649e-10,37.81867557332589,1.8205003873347396e-10,0
0.21573179960250854,1.1055741738763558e-10,37.82871057347802,2.3850750612440293e-11,0
0.21655720472335815,9.559319481822204e-12,37.83874557363015,2.070139506040957e-12,0
0.21475233137607574,4.988443547127019e-10,37.84882557378296,1.0712798816834684e-10,0
0.21314853429794312,-3.531156200775598e-10,37.85886057393509,-7.526607685724121e-11,0
0.213844433426857,8.005701102042906e-10,37.8689405740879,1.7119746163511299e-10,0
0.21071554720401764,1.9319221222779959e-10,37.87897557424003,4.07086027151355e-11,0
0.21142134070396423,3.619816946187626e-11,37.88905557439284,7.653065518659175e-12,0
0.20986808836460114,4.6531925534942786e-10,37.89909057454497,9.765566259942413e-11,0
0.20803141593933105,-2.5441296291894844e-10,37.9091255746971,-5.292588890934937e-11,0
0.20888802409172058,7.312849215068695e-10,37.91920557484991,1.5275666230163896e-10,0
0.205787792801857,1.8630598452862301e-10,37.92924057500204,3.833949734192225e-11,0
0.2063066065311432,-1.6048230799814434e-10,37.93932057515485,-3.31085603713829e-11,0
0.20490474998950958,5.122543500490906e-10,37.94935557530698,1.0496334952784763e-10,0
0.20287519693374634,-2.1309556896831339e-10,37.95939057545911,-4.3231805520155303e-11,0
0.20384544134140015,6.374147321075441e-10,37.96947057561192,1.2993408738397266e-10,0
0.2008374035358429,2.1614633693989305e-10,37.97950557576405,4.3410269094791566e-11,0
0.20119187235832214,-2.297674828177776e-10,37.98958557591686,-4.6227350075167285e-11,0
0.20001405477523804,4.961864807917493e-10,37.99962057606899,9.924426994781354e-11,0
0.19781678915023804,-1.9847740118095203e-10,38.0097005762218,-3.9262162220499593e-11,0
0.19880487024784088,5.770695032936146e-10,38.01973557637393,1.1472422772627304e-10,0
0.195821151137352,2.3680502003742276e-10,38.02977057652606,4.637143161883183e-11,0
0.19603705406188965,-3.70572822427917e-10,38.03985057667887,-7.26460044241686e-11,0
0.19505542516708374,5.191406193816306e-10,38.049885576831,1.0126119423498715e-10,0
0.1927160918712616,-1.8730238193764848e-10,38.059965576983814,-3.609618304520199e-11,0
0.19374629855155945,4.663461838916305e-10,38.07000057713594,9.035284697264829e-11,0
0.19086867570877075,2.5287288929476404e-10,38.08003557728807,4.8265513502342204e-11,0
0.19089023768901825,-3.839828732754569e-10,38.09011557744088,-7.329858194806414e-11,0
0.19010090827941895,4.571645007001024e-10,38.10015057759301,8.690738681619652e-11,0
0.18765343725681305,-1.7836236654300563e-10,38.110230577745824,-3.34703111590546e-11,0
0.1887320876121521,3.9977920973655046e-10,38.12026557789795,7.545116483751557e-11,0
0.18589776754379272,2.574637447683159e-10,38.130345578050765,4.786193537589477e-11,0
0.18574343621730804,-5.024381466434136e-10,38.140380578202894,-9.332458784420336e-11,0
0.1851896196603775,6.499790705660757e-10,38.15041557835502,1.2036937686533723e-10,0
0.18256476521492004,-9.34321509049596e-11,38.160495578507835,-1.705741869348893e-11,0
0.1837076097726822,3.033719664369272e-10,38.170530578659964,5.573173882616626e-11,0
0.1809273213148117,2.0605858686018053e-10,38.180610578812775,3.728162815452792e-11,0
0.18058709800243378,-5.895429699975807e-10,38.190645578964904,-1.0646385409959898e-10,0
0.1802598237991333,7.211368169279808e-10,38.200680579117034,1.2999199555450567e-10,0
0.17750415205955505,-6.661208390434936e-11,38.210760579269845,-1.1823921470361469e-11,0
0.17862136662006378,2.299187923382462e-10,38.220795579421974,4.1068408899092185e-11,0
0.17601101100444794,3.1110386489174857e-10,38.230875579574786,5.475770578698784e-11,0
0.17538148164749146,-5.574071759717469e-10,38.240910579726915,-9.775889640286898e-11,0
0.17529091238975525,7.601588247752034e-10,38.250945579879044,1.3324893395596948e-10,0
0.17245353758335114,-1.96769701227284e-11,38.261025580031855,-3.3933631065864193e-12,0
0.17355364561080933,1.748289291114702e-10,38.271060580183985,3.03421980055294e-11,0
0.1710626184940338,3.602739773178598e-10,38.281140580336796,6.162940993525325e-11,0
0.1702767163515091,-4.311596080164293e-10,38.291175580488925,-7.341644227644137e-11,0
0.1703631579875946,7.893951048387748e-10,38.30125558064174,1.34483842960282e-10,0
0.16743203997612,2.5627198280142593e-11,38.311290580793866,4.290814086916788e-12,0
0.16846328973770142,1.7712434297045831e-10,38.321325580945995,2.9838949509432316e-11,0
0.1661563366651535,4.295591660152809e-10,38.33140558109881,7.137397740603758e-11,0
0.1651575267314911,-4.2886422191301676e-10,38.341440581250936,-7.083015419477919e-11,0
0.16540876030921936,7.69280028567465e-10,38.35152058140375,1.2724565585598524e-10,0
0.1624075472354889,3.710425369729542e-11,38.361555581555876,6.026010834981069e-12,0
0.16337908804416656,1.0596658966965933e-10,38.371590581708006,1.7312724783379343e-11,0
0.16121797263622284,4.474392245601422e-10,38.38167058186082,7.213524466150977e-11,0
0.16007128357887268,-3.072073984089485e-10,38.391705582012946,-4.9175082588246516e-11,0
0.16046838462352753,8.698552989017116e-10,38.40178558216576,1.3958427467097337e-10,0
0.1573707014322281,7.153542341820085e-11,38.41182058231789,1.1257579760573703e-11,0
0.15831388533115387,1.0548334428150952e-10,38.4219005824707,1.6699478070929523e-11,0
0.15633945167064667,4.548691145966899e-10,38.43193558262283,7.111398795795904e-11,0
0.15491095185279846,-3.439339923971829e-10,38.44197058277496,-5.3279142136780755e-11,0
0.1554839313030243,8.631503289890929e-10,38.45205058292777,1.3420600645672294e-10,0
0.15239767730236053,1.1973905200690638e-10,38.4620855830799,1.8247953408239084e-11,0
0.15317708253860474,8.536828882688141e-11,38.47216558323271,1.3076465423814662e-11,0
0.15141582489013672,4.984819224063131e-10,38.48220058338484,7.547805147397302e-11,0
0.1498267650604248,-3.691835170904767e-10,38.49223558353697,-5.531357207929618e-11,0
0.1504814326763153,7.782200439621079e-10,38.50231558368978,1.1710766715284307e-10,0
0.14739787578582764,1.220344658658945e-10,38.51235058384191,1.798762104129094e-11,0
0.14811646938323975,-1.520695722123655e-11,38.52243058399472,-2.25240081367152e-12,0
0.14650867879390717,4.824139976378206e-10,38.53246558414685,7.067783742560414e-11,0
0.14472134411334991,-3.0128768924164717e-10,38.54254558429966,-4.3602759351856453e-11,0
0.1455470770597458,7.826900794150049e-10,38.55258058445179,1.1391825330251427e-10,0
0.14241044223308563,2.0237385378596429e-10,38.56261558460392,2.8820150014072985e-11,0
0.14301376044750214,-1.515422926035015e-10,38.57269558475673,-2.1672633132062437e-11,0
0.14163854718208313,4.915956530737731e-10,38.58273058490886,6.962889410239658e-11,0
0.13961462676525116,-2.5658755675728173e-10,38.59281058506167,-3.582337596927559e-11,0
0.1405620276927948,6.43092856744687e-10,38.6028455852138,9.039443593878521e-11,0
0.1374538689851761,1.9778303994577584e-10,38.61288058536593,2.718604406019652e-11,0
0.13787896931171417,-2.4317753366531747e-10,38.62296058551874,-3.352906770153865e-11,0
0.13666345179080963,5.329130470244081e-10,38.63299558567087,7.282973651071366e-11,0
0.13449186086654663,-2.0294740887827345e-10,38.64307558582368,-2.7294774678082903e-11,0
0.1355087012052536,5.512763578963131e-10,38.65311058597581,7.470274326369194e-11,0
0.1324535757303238,2.0605858686018053e-10,38.66319058612862,2.7293196639568424e-11,0
0.1327361762523651,-3.549277816095042e-10,38.67322558628075,-4.7111756576580105e-11,0
0.13171306252479553,4.5945994231466614e-10,38.68326058643288,6.051687610973057e-11,0
0.12941521406173706,-2.297674828177776e-10,38.69334058658569,-2.973540797328918e-11,0
0.130471870303154,4.847094392523843e-10,38.70337558673782,6.324094709285158e-11,0
0.12756332755088806,2.194686377077204e-10,38.71345558689063,2.799614971905712e-11,0
0.1275819092988968,-3.875468002068061e-10,38.72349058704276,-4.944396071306241e-11,0
0.12673796713352203,5.214360054850431e-10,38.73352558719489,6.608573932539841e-11,0
0.12427642196416855,-1.917724035127577e-10,38.7436055873477,-2.3832788140034275e-11,0
0.1254308968782425,4.296195899033961e-10,38.75364058749983,5.3887570478045706e-11,0
0.12253677099943161,2.552287270418674e-10,38.76372058765264,3.127490407800574e-11,0
0.12237010151147842,-4.954311405569456e-10,38.77375558780477,-6.062595896190097e-11,0
0.1218232735991478,6.39649722078417e-10,38.78383558795758,7.792422310037784e-11,0
0.11925388872623444,-5.0967050024830485e-11,38.79387058810971,-6.078018912365559e-12,0
0.12035288661718369,3.492801881055385e-10,38.80390558826184,4.2036878876694466e-11,0
0.1175943911075592,2.552287270418674e-10,38.81398558841465,3.0013466749645826e-11,0
0.11721593141555786,-5.528164037649219e-10,38.82402058856678,-6.479888966910443e-11,0
0.11690094321966171,7.022298853520681e-10,38.83410058871959,8.209133595469167e-11,0
0.11411601305007935,-6.389384160643274e-11,38.84413558887172,-7.291310462579382e-12,0
0.11529135704040527,2.2073713690229368e-10,38.85417058902385,2.544908406267916e-11,0
0.11265002191066742,2.8651880867869295e-10,38.86425058917666,3.227635007547309e-11,0
0.1120946854352951,-5.642934453042869e-10,38.87428558932879,-6.325429624458295e-11,0
0.11189843714237213,7.581050232019493e-10,38.884365589481604,8.483076728607989e-11,0
0.10907711088657379,-3.634890305415084e-11,38.89440058963373,-3.964833329042932e-12,0
0.11020287871360779,1.6806350755516064e-10,38.904480589786544,1.8521082339284874e-11,0
0.1077236756682396,3.580389873469869e-10,38.914515589938674,3.856927574955176e-11,0
0.10693640261888504,-4.6559076039009994e-10,38.9245505900908,-4.978860100870856e-11,0
0.10701819509267807,8.095101255989334e-10,38.934630590243614,8.663231255084499e-11,0
0.10407732427120209,-6.508556714412972e-12,38.94466559039574,-6.773931677034685e-13,0
0.10512622445821762,1.7476851910114277e-10,38.954745590548555,1.837275456725703e-11,0
0.1027970165014267,4.112562790314911e-10,38.964780590700684,4.227591850191553e-11,0
0.10179870575666428,-4.059100833231355e-10,38.97481559085281,-4.132112113587495e-11,0
0.10205578058958054,7.849250693858778e-10,38.984895591005625,8.010614066050642e-11,0
0.09907753020524979,5.546754028307177e-11,38.994930591157754,5.4955868978069526e-12,0
0.10003954917192459,1.613584821313907e-10,39.005010591310565,1.6142229807490376e-11,0
0.09788984805345535,4.388012453393486e-10,39.015045591462695,4.295418723193582e-11,0
0.09669453650712967,-3.3481273309377e-10,39.025125591615506,-3.237456204318741e-11,0
0.09711340814828873,8.631503289890929e-10,39.035160591767635,8.382347019244747e-11,0
0.09403862804174423,5.546754028307177e-11,39.045195591919764,5.216091389070251e-12,0
0.09494485706090927,9.207330731175745e-11,39.055275592072576,8.741887001839983e-12,0
0.092974454164505,4.755277838164318e-10,39.065310592224705,4.421193614038948e-11,0
0.09161987900733948,-3.862178632463298e-10,39.075390592377516,-3.538523390110192e-11,0
0.0921449288725853,7.877037355719096e-10,39.085425592529646,7.258290468694335e-11,0
0.08905119448900223,1.1514823122782403e-10,39.095460592681775,1.0254087534133557e-11,0
0.08985216915607452,5.184320681084209e-11,39.105540592834586,4.658224587961138e-12,0
0.08807758241891861,4.709369560984555e-10,39.115575592986715,4.147898856487637e-11,0
0.08648709952831268,-3.929228886700997e-10,39.12565559313953,-3.398276097936304e-11,0
0.08718424290418625,7.762266940325446e-10,39.135690593291656,6.767473664124683e-11,0
0.08406991511583328,1.0596658966965933e-10,39.145725593443785,8.908602198642596e-12,0
0.08476147800683975,3.396316561321555e-11,39.1558055935966,2.878768115167226e-12,0
0.08314776420593262,5.007773085097256e-10,39.165840593748726,4.1638513567648235e-11,0
0.08139441162347794,-3.1693270230448434e-10,39.17592059390154,-2.5796550828312392e-11,0
0.0821906253695488,7.073643892852033e-10,39.18595559405367,5.813872151949982e-11,0
0.07906753569841385,1.6806350755516064e-10,39.19603559420648,1.328836738321831e-11,0
0.07965882867574692,-1.4882405030558488e-10,39.20607059435861,-1.1855149526123326e-11,0
0.07826118916273117,4.80118611534408e-10,39.216105594510736,3.757465347784215e-11,0
0.07624761015176773,-2.6552757215192457e-10,39.22618559466355,-2.0245842805985323e-11,0
0.07715584337711334,6.109570627188532e-10,39.23622059481568,4.713890744127705e-11,0
0.07409509271383286,2.1052860843528975e-10,39.24630059496849,1.5599136760927008e-11,0
0.0745273008942604,-2.4752672134198406e-10,39.25633559512062,-1.8447498440823795e-11,0
0.07329844683408737,5.168451777670668e-10,39.26637059527275,3.7883948784013786e-11,0
0.0711469054222107,-2.4317753366531747e-10,39.27645059542556,-1.73013289884928e-11,0
0.07219104468822479,5.880029796401232e-10,39.28648559557769,4.2448549380009464e-11,0
0.06915873289108276,2.5299370931541887e-10,39.2965655957305,1.749672436566929e-11,0
0.0693751871585846,-3.6688810323148857e-10,39.30660059588263,-2.5452930827942625e-11,0
0.06840114295482635,5.256644008966305e-10,39.31668059603544,3.595604583199357e-11,0
0.06606624275445938,-2.2753247896911688e-10,39.32671559618757,-1.50322159900976e-11,0
0.06711921095848083,5.329130470244081e-10,39.3367505963397,3.5768703225758066e-11,0
0.06417226791381836,2.4628871164722455e-10,39.34683059649251,1.580490518797485e-11,0
0.06426218897104263,-4.26568780298453e-10,39.35686559664464,-2.7412243568686356e-11,0
0.0634327158331871,5.189593754728605e-10,39.36694559679745,3.291900259333821e-11,0
0.060950253158807755,-1.786643888390671e-10,39.37698059694958,-1.0889639730204806e-11,0
0.06209266185760498,3.768251266578204e-10,39.38701559710171,2.3398075169013212e-11,0
0.059207841753959656,2.4405369392077603e-10,39.39709559725452,1.4449892489130613e-11,0
0.05906479060649872,-5.413393622255569e-10,39.40713059740665,-3.197409607690808e-11,0
0.058464281260967255,6.530597174148056e-10,39.41721059755946,3.818066699914699e-11,0
0.0559319444000721,-7.766630394367979e-11,39.42724559771159,-4.3440273939369985e-12,0
0.05704931169748306,3.4686395422589555e-10,39.4373255978644,1.9788349841254613e-11,0
0.05424141883850098,2.6640373240738313e-10,39.44736059801653,1.4450116429648805e-11,0
0.05395178496837616,-5.75770486843652e-10,39.45739559816866,-3.1063845497325965e-11,0
0.05357000604271889,6.910548244754011e-10,39.46747559832147,3.701981112299728e-11,0
0.05085599049925804,-5.012137233029179e-11,39.4775105984736,-2.5489720350390942e-12,0
0.05196864902973175,2.8875379864956585e-10,39.48759059862641,1.5006144818021118e-11,0
0.04930191859602928,3.010765525779391e-10,39.49762559877854,1.4843651686370683e-11,0
0.048752330243587494,-5.734750452290882e-10,39.50766059893067,-2.7958244791464783e-11,0
0.04859757423400879,7.581050232019493e-10,39.51774059908348,3.6842065142231686e-11,0
0.045757394284009933,-1.7985612998927536e-11,39.52777559923561,-8.229747854315416e-13,0
0.046908024698495865,1.613584821313907e-10,39.53785559938842,7.569007665131079e-12,0
0.044365935027599335,3.837113404792092e-10,39.54789059954055,1.702371240105364e-11,0
0.043635156005620956,-4.2197795258047677e-10,39.55797059969336,-1.8413073791781626e-11,0
0.04365519806742668,8.184501409935763e-10,39.56800559984549,3.5729603013387866e-11,0
0.04072467237710953,-1.3394791352483448e-11,39.57804059999762,-5.454984893896283e-13,0
0.04179930314421654,1.8594353834444632e-10,39.58812060015043,7.772310326967764e-12,0
0.03942995145916939,3.8141595437579667e-10,39.59815560030256,1.503921256679043e-11,0
0.038484346121549606,-4.286829502486711e-10,39.60823560045537,-1.6497583033776888e-11,0
0.038711581379175186,7.922945632898859e-10,39.6182706006075,3.067097546307448e-11,0
0.03568165376782417,9.559319481822204e-12,39.62830560075963,3.4109232800639626e-13,0
0.03670861944556236,1.5241846673674786e-10,39.63838560091244,5.595071491915383e-12,0
0.03450014442205429,4.571645007001024e-10,39.64842060106457,1.5772241298789873e-11,0
0.03339165449142456,-3.5492780936507984e-10,39.65850060121738,-1.1851626779716948e-11,0
0.033740606158971786,9.00178931395601e-10,39.66853560136951,3.0372582796823057e-11,0
0.030720049515366554,5.184320681084209e-11,39.678615601522324,1.5926258802644576e-12,0
0.03162594884634018,4.960820643162833e-11,39.68865060167445,1.5689065989653615e-12,0
0.029586805030703545,4.68641569995043e-10,39.69868560182658,1.3865606760726146e-11,0
0.02829495631158352,-3.8174785554900836e-10,39.708765601979394,-1.0801538894799888e-11,0
0.02881285734474659,8.427936681876247e-10,39.71880060213152,2.4283293732545722e-11,0
0.025697505101561546,9.654332194797277e-11,39.728880602284335,2.480922508279729e-12,0
0.026558933779597282,6.69446026391185e-11,39.738915602436464,1.7779772683938017e-12,0
0.024743448942899704,5.007773085097256e-10,39.74895060258859,1.2390957764873128e-11,0
0.023174209520220757,-4.130379371858339e-10,39.759030602741404,-9.571827696144295e-12,0
0.023880992084741592,7.165460447211558e-10,39.769065602893534,1.7111830422338817e-11,0
0.020731080323457718,1.2559839279724372e-10,39.779145603046345,2.603790369576853e-12,0
0.02143975719809532,5.087672297343637e-11,39.789180603198474,1.090784587585234e-12,0
0.0198211707174778,4.787292784413921e-10,39.799260603351286,9.488974755441797e-12,0
0.018067490309476852,-2.9681765378875014e-10,39.809295603503415,-5.3627500835098984e-12,0
0.018837973475456238,7.509771693392508e-10,39.819330603655544,1.4146887996686015e-11,0
0.01568649336695671,1.8370853449578561e-10,39.829410603808356,2.881742707821479e-12,0
0.016355572268366814,-8.684794550184449e-11,39.839445603960485,-1.4204478490146001e-12,0
0.014882804825901985,4.675542730758764e-10,39.849525604113296,6.958518991704748e-12,0
0.01290985383093357,-2.7507165989426596e-10,39.859560604265425,-3.5511349222672457e-12,0
0.013862880878150463,6.201387181548057e-10,39.869595604417555,8.596909177708995e-12,0
0.010782198049128056,1.6806350755516064e-10,39.879675604570366,1.8120940232908713e-12,0
0.011215810663998127,-2.3604967980261904e-10,39.889710604722495,-2.647488515963558e-12,0
0.009956465102732182,5.122544055602418e-10,39.89979060487531,5.100243112681366e-12,0
0.007817434147000313,-2.590037906369247e-10,39.909825605027436,-2.024745077127615e-12,0
0.008815745823085308,6.132525043334169e-10,39.919860605179565,5.406278203573925e-12,0
0.0057937270030379295,2.194686377077204e-10,39.929940605332376,1.271541372607168e-12,0
0.006057524122297764,-3.416385507826192e-10,39.939975605484506,-2.0694837624725652e-12,0
0.005050166510045528,4.742592984996463e-10,39.95005560563732,2.3950884263605994e-12,0
0.0027291325386613607,-2.1539098282730151e-10,39.960090605789446,-5.878305397682389e-13,0
0.0038436336908489466,4.988443547127019e-10,39.97017060594226,1.9173749682635437e-12,0
0.0008395446348004043,1.7023810139349393e-10,39.98020560609439,1.4292248466351507e-13,0
0.0009486384806223214,-3.7377431705287734e-10,39.990240606246516,-3.545767002246874e-13,0
