0,0,0,0,0
Voltage [V],Current [A],Time [s],Power [W],Cycle
-0.43248865008354187,3.1610742912135947e-09,9.000000136438757e-05,-1.3671287530207565e-09,0
-0.0009669106802903116,1.1513281439334833e-09,0.03019500045775203,-1.113231478888106e-12,0
-0.005598253104835749,7.811144508984569e-10,0.08046000121976249,-4.372876399974357e-12,0
0.0011795947793871164,6.265032381769231e-10,0.0905400013725739,7.390199490226217e-13,0
-0.00354399555362761,5.52576151502393e-10,0.10057500152470311,-1.9583274239651376e-12,0
-0.001839661505073309,3.588716823710314e-10,0.11061000167683233,-6.602024193188821e-13,0
-0.005420257803052664,3.3724809056501215e-10,0.12069000182964373,-1.8279715944496185e-12,0
-0.008953402750194073,2.7130758750715245e-10,0.13072500198177295,-2.4291261001350578e-12,0
-0.01076547708362341,2.8770635873698325e-10,0.14080500213458436,-3.0972962117957288e-12,0
-0.017283156514167786,4.237061812517595e-10,0.15084000228671357,-7.322980246594504e-12,0
-0.012763455510139465,3.5659383779140796e-10,0.16087500243884278,-4.551369583840525e-12,0
-0.013962187804281712,4.071216419543333e-10,0.1709550025916542,-5.684308824153938e-12,0
-0.014710675925016403,3.5961283950669554e-10,0.1809900027437834,-5.290147940457934e-12,0
-0.013450952246785164,3.089360989250167e-10,0.19102500289591262,-4.155484713948497e-12,0
-0.018589898943901062,3.6108879775120784e-10,0.20110500304872403,-6.712604259969683e-12,0
-0.015888066962361336,2.485655292705502e-10,0.21114000320085324,-3.949225773585288e-12,0
-0.018818378448486328,3.0257393812682665e-10,0.22122000335366465,-5.69395087631951e-12,0
-0.020996952429413795,2.904561036132236e-10,0.23125500350579387,-6.0986929903997404e-12,0
-0.019877197220921516,2.67173505541507e-10,0.24129000365792308,-5.310660461853502e-12,0
-0.02501739002764225,3.5628885952654343e-10,0.2513700038107345,-8.913417361279378e-12,0
-0.021661806851625443,2.597303205842394e-10,0.2614050039628637,-5.62622803800655e-12,0
-0.023543162271380424,2.9999475126274433e-10,0.2714400041149929,-7.062825109541197e-12,0
-0.02592930570244789,2.8846108834912343e-10,0.2815200042678043,-7.479595743065251e-12,0
-0.02375723235309124,2.3313967423277404e-10,0.29155500441993354,-5.5387534114720116e-12,0
-0.028765257447957993,2.9465355155799955e-10,0.30163500457274495,-8.475785268521021e-12,0
-0.025718864053487778,1.7882216540865414e-10,0.31167000472487416,-4.5991029618954806e-12,0
-0.027139142155647278,1.875127136896637e-10,0.3217050048770034,-5.088934192814971e-12,0
-0.030745413154363632,1.758561490872168e-10,0.3317850050298148,-5.406769959421848e-12,0
-0.02916870079934597,1.2052395192974075e-10,0.341820005181944,-3.5155270929933642e-12,0
-0.03501242399215698,2.1462462362897838e-10,0.3518550053340732,-7.514528321654905e-12,0
-0.0331464521586895,1.5026321853461866e-10,0.3619350054868846,-4.9806925843684426e-12,0
-0.03415613994002342,2.0456362992415933e-10,0.37197000563901383,-6.987103970328749e-12,0
-0.03740013763308525,2.3048787878288124e-10,0.38200500579114305,-8.620278389237628e-12,0
-0.03474981710314751,1.8042434213327851e-10,0.39208500594395446,-6.269712890087139e-12,0
-0.03966023400425911,2.65312716241084e-10,0.40212000609608367,-1.0522364410426987e-11,0
-0.0374915711581707,1.8558177217187222e-10,0.4122000062488951,-6.95775221704117e-12,0
-0.03855282813310623,2.2273871636002696e-10,0.4222350064010243,-8.587207450416816e-12,0
-0.04264899343252182,2.564642942459727e-10,0.4322700065531535,-1.0937944000972834e-11,0
-0.03995875269174576,2.015086569828739e-10,0.4423500067059649,-8.052034589624485e-12,0
-0.04424011707305908,2.8385724326618345e-10,0.45238500685809413,-1.2557877674131767e-11,0
-0.04161569103598595,1.8086959707730443e-10,0.46242000701022334,-7.527013269772368e-12,0
-0.04293099045753479,1.998270299230498e-10,0.47250000716303475,-8.57877231478397e-12,0
-0.04702509939670563,2.2730119175751184e-10,0.48253500731516397,-1.068886113538664e-11,0
-0.04382286220788956,1.3857348601931108e-10,0.4926150074679754,-6.072686783491179e-12,0
-0.04891056567430496,2.1598905997066709e-10,0.5026500076201046,-1.0564147102626705e-11,0
-0.04755821451544762,1.3714875068959742e-10,0.5126850077722338,-6.522549705821518e-12,0
-0.04840247333049774,1.6392587287583638e-10,0.5227650079250452,-7.934417690051233e-12,0
-0.05090925097465515,1.7449391931378955e-10,0.5328000080771744,-8.883354731896938e-12,0
-0.046841904520988464,3.051430635947483e-11,0.5428350082293036,-1.429348225014711e-12,0
-0.05232470855116844,7.546174796146943e-11,0.552915008382115,-3.948513968845617e-12,0
-0.05205576494336128,-1.009916369282271e-11,0.5629500085342443,5.257196913181075e-13,0
-0.05326468124985695,1.0551422582882886e-11,0.5730300086870557,-5.620181606097992e-13,0
-0.05852935090661049,8.016432656576811e-11,0.5830650088391849,-4.691965999759959e-12,0
-0.0551762580871582,1.1287559428807548e-11,0.5931000089913141,-6.228052922180213e-13,0
-0.059249237179756165,1.0013883472437257e-10,0.6031800091441255,-5.933149569488753e-12,0
-0.05766277760267258,2.7196144641861153e-11,0.6132150092962547,-1.5682052401337551e-12,0
-0.05759073793888092,2.5276414641894895e-11,0.6232500094483839,-1.4556873716758615e-12,0
-0.06295902281999588,8.45076578159798e-11,0.6333300096011953,-5.320519556900675e-12,0
-0.05984465777873993,2.3598026744481304e-12,0.6433650097533246,-1.412215834777036e-13,0
-0.06397515535354614,8.951943353263658e-11,0.653445009906136,-5.727019667411873e-12,0
-0.06315245479345322,3.114892718758533e-11,0.6634800100582652,-1.9671312160785483e-12,0
-0.06286634504795074,3.024912612059616e-11,0.6735150102103944,-1.901652000096378e-12,0
-0.06791743636131287,9.181014976045176e-11,0.6835950103632058,-6.2355100036780864e-12,0
-0.06439365446567535,-6.8172676705169355e-12,0.693630010515335,4.389887787752871e-13,0
-0.06809256225824356,6.080158598820162e-11,0.7036650106674642,-4.140135779301568e-12,0
-0.06794749945402145,2.3750125130450606e-12,0.7137450108202756,-1.6137616143342337e-13,0
-0.06763354688882828,-7.84399368375377e-12,0.7237800109724049,5.305171146058334e-13,0
-0.0731203556060791,6.245232109236554e-11,0.7338600111252163,-4.5665359266988025e-12,0
-0.06984835118055344,-2.8874872978756905e-11,0.7438950112773455,2.0168622681140854e-12,0
-0.07318291813135147,4.270809400575004e-11,0.7539300114294747,-3.1255029471688678e-12,0
-0.07349514216184616,-4.370398628498334e-14,0.7640100115822861,3.2120306850542256e-15,0
-0.07277330011129379,-1.4774959034014046e-11,0.7740450117344153,1.0752225279143756e-12,0
-0.07826504111289978,6.221361620317722e-11,0.7840800118865445,-4.869151229923833e-12,0
-0.07490610331296921,-3.101254322790403e-11,0.7941600120393559,2.323028767027303e-12,0
-0.07773398607969284,3.2098591146167976e-11,0.8041950121914851,-2.4951514373339733e-12,0
-0.0787341371178627,-6.263143757963274e-13,0.8142750123442966,4.931232194283663e-14,0
-0.07768046855926514,-2.5151009747093056e-11,0.8243100124964258,1.953742221892833e-12,0
-0.08322572708129883,5.4693360951318937e-11,0.834345012648555,-4.551894731693436e-12,0
-0.08001081645488739,-3.893736721938268e-11,0.8444250128013664,3.1154105418265765e-12,0
-0.08243119716644287,1.8257055589554483e-11,0.8544600129534956,-1.5049509489812735e-12,0
-0.08399762213230133,-5.10152423777166e-12,0.8644950131056248,4.2851590522312043e-13,0
-0.08273453265428543,-3.53379825401845e-11,0.8745750132584362,2.9236714704074628e-12,0
-0.08831609040498734,4.9983569366807146e-11,0.8846100134105654,-4.4143534309628955e-12,0
-0.08516162633895874,-4.240875706162939e-11,0.8946900135633769,3.6115987223821597e-12,0
-0.0871695727109909,8.490694258789233e-12,0.9047250137155061,-7.401301905583211e-13,0
-0.0893082246184349,-4.355844678005649e-12,0.9147600138676353,3.890127549063428e-13,0
-0.087767094373703,-4.164077069268579e-11,0.9248400140204467,3.65468945117868e-12,0
-0.09330147504806519,4.6751533200328765e-11,0.9348750141725759,-4.3619870083492654e-12,0
-0.09034564346075058,-4.3650204978318285e-11,0.9449100143247051,3.943605855959824e-12,0
-0.09213627129793167,4.789315645459258e-12,0.9549900144775165,-4.412696856414629e-13,0
-0.0948576033115387,6.215125202685412e-12,0.9650250146296457,-5.895518810078794e-13,0
-0.09280968457460403,-3.7573531092016665e-11,0.9751050147824571,3.487187569004144e-12,0
-0.09825804084539413,5.246765175104251e-11,0.9851400149345864,-5.15536866881585e-12,0
-0.09534955769777298,-3.79522142879285e-11,0.9951750150867156,3.6187268460050824e-12,0
-0.09682010114192963,1.2715833160731327e-12,1.005255015239527,-1.2311482527259098e-13,0
-0.10008998960256577,1.1273960064117627e-11,1.0152900153916562,-1.128410545597275e-12,0
-0.09784842282533646,-4.116385010632939e-11,1.0253250155437854,4.027817810322889e-12,0
-0.10318145155906677,5.0566176246213956e-11,1.0354050156965968,-5.217491464875958e-12,0
-0.10045021027326584,-3.914666160675928e-11,1.045440015848726,3.9322903898953525e-12,0
-0.10159211605787277,-7.275577709742187e-12,1.0555200160015374,7.391413350762004e-13,0
-0.10540010780096054,1.3351924600668585e-11,1.0655550161536667,-1.407294292260766e-12,0
-0.10284821689128876,-4.650373142123243e-11,1.0755900163057959,4.782825855465153e-12,0
-0.10808373987674713,4.627383892730208e-11,1.0856700164586073,-5.0014495697170135e-12,0
-0.10564965754747391,-3.9584096417355497e-11,1.0957050166107365,4.182046230819797e-12,0
-0.10651211440563202,-1.2372465899024299e-11,1.1057400167628657,1.317817503316657e-12,0
-0.11070123314857483,1.7522887654775055e-11,1.1158200169156771,-1.939805271707537e-12,0
-0.10783565789461136,-5.018453361205211e-11,1.1258550170678063,5.411682198189876e-12,0
-0.11295195668935776,4.15312992330108e-11,1.1359350172206177,-4.691041512219793e-12,0
-0.11071325838565826,-4.275743994974768e-11,1.145970017372747,4.733815497065682e-12,0
-0.11138223111629486,-2.2007369884780026e-11,1.1560050175248762,2.4512299587683562e-12,0
-0.11597029864788055,1.8312943175780028e-11,1.1660850176776876,-2.123757489216876e-12,0
-0.11296100914478302,-5.403078678911655e-11,1.1761200178298168,6.103372200585216e-12,0
-0.11787023395299911,3.758806113585145e-11,1.186155017981946,-4.430513559922444e-12,0
-0.1159161776304245,-4.109126233720062e-11,1.1962350181347574,4.763142064137319e-12,0
-0.11628733575344086,-2.7075270844778565e-11,1.2062700182868866,3.1485111113421133e-12,0
-0.12112512439489365,2.088172690317691e-11,1.216350018439698,-2.5293017687275007e-12,0
-0.11798451840877533,-5.716822501500296e-11,1.2263850185918272,6.744965496679627e-12,0
-0.1225777342915535,3.09993385128049e-11,1.2364200187439565,-3.79982867943652e-12,0
-0.1210629791021347,-4.231827388512244e-11,1.2465000188967679,5.1231763069929904e-12,0
-0.1212274506688118,-3.447540170009589e-11,1.256535019048897,4.1793650588858445e-12,0
-0.12636925280094147,2.2250633627263205e-11,1.2665700192010263,-2.8117959458247532e-12,0
-0.12304916232824326,-6.059326651541852e-11,1.2766500193538377,7.45595068745424e-12,0
-0.12725846469402313,2.308470775647109e-11,1.286685019505967,-2.937724466998718e-12,0
-0.12621580064296722,-4.448540841250903e-11,1.2967650196587783,5.614761439714217e-12,0
-0.12615366280078888,-4.252792909498204e-11,1.3068000198109075,5.365054026664223e-12,0
-0.13151519000530243,2.1629613031204364e-11,1.3168350199630368,-2.8446226675400074e-12,0
-0.12815386056900024,-6.467595209391774e-11,1.3269150201158482,8.288472946811274e-12,0
-0.1319700926542282,1.5018222776497225e-11,1.3369500202679774,-1.9819562513161793e-12,0
-0.13143697381019592,-4.390858510117113e-11,1.3469850204201066,5.771211549985388e-12,0
-0.1311681866645813,-4.667019895543412e-11,1.357065020572918,6.121645368259529e-12,0
-0.13663023710250854,2.4227024900125294e-11,1.3671000207250472,-3.3101441563924973e-12,0
-0.1332024484872818,-6.524532303320285e-11,1.3771800208778586,8.690836780366263e-12,0
-0.13669979572296143,9.900399076945288e-12,1.3872150210299878,-1.3533825313942167e-12,0
-0.13660965859889984,-4.102786166360062e-11,1.397250021182117,5.604802174907371e-12,0
-0.1360965222120285,-5.1741558954043754e-11,1.4073300213349285,7.041846227473998e-12,0
-0.141689732670784,2.397770870743443e-11,1.4173650214870577,-3.397395136814314e-12,0
-0.13830988109111786,-6.685692971464263e-11,1.4274000216391869,9.246973998949447e-12,0
-0.14136157929897308,2.970864439871823e-12,1.4374800217919983,-4.1996608910344e-13,0
-0.14189763367176056,-3.7122679930057245e-11,1.4475150219441275,5.267620437629281e-12,0
-0.14110904932022095,-5.4641374758190864e-11,1.457595022096939,7.71039244567823e-12,0
-0.14665670692920685,2.448993959014434e-11,1.4676300222490681,-3.5916138931857783e-12,0
-0.14331792294979095,-6.941580643626821e-11,1.4776650224011973,9.94852919833069e-12,0
-0.1459892988204956,-7.831705770011688e-12,1.4877450225540088,1.143345233932436e-12,0
-0.14721854031085968,-3.7102276112532806e-11,1.497780022706138,5.462142931497557e-12,0
-0.1460864394903183,-6.265936380867032e-11,1.5078150228582672,9.153683359537157e-12,0
-0.15173937380313873,2.1440061531707855e-11,1.5178950230110786,-3.2533015111221133e-12,0
-0.14843504130840302,-7.225347403716498e-11,1.5279300231632078,1.0724947403382208e-11,0
-0.15076933801174164,-1.6030182389825676e-11,1.5380100233160192,2.4168599871214957e-12,0
-0.1526091992855072,-3.2773613684033975e-11,1.5480450234681484,5.001554942012967e-12,0
-0.1511026918888092,-6.498706434099333e-11,1.5580800236202776,9.819720359875334e-12,0
-0.15670178830623627,2.142240725089284e-11,1.568160023773089,-3.3569295260393904e-12,0
-0.15360361337661743,-7.152365505413982e-11,1.5781950239252183,1.0986291858218643e-11,0
-0.15552614629268646,-2.097837702164096e-11,1.5882300240773475,3.262686133650864e-12,0
-0.15795642137527466,-2.7686805972870765e-11,1.5983100242301589,4.373308790786246e-12,0
-0.15615394711494446,-6.856359924256594e-11,1.608345024382288,1.0706476650133888e-11,0
-0.16164015233516693,2.112227406869671e-11,1.6184250245350995,-3.4142075981292827e-12,0
-0.15871000289916992,-7.047337019505662e-11,1.6284600246872287,1.1184828787971711e-11,0
-0.16028715670108795,-2.6087073473624045e-11,1.638495024839358,4.181422833739572e-12,0
-0.16322748363018036,-2.3019303477256337e-11,1.6485750249921693,3.7573829815120125e-12,0
-0.161118745803833,-7.238266236386792e-11,1.6586100251442986,1.1662203778008706e-11,0
-0.16657754778862,1.8232124143757744e-11,1.6686450252964278,-3.037062530844858e-12,0
-0.16385680437088013,-7.081101677242074e-11,1.6787250254492392,1.1602866922581657e-11,0
-0.1652478277683258,-3.00035933598064e-11,1.6887600256013684,4.958028627952172e-12,0
-0.16869696974754333,-1.3240715815432402e-11,1.6988400257541798,2.2336686353518185e-12,0
-0.16618770360946655,-6.993930434795459e-11,1.708875025906309,1.1623052381630153e-11,0
-0.1714661866426468,2.102898931377606e-11,1.7189100260584382,-3.6057606065821505e-12,0
-0.1689033955335617,-6.757135129209502e-11,1.7289900262112496,1.141303067402597e-11,0
-0.16993063688278198,-3.6064221053955237e-11,1.7390250263633789,6.128416052380048e-12,0
-0.17395269870758057,-1.037114404772721e-11,1.749060026515508,1.804088495787209e-12,0
-0.17119020223617554,-7.362035286950785e-11,1.7591400266683195,1.2603083096429656e-11,0
-0.1764495074748993,1.9097929834788197e-11,1.7691750268204487,-3.369820313138562e-12,0
-0.17405420541763306,-6.609275626789923e-11,1.77925502697326,1.1503722176070488e-11,0
-0.17475368082523346,-4.1413462936734646e-11,1.7892900271253893,7.237155083913762e-12,0
-0.17920155823230743,-6.198511755955982e-12,1.7993250272775185,1.1107829653885881e-12,0
-0.17627285420894623,-7.623106312859562e-11,1.80940502743033,1.3437467077059912e-11,0
-0.18125993013381958,1.5432993424879804e-11,1.8194400275824592,-2.7973833099494102e-12,0
-0.17918714880943298,-6.626990622926598e-11,1.8294750277345884,1.1874715549090654e-11,0
-0.1796940416097641,-4.75021862123004e-11,1.8395550278873998,8.53585982578787e-12,0
-0.18446892499923706,-2.7738258738529975e-12,1.849590028039529,5.116846770847318e-13,0
-0.18133948743343353,-7.798772044820268e-11,1.8596700281923404,1.4142253252178977e-11,0
-0.18602131307125092,1.1482715819854938e-11,1.8697050283444696,-2.136029874433441e-12,0
-0.18430426716804504,-6.618831177584994e-11,1.8797400284965988,1.2198788296938109e-11,0
-0.1845722794532776,-5.453323209669847e-11,1.8898200286494102,1.0065322954042277e-11,0
-0.18964162468910217,-2.223065915379907e-12,1.8998550288015394,4.215858319836117e-13,0
-0.1864079236984253,-8.269751550216142e-11,1.9098900289536687,1.541547215977625e-11,0
-0.19085946679115295,4.9437958067610754e-12,1.91997002910648,-9.435702316027567e-13,0
-0.18948106467723846,-6.545622377451821e-11,1.9300050292586093,1.2402714970547278e-11,0
-0.18955673277378082,-5.918970868989959e-11,1.9400850294114207,1.1219807793089229e-11,0
-0.19481980800628662,1.205377703032695e-12,1.95012002956355,-2.3483145267988843e-13,0
-0.19153326749801636,-8.204476681372697e-11,1.9601550297156791,1.5714302268945942e-11,0
-0.19560745358467102,2.1830159208091615e-12,1.9702350298684905,-4.2701418540427593e-13,0
-0.19467435777187347,-6.203833974316453e-11,1.9802700300206197,1.2077273946733848e-11,0
-0.19449321925640106,-6.23556553613902e-11,1.990305030172749,1.2127752150079446e-11,0
-0.1999545693397522,5.469027574561691e-12,2.0003850303255604,-1.0935570533787125e-12,0
-0.1965680718421936,-8.2337144047262e-11,2.0104200304776896,1.618485364636324e-11,0
-0.20022715628147125,-3.65412344480176e-12,2.020500030630501,7.316547460541101e-13,0
-0.19988644123077393,-5.974583328072214e-11,2.03053503078263,1.1942381992850683e-11,0
-0.19949713349342346,-6.583020240036319e-11,2.0405700309347594,1.3132936676164341e-11,0
-0.20504926145076752,8.086361441561607e-12,2.050650031087571,-1.6581024414161713e-12,0
-0.20160697400569916,-8.238019988393575e-11,2.0606850312397,1.6608422816584935e-11,0
-0.2049621194601059,-8.344889883271644e-12,2.0707200313918293,1.710386317136552e-12,0
-0.2051374614238739,-5.4356682349654406e-11,2.0808000315446407,1.1150591828631998e-11,0
-0.20447015762329102,-6.769326071909276e-11,2.09083503169677,1.3841251689267431e-11,0
-0.2100657969713211,1.0796383752287309e-11,2.1009150318495813,-2.2679509573324557e-12,0
-0.2066766917705536,-8.166876203086204e-11,2.1109500320017105,1.6879029557535164e-11,0
-0.20961816608905792,-1.3657572468794843e-11,2.1209850321538397,2.8628752941371822e-12,0
-0.2104666382074356,-4.851954601980957e-11,2.131065032306651,1.0211745738140283e-11,0
-0.20943084359169006,-6.931834967138784e-11,2.1411000324587803,1.4517400448062506e-11,0
-0.21503373980522156,1.2028705288769093e-11,2.1511350326109095,-2.5865774832588655e-12,0
-0.21177537739276886,-8.137524681872677e-11,2.161215032763721,1.7233273605465574e-11,0
-0.2142886072397232,-2.0146571910739652e-11,2.17125003291585,4.317180835407329e-12,0
-0.21581587195396423,-4.344818602119993e-11,2.1813300330686616,9.376808150983303e-12,0
-0.2144690304994583,-7.237568183660059e-11,2.191365033220791,1.5522342315232983e-11,0
-0.2200603038072586,1.2785716929641922e-11,2.20140003337292,-2.813628751930611e-12,0
-0.21685203909873962,-8.07352587561816e-11,2.2114800335257314,1.750760548844235e-11,0
-0.2189961075782776,-2.6662765745255612e-11,2.2215150336778606,5.839041915482413e-12,0
-0.22106477618217468,-3.98606113394262e-11,2.23155003382999,8.811777124234907e-12,0
-0.21947354078292847,-7.621561021187162e-11,2.2416300339828013,1.6727309836130985e-11,0
-0.22502507269382477,1.2119365407070593e-11,2.2516650341349305,-2.7271610817290853e-12,0
-0.22201688587665558,-7.99341634549755e-11,2.261745034287742,1.774673404542923e-11,0
-0.22377656400203705,-3.1679013579033466e-11,2.271780034439871,7.089020809689983e-12,0
-0.22646595537662506,-3.415355845359791e-11,2.2818150345920003,7.73461824470546e-12,0
-0.2244800478219986,-7.832096082793782e-11,2.2918950347448117,1.758149303212036e-11,0
-0.22997960448265076,1.2017372340300536e-11,2.301930034896941,-2.7637505377430644e-12,0
-0.2270916849374771,-7.91119114662564e-11,2.31196503504907,1.7965657273496682e-11,0
-0.22856862843036652,-3.715422761119136e-11,2.3220450352018815,8.492290845479662e-12,0
-0.23179301619529724,-2.8557562564701655e-11,2.3320800353540108,6.619443562058105e-12,0
-0.22949859499931335,-8.178793059476774e-11,2.342160035506822,1.8770215159400552e-11,0
-0.23488987982273102,9.611300470779849e-12,2.3521950356589514,-2.2575972125216368e-12,0
-0.23224380612373352,-7.952440789216197e-11,2.3622300358110806,1.846905116861197e-11,0
-0.2333967536687851,-4.371080580822806e-11,2.372310035963892,1.0201960175887105e-11,0
-0.23715509474277496,-2.3534993398577342e-11,2.382345036116021,5.581443589210193e-12,0
-0.23455947637557983,-8.320295147301593e-11,2.3923800362681504,1.9516040730413395e-11,0
-0.2398563176393509,9.361926164852541e-12,2.402460036420962,-2.245517135913021e-12,0
-0.23738150298595428,-7.745055985441951e-11,2.412495036573091,1.8385330305345716e-11,0
-0.23827500641345978,-4.8384928008626815e-11,2.4225750367259025,1.1528919031570344e-11,0
-0.24245578050613403,-1.7941322039138896e-11,2.4326100368780317,4.349977238311325e-12,0
-0.2396477609872818,-8.35587848913022e-11,2.442645037030161,2.0024675710018482e-11,0
-0.24471652507781982,9.796676490869682e-12,2.4527250371829723,-2.3974086281571985e-12,0
-0.24247804284095764,-7.395561246736904e-11,2.4627600373351015,1.793261216819197e-11,0
-0.2431367188692093,-5.120446081030572e-11,2.4727950374872307,1.2449684592884746e-11,0
-0.2476707249879837,-1.1801844224113012e-11,2.482875037640042,2.9229713151813176e-12,0
-0.2446722686290741,-8.377863680575359e-11,2.4929100377921714,2.0498309129914977e-11,0
-0.24954240024089813,7.146657397816281e-12,2.5029450379443006,-1.7833940407504458e-12,0
-0.2476266324520111,-7.314145816783579e-11,2.513025038097112,1.811177297873082e-11,0
-0.24799244105815887,-5.7312685847188405e-11,2.523060038249241,1.4213112866843647e-11,0
-0.25288766622543335,-9.303681089423144e-12,2.5331400384020526,2.352786198009916e-12,0
-0.2497420459985733,-8.672962348299507e-11,2.543175038554182,2.1660033617329097e-11,0
-0.2543507516384125,2.7609741749812233e-12,2.553210038706311,-7.022558566607199e-13,0
-0.2528115212917328,-7.093018533632645e-11,2.5632900388591224,1.7931968060381246e-11,0
-0.252951055765152,-6.177769407145206e-11,2.5733250390112516,1.562673293811037e-11,0
-0.2580290734767914,-5.965062211538141e-12,2.583360039163381,1.5391594756746068e-12,0
-0.25476962327957153,-8.800685180609946e-11,2.5934400393161923,2.242147248066104e-11,0
-0.25910353660583496,-2.4338506470628074e-12,2.6034750394683215,6.306193102243732e-13,0
-0.2579863667488098,-6.929710971714798e-11,2.613555039621133,1.787770956212065e-11,0
-0.25796112418174744,-6.502558907994782e-11,2.623590039773262,1.67740740596437e-11,0
-0.2632758617401123,7.664514639280084e-13,2.6336250399253913,-2.0178816964761703e-13,0
-0.25991442799568176,-8.397713774366267e-11,2.6437050400782027,2.182686972135866e-11,0
-0.26374107599258423,-3.886679172948604e-12,2.653740040230332,1.0250769471114322e-12,0
-0.26301854848861694,-6.623363663083026e-11,2.663775040382461,1.7420674967763465e-11,0
-0.2628144919872284,-7.003640722924587e-11,2.6738550405352726,1.8406582786564903e-11,0
-0.2683291733264923,4.796982039020903e-14,2.683890040687402,-1.2871702249925103e-14,0
-0.2649950683116913,-8.830920023017441e-11,2.693970040840213,2.3401502547545892e-11,0
-0.26843827962875366,-1.1944096753313538e-11,2.7040050409923424,3.2062527841788682e-12,0
-0.26834356784820557,-6.346850822680494e-11,2.7140400411444716,1.7031365943584025e-11,0
-0.2678150236606598,-7.345924563084694e-11,2.724120041297283,1.9673489606719492e-11,0
-0.2733907103538513,1.9540989919936136e-12,2.7341550414494122,-5.342325115228788e-13,0
-0.2699635326862335,-8.999564982126174e-11,2.7441900416015415,2.429554355214102e-11,0
-0.2731080949306488,-2.0406383180460175e-11,2.754270041754353,5.5731484348403125e-12,0
-0.27360478043556213,-6.181395673099388e-11,2.764305041906482,1.691259405923692e-11,0
-0.2728235125541687,-7.887267228223749e-11,2.7743850420592935,2.1518319496573853e-11,0
-0.2784460783004761,1.4464020259286059e-12,2.7844200422114227,-4.027449717656838e-13,0
-0.275138258934021,-9.054414162878999e-11,2.794455042363552,2.491215748442069e-11,0
-0.27780595421791077,-2.6283244677904882e-11,2.8045350425163633,7.30164186768819e-12,0
-0.2789977192878723,-5.5764660250590126e-11,2.8145700426684925,1.5558213026777715e-11,0
-0.27783268690109253,-8.05239347423381e-11,2.8246050428206217,2.2372181149312028e-11,0
-0.283443808555603,2.88700335339398e-12,2.834685042973433,-8.183032257987872e-13,0
-0.28023892641067505,-8.946755836181097e-11,2.8447200431255624,2.507229250389832e-11,0
-0.28250983357429504,-3.156866781872658e-11,2.8548000432783738,8.91845909163065e-12,0
-0.2842877507209778,-4.993975025180397e-11,2.864835043430503,1.4197259270652735e-11,0
-0.28286129236221313,-8.2881104757071e-11,2.874870043582632,2.3443856403993074e-11,0
-0.28837817907333374,3.4541657728537345e-12,2.8849500437354436,-9.961060357929945e-13,0
-0.2853107452392578,-8.899612990997952e-11,2.894985043887573,2.5391552148026058e-11,0
-0.28727445006370544,-3.6648975521025307e-11,2.905020044039702,1.0528314288200748e-11,0
-0.28960272669792175,-4.44346538730489e-11,2.9151000441925135,1.2868396921513331e-11,0
-0.2878219485282898,-8.480309510172646e-11,2.9251350443446427,2.4408192073408776e-11,0
-0.2933245599269867,3.791815385983943e-12,2.935215044497454,-1.1122325794181173e-12,0
-0.29041552543640137,-8.787647692853895e-11,2.9452500446495833,2.552069322070144e-11,0
-0.2920745611190796,-4.246255777551333e-11,2.9552850448017125,1.2402232926276617e-11,0
-0.2949579656124115,-3.87519946687398e-11,2.965365044954524,1.1430209510914507e-11,0
-0.2928588092327118,-8.725091482642e-11,2.975400045106653,2.555219902053012e-11,0
-0.2983093857765198,3.332132746808325e-12,2.9854350452587823,-9.940064730262191e-13,0
-0.29549509286880493,-8.645543309038217e-11,2.9955150454115937,2.554715623005523e-11,0
-0.29685208201408386,-4.767778186143268e-11,3.005550045563723,1.4153248811379613e-11,0
-0.30031922459602356,-3.286630342880237e-11,3.0156300457165344,9.870382761075558e-12,0
-0.29795122146606445,-8.918651234202102e-11,3.0256650458686636,2.6573230290603395e-11,0
-0.30320626497268677,2.749641226512667e-12,3.035700046020793,-8.337084463058231e-13,0
-0.3006880283355713,-8.480029178858928e-11,3.045780046173604,2.5498432540192046e-11,0
-0.30174070596694946,-5.250769957720891e-11,3.0558150463257334,1.584371033912751e-11,0
-0.30561867356300354,-2.701860783715926e-11,3.0658500464778626,8.257391088711585e-12,0
-0.30292069911956787,-9.068377992971222e-11,3.075930046630674,2.7469994015113462e-11,0
-0.30810725688934326,1.4056049076408006e-12,3.0859650467828033,-4.3307707236340576e-13,0
-0.3058047592639923,-8.417354313561276e-11,3.0960450469356147,2.5740670094983333e-11,0
-0.3065902292728424,-5.828274668440159e-11,3.106080047087744,1.7868920668621678e-11,0
-0.3109828233718872,-2.1864579591301947e-11,3.116115047239873,6.799508693142423e-12,0
-0.3080013394355774,-9.091770392100074e-11,3.1261950473926845,2.8002774586075473e-11,0
-0.31302061676979065,1.7886439942008114e-12,3.1362300475448137,-5.598824462463198e-13,0
-0.31089431047439575,-8.037208398814499e-11,3.146265047696943,2.498722363288456e-11,0
-0.3114185333251953,-6.236757638111712e-11,3.1563450478497543,1.9422419163654585e-11,0
-0.3161246180534363,-1.8800268633545336e-11,3.1663800480018836,5.943227741081518e-12,0
-0.31309404969215393,-9.345117735204411e-11,3.176460048154695,2.925900756565119e-11,0
-0.31782999634742737,-2.4006289577743756e-12,3.186495048306824,7.629918928809582e-13,0
-0.3160896301269531,-7.902804799453378e-11,3.1965300484589534,2.4979946460247282e-11,0
-0.3163829445838928,-6.650323347567877e-11,3.206610048611765,2.1040488831385362e-11,0
-0.32130759954452515,-1.4580040300082864e-11,3.216645048763894,4.684677750082063e-12,0
-0.318084180355072,-9.529020628118445e-11,3.2266800489160232,3.031030716081629e-11,0
-0.3225499093532562,-8.00384064580939e-12,3.2367600490688346,2.5816380747837266e-12,0
-0.3212438225746155,-7.849315641905719e-11,3.246795049220964,2.5215441614005147e-11,0
-0.3213132917881012,-7.2236647219448e-11,3.2568750493737753,2.3210594905816625e-11,0
-0.3265542984008789,-1.1927634227526518e-11,3.2669100495259045,3.895020226752231e-12,0
-0.3232322037220001,-9.562337727198056e-11,3.2769450496780337,3.0908554962962496e-11,0
-0.32726579904556274,-1.1746672211321307e-11,3.287025049830845,3.844284067364375e-12,0
-0.3264082670211792,-7.573708327157647e-11,3.2970600499829743,2.4721210099914016e-11,0
-0.32622095942497253,-7.593880385625695e-11,3.3070950501351035,2.4772829451572947e-11,0
-0.3316730558872223,-8.811551314991117e-12,3.317175050287915,2.922554151750176e-12,0
-0.3282957971096039,-9.615601370693838e-11,3.327210050440044,3.156761516680133e-11,0
-0.3319656550884247,-1.7365333129792937e-11,3.3372900505928556,5.7646941882604364e-12,0
-0.33160489797592163,-7.303994215002163e-11,3.3473250507449848,2.422040256482514e-11,0
-0.33122897148132324,-7.980772293025851e-11,3.357360050897114,2.6434629982455942e-11,0
-0.3367536962032318,-6.44579918954169e-12,3.3674400510499254,2.17064670206196e-12,0
-0.3333944082260132,-9.608348144896084e-11,3.3774750512020546,3.2033695437971415e-11,0
-0.3367001414299011,-2.1728589413849697e-11,3.387510051354184,7.316019128715445e-12,0
-0.3368799686431885,-6.778100303250767e-11,3.3975900515069952,2.2834062176195047e-11,0
-0.3362020254135132,-8.172745119550129e-11,3.4076250516591244,2.7476934623811583e-11,0
-0.34178024530410767,-3.8836373353334785e-12,3.417705051811936,1.3273505211424673e-12,0
-0.3384592831134796,-9.591623328919496e-11,3.427740051964065,3.2463739558006196e-11,0
-0.34134384989738464,-2.8265183596443144e-11,3.4377750521161943,9.648146586866307e-12,0
-0.34223121404647827,-6.278687986194242e-11,3.4478550522690057,2.1487630121342934e-11,0
-0.34122031927108765,-8.390782513245654e-11,3.457890052421135,2.8631054881039412e-11,0
-0.3468211591243744,-2.0984086863962137e-12,3.467925052573264,7.277725329325907e-13,0
-0.34356197714805603,-9.516369636752842e-11,3.4780050527260755,3.269462767674534e-11,0
-0.3459916412830353,-3.401983209028181e-11,3.4880400528782047,1.1770577541089876e-11,0
-0.3475443422794342,-5.704684641338886e-11,3.498120053031016,1.9826308715857133e-11,0
-0.34621354937553406,-8.639806231558467e-11,3.5081550531831454,2.991217981344714e-11,0
-0.3518003821372986,-1.0490178604244393e-12,3.5181900533352746,3.690448841661691e-13,0
-0.34865468740463257,-9.457446631389033e-11,3.528270053488086,3.2973830989129385e-11,0
-0.35074442625045776,-4.062668951254622e-11,3.538305053640215,1.4249584903533514e-11,0
-0.35281720757484436,-5.3174048497695026e-11,3.5483400537923444,1.8760719306406107e-11,0
-0.35122406482696533,-8.985399924110737e-11,3.558420053945156,3.155888685442079e-11,0
-0.35678163170814514,-1.4909859371442513e-12,3.568455054097285,5.319563955082239e-13,0
-0.35373735427856445,-9.396096400937637e-11,3.5785350542500964,3.323750281414021e-11,0
-0.35551509261131287,-4.556235944086495e-11,3.5885700544022257,1.619810643620903e-11,0
-0.3582204580307007,-4.6966097677625385e-11,3.598605054554355,1.6824217021993593e-11,0
-0.3562406003475189,-9.165700143309863e-11,3.6086850547071663,3.265194521658046e-11,0
-0.3616846799850464,-1.5499150357242697e-12,3.6187200548592955,5.605805236999442e-13,0
-0.3588647246360779,-9.263159683747801e-11,3.6287550550114247,3.324221249168173e-11,0
-0.36034324765205383,-5.043510054036915e-11,3.638835055164236,1.8173947924374474e-11,0
-0.36355987191200256,-4.0812544316315424e-11,3.6488700553163653,1.4837803384042564e-11,0
-0.36124712228775024,-9.38903399472224e-11,3.6589500554691767,3.391761511655269e-11,0
-0.3666223883628845,-2.4006289577743756e-12,3.668985055621306,8.801243220723438e-13,0
-0.36395713686943054,-9.124449806829915e-11,3.679020055773435,3.3209086272026445e-11,0
-0.36511123180389404,-5.588162571568134e-11,3.6891000559262466,2.0403009200256575e-11,0
-0.36888283491134644,-3.492190217557756e-11,3.699135056078376,1.2882090275023766e-11,0
-0.366299569606781,-9.507715448275889e-11,3.709170056230505,3.482672076647201e-11,0
-0.371530681848526,-2.4778690384252844e-12,3.7192500563833164,9.206043733774974e-13,0
-0.3690701425075531,-8.948115859386263e-11,3.7292850565354456,3.302482395397784e-11,0
-0.3699533939361572,-6.135683627839228e-11,3.739365056688257,2.2699169822376362e-11,0
-0.37420231103897095,-3.095516204476567e-11,3.7494000568403862,1.1583493175737152e-11,0
-0.37138786911964417,-9.724619720596905e-11,3.7594350569925155,3.611605796031354e-11,0
-0.3764510154724121,-4.437558827341537e-12,3.769515057145327,1.6705235267712878e-12,0
-0.3742448687553406,-8.791500166749344e-11,3.779550057297456,3.290173826067663e-11,0
-0.374854177236557,-6.638549432391727e-11,3.7895850574495853,2.4884879855234134e-11,0
-0.37943530082702637,-2.62104192516599e-11,3.7996650576023967,9.945158313556057e-12,0
-0.37638145685195923,-9.875569112471894e-11,3.809700057754526,3.716981089794381e-11,0
-0.3813132345676422,-6.946756104381224e-12,3.8197800579073373,2.648890039914118e-12,0
-0.37934309244155884,-8.641130172515332e-11,3.8298150580594665,3.277953041832027e-11,0
-0.3797633945941925,-7.089129977488895e-11,3.8398500582115958,2.6921920649706342e-11,0
-0.38467028737068176,-2.1823187354441664e-11,3.849930058364407,8.394731750977303e-12,0
-0.3814986050128937,-1.0022438434731384e-10,3.8599650585165364,3.823546281677633e-11,0
-0.38607847690582275,-9.90424409152979e-12,3.8700000586686656,3.8238154737613156e-12,0
-0.3845600485801697,-8.442292004362528e-11,3.880080058821477,3.246568223325632e-11,0
-0.384672611951828,-7.518179134802239e-11,3.890115058973606,2.8920376049061115e-11,0
-0.389875203371048,-1.7246162831163758e-11,3.9001950591264176,6.723851241170179e-12,0
-0.38648808002471924,-1.0131420702386151e-10,3.910230059278547,3.915673335187916e-11,0
-0.39083331823349,-1.3925020858618353e-11,3.920265059430676,5.442362108644373e-12,0
-0.38965675234794617,-8.312749100181094e-11,3.9303450595834875,3.239118817459877e-11,0
-0.38953861594200134,-8.029728965075478e-11,3.9403800597356167,3.1278895074449004e-11,0
-0.39504680037498474,-1.4795357647368057e-11,3.950415059887746,5.844858698996313e-12,0
-0.39156875014305115,-1.031083898817009e-10,3.9604950600405573,4.0374023355240043e-11,0
-0.39560049772262573,-1.905411592395545e-11,3.9705300601926865,7.537817743181385e-12,0
-0.39490175247192383,-8.036229320884658e-11,3.980610060345498,3.17352104208361e-11,0
-0.3945029079914093,-8.352031566349893e-11,3.990645060497627,3.294900740561078e-11,0
-0.4002009928226471,-1.0817645390570618e-11,4.000680060649756,4.3292324253096934e-12,0
-0.39659127593040466,-1.0263832145307461e-10,4.010760060802568,4.0705462864429885e-11,0
-0.40023598074913025,-2.4101618270599978e-11,4.020795060954697,9.646334826174739e-12,0
-0.40012481808662415,-7.642610155844665e-11,4.030830061106826,3.0579979983143326e-11,0
-0.39946332573890686,-8.641130172515332e-11,4.040910061259638,3.4518145968557886e-11,0
-0.4052378237247467,-8.70526394025628e-12,4.050945061411767,3.5277022140989685e-12,0
-0.4016498923301697,-1.0311500264759133e-10,4.061025061564578,4.141612971103022e-11,0
-0.40486466884613037,-3.080509805575282e-11,4.071060061716707,1.2471895823114941e-11,0
-0.40537163615226746,-7.284729069967355e-11,4.081095061868837,2.9530225420186523e-11,0
-0.40446382761001587,-9.069701933928087e-11,4.091175062021648,3.6683663594785174e-11,0
-0.4102829098701477,-8.086508893057065e-12,4.101210062173777,3.3177563993342797e-12,0
-0.4067486822605133,-1.0388705173891566e-10,4.1112450623259065,4.225592139873371e-11,0
-0.4095224440097809,-3.780083884796781e-11,4.121325062478718,1.5480291910639648e-11,0
-0.41077280044555664,-6.743488406568687e-11,4.131360062630847,2.770041617538364e-11,0
-0.4094843566417694,-9.337172701684437e-11,4.1414400627836585,3.823426156602344e-11,0
-0.41524645686149597,-7.337370294679957e-12,4.151475062935788,3.0468170175466427e-12,0
-0.4118637442588806,-1.0361280583515153e-10,4.161510063087917,4.2674358164433904e-11,0
-0.4142443537712097,-4.46443021440146e-11,4.171590063240728,1.849365009121396e-11,0
-0.41610193252563477,-6.259816970333176e-11,4.1816250633928576,2.6047219386123988e-11,0
-0.41447579860687256,-9.638492781682828e-11,4.191660063544987,3.994921993054567e-11,0
-0.42029905319213867,-6.929101389885339e-12,4.201740063697798,2.9122947536411402e-12,0
-0.4169993996620178,-1.030053750628035e-10,4.211775063849927,4.295317956315004e-11,0
-0.4189341962337494,-5.058737109764344e-11,4.221855064002739,2.119277965036966e-11,0
-0.42143747210502625,-5.781041617636262e-11,4.231890064154868,2.436347565470578e-11,0
-0.41950032114982605,-9.921351934449874e-11,4.241925064306997,4.16201032274217e-11,0
-0.4251973628997803,-7.427851736463431e-12,4.252005064459809,3.1583029703548046e-12,0
-0.42212679982185364,-1.0189252913628266e-10,4.262040064611938,4.301156725005398e-11,0
-0.42377761006355286,-5.533855665373899e-11,4.272075064764067,2.345124128308803e-11,0
-0.42685484886169434,-5.096032970608455e-11,4.2821550649168785,2.1752663834632833e-11,0
-0.4245350956916809,-1.0087259499913515e-10,4.292190065069008,4.282395677062601e-11,0
-0.43017175793647766,-6.825379671171472e-12,4.302270065221819,2.93608557173173e-12,0
-0.4272516667842865,-9.93633508805658e-11,4.312305065373948,4.245315728099364e-11,0
-0.4285900890827179,-5.858193097285636e-11,4.3223400655260775,2.5107635014294136e-11,0
-0.4322441518306732,-4.203138531666539e-11,4.332420065678889,1.8167820496470245e-11,0
-0.42956575751304626,-9.995466954126897e-11,4.342455065831018,4.293710333846142e-11,0
-0.43509042263031006,-4.3445130305797e-12,4.352490065983147,1.8902560105978107e-12,0
-0.4323623478412628,-9.54373455264168e-11,4.362570066135959,4.126351478353941e-11,0
-0.43333667516708374,-6.315119954747317e-11,4.372605066288088,2.7365730844715066e-11,0
-0.4374971389770508,-3.675478671416599e-11,4.382685066440899,1.6080114031159337e-11,0
-0.4345549941062927,-1.0290315127781113e-10,4.392720066593029,4.4717078297048166e-11,0
-0.4399729073047638,-6.810468421852844e-12,4.402755066745158,2.9964215916698825e-12,0
-0.43749311566352844,-9.517252264057419e-11,4.412835066897969,4.16373234555825e-11,0
-0.4382088780403137,-6.928208007295211e-11,4.422870067050098,3.036002257706752e-11,0
-0.44279077649116516,-3.263499886996257e-11,4.432905067202228,1.4450476490419025e-11,0
-0.43961963057518005,-1.0493345775630658e-10,4.442985067355039,4.613080793380376e-11,0
-0.4447668492794037,-9.333085519702689e-12,4.453020067507168,4.151047040653391e-12,0
-0.44263994693756104,-9.402274792069676e-11,4.46310006765998,4.161822415054089e-11,0
-0.4431009292602539,-7.505260302131944e-11,4.473135067812109,3.3255878142147585e-11,0
-0.44801291823387146,-2.9092455874901724e-11,4.483170067964238,1.303379605510486e-11,0
-0.4447283446788788,-1.069416985521876e-10,4.4932500681170495,4.756000457426204e-11,0
-0.4496307969093323,-1.3177074015269241e-11,4.503285068269179,5.924818290418764e-12,0
-0.44776180386543274,-9.270639117486823e-11,4.513320068421308,4.151038094231343e-11,0
-0.4480012059211731,-7.990327149931531e-11,4.523400068574119,3.579676198874016e-11,0
-0.4532679617404938,-2.5012752286057705e-11,4.533435068726249,1.1337479246221252e-11,0
-0.4497649073600769,-1.0856153476179742e-10,4.54351506887906,4.8827168625007584e-11,0
-0.454380601644516,-1.7987666911523092e-11,4.553550069031189,8.173246913439016e-12,0
-0.45294272899627686,-9.078439389131887e-11,4.563585069183318,4.1120131119406895e-11,0
-0.4529295563697815,-8.418016977929099e-11,4.57366506933613,3.8127686953267156e-11,0
-0.45846328139305115,-2.0588539553778595e-11,4.583700069488259,9.43908940291596e-12,0
-0.45482203364372253,-1.0820473683725851e-10,4.593735069640388,4.921389845820573e-11,0
-0.45912256836891174,-2.1397262434108555e-11,4.6038150697932,9.823966084811552e-12,0
-0.4581586718559265,-8.773368143089044e-11,4.613850069945329,4.019594696140773e-11,0
-0.4578659236431122,-8.79362346828394e-11,4.62393007009814,4.026300531475574e-11,0
-0.4635598659515381,-1.7241749694640873e-11,4.6339650702502695,7.992583177217696e-12,0
-0.45991650223731995,-1.0801208538691043e-10,4.644000070402399,4.967654051050658e-11,0
-0.46377032995224,-2.5396089745055583e-11,4.65408007055521,1.1777952920561126e-11,0
-0.4633951485157013,-8.200849721529124e-11,4.664115070707339,3.800233974662936e-11,0
-0.46284350752830505,-8.871507695129566e-11,4.6741500708594685,4.1061197386781174e-11,0
-0.4686044454574585,-1.2605140889410116e-11,4.68423007101228,5.9068250563951625e-12,0
-0.46496155858039856,-1.0728453542219185e-10,4.694265071164409,4.98831848014763e-11,0
-0.4683620035648346,-3.154934646865115e-11,4.704300071316538,1.4776515123218592e-11,0
-0.4686465561389923,-7.900728682397329e-11,4.71438007146935,3.7026492879940665e-11,0
-0.46785566210746765,-9.344980345105114e-11,4.724415071621479,4.3721019667404246e-11,0
-0.4736770987510681,-1.2168182260408056e-11,4.73449507177429,5.763789270184302e-12,0
-0.47009310126304626,-1.0846538250897098e-10,4.74453007192642,5.098882804332474e-11,0
-0.4730489253997803,-3.887015015413553e-11,4.754565072078549,1.8387482760541916e-11,0
-0.4739837646484375,-7.430668580443722e-11,4.76464507223136,3.5220162676135764e-11,0
-0.47278133034706116,-9.692888852663728e-11,4.7746800723834895,4.5826168866685566e-11,0
-0.4786868393421173,-1.161545425815147e-11,4.784715072535619,5.560165086357465e-12,0
-0.4751381576061249,-1.0938689537498547e-10,4.79479507268843,5.197388793472454e-11,0
-0.4776638150215149,-4.727660971037828e-11,4.804830072840559,2.2582325755542486e-11,0
-0.47928088903427124,-7.135390889256854e-11,4.814910072993371,3.419856489010064e-11,0
-0.47780996561050415,-1.0288979390704611e-10,4.8249450731455,4.916176888839756e-11,0
-0.4837009906768799,-1.3938619355946535e-11,4.834980073297629,6.742123991139273e-12,0
-0.4802388548851013,-1.1174382252843174e-10,4.8450600734504405,5.3663725371538044e-11,0
-0.48242276906967163,-5.6034375056635e-11,4.85509507360257,2.7032258377910395e-11,0
-0.4846211075782776,-6.850920525325321e-11,4.865130073754699,3.3201006929139126e-11,0
-0.4828122854232788,-1.0714472364892202e-10,4.87521007390751,5.173078889598167e-11,0
-0.4886411428451538,-1.480215602867041e-11,4.88524507405964,7.2329424384217925e-12,0
-0.48540571331977844,-1.1135099786674374e-10,4.895325074212451,5.405041054837587e-11,0
-0.48716938495635986,-6.183661915848404e-11,4.90536007436458,3.012490772321933e-11,0
-0.4900263845920563,-6.235111732477705e-11,4.915395074516709,3.055369259793562e-11,0
-0.48780277371406555,-1.0991654114667071e-10,4.925475074669521,5.361759364840219e-11,0
-0.4935544729232788,-1.621645526195259e-11,4.93551007482165,8.003704029496941e-12,0
-0.4904874861240387,-1.1176088526854144e-10,4.945545074973779,5.4817315662364e-11,0
-0.4919795095920563,-6.842761079983717e-11,4.955625075126591,3.3664982403859984e-11,0
-0.49545639753341675,-5.724469162582402e-11,4.96566007527872,2.8362248690842117e-11,0
-0.492887407541275,-1.1276338890420234e-10,4.975740075431531,5.557965442256087e-11,0
-0.4985109865665436,-1.6760414237038113e-11,4.9857750755836605,8.355250636569812e-12,0
-0.4956457316875458,-1.0960090474076978e-10,4.99581007573579,5.432322062385584e-11,0
-0.4967955946922302,-7.345262592606261e-11,5.005890075888601,3.64909409786442e-11,0
-0.5007196664810181,-5.124525456756679e-11,5.01592507604073,2.565950677580691e-11,0
-0.4979079067707062,-1.1488186096864084e-10,5.02596007619286,5.720058692081925e-11,0
-0.5034054517745972,-1.8016355768368797e-11,5.036040076345671,9.069531714907564e-12,0
-0.5007875561714172,-1.0852885257151001e-10,5.0460750764978,5.434989885337453e-11,0
-0.5016277432441711,-7.931624801393866e-11,5.056155076650612,3.978723049382702e-11,0
-0.5060631632804871,-4.579885082289792e-11,5.066190076802741,2.317711132204686e-11,0
-0.5029282569885254,-1.1653414344614532e-10,5.07622507695487,5.860831364302066e-11,0
-0.5082957744598389,-1.9616327659455202e-11,5.086305077107681,9.97089645972074e-12,0
-0.5059294104576111,-1.0682897622071863e-10,5.096340077259811,5.404792095913833e-11,0
-0.5065077543258667,-8.444498572623971e-11,5.10637507741194,4.277204008427754e-11,0
-0.511346161365509,-4.179966442419136e-11,5.116455077564751,2.1374097949676684e-11,0
-0.5079836845397949,-1.181478803680136e-10,5.1264900777168805,6.001719558991045e-11,0
-0.5130898356437683,-2.2536000843231818e-11,5.136570077869692,1.1562992968721638e-11,0
-0.5111247301101685,-1.0504976055702997e-10,5.146605078021821,5.369353051284976e-11,0
-0.5113964080810547,-8.903239256952133e-11,5.15664007817395,4.5530845762915594e-11,0
-0.5165691375732422,-3.735505307855824e-11,5.166720078326762,1.9296467552793517e-11,0
-0.5131110548973083,-1.1941485300592802e-10,5.176755078478891,6.127308119627874e-11,0
-0.5178473591804504,-2.6343189782340737e-11,5.18679007863102,1.3641751261174576e-11,0
-0.5162624716758728,-1.0331583505385211e-10,5.196870078783832,5.333808836815847e-11,0
-0.5162686109542847,-9.415241503107907e-11,5.206905078935961,4.8607936526086506e-11,0
-0.5217058658599854,-3.376228810414439e-11,5.216985079088772,1.7613983748786932e-11,0
-0.51813143491745,-1.203146748895989e-10,5.227020079240901,6.233881514217436e-11,0
-0.5225569605827332,-3.065181095052161e-11,5.237055079393031,1.6017317166661108e-11,0
-0.5214152932167053,-1.003564384371991e-10,5.247135079545842,5.2327381773916406e-11,0
-0.52121901512146,-9.774483306079773e-11,5.257170079697971,5.094646562116051e-11,0
-0.526883602142334,-2.992653000410961e-11,5.2672050798501004,1.5767797928185907e-11,0
-0.5231810212135315,-1.2131276538873692e-10,5.277285080002912,6.346853648231694e-11,0
-0.5272150635719299,-3.7435454042222815e-11,5.287320080155041,1.9736535282714563e-11,0
-0.5265901684761047,-1.0009602868787937e-10,5.2974000803078525,5.270958461053941e-11,0
-0.5261532068252563,-1.047480852056637e-10,5.307435080459982,5.511354093976515e-11,0
-0.5319781303405762,-3.0164513248331914e-11,5.317470080612111,1.6046861360481152e-11,0
-0.528279721736908,-1.2419712480671308e-10,5.327550080764922,6.561082253341441e-11,0
-0.5318916440010071,-4.527755601002603e-11,5.3375850809170515,2.4082753702520425e-11,0
-0.5318545699119568,-9.735272310518184e-11,5.347620081069181,5.1777490676864304e-11,0
-0.5311597585678101,-1.0813781814444923e-10,5.357700081221992,5.74384573776554e-11,0
-0.5370540618896484,-2.7585232709181895e-11,5.367735081374121,1.4814761274637328e-11,0
-0.5333583354949951,-1.2349754552332115e-10,5.377815081526933,6.586844531803595e-11,0
-0.5365550518035889,-5.0216619057463774e-11,5.387850081679062,2.6943980639778563e-11,0
-0.5372002124786377,-9.119916627442493e-11,5.397885081831191,4.899221150049568e-11,0
-0.536166250705719,-1.1039101577292598e-10,5.407965081984003,5.918793703856561e-11,0
-0.5420764684677124,-2.5717636353839168e-11,5.418000082136132,1.3940925492025992e-11,0
-0.5384846329689026,-1.2326790976846524e-10,5.428035082288261,6.637787514851581e-11,0
-0.5411947965621948,-5.697622582068185e-11,5.4381150824410724,3.0835236941905584e-11,0
-0.5424943566322327,-8.560317038552867e-11,5.448150082593202,4.643923684397677e-11,0
-0.5411306619644165,-1.132886215393647e-10,5.458230082746013,6.130394676663267e-11,0
-0.5470551252365112,-2.521953999801152e-11,5.468265082898142,1.3796478612019396e-11,0
-0.5435441136360168,-1.2307979635473032e-10,5.4783000830502715,6.689929881613335e-11,0
-0.5458666086196899,-6.385279804899113e-11,5.488380083203083,3.4855110321880744e-11,0
-0.5478564500808716,-8.08480504765896e-11,5.498415083355212,4.42931259300635e-11,0
-0.5461129546165466,-1.1692170842625416e-10,5.508450083507341,6.385245964747603e-11,0
-0.5520094633102417,-2.562118919802181e-11,5.518530083660153,1.4143138898570181e-11,0
-0.5486591458320618,-1.2290753137467192e-10,5.528565083812282,6.743434118035483e-11,0
-0.5505945086479187,-7.059033219070088e-11,5.538645083965093,3.886664926783231e-11,0
-0.5532019734382629,-7.64009897014084e-11,5.548680084117223,4.2265178275455533e-11,0
-0.5511436462402344,-1.204778499186432e-10,5.558715084269352,6.640060149534473e-11,0
-0.5569378137588501,-2.7236607066938312e-11,5.568795084422163,1.516909639406947e-11,0
-0.5538010001182556,-1.2358522538669092e-10,5.578830084574292,6.844162141898947e-11,0
-0.5554106831550598,-7.677741081790757e-11,5.588865084726422,4.264299419325072e-11,0
-0.5586193799972534,-7.061461138047065e-11,5.598945084879233,3.944669042810551e-11,0
-0.5561598539352417,-1.2305712004945235e-10,5.608980085031362,6.843942991239492e-11,0
-0.5618821978569031,-2.7393295964905917e-11,5.619060085184174,1.539180534330597e-11,0
-0.5589300394058228,-1.219792183926316e-10,5.629095085336303,6.817784934288504e-11,0
-0.5601922869682312,-8.245046312360671e-11,5.639130085488432,4.6188113498803054e-11,0
-0.5639605522155762,-6.501801180780475e-11,5.6492100856412435,3.666759384308842e-11,0
-0.5611844062805176,-1.2581546915413355e-10,5.659245085793373,7.060567935816721e-11,0
-0.5668037533760071,-2.910605784167686e-11,5.669280085945502,1.6497422830641607e-11,0
-0.5640748143196106,-1.210589684053076e-10,5.679360086098313,6.82863151249475e-11,0
-0.5650294423103333,-8.858588862459271e-11,5.6893950862504425,5.0053635246118915e-11,0
-0.5693058371543884,-5.964652383116942e-11,5.699475086403254,3.3957114183053085e-11,0
-0.5662633776664734,-1.2771705915071152e-10,5.709510086555383,7.232149330031068e-11,0
-0.5716635584831238,-3.081273083904712e-11,5.719545086707512,1.7614515358032365e-11,0
-0.5692136287689209,-1.2011884542584284e-10,5.729625086860324,6.83732838883771e-11,0
-0.5698912739753723,-9.503862280491049e-11,5.739660087012453,5.416168182715531e-11,0
-0.5745906233787537,-5.570119712694499e-11,5.749695087164582,3.2005385580114164e-11,0
-0.5713120102882385,-1.296039248144254e-10,5.759775087317394,7.40442788269751e-11,0
-0.5765398740768433,-3.305883691795408e-11,5.769810087469523,1.9059737673804144e-11,0
-0.5743323564529419,-1.1797378351996457e-10,5.779890087622334,6.77561610886905e-11,0
-0.5747632384300232,-9.976058867877668e-11,5.7899250877744635,5.7338719016699196e-11,0
-0.5798147320747375,-5.148550683009567e-11,5.799960087926593,2.985205534842399e-11,0
-0.5763826370239258,-1.3171368162812058e-10,5.810040088079404,7.591747914894595e-11,0
-0.5812947154045105,-3.756011127120651e-11,5.820075088231533,2.1833494191957735e-11,0
-0.579522430896759,-1.1676304367824741e-10,5.8301100883836625,6.766680291132239e-11,0
-0.5796535611152649,-1.0527551747019359e-10,5.840190088536474,6.102332859985e-11,0
-0.5850389003753662,-4.8149213782711087e-11,5.850225088688603,2.816916308537572e-11,0
-0.5814412832260132,-1.3324745473664024e-10,5.8603050888414145,7.747557106867221e-11,0
-0.5860208868980408,-4.2770682828763285e-11,5.870340088993544,2.5064513484546663e-11,0
-0.5847012996673584,-1.1576352376696519e-10,5.880375089145673,6.768708280061768e-11,0
-0.5845999121665955,-1.1102659069894827e-10,5.890455089298484,6.49061351707617e-11,0
-0.5901930928230286,-4.5896307587778296e-11,5.900490089450614,2.7087683724387906e-11,0
-0.5865353345870972,-1.3534837139950184e-10,5.910525089602743,7.938660230462551e-11,0
-0.5907107591629028,-4.900947009334189e-11,5.920605089755554,2.895042128500957e-11,0
-0.5898493528366089,-1.1450562026338318e-10,5.930640089907683,6.754106600851106e-11,0
-0.5895001888275146,-1.160560189616966e-10,5.940720090060495,6.841504509248976e-11,0
-0.5953204035758972,-4.398665806593094e-11,5.950755090212624,2.6186155031765e-11,0
-0.5915886163711548,-1.3626404171684925e-10,5.960790090364753,8.061225590041216e-11,0
-0.5954186320304871,-5.521294532684351e-11,5.970870090517565,3.2874816376883236e-11,0
-0.5950857996940613,-1.114209072228256e-10,5.980905090669694,6.630499967733298e-11,0
-0.5945033431053162,-1.2032599916445008e-10,5.990940090821823,7.153420876575305e-11,0
-0.6003268957138062,-4.2574270497919287e-11,6.0010200909746345,2.5558479645295765e-11,0
-0.596691370010376,-1.3784832997298935e-10,6.011055091126764,8.225290886522539e-11,0
-0.5999681353569031,-6.296343307843344e-11,6.021135091279575,3.777605353973686e-11,0
-0.6003870368003845,-1.0824374035989237e-10,6.031170091431704,6.498813852686597e-11,0
-0.5994578003883362,-1.2470034727041224e-10,6.041205091583834,7.475259588238298e-11,0
-0.6053855419158936,-4.241317019815227e-11,6.051285091736645,2.567632002477944e-11,0
-0.6017775535583496,-1.394643428520581e-10,6.061320091888774,8.392651105013443e-11,0
-0.604649007320404,-7.138992869082372e-11,6.071355092040903,4.3165849515580997e-11,0
-0.6057342886924744,-1.0487387347435373e-10,6.081435092193715,6.352570115141221e-11,0
-0.6045028567314148,-1.2913815850001953e-10,6.091470092345844,7.806438572629604e-11,0
-0.6103780269622803,-4.2313864218046504e-11,6.101550092498655,2.5827452954561056e-11,0
-0.6068927049636841,-1.3983049440557949e-10,6.111585092650785,8.486210698621143e-11,0
-0.6093276739120483,-7.81101155977737e-11,6.121620092802914,4.7594655046192653e-11,0
-0.6111055016517639,-9.976279524703813e-11,6.131700092955725,6.096559303562344e-11,0
-0.6094326972961426,-1.328620269358538e-10,6.1417350931078545,8.097046344375013e-11,0
-0.6153814196586609,-4.304958126088998e-11,6.151770093259984,2.649191243203736e-11,0
-0.6119673252105713,-1.407154531785082e-10,6.161850093412795,8.611325949744504e-11,0
-0.6140640377998352,-8.568023374122546e-11,6.171885093564924,5.261315029077059e-11,0
-0.6164507865905762,-9.509969894905268e-11,6.181965093717736,5.862428422167051e-11,0
-0.6145026683807373,-1.3654008479413449e-10,6.192000093869865,8.390424644692778e-11,0
-0.620337963104248,-4.3922185333222785e-11,6.202035094021994,2.72465989846987e-11,0
-0.6171021461486816,-1.4065586195766144e-10,6.212115094174806,8.679903428246558e-11,0
-0.6188353896141052,-9.25182708222394e-11,6.222150094326935,5.725358017070382e-11,0
-0.6218138337135315,-9.07436001340578e-11,6.232185094479064,5.642562588432621e-11,0
-0.6195011734962463,-1.4038663287418984e-10,6.242265094631875,8.696968380874732e-11,0
-0.6252451539039612,-4.5968836376308886e-11,6.252300094784005,2.874179217489126e-11,0
-0.6222529411315918,-1.4064482911635423e-10,6.262380094936816,8.751665857260156e-11,0
-0.6236198544502258,-9.879840001669749e-11,6.272415095088945,6.161264383832807e-11,0
-0.6272129416465759,-8.522692968027101e-11,6.2824500952410745,5.345543327226865e-11,0
-0.6245818138122559,-1.4288700778131158e-10,6.292530095393886,8.92446264902575e-11,0
-0.6301625967025757,-4.7648315848469736e-11,6.302565095546015,3.002618644357618e-11,0
-0.6273611783981323,-1.4092170486090794e-10,6.312600095698144,8.840880682341302e-11,0
-0.628407895565033,-1.0656653337548505e-10,6.322680095850956,6.696725097614941e-11,0
-0.6325564384460449,-8.17455825252722e-11,6.332715096003085,5.170869454088343e-11,0
-0.6296083331108093,-1.4670485659618038e-10,6.342795096155896,9.236660022078145e-11,0
-0.6350758671760559,-4.990545476868391e-11,6.3528300963080255,3.169374996403737e-11,0
-0.6324864625930786,-1.4006269755117984e-10,6.362865096460155,8.858776011538999e-11,0
-0.6332740783691406,-1.1271704403181815e-10,6.372945096612966,7.138078217574348e-11,0
-0.6378176808357239,-7.745509789103266e-11,6.382980096765095,4.940223090576242e-11,0
-0.634614884853363,-1.5003077946662557e-10,6.393015096917225,9.521176583567289e-11,0
-0.6399500966072083,-5.35776631394036e-11,6.403095097070036,3.428703070204979e-11,0
-0.6376426815986633,-1.4023042449462508e-10,6.413130097222165,8.941690391647162e-11,0
-0.6381503343582153,-1.197811988484787e-10,6.423210097374977,7.643841209498457e-11,0
-0.6430786848068237,-7.51386661224096e-11,6.433245097527106,4.832007458813821e-11,0
-0.6397051811218262,-1.5333760650104722e-10,6.443280097679235,9.809086133953972e-11,0
-0.6447581648826599,-5.840185973715606e-11,6.4533600978320464,3.7655075909863243e-11,0
-0.642798900604248,-1.394643428520581e-10,6.463395097984176,8.964752625879687e-11,0
-0.6430480480194092,-1.2585626985028853e-10,6.473430098136305,8.093162865823206e-11,0
-0.6483076214790344,-7.249705696876774e-11,6.483510098289116,4.700039456765187e-11,0
-0.6447523832321167,-1.5586702761805071e-10,6.4935450984412455,1.0049563752404435e-10,0
-0.6494520306587219,-6.463402035805643e-11,6.503625098594057,4.197669577117692e-11,0
-0.6480050086975098,-1.3988125935338047e-10,6.513660098746186,9.064375668390593e-11,0
-0.6479448676109314,-1.3295495260301493e-10,6.523695098898315,8.614747916257817e-11,0
-0.6534624695777893,-7.123914652629182e-11,6.533775099051127,4.655210861968464e-11,0
-0.649885892868042,-1.593302295654908e-10,6.543810099203256,1.035464685020391e-10,0
-0.6542229056358337,-7.090036890922136e-11,6.553845099355385,4.6384645358443324e-11,0
-0.6532039046287537,-1.3930084863389425e-10,6.563925099508197,9.099185824575871e-11,0
-0.6529014110565186,-1.3939634169179982e-10,6.573960099660326,9.101206818669271e-11,0
-0.658637285232544,-6.993710471858705e-11,6.584040099813137,4.6063184788874315e-11,0
-0.6549455523490906,-1.6195425556198018e-10,6.594075099965266,1.0607121936432688e-10,0
-0.6588872075080872,-7.880139596405655e-11,6.604110100117396,5.192123173449627e-11,0
-0.6584007740020752,-1.3881093496870278e-10,6.614190100270207,9.139322702334564e-11,0
-0.657837450504303,-1.4555896765688914e-10,6.624225100422336,9.575414018144625e-11,0
-0.6637325882911682,-7.001189905597727e-11,6.6342601005744655,4.646917897160379e-11,0
-0.6600582599639893,-1.6440164507525168e-10,6.644340100727277,1.0851466378358797e-10,0
-0.6635411977767944,-8.712625759743631e-11,6.654375100879406,5.7811861324012423e-11,0
-0.6636739373207092,-1.3666806575329815e-10,6.6644551010322175,9.070303330449696e-11,0
-0.6628501415252686,-1.5088465199486478e-10,6.674490101184347,1.0001391292878702e-10,0
-0.6687529683113098,-7.057852219327643e-11,6.684525101336476,4.719959621577927e-11,0
-0.6650708317756653,-1.677185612614096e-10,6.694605101489287,1.1154472304234356e-10,0
-0.6681313514709473,-9.749551860283034e-11,6.7046401016414165,6.513981260646992e-11,0
-0.6689856052398682,-1.355047601903081e-10,6.714675101793546,9.065073400879646e-11,0
-0.6678827404975891,-1.5730219904419585e-10,6.724755101946357,1.0505942378393476e-10,0
-0.6737095713615417,-7.284955971798013e-11,6.734790102098486,4.907944565147743e-11,0
-0.6702135801315308,-1.7083022496588995e-10,6.744870102251298,1.1449273666906391e-10,0
-0.6727849841117859,-1.072308006278e-10,6.754905102403427,7.21432724966685e-11,0
-0.6742982864379883,-1.3319066682893066e-10,6.764940102555556,8.981023841228095e-11,0
-0.672831118106842,-1.6346374254183615e-10,6.775020102708368,1.0998349266435258e-10,0
-0.6787011027336121,-7.504353388698703e-11,6.785055102860497,5.0932129202125286e-11,0
-0.675300657749176,-1.7361373449986672e-10,6.795090103012626,1.172414691020508e-10,0
-0.6775109171867371,-1.1711752401222242e-10,6.8051701031654375,7.934840111216051e-11,0
-0.6796788573265076,-1.314024028475913e-10,6.815205103317567,8.931143501740828e-11,0
-0.6778304576873779,-1.6973575323042667e-10,6.825240103469696,1.1505206329809194e-10,0
-0.6837019324302673,-7.836067905664379e-11,6.835320103622507,5.3575347697575337e-11,0
-0.6803642511367798,-1.7569891375135427e-10,6.8453551037746365,1.195392598799858e-10,0
-0.6822628974914551,-1.2568895924047752e-10,6.855435103927448,8.575291351409359e-11,0
-0.6850553154945374,-1.285488659963363e-10,6.865470104079577,8.806308395158517e-11,0
-0.682871401309967,-1.7621568093595386e-10,6.875505104231706,1.2033264897352485e-10,0
-0.6886423230171204,-8.293990494401271e-11,6.885585104384518,5.711592881146406e-11,0
-0.6855637431144714,-1.7877684055367382e-10,6.895620104536647,1.2256291999215566e-10,0
-0.6870909929275513,-1.3474775462096744e-10,6.905655104688776,9.258396851727855e-11,0
-0.6904420852661133,-1.2630246848388538e-10,6.915735104841588,8.720453971427137e-11,0
-0.6878752708435059,-1.819839279271207e-10,6.925770104993717,1.251822437120332e-10,0
-0.6935385465621948,-8.761624065156681e-11,6.935850105146528,6.076524019673114e-11,0
-0.690676748752594,-1.8183889116674123e-10,6.945885105298657,1.2559189414782162e-10,0
-0.691808819770813,-1.4571989448430855e-10,6.955920105450787,1.008103082203169e-10,0
-0.6957511901855469,-1.2635542612216e-10,6.966000105603598,8.791193811089476e-11,0
-0.6929203271865845,-1.8981242966287226e-10,6.976035105755727,1.31524890866078e-10,0
-0.6984676718711853,-9.377391918530265e-11,6.9860701059078565,6.549805101559502e-11,0
-0.6957752108573914,-1.8573977078606418e-10,6.996150106060668,1.2923312818327735e-10,0
-0.696664571762085,-1.5686428544992026e-10,7.006185106212797,1.0928179024773415e-10,0
-0.701090395450592,-1.2587211828396505e-10,7.0162651063656085,8.824773318390875e-11,0
-0.6979963183403015,-1.966504736827801e-10,7.026300106517738,1.3726130663045687e-10,0
-0.7033501267433167,-1.0060742516859733e-10,7.036335106669867,7.076224524365168e-11,0
-0.7009140253067017,-1.8990851946565357e-10,7.046415106822678,1.3310954481870735e-10,0
-0.701493501663208,-1.6812654046738373e-10,7.056450106974808,1.1793967559498606e-10,0
-0.7063162922859192,-1.279754358041174e-10,7.066485107126937,9.039113532083888e-11,0
-0.7030385136604309,-2.054911518722946e-10,7.076565107279748,1.4446819398266788e-10,0
-0.7081461548805237,-1.1121238652211929e-10,7.086600107431877,7.875462389072535e-11,0
-0.7061149477958679,-1.9537049755768976e-10,7.096680107584689,1.3795402868380085e-10,0
-0.7063800692558289,-1.8037472904186558e-10,7.106715107736818,1.2741311359259437e-10,0
-0.7115650773048401,-1.3035073020972732e-10,7.116750107888947,9.275302741842697e-11,0
-0.708095133304596,-2.131776422054088e-10,7.126830108041759,1.509500509749984e-10,0
-0.7128701210021973,-1.212008687856425e-10,7.136865108193888,8.640047799679241e-11,0
-0.711227536201477,-2.0032900338584625e-10,7.146900108346017,1.4247950350781278e-10,0
-0.7112697958946228,-1.9306432841315058e-10,7.1569801084988285,1.3732082546495404e-10,0
-0.7166925668716431,-1.3563396239479886e-10,7.167015108650958,9.72078526637003e-11,0
-0.7131437063217163,-2.2366461460698872e-10,7.177095108803769,1.5950501223384622e-10,0
-0.7175694108009338,-1.3562488632157255e-10,7.187130108955898,9.732026976771444e-11,0
-0.7164105176925659,-2.074435623278248e-10,7.1971651091080275,1.4861474987926702e-10,0
-0.716184139251709,-2.0721249716082468e-10,7.207245109260839,1.4840230392132242e-10,0
-0.7218281626701355,-1.420413647812424e-10,7.217280109412968,1.025294573632027e-10,0
-0.7181621789932251,-2.356955186577636e-10,7.227315109565097,1.6926760725819786e-10,0
-0.7221987247467041,-1.537668187223673e-10,7.237395109717909,1.1105020038965129e-10,0
-0.7215996980667114,-2.1863781618502998e-10,7.247430109870038,1.5776898214508278e-10,0
-0.721110463142395,-2.2540803945592103e-10,7.257510110022849,1.6254409572807846e-10,0
-0.7269535064697266,-1.5307921596985352e-10,7.267545110174979,1.1128147281692158e-10,0
-0.7232772707939148,-2.49344406233476e-10,7.277580110327108,1.803451416282777e-10,0
-0.7268885374069214,-1.7288923070957196e-10,7.287660110479919,1.2567120004388856e-10,0
-0.7268424034118652,-2.283021827143017e-10,7.2976951106320485,1.6593970718823784e-10,0
-0.7260663509368896,-2.4348548177677287e-10,7.307730110784178,1.7678661525977202e-10,0
-0.7319211363792419,-1.6730147822663355e-10,7.317810110936989,1.2245148806156463e-10,0
-0.728312075138092,-2.6727925428460253e-10,7.327845111089118,1.9466270832938065e-10,0
-0.7314361333847046,-1.9898753478297948e-10,7.33792511124193,1.4554667303341692e-10,0
-0.7320953607559204,-2.439206614468503e-10,7.347960111394059,1.785731846377546e-10,0
-0.7309879064559937,-2.68120109447878e-10,7.357995111546188,1.9599255748405623e-10,0
-0.7368955612182617,-1.8861751049925601e-10,7.3680751116989995,1.3899140625494063e-10,0
-0.733318030834198,-2.9140614921097097e-10,7.378110111851129,2.136933835123657e-10,0
-0.7359856963157654,-2.306502905335961e-10,7.388145112003258,1.697553146838023e-10,0
-0.7373164296150208,-2.656169728609825e-10,7.398225112156069,1.958437580750095e-10,0
-0.7358724474906921,-3.0074187584716583e-10,7.408260112308199,2.213076602425958e-10,0
-0.7417958378791809,-2.189353282000539e-10,7.41834011246101,1.6240531522351245e-10,0
-0.7384330630302429,-3.227519085324815e-10,7.428375112613139,2.383306804164971e-10,0
-0.7405943870544434,-2.712206847998999e-10,7.438410112765268,2.0086451681586826e-10,0
-0.7426697015762329,-2.9454447214583013e-10,7.44849011291808,2.187492552294727e-10,0
-0.7408846020698547,-3.3842023627883577e-10,7.458525113070209,2.5073034208783146e-10,0
-0.7467345595359802,-2.54101767405146e-10,7.468560113222338,1.897465713605958e-10,0
-0.7434312701225281,-3.590906738626387e-10,7.47864011337515,2.66959235758856e-10,0
-0.7452277541160583,-3.1689295632020276e-10,7.488675113527279,2.361574261337029e-10,0
-0.7478685975074768,-3.312798368959591e-10,7.49875511368009,2.477537870018866e-10,0
-0.7457238435745239,-3.8870712204541746e-10,7.5087901138322195,2.8986816907650027e-10,0
-0.7513843774795532,-3.073986065693646e-10,7.518825113984349,2.309745106352041e-10,0
-0.7483816742897034,-4.1554873431159933e-10,7.52890511413716,3.109890575330818e-10,0
-0.7497747540473938,-3.8489261777741035e-10,7.538940114289289,2.885827678287154e-10,0
-0.7531278133392334,-3.900511857946043e-10,7.5489751144414186,2.937583966478654e-10,0
-0.7505462169647217,-4.597432712305505e-10,7.55905511459423,3.450585729970756e-10,0
-0.7561330199241638,-3.800490755434538e-10,7.569090114746359,2.873676552100584e-10,0
-0.7532939910888672,-4.908136119752271e-10,7.579170114899171,3.6972694464556144e-10,0
-0.7542198896408081,-4.732911840221732e-10,7.5892051150513,3.5696562458117086e-10,0
-0.7581976056098938,-4.717110035912242e-10,7.599240115203429,3.576501534627062e-10,0
-0.755308210849762,-5.567920569049534e-10,7.60932011535624,4.205496123162392e-10,0
-0.7606532573699951,-4.825131405539196e-10,7.61935511550837,3.670251920861652e-10,0
-0.7581378817558289,-5.961827698186539e-10,7.629390115660499,4.519887422496372e-10,0
-0.7585670351982117,-5.96230786964469e-10,7.63947011581331,4.5228102036153377e-10,0
-0.7631150484085083,-5.896212407208168e-10,7.6495051159654395,4.4994884165535083e-10,0
-0.759998083114624,-6.911808902998473e-10,7.659585116118251,5.252961517133432e-10,0
-0.7649985551834106,-6.257938611753389e-10,7.66962011627038,4.787313996417821e-10,0
-0.7628844976425171,-7.449628136591002e-10,7.679655116422509,5.683205818606787e-10,0
-0.7628560662269592,-7.655387435079319e-10,7.689735116575321,5.839958744167901e-10,0
-0.7679028511047363,-7.571226423586097e-10,7.69977011672745,5.81396635703128e-10,0
-0.7644920945167542,-8.781969595972328e-10,7.709805116879579,6.713746330407338e-10,0
-0.7690570950508118,-8.287034947151994e-10,7.7198851170323906,6.37320302304127e-10,0
-0.7673470973968506,-9.568059677889096e-10,7.72992011718452,7.342022821548043e-10,0
-0.7666420340538025,-1.0082048529369558e-09,7.740000117337331,7.729322191985026e-10,0
-0.7715944051742554,-1.0192876542802765e-09,7.75003511748946,7.86476651305852e-10,0
-0.7708989381790161,-6.351561054884769e-09,7.770150117794401,4.89641167298986e-09,0
-0.7720134258270264,-7.447988892295143e-09,7.78018511794653,5.749947420262413e-09,0
-0.7737815380096436,-8.103118176450153e-09,7.790220118098659,6.270043245247497e-09,0
-0.7770779132843018,-7.686772995896263e-09,7.800300118251471,5.9732215195411885e-09,0
-0.7780917882919312,-8.354668956656042e-09,7.8103351184036,6.500699309071582e-09,0
-0.7765368223190308,-8.55498072382943e-09,7.8204151185564115,6.643257546283068e-09,0
-0.7796072363853455,-8.834991405137771e-09,7.830450118708541,6.887823232847738e-09,0
-0.7793576717376709,-9.426525338085412e-09,7.84048511886067,7.346634840066408e-09,0
-0.7800241112709045,-9.494733888004703e-09,7.850565119013481,7.406121362744608e-09,0
-0.7915279865264893,-2.7886629894169346e-08,7.87063511931774,2.2073048011141266e-08,0
-0.7860627770423889,-2.8647820116134426e-08,7.880715119470551,2.251898503669944e-08,0
-0.7873503565788269,-2.9450124117147425e-08,7.89075011962268,2.3187565724926735e-08,0
-0.7867020964622498,-2.7461693363761697e-08,7.900830119775492,2.1604171741674778e-08,0
-0.7896703481674194,-2.7142005976088512e-08,7.910865119927621,2.1433237309099995e-08,0
-0.7892152667045593,-2.6250718931919437e-08,7.92090012007975,2.0717468143041223e-08,0
-0.7904439568519592,-2.4819634347750252e-08,7.930980120232562,1.9618529981454506e-08,0
-0.7925971746444702,-2.507687568709116e-08,7.941015120384691,1.987586081849906e-08,0
-0.7914362549781799,-2.3861446152295684e-08,7.95105012053682,1.8884813581136398e-08,0
-0.7942840456962585,-2.4421648703309984e-08,7.961130120689631,1.939772593463784e-08,0
-0.7939886450767517,-2.4636197082372746e-08,7.971165120841761,1.956086074127696e-08,0
-0.7949674725532532,-2.4096593165268132e-08,7.981245120994572,1.9156007765737202e-08,0
-0.797268271446228,-2.527265685614566e-08,7.991280121146701,2.0149087446552913e-08,0
-0.7960963845252991,-2.493580453233335e-08,8.00131512129883,1.9851303833420146e-08,0
-0.798885703086853,-2.6176905976171838e-08,8.011395121451642,2.0912355935412484e-08,0
-0.7988833785057068,-2.7094166910046624e-08,8.021430121603771,2.1645079598895573e-08,0
-0.7997170686721802,-2.6839364508646213e-08,8.0314651217559,2.14638979098787e-08,0
-0.8022326827049255,-2.8374442351264406e-08,8.041545121908712,2.27629050077111e-08,0
-0.8010200262069702,-2.8362443060814257e-08,8.051580122060841,2.2718884883867137e-08,0
-0.8036797642707825,-2.993596481815075e-08,8.061660122213652,2.4058929148269833e-08,0
-0.8039804100990295,-3.095318845680595e-08,8.071695122365782,2.4885757149375392e-08,0
-0.8046777248382568,-3.0718169341525936e-08,8.08173012251791,2.4718226616935384e-08,0
-0.80721116065979,-3.245341417823511e-08,8.091810122670722,2.6196758126186047e-08,0
-0.8061844706535339,-3.2265603522319e-08,8.101845122822851,2.601202849595754e-08,0
-0.8087162375450134,-3.34644880695123e-08,8.11188012297498,2.7063274882945976e-08,0
-0.809141218662262,-3.4520301284146626e-08,8.121960123127792,2.7931798649642848e-08,0
-0.809576690196991,-3.4371350210449236e-08,8.131995123279921,2.7826243940977142e-08,0
-0.8121916055679321,-3.6231266875574875e-08,8.142075123432733,2.9426730815433393e-08,0
-0.8113278150558472,-3.595609499029706e-08,8.152110123584862,2.9172179986418206e-08,0
-0.813746988773346,-3.697269335134479e-08,8.162145123736991,3.008641788149713e-08,0
-0.8143481016159058,-3.7952293752141486e-08,8.172225123889802,3.090637836902562e-08,0
-0.8146361708641052,-3.758247757446043e-08,8.182260124041932,3.061604562284455e-08,0
-0.817213237285614,-3.9511082405851994e-08,8.192295124194061,3.2288979561544974e-08,0
-0.8162661790847778,-3.9641552262992263e-08,8.202375124346872,3.235805839870222e-08,0
-0.8184317946434021,-4.108907347699642e-08,8.212410124499002,3.362860414601279e-08,0
-0.8192805051803589,-4.260934005628769e-08,8.222490124651813,3.490900164671708e-08,0
-0.8196172118186951,-4.2093230234740986e-08,8.232525124803942,3.45003360014408e-08,0
-0.8222357034683228,-4.402815889648082e-08,8.242560124956071,3.6201524202663e-08,0
-0.8213127851486206,-4.428651934063055e-08,8.252640125108883,3.637308454419153e-08,0
-0.8235324621200562,-4.533250930194299e-08,8.262675125261012,3.733279299950946e-08,0
-0.8246851563453674,-4.615137427776972e-08,8.272710125413141,3.806035331181609e-08,0
-0.8245756030082703,-4.565721312133064e-08,8.282790125565953,3.7647824041198324e-08,0
-0.8271510601043701,-4.7766356203737814e-08,8.292825125718082,3.950999217124469e-08,0
-0.8261770009994507,-4.874960524148264e-08,8.302905125870893,4.027580265831523e-08,0
-0.8270127177238464,-5.2280476836585876e-08,8.312940126023022,4.323661923252349e-08,0
-0.8373812437057495,-1.765264983077941e-06,8.353125126632222,1.478199787000015e-06,0
-0.8347188830375671,-1.592241119396931e-06,8.363205126785033,1.3290737287094918e-06,0
-0.8359485864639282,-1.5399621133838082e-06,8.373240126937162,1.287329151891198e-06,0
-0.835310161113739,-1.5052878552523907e-06,8.383320127089974,1.2573822408934292e-06,0
-0.8367792367935181,-1.5310882872654474e-06,8.393355127242103,1.2811828884814759e-06,0
-0.8376920223236084,-1.5587768302793847e-06,8.403390127394232,1.305774915307922e-06,0
-0.8378735184669495,-1.5877366195127252e-06,8.413470127547043,1.3303224677899472e-06,0
-0.8400406241416931,-1.6454159776913002e-06,8.423505127699173,1.382216264872514e-06,0
-0.8399171233177185,-1.67024074926303e-06,8.433540127851302,1.402863805369035e-06,0
-0.8415411710739136,-1.7207001974384184e-06,8.443620128004113,1.448040059219441e-06,0
-0.8427680134773254,-1.761712496772816e-06,8.453655128156242,1.4847149412234052e-06,0
-0.8429080843925476,-1.7888912680064095e-06,8.463735128309054,1.5078709119018381e-06,0
-0.8450626730918884,-1.8470076383891865e-06,8.473770128461183,1.560837212118302e-06,0
-0.8451021909713745,-1.866175239229051e-06,8.483805128613312,1.577108783409e-06,0
-0.8464915752410889,-1.914555014081998e-06,8.493885128766124,1.6206546897559954e-06,0
-0.8478438854217529,-1.9556023289624136e-06,8.503920128918253,1.6580454769273218e-06,0
-0.8480024337768555,-1.980034767257166e-06,8.513955129070382,1.6790743015968664e-06,0
-0.8500009775161743,-2.0444017536647152e-06,8.524035129223194,1.737743489050789e-06,0
-0.8494803309440613,-2.1621110590785975e-06,8.534070129375323,1.8366708180039018e-06,0
-0.8502013683319092,-2.429698724881746e-06,8.544150129528134,2.0657331805287553e-06,0
-0.8511033654212952,-2.733733253990067e-06,8.554185129680263,2.3266895726350544e-06,0
-0.8502727746963501,-3.3134708701254567e-06,8.564220129832393,2.8173540706171016e-06,0
-0.8537148237228394,-3.538311602824251e-06,8.574300129985204,3.0207090662815828e-06,0
-0.8551943898200989,-3.580203383535263e-06,8.584335130137333,3.0617698480142928e-06,0
-0.8562585711479187,-3.6415842714632163e-06,8.594370130289462,3.118137744997828e-06,0
-0.857590913772583,-3.740532292795251e-06,8.604450130442274,3.2078465069741344e-06,0
-0.8579629063606262,-3.8076541386544704e-06,8.614485130594403,3.2668260112160563e-06,0
-0.8596591949462891,-3.895012923749164e-06,8.624565130747214,3.3483836743355977e-06,0
-0.860420823097229,-3.943798219552264e-06,8.634600130899344,3.393326110196545e-06,0
-0.8613571524620056,-3.998301053798059e-06,8.644635131051473,3.4439652103853324e-06,0
-0.8628619313240051,-4.061518666276243e-06,8.654715131204284,3.504529840491616e-06,0
-0.8632158637046814,-4.090372385689989e-06,8.664750131356413,3.530874331787162e-06,0
-0.8647946119308472,-4.152310339122778e-06,8.674785131508543,3.590895608338127e-06,0
-0.8656036853790283,-4.186820660834201e-06,8.684865131661354,3.624127394039143e-06,0
-0.866451621055603,-4.2256488086422905e-06,8.694900131813483,3.6613202602597903e-06,0
-0.867944598197937,-4.281717338017188e-06,8.704980131966295,3.7162934345424687e-06,0
-0.8681410551071167,-4.318658284319099e-06,8.715015132118424,3.749204559595873e-06,0
-0.8664125204086304,-5.017627245251788e-06,8.725050132270553,4.347335068029614e-06,0
-0.8616173267364502,-6.56858219372225e-06,8.735130132423365,5.659604230203613e-06,0
-0.8643273711204529,-7.933594133646693e-06,8.745165132575494,6.857222561071493e-06,0
-0.8694424033164978,-8.473276466247626e-06,8.755200132727623,7.367025854779457e-06,0
-0.8722497224807739,-8.633379366074223e-06,8.765280132880434,7.530462756129481e-06,0
-0.8741869926452637,-8.737654752621893e-06,8.775315133032564,7.638344130967128e-06,0
-0.8750856518745422,-8.877929758455139e-06,8.785395133185375,7.768948949974112e-06,0
-0.8757350444793701,-9.058009709406178e-06,8.795430133337504,7.932416535761386e-06,0
-0.8771613836288452,-9.250590665033087e-06,8.805465133489633,8.114260907124502e-06,0
-0.8780158162117004,-9.377950846101157e-06,8.815545133642445,8.233989166532714e-06,0
-0.8793864250183105,-9.502122338744812e-06,8.825580133794574,8.356037393555428e-06,0
-0.8806276321411133,-9.598901669960469e-06,8.835615133946703,8.453058048772666e-06,0
-0.8815591931343079,-9.671569387137424e-06,8.845695134099515,8.52606090526734e-06,0
-0.8830276727676392,-9.764229616848752e-06,8.855730134251644,8.62208495493481e-06,0
-0.8837584853172302,-9.818566468311474e-06,8.865765134403773,8.677241430021495e-06,0
-0.885134756565094,-9.899127690005116e-06,8.875845134556585,8.76206197809946e-06,0
-0.8863128423690796,-9.967701771529391e-06,8.885880134708714,8.834502089011525e-06,0
-0.8871428966522217,-1.001421424007276e-05,8.895960134861525,8.884039028634076e-06,0
-0.8885873556137085,-1.0096431651618332e-05,8.905995135013654,8.97156150244608e-06,0
-0.8891266584396362,-1.0125861990673002e-05,8.916030135165784,9.003173835588009e-06,0
-0.890369713306427,-1.0192302397626918e-05,8.926110135318595,9.074917363707487e-06,0
-0.891290009021759,-1.0242055395792704e-05,8.936145135470724,9.128641646117435e-06,0
-0.8919528722763062,-1.0274128726450726e-05,8.946180135622853,9.164038627694233e-06,0
-0.893339991569519,-1.034342494676821e-05,8.956260135775665,9.240195154745865e-06,0
-0.8938588500022888,-1.0368739822297357e-05,8.966295135927794,9.268189853531652e-06,0
-0.8950154185295105,-1.0429352187202312e-05,8.976375136080605,9.334431012820543e-06,0
-0.8960510492324829,-1.0481526260264218e-05,8.986410136232735,9.391982603067575e-06,0
-0.8967036008834839,-1.0516347174416296e-05,8.996445136384864,9.430046379439944e-06,0
-0.8981260061264038,-1.0591556019790005e-05,9.006525136537675,9.512551906718067e-06,0
-0.8987392783164978,-1.062233786797151e-05,9.016560136689804,9.54671226949472e-06,0
-0.8998755812644958,-1.0684068911359645e-05,9.026595136841934,9.61433272187969e-06,0
-0.9009458422660828,-1.0743964594439603e-05,9.036675136994745,9.67973023081436e-06,0
-0.9014851450920105,-1.0772443602036219e-05,9.046710137146874,9.711197883577121e-06,0
-0.9029922485351562,-1.0856396329472773e-05,9.056790137299686,9.803241732539436e-06,0
-0.9036650061607361,-1.0896298590523656e-05,9.066825137451815,9.84660373293478e-06,0
-0.9047620892524719,-1.0959662176901475e-05,9.076860137603944,9.915886848674673e-06,0
-0.9197881817817688,-1.1813100172730628e-05,9.096975137908885,1.0865549929081804e-05,0
-0.911307692527771,-1.1238345905439928e-05,9.107010138061014,1.0241591074915384e-05,0
-0.9096582531929016,-1.1151181752211414e-05,9.117090138213825,1.0143764513753195e-05,0
-0.9101756811141968,-1.1201544111827388e-05,9.127125138365955,1.0195373041513214e-05,0
-0.9113557934761047,-1.128920939663658e-05,9.137205138518766,1.0288486387389627e-05,0
-0.9118635058403015,-1.1333759175613523e-05,9.147240138670895,1.0334841376224632e-05,0
-0.9133146405220032,-1.1428945981606375e-05,9.157275138823024,1.043822369073622e-05,0
-0.914021372795105,-1.147877537732711e-05,9.167355138975836,1.0491846028391175e-05,0
-0.9150024652481079,-1.1541397725522984e-05,9.177390139127965,1.0560407371262436e-05,0
-0.9163404107093811,-1.1629542314040009e-05,9.187425139280094,1.0656619580409548e-05,0
-0.9168652892112732,-1.1668563274724875e-05,9.197505139432906,1.0698500641560663e-05,0
-0.9183021187782288,-1.1762213034671731e-05,9.207540139585035,1.080126515125995e-05,0
-0.9190939664840698,-1.1816101505246479e-05,9.217620139737846,1.0860107600835374e-05,0
-0.9200310707092285,-1.1878072655235883e-05,9.227655139889976,1.0928195902958678e-05,0
-0.9213813543319702,-1.196803441416705e-05,9.237690140042105,1.1027123757216865e-05,0
-0.9218999147415161,-1.2005003554804716e-05,9.247770140194916,1.1067411753646066e-05,0
-0.9232627749443054,-1.2098433217033744e-05,9.257805140347045,1.1170033024436934e-05,0
-0.9241272211074829,-1.2152047020208556e-05,9.267840140499175,1.1230037443552801e-05,0
-0.9250103831291199,-1.2215142305649351e-05,9.277920140651986,1.1299133464125427e-05,0
-0.9264346957206726,-1.230811631103279e-05,9.287955140804115,1.1402665989506311e-05,0
-0.926920473575592,-1.2344542483333498e-05,9.298035140956927,1.1442409164725501e-05,0
-0.9282954931259155,-1.2436016731953714e-05,9.308070141109056,1.154429828471111e-05,0
-0.9291600584983826,-1.2503487596404739e-05,9.318105141261185,1.1617741266509228e-05,0
-0.9300510287284851,-1.2564190910779871e-05,9.328185141413996,1.1685338681711901e-05,0
-0.931411862373352,-1.265842183784116e-05,9.338220141566126,1.1790204258691145e-05,0
-0.9319223165512085,-1.26984041344258e-05,9.348255141718255,1.1833926197457535e-05,0
-0.9332797527313232,-1.279180378332967e-05,9.358335141871066,1.1938331471893519e-05,0
-0.9342256784439087,-1.285470170842018e-05,9.368370142023196,1.2009192424742915e-05,0
-0.9350154399871826,-1.2915010302094743e-05,9.378450142176007,1.2075734040052112e-05,0
-0.9364631175994873,-1.3015314834774472e-05,9.388485142328136,1.2188362306711758e-05,0
-0.9369612336158752,-1.3052798749413341e-05,9.398520142480265,1.2229966418390078e-05,0
-0.9382702708244324,-1.3146825040166732e-05,9.408600142633077,1.2335275090918669e-05,0
-0.9392645955085754,-1.321568288403796e-05,9.418635142785206,1.2413023038445518e-05,0
-0.9400590658187866,-1.3275202945806086e-05,9.428670142937335,1.2479474879789274e-05,0
-0.9414549469947815,-1.3371562090469524e-05,9.438750143090147,1.2588723279120416e-05,0
-0.9420124888420105,-1.341514325758908e-05,9.448785143242276,1.2637232488253605e-05,0
-0.943284809589386,-1.3501625289791264e-05,9.458865143395087,1.273587804062799e-05,0
-0.9442973136901855,-1.357621204078896e-05,9.468900143547216,1.2819980560205366e-05,0
-0.9450547695159912,-1.363141473120777e-05,9.478935143699346,1.2882433506978446e-05,0
-0.946477472782135,-1.3729017155128531e-05,9.489015143852157,1.2994205460768629e-05,0
-0.9469752311706543,-1.3777942513115704e-05,9.499050144004286,1.304737029641373e-05,0
-0.9482864141464233,-1.3862451851309743e-05,9.509085144156415,1.3145574757355964e-05,0
-0.9493314623832703,-1.3940923054178711e-05,9.519165144309227,1.3234556869996122e-05,0
-0.9499949216842651,-1.3993761058372911e-05,9.529200144461356,1.3294001940717293e-05,0
-0.9514519572257996,-1.4093992831476498e-05,9.539280144614168,1.3409757064634703e-05,0
-0.9520429968833923,-1.4135745004750788e-05,9.549315144766297,1.3457837037502383e-05,0
-0.9532902836799622,-1.4226615348889027e-05,9.559350144918426,1.3562094181748124e-05,0
-0.9543800354003906,-1.4305235708889086e-05,9.569430145071237,1.3652631362260498e-05,0
-0.9550132155418396,-1.4357923646457493e-05,9.579465145223367,1.3712006830107586e-05,0
-0.9565199017524719,-1.4461061255133245e-05,9.589500145375496,1.383229289099653e-05,0
-0.9571117758750916,-1.4507631931337528e-05,9.599580145528307,1.3885425361544646e-05,0
-0.9583128094673157,-1.4592140360036865e-05,9.609615145680436,1.3983835024568335e-05,0
-0.9594246745109558,-1.4671317330794409e-05,9.619695145833248,1.407602385474437e-05,0
-0.9600520133972168,-1.4722855667059775e-05,9.629730145985377,1.413470722611736e-05,0
-0.9615402221679688,-1.4823632227489725e-05,9.639765146137506,1.4253518625356731e-05,0
-0.9621964693069458,-1.4877031389914919e-05,9.649845146290318,1.431462707714474e-05,0
-0.9632980823516846,-1.4958121937524993e-05,9.659880146442447,1.440913017800049e-05,0
-0.9644858241081238,-1.5044674910313915e-05,9.669915146594576,1.451037567931293e-05,0
-0.9651025533676147,-1.509623780293623e-05,9.679995146747387,1.4569417649858466e-05,0
-0.9665853381156921,-1.5196428648778237e-05,9.690030146899517,1.4688645123630303e-05,0
-0.9672871828079224,-1.5252180673996918e-05,9.700110147052328,1.4753238875827917e-05,0
-0.9683052897453308,-1.5331148460973054e-05,9.710145147204457,1.4845232152631196e-05,0
-0.9695350527763367,-1.541292658657767e-05,9.720180147356587,1.4943372591555383e-05,0
-0.9701310992240906,-1.546342537039891e-05,9.730260147509398,1.5001549852354783e-05,0
-0.9715748429298401,-1.556536153657362e-05,9.740295147661527,1.5122913690042688e-05,0
-0.9722767472267151,-1.5622608771082014e-05,9.750330147813656,1.518949923914317e-05,0
-0.9733157753944397,-1.569546111568343e-05,9.760410147966468,1.5276639905984694e-05,0
-0.9745801091194153,-1.5780497051309794e-05,9.770445148118597,1.537935853822411e-05,0
-0.9752258658409119,-1.583680568728596e-05,9.780525148271408,1.5444462538537727e-05,0
-0.9765947461128235,-1.5929930668789893e-05,9.790560148423538,1.5557086597081746e-05,0
-0.9773918390274048,-1.5990408428478986e-05,9.800595148575667,1.562889470071039e-05,0
-0.9783684611320496,-1.606309160706587e-05,9.810675148728478,1.5715622216628177e-05,0
-0.9796293377876282,-1.615442852198612e-05,9.820710148880607,1.5825352115330835e-05,0
-0.9802447557449341,-1.620486000319943e-05,9.830745149032737,1.5884729035717075e-05,0
-0.9816272258758545,-1.6299109120154753e-05,9.840825149185548,1.599964926986535e-05,0
-0.9824287295341492,-1.6358431821572594e-05,9.850860149337677,1.607099339163856e-05,0
-0.983398973941803,-1.6429394236183725e-05,9.860940149490489,1.6156649434348447e-05,0
-0.9846636056900024,-1.6521855286555365e-05,9.870975149642618,1.6268469599148034e-05,0
-0.9852466583251953,-1.65678884513909e-05,9.881010149794747,1.632345673223748e-05,0
-0.9866377115249634,-1.6659440007060766e-05,9.891090149947559,1.6436831763853854e-05,0
-0.9874696731567383,-1.6730546121834777e-05,9.901125150099688,1.6520906910661923e-05,0
-0.9883938431739807,-1.679233719187323e-05,9.911160150251817,1.6597442692948953e-05,0
-0.9896901845932007,-1.68830702023115e-05,9.921240150404628,1.6709008865025635e-05,0
-0.9902545809745789,-1.6935911844484508e-05,9.931275150556758,1.6770864286982413e-05,0
-0.9916602969169617,-1.7024636690621264e-05,9.941355150709569,1.6882656275524883e-05,0
-0.9924980998039246,-1.709453499643132e-05,9.951390150861698,1.6966293500989774e-05,0
-0.9934162497520447,-1.7158090486191213e-05,9.961425151013827,1.7045125903698312e-05,0
-0.9947769045829773,-1.725003676256165e-05,9.971505151166639,1.715993817460364e-05,0
-0.995316207408905,-1.7293941709795035e-05,9.981540151318768,1.721294047374387e-05,0
-0.9966644048690796,-1.738367609505076e-05,9.991575151470897,1.732569118971061e-05,0
-0.9970143437385559,-1.7415935872122645e-05,9.998280151572544,1.7363937874137134e-05,0
-0.9970657229423523,-1.7425887563149445e-05,10.008315151724673,1.7374755181063747e-05,0
-0.996086061000824,-1.739798790367786e-05,10.018350151876803,1.732989324031446e-05,0
-0.9948613047599792,-1.735800651658792e-05,10.028385152028932,1.726880901112488e-05,0
-0.9942276477813721,-1.7359307094011456e-05,10.038465152181743,1.7259103059193495e-05,0
-0.9927926063537598,-1.732052260194905e-05,10.048500152333872,1.7195686777398203e-05,0
-0.9920992851257324,-1.7315511286142282e-05,10.058580152486684,1.717870636856831e-05,0
-0.9910289645195007,-1.7301796106039546e-05,10.068615152638813,1.71465810792959e-05,0
-0.9898120760917664,-1.7276905055041425e-05,10.078650152790942,1.7100889260970886e-05,0
-0.9892151355743408,-1.7284985005971976e-05,10.088730152943754,1.7098568786083016e-05,0
-0.9877763986587524,-1.7251233657589182e-05,10.098765153095883,1.70403614547141e-05,0
-0.9870270490646362,-1.7251233657589182e-05,10.108800153248012,1.7027434249774782e-05,0
-0.9860224723815918,-1.7242295143660158e-05,10.118880153400823,1.7001290487084902e-05,0
-0.9847835302352905,-1.7204434698214754e-05,10.128915153552953,1.694264393781045e-05,0
-0.9841433763504028,-1.7223745089722797e-05,10.138950153705082,1.6950634645998466e-05,0
-0.9827415943145752,-1.7184562238981016e-05,10.149030153857893,1.688798409233425e-05,0
-0.9819243550300598,-1.718512430670671e-05,10.159065154010023,1.687449210097439e-05,0
-0.9810059070587158,-1.717770646791905e-05,10.169145154162834,1.68514315147493e-05,0
-0.979728102684021,-1.7143096556537785e-05,10.179180154314963,1.6795573463465737e-05,0
-0.9790611267089844,-1.7154228771687485e-05,10.189215154467092,1.6795038549032026e-05,0
-0.9777431488037109,-1.7123511497629806e-05,10.199295154619904,1.6742396050269115e-05,0
-0.9769183993339539,-1.7120151824201457e-05,10.209330154772033,1.6724991316453158e-05,0
-0.9760147333145142,-1.711470031295903e-05,10.219365154924162,1.670419966171054e-05,0
-0.9746586680412292,-1.7078387827496044e-05,10.229445155076974,1.6645598732238837e-05,0
-0.9740799069404602,-1.7086529624066316e-05,10.239480155229103,1.6643645186145933e-05,0
-0.9727225303649902,-1.7048747395165265e-05,10.249560155381914,1.6583700705778692e-05,0
-0.9718692302703857,-1.7043139450834133e-05,10.259595155534043,1.6563702819473013e-05,0
-0.9709491729736328,-1.7033598851412535e-05,10.269630155686173,1.6538758717543622e-05,0
-0.9696220755577087,-1.6998757928377017e-05,10.279710155838984,1.648237094441598e-05,0
-0.9690492153167725,-1.700611028354615e-05,10.289745155991113,1.647975782586089e-05,0
-0.9677339792251587,-1.697339757811278e-05,10.299780156143242,1.6425733579237753e-05,0
-0.9668342471122742,-1.6961374058155343e-05,10.309860156296054,1.639883731750628e-05,0
-0.9659616947174072,-1.694886123004835e-05,10.319895156448183,1.6371950717307664e-05,0
-0.9645774364471436,-1.690917088126298e-05,10.329975156600995,1.6310204701095333e-05,0
-0.9640123844146729,-1.6913421859499067e-05,10.340010156753124,1.6304748135386946e-05,0
-0.9627135396003723,-1.6875937944860198e-05,10.350045156905253,1.6246693952972594e-05,0
-0.9617936015129089,-1.686205723672174e-05,10.360125157058064,1.621781875862341e-05,0
-0.9609742164611816,-1.685435745457653e-05,10.370160157210194,1.6196602948868356e-05,0
-0.9596280455589294,-1.680892273725476e-05,10.380195157362323,1.6130313674302837e-05,0
-0.9589536786079407,-1.6813613910926506e-05,10.390275157515134,1.6123476910576617e-05,0
-0.9577158689498901,-1.6771891750977375e-05,10.400310157667263,1.606270688222079e-05,0
-0.9567690491676331,-1.6753670934122056e-05,10.410390157820075,1.602939380970737e-05,0
-0.9559600353240967,-1.6744857930461876e-05,10.420425157972204,1.6007414978701315e-05,0
-0.9545809030532837,-1.6696014426997863e-05,10.430460158124333,1.5937696529114273e-05,0
-0.953899085521698,-1.669571611273568e-05,10.440540158277145,1.5926028332068445e-05,0
-0.9527077674865723,-1.665421405050438e-05,10.450575158429274,1.586659908729953e-05,0
-0.951684832572937,-1.663195143919438e-05,10.460610158581403,1.5828375920770923e-05,0
-0.9509409070014954,-1.661940223129932e-05,10.470690158734214,1.580406943165445e-05,0
-0.9496078491210938,-1.657288521528244e-05,10.480725158886344,1.5737741883015133e-05,0
-0.9489427208900452,-1.6568748833378777e-05,10.490805159039155,1.5722793599690218e-05,0
-0.9476956725120544,-1.652563332754653e-05,10.500840159191284,1.566127119003683e-05,0
-0.9466397166252136,-1.6497009710292332e-05,10.510875159343414,1.561672459731453e-05,0
-0.9459523558616638,-1.6489559129695408e-05,10.520955159496225,1.5598337305855578e-05,0
-0.9445957541465759,-1.6432037227787077e-05,10.530990159648354,1.5521632597346145e-05,0
-0.943854808807373,-1.6423631677753292e-05,10.541025159800483,1.550152373712855e-05,0
-0.9427136182785034,-1.6386260540457442e-05,10.551105159953295,1.54475509641489e-05,0
-0.941644012928009,-1.6347299606422894e-05,10.561140160105424,1.5393336801928516e-05,0
-0.9409278035163879,-1.633958709135186e-05,10.571220160258235,1.537437179223043e-05,0
-0.9395115971565247,-1.6283236618619412e-05,10.581255160410365,1.5298289642436732e-05,0
-0.9388179779052734,-1.6271196727757342e-05,10.591290160562494,1.527569201005205e-05,0
-0.9376990795135498,-1.6228990716626868e-05,10.601370160715305,1.5217909656414959e-05,0
-0.9366133809089661,-1.6195092030102387e-05,10.611405160867434,1.5168539900446048e-05,0
-0.9359135031700134,-1.6179188605747186e-05,10.621440161019564,1.5142321086453214e-05,0
-0.9344843029975891,-1.6113524907268584e-05,10.631520161172375,1.5057836091803174e-05,0
-0.9338119029998779,-1.6101270375656895e-05,10.641555161324504,1.5035557930207725e-05,0
-0.9327065348625183,-1.606087971595116e-05,10.651635161477316,1.4980087466708513e-05,0
-0.9315292239189148,-1.6013806089176796e-05,10.661670161629445,1.4917328358238853e-05,0
-0.9308766722679138,-1.6001538824639283e-05,10.671705161781574,1.489545921224604e-05,0
-0.9294597506523132,-1.5935460396576673e-05,10.681785161934386,1.4811369046731967e-05,0
-0.9287298321723938,-1.5917255950625986e-05,10.691820162086515,1.4782830447669908e-05,0
-0.9277005791664124,-1.5877500118222088e-05,10.701855162238644,1.4729566055389411e-05,0
-0.9264855980873108,-1.5826852177269757e-05,10.711935162391455,1.4663350605297228e-05,0
-0.9258521795272827,-1.5816618542885408e-05,10.721970162543585,1.464385075068209e-05,0
-0.9244672656059265,-1.5752530089230277e-05,10.732050162696396,1.4562698417965795e-05,0
-0.9236806035041809,-1.5723702745162882e-05,10.742085162848525,1.4523679240972397e-05,0
-0.9227049946784973,-1.5683039237046614e-05,10.752120163000654,1.447081863576176e-05,0
-0.9214609861373901,-1.562534089316614e-05,10.762200163153466,1.439814202814976e-05,0
-0.9207906126976013,-1.5614432413713075e-05,10.772235163305595,1.4377622789148148e-05,0
-0.9194053411483765,-1.5549230738542974e-05,10.782270163457724,1.4296045791764925e-05,0
-0.91861492395401,-1.552314824948553e-05,10.792350163610536,1.4259795648727974e-05,0
-0.9176927804946899,-1.5485849871765822e-05,10.802385163762665,1.4211252627144115e-05,0
-0.9163743257522583,-1.5420953786815517e-05,10.812465163915476,1.4131366128849803e-05,0
-0.915774405002594,-1.540520133858081e-05,10.822500164067606,1.4107689089784005e-05,0
-0.9143953323364258,-1.5334324416471645e-05,10.832535164219735,1.4021634670954158e-05,0
-0.9135904908180237,-1.5301729945349507e-05,10.842615164372546,1.3979514971136707e-05,0
-0.9126312732696533,-1.5261854059644975e-05,10.852650164524675,1.3928445302909421e-05,0
-0.9113694429397583,-1.5195064406725578e-05,10.862685164676805,1.3848317383791239e-05,0
-0.9107143878936768,-1.518139924883144e-05,10.872765164829616,1.3825918724269049e-05,0
-0.9093728065490723,-1.5108737898117397e-05,10.882800164981745,1.3739475385825348e-05,0
-0.9085699319839478,-1.507367687736405e-05,10.892880165134557,1.3695489575214661e-05,0
-0.907603919506073,-1.5034302123240195e-05,10.902915165286686,1.3645191534091277e-05,0
-0.9063017964363098,-1.4963574358262122e-05,10.912950165438815,1.3561514322001263e-05,0
-0.9057078957557678,-1.4946708688512444e-05,10.923030165591626,1.3537352074747058e-05,0
-0.904405951499939,-1.4875883607601281e-05,10.933065165743756,1.3453837668534981e-05,0
-0.9035208821296692,-1.4833174645900726e-05,10.943100165895885,1.3402083040847668e-05,0
-0.9026294350624084,-1.4793418813496828e-05,10.953180166048696,1.3352975266268247e-05,0
-0.9013143181800842,-1.472004169045249e-05,10.963215166200825,1.32673843398126e-05,0
-0.9006813764572144,-1.4695870959258173e-05,10.973295166353637,1.3236297283822254e-05,0
-0.8994206786155701,-1.4627741620643064e-05,10.983330166505766,1.3156493295052004e-05,0
-0.8984572887420654,-1.4578283298760653e-05,10.993365166657895,1.309796488711823e-05,0
-0.8976129293441772,-1.4543907127517741e-05,11.003445166810707,1.3054799080840858e-05,0
-0.8962836861610413,-1.4461061255133245e-05,11.013480166962836,1.2961213287551439e-05,0
-0.8956352472305298,-1.4439252481679432e-05,11.023515167114965,1.2932303466252999e-05,0
-0.8943861126899719,-1.4367613403010182e-05,11.033595167267777,1.2850193900150616e-05,0
-0.8934533596038818,-1.4317484783532564e-05,11.043630167419906,1.2792004880924626e-05,0
-0.8926464915275574,-1.4282009033195209e-05,11.053710167572717,1.2748785255446585e-05,0
-0.8912876844406128,-1.4199282304616645e-05,11.063745167724846,1.2655645446000337e-05,0
-0.8906272053718567,-1.4170957001624629e-05,11.073780167876976,1.2621039831801689e-05,0
-0.8893997073173523,-1.4097973689786159e-05,11.083860168029787,1.2538733673463543e-05,0
-0.8883960247039795,-1.4045784155314323e-05,11.093895168181916,1.2478218807431387e-05,0
-0.887638509273529,-1.4008071957505308e-05,11.103930168334045,1.2434104110156338e-05,0
-0.8862791657447815,-1.3925439816375729e-05,11.114010168486857,1.2341827183086644e-05,0
-0.8855985999107361,-1.3893802133679856e-05,11.124045168638986,1.2304331717023678e-05,0
-0.884387195110321,-1.3822804248775356e-05,11.134125168791797,1.2224711078133465e-05,0
-0.8833089470863342,-1.3761974514636677e-05,11.144160168943927,1.2156075218352688e-05,0
-0.882646918296814,-1.3724103155254852e-05,11.154195169096056,1.2113537356373276e-05,0
-0.8812485933303833,-1.364186482533114e-05,11.164275169248867,1.2021874187726302e-05,0
-0.8805556893348694,-1.3605290405394044e-05,11.174310169400997,1.1980215871522837e-05,0
-0.8794090747833252,-1.3535546713683289e-05,11.184345169553126,1.1903282612166699e-05,0
-0.8783183693885803,-1.3471985766955186e-05,11.194425169705937,1.1832692571258241e-05,0
-0.8776286840438843,-1.3432182640826795e-05,11.204460169858066,1.1788468774905927e-05,0
-0.8761659264564514,-1.3343911632546224e-05,11.214540170010878,1.1691480698082881e-05,0
-0.8755185008049011,-1.3308299458003603e-05,11.224575170163007,1.1651662389733993e-05,0
-0.8743681311607361,-1.3236584891274106e-05,11.234610170315136,1.1573647994333775e-05,0
-0.8732877969741821,-1.3170714737498201e-05,11.244690170467948,1.1501824457685198e-05,0
-0.8725999593734741,-1.3130719707987737e-05,11.254725170620077,1.1457865483734575e-05,0
-0.871194064617157,-1.30414400700829e-05,11.264760170772206,1.1361625183116582e-05,0
-0.8704719543457031,-1.2998401871300302e-05,11.274840170925017,1.1314744280281619e-05,0
-0.869335412979126,-1.2928078831464518e-05,11.284875171077147,1.1238836749977903e-05,0
-0.8682613372802734,-1.2857720321335364e-05,11.294955171229958,1.116386144057839e-05,0
-0.8675978779792786,-1.2819231415051036e-05,11.304990171382087,1.1121937973023583e-05,0
-0.8661408424377441,-1.2721121493086684e-05,11.315025171534216,1.1018282886774994e-05,0
-0.8654313683509827,-1.2678549865086097e-05,11.325105171687028,1.0972414758447628e-05,0
-0.8643870949745178,-1.2611623787961435e-05,11.335140171839157,1.0901324848987509e-05,0
-0.863246738910675,-1.2535973837657366e-05,11.345175171991286,1.0821638534427261e-05,0
-0.862521231174469,-1.2498274372774176e-05,11.355255172144098,1.0780026999561497e-05,0
-0.8611348271369934,-1.2397624232107773e-05,11.365290172296227,1.0676026000025528e-05,0
-0.8603747487068176,-1.2353611055004876e-05,11.375370172449038,1.0628735007071584e-05,0
-0.8593465685844421,-1.2290348422538955e-05,11.385405172601168,1.0561668743616062e-05,0
-0.8581563830375671,-1.2201798199384939e-05,11.395440172753297,1.0471051009338479e-05,0
-0.8574987053871155,-1.216891087096883e-05,11.405520172906108,1.0434825317826967e-05,0
-0.8561350703239441,-1.2070036063960288e-05,11.415555173058237,1.0333581174431182e-05,0
-0.855322003364563,-1.2021874681522604e-05,11.425590173210367,1.0282573936797631e-05,0
-0.8543680906295776,-1.1956562047998887e-05,11.435670173363178,1.0215305087442881e-05,0
-0.8531215786933899,-1.1869213267345913e-05,11.445705173515307,1.0125881960486673e-05,0
-0.8524380922317505,-1.1826055015262682e-05,11.455785173668119,1.0080979775838246e-05,0
-0.8511132597923279,-1.1730940968845971e-05,11.465820173820248,9.984359408425863e-06,0
-0.8502748608589172,-1.167338814411778e-05,11.475855173972377,9.92558847999188e-06,0
-0.8493475914001465,-1.1611272384470794e-05,11.485935174125188,9.862006232841305e-06,0
-0.8480579853057861,-1.1522316526679788e-05,11.495970174277318,9.771592539671624e-06,0
-0.8474528789520264,-1.1481651199574117e-05,11.506005174429447,9.730158364202072e-06,0
-0.8460907340049744,-1.1381006515875924e-05,11.516085174582258,9.629364156732857e-06,0
-0.8452215790748596,-1.132308261730941e-05,11.526120174734388,9.570513769797354e-06,0
-0.8443471193313599,-1.125779908761615e-05,11.536200174887199,9.505490229639907e-06,0
-0.8430002927780151,-1.1166222975589335e-05,11.546235175039328,9.413129237646409e-06,0
-0.8424180746078491,-1.1124303455289919e-05,11.556270175191457,9.371314298158777e-06,0
-0.8410902619361877,-1.1026868378394283e-05,11.566350175344269,9.274591612719514e-06,0
-0.8401888608932495,-1.0964372449961957e-05,11.576385175496398,9.212143599142864e-06,0
-0.8393078446388245,-1.0900535926339217e-05,11.586420175648527,9.14890531374384e-06,0
-0.8379757404327393,-1.0802354154293425e-05,11.596500175801339,9.05211072086071e-06,0
-0.8374059200286865,-1.0762640158645809e-05,11.606535175953468,9.012698583988482e-06,0
-0.8360517024993896,-1.0666538400982972e-05,11.61661517610628,8.917777589916931e-06,0
-0.8351297974586487,-1.059376427292591e-05,11.626650176258408,8.847168211573284e-06,0
-0.8342936635017395,-1.0529784958634991e-05,11.636685176410538,8.7849328690251e-06,0
-0.8329411745071411,-1.0434723662910983e-05,11.646765176563349,8.691510983442532e-06,0
-0.8323382139205933,-1.0388254850113299e-05,11.656800176715478,8.646541487695243e-06,0
-0.8310619592666626,-1.0293749255652074e-05,11.666835176867608,8.554743424601962e-06,0
-0.8300731778144836,-1.0219498108199332e-05,11.676915177020419,8.482931270342123e-06,0
-0.8293102979660034,-1.0156308235309552e-05,11.686950177172548,8.42273100885914e-06,0
-0.8279326558113098,-1.0054484846477862e-05,11.69703017732536,8.324436341758986e-06,0
-0.8273233771324158,-1.0006042430177331e-05,11.707065177477489,8.278232815064554e-06,0
-0.8260745406150818,-9.912320820149034e-06,11.717100177629618,8.188315867933924e-06,0
-0.8250706195831299,-9.835499440669082e-06,11.72718017778243,8.114981617422367e-06,0
-0.8243496417999268,-9.777151717571542e-06,11.737215177934559,8.059791516203639e-06,0
-0.8229252099990845,-9.669697647041176e-06,11.747250178086688,7.957437966819012e-06,0
-0.8223189115524292,-9.616293027647771e-06,11.7573301782395,7.907659615664529e-06,0
-0.8210726976394653,-9.524532288196497e-06,11.767365178391628,7.820333419623687e-06,0
-0.8200340867042542,-9.442653208679985e-06,11.77744517854444,7.743297500044887e-06,0
-0.8193225860595703,-9.381381460116245e-06,11.787480178696569,7.68637771871375e-06,0
-0.8178966045379639,-9.275547199649736e-06,11.797515178848698,7.5864385598251385e-06,0
-0.8172582387924194,-9.222340850101318e-06,11.80759517900151,7.5370340406971876e-06,0
-0.8160606026649475,-9.125156793743372e-06,11.817630179153639,7.446680952514356e-06,0
-0.8149860501289368,-9.038376447279006e-06,11.827665179305768,7.36615072034633e-06,0
-0.8143301010131836,-8.985216481960379e-06,11.83774517945858,7.316932245380117e-06,0
-0.8128474354743958,-8.873219485394657e-06,11.847780179610709,7.212573703104484e-06,0
-0.8122236728668213,-8.809364771877881e-06,11.85786017976352,7.15517461063824e-06,0
-0.8110391497612,-8.720222467673011e-06,11.86789517991565,7.072441815910032e-06,0
-0.8099348545074463,-8.627869647170883e-06,11.877930180067779,6.988012347390561e-06,0
-0.8093075752258301,-8.569365490984637e-06,11.88801018022059,6.935252406732682e-06,0
-0.8078455924987793,-8.454307135252748e-06,11.89804518037272,6.829774756844913e-06,0
-0.8071478009223938,-8.393651114602108e-06,11.908080180524848,6.774917038860891e-06,0
-0.8060607314109802,-8.30282260722015e-06,11.91816018067766,6.692579263551496e-06,0
-0.8049185872077942,-8.206458005588502e-06,11.928195180829789,6.605530583838389e-06,0
-0.8042910099029541,-8.145993888319936e-06,11.9382751809826,6.551749651100133e-06,0
-0.8028038740158081,-8.025441275094636e-06,11.94831018113473,6.44285534633234e-06,0
-0.8021377325057983,-7.96428957983153e-06,11.958345181286859,6.38845718458562e-06,0
-0.8010602593421936,-7.868611646699719e-06,11.96842518143967,6.303232086368282e-06,0
-0.7998611330986023,-7.77437071519671e-06,11.9784601815918,6.218416969385832e-06,0
-0.7992560267448425,-7.713713785051368e-06,11.988495181743929,6.165232231287077e-06,0
-0.7977532744407654,-7.592337169626262e-06,11.99857518189674,6.056811837727683e-06,0
-0.7970618009567261,-7.524931788793765e-06,12.00861018204887,5.997835683652477e-06,0
-0.7960537672042847,-7.436171017616289e-06,12.01869018220168,5.919591952148766e-06,0
-0.7948111295700073,-7.328006176976487e-06,12.02872518235381,5.824380867018673e-06,0
-0.7942397594451904,-7.2693583206273615e-06,12.03876018250594,5.773613403895969e-06,0
-0.7927347421646118,-7.149277735152282e-06,12.04884018265875,5.667480842039144e-06,0
-0.7920393347740173,-7.0764863266958855e-06,12.05887518281088,5.604855522733639e-06,0
-0.7910492420196533,-6.981981641729362e-06,12.068910182963009,5.523091285485147e-06,0
-0.7897124290466309,-6.874772225273773e-06,12.07899018311582,5.429093073163263e-06,0
-0.789186418056488,-6.812962965341285e-06,12.08902518326795,5.376697838969198e-06,0
-0.7877242565155029,-6.69228484184714e-06,12.099105183420761,5.271675101434009e-06,0
-0.7813288569450378,-6.051951004337752e-06,12.12925518387783,4.72856396050659e-06,0
-0.7831594944000244,-6.133009264885914e-06,12.13929018402996,4.8031244350387175e-06,0
-0.7825852036476135,-6.081934770918451e-06,12.14932518418209,4.759632161270718e-06,0
-0.7821385264396667,-6.026090431987541e-06,12.1594051843349,4.71323749066691e-06,0
-0.781261682510376,-5.942506959399907e-06,12.16944018448703,4.64265298543039e-06,0
-0.7800801992416382,-5.837644948769594e-06,12.179520184639841,4.553831234738127e-06,0
-0.7795030474662781,-5.760585281677777e-06,12.18955518479197,4.490393782257215e-06,0
-0.7781123518943787,-5.641511052090209e-06,12.1995901849441,4.389729432980043e-06,0
-0.7773364782333374,-5.549697561946232e-06,12.209670185096911,4.313982358063423e-06,0
-0.7764285802841187,-5.447456260299077e-06,12.21970518524904,4.229560730343847e-06,0
-0.77513188123703,-5.327544840838527e-06,12.22974018540117,4.129549854853801e-06,0
-0.7745826840400696,-5.239248366706306e-06,12.239820185553981,4.058231062235921e-06,0
-0.7731825709342957,-5.11002826897311e-06,12.24985518570611,3.950984794551558e-06,0
-0.7723640203475952,-5.0055564315698575e-06,12.259935185858922,3.8661116895640575e-06,0
-0.7714521288871765,-4.89483409182867e-06,12.26997018601105,3.776130180690757e-06,0
-0.7701300382614136,-4.763926426676335e-06,12.28000518616318,3.668842841250805e-06,0
-0.7696102857589722,-4.66898472950561e-06,12.290085186315991,3.5932986718790897e-06,0
-0.768238365650177,-4.534472282102797e-06,12.30012018646812,3.4835555750886813e-06,0
-0.7673758864402771,-4.423318387125619e-06,12.31015518662025,3.3943478683280985e-06,0
-0.7665417790412903,-4.313007593736984e-06,12.320235186773061,3.306100513921742e-06,0
-0.7650704979896545,-4.179365532763768e-06,12.33027018692519,3.197509269432374e-06,0
-0.7646477818489075,-4.084061856701737e-06,12.340350187078002,3.122868839660714e-06,0
-0.7631908059120178,-3.953511168219848e-06,12.350385187230131,3.0172833746558686e-06,0
-0.7623246312141418,-3.844044840661809e-06,12.36042018738226,2.930410065528138e-06,0
-0.7615352869033813,-3.7394863738882123e-06,12.370500187535072,2.847750828610245e-06,0
-0.7600048184394836,-3.6116784940531943e-06,12.380535187687201,2.7448930581346856e-06,0
-0.759560227394104,-3.5222719816374592e-06,12.39057018783933,2.67537770731643e-06,0
-0.7581181526184082,-3.4005822726612678e-06,12.400650187992142,2.5780431503768684e-06,0
-0.7571684122085571,-3.298559477116214e-06,12.41068518814427,2.4975650418635723e-06,0
-0.7564932703971863,-3.2052287224360043e-06,12.4207201882964,2.424733958606608e-06,0
-0.7549334168434143,-3.087518280153745e-06,12.430800188449211,2.3308707248029687e-06,0
-0.7545357346534729,-3.0075389076955616e-06,12.44083518860134,2.269295579216974e-06,0
-0.7530514597892761,-2.898992534028366e-06,12.450915188754152,2.183090559668274e-06,0
-0.7521232962608337,-2.8076804028387414e-06,12.460950188906281,2.1117218394300197e-06,0
-0.7514441013336182,-2.727567562033073e-06,12.47098518905841,2.0496145554786704e-06,0
-0.7498326897621155,-2.622186002554372e-06,12.481065189211222,1.966200783351914e-06,0
-0.7494556307792664,-2.5545994049025467e-06,12.491100189363351,1.9145589083895766e-06,0
-0.7479777932167053,-2.4611654225736856e-06,12.50113518951548,1.8408970815179254e-06,0
-0.7469707131385803,-2.3813554435037076e-06,12.511215189668292,1.7788027738704047e-06,0
-0.7464381456375122,-2.3149220851337304e-06,12.521250189820421,1.727946148522545e-06,0
-0.7447019219398499,-2.2223098312679213e-06,12.531330189973232,1.6549584024910444e-06,0
-0.7444044351577759,-2.1657872366631636e-06,12.541365190125362,1.6122216245801626e-06,0
-0.7429367899894714,-2.0853647129115416e-06,12.55140019027749,1.5492941657678164e-06,0
-0.741908073425293,-2.016389316850109e-06,12.561480190430302,1.495975513339607e-06,0
-0.7414135932922363,-1.9612612049968448e-06,12.571515190582431,1.454105717381372e-06,0
-0.7395610213279724,-1.8792485434460104e-06,12.58155019073456,1.389818972120036e-06,0
-0.7393126487731934,-1.8328906890019425e-06,12.591630190887372,1.3550792701977495e-06,0
-0.7378588318824768,-1.7641496015130542e-06,12.601665191039501,1.3016933642383591e-06,0
-0.7367653250694275,-1.7040295006154338e-06,12.611745191192313,1.2554698489488243e-06,0
-0.7364261746406555,-1.6594392491242616e-06,12.621780191344442,1.2220544982811417e-06,0
-0.7344316244125366,-1.586926828167634e-06,12.631815191496571,1.1654892482349899e-06,0
-0.7342700362205505,-1.5491264093725476e-06,12.641895191649382,1.137477104720192e-06,0
-0.7328034043312073,-1.4907254808349535e-06,12.651930191801512,1.0924087072791298e-06,0
-0.731658935546875,-1.4383082316271611e-06,12.661965191953641,1.0523510697406369e-06,0
-0.7313920259475708,-1.402367843184038e-06,12.672045192106452,1.0256806579500989e-06,0
-0.7292650938034058,-1.338162178399216e-06,12.682080192258582,9.75874966554474e-07,0
-0.7292155027389526,-1.3075920151095488e-06,12.692160192411393,9.535163686755498e-07,0
-0.7277727723121643,-1.257698386325501e-06,12.702195192563522,9.153186413486452e-07,0
-0.7264821529388428,-1.2114358014514437e-06,12.712230192715651,8.800864891856373e-07,0
-0.7263414263725281,-1.1829336017399328e-06,12.722310192868463,8.592136795917748e-07,0
-0.7241809368133545,-1.12653151518316e-06,12.732345193020592,8.158126480151085e-07,0
-0.724185049533844,-1.1011904916813364e-06,12.742380193172721,7.974656907644466e-07,0
-0.722717821598053,-1.0584763003862463e-06,12.752460193325533,7.649796860283143e-07,0
-0.7213650345802307,-1.0180416438743123e-06,12.762495193477662,7.343796456375082e-07,0
-0.7213689684867859,-9.944076282408787e-07,12.772575193630473,7.173348050395139e-07,0
-0.7190740704536438,-9.447031743547996e-07,12.782610193782602,6.793115569537841e-07,0
-0.7191111445426941,-9.24091580145614e-07,12.792645193934732,6.645245538607792e-07,0
-0.7177053093910217,-8.871439263202774e-07,12.802725194087543,6.367079061140605e-07,0
-0.716284990310669,-8.509181270710542e-07,12.812760194239672,6.094998824042626e-07,0
-0.7163487672805786,-8.321032964886399e-07,12.822795194391801,5.96076170689743e-07,0
-0.7139935493469238,-7.876626000324904e-07,12.832875194544613,5.623860154850243e-07,0
-0.7140454649925232,-7.693803922848019e-07,12.842910194696742,5.493725799651313e-07,0
-0.7126526832580566,-7.377911401817983e-07,12.852990194849554,5.257888357345795e-07,0
-0.7111472487449646,-7.056041226860543e-07,12.863025195001683,5.01788430551292e-07,0
-0.7113057374954224,-6.90362242039555e-07,12.873060195153812,4.910586237129389e-07,0
-0.7021604180335999,-5.809498020425963e-07,12.893175195458753,4.079199558587665e-07,0
-0.7057358026504517,-5.924635502196907e-07,12.903210195610882,4.1812273915542956e-07,0
-0.7062171697616577,-5.798873417006689e-07,12.913290195763693,4.095263972364577e-07,0
-0.7066373825073242,-5.677052286046091e-07,12.923325195915822,4.0116173677688313e-07,0
-0.704736053943634,-5.381284609029535e-07,12.933405196068634,3.792385280515086e-07,0
-0.7046921849250793,-5.237894811216393e-07,12.943440196220763,3.6911035389238157e-07,0
-0.7032760381698608,-5.002867737857741e-07,12.953475196372892,3.518397002168406e-07,0
-0.7019762992858887,-4.772000465891324e-07,12.963555196525704,3.349831227236928e-07,0
-0.7018640041351318,-4.6360378291865345e-07,12.973590196677833,3.2538680741148055e-07,0
-0.699675977230072,-4.360749414900056e-07,12.983625196829962,3.0511116083256614e-07,0
-0.6995872855186462,-4.2311293668717553e-07,12.993705196982773,2.9600443084480396e-07,0
-0.6982083320617676,-4.0269503642775817e-07,13.003740197134903,2.8116502971377777e-07,0
-0.6967733502388,-3.8187707218639844e-07,13.013820197287714,2.660817669667009e-07,0
-0.6968086361885071,-3.7056850032968214e-07,13.023855197439843,2.5821533132914615e-07,0
-0.6944888234138489,-3.4648729752007057e-07,13.033890197591973,2.40631555582558e-07,0
-0.6944684982299805,-3.355699789153732e-07,13.043970197744784,2.3304277930842545e-07,0
-0.6931241154670715,-3.1870825978330686e-07,13.054005197896913,2.209043806543542e-07,0
-0.6915741562843323,-3.0080633450779715e-07,13.064040198049042,2.0802988699221244e-07,0
-0.6917067170143127,-2.9177056148910196e-07,13.074120198201854,2.018196572090494e-07,0
-0.6892997026443481,-2.715467246616754e-07,13.084155198353983,1.8717707656333953e-07,0
-0.6892716288566589,-2.626506727665401e-07,13.094235198506794,1.810376570380904e-07,0
-0.6880131959915161,-2.49313387712391e-07,13.104270198658924,1.715309006834741e-07,0
-0.6863706111907959,-2.342118818887684e-07,13.114305198811053,1.6075615252014047e-07,0
-0.6866521239280701,-2.2768850271859264e-07,13.124385198963864,1.563427939857238e-07,0
-0.6841084361076355,-2.1120038695698895e-07,13.134420199115993,1.4448396642647317e-07,0
-0.684096097946167,-2.041351194748131e-07,13.144455199268123,1.3964803868649425e-07,0
-0.6829022169113159,-1.9414777341353329e-07,13.154535199420934,1.3258394487249772e-07,0
-0.6811299920082092,-1.818329025127241e-07,13.164570199573063,1.2385184343532126e-07,0
-0.6815153360366821,-1.774210005578425e-07,13.174650199725875,1.209151328151424e-07,0
-0.6789339184761047,-1.6435068062037317e-07,13.184685199878004,1.1158325159780476e-07,0
-0.6789625287055969,-1.5904635120023158e-07,13.194720200030133,1.0798651279230769e-07,0
-0.6778817176818848,-1.518391314903056e-07,13.204800200182945,1.0292897126597391e-07,0
-0.6759511232376099,-1.4139463644369243e-07,13.214835200335074,9.557586332388739e-08,0
-0.6764224767684937,-1.3859883551958774e-07,13.224870200487203,9.375136759938861e-08,0
-0.673821210861206,-1.2834698281949386e-07,13.234950200640014,8.648291937381376e-08,0
-0.6738248467445374,-1.2404592553139082e-07,13.244985200792144,8.358522676047371e-08,0
-0.6728270649909973,-1.1879681238724515e-07,13.255065200944955,7.992971060879631e-08,0
-0.6707888245582581,-1.1015404055569888e-07,13.265100201097084,7.389009938469994e-08,0
-0.671377420425415,-1.0831317354131897e-07,13.275135201249213,7.271901905026105e-08,0
-0.6688106656074524,-1.0023508423273597e-07,13.285215201402025,6.70382934029152e-08,0
-0.6686644554138184,-9.664560707278724e-08,13.295250201554154,6.462348222146315e-08,0
-0.667851448059082,-9.301426473484753e-08,13.305285201706283,6.211971139331873e-08,0
-0.6656420230865479,-8.577236343398909e-08,13.315365201859095,5.7093689521115135e-08,0
-0.6662973761558533,-8.461076816956847e-08,13.325400202011224,5.637593282591466e-08,0
-0.663766086101532,-7.828062109638267e-08,13.335480202164035,5.196002148274294e-08,0
-0.6635375618934631,-7.527230394543949e-08,13.345515202316165,4.9946001038060624e-08,0
-0.6628372073173523,-7.258510947849572e-08,13.355550202468294,4.8112111259550383e-08,0
-0.66050124168396,-6.649991490803586e-08,13.365630202621105,4.392327636863537e-08,0
-0.6612337827682495,-6.578380862265476e-08,13.375665202773234,4.34984766204606e-08,0
-0.6586916446685791,-6.090375848089025e-08,13.385700202925364,4.011679684027552e-08,0
-0.6583887934684753,-5.8176748751748164e-08,13.395780203078175,3.83029194185821e-08,0
-0.6578456163406372,-5.6471325393658844e-08,13.405815203230304,3.714941385916418e-08,0
-0.6553804278373718,-5.126387847553815e-08,13.415895203383116,3.359734260790123e-08,0
-0.6561961770057678,-5.101579603206119e-08,13.425930203535245,3.347637032314457e-08,0
-0.6537165641784668,-4.7289677951312115e-08,13.435965203687374,3.091404579143795e-08,0
-0.6531999111175537,-4.492763849839321e-08,13.446045203840185,2.9346729473872027e-08,0
-0.6528252959251404,-4.389247010294639e-08,13.456080203992315,2.8654114783841354e-08,0
-0.6502482295036316,-3.9549554742279724e-08,13.466115204144444,2.5717027948824347e-08,0
-0.6510955095291138,-3.9440703147874956e-08,13.476195204297255,2.5679664712252166e-08,0
-0.6487023830413818,-3.657929070755017e-08,13.486230204449384,2.372907305195127e-08,0
-0.6480671167373657,-3.45236905729962e-08,13.496310204602196,2.2373668608774622e-08,0
-0.6478005647659302,-3.4056572673080154e-08,13.506345204754325,2.2061867011613268e-08,0
-0.6451804637908936,-3.042988794277335e-08,13.516380204906454,1.963276921602343e-08,0
-0.6460188627243042,-3.040234020090793e-08,13.526460205059266,1.9640485240747934e-08,0
-0.6436758041381836,-2.838008583694318e-08,13.536495205211395,1.8267574572605077e-08,0
-0.6429039239883423,-2.6647049011785384e-08,13.546530205363524,1.7131492372386502e-08,0
-0.6428341865539551,-2.649331420911949e-08,13.556610205516336,1.7030808088737667e-08,0
-0.6400797963142395,-2.358497042109775e-08,13.566645205668465,1.5096263063213612e-08,0
-0.6409541964530945,-2.3621334221957113e-08,13.576725205821276,1.5140193295384503e-08,0
-0.6387054324150085,-2.2240099539772018e-08,13.586760205973405,1.420487239350292e-08,0
-0.6377847194671631,-2.0672093370421862e-08,13.596795206125535,1.318434527105351e-08,0
-0.637893795967102,-2.079628558249169e-08,13.606875206278346,1.3265821552231541e-08,0
-0.6350058913230896,-1.83583193091863e-08,13.616910206430475,1.1657640916123733e-08,0
-0.6358251571655273,-1.845013564150122e-08,13.626945206582604,1.173106039398281e-08,0
-0.6337430477142334,-1.7642694416508675e-08,13.637025206735416,1.1180934929409097e-08,0
-0.6326634883880615,-1.6115702550223432e-08,13.647060206887545,1.0195816593248736e-08,0
-0.6328832507133484,-1.6355331311501686e-08,13.657140207040356,1.0351015246916999e-08,0
-0.6299691200256348,-1.4355002520005655e-08,13.667175207192486,9.043208305493732e-09,0
-0.6307430267333984,-1.441709862604057e-08,13.677210207344615,9.093484424102749e-09,0
-0.6287826299667358,-1.3999637005213117e-08,13.687290207497426,8.802728574717541e-09,0
-0.6275587677955627,-1.2505021906861202e-08,13.697325207649556,7.847636139126334e-09,0
-0.6279086470603943,-1.2886059330696753e-08,13.707360207801685,8.091268080277768e-09,0
-0.6249526143074036,-1.1225994356323099e-08,13.717440207954496,7.015714521184279e-09,0
-0.6256444454193115,-1.1189751347728816e-08,13.727475208106625,7.000805776329789e-09,0
-0.6238362789154053,-1.1091893625803095e-08,13.737555208259437,6.919525645646506e-09,0
-0.6224613785743713,-9.730775296645788e-09,13.747590208411566,6.057031805747575e-09,0
-0.6229829788208008,-1.015911177404405e-08,13.757625208563695,6.328953715167432e-09,0
-0.6199280619621277,-8.740667745144037e-09,13.767705208716507,5.418585215502024e-09,0
-0.620531439781189,-8.632662584773243e-09,13.777740208868636,5.356838542874541e-09,0
-0.6189156174659729,-8.875976398314833e-09,13.787775209020765,5.493480413176427e-09,0
-0.6173546314239502,-7.3750796580895894e-09,13.797855209173576,4.553039584042171e-09,0
-0.6179379224777222,-7.836154836127207e-09,13.807890209325706,4.842257239650202e-09,0
-0.6149175763130188,-6.8587935331265726e-09,13.817970209478517,4.217592695821599e-09,0
-0.6154466271400452,-6.702343124942445e-09,13.828005209630646,4.124934470181098e-09,0
-0.6140105128288269,-7.087851194853556e-09,13.838040209782775,4.3520151470064455e-09,0
-0.612261950969696,-5.542375003386724e-09,13.848120209935587,3.393385332579231e-09,0
-0.6129689812660217,-6.091643189876095e-09,13.858155210087716,3.733988320334449e-09,0
-0.6099308133125305,-5.313498530057359e-09,13.868190210239845,3.2408664799728203e-09,0
-0.6103820204734802,-5.106548961464341e-09,13.878270210392657,3.1169456727453566e-09,0
-0.6090827584266663,-5.582061923803394e-09,13.888305210544786,3.3999376742586347e-09,0
-0.607143223285675,-4.0583318927644996e-09,13.898385210697597,2.463988706536093e-09,0
-0.6079308986663818,-4.7154231630486265e-09,13.908420210849727,2.8666514411044243e-09,0
-0.6049495339393616,-4.0854537530776724e-09,13.918455211001856,2.4714933438551535e-09,0
-0.6052693128585815,-3.801305936690369e-09,13.928535211154667,2.3008138322658263e-09,0
-0.6041591167449951,-4.418288401808468e-09,13.938570211306796,2.66934921836126e-09,0
-0.6020451784133911,-2.930862219585606e-09,13.948605211458926,1.7645114678954836e-09,0
-0.6028863191604614,-3.5845104662257654e-09,13.958685211611737,2.161052320975001e-09,0
-0.5999682545661926,-3.1167903813411613e-09,13.968720211763866,1.8699752849419544e-09,0
-0.6000924110412598,-2.755323524894493e-09,13.978800211916678,1.6534487372526388e-09,0
-0.5992085933685303,-3.4325302600279883e-09,13.988835212068807,2.0568016288062863e-09,0
-0.5969260334968567,-2.143536237397825e-09,13.998870212220936,1.2795325838466603e-09,0
-0.5978557467460632,-2.721798564309097e-09,14.008950212373747,1.627242913157378e-09,0
-0.5950014591217041,-2.4878477056233805e-09,14.018985212525877,1.4802730149184952e-09,0
-0.595007598400116,-2.001220744674015e-09,14.029020212678006,1.1907415491569773e-09,0
-0.5942721962928772,-2.6301634203917956e-09,14.039100212830817,1.5630329924454185e-09,0
-0.5918459296226501,-1.3906414908504416e-09,14.049135212982947,8.230455059242078e-10,0
-0.5928391814231873,-2.03565186929211e-09,14.059215213135758,1.2068141878537154e-09,0
-0.5900854468345642,-1.9596617661932214e-09,14.069250213287887,1.1563678889487383e-09,0
-0.5898801684379578,-1.4135955739291717e-09,14.079285213440016,8.338519952524914e-10,0
-0.5893017649650574,-2.0848218706959187e-09,14.089365213592828,1.2285892080388575e-09,0
-0.5867576003074646,-8.948326524205186e-10,14.099400213744957,5.25049859811027e-10,0
-0.5877538919448853,-1.5054119062440918e-09,14.109435213897086,8.848117068751337e-10,0
-0.5850408673286438,-1.5014854914952025e-09,14.119515214049898,8.784303742257283e-10,0
-0.5847795605659485,-9.636949016567087e-10,14.129550214202027,5.63549081110455e-10,0
-0.5843594074249268,-1.673580940497743e-09,14.139630214354838,9.779727666669128e-10,0
-0.5816577076911926,-6.007783714956361e-10,14.149665214506967,3.494473703945994e-10,0
-0.5827128887176514,-1.0738746558658363e-09,14.159700214659097,6.257606028402552e-10,0
-0.58012855052948,-1.096949642231948e-09,14.169780214811908,6.363718059518516e-10,0
-0.5796274542808533,-5.413393622255569e-10,14.179815214964037,3.1377515642882025e-10,0
-0.5793989896774292,-1.2896433920772665e-09,14.189850215116167,7.472180784137409e-10,0
-0.5765751004219055,-3.4151775851753996e-10,14.199930215268978,1.9691063591311468e-10,0
-0.5776349306106567,-7.111997657460734e-10,14.209965215421107,4.108138273370484e-10,0
-0.5751520991325378,-8.220439329242879e-10,14.220045215573919,4.728002936005713e-10,0
-0.5745107531547546,-2.7893762299946445e-10,14.230080215726048,1.6025266387261933e-10,0
-0.5744711756706238,-1.0509205727871063e-09,14.240115215878177,6.037235769854543e-10,0
-0.5715765953063965,-9.790215860228102e-11,14.250195216030988,5.595858248703862e-11,0
-0.5725445747375488,-4.518183049917468e-10,14.260230216183118,2.586861192901398e-10,0
-0.5701754093170166,-7.364492904393671e-10,14.270265216335247,4.199052756174926e-10,0
-0.5693779587745667,-5.096704308593658e-11,14.280345216488058,2.901951095704596e-11,0
-0.5694960951805115,-7.134951518494859e-10,14.290380216640187,4.063327029085083e-10,0
-0.5665099620819092,2.502315021857271e-11,14.300460216792999,-1.4175863881493543e-11,0
-0.5674679279327393,-2.2529748899824398e-10,14.310495216945128,1.2784909925028263e-10,0
-0.5652702450752258,-7.456309458753196e-10,14.320530217097257,4.214829875106144e-10,0
-0.5642411708831787,1.0771834813017023e-10,14.330610217250069,-6.077912687456911e-11,0
-0.5645745396614075,-5.367485345075806e-10,14.340645217402198,3.030345567835524e-10,0
-0.5615116953849792,1.3580693514203546e-10,14.350680217554327,-7.625718239664225e-11,0
-0.5623872876167297,-5.3202050404044243e-11,14.360760217707139,2.992015682237898e-11,0
-0.5603652000427246,-6.35451191666192e-10,14.370795217859268,3.5608473413541343e-10,0
-0.5591344833374023,2.395836862234546e-10,14.38087521801208,-1.339595006126216e-10,0
-0.5595834255218506,-3.7951283782255985e-10,14.390910218164208,2.1236909381826658e-10,0
-0.5564892292022705,1.3810234900102358e-10,14.400945218316338,-7.685246974660257e-11,0
-0.5572565197944641,1.2783341052369224e-10,14.411025218469149,-7.123600146188976e-11,0
-0.555418848991394,-5.436347483289694e-10,14.421060218621278,3.0194498618860236e-10,0
-0.5540397763252258,3.58461843541491e-10,14.431095218773407,-1.9860211961685578e-10,0
-0.5546450614929199,-2.4094251593886895e-10,14.441175218926219,1.336375765691728e-10,0
-0.5514688491821289,1.9319221222779959e-10,14.451210219078348,-1.0653948694821425e-10,0
-0.5521872639656067,2.230325507612818e-10,14.461245219230477,-1.231557339801425e-10,0
-0.5505564212799072,-4.71148065006588e-10,14.471325219383289,2.593935925629802e-10,0
-0.5489473938941956,5.902983657435357e-10,14.481360219535418,-3.240427494949166e-10,0
-0.5495924353599548,-1.7441964539344212e-11,14.49144021968823,9.585971768640158e-12,0
-0.5465061068534851,2.299187923382462e-10,14.501475219840358,-1.2565202409322983e-10,0
-0.5470948219299316,3.2403066341224473e-10,14.511510219992488,-1.7727549809935965e-10,0
-0.5456321239471436,-4.5550305194375085e-10,14.521590220145299,2.4853709769647483e-10,0
-0.5438075661659241,7.165460447211558e-10,14.531625220297428,-3.896631606256311e-10,0
-0.5446288585662842,4.169507794582472e-11,14.541660220449558,-2.2708342709466767e-11,0
-0.5415394902229309,2.4405369392077603e-10,14.551740220602369,-1.3216471299288026e-10,0
-0.5419797897338867,4.3421041762137236e-10,14.561775220754498,-2.3533327084269453e-10,0
-0.5407318472862244,-3.884528809727783e-10,14.57185522090731,2.1004884391206625e-10,0
-0.5387192964553833,8.26725687907981e-10,14.581890221059439,-4.453730809513803e-10,0
-0.5395982265472412,1.3810234900102358e-10,14.591925221211568,-7.45197826029605e-11,0
-0.5365269780158997,2.418186761943275e-10,14.60200522136438,-1.2974224356634791e-10,0
-0.5368996858596802,5.742304964861944e-10,14.612040221516509,-3.0830417317448595e-10,0
-0.5357943773269653,-2.498221352009722e-10,14.622075221668638,1.3385329537249784e-10,0
-0.5336449146270752,8.273902118993703e-10,14.63215522182145,-4.4153257899231714e-10,0
-0.5345181226730347,2.41395847755399e-10,14.642190221973578,-1.2903045536328157e-10,0
-0.5315886735916138,2.775787932840501e-10,14.65227022212639,-1.4755774253902894e-10,0
-0.5317640900611877,6.706377675413933e-10,14.662305222278519,-3.5662108221731534e-10,0
-0.5308830738067627,-1.4882405030558488e-10,14.672340222430648,7.900816928260118e-11,0
-0.5285181999206543,9.190254113278229e-10,14.68242022258346,-4.857216560763198e-10,0
-0.5295554399490356,3.28621491130221e-10,14.692455222735589,-1.740232983121723e-10,0
-0.5266078114509583,3.309169049892091e-10,14.702490222887718,-1.742634271084921e-10,0
-0.526596188545227,7.536349877490522e-10,14.71257022304053,-3.968613121029798e-10,0
-0.5259100794792175,4.858131605334215e-11,14.722605223192659,-2.5549403786818156e-11,0
-0.5234034657478333,1.111235881090522e-09,14.73268522334547,-5.816247114261264e-10,0
-0.5244650840759277,4.3421041762137236e-10,14.7427202234976,-2.2772820318443675e-10,0
-0.5216162800788879,3.745297127988323e-10,14.752755223649729,-1.9536079556914117e-10,0
-0.5214834213256836,8.184501409935763e-10,14.76283522380254,-4.268081797098183e-10,0
-0.5209864377975464,1.3351153516083514e-10,14.77287022395467,-6.955769910832536e-11,0
-0.518335223197937,1.1274245981240938e-09,14.782905224106798,-5.843838807074966e-10,0
-0.5194150805473328,5.547194925625831e-10,14.79298522425961,-2.8812966991056967e-10,0
-0.5167029500007629,4.778232254309955e-10,14.803020224411739,-2.4689267015907496e-10,0
-0.5163646936416626,9.525504829355214e-10,14.81310022456455,-4.918634382992182e-10,0
-0.516042172908783,2.115555092219168e-10,14.82313522471668,-1.0917156466970201e-10,0
-0.5133004188537598,1.1503787922251263e-09,14.833170224868809,-5.904899158896396e-10,0
-0.5143224000930786,6.955248599282982e-10,14.84325022502162,-3.577240152827246e-10,0
-0.5117278099060059,4.938910946883368e-10,14.85328522517375,-2.5273780821694236e-10,0
-0.5112646818161011,1.0792210458632212e-09,14.863320225325879,-5.517676046224996e-10,0
-0.5110856294631958,3.2227889801283993e-10,14.87340022547869,-1.6471211345359738e-10,0
-0.5082059502601624,1.2123548831510789e-09,14.88343522563082,-6.161259654443421e-10,0
-0.5092878341674805,8.273902118993703e-10,14.89351522578363,-4.2137976902960305e-10,0
-0.5068062543869019,4.456874591607374e-10,14.90355022593576,-2.258771918044686e-10,0
-0.5060919523239136,1.1618558337644913e-09,14.91358522608789,-5.880058872287998e-10,0
-0.5061292052268982,4.496742145310151e-10,14.9236652262407,-2.2759325281161238e-10,0
-0.5031896829605103,1.1710374892004438e-09,14.93370022639283,-5.892539829256433e-10,0
-0.5041818022727966,8.909972759596485e-10,14.943735226544959,-4.492246124134879e-10,0
-0.5018482208251953,4.6084927540768206e-10,14.95381522669777,-2.3127638893192568e-10,0
-0.5009583830833435,1.2077641109442538e-09,14.9638502268499,-6.050395561647253e-10,0
-0.5011727809906006,5.815395387465117e-10,14.973930227002711,-2.9145178788958037e-10,0
-0.4981466829776764,1.2720354769513165e-09,14.98396522715484,-6.336602534732248e-10,0
-0.49914294481277466,1.0654486182204437e-09,14.99400022730697,-5.318111608452539e-10,0
-0.49693387746810913,4.340292014681779e-10,15.00408022745978,-2.1568381401996878e-10,0
-0.49583926796913147,1.3523749897714765e-09,15.01411522761191,-6.705606249480506e-10,0
-0.49621179699897766,6.84410250695322e-10,15.02415022776404,-3.3961244038204654e-10,0
-0.4930918514728546,1.3056814518463966e-09,15.03423022791685,-6.438208845247046e-10,0
-0.49400728940963745,1.1916961861757613e-09,15.04426522806898,-5.887066027324905e-10,0
-0.49205368757247925,5.7259957886302e-10,15.054345228221791,-2.8174973428199766e-10,0
-0.4907797873020172,1.4533730885446516e-09,15.06438022837392,-7.1328613526642e-10,0
-0.49126142263412476,7.968853910078622e-10,15.07441522852605,-3.9147905086287313e-10,0
-0.4881053864955902,1.3146215227521907e-09,15.084495228678861,-6.416738464583794e-10,0
-0.48896631598472595,1.2858080156163965e-09,15.09453022883099,-6.287168084595804e-10,0
-0.48707881569862366,5.650488410502419e-10,15.10456522898312,-2.7522332031063166e-10,0
-0.4856342077255249,1.6364624100262404e-09,15.114645229135931,-7.947221259656963e-10,0
-0.48626574873924255,1.0379036519125862e-09,15.12468022928806,-5.046969964164679e-10,0
-0.4831049144268036,1.3459116043890162e-09,15.134760229440872,-6.502165104643976e-10,0
-0.4838389456272125,1.3936923837221116e-09,15.144795229593,-6.74322653468783e-10,0
-0.4822210371494293,6.109570627188532e-10,15.15483022974513,-2.9461634843805433e-10,0
-0.4805254638195038,1.7459775847328274e-09,15.164910229897941,-8.389866887221988e-10,0
-0.4812721014022827,1.1205384398138563e-09,15.17494523005007,-5.392838896312499e-10,0
-0.47813719511032104,1.402874039158064e-09,15.1849802302022,-6.707662581761235e-10,0
-0.47874972224235535,1.5783521156720326e-09,15.195060230355011,-7.556356369786195e-10,0
-0.4773200452327728,7.647496524931796e-10,15.20509523050714,-3.650303387197918e-10,0
-0.47543883323669434,2.01417837963902e-09,15.215175230659952,-9.576186187461513e-10,0
-0.4762745499610901,1.3190915026939365e-09,15.225210230812081,-6.282497118030527e-10,0
-0.47319507598876953,1.5130537933671917e-09,15.23524523096421,-7.159696047274843e-10,0
-0.47366708517074585,1.7884426162240175e-09,15.245325231117022,-8.471264010219732e-10,0
-0.47240257263183594,9.988815330430612e-10,15.255360231269151,-4.718742059639743e-10,0
-0.47032567858695984,2.158064393853465e-09,15.26539523142128,-1.014993100473487e-09,0
-0.4712519943714142,1.5068318814925874e-09,15.275475231574092,-7.100975293358122e-10,0
-0.46818292140960693,1.6576647832167168e-09,15.28551023172622,-7.760903409242253e-10,0
-0.4685463309288025,1.985123176950765e-09,15.295590231879032,-9.301221810020088e-10,0
-0.4674880802631378,1.2453362785436184e-09,15.305625232031161,-5.821798661383964e-10,0
-0.46522095799446106,2.360060591399815e-09,15.31566023218329,-1.0979496492559963e-09,0
-0.46623149514198303,1.7348026348784629e-09,15.325740232336102,-8.088196262356374e-10,0
-0.46317899227142334,1.820638861893542e-09,15.335775232488231,-8.432816733420419e-10,0
-0.46339309215545654,2.203972560010925e-09,15.34581023264036,-1.02130565960924e-09,0
-0.46255773305892944,1.5425920540934612e-09,15.355890232793172,-7.135378835761889e-10,0
-0.46011823415756226,2.6469870739731505e-09,15.365925232945301,-1.2179270183144186e-09,0
-0.4611869156360626,1.9873582779439403e-09,15.376005233098113,-9.165436344687627e-10,0
-0.4582507014274597,2.0007682177691777e-09,15.386040233250242,-9.168534391864941e-10,0
-0.4582430422306061,2.4931945397099753e-09,15.396075233402371,-1.1424890507494347e-09,0
-0.4576033651828766,1.797382798152114e-09,15.406155233555182,-8.224884169562224e-10,0
-0.4549764394760132,2.972935453371406e-09,15.416190233707312,-1.3526155873669293e-09,0
-0.45613527297973633,2.34169728052791e-09,15.42622523385944,-1.0681307282895045e-09,0
-0.453258216381073,2.3248440950141003e-09,15.436305234012252,-1.0537546878701609e-09,0
-0.45313000679016113,2.8237334692704508e-09,15.446340234164381,-1.2795183661041246e-09,0
-0.4526309072971344,2.047703340224416e-09,15.456420234317193,-9.268538207611501e-10,0
-0.44992122054100037,3.1249760557017225e-09,15.466455234469322,-1.4059930411427202e-09,0
-0.4510798752307892,2.6699409350072756e-09,15.476490234621451,-1.2043566238366585e-09,0
-0.4483278691768646,2.5751647481087048e-09,15.486570234774263,-1.154518124298953e-09,0
-0.44797584414482117,3.161159112252676e-09,15.496605234926392,-1.416122921787486e-09,0
-0.4477021098136902,2.4335136128428303e-09,15.506640235078521,-1.0894891787300708e-09,0
-0.4448505640029907,3.4289366901418816e-09,15.516720235231332,-1.5253644205401643e-09,0
-0.44598332047462463,3.069342557893151e-09,15.526755235383462,-1.3688755856432653e-09,0
-0.4433774948120117,2.8612454627818806e-09,15.536835235536273,-1.2686118453304653e-09,0
-0.4428022801876068,3.5026921363368047e-09,15.546870235688402,-1.5510000647651369e-09,0
-0.44276610016822815,2.8053703804431507e-09,15.556905235840532,-1.2421229028762724e-09,0
-0.4398280680179596,3.728427344640295e-09,15.566985235993343,-1.6398669957384721e-09,0
-0.44091561436653137,3.4044727037496614e-09,15.577020236145472,-1.501085173767868e-09,0
-0.4384414553642273,3.151977345794421e-09,15.587055236297601,-1.3819575347651803e-09,0
-0.4377076029777527,3.882643095920457e-09,15.597135236450413,-1.699462402733464e-09,0
-0.4378177523612976,3.236907852866011e-09,15.607170236602542,-1.4171757207424308e-09,0
-0.4347894489765167,4.108378526268552e-09,15.617250236755353,-1.7862796356232577e-09,0
-0.435859739780426,3.8222980336399814e-09,15.627285236907483,-1.6659858263055564e-09,0
-0.4335281252861023,3.4916984859023614e-09,15.637320237059612,-1.5137494986575726e-09,0
-0.43257883191108704,4.298354117082681e-09,15.647400237212423,-1.859377003107838e-09,0
-0.4328179955482483,3.6822176419093466e-09,15.657435237364552,-1.593730058943601e-09,0
-0.4297551214694977,4.5200430065506225e-09,15.667470237516682,-1.9425116313275163e-09,0
-0.43076303601264954,4.302824319069032e-09,15.677550237669493,-1.8534976671112376e-09,0
-0.4285983145236969,3.799283554428712e-09,15.687585237821622,-1.6283665278257461e-09,0
-0.42748215794563293,4.7051251783614134e-09,15.697665237974434,-2.011357064650268e-09,0
-0.42786291241645813,4.045798362994901e-09,15.707700238126563,-1.7310470706407371e-09,0
-0.4247450530529022,4.855172708317923e-09,15.717735238278692,-2.062210589575499e-09,0
-0.4256362318992615,4.752060522861257e-09,15.727815238431504,-2.0226491347078996e-09,0
-0.4236849844455719,4.198684955269982e-09,15.737850238583633,-1.7789197699654192e-09,0
-0.42237380146980286,5.1994843985880834e-09,15.747885238735762,-2.1961259911145805e-09,0
-0.4229205846786499,4.597845215670304e-09,15.757965238888573,-1.9445233868732182e-09,0
-0.4197328984737396,5.192598351300148e-09,15.768000239040703,-2.179504356601173e-09,0
-0.42056161165237427,5.2012967266534815e-09,15.778080239193514,-2.187465734043607e-09,0
-0.41875582933425903,4.6269001963139544e-09,15.788115239345643,-1.937541428954296e-09,0
-0.41723817586898804,5.764155375231894e-09,15.798150239497772,-2.4050256741871778e-09,0
-0.4179261028766632,5.156596483146814e-09,15.808230239650584,-2.155076272309055e-09,0
-0.41474753618240356,5.585113260764274e-09,15.818265239802713,-2.3164119642016527e-09,0
-0.4154658913612366,5.644793965586814e-09,15.828300239954842,-2.345219356463055e-09,0
-0.41391366720199585,5.026965954613161e-09,15.838380240107654,-2.080729913173515e-09,0
-0.41214367747306824,6.29898666559825e-09,15.848415240259783,-2.5960875287134825e-09,0
-0.4129696786403656,5.590187424076021e-09,15.858495240412594,-2.3085779040600875e-09,0
-0.4097549319267273,5.996958485354753e-09,15.868530240564723,-2.4572833159339465e-09,0
-0.4104022979736328,6.1842162502045994e-09,15.878565240716853,-2.53801656024985e-09,0
-0.4089973270893097,5.50302248214507e-09,15.888645240869664,-2.250721486109712e-09,0
-0.4070327579975128,6.888907222446505e-09,15.898680241021793,-2.8040109063413866e-09,0
-0.40792813897132874,6.1704437115395194e-09,15.908715241173923,-2.5170976198756546e-09,0
-0.40483060479164124,6.5154792672217354e-09,15.918795241326734,-2.6376654122567746e-09,0
-0.40522754192352295,6.783318351466505e-09,15.928830241478863,-2.748787421649496e-09,0
-0.4040910303592682,6.108709094121423e-09,15.938910241631675,-2.4684745520085575e-09,0
-0.4019264876842499,7.405012603101113e-09,15.948945241783804,-2.9762707068220347e-09,0
-0.40290775895118713,6.742000735471265e-09,15.958980241935933,-2.716404407175983e-09,0
-0.3998260796070099,7.0228258763904705e-09,15.969060242088744,-2.8079089379198652e-09,0
-0.4001063108444214,7.455874140305241e-09,15.979095242240874,-2.9831422963978518e-09,0
-0.39916151762008667,6.73511424409412e-09,15.989130242393003,-2.688398423017272e-09,0
-0.39683982729911804,8.026344033851274e-09,15.999210242545814,-3.185172980236846e-09,0
-0.3978976607322693,7.405374979896351e-09,16.009245242697943,-2.9465813813460337e-09,0
-0.394875705242157,7.630748477538418e-09,16.019325242850755,-3.0131971865934986e-09,0
-0.39498594403266907,8.08668865204254e-09,16.029360243002884,-3.1941283513252946e-09,0
-0.3941926062107086,7.520145395290001e-09,16.039395243155013,-2.964385712452825e-09,0
-0.39174512028694153,8.839886156408738e-09,16.049475243307825,-3.4629822656652104e-09,0
-0.39281758666038513,8.133019591127777e-09,16.059510243459954,-3.1947931280484456e-09,0
-0.3898782432079315,8.346493274302702e-09,16.069545243612083,-3.2541161347319535e-09,0
-0.389875203371048,8.85329587418937e-09,16.079625243764895,-3.451680529453641e-09,0
-0.3892524838447571,8.220244929191267e-09,16.089660243917024,-3.19975075649997e-09,0
-0.38665443658828735,9.483567708912233e-09,16.099740244069835,-3.6668635293363345e-09,0
-0.3877868056297302,8.913641380559056e-09,16.109775244221964,-3.456592517495975e-09,0
-0.384921669960022,9.090206809503343e-09,16.119810244374094,-3.49901758539599e-09,0
-0.3846983313560486,9.666837996746835e-09,16.129890244526905,-3.718816446837755e-09,0
-0.3842815160751343,9.030525660591593e-09,16.139925244679034,-3.470264091807541e-09,0
-0.38158300518989563,1.0260866822875414e-08,16.149960244831163,-3.915372398126097e-09,0
-0.38266807794570923,9.774118403527154e-09,16.160040244983975,-3.74024310309152e-09,0
-0.3799774646759033,9.863760475070649e-09,16.170075245136104,-3.748006697487729e-09,0
-0.3795796036720276,1.0525080362810968e-08,16.180155245288915,-3.9951058327320275e-09,0
-0.3793591260910034,9.85904868855414e-09,16.190190245441045,-3.740120094578552e-09,0
-0.3765111565589905,1.099769431078812e-08,16.200225245593174,-4.140754604437065e-09,0
-0.3776114583015442,1.0630125224508902e-08,16.210305245745985,-4.014057087954836e-09,0
-0.3750208914279938,1.0577632991726205e-08,16.220340245898115,-3.966833353755318e-09,0
-0.37446513772010803,1.1284619461093826e-08,16.230375246050244,-4.225696580617511e-09,0
-0.3743866980075836,1.0659181093330972e-08,16.240455246203055,-3.9906556129970475e-09,0
-0.37144753336906433,1.1725338922019546e-08,16.250490246355184,-4.355348220500444e-09,0
-0.37252679467201233,1.141237770951875e-08,16.260570246507996,-4.251416487713342e-09,0
-0.37005358934402466,1.1235812280574464e-08,16.270605246660125,-4.157852663622252e-09,0
-0.369263619184494,1.2078832156703356e-08,16.280640246812254,-4.460273277706329e-09,0
-0.36945033073425293,1.149507333764177e-08,16.290720246965066,-4.246858646406245e-09,0
-0.36641690135002136,1.2503482693659862e-08,16.300755247117195,-4.581487384694465e-09,0
-0.3674398958683014,1.2294600004736367e-08,16.310790247269324,-4.5175265454827484e-09,0
-0.36516132950782776,1.1959953916118593e-08,16.320870247422135,-4.3673126728622165e-09,0
-0.36416298151016235,1.2964861184627807e-08,16.330905247574265,-4.721322503859438e-09,0
-0.3645039498806,1.2279559591377165e-08,16.340985247727076,-4.475947973851183e-09,0
-0.36139944195747375,1.3287547062645899e-08,16.351020247879205,-4.8021120934238975e-09,0
-0.36235982179641724,1.3141606913791293e-08,16.361055248031334,-4.7619903393999775e-09,0
-0.3602590262889862,1.2822666484169076e-08,16.371135248184146,-4.6194813420151696e-09,0
-0.35905614495277405,1.3782027075137648e-08,16.381170248336275,-4.94852151123368e-09,0
-0.359562486410141,1.3127835707393842e-08,16.391205248488404,-4.720277248134362e-09,0
-0.35636085271835327,1.4134614367833365e-08,16.401285248641216,-5.037023228966186e-09,0
-0.3572694659233093,1.4034521989003679e-08,16.411320248793345,-5.014106175500285e-09,0
-0.35540685057640076,1.363173840474019e-08,16.421400248946156,-4.84481321431008e-09,0
-0.35399991273880005,1.481182110296686e-08,16.431435249098286,-5.2433833779529856e-09,0
-0.3545750677585602,1.4190611352660198e-08,16.441470249250415,-5.031636981904883e-09,0
-0.35141047835350037,1.4925806368637495e-08,16.451550249403226,-5.2450847558146245e-09,0
-0.35217294096946716,1.494350598818528e-08,16.461585249555355,-5.2626984522540535e-09,0
-0.35047683119773865,1.4466060349604959e-08,16.471620249707485,-5.070018991244797e-09,0
-0.3488630950450897,1.590473885926258e-08,16.481700249860296,-5.548576424326253e-09,0
-0.34958967566490173,1.5253386109748135e-08,16.491735250012425,-5.332426302898368e-09,0
-0.34641799330711365,1.5989670032467984e-08,16.501815250165237,-5.53910940629045e-09,0
-0.34709739685058594,1.609918598433069e-08,16.511850250317366,-5.58798554657462e-09,0
-0.3455778956413269,1.5611471226861795e-08,16.521885250469495,-5.394979374444023e-09,0
-0.3437744081020355,1.7133993779339107e-08,16.531965250622306,-5.89022856991626e-09,0
-0.34461456537246704,1.6437818217696076e-08,16.542000250774436,-5.664711580762954e-09,0
-0.34140557050704956,1.707823926722085e-08,16.552035250926565,-5.830606020281431e-09,0
-0.3420187532901764,1.7323968037885606e-08,16.562115251079376,-5.925121950356498e-09,0
-0.3406686782836914,1.683951644793069e-08,16.572150251231506,-5.7366958112530306e-09,0
-0.3386436402797699,1.8314075589387357e-08,16.582230251384317,-6.201945225949007e-09,0
-0.3395555913448334,1.7668158491801478e-08,16.592265251536446,-5.99932200465789e-09,0
-0.33644694089889526,1.835219087809037e-08,16.602300251688575,-6.174538479726115e-09,0
-0.3368799686431885,1.864262166861863e-08,16.612380251841387,-6.28032580315107e-09,0
-0.33571621775627136,1.820528439111513e-08,16.622415251993516,-6.111809218962455e-09,0
-0.33352407813072205,1.9695006514552915e-08,16.632450252145645,-6.568758891544826e-09,0
-0.3345390260219574,1.910973779217784e-08,16.642530252298457,-6.392953068530165e-09,0
-0.33148008584976196,1.9763870540145945e-08,16.652565252450586,-6.551329503371159e-09,0
-0.33172714710235596,2.0271940570637526e-08,16.662645252603397,-6.724753011726092e-09,0
-0.33081525564193726,1.9883049873214986e-08,16.672680252755526,-6.577616226749004e-09,0
-0.3284481167793274,2.140049915055897e-08,16.682715252907656,-7.02895364413869e-09,0
-0.3294724225997925,2.0727881633320067e-08,16.692795253060467,-6.829265377091706e-09,0
-0.3265070617198944,2.1356886037438017e-08,16.702830253212596,-6.973174107570526e-09,0
-0.3265770375728607,2.1990420151496437e-08,16.712865253364726,-7.181566268058245e-09,0
-0.325846791267395,2.1577184483589917e-08,16.722945253517537,-7.030856328562398e-09,0
-0.32333099842071533,2.3220758649245e-08,16.732980253669666,-7.507991078146847e-09,0
-0.32449397444725037,2.2548203304495473e-08,16.743015253821795,-7.31675610692036e-09,0
-0.3216038942337036,2.313051261637611e-08,16.753095253974607,-7.438862933048369e-09,0
-0.3214372992515564,2.384052066872755e-08,16.763130254126736,-7.663232576506693e-09,0
-0.32089442014694214,2.3244497882046744e-08,16.773210254279547,-7.459029669466215e-09,0
-0.31825917959213257,2.4926249508894216e-08,16.783245254431677,-7.93300771900947e-09,0
-0.31937479972839355,2.4407485810229446e-08,16.793280254583806,-7.795135892515637e-09,0
-0.31661343574523926,2.493639783551771e-08,16.803360254736617,-7.89519859381341e-09,0
-0.3162975311279297,2.5731939246043112e-08,16.813395254888746,-8.138948854657317e-09,0
-0.315978467464447,2.51856313582266e-08,16.823430255040876,-7.95811719869696e-09,0
-0.31321027874946594,2.6836152855480577e-08,16.833510255193687,-8.405358916428348e-09,0
-0.31432560086250305,2.6445810874520248e-08,16.843545255345816,-8.312595393429694e-09,0
-0.3116389811038971,2.6954607434959144e-08,16.853625255498628,-8.400106397086197e-09,0
-0.311157763004303,2.7921760903382165e-08,16.863660255650757,-8.6880726618374e-09,0
-0.3110363185405731,2.753383654408026e-08,16.873695255802886,-8.56402315396862e-09,0
-0.3081396520137787,2.9207491536453745e-08,16.883775255955698,-8.999986278238243e-09,0
-0.3092414438724518,2.901208340233552e-08,16.893810256107827,-8.97173856108623e-09,0
-0.30669933557510376,2.9597410744486297e-08,16.903845256259956,-9.077506210077384e-09,0
-0.3060672879219055,3.074517707091218e-08,16.913925256412767,-9.410092962772845e-09,0
-0.30611681938171387,3.0446717147469826e-08,16.923960256564897,-9.320252213798151e-09,0
-0.3031170964241028,3.2231458391152046e-08,16.934040256717708,-9.769906081040291e-09,0
-0.30416545271873474,3.238863044430218e-08,16.944075256869837,-9.851502442030967e-09,0
-0.3018580377101898,3.3956396805479017e-08,16.954110257021966,-1.0250011307410454e-08,0
-0.30100464820861816,3.661877201466268e-08,16.964190257174778,-1.1022420588105132e-08,0
-0.301191121339798,3.673384796343271e-08,16.974225257326907,-1.1063908859231952e-08,0
-0.29810354113578796,3.871708287306319e-08,16.984260257479036,-1.1541699506907905e-08,0
-0.2990545630455017,3.870626841262492e-08,16.994340257631848,-1.1575286187259451e-08,0
-0.2968973219394684,3.900859724126349e-08,17.004375257783977,-1.1581548053546464e-08,0
-0.29582175612449646,4.036240852656192e-08,17.01445525793679,-1.1940078571741897e-08,0
-0.2961727976799011,3.982347251962892e-08,17.024490258088917,-1.1794629269467159e-08,0
-0.29301318526268005,4.1494530478303204e-08,17.034525258241047,-1.215844454642698e-08,0
-0.29394182562828064,4.1225121094612405e-08,17.044605258393858,-1.2117787356297313e-08,0
-0.2919551730155945,4.136369113894034e-08,17.054640258545987,-1.207634360303294e-08,0
-0.2906748950481415,4.2825867296869546e-08,17.064675258698117,-1.244840448186319e-08,0
-0.29120808839797974,4.217946525386651e-08,17.074755258850928,-1.2283001446227474e-08,0
-0.2880401611328125,4.358794214454065e-08,17.084790259003057,-1.2555077878761197e-08,0
-0.2888431251049042,4.344671467038097e-08,17.09487025915587,-1.2549284840933926e-08,0
-0.2870500683784485,4.344103743392225e-08,17.104905259307998,-1.2469752765838121e-08,0
-0.2855803966522217,4.5040938090323834e-08,17.114940259460127,-1.286280896542284e-08,0
-0.2861454486846924,4.4264726994924786e-08,17.12502025961294,-1.2666150166868168e-08,0
-0.28301361203193665,4.5568885553848304e-08,17.135055259765068,-1.2896614896864546e-08,0
-0.2837422788143158,4.5536747705909875e-08,17.145090259917197,-1.2920700563867435e-08,0
-0.28216513991355896,4.5324117792233665e-08,17.15517026007001,-1.2788886038304239e-08,0
-0.2804509401321411,4.712746815016544e-08,17.165205260222137,-1.3216942748761435e-08,0
-0.2812071144580841,4.622482663307892e-08,17.17528526037495,-1.2998750113813318e-08,0
-0.27807554602622986,4.758425475870354e-08,17.185320260527078,-1.3232017624277713e-08,0
-0.2786642611026764,4.766229722008575e-08,17.195355260679207,-1.3281778837291342e-08,0
-0.27723878622055054,4.742279102742941e-08,17.20543526083202,-1.3147437023635345e-08,0
-0.27533382177352905,4.9390742162813694e-08,17.215470260984148,-1.3598941799918473e-08,0
-0.2762147784233093,4.855521495983339e-08,17.225505261136277,-1.3411667941426535e-08,0
-0.27309006452560425,4.978966217095149e-08,17.23558526128909,-1.3597062054973179e-08,0
-0.2735615670681,5.0175774646277205e-08,17.245620261441218,-1.3726163541091432e-08,0
-0.2723545432090759,5.022101845497673e-08,17.25570026159403,-1.3677922540799759e-08,0
-0.2702907919883728,5.2450523924107983e-08,17.26573526174616,-1.4176893651652242e-08,0
-0.2711656093597412,5.188126550592642e-08,17.275770261898288,-1.406841497526906e-08,0
-0.2681156098842621,5.3320970749837215e-08,17.2858502620511,-1.4296184592213504e-08,0
-0.2684403359889984,5.3924182452647074e-08,17.295885262203228,-1.4475425655520633e-08,0
-0.2674378752708435,5.3832366120332154e-08,17.305920262355357,-1.4396813616023772e-08,0
-0.26514938473701477,5.619742182716436e-08,17.31600026250817,-1.4900711821279115e-08,0
-0.2661616802215576,5.565491889569785e-08,17.326035262660298,-1.4813206725873455e-08,0
-0.2631772756576538,5.702884209313197e-08,17.33611526281311,-1.5008695295981003e-08,0
-0.26331084966659546,5.834055372133662e-08,17.34615026296524,-1.5361700770384803e-08,0
-0.26250603795051575,5.882258591327627e-08,17.356185263117368,-1.5441283970097974e-08,0
-0.26008477807044983,6.134911245680996e-08,17.36626526327018,-1.5955970298148488e-08,0
-0.2611289620399475,6.101241467604268e-08,17.37630026342231,-1.5932108515905886e-08,0
-0.25822463631629944,6.287169895813349e-08,17.386335263574438,-1.6235021598051884e-08,0
-0.2581928074359894,6.41473363316436e-08,17.39641526372725,-1.65623808570077e-08,0
-0.25755152106285095,6.462079937818999e-08,17.40645026387938,-1.6643185172150164e-08,0
-0.254998117685318,6.806530450376158e-08,17.41653026403219,-1.73565245281372e-08,0
-0.2560843825340271,6.829997545310107e-08,17.42656526418432,-1.7490557040996595e-08,0
-0.25334009528160095,7.056821260675861e-08,17.436600264336448,-1.78777577056485e-08,0
-0.2530860900878906,7.243697552894446e-08,17.44668026448926,-1.8332790914412766e-08,0
-0.2526608407497406,7.31735028125513e-08,17.45671526464139,-1.848807874122272e-08,0
-0.2500219941139221,7.753477859751001e-08,17.466750264793518,-1.9385399958130903e-08,0
-0.2510398030281067,7.835527071620163e-08,17.47683026494633,-1.9670291726809233e-08,0
-0.24836499989032745,8.068638379654658e-08,17.48686526509846,-2.003967370278021e-08,0
-0.24789120256900787,8.274035678823566e-08,17.49694526525127,-2.051060654522451e-08,0
-0.24768076837062836,8.320746758272435e-08,17.5069802654034,-2.0608889505063317e-08,0
-0.24489663541316986,8.651443295093486e-08,17.51701526555553,-2.1187093544362224e-08,0
-0.24592304229736328,8.671642603985674e-08,17.52709526570834,-2.1325567308875864e-08,0
-0.24341048300266266,8.869277934309139e-08,17.53713026586047,-2.1588752258750456e-08,0
-0.24278061091899872,9.07632369262501e-08,17.5471652660126,-2.2035554109940823e-08,0
-0.24278247356414795,9.140323697920394e-08,17.55724526616541,-2.219110396558113e-08,0
-0.23984745144844055,9.431882830313043e-08,17.56728026631754,-2.2622130592108877e-08,0
-0.24082836508750916,9.468645600918535e-08,17.57736026647035,-2.2803184396622464e-08,0
-0.2384854406118393,9.661079758416236e-08,17.58739526662248,-2.304026862972018e-08,0
-0.23762644827365875,9.897162556171679e-08,17.59743026677461,-2.3518275862101218e-08,0
-0.23780199885368347,9.923022048496932e-08,17.60751026692742,-2.3597144778017433e-08,0
-0.2348126620054245,1.0232063374360223e-07,17.61754526707955,-2.4026180387417303e-08,0
-0.23572450876235962,1.0224029978189719e-07,17.62758026723168,-2.41005444418041e-08,0
-0.2336292564868927,1.038343313553014e-07,17.63766026738449,-2.4258737632352716e-08,0
-0.23249492049217224,1.056857072967432e-07,17.64769526753662,-2.45713901151153e-08,0
-0.23285362124443054,1.05921834858691e-07,17.65777526768943,-2.4664282815700754e-08,0
-0.22980722784996033,1.0914917680793224e-07,17.66781026784156,-2.508326974433609e-08,0
-0.2306053340435028,1.0942034123218036e-07,17.67784526799369,-2.5232914341001016e-08,0
-0.22866883873939514,1.1043206882277445e-07,17.6879252681465,-2.5252372937292798e-08,0
-0.22741486132144928,1.1280836531568639e-07,17.69796026829863,-2.565429875416621e-08,0
-0.2278841733932495,1.1267753308175088e-07,17.70799526845076,-2.5677426486325326e-08,0
-0.22479870915412903,1.1594359250466368e-07,17.71807526860357,-2.6063969929740746e-08,0
-0.22552527487277985,1.1627903262478867e-07,17.7281102687557,-2.62238607946464e-08,0
-0.22373448312282562,1.1747904693493183e-07,17.73819026890851,-2.6284113843749145e-08,0
-0.222307488322258,1.1988615256086632e-07,17.74822526906064,-2.665158946042523e-08,0
-0.2228967398405075,1.1987823711478995e-07,17.75826026921277,-2.6720468230714008e-08,0
-0.2197922170162201,1.230553863251771e-07,17.76834026936558,-2.7046616176198127e-08,0
-0.2204369753599167,1.2398012927405944e-07,17.77837526951771,-2.7329804701905125e-08,0
-0.21890759468078613,1.2516227343439823e-07,17.78841026966984,-2.7398972222302974e-08,0
-0.2171747088432312,1.2836127893933735e-07,17.79849026982265,-2.7876823380395375e-08,0
-0.217929869890213,1.2841717023093224e-07,17.80852526997478,-2.79859372000964e-08,0
-0.21482178568840027,1.315662814249663e-07,17.81860527012759,-2.8263303512093866e-08,0
-0.21537695825099945,1.3305032098287484e-07,17.82864027027972,-2.865597342761071e-08,0
-0.21400660276412964,1.3447704816371697e-07,17.83867527043185,-2.8778976227265307e-08,0
-0.21204794943332672,1.3761643913312582e-07,17.84875527058466,-2.918128372649555e-08,0
-0.21291980147361755,1.3807625975914561e-07,17.85879027073679,-2.9399169816136932e-08,0
-0.20989398658275604,1.4201977194261417e-07,17.86882527088892,-2.980909610660913e-08,0
-0.21026422083377838,1.4375153511991812e-07,17.87890527104173,-3.022580452564911e-08,0
-0.20910562574863434,1.449693769473015e-07,17.88894027119386,-3.0313912280955125e-08,0
-0.20702141523361206,1.4848976093162491e-07,17.89902027134667,-3.074056045576571e-08,0
-0.20788322389125824,1.491043803980574e-07,17.9090552714988,-3.09962992934567e-08,0
-0.20495182275772095,1.5311350409774604e-07,17.91909027165093,-3.138089175365483e-08,0
-0.20517753064632416,1.5573563416637626e-07,17.92917027180374,-3.195345285189639e-08,0
-0.20423345267772675,1.5754594073769113e-07,17.93920527195587,-3.217615143221918e-08,0
-0.2020186334848404,1.6304574046444031e-07,17.949240272108,-3.293827768415018e-08,0
-0.20287670195102692,1.6424654347702017e-07,17.95932027226081,-3.3321797047473805e-08,0
-0.20004671812057495,1.6884395392935403e-07,17.96935527241294,-3.377667885806883e-08,0
-0.20003876090049744,1.7157066167783341e-07,17.979435272565752,-3.4320782568912257e-08,0
-0.19931724667549133,1.739509372100656e-07,17.98947027271788,-3.467142186133155e-08,0
-0.19689947366714478,1.7899884596772608e-07,17.99950527287001,-3.5244778558071586e-08,0
-0.19785617291927338,1.8014414138178836e-07,18.00958527302282,-3.564263038762915e-08,0
-0.1951024979352951,1.844252039973071e-07,18.01962027317495,-3.598181798210099e-08,0
-0.19488638639450073,1.8718199612521857e-07,18.02965527332708,-3.6479222822953286e-08,0
-0.1943267583847046,1.890573315677102e-07,18.03973527347989,-3.6738898392415405e-08,0
-0.19180703163146973,1.9448597754490038e-07,18.04977027363202,-3.730377804683202e-08,0
-0.19277147948741913,1.9577129251047154e-07,18.059850273784832,-3.7739121698407894e-08,0
-0.19016602635383606,2.0045585813477373e-07,18.06988527393696,-3.8119894000838204e-08,0
-0.18976306915283203,2.0357352070732304e-07,18.07992027408909,-3.8630736087669226e-08,0
-0.18940843641757965,2.0560307234518405e-07,18.090000274241902,-3.894295645555182e-08,0
-0.18681135773658752,2.1169239516893867e-07,18.10003527439403,-3.9546543764019655e-08,0
-0.18773144483566284,2.1395337057583674e-07,18.11007027454616,-4.0165775385661825e-08,0
-0.185271754860878,2.19301426795937e-07,18.12015027469897,-4.063036018597762e-08,0
-0.18468712270259857,2.243400984980326e-07,18.1301852748511,-4.14327272984192e-08,0
-0.18456827104091644,2.2790621301282954e-07,18.140265275003912,-4.206425569526076e-08,0
-0.1818084865808487,2.3590305886500573e-07,18.15030027515604,-4.2889178112039554e-08,0
-0.1828119307756424,2.4094509853966883e-07,18.16033527530817,-4.4047638674964274e-08,0
-0.1804817020893097,2.488347945472924e-07,18.170415275460982,-4.491012725893901e-08,0
-0.17969144880771637,2.564804617577465e-07,18.18045027561311,-4.6087345764121566e-08,0
-0.17966879904270172,2.608095996947668e-07,18.19048527576524,-4.685934755596654e-08,0
-0.17683002352714539,2.6901020078184956e-07,18.200565275918052,-4.756908013329656e-08,0
-0.17765778303146362,2.7318415618537983e-07,18.21060027607018,-4.853329154721568e-08,0
-0.17552529275417328,2.8020537001793855e-07,18.220680276222993,-4.918312960369011e-08,0
-0.17449311912059784,2.8708916488540126e-07,18.230715276375122,-5.0095083846581276e-08,0
-0.17469988763332367,2.912536558596912e-07,18.24075027652725,-5.0881980951482776e-08,0
-0.171841561794281,3.0036287057555455e-07,18.250830276680063,-5.1614824784716786e-08,0
-0.17255094647407532,3.05049070448149e-07,18.26086527683219,-5.263650582686499e-08,0
-0.17060990631580353,3.1232093533617444e-07,18.27090027698432,-5.3285045518168853e-08,0
-0.16943451762199402,3.2082658663057373e-07,18.280980277137132,-5.4359097946062135e-08,0
-0.16975155472755432,3.256756428982044e-07,18.29101527728926,-5.528394671886598e-08,0
-0.166811004281044,3.3359739859406545e-07,18.301095277442073,-5.5647717085019796e-08,0
-0.16744834184646606,3.38170224267742e-07,18.311130277594202,-5.662604331548096e-08,0
-0.16566979885101318,3.4404581583658e-07,18.32116527774633,-5.6998001105178935e-08,0
-0.16430975496768951,3.507533108404459e-07,18.331245277899143,-5.76321905582995e-08,0
-0.1647188365459442,3.542879483120487e-07,18.341280278051272,-5.835789864821028e-08,0
-0.16174447536468506,3.6115122270530264e-07,18.3513152782034,-5.841421504378371e-08,0
-0.16230754554271698,3.666464181151241e-07,18.361395278356213,-5.950948020629456e-08,0
-0.16074411571025848,3.7110413586560753e-07,18.371430278508342,-5.96528061561367e-08,0
-0.15918901562690735,3.786908848724124e-07,18.381510278661153,-6.028342918972183e-08,0
-0.15980029106140137,3.836190387573879e-07,18.391545278813282,-6.13024340501256e-08,0
-0.1568455547094345,3.918224820154137e-07,18.40158027896541,-6.145561453933499e-08,0
-0.15719282627105713,3.971318847106886e-07,18.411660279118223,-6.242628336002476e-08,0
-0.15589457750320435,4.0345565821553464e-07,18.421695279270352,-6.289654937878799e-08,0
-0.15406674146652222,4.1128987504635006e-07,18.43173027942248,-6.336609084656424e-08,0
-0.1547156274318695,4.150678307723865e-07,18.441810279575293,-6.421747986473481e-08,0
-0.15177372097969055,4.2148610646108864e-07,18.451845279727422,-6.397051471884141e-08,0
-0.15218831598758698,4.2913941911137954e-07,18.461925279880234,-6.531000551845215e-08,0
-0.15109401941299438,4.367920496406441e-07,18.471960280032363,-6.599666642784509e-08,0
-0.14908753335475922,4.466277232495486e-07,18.481995280184492,-6.658662558712724e-08,0
-0.14977926015853882,4.528036754436471e-07,18.492075280337303,-6.782059950501659e-08,0
-0.14709709584712982,4.642702720047964e-07,18.502110280489433,-6.829280870006257e-08,0
-0.14714032411575317,4.7289645976889005e-07,18.512145280641562,-6.958213836358671e-08,0
-0.14623983204364777,4.806697120329773e-07,18.522225280794373,-7.029305795617113e-08,0
-0.14402393996715546,4.917716296404251e-07,18.532260280946502,-7.082688766488279e-08,0
-0.14475470781326294,4.979194727638969e-07,18.542340281099314,-7.207618779447183e-08,0
-0.1421332061290741,5.088196530778077e-07,18.552375281251443,-7.232016863343202e-08,0
-0.14206229150295258,5.19690672717843e-07,18.562410281403572,-7.382844783900773e-08,0
-0.14132951200008392,5.272986527415924e-07,18.572490281556384,-7.452286127027097e-08,0
-0.1390591412782669,5.402484362093674e-07,18.582525281708513,-7.512648361620118e-08,0
-0.13976721465587616,5.470978976518381e-07,18.592560281860642,-7.646634929888303e-08,0
-0.1372770071029663,5.599118253485358e-07,18.602640282013454,-7.686301962540578e-08,0
-0.13679079711437225,5.683534141098789e-07,18.612675282165583,-7.774551655876525e-08,0
-0.13622479140758514,5.734850674343761e-07,18.622755282318394,-7.812288368661279e-08,0
-0.13383378088474274,5.839895607095968e-07,18.632790282470523,-7.815753090698535e-08,0
-0.13447923958301544,5.881651077288552e-07,18.642825282622653,-7.909599643663881e-08,0
-0.13212017714977264,5.961346118965594e-07,18.652905282775464,-7.876141052888439e-08,0
-0.13168808817863464,6.059063935026643e-07,18.662940282927593,-7.979065457557736e-08,0
-0.13128876686096191,6.11436007602606e-07,18.672975283079722,-8.027467945253587e-08,0
-0.12879520654678345,6.231156248759362e-07,18.683055283232534,-8.025430560842424e-08,0
-0.12941564619541168,6.271480970099219e-07,18.693090283384663,-8.116277623476178e-08,0
-0.1272018551826477,6.357992674566049e-07,18.703170283537474,-8.087484634424855e-08,0
-0.12644226849079132,6.441246682697965e-07,18.713205283689604,-8.14445842469115e-08,0
-0.1263342648744583,6.505957230729109e-07,18.723240283841733,-8.219253240488286e-08,0
-0.1237827017903328,6.622371415687667e-07,18.733320283994544,-8.197350260928905e-08,0
-0.12441792339086533,6.694915555272019e-07,18.743355284146674,-8.329674906641466e-08,0
-0.12235337495803833,6.788040423089114e-07,18.753390284298803,-8.305396551165436e-08,0
-0.1213836520910263,6.89041542045743e-07,18.763470284451614,-8.363837881594474e-08,0
-0.1212974265217781,6.941580181774043e-07,18.773505284603743,-8.419958120437681e-08,0
-0.11873610317707062,7.056834192553652e-07,18.783585284756555,-8.379009927905302e-08,0
-0.1192692220211029,7.118721327969979e-07,18.793620284908684,-8.49044354572012e-08,0
-0.11737005412578583,7.203463496807672e-07,18.803655285060813,-8.454709005134389e-08,0
-0.11625489592552185,7.307087344088359e-07,18.813735285213625,-8.4948467870569e-08,0
-0.11649730056524277,7.380187412309169e-07,18.823770285365754,-8.597719111996025e-08,0
-0.11376170814037323,7.498516083614959e-07,18.833805285517883,-8.530439981900995e-08,0
-0.11418454349040985,7.580182455058093e-07,18.843885285670694,-8.655396732048226e-08,0
-0.11252256482839584,7.677029998376383e-07,18.853920285822824,-8.638391056818462e-08,0
-0.11121756583452225,7.797194712111377e-07,18.863955285974953,-8.671850162188358e-08,0
-0.11152095347642899,7.880791486059024e-07,18.874035286127764,-8.788733806742261e-08,0
-0.085736945271492,1.2609072008729072e-08,18.884070286279893,-1.0810633167367062e-09,0
-0.10408534854650497,1.3115451835687963e-08,18.894150286432705,-1.3651263756624802e-09,0
-0.10536354780197144,1.2960270190376377e-08,18.904185286584834,-1.3655400477301869e-09,0
-0.10499715059995651,8.429127618114762e-09,18.914220286736963,-8.850343819454484e-10,0
-0.10560053586959839,8.234199100343176e-09,18.924300286889775,-8.695358374532043e-10,0
-0.1027144193649292,8.860665978716042e-09,18.934335287041904,-9.101181611904004e-10,0
-0.10369214415550232,8.475035784272222e-09,18.944370287194033,-8.787946322657959e-10,0
-0.1015901118516922,8.211848978589842e-09,18.954450287346845,-8.342426562441464e-10,0
-0.1005346029996872,8.615056223959527e-09,18.964485287498974,-8.661112572957553e-10,0
-0.10093674063682556,8.323598699178092e-09,18.974565287651785,-8.401569230639577e-10,0
-0.09788341075181961,8.840006948673818e-09,18.984600287803914,-8.652900312059788e-10,0
-0.09878910332918167,9.032821601806518e-09,18.994635287956044,-8.923443465749284e-10,0
-0.09677200019359589,9.003041867572392e-09,19.004715288108855,-8.712423693516674e-10,0
-0.09554098546504974,1.0143800466266839e-08,19.014750288260984,-9.691486929079649e-10,0
-0.09603705257177353,1.0058870181239854e-08,19.024785288413113,-9.66024244408377e-10,0
-0.09292392432689667,1.0799985794562872e-08,19.034865288565925,-1.0035770627055193e-09,0
-0.09373373538255692,1.085537792988589e-08,19.044900288718054,-1.0175151223575725e-09,0
-0.09191180020570755,1.0746346035261922e-08,19.054980288870865,-9.877160097343913e-10,0
-0.09041769057512283,1.158072837625923e-08,19.065015289022995,-1.0471027149591518e-09,0
-0.09103314578533173,1.0839309894095095e-08,19.075050289175124,-9.867364778015474e-10,0
-0.08789536356925964,1.1322977222505415e-08,19.085130289327935,-9.952371996585592e-10,0
-0.08865365386009216,1.1638113583956056e-08,19.095165289480065,-1.0317612932564768e-09,0
-0.0870378389954567,1.1491207096980816e-08,19.105200289632194,-1.0001698331704656e-09,0
-0.0853981226682663,1.312662600838621e-08,19.115280289785005,-1.1209892180846204e-09,0
-0.08608274906873703,1.3201288062703043e-08,19.125315289937134,-1.1364031676857796e-09,0
-0.08295098692178726,1.3446233460001622e-08,19.135395290089946,-1.1153783358878928e-09,0
-0.08359211683273315,1.4119452274030664e-08,19.145430290242075,-1.180274904104971e-09,0
-0.08215125650167465,1.3768254980561778e-08,19.155465290394204,-1.1310794464885902e-09,0
-0.08025532960891724,1.478723632430956e-08,19.165545290547016,-1.1867545252124176e-09,0
-0.08108501881361008,1.4055181019045904e-08,19.175580290699145,-1.1396646173580324e-09,0
-0.0779624655842781,1.4032226935967174e-08,19.185615290851274,-1.093987009566121e-09,0
-0.07845956087112427,1.3987103919532728e-08,19.195695291004085,-1.097422031385319e-09,0
-0.0771946907043457,1.3093403694597328e-08,19.205730291156215,-1.010741248471578e-09,0
-0.07515061646699905,1.3390357267439867e-08,19.215810291309026,-1.006293603361467e-09,0
-0.07604406028985977,1.2356576206684622e-08,19.225845291461155,-9.396442260373721e-10,0
-0.07292768359184265,1.15761373820078e-08,19.235880291613284,-8.442208842107666e-10,0
-0.07326866686344147,1.0759756641220974e-08,19.245960291766096,-7.883530248773215e-10,0
-0.0722566470503807,9.161364999954458e-09,19.255995291918225,-6.619695173014203e-10,0
-0.06997185945510864,8.029727105451911e-09,19.266030292070354,-5.618549364855575e-10,0
-0.07100190967321396,6.7702705663919005e-09,19.276110292223166,-4.807021392181768e-10,0
-0.0679958239197731,6.108467509591264e-09,19.286145292375295,-4.153502812018225e-10,0
-0.06817998737096786,5.934378766170312e-09,19.296225292528106,-4.046058693320317e-10,0
-0.0672939196228981,4.4419987688115725e-09,19.306260292680236,-2.989195081134183e-10,0
-0.06490208208560944,5.137508196639828e-09,19.316295292832365,-3.3343497869380945e-10,0
-0.06596734374761581,4.414574483746492e-09,19.326375292985176,-2.9121775246875844e-10,0
-0.06303101032972336,4.159663280489667e-09,19.336410293137305,-2.6218777920071516e-10,0
-0.06304953992366791,4.178026369316967e-09,19.346445293289435,-2.634226403743874e-10,0
-0.06235375627875328,3.368591849906011e-09,19.356525293442246,-2.1004435521163405e-10,0
-0.05984259396791458,3.888804833707127e-09,19.366560293594375,-2.3271616868399917e-10,0
-0.060960832983255386,3.1361511165783895e-09,19.376640293747187,-1.911823844279851e-10,0
-0.058064159005880356,2.7181445982904506e-09,19.386675293899316,-1.578267801561115e-10,0
-0.05790567025542259,2.6171464995172755e-09,19.396710294051445,-1.5154762221118086e-10,0
-0.0573873333632946,1.884548073149972e-09,19.406790294204256,-1.0814918851301194e-10,0
-0.054680194705724716,2.4403998821753703e-09,19.416825294356386,-1.334415407171769e-10,0
-0.05588845908641815,1.786207737275447e-09,19.426860294508515,-9.982839804456236e-11,0
-0.053126391023397446,1.4777769008489372e-09,19.436940294661326,-7.850895347984507e-11,0
-0.05273297056555748,1.5773252703965568e-09,19.446975294813456,-8.317704705613162e-11,0
-0.05245297774672508,7.871601148679019e-10,19.457055294966267,-4.128889198827562e-11,0
-0.04963305592536926,9.093605868315535e-10,19.467090295118396,-4.513434486253711e-11,0
-0.050810448825359344,4.893002669703606e-10,19.477125295270525,-2.486156617513217e-11,0
-0.048182010650634766,3.133388826181971e-10,19.487205295423337,-1.509729737956797e-11,0
-0.04762408509850502,6.155478904368294e-10,19.497240295575466,-2.931490511636881e-11,0
-0.047523222863674164,1.6794270141229362e-10,19.507275295727595,-7.981178427543915e-12,0
-0.04460650682449341,7.335199669888937e-10,19.517355295880407,-3.2719763413392264e-11,0
-0.04573243856430054,4.3650580372478487e-10,19.527390296032536,-1.9962474851804353e-11,0
-0.04321759194135666,1.5018346288808715e-10,19.537470296185347,-6.490567615437232e-12,0
-0.04250810295343399,6.016546150178215e-10,19.547505296337476,-2.5575196317586247e-11,0
-0.04263458400964737,1.495794044181764e-10,19.557540296489606,-6.377255683779761e-12,0
-0.0395839661359787,6.865848445336553e-10,19.567620296642417,-2.717775123549641e-11,0
-0.04065237194299698,4.319149760068086e-10,19.577655296794546,-1.75583682523794e-11,0
-0.03834699094295502,9.44895411914004e-11,19.587690296946676,-3.6233895802706064e-12,0
-0.037343259900808334,6.150646103542101e-10,19.597770297099487,-2.2968517600246677e-11,0
-0.03762655705213547,1.7712434297045831e-10,19.607805297251616,-6.6645791960999595e-12,0
-0.03454538807272911,6.351796866255199e-10,19.617885297404428,-2.194252877039305e-11,0
-0.0355595164000988,4.563792121992094e-10,19.627920297556557,-1.6228624080861957e-11,0
-0.03341924399137497,3.480885024664815e-11,19.637955297708686,-1.1632854594519673e-12,0
-0.03226059302687645,5.681294878989718e-10,19.648035297861497,-1.8328194195676457e-11,0
-0.03274203836917877,1.7712434297045831e-10,19.658070298013627,-5.7994120336543265e-12,0
-0.029549499973654747,5.834121519221469e-10,19.668105298165756,-1.723953736785334e-11,0
-0.030466830357909203,4.0720909977309816e-10,19.678185298318567,-1.2406370562983904e-11,0
-0.028520310297608376,-6.508555847051234e-12,19.688220298470696,1.856260323472145e-13,0
-0.02718193642795086,5.994196250469486e-10,19.698300298623508,-1.6293386141692296e-11,0
-0.02776515856385231,2.418186761943275e-10,19.708335298775637,-6.714133888236361e-12,0
-0.024525007233023643,4.663461838916305e-10,19.718370298927766,-1.1437143533035213e-11,0
-0.02535209432244301,3.937991044367095e-10,19.728450299080578,-9.983632039773045e-12,0
-0.02360902912914753,-5.012136539139789e-11,19.738485299232707,1.1833167755181596e-12,0
-0.02207759954035282,7.257276446459571e-10,19.748520299384836,-1.6022324313856917e-11,0
-0.02278069593012333,2.552287270418674e-10,19.758600299537648,-5.8142880233732265e-12,0
-0.019564324989914894,4.410966314427611e-10,19.768635299689777,-8.629757849502891e-12,0
-0.020327547565102577,3.8709405125736396e-10,19.778715299842588,-7.868672739102321e-12,0
-0.018704138696193695,-9.566715475362031e-11,19.788750299994717,1.7893717311819402e-12,0
-0.01696459762752056,7.188414308245683e-10,19.798785300146847,-1.2194855631929957e-11,0
-0.017786212265491486,2.4628871164722455e-10,19.808865300299658,-4.380543303951961e-12,0
-0.014578940346837044,3.8141595437579667e-10,19.818900300451787,-5.560640446176659e-12,0
-0.015182044357061386,4.3650580372478487e-10,19.828935300603916,-6.627050474264415e-12,0
-0.013789825141429901,-1.0460717708715705e-10,19.839015300756728,1.4425146805704882e-12,0
-0.011853653006255627,7.716358663145684e-10,19.849050300908857,-9.146703806474348e-12,0
-0.012759663164615631,2.8428379095224443e-10,19.85913030106167,-3.6273654157106437e-12,0
-0.009613058529794216,3.781540358627211e-10,19.869165301213798,-3.635216880026239e-12,0
-0.0100711015984416,5.420947024603606e-10,19.879200301365927,-5.459490824455262e-12,0
-0.008889539167284966,-7.108209160167078e-11,19.88928030151874,6.318870373855901e-13,0
-0.006732417736202478,7.555679970572271e-10,19.899315301670867,-5.086799384295058e-12,0
-0.007763662841171026,3.010765525779391e-10,19.909350301822997,-2.3374568435972204e-12,0
-0.0046326047740876675,3.4239394652857413e-10,19.919430301975808,-1.58617583130699e-12,0
-0.00494574848562479,5.030726946131381e-10,19.929465302127937,-2.4880710175421102e-12,0
-0.003951174207031727,-1.520695722123655e-11,19.93954530228075,6.008533713998472e-14,0
-0.001638319925405085,7.826900794150049e-10,19.949580302432878,-1.282296752522491e-12,0
-0.002737112808972597,3.1714442183528035e-10,19.959615302585007,-8.680600592995545e-13,0
0.0003237984492443502,2.976938140442087e-10,19.96969530273782,9.639279533715073e-14,0
0.00021871303033549339,4.778232254309955e-10,19.979730302889948,1.0450616559869262e-13,0
0.0009885451290756464,4.85813125838952e-11,19.989765303042077,4.8024819918911e-14,0
0.003478419966995716,7.916300392984965e-10,19.99984530319489,2.7536217351694937e-12,0
0.00237383134663105,3.4239394652857413e-10,20.009880303347018,8.127854831662449e-13,0
0.005340328440070152,3.356889211048042e-10,20.01996030349983,1.7926890923924514e-12,0
0.00542650930583477,5.100193600782177e-10,20.02999530365196,2.7676248036203428e-12,0
0.006017154082655907,4.169508141527167e-11,20.040030303804087,2.5088572936457237e-13,0
0.008667311631143093,8.184501409935763e-10,20.0501103039569,7.093762426544328e-12,0
0.007470367010682821,4.020746235955386e-10,20.060145304109028,3.003645003940824e-12,0
0.01032533310353756,2.758270278846453e-10,20.070180304261157,2.8480059418677057e-12,0
0.010549262166023254,5.547194925625831e-10,20.08026030441397,5.851881355646076e-12,0
0.010946962051093578,2.3331789625324895e-11,20.090295304566098,2.554122156125305e-13,0
0.013709896244108677,7.469300178364335e-10,20.10037530471891,1.0240333046147747e-11,0
0.012533426284790039,3.714490104389512e-10,20.11041030487104,4.6555287908948e-12,0
0.015292190946638584,2.41395847755399e-10,20.120445305023168,3.691471397601259e-12,0
0.015726128593087196,5.234294109257576e-10,20.13052530517598,8.231518225622344e-12,0
0.01587882824242115,5.087672297343637e-11,20.14056030532811,8.078627456324384e-13,0
0.018793484196066856,7.257276446459571e-10,20.150595305480238,1.3638951020302618e-11,0
0.01760607399046421,4.2061915062063804e-10,20.16067530563305,7.405451887633164e-12,0
0.020236406475305557,1.7712434297045831e-10,20.170710305785178,3.584360201021625e-12,0
0.020842868834733963,5.502495126208373e-10,20.18079030593799,1.1468778417932403e-11,0
0.0208328478038311,1.0548334428150952e-10,20.19082530609012,2.1975184572558054e-12,0
0.023892078548669815,6.66046939823417e-10,20.200860306242248,1.5913245803362237e-11,0
0.022710788995027542,4.139141529524437e-10,20.21094030639506,9.400316989758506e-12,0
0.025155922397971153,3.7104264105636275e-11,20.22097530654719,9.333919884752127e-13,0
0.02595868706703186,5.925937518469482e-10,20.231010306699318,1.538295576207326e-11,0
0.025797266513109207,1.1442337355394017e-10,20.24109030685213,2.9518102629000463e-12,0
0.028856880962848663,6.293203735907582e-10,20.25112530700426,1.816022310820396e-11,0
0.027823520824313164,3.960340944075824e-10,20.26120530715707,1.1019062872887375e-11,0
0.030058210715651512,-1.5206945078172218e-11,20.2712403073092,-4.570935595010402e-13,0
0.03106551617383957,5.696396687682181e-10,20.28127530746133,1.7696150343379696e-11,0
0.030723607167601585,1.2559839279724372e-10,20.29135530761414,3.8588356811846364e-12,0
0.03389166295528412,5.765258825896069e-10,20.30139030776627,1.9539420897724662e-11,0
0.0328851193189621,4.5027828687871363e-10,20.311425307918398,1.4807455190744343e-11,0
0.035004593431949615,3.1728168703448745e-11,20.32150530807121,1.1106316458045313e-12,0
0.03616616502404213,5.352084886389719e-10,20.33154030822334,1.9356438522385233e-11,0
0.0356619730591774,1.7253351525248206e-10,20.34162030837615,6.152885572739188e-12,0
0.03889676183462143,5.547194925625831e-10,20.35165530852828,2.157679198722885e-11,0
0.03798782825469971,4.0666545131351484e-10,20.36169030868041,1.5448337321617747e-11,0
0.03989085182547569,-2.6381985138157482e-11,20.37177030883322,-1.052399860008142e-12,0
0.04129769653081894,6.109570627188532e-10,20.38180530898535,2.5231119369523713e-11,0
0.040684301406145096,2.2073713690229368e-10,20.39184030913748,8.98053620926243e-12,0
0.04394536092877388,4.541442222283365e-10,20.40192030929029,1.995753175954154e-11,0
0.04304525628685951,3.9059758205617356e-10,20.41195530944242,1.681337302463563e-11,0
0.04476107284426689,-9.34321509049596e-11,20.42203530959523,-4.182123312653433e-12,0
0.04639450088143349,6.910548244754011e-10,20.43207030974736,3.206114366324286e-11,0
0.045640867203474045,2.4369126161438714e-10,20.44210530989949,1.1122280509989296e-11,0
0.04891178384423256,4.0273909207577674e-10,20.4521853100523,1.9698687417232866e-11,0
0.048199426382780075,4.296195899033961e-10,20.46222031020443,2.0707417796148907e-11,0
0.04969174414873123,-1.2586993947127922e-10,20.47225531035656,-6.254696828223094e-12,0
0.051527272909879684,7.670450385965921e-10,20.48233531050937,3.95237390379358e-11,0
0.05068182572722435,2.41395847755399e-10,20.4923703106615,1.2234382287214714e-11,0
0.05386217683553696,3.200438802863914e-10,20.50245031081431,1.7238260075117034e-11,0
0.05328095704317093,4.96609364741829e-10,20.51248531096644,2.6459822230045797e-11,0
0.054615382105112076,-1.0750664247716202e-10,20.52252031111857,-5.871516357727876e-12,0
0.0566440150141716,8.117451710809576e-10,20.53260031127138,4.5980505658391054e-11,0
0.0556672066450119,3.125535941173041e-10,20.54263531142351,1.7398985511369144e-11,0
0.058855630457401276,3.837113404792092e-10,20.55267031157564,2.2583572857558415e-11,0
0.058419741690158844,4.92139329288932e-10,20.56275031172845,2.8750652492627432e-11,0
0.05951636657118797,-5.2416779250386014e-11,20.57278531188058,-3.1196562483470136e-12,0
0.06178680807352066,7.648100486257192e-10,20.58286531203339,4.725517168713732e-11,0
0.060720570385456085,2.999288317706572e-10,20.59290031218552,1.821184974015781e-11,0
0.06378544121980667,3.1714442183528035e-10,20.60293531233765,2.0229196877163846e-11,0
0.06356654316186905,5.100193600782177e-10,20.61301531249046,3.242016766580086e-11,0
0.06443588435649872,1.6445554987254418e-11,20.62305031264259,1.0596838793371664e-12,0
0.06685036420822144,8.244303573157197e-10,20.63308531279472,5.5113469650869996e-11,0
0.0657351016998291,2.6416874243651023e-10,20.64316531294753,1.736515914997996e-11,0
0.06875847280025482,2.8271324170603407e-10,20.65320031309966,1.943893074011621e-11,0
0.06868930160999298,5.055493801364719e-10,20.66328031325247,3.472583385093911e-11,0
0.06942284107208252,4.960820643162833e-11,20.6733153134046,3.4439426309739956e-12,0
0.07196541875600815,7.899991216753222e-10,20.68335031355673,5.685261760824319e-11,0
0.07079772651195526,3.2898389568103426e-10,20.69343031370954,2.3291311873263483e-11,0
0.07366152107715607,3.010765525779391e-10,20.70346531386167,2.2177756823557347e-11,0
0.07379325479269028,5.237314470996068e-10,20.7135003140138,3.8647848118765677e-11,0
0.07434717565774918,7.419326958357786e-11,20.72358031416661,5.516060046353002e-12,0
0.07707018405199051,7.601588247752034e-10,20.73361531431874,5.858558053416973e-11,0
0.07587438076734543,3.51333961923217e-10,20.74369531447155,2.6657246803462205e-11,0
0.07869429886341095,2.6416874243651023e-10,20.75373031462368,2.0788573967670167e-11,0
0.07898242026567459,5.489809717929006e-10,20.76376531477581,4.3359845832005325e-11,0
0.07931359857320786,3.8433176779983924e-11,20.77384531492862,3.0482735550207782e-12,0
0.08215643465518951,7.624542108786159e-10,20.78388031508075,6.264051955362309e-11,0
0.08099550753831863,4.1814249285287985e-10,20.79391531523288,3.3867663431956776e-11,0
0.08366673439741135,1.9264856376821626e-10,20.80399531538569,1.6118276216838113e-11,0
0.0841468796133995,5.765258825896069e-10,20.81403031553782,4.851285403627655e-11,0
0.0842459499835968,7.419326958357786e-11,20.824110315690632,6.250482478457614e-12,0
0.08717810362577438,6.619997883205997e-10,20.83414531584276,5.7711886146453946e-11,0
0.08597471565008163,4.204379344674436e-10,20.84418031599489,3.614703186434612e-11,0
0.08858706057071686,1.3677342591833508e-10,20.854260316147702,1.2116355766292005e-11,0
0.08929487317800522,5.535717995108769e-10,20.86429531629983,4.943112363224388e-11,0
0.08916930854320526,1.1744363814791825e-10,20.87433031645196,1.0472368006448274e-11,0
0.09221067279577255,6.128296758944884e-10,20.88441031660477,5.6509436723446016e-11,0
0.09113094210624695,4.089608929280786e-10,20.8944453167569,3.7268991457147786e-11,0
0.09351741522550583,7.419326958357786e-11,20.904525316909712,6.9383627985853426e-12,0
0.09441329538822174,6.016546150178215e-10,20.91456031706184,5.680419488936441e-11,0
0.09414646774530411,1.656472875533055e-10,20.92459531721397,1.559510701473439e-11,0
0.09724724292755127,6.128296758944884e-10,20.934675317366782,5.959599636492383e-11,0
0.0962192490696907,4.227333205708561e-10,20.94471031751891,4.067508266206461e-11,0
0.09844023734331131,1.6445560191424846e-11,20.95474531767104,1.618904848487574e-12,0
0.09949395805597305,5.390744517441703e-10,20.964825317823852,5.3634650890881154e-11,0
0.0990721583366394,1.403977628600117e-10,20.97486031797598,1.3909509392177031e-11,0
0.10228939354419708,5.397993163569481e-10,20.98489531812811,5.5215744705724407e-11,0
0.10130376368761063,4.2285414059151094e-10,20.994975318280922,4.2836715932810105e-11,0
0.10335563868284225,-8.803964501868933e-12,21.00501031843305,-9.099393740317347e-13,0
0.10462673008441925,5.882446196814328e-10,21.015090318585862,6.154611104702113e-11,0
0.10404930263757706,2.0007845380476397e-10,21.02512531873799,2.0818023591190367e-11,0
0.10726448148488998,5.099589639456781e-10,21.03516031889012,5.4700483846204865e-11,0
0.10638242214918137,4.139141529524437e-10,21.045240319042932,4.403319015290769e-11,0
0.108188696205616,-1.0750664247716202e-10,21.05527531919506,-1.1631003483047454e-11,0
0.1097118929028511,6.224341597693694e-10,21.06531031934719,6.828842987569317e-11,0
0.1090119406580925,1.9041355991955555e-10,21.075390319500002,2.075735169444673e-11,0
0.11226633936166763,4.5257367298212614e-10,21.08542531965213,5.0808789557167763e-11,0
0.11146107316017151,4.161491429233166e-10,21.095505319804943,4.638443006491846e-11,0
0.11314526200294495,-1.419378226064083e-10,21.105540319957072,-1.605959212692959e-11,0
0.11483723670244217,7.372047416964733e-10,21.1155753201092,8.465855542036064e-11,0
0.11398236453533173,2.5075871934454597e-10,21.125655320262013,2.8582071758742978e-11,0
0.11723525077104568,4.112562790314911e-10,21.13569032041414,4.8213733003423995e-11,0
0.11653539538383484,4.479828452641499e-10,21.14572532056627,5.220585799803301e-11,0
0.11801884323358536,-1.4036725948241013e-10,21.155805320719082,-1.656598159198256e-11,0
0.11996465176343918,7.486817832358383e-10,21.16584032087121,8.9815349407518e-11,0
0.11901092529296875,3.2227889801283993e-10,21.175920321024023,3.835470985490639e-11,0
0.12223298102617264,4.135516651349036e-10,21.185955321176152,5.054965283777677e-11,0
0.1216895803809166,4.847094392523843e-10,21.19599032132828,5.898408826929203e-11,0
0.12295521050691605,-3.9792016903739125e-11,21.206070321481093,-4.892635814894006e-12,0
0.12504678964614868,7.165460447211558e-10,21.216105321633222,8.960178252602621e-11,0
0.12405670434236526,3.2632607727123286e-10,21.22614032178535,4.0482937687241177e-11,0
0.12721414864063263,3.558039696205384e-10,21.236220321938163,4.526329907823431e-11,0
0.12680259346961975,5.168451777670668e-10,21.246255322090292,6.553730896313073e-11,0
0.12785549461841583,-4.426203153995445e-11,21.256335322243103,-5.659143935356798e-12,0
0.13016390800476074,7.440909555178621e-10,21.266370322395233,9.685378668120152e-11,0
0.12911207973957062,3.1484900797629223e-10,21.27640532254736,4.065081022375975e-11,0
0.132174551486969,3.1557387258907e-10,21.286485322700173,4.1710835070466225e-11,0
0.13197115063667297,4.961864807917493e-10,21.296520322852302,6.548230080044859e-11,0
0.13280685245990753,3.9399667556283546e-11,21.30655532300443,5.2325458361167545e-12,0
0.1353151500225067,8.162152065338546e-10,21.316635323157243,1.1044628312277984e-10,0
0.13410980999469757,3.2632607727123286e-10,21.326670323309372,4.3763528219160037e-11,0
0.13711893558502197,3.1110386489174857e-10,21.336750323462184,4.265823081034305e-11,0
0.13714179396629333,5.466855301783369e-10,21.346785323614313,7.497343434407131e-11,0
0.13774284720420837,6.69446026391185e-11,21.356820323766442,9.221140172466544e-12,0
0.1404058337211609,7.871601148679019e-10,21.366900323919253,1.1052187220007254e-10,0
0.13916106522083282,3.378031465661735e-10,21.376935324071383,4.700904571109782e-11,0
0.14209631085395813,2.735316140256572e-10,21.386970324223512,3.8867833254974676e-11,0
0.14225170016288757,5.256644008966305e-10,21.397050324376323,7.477665474265141e-11,0
0.14266441762447357,8.760330655332993e-11,21.407085324528452,1.2497874711409044e-11,0
0.1454504132270813,7.402249369015124e-10,21.417165324681264,1.0766602295331515e-10,0
0.1442699432373047,3.6993888508085604e-10,21.427200324833393,5.337106195188688e-11,0
0.14705081284046173,2.7123620016666905e-10,21.437235324985522,3.9885503706266865e-11,0
0.14738649129867554,5.63659507957226e-10,21.447315325138334,8.307579716495342e-11,0
0.14759422838687897,8.989871347342415e-11,21.457350325290463,1.3268531248083158e-11,0
0.15052534639835358,7.02773561567227e-10,21.467385325442592,1.0578523379451151e-10,0
0.14935261011123657,3.8709405125736396e-10,21.477465325595404,5.7813506913820104e-11,0
0.15197649598121643,1.8630598452862301e-10,21.487500325747533,2.8314130708990846e-11,0
0.15257537364959717,5.591895280154802e-10,21.497580325900344,8.531855117790377e-11,0
0.15252815186977386,1.0596658966965933e-10,21.507615326052473,1.6162888082255808e-11,0
0.15558482706546783,6.385020290267107e-10,21.517650326204603,9.934122776707111e-11,0
0.15438717603683472,3.8709405125736396e-10,21.527730326357414,5.976235743428217e-11,0
0.15695981681346893,7.842165805627133e-11,21.537765326509543,1.2309049082720848e-11,0
0.15771935880184174,5.535717995108769e-10,21.547800326661672,8.730898926963719e-11,0
0.1574716418981552,1.5688847443406928e-10,21.557880326814484,2.4705485664029637e-11,0
0.16058050096035004,6.270249319761945e-10,21.567915326966613,1.0068797769136671e-10,0
0.15947584807872772,3.937991044367095e-10,21.577995327119424,6.280144615268772e-11,0
0.16180934011936188,3.480885024664815e-11,21.588030327271554,5.632397088723824e-12,0
0.1628282368183136,5.420947024603606e-10,21.598065327423683,8.826832459016885e-11,0
0.16244208812713623,1.4794844516163863e-10,21.608145327576494,2.4033054367219684e-11,0
0.16562968492507935,5.581626272288531e-10,21.618180327728624,9.244830008486946e-11,0
0.16456757485866547,4.227333205708561e-10,21.628215327880753,6.956819737829659e-11,0
0.16675713658332825,4.908099100753294e-12,21.638295328033564,8.184605521088275e-13,0
0.16790831089019775,5.535717995108769e-10,21.648330328185693,9.294930581231853e-11,0
0.1674165278673172,1.23363388948583e-10,21.658410328338505,2.0653070243717138e-11,0
0.1706686019897461,5.352084886389719e-10,21.668445328490634,9.134328452905823e-11,0
0.16966824233531952,4.043700652101023e-10,21.678480328642763,6.86087582172166e-11,0
0.17163939774036407,-4.2027020752399835e-11,21.688560328795575,-7.21349253076369e-12,0
0.17299045622348785,6.201387181548057e-10,21.698595328947704,1.0727807977544879e-10,0
0.17235852777957916,2.597591308717284e-10,21.708630329099833,4.477170137435414e-11,0
0.17560972273349762,4.899042838069079e-10,21.718710329252644,8.603195544528382e-11,0
0.17470508813858032,4.2732414828883236e-10,21.728745329404774,7.465570299054423e-11,0
0.17654569447040558,-1.11312202510927e-10,21.738825329557585,-1.965169009532203e-11,0
0.17814506590366364,6.754098391681396e-10,21.748860329709714,1.2032093031059108e-10,0
0.17737479507923126,2.3221420619723432e-10,21.758895329861843,4.118894723872079e-11,0
0.18066434562206268,4.340292014681779e-10,21.768975330014655,7.841360166411477e-11,0
0.1798221915960312,4.319149760068086e-10,21.779010330166784,7.766789756869155e-11,0
0.1814153790473938,-1.5571027800476145e-10,21.789045330318913,-2.8248239105808864e-11,0
0.18320566415786743,7.513999977781793e-10,21.799125330471725,1.3766073564117146e-10,0
0.18231900036334991,2.758270001290697e-10,21.809160330623854,5.0288502936753573e-11,0
0.18558065593242645,4.0720909977309816e-10,21.819240330776665,7.557013183754444e-11,0
0.18494531512260437,4.988443547127019e-10,21.829275330928795,9.225892637947289e-11,0
0.18630196154117584,-1.0291582863697357e-10,21.839310331080924,-1.9173420748703694e-11,0
0.18835046887397766,7.804550339329808e-10,21.849390331233735,1.4699907157633307e-10,0
0.18734554946422577,2.6434995858970467e-10,21.859425331385864,4.952478824283355e-11,0
0.19058749079704285,3.9977920973655046e-10,21.869460331537994,7.619291645651387e-11,0
0.1900741010904312,5.144893400199635e-10,21.879540331690805,9.779109882490378e-11,0
0.19122353196144104,-2.4871847636998012e-11,21.889575331842934,-4.756082551553581e-12,0
0.1934652030467987,7.670450385965921e-10,21.899655331995746,1.4839652413812925e-10,0
0.19241298735141754,2.999288317706572e-10,21.909690332147875,5.7710202513812906e-11,0
0.19552554190158844,3.630526712594673e-10,21.919725332300004,7.098607028682658e-11,0
0.1952228993177414,5.748345688338929e-10,21.929805332452815,1.1222087115581637e-10,0
0.19616980850696564,9.55932121654568e-12,21.939840332604945,1.87525021250634e-12,0
0.1985781043767929,7.831129078539334e-10,21.949875332757074,1.555090767546322e-10,0
0.1974174976348877,3.4015895655770123e-10,21.959955332909885,6.715333000171585e-11,0
0.2005273699760437,2.4598667547337527e-10,21.969990333062015,4.932706108182652e-11,0
0.20037971436977386,5.323694263204004e-10,21.980070333214826,1.066760335852822e-10,0
0.20108720660209656,5.184320681084209e-11,21.990105333366955,1.0425005638887023e-11,0
0.20365405082702637,8.244303573157197e-10,22.000140333519084,1.6789858189211908e-10,0
0.20248813927173615,3.4015895655770123e-10,22.010220333671896,6.887815416998425e-11,0
0.2054448276758194,3.1484900797629223e-10,22.020255333824025,6.468410018759204e-11,0
0.20549629628658295,5.260268332030194e-10,22.030290333976154,1.0809656597058061e-10,0
0.20606966316699982,5.184320681084209e-11,22.040370334128966,1.068331216500734e-11,0
0.20878763496875763,7.693404802111559e-10,22.050405334281095,1.6062877934901551e-10,0
0.20756879448890686,3.200438802863914e-10,22.060485334433906,6.643112241459829e-11,0
0.2104528546333313,3.0216384949710573e-10,22.070520334586035,6.359124469366219e-11,0
0.21065253019332886,5.673442271536544e-10,22.080555334738165,1.19512496940496e-10,0
0.210999995470047,9.877833273552739e-11,22.090635334890976,2.0842227759735073e-11,0
0.2138471156358719,7.532726109538146e-10,22.100670335043105,1.6108517513997553e-10,0
0.21260181069374084,3.9059758205617356e-10,22.110705335195235,8.304175319773952e-11,0
0.21539120376110077,2.3064367082881176e-10,22.120785335348046,4.967861789969685e-11,0
0.21579846739768982,6.040708488974644e-10,22.130820335500175,1.303575633916943e-10,0
0.21591432392597198,8.983831040199064e-11,22.140900335652987,1.9397378053097425e-11,0
0.21889257431030273,7.223449061122267e-10,22.150935335805116,1.5811593603883923e-10,0
0.2177148014307022,3.9748379587756233e-10,22.160970335957245,8.653810569140525e-11,0
0.22032557427883148,1.390084297669958e-10,22.171050336110056,3.062711211801196e-11,0
0.220977321267128,6.017754072829007e-10,22.181085336262186,1.3297871750581034e-10,0
0.22085793316364288,1.3351152128304733e-10,22.191120336414315,2.948707864410755e-11,0
0.22394318878650665,6.508247274439327e-10,22.201200336567126,1.4574776480490336e-10,0
0.2227763682603836,4.0666545131351484e-10,22.211235336719255,9.059545234059468e-11,0
0.22520984709262848,5.854822876516508e-11,22.221315336872067,1.318563764774706e-11,0
0.22610773146152496,5.658944979280989e-10,22.231350337024196,1.2795312117308107e-10,0
0.22584539651870728,1.7941975682944644e-10,22.241385337176325,4.052112612443637e-11,0
0.2289637327194214,6.552947628968298e-10,22.251465337329137,1.5003873494434634e-10,0
0.22785644233226776,4.2502876218541985e-10,22.261500337481266,9.684554164045727e-11,0
0.23013505339622498,9.55932989016306e-12,22.271535337633395,2.199936894704805e-12,0
0.23114630579948425,6.016546150178215e-10,22.281615337786207,1.3907024162858033e-10,0
0.23078137636184692,1.3580693514203546e-10,22.291650337938336,3.134171141156302e-11,0
0.23402833938598633,5.63659507957226e-10,22.301730338091147,1.3191229862635174e-10,0
0.2329881638288498,3.915640589546854e-10,22.311765338243276,9.122979111722364e-11,0
0.23503603041172028,-3.1758075336174585e-11,22.321800338395406,-7.464291960530833e-12,0
0.23629510402679443,5.547194925625831e-10,22.331880338548217,1.310775002007662e-10,0
0.23572765290737152,2.0237385378596429e-10,22.341915338700346,4.7705113562784943e-11,0
0.2390189915895462,4.68641569995043e-10,22.351950338852475,1.1201423547715692e-10,0
0.2380247414112091,4.183841051386139e-10,22.362030339005287,9.95857684361787e-11,0
0.23995348811149597,-7.078006930560932e-11,22.372065339157416,-1.6983924518654386e-11,0
0.24140383303165436,7.156398806884567e-10,22.382145339310227,1.7275821026850926e-10,0
0.2407003492116928,2.6640373240738313e-10,22.392180339462357,6.412347142175548e-11,0
0.24400435388088226,4.410966314427611e-10,22.402215339614486,1.0762949855422458e-10,0
0.24313746392726898,4.2508915831795946e-10,22.412295339767297,1.03355099896406e-10,0
0.24485036730766296,-1.1898371177210265e-10,22.422330339919426,-2.9133205531028436e-11,0
0.24654440581798553,7.165460447211558e-10,22.432365340071556,1.7666041883700505e-10,0
0.24572889506816864,2.9098881637601437e-10,22.442445340224367,7.150436032527223e-11,0
0.2489774078130722,4.0666545131351484e-10,22.452480340376496,1.0125050991517204e-10,0
0.2482401728630066,4.496742145310151e-10,22.462560340529308,1.116272047472159e-10,0
0.24973131716251373,-9.34321509049596e-11,22.472595340681437,-2.333293411082231e-11,0
0.25165534019470215,7.877037355719096e-10,22.482630340833566,1.9822985154798663e-10,0
0.2506953179836273,2.954588240733358e-10,22.492710340986378,7.407014385213352e-11,0
0.2539483606815338,3.4239394652857413e-10,22.502745341138507,8.695038142821215e-11,0
0.25333911180496216,4.870048253557968e-10,22.512780341290636,1.2337736990036828e-10,0
0.2546837031841278,-3.5322009206417704e-11,22.522860341443447,-8.995940108594316e-12,0
0.25676217675209045,7.532726109538146e-10,22.532895341595577,1.93411915276232e-10,0
0.2557399272918701,3.2898389568103426e-10,22.542975341748388,8.413431756166388e-11,0
0.2589185833930969,3.4909894419676846e-10,22.553010341900517,9.038820409545308e-11,0
0.2584953308105469,5.191406193816306e-10,22.563045342052646,1.341954261442468e-10,0
0.25956395268440247,-4.031929737996487e-12,22.573125342205458,-1.0465436197401554e-12,0
0.2618978023529053,7.945899493932984e-10,22.583160342357587,2.0810136151781107e-10,0
0.26079249382019043,3.1714442183528035e-10,22.593195342509716,8.270888467158522e-11,0
0.2638930380344391,2.976938417997843e-10,22.603275342662528,7.855933231668877e-11,0
0.26366597414016724,5.007773085097256e-10,22.613310342814657,1.3203793687550785e-10,0
0.2645203471183777,2.6730870121560724e-12,22.62339034296747,7.070859043331513e-13,0
0.2669975459575653,8.184501409935763e-10,22.633425343119598,2.1852417913390819e-10,0
0.26583343744277954,2.7812244174363343e-10,22.643460343271727,7.393424471868927e-11,0
0.2688654661178589,2.6863875013383165e-10,22.653540343424538,7.222768277205167e-11,0
0.2687789499759674,5.466855301783369e-10,22.663575343576667,1.4693756276838843e-10,0
0.26949116587638855,2.1036377501060244e-11,22.673610343728797,5.669117898576554e-12,0
0.2720862329006195,7.782200439621079e-10,22.683690343881608,2.1174296012940443e-10,0
0.2708517611026764,3.125535941173041e-10,22.693725344033737,8.465569140564293e-11,0
0.2737918198108673,2.8204880098137153e-10,22.70380534418655,7.722265449616285e-11,0
0.27392008900642395,5.278993908675034e-10,22.713840344338678,1.446022481328635e-10,0
0.2743736505508423,6.924001649810663e-11,22.723875344490807,1.8997636090786062e-11,0
0.2771989703178406,7.737500640203621e-10,22.73395534464362,2.144827210298076e-10,0
0.2759791910648346,3.2403066341224473e-10,22.743990344795748,8.9425720368713e-11,0
0.2788114845752716,2.758270278846453e-10,22.754025344947877,7.69037431305028e-11,0
0.27905285358428955,5.346044718024245e-10,22.76410534510069,1.4918290339538843e-10,0
0.2792910933494568,1.1055741738763558e-10,22.774140345252817,3.0877701980084986e-11,0
0.2822355628013611,7.066998652938139e-10,22.78422034540563,1.9945583421284563e-10,0
0.2810390293598175,3.80389025833594e-10,22.794255345557758,1.0690416259939981e-10,0
0.2836877703666687,1.748289291114702e-10,22.804290345709887,4.9596829095225355e-11,0
0.28421568870544434,5.725995233518688e-10,22.8143703458627,1.6274176788186055e-10,0
0.2842744290828705,1.840105706696349e-10,22.824405346014828,5.230949992232365e-11,0
0.28728172183036804,6.637515537200045e-10,22.834440346166957,1.9068368922026492e-10,0
0.28605958819389343,3.535689796496655e-10,22.84452034631977,1.011417967167184e-10,0
0.28861963748931885,9.219413427130618e-11,22.854555346471898,2.6609037612025978e-11,0
0.28936049342155457,5.837745842285358e-10,22.86463534662471,1.6892130173933198e-10,0
0.28916606307029724,1.4794844516163863e-10,22.87467034677684,4.278166942476281e-11,0
0.29233911633491516,6.316157596941707e-10,22.884705346928968,1.846459930522e-10,0
0.2912083566188812,3.8038905358916963e-10,22.89478534708178,1.1077247117151363e-10,0
0.29355770349502563,2.3331794829495323e-11,22.90482034723391,6.84922810856376e-12,0
0.2944921851158142,5.558671856142894e-10,22.914855347386037,1.6369854212572997e-10,0
0.2941685616970062,1.993535891919862e-10,22.92493534753885,5.864355860174243e-11,0
0.2973656952381134,6.132525043334169e-10,22.934970347690978,1.8236025730762068e-10,0
0.2962990701198578,4.295591660152809e-10,22.94505034784379,1.2727798145178934e-10,0
0.29845157265663147,4.380847084834577e-13,22.95508534799592,1.307470702037099e-13,0
0.2995948791503906,5.168451777670668e-10,22.965120348148048,1.5484416857258655e-10,0
0.29910895228385925,1.6582850370649993e-10,22.97520034830086,4.9600790002451265e-11,0
0.3023613393306732,5.122543500490906e-10,22.98523534845299,1.5488591135880654e-10,0
0.30136510729789734,4.2732414828883236e-10,22.995270348605118,1.2878058780004656e-10,0
0.3033859431743622,-1.0013716245094173e-10,23.00535034875793,-3.038020747698328e-11,0
0.3047202527523041,6.293203735907582e-10,23.01538534891006,1.9176666330275027e-10,0
0.30410143733024597,2.2170364155638111e-10,23.02546534906287,6.742039605864515e-11,0
0.3073422312736511,5.167243855019876e-10,23.035500349215,1.5881122559368714e-10,0
0.30647194385528564,3.928929959151617e-10,23.045535349367128,1.204106801852464e-10,0
0.3082541525363922,-1.3813226951153723e-10,23.05561534951994,-4.257984567620744e-11,0
0.30982911586761475,6.935919061312745e-10,23.06565034967207,2.1489496704958643e-10,0
0.30907371640205383,2.3450960617843464e-10,23.075685349824198,7.248075551355084e-11,0
0.3123527467250824,4.317941559861538e-10,23.08576534997701,1.3487209064211381e-10,0
0.3115437626838684,4.5945994231466614e-10,23.09580035012914,1.4314187923122422e-10,0
0.3131925165653229,-1.6489191956292615e-10,23.105835350281268,-5.1642915249199635e-11,0
0.31498628854751587,7.111699007467109e-10,23.11591535043408,2.240087675629117e-10,0
0.31409409642219543,2.873040694240103e-10,23.12595035058621,9.024051208415423e-11,0
0.3173532485961914,3.51333961923217e-10,23.13603035073902,1.1149697415850352e-10,0
0.3166196942329407,4.847094392523843e-10,23.14606535089115,1.5346855444791005e-10,0
0.3180543780326843,-7.76663108825737e-11,23.15610035104328,-2.470211020185008e-11,0
0.3200128376483917,7.178749261704809e-10,23.16618035119609,2.297291922004453e-10,0
0.319091796875,2.8041785560262156e-10,23.17621535134822,8.94790374200748e-11,0
0.3223028779029846,4.020746235955386e-10,23.186250351500348,1.2958980831660137e-10,0
0.32179054617881775,5.055493801364719e-10,23.19633035165316,1.6268101115447804e-10,0
0.32299861311912537,-8.803967971315885e-12,23.20636535180529,-2.8436694446802305e-12,0
0.32516565918922424,7.402249369015124e-10,23.2164453519581,2.406957295558822e-10,0
0.324136883020401,3.0566738029591534e-10,23.22648035211023,9.907807189012954e-11,0
0.32730475068092346,3.492801881055385e-10,23.23651535226236,1.1432106488566933e-10,0
0.3269393742084503,4.787292784413921e-10,23.24659535241517,1.565154507088917e-10,0
0.32792019844055176,5.317213336297755e-11,23.2566303525673,1.743621652389508e-11,0
0.3302667438983917,8.175441434943309e-10,23.26666535271943,2.700076422650722e-10,0
0.32913997769355774,2.8651880867869295e-10,23.27674535287224,9.430479429728973e-11,0
0.3322572112083435,2.597591308717284e-10,23.28678035302437,8.630684440934361e-11,0
0.3320601284503937,4.988443547127019e-10,23.29686035317718,1.6564632050265355e-10,0
0.33285000920295715,2.562720001486607e-11,23.30689535332931,8.530013760794195e-12,0
0.3353962004184723,8.221349157011559e-10,23.31693035348144,2.757409269575287e-10,0
0.33421066403388977,2.8428379095224443e-10,23.32701035363425,9.501067454822112e-11,0
0.33721375465393066,2.8041782784704594e-10,23.33704535378638,9.456074860020192e-11,0
0.3372281789779663,5.696396687682181e-10,23.34708035393851,1.9209854817231811e-10,0
0.33777010440826416,4.0668184098091587e-11,23.35716035409132,1.3736496788906903e-11,0
0.34047627449035645,7.463863416212746e-10,23.36719535424345,2.5412684092569805e-10,0
0.3392712473869324,3.960340944075824e-10,23.37727535439626,1.3436298121741462e-10,0
0.34214356541633606,2.2303257851685743e-10,23.38731035454839,7.630916161775652e-11,0
0.34237614274024963,5.420947024603606e-10,23.39734535470052,1.8560029322830158e-10,0
0.34268441796302795,8.31332919171146e-11,23.40742535485333,2.8488483753966915e-11,0
0.3455481231212616,7.004781199526633e-10,23.41746035500546,2.4204889963715274e-10,0
0.34434810280799866,3.561664296825029e-10,23.42749535515759,1.2264523434506833e-10,0
0.34711572527885437,2.4405369392077603e-10,23.4375753553104,8.47148749722937e-11,0
0.3475344479084015,5.719350548716307e-10,23.44761035546253,1.9876713353427347e-10,0
0.3476749062538147,9.430831809931206e-11,23.45769035561534,3.2788635654133257e-11,0
0.350626140832901,6.316157596941707e-10,23.46772535576747,2.2146099631080806e-10,0
0.3494116961956024,4.020746235955386e-10,23.4777603559196,1.4048957622772552e-10,0
0.3520140051841736,8.983831040199064e-11,23.48784035607241,3.162434346358373e-11,0
0.35270097851753235,5.512763578963131e-10,23.49787535622454,1.94435710863611e-10,0
0.35260009765625,1.4269317671899984e-10,23.50791035637667,5.031362804599988e-11,0
0.355701744556427,6.2847466120175e-10,23.51799035652948,2.2354953339897188e-10,0
0.3545164465904236,3.860067543381973e-10,23.52802535668161,1.3684574290788028e-10,0
0.35698843002319336,2.7258155801956896e-11,23.53810535683442,9.730846245068191e-12,0
0.3577892482280731,5.788213242041707e-10,23.54814035698655,2.07096046445388e-10,0
0.35756489634513855,1.7941975682944644e-10,23.55817535713868,6.415420675299098e-11,0
0.3607242703437805,6.441197020201628e-10,23.56825535729149,2.3234960952527655e-10,0
0.359586238861084,4.0666545131351484e-10,23.57829035744362,1.4623130011257207e-10,0
0.3618977963924408,1.1854739412342497e-11,23.58832535759575,4.290204070133368e-12,0
0.3629288971424103,5.390744517441703e-10,23.59840535774856,1.956456962491612e-10,0
0.3624761700630188,1.3580693514203546e-10,23.60844035790069,4.922677771828181e-11,0
0.36574482917785645,5.681294878989718e-10,23.6185203580535,2.077904225025125e-10,0
0.36469921469688416,4.296195899033961e-10,23.62855535820563,1.5668192705616598e-10,0
0.36678025126457214,-6.389382078975103e-11,23.63859035835776,-2.3434991643518427e-11,0
0.3680236041545868,5.927145996231786e-10,23.64867035851057,2.181329631883651e-10,0
0.367463618516922,2.1385092308090492e-10,23.6587053586627,7.858243401849327e-11,0
0.3707220256328583,4.938910946883368e-10,23.66874035881483,1.8309630706489003e-10,0
0.3697572350502014,4.2061915062063804e-10,23.67882035896764,1.5552697414265133e-10,0
0.3716791570186615,-8.914335242193872e-11,23.68885535911977,-3.313272608200364e-11,0
0.37314435839653015,6.463547475021869e-10,23.698935359272582,2.411836275532548e-10,0
0.37244075536727905,2.5287288929476404e-10,23.70897035942471,9.418016990084825e-11,0
0.3757382929325104,4.112562790314911e-10,23.71900535957684,1.5452473224106862e-10,0
0.37487396597862244,3.893290689838125e-10,23.729085359729652,1.4594933216072647e-10,0
0.376596599817276,-1.3046076718925548e-10,23.73912035988178,-4.9131081333026856e-11,0
0.37823715806007385,7.073643892852033e-10,23.74915536003391,2.6755149631613505e-10,0
0.37745940685272217,2.7087376786028017e-10,23.75923536018672,1.0224385174850331e-10,0
0.38074222207069397,4.227333205708561e-10,23.76927036033885,1.6095242381747076e-10,0
0.37997668981552124,4.2508915831795946e-10,23.779350360491662,1.6152397125412428e-10,0
0.3814598023891449,-8.449213551031676e-11,23.78938536064379,-3.223035331520228e-11,0
0.38337281346321106,7.762266940325446e-10,23.79942036079592,2.9758421157650374e-10,0
0.3824559152126312,2.8428379095224443e-10,23.809500360948732,1.0872601744875698e-10,0
0.38568437099456787,4.1355172064605483e-10,23.81953536110086,1.595004352510949e-10,0
0.3850421607494354,4.778232254309955e-10,23.82957036125299,1.839820871762151e-10,0
0.3863440454006195,-8.225712472276214e-11,23.839650361405802,-3.177955032841524e-11,0
0.388502299785614,7.486817832358383e-10,23.84968536155793,2.9086459459471775e-10,0
0.38745439052581787,2.552287270418674e-10,23.859765361710743,9.888949088068706e-11,0
0.39069318771362305,3.51333961923217e-10,23.869800361862872,1.372637855358383e-10,0
0.3902168869972229,5.306176609209956e-10,23.879835362015,2.0705597183033888e-10,0
0.39130446314811707,-2.8616992456265145e-11,23.889915362167812,-1.1197956870012548e-11,0
0.3936399817466736,7.395001277998858e-10,23.89995036231994,2.9109681680880984e-10,0
0.3924955129623413,3.0796276639932785e-10,23.90998536247207,1.2087400397120587e-10,0
0.39564359188079834,2.954588240733358e-10,23.920065362624882,1.1689639040925146e-10,0
0.3953772485256195,5.650488410502419e-10,23.93010036277701,2.2340745605703476e-10,0
0.39624083042144775,1.1613111514097163e-11,23.940180362929823,4.601588950122736e-12,0
0.3987461030483246,8.51975268112426e-10,23.950215363081952,3.3972181805338137e-10,0
0.3975323736667633,2.9648572485996283e-10,23.96025036323408,1.1786267396189192e-10,0
0.40060198307037354,2.2393864540504183e-10,23.970330363386893,8.971026543535295e-11,0
0.400543749332428,5.397993163569481e-10,23.980365363539022,2.1621324206069341e-10,0
0.40121686458587646,3.4808843307754245e-11,23.99040036369115,1.3965894971798227e-11,0
0.4038548171520233,8.005701102042906e-10,24.000480363843963,3.2331409547392893e-10,0
0.4026227295398712,3.4468936038756226e-10,24.01051536399609,1.3877977112259268e-10,0
0.4055543839931488,2.79813783254923e-10,24.020595364148903,1.1347970650074276e-10,0
0.40564659237861633,5.502495126208373e-10,24.030630364301032,2.232068397526371e-10,0
0.4061198830604553,6.235377492114225e-11,24.04066536445316,2.532310777935224e-11,0
0.40891143679618835,7.513999977781793e-10,24.050745364605973,3.0725605270012805e-10,0
0.4076554477214813,3.6075725740047915e-10,24.060780364758102,1.47064661284366e-10,0
0.4105124771595001,2.597591308717284e-10,24.07081536491023,1.0663436427895201e-10,0
0.4108474850654602,5.63659507957226e-10,24.080895365063043,2.3157809127746104e-10,0
0.4110785126686096,1.1055741738763558e-10,24.090930365215172,4.5447778704191915e-11,0
0.41398805379867554,7.089348552646868e-10,24.101010365367983,2.934905610010734e-10,0
0.41274547576904297,3.937990489255583e-10,24.111045365520113,1.6253877580617618e-10,0
0.415454626083374,1.9778303994577584e-10,24.121080365672242,8.216987890630533e-11,0
0.416008323431015,5.56954482533456e-10,24.131160365825053,2.3169770050613158e-10,0
0.41601037979125977,6.235378186003615e-11,24.141195365977183,2.5939820473015003e-11,0
0.419048547744751,6.339112013087345e-10,24.15123036612931,2.6563956830755566e-10,0
0.4178321659564972,4.0273909207577674e-10,24.161310366282123,1.6827734715737495e-10,0
0.4203926622867584,7.383084421608288e-11,24.171345366434252,3.1037945158878e-11,0
0.4211130142211914,6.016546150178215e-10,24.181425366587064,2.533645884502453e-10,0
0.4209446609020233,1.5018346288808715e-10,24.191460366739193,6.321892685851745e-11,0
0.4240318536758423,5.994800211794882e-10,24.201495366891322,2.5419862462237156e-10,0
0.42288273572921753,4.094441174995467e-10,24.211575367044134,1.731468485364435e-10,0
0.42528748512268066,2.6730935173691073e-12,24.221610367196263,1.1368332194996483e-12,0
0.42620962858200073,5.512763578963131e-10,24.231645367348392,2.349592917450257e-10,0
0.4259030818939209,1.4571345519076573e-10,24.241725367501203,6.205980963915887e-11,0
0.42905429005622864,5.604580133322656e-10,24.251760367653333,2.4046691501659956e-10,0
0.4279894530773163,4.4073419913637224e-10,24.261840367806144,1.8862958884084496e-10,0
0.43019813299179077,4.908099100753294e-12,24.271875367958273,2.111455069682754e-12,0
0.43129590153694153,5.627534549468294e-10,24.281910368110402,2.427132586943214e-10,0
0.4308374226093292,1.5241846673674786e-10,24.291990368263214,6.566757936692623e-11,0
0.4341467320919037,5.420947024603606e-10,24.302025368415343,2.353486435574984e-10,0
0.4331134259700775,4.548691145966899e-10,24.312060368567472,1.9700992059094815e-10,0
0.43508434295654297,-6.437708005568865e-11,24.322140368720284,-2.8009459577490063e-11,0
0.4364171028137207,6.086616766154407e-10,24.332175368872413,2.656303655022524e-10,0
0.43579986691474915,2.0829359070884124e-10,24.342255369025224,9.077431911010824e-11,0
0.4391047954559326,4.876693493471862e-10,24.352290369177354,2.1413794989522394e-10,0
0.43819350004196167,4.2732414828883236e-10,24.362325369329483,1.872506641911337e-10,0
0.43996259570121765,-9.790216554117492e-11,24.372405369482294,-4.3073290876265625e-11,0
0.4415980279445648,7.280230862605208e-10,24.382440369634423,3.214935591907618e-10,0
0.4408014714717865,1.9778303994577584e-10,24.392475369786553,8.718305504026112e-11,0
0.444095253944397,4.3849920916549934e-10,24.402555369939364,1.9473541764876967e-10,0
0.4432961940765381,4.5027828687871363e-10,24.412590370091493,1.9960665084863733e-10,0
0.4448589086532593,-1.2025222484446374e-10,24.422670370244305,-5.349527350743449e-11,0
0.44667670130729675,7.379900024417907e-10,24.432705370396434,3.2964293988846294e-10,0
0.4458177089691162,2.115555092219168e-10,24.442740370548563,9.431519244110968e-11,0
0.4490877389907837,3.535689796496655e-10,24.452820370701374,1.587834936481467e-10,0
0.4483453929424286,4.870048253557968e-10,24.462855370853504,2.1834636978900353e-10,0
0.44978007674217224,-7.537089702358557e-11,24.472890371005633,-3.390032784739468e-11,0
0.4518154561519623,8.050401456571876e-10,24.482970371158444,3.637295806307444e-10,0
0.45077016949653625,3.033719664369272e-10,24.493005371310574,1.3675103273127119e-10,0
0.4540521800518036,3.4239394652857413e-10,24.503085371463385,1.5546471785783975e-10,0
0.4535190761089325,5.100194155893689e-10,24.513120371615514,2.3130353415570827e-10,0
0.45469754934310913,3.7767770681707e-13,24.523155371767643,1.71729127731247e-13,0
0.45692217350006104,7.983351757445689e-10,24.533235371920455,3.6477704368276164e-10,0
0.455817312002182,2.9878113871895096e-10,24.543270372072584,1.361896155278233e-10,0
0.4590180516242981,2.941903110009747e-10,24.553305372224713,1.3503866336241372e-10,0
0.45865580439567566,4.854343038651621e-10,24.563385372377525,2.2264726112053075e-10,0
0.4595944285392761,2.333178789060142e-11,24.573420372529654,1.0723159722380562e-11,0
0.4620429575443268,8.40800207235759e-10,24.583500372682465,3.8848581445509295e-10,0
0.46088650822639465,3.3121891340748277e-10,24.593535372834594,1.526543284589153e-10,0
0.46395406126976013,2.2762337847925806e-10,24.603570372986724,1.056067908853955e-10,0
0.4637846350669861,5.502495126208373e-10,24.613650373139535,2.55197269406642e-10,0
0.46455302834510803,5.5467547221965674e-11,24.623685373291664,2.5767617036839438e-11,0
0.46711984276771545,8.45088998779886e-10,24.633720373443794,3.947578402347864e-10,0
0.46591508388519287,3.8262404356004254e-10,24.643800373596605,1.782703133517689e-10,0
0.46892914175987244,2.758270278846453e-10,24.653835373748734,1.2934333146012313e-10,0
0.4689594507217407,5.658944979280989e-10,24.663915373901546,2.653815729148165e-10,0
0.4694925546646118,5.854822182627117e-11,24.673950374053675,2.7487954236286438e-11,0
0.4722122550010681,7.532726109538146e-10,24.683985374205804,3.5570455824904307e-10,0
0.47096166014671326,3.937990489255583e-10,24.694065374358615,1.8546425384617769e-10,0
0.47385072708129883,2.850086555650222e-10,24.704100374510745,1.3505155866394923e-10,0
0.47409769892692566,5.719351103827819e-10,24.714135374662874,2.711531197679941e-10,0
0.4744730591773987,6.748825109870182e-11,24.724215374815685,3.202135695733349e-11,0
0.47729435563087463,7.808175217505209e-10,24.734250374967814,3.726797959092113e-10,0
0.4760603606700897,4.0273909207577674e-10,24.744330375120626,1.9172811742953875e-10,0
0.4788702428340912,2.2617364925370254e-10,24.754365375272755,1.083078303407931e-10,0
0.47927042841911316,5.191406193816306e-10,24.764400375424884,2.4880874706079785e-10,0
0.47936931252479553,9.207331425065135e-11,24.774480375577696,4.41371213542142e-11,0
0.4823724031448364,6.224341597693694e-10,24.784515375729825,3.002450614473878e-10,0
0.48114147782325745,3.768251266578204e-10,24.794550375881954,1.8130619832107988e-10,0
0.4837746024131775,1.2559839279724372e-10,24.804630376034766,6.076131253922068e-11,0
0.4843710958957672,5.650488410502419e-10,24.814665376186895,2.7369332637413884e-10,0
0.4843277335166931,1.390084297669958e-10,24.824745376339706,6.732563772876349e-11,0
0.48741018772125244,6.105946304124643e-10,24.834780376491835,2.97610043430928e-10,0
0.48619890213012695,4.3421041762137236e-10,24.844815376643965,2.1111262834097517e-10,0
0.48869088292121887,6.748825803759573e-11,24.854895376796776,3.29808964072077e-11,0
0.48953965306282043,5.673442826648056e-10,24.864930376948905,2.777375233029037e-10,0
0.4893049895763397,1.495794044181764e-10,24.874965377101034,7.318994891967091e-11,0
0.49246883392333984,6.128296758944884e-10,24.885045377253846,3.01799515881377e-10,0
0.4913139343261719,4.043700652101023e-10,24.895080377405975,1.9867264766210605e-10,0
0.4935871362686157,-4.031924533826059e-12,24.905160377558786,-1.990106084302378e-12,0
0.49463337659835815,5.815395387465117e-10,24.915195377710916,2.876488656756388e-10,0
0.49423688650131226,1.4728399055918828e-10,24.925230377863045,7.279318092546189e-11,0
0.4974733293056488,5.502495126208373e-10,24.935310378015856,2.7373445699229856e-10,0
0.49640634655952454,4.296195899033961e-10,24.945345378167985,2.1326589103434605e-10,0
0.49852651357650757,-4.5530541142868586e-11,24.955380378320115,-2.2698181937206012e-11,0
0.4997280538082123,5.949495895940515e-10,24.965460378472926,2.9731300052183e-10,0
0.4991728365421295,1.9548762608678771e-10,24.975495378625055,9.758211282262902e-11,0
0.5024698376655579,4.96609364741829e-10,24.985575378777867,2.4953122688502265e-10,0
0.5014797449111938,3.8709405125736396e-10,24.995610378929996,1.9411982608118347e-10,0
0.5034090280532837,-8.455253858175027e-11,25.005645379082125,-4.256451126687667e-11,0
0.5048588514328003,6.687047582332184e-10,25.015725379234937,3.3760151618927105e-10,0
0.5041438341140747,2.1385092308090492e-10,25.025760379387066,1.0781162429084148e-10,0
0.5074824690818787,4.3421041762137236e-10,25.035795379539195,2.2035417483556772e-10,0
0.5065503716468811,4.6308426537855496e-10,25.045875379692006,2.3457550673132993e-10,0
0.508291482925415,-1.235745256122911e-10,25.055910379844136,-6.281187887527612e-11,0
0.5099915862083435,7.335199669888937e-10,25.065990379996947,3.7408901148015764e-10,0
0.5091779232025146,2.4405369392077603e-10,25.076025380149076,1.242667530204829e-10,0
0.5124123096466064,3.837113404792092e-10,25.086060380301205,1.9661841421254697e-10,0
0.5116891860961914,4.764942884705192e-10,25.096140380454017,2.438169746469638e-10,0
0.5131450891494751,-1.0750664247716202e-10,25.106175380606146,-5.516650563810405e-11,0
0.5150696635246277,7.693404802111559e-10,25.116210380758275,3.9626394227823554e-10,0
0.5141443014144897,2.574637447683159e-10,25.126290380911087,1.3237351719346427e-10,0
0.517424464225769,3.4468936038756226e-10,25.136325381063216,1.7835070762285742e-10,0
0.5167843103408813,5.076635223311143e-10,25.146360381215345,2.6235254327310754e-10,0
0.5180805921554565,-4.649703538861516e-11,25.156440381368157,-2.408921162760696e-11,0
0.5202053189277649,8.060670464438147e-10,25.166475381520286,4.193203649724661e-10,0
0.5191788673400879,2.9322380634688727e-10,25.176555381673097,1.522356036563262e-10,0
0.5223481059074402,3.653480851184554e-10,25.186590381825226,1.9083888025853541e-10,0
0.5219631791114807,5.099589639456781e-10,25.196625381977356,2.661798020374831e-10,0
0.5230330228805542,8.983830346309674e-11,25.206705382130167,4.6988399430764047e-11,0
0.5253018736839294,8.198394740865922e-10,25.216740382282296,4.306632118577342e-10,0
0.5241759419441223,3.40098532669586e-10,25.226775382434425,1.782714687158941e-10,0
0.5273560285568237,2.6863875013383165e-10,25.236855382587237,1.4166826438704636e-10,0
0.5271235704421997,5.260268332030194e-10,25.246890382739366,2.77281142466379e-10,0
0.5279673337936401,6.525324031114721e-11,25.256970382892177,3.445157930847207e-11,0
0.5304704308509827,8.336120127516722e-10,25.267005383044307,4.422065235669344e-10,0
0.5292374491691589,3.4468936038756226e-10,25.277040383196436,1.824225178472624e-10,0
0.5322884321212769,2.574637447683159e-10,25.287120383349247,1.3704497303079947e-10,0
0.5322591662406921,5.489809717929006e-10,25.297155383501376,2.922001543284942e-10,0
0.5329651832580566,1.6445554987254418e-11,25.307190383653506,8.764908227562498e-12,0
0.5355232357978821,7.715150740494892e-10,25.317270383806317,4.1316424892182504e-10,0
0.5343278646469116,4.1584710674946734e-10,25.327305383958446,2.221986965690392e-10,0
0.537264883518219,2.999288317706572e-10,25.337385384111258,1.6114122886501765e-10,0
0.5373742580413818,5.925938073580994e-10,25.347420384263387,3.1844465754897623e-10,0
0.5378127098083496,4.858131605334215e-11,25.357455384415516,2.6127649232703818e-11,0
0.540649950504303,7.715150740494892e-10,25.367535384568328,4.1711958659817996e-10,0
0.5393584966659546,4.112562790314911e-10,25.377570384720457,2.2181456840285938e-10,0
0.5422402024269104,2.7812244174363343e-10,25.387605384872586,1.5080916911053439e-10,0
0.5425339341163635,5.748345688338929e-10,25.397685385025397,3.118672600955355e-10,0
0.5427650809288025,7.842165805627133e-11,25.407720385177527,4.256453758148298e-11,0
0.5456564426422119,6.977598498991711e-10,25.417800385330338,3.8073715751454543e-10,0
0.5444426536560059,3.5387101582351477e-10,25.427835385482467,1.9266247490690082e-10,0
0.5471782684326172,1.7712434297045831e-10,25.437870385634596,9.691859128384039e-11,0
0.5477188229560852,5.234294109257576e-10,25.447950385787408,2.86692140852853e-10,0
0.5477011203765869,1.1514823122782403e-10,25.457985385939537,6.306681525286151e-11,0
0.5507413148880005,6.637515537200045e-10,25.468020386091666,3.6555540345470857e-10,0
0.5495005249977112,3.8709405125736396e-10,25.478100386244478,2.1270838438941242e-10,0
0.552099883556366,7.61262511361771e-11,25.488135386396607,4.202929438786605e-11,0
0.552809476852417,6.2847466120175e-10,25.49821538654942,3.474267486739394e-10,0
0.5526494383811951,1.4728399055918828e-10,25.508250386701548,8.139641466507664e-11,0
0.5557864308357239,6.316157596941707e-10,25.518285386853677,3.510434687400174e-10,0
0.5546233057975769,4.2285414059151094e-10,25.528365387006488,2.3452476132505715e-10,0
0.5569843649864197,-1.3394782678866068e-11,25.538400387158617,-7.46068452451931e-12,0
0.5579497218132019,5.880029796401232e-10,25.548435387310747,3.2807609891554054e-10,0
0.5575975179672241,1.2559839279724372e-10,25.558515387463558,7.003335208441558e-11,0
0.560827374458313,5.581626272288531e-10,25.568550387615687,3.130328807495118e-10,0
0.559715986251831,4.563792121992094e-10,25.5786303877685,2.554427408609142e-10,0
0.5619244575500488,1.185473334081033e-11,25.588665387920628,6.661464601935323e-12,0
0.5630277395248413,5.902983657435357e-10,25.598700388072757,3.323543545097909e-10,0
0.562549889087677,1.390084297669958e-10,25.60878038822557,7.819917674767562e-11,0
0.5658600926399231,4.5027828687871363e-10,25.618815388377698,2.5479451312693476e-10,0
0.5648000240325928,4.089608929280786e-10,25.628850388529827,2.3098112215416938e-10,0
0.5668409466743469,-2.1911970501942157e-11,25.63893038868264,-1.2420602102821257e-11,0
0.568192183971405,6.499790705660757e-10,25.648965388834768,3.6931302764064256e-10,0
0.567504346370697,2.5299370931541887e-10,25.65904538898758,1.435750296409449e-10,0
0.5708475112915039,4.3421041762137236e-10,25.669080389139708,2.47867936276005e-10,0
0.5698965787887573,4.2502876218541985e-10,25.679115389291837,2.422224374562911e-10,0
0.571709156036377,-1.0013716245094173e-10,25.68919538944465,-5.724933263270547e-11,0
0.5732661485671997,7.119551614920283e-10,25.699230389596778,4.0813979338107376e-10,0
0.5724838972091675,2.4598667547337527e-10,25.709265389748907,1.408234106365246e-10,0
0.5758117437362671,4.51909204501888e-10,25.71934538990172,2.6021462705470144e-10,0
0.5749951601028442,4.388012453393486e-10,25.729380390053848,2.523085923172262e-10,0
0.5766014456748962,-1.0013716245094173e-10,25.73946039020666,-5.773923263499494e-11,0
0.5783852934837341,7.555679970572271e-10,25.74949539035879,4.3700941772486146e-10,0
0.5774713754653931,2.482820893323634e-10,25.759530390510918,1.4337579963018149e-10,0
0.5807661414146423,3.535689796496655e-10,25.76961039066373,2.0534089203504843e-10,0
0.5800936818122864,4.915956530737731e-10,25.77964539081586,2.8517153235448043e-10,0
0.5815160870552063,-7.307548316459744e-11,25.789680390967987,-4.249456902954531e-11,0
0.58353191614151,7.558699777199251e-10,25.7997603911208,4.410742564527484e-10,0
0.5825287699699402,2.8271324170603407e-10,25.809795391272928,1.6468859694523042e-10,0
0.5857546329498291,3.781540358627211e-10,25.81987539142574,2.2150547847526472e-10,0
0.5852622985839844,5.076635223311143e-10,25.82991039157787,2.9711631998674986e-10,0
0.5864335298538208,-2.4871845902274536e-11,25.839945391729998,-1.4585684386451145e-11,0
0.5886527299880981,7.826900794150049e-10,25.85002539188281,4.60732651982244e-10,0
0.5875450372695923,3.194398356942685e-10,25.86006039203494,1.876852901683814e-10,0
0.5907458662986755,3.6764349897744353e-10,25.870095392187068,2.171838772925061e-10,0
0.5903683304786682,5.435444316859162e-10,25.88017539233988,3.2089141867539084e-10,0
0.5913447737693787,3.251342944876612e-11,25.89021039249201,1.9226646581847254e-11,0
0.5937674641609192,8.34095181811989e-10,25.90029039264482,4.952585809733456e-10,0
0.5925889611244202,3.535689796496655e-10,25.91032539279695,2.0952107433641653e-10,0
0.5956920981407166,2.666453724486928e-10,25.92036039294908,1.5883854137347463e-10,0
0.5955211520195007,5.278993908675034e-10,25.93044039310189,3.143752533998083e-10,0
0.5962972640991211,8.071707191525945e-11,25.94047539325402,4.8131369149161216e-11,0
0.598892867565155,7.877037355719096e-10,25.950510393406148,4.717501489884456e-10,0
0.5976375937461853,3.6697900274162976e-10,25.96059039355896,2.1932044815388235e-10,0
0.6006301045417786,2.827132694616097e-10,25.97062539371109,1.6980610059207464e-10,0
0.6006759405136108,5.793045487756388e-10,25.9807053938639,3.4797430467961975e-10,0
0.6012110710144043,5.4078217598396705e-11,25.99074039401603,3.251242312088209e-11,0
0.6039708852767944,8.014761632146872e-10,26.00077539416816,4.840682678250232e-10,0
0.6027302742004395,3.6697900274162976e-10,26.01085539432097,2.2118935494826632e-10,0
0.605582594871521,3.194398356942685e-10,26.0208903944731,1.9344720460506742e-10,0
0.6058192849159241,5.673442826648056e-10,26.03092539462523,3.4370810762513045e-10,0
0.6061453819274902,9.654332194797277e-11,26.04100539477804,5.85192887547026e-11,0
0.6090303659439087,7.165460447211558e-10,26.05104039493017,4.363982998321859e-10,0
0.6077848672866821,3.781540358627211e-10,26.06112039508298,2.298363005007472e-10,0
0.6105807423591614,2.0829361846441685e-10,26.07115539523511,1.2718007219067956e-10,0
0.6109631657600403,5.604580133322656e-10,26.08119039538724,3.424192021010639e-10,0
0.6110917925834656,1.4794844516163863e-10,26.09127039554005,9.04100805637623e-11,0
0.6140836477279663,6.683423814379807e-10,26.10130539569218,4.1041812752463106e-10,0
0.6128466129302979,3.5387101582351477e-10,26.11134039584431,2.1686865346164486e-10,0
0.6155130863189697,8.536830270466922e-11,26.12142039599712,5.2545307471563e-11,0
0.6161152720451355,6.155478904368294e-10,26.13145539614925,3.7924845597329643e-10,0
0.616020143032074,1.3230340434322585e-10,26.14153539630206,8.15015620671443e-11,0
0.6191146373748779,6.016546150178215e-10,26.15157039645419,3.724931788016803e-10,0
0.6179348826408386,4.1814249285287985e-10,26.16160539660632,2.58384832248192e-10,0
0.6203973293304443,4.5138202203753863e-11,26.17168539675913,2.8003620097986474e-11,0
0.6212632656097412,5.581626272288531e-10,26.18172039691126,3.4676593653350995e-10,0
0.6209730505943298,1.587610459763411e-10,26.19175539706339,9.858633103547519e-11,0
0.6241331696510315,5.658944979280989e-10,26.2018353972162,3.531935266799434e-10,0
0.623029351234436,4.296195899033961e-10,26.21187039736833,2.6766561437511734e-10,0
0.6253276467323303,-1.744195760045031e-11,26.22195039752114,-1.0906938300694674e-11,0
0.6263397932052612,5.725995233518688e-10,26.23198539767327,3.5864186704564066e-10,0
0.62590491771698,1.656472875533055e-10,26.2420203978254,1.036794518860926e-10,0
0.6291717886924744,5.547194925625831e-10,26.25210039797821,3.4901385535818216e-10,0
0.6281362175941467,3.837113404792092e-10,26.26213539813034,2.4102299005659026e-10,0
0.630250096321106,-4.323513422277436e-11,26.27217039828247,-2.7248947508359487e-11,0
0.6314605474472046,6.083596404415914e-10,26.28225039843528,3.8415511159803186e-10,0
0.6308553218841553,2.4369126161438714e-10,26.29228539858741,1.537339292861001e-10,0
0.6341902613639832,4.787292784413921e-10,26.30236539874022,3.0360544621733754e-10,0
0.6332563161849976,3.915640589546854e-10,26.31240039889235,2.4796041352408927e-10,0
0.6351326107978821,-1.052112424959617e-10,26.32243539904448,-6.682309113174923e-11,0
0.6365752816200256,7.08934910775838e-10,26.33251539919729,4.5129044047739684e-10,0
0.6358612775802612,2.941903110009747e-10,26.34255039934942,1.8706422700481415e-10,0
0.6391608715057373,4.319149760068086e-10,26.35258539950155,2.760631524808914e-10,0
0.6382808685302734,4.4520420683369366e-10,26.36266539965436,2.841653278111415e-10,0
0.6400109529495239,-1.5800569186374958e-10,26.37270039980649,-1.011253734211672e-10,0
0.6417180895805359,7.089348552646868e-10,26.3827803999593,4.5493632095750853e-10,0
0.6408442854881287,2.619337247100617e-10,26.39281540011143,1.678587306570637e-10,0
0.6441729664802551,3.837113404792092e-10,26.40285040026356,2.471764724686074e-10,0
0.6433895826339722,4.675542730758764e-10,26.41293040041637,3.0081954861301836e-10,0
0.6449140310287476,-8.684794550184449e-11,26.4229654005685,-5.6009458620159516e-11,0
0.6468591690063477,7.739312524179809e-10,26.43300040072063,5.00624526807137e-10,0
0.645892858505249,3.2674890571016135e-10,26.44308040087344,2.110447847225982e-10,0
0.6491419076919556,3.8141595437579667e-10,26.45311540102557,2.4759308024765254e-10,0
0.648548424243927,5.256644008966305e-10,26.463195401178382,3.409188188826376e-10,0
0.6498311161994934,-5.990706541947333e-11,26.47323040133051,-3.8929475189772425e-11,0
0.6519804000854492,7.532726109538146e-10,26.48326540148264,4.91118978263079e-10,0
0.6509073972702026,3.1557387258907e-10,26.49334540163545,2.054093680534301e-10,0
0.6540964245796204,3.033719664369272e-10,26.50338040178758,1.9843451856408268e-10,0
0.6536538600921631,4.80118611534408e-10,26.51341540193971,3.1383138373155556e-10,0
0.6547614932060242,2.278813769629462e-11,26.52349540209252,1.4920795065410353e-11,0
0.6571201682090759,7.968853910078622e-10,26.53353040224465,5.236494621824416e-10,0
0.6559199094772339,3.0439883946797863e-10,26.543610402397462,1.996612592288116e-10,0
0.6590484976768494,3.0216384949710573e-10,26.55364540254959,1.9914063106332115e-10,0
0.6588038802146912,4.961864807917493e-10,26.56368040270172,3.268895788556768e-10,0
0.6596857905387878,6.748825109870182e-11,26.573760402854532,4.452104027812733e-11,0
0.6621837615966797,8.106578186506397e-10,26.58379540300666,5.368044437218396e-10,0
0.660967230796814,3.3550773270718537e-10,26.59383040315879,2.2175961699838596e-10,0
0.6640208959579468,2.79813783254923e-10,26.603910403311602,1.858021990583167e-10,0
0.6639580726623535,5.604580133322656e-10,26.61394540346373,3.721206223402627e-10,0
0.6646101474761963,2.673088963719983e-12,26.624025403616542,1.7765620503949305e-12,0
0.6672897934913635,7.759851095023862e-10,26.63406040376867,5.178069434722204e-10,0
0.6660370230674744,3.3550770495160975e-10,26.6440954039208,2.234605530221707e-10,0
0.6689673066139221,2.8204880098137153e-10,26.654175404073612,1.8868142672619426e-10,0
0.6691348552703857,5.673442271536544e-10,26.66421040422574,3.796297973249494e-10,0
0.6695404052734375,8.760329961443603e-11,26.67424540437787,5.865394872713987e-11,0
0.6723864674568176,6.999948953811952e-10,26.684325404530682,4.706670949431665e-10,0
0.6710944175720215,3.4468936038756226e-10,26.69436040468281,2.313191055525637e-10,0
0.6739657521247864,2.7310875783115307e-10,26.704440404835623,1.8406594938353922e-10,0
0.6742704510688782,5.703645333809959e-10,26.714475404987752,3.8457995119649433e-10,0
0.6744475364685059,1.1744363814791825e-10,26.72451040513988,7.92095724227621e-11,0
0.6774270534515381,6.821148090807583e-10,26.734590405292693,4.6208302523123653e-10,0
0.676190972328186,3.7912054051680855e-10,26.744625405444822,2.563578869216482e-10,0
0.6788977980613708,1.4957941829596422e-10,26.75466040559695,1.0154913771643084e-10,0
0.6794092059135437,5.748345688338929e-10,26.764740405749762,3.905478979430895e-10,0
0.6794247031211853,1.6105645983532924e-10,26.77477540590189,1.0942573740936767e-10,0
0.6824896335601807,6.575297528677027e-10,26.784855406054703,4.4875724008959454e-10,0
0.6812210083007812,3.8709405125736396e-10,26.794890406206832,2.636965999047758e-10,0
0.6838378310203552,7.153543035709475e-11,26.80492540635896,4.891863353650335e-11,0
0.684552013874054,5.681294878989718e-10,26.815005406511773,3.889141850824761e-10,0
0.6843627095222473,1.840105706696349e-10,26.825040406663902,1.259299727242063e-10,0
0.6875079274177551,6.109570627188532e-10,26.83507540681603,4.200378239310782e-10,0
0.6863577961921692,4.094441174995467e-10,26.845155406968843,2.8102516215083643e-10,0
0.6886914968490601,1.4150149801883671e-11,26.855190407120972,9.745087847697696e-12,0
0.6896367073059082,5.390744517441703e-10,26.865270407273783,3.7176552989358734e-10,0
0.6893380284309387,1.390084297669958e-10,26.875305407425913,9.582379691086149e-11,0
0.692573606967926,5.811167103075832e-10,26.885340407578042,4.0246609612705823e-10,0
0.6914344429969788,4.2061915062063804e-10,26.895420407730853,2.908305681232432e-10,0
0.6936604380607605,7.263910393323636e-12,26.905455407882982,5.0386872654669844e-12,0
0.6948152184486389,5.696396687682181e-10,26.91549040803511,3.957943108921998e-10,0
0.6942904591560364,2.0605861461575614e-10,26.925570408187923,1.4306453015463008e-10,0
0.6975651383399963,4.870048253557968e-10,26.935605408340052,3.3971758837156216e-10,0
0.6965551972389221,4.317941559861538e-10,26.945685408492864,3.0076846348954925e-10,0
0.6985192894935608,-5.990706541947333e-11,26.955720408644993,-4.1846240772454773e-11,0
0.6999158263206482,6.867056923098858e-10,26.965755408797122,4.806361820721665e-10,0
0.6992388367652893,2.2170364155638111e-10,26.975835408949933,1.5502379642851259e-10,0
0.7025546431541443,4.571645007001024e-10,26.985870409102063,3.21183042652103e-10,0
0.701632559299469,3.951884097741498e-10,26.995905409254192,2.77277055355324e-10,0
0.7034356594085693,-1.3589726566287652e-10,27.005985409407003,-9.559498268338707e-11,0
0.7050720453262329,7.142506031065921e-10,27.016020409559133,5.035981336078603e-10,0
0.7042413353919983,2.7310875783115307e-10,27.026100409711944,1.923344763222611e-10,0
0.7075342535972595,4.317941559861538e-10,27.036135409864073,3.0550915586332197e-10,0
0.7067413926124573,4.388012453393486e-10,27.046170410016202,3.1011900321121177e-10,0
0.7082998156547546,-9.34321509049596e-11,27.056250410169014,-6.61779752622101e-11,0
0.710213840007782,7.372047416964733e-10,27.066285410321143,5.235730104721973e-10,0
0.7092629075050354,2.574637170127403e-10,27.076320410473272,1.8260946450550983e-10,0
0.7125888466835022,3.4015895655770123e-10,27.086400410626084,2.4239347854251585e-10,0
0.7118709087371826,4.847094392523843e-10,27.096435410778213,3.45050548994085e-10,0
0.7132301926612854,-4.873203923727587e-11,27.106515410931024,-3.475716173397959e-11,0
0.7153045535087585,7.916300392984965e-10,27.116550411083153,5.66256571804532e-10,0
0.7143285870552063,3.10258180258316e-10,27.126585411235283,2.2162628752624235e-10,0
0.7174911499023438,3.580389873469869e-10,27.136665411388094,2.5688980474146035e-10,0
0.7169879674911499,5.306176609209956e-10,27.146700411540223,3.804464782186528e-10,0
0.718165397644043,-1.1099380962942273e-11,27.156735411692352,-7.971191342854158e-12,0
0.7204092741012573,7.648100486257192e-10,27.166815411845164,5.509762519558017e-10,0
0.7193139791488647,2.850086555650222e-10,27.176850411997293,2.0501071012634435e-10,0
0.7225250005722046,2.758270278846453e-10,27.186885412149422,1.9929192348018284e-10,0
0.7221589684486389,5.591895280154802e-10,27.196965412302234,4.0382373271894043e-10,0
0.7230992913246155,4.628590219435402e-11,27.207000412454363,3.346930307505786e-11,0
0.7255260348320007,8.206851864756004e-10,27.217080412607174,5.954284691890035e-10,0
0.7243301868438721,3.309169049892091e-10,27.227115412759304,2.396931036206297e-10,0
0.7274404168128967,2.850086555650222e-10,27.237150412911433,2.0732681519950306e-10,0
0.7273218035697937,5.346044718024245e-10,27.247230413064244,3.8882948862781634e-10,0
0.7280291318893433,4.169508141527167e-11,27.257265413216373,3.0355233926815726e-11,0
0.7306103110313416,8.129532602652034e-10,27.267300413368503,5.939520343363034e-10,0
0.7293921113014221,3.915640589546854e-10,27.277380413521314,2.856037356707125e-10,0
0.7323846220970154,2.918948971419866e-10,27.287415413673443,2.1377933393538101e-10,0
0.7324585914611816,5.52484447080559e-10,27.297495413826255,4.04671979912836e-10,0
0.7329733371734619,6.005836800104802e-11,27.307530413978384,4.402118241892003e-11,0
0.7357027530670166,7.854083494684971e-10,27.317565414130513,5.778270849857948e-10,0
0.734474778175354,3.602739773178598e-10,27.327645414283324,2.646121495728876e-10,0
0.7373864650726318,2.6434995858970467e-10,27.337680414435454,1.9492808150655893e-10,0
0.7376129031181335,5.673442826648056e-10,27.347715414587583,4.1848046340386225e-10,0
0.7378759384155273,1.010133365841881e-10,27.357795414740394,7.453531052454131e-11,0
0.7408177852630615,7.417955694144496e-10,27.367830414892524,5.495353508515642e-10,0
0.7395414113998413,4.2508915831795946e-10,27.377910415045335,3.1437103611323433e-10,0
0.7423163056373596,1.9319221222779959e-10,27.387945415197464,1.4340972925884892e-10,0
0.7427917718887329,6.132525043334169e-10,27.397980415349593,4.555189143090216e-10,0
0.7428163290023804,9.877833273552739e-11,27.408060415502405,7.337415850758011e-11,0
0.745873212814331,6.476836844626632e-10,27.418095415654534,4.8308991061759e-10,0
0.744619607925415,4.410966314427611e-10,27.428130415806663,3.284492007621301e-10,0
0.7472696304321289,6.748825803759573e-11,27.438210415959475,5.043192564226231e-11,0
0.7479130029678345,5.604580133322656e-10,27.448245416111604,4.191738357887214e-10,0
0.747812807559967,1.5688847443406928e-10,27.458325416264415,1.1732321054034146e-10,0
0.7508873343467712,6.132525043334169e-10,27.468360416416544,4.604835382604012e-10,0
0.7497058510780334,3.951884097741498e-10,27.478395416568674,2.962750630859036e-10,0
0.7521839737892151,-6.2669218772737345e-12,27.488475416721485,-4.713878201074325e-12,0
0.7530157566070557,5.260268332030194e-10,27.498510416873614,3.961064937999851e-10,0
0.7527152299880981,1.220344658658945e-10,27.508545417025744,9.18572010407215e-11,0
0.7559438347816467,6.351796866255199e-10,27.518625417178555,4.801601680831002e-10,0
0.7547797560691833,4.112562790314911e-10,27.528660417330684,3.1040791396930885e-10,0
0.7570521831512451,2.5023146749125758e-11,27.538740417483496,1.8943827875739637e-11,0
0.758149266242981,5.283222748175831e-10,27.548775417635625,4.0054714499277316e-10,0
0.7576738595962524,1.8171517068843457e-10,27.558810417787754,1.3768083472269802e-10,0
0.760952353477478,5.234294109257576e-10,27.568890417940565,3.9830484212328517e-10,0
0.7598968744277954,4.1584710674946734e-10,27.578925418092695,3.16000916658762e-10,0
0.7619572877883911,-4.782595500185671e-11,27.588960418244824,-3.644133495910438e-11,0
0.7632532119750977,6.105946304124643e-10,27.599040418397635,4.66038312877061e-10,0
0.7626550793647766,2.505774754357759e-10,27.609075418549764,1.9110418441549704e-10,0
0.7659668922424316,4.831993138942892e-10,27.619155418702576,3.701146767972839e-10,0
0.7650119066238403,4.2502876218541985e-10,27.629190418854705,3.2515206372943885e-10,0
0.7668727040290833,-1.2816535333026735e-10,27.639225419006834,-9.8286511071225e-11,0
0.7683458924293518,6.798798191098854e-10,27.649305419159646,5.223828663586912e-10,0
0.7676507830619812,2.574637170127403e-10,27.659340419311775,1.9764222397487841e-10,0
0.770929753780365,4.2732414828883236e-10,27.669375419463904,3.294369004247137e-10,0
0.7700454592704773,4.6084921989653083e-10,27.679455419616716,3.5487484918966526e-10,0
0.7717366218566895,-9.602958706000919e-11,27.689490419768845,-7.410954911598435e-11,0
0.7735087275505066,7.491650078073064e-10,27.699570419921656,5.794856719143949e-10,0
0.7726279497146606,2.0926009536292867e-10,27.709605420073785,1.6168019843735394e-10,0
0.7759171724319458,3.2632607727123286e-10,27.719640420225915,2.5320200716710366e-10,0
0.7751882672309875,5.033143346544477e-10,27.729720420378726,3.9016336695329874e-10,0
0.7766150236129761,-6.389383466753884e-11,27.739755420530855,-4.9620911919054266e-11,0
0.7786403894424438,7.647496524931796e-10,27.749790420682984,5.95464967243263e-10,0
0.7776414155960083,2.8651880867869295e-10,27.759870420835796,2.2280889197578065e-10,0
0.7809190154075623,3.58461843541491e-10,27.769905420987925,2.799296699196008e-10,0
0.7803109884262085,5.077843701073448e-10,27.779985421140736,3.962297237458419e-10,0
0.7815448045730591,-2.2576433778009886e-11,27.790020421292866,-1.7644494524991346e-11,0
0.7837410569190979,7.922945632898859e-10,27.800055421444995,6.209537784240703e-10,0
0.7826859951019287,3.0886887492087567e-10,27.810135421597806,2.417473427234587e-10,0
0.7858859300613403,2.8041782784704594e-10,27.820170421749935,2.2037642544335652e-10,0
0.7854598164558411,4.938910946883368e-10,27.830205421902065,3.8793160858307545e-10,0
0.786497950553894,3.172815829510789e-11,27.840285422054876,2.4954131473951888e-11,0
0.788866400718689,8.244303573157197e-10,27.850320422207005,6.503654086188744e-10,0
0.7877285480499268,3.0886887492087567e-10,27.860400422359817,2.4330483037923583e-10,0
0.7908672094345093,3.010765525779391e-10,27.870435422511946,2.38111572963477e-10,0
0.7906634211540222,5.581626272288531e-10,27.880470422664075,4.413187724050822e-10,0
0.7914463877677917,1.0548334428150952e-10,27.890550422816887,8.348441180126706e-11,0
0.7939794063568115,8.382027849584972e-10,27.900585422969016,6.655157496079738e-10,0
0.7927258610725403,3.492801881055385e-10,27.910620423121145,2.7688343787154186e-10,0
0.7957614064216614,2.9098881637601437e-10,27.920700423273956,2.3155766977235176e-10,0
0.7957763671875,5.489809717929006e-10,27.930735423426086,4.3686608338841786e-10,0
0.7963587045669556,2.502314501440228e-11,27.940815423578897,1.9927399347860474e-11,0
0.7990543246269226,7.536349877490522e-10,27.950850423731026,6.02195296151038e-10,0
0.7977977395057678,3.5157560196452664e-10,27.960885423883155,2.8048622051267894e-10,0
0.8007559180259705,2.954588240733358e-10,27.970965424035967,2.365904019097177e-10,0
0.800969660282135,5.512763578963131e-10,27.981000424188096,4.415556371057826e-10,0
0.8013237118721008,4.968500003782461e-12,27.991035424340225,3.981376865467509e-12,0
0.8041390180587769,7.648100486257192e-10,28.001115424493037,6.150136015033712e-10,0
0.8028860092163086,3.951884097741498e-10,28.011150424645166,3.172912452121064e-10,0
0.8057003021240234,2.1499861613261118e-10,28.021230424797977,1.7322444997429176e-10,0
0.8060489892959595,5.7259957886302e-10,28.031265424950107,4.6154331181382934e-10,0
0.8062411546707153,1.1055741738763558e-10,28.041300425102236,8.913593985201953e-11,0
0.8092116713523865,6.865848445336553e-10,28.051380425255047,5.555924695702976e-10,0
0.8079434633255005,4.089608929280786e-10,28.061415425407176,3.30417280197001e-10,0
0.8106419444084167,1.31216121301847e-10,28.071450425559306,1.0636929170985993e-10,0
0.8112258911132812,5.413094417150432e-10,28.081530425712117,4.3912423422331874e-10,0
0.8111709356307983,1.4728399055918828e-10,28.091565425864246,1.1947249242533443e-10,0
0.8142241835594177,6.2847466120175e-10,28.101645426017058,5.117192679047766e-10,0
0.8130236864089966,4.161491429233166e-10,28.111680426169187,3.3833911027545927e-10,0
0.8155038356781006,5.317214030187145e-11,28.121715426321316,4.3362084367390286e-11,0
0.8163546323776245,5.882446196814328e-10,28.131795426474127,4.802162202481516e-10,0
0.8161234259605408,1.840105706696349e-10,28.141830426626257,1.5017533734785662e-10,0
0.8192954063415527,5.925938073580994e-10,28.151865426778386,4.855093841949419e-10,0
0.8181443810462952,4.2061915062063804e-10,28.161945426931197,3.441271946407403e-10,0
0.82048100233078,1.874097578513645e-11,28.171980427083327,1.537661459684563e-11,0
0.8214774131774902,5.547194925625831e-10,28.182060427236138,4.556895337894408e-10,0
0.8211106061935425,1.4794844516163863e-10,28.192095427388267,1.2148203749206517e-10,0
0.8243219256401062,5.375038747423844e-10,28.202130427540396,4.430762290666607e-10,0
0.8232390880584717,4.2508915831795946e-10,28.212210427693208,3.4995001103722024e-10,0
0.8253284692764282,-5.7007600029468364e-11,28.222245427845337,-4.704999526944399e-11,0
0.8265552520751953,6.040708488974644e-10,28.232280427997466,4.992979327817209e-10,0
0.8259908556938171,1.8594355222223413e-10,28.242360428150278,1.5358767381079114e-10,0
0.829360842704773,4.893002669703606e-10,28.252395428302407,4.058064817502086e-10,0
0.8283037543296814,4.3849920916549934e-10,28.262475428455218,3.6321054122237934e-10,0
0.8302798867225647,-7.555210623788611e-11,28.272510428607347,-6.272939420884325e-11,0
0.831703245639801,6.935919061312745e-10,28.282545428759477,5.768626394788772e-10,0
0.8309833407402039,2.552287270418674e-10,28.292625428912288,2.1209082025012057e-10,0
0.8342927098274231,4.1814249285287985e-10,28.302660429064417,3.4885323345622303e-10,0
0.8333993554115295,4.1355172064605483e-10,28.312695429216546,3.4465373741575103e-10,0
0.835158109664917,-1.0907719172337238e-10,28.322775429369358,-9.10967012472494e-11,0
0.8368224501609802,7.463863971324258e-10,28.332810429521487,6.24592893615183e-10,0
0.8359838128089905,2.6863875013383165e-10,28.3428904296743,2.2457764660512228e-10,0
0.8393248319625854,3.982690566228797e-10,28.352925429826428,3.3427710902589594e-10,0
0.8384917974472046,4.663461838916305e-10,28.362960429978557,3.910274499639379e-10,0
0.8400483727455139,-1.314272440877673e-10,28.37304043013137,-1.1040524253035638e-10,0
0.8419457077980042,7.968853910078622e-10,28.383075430283498,6.709342345660038e-10,0
0.8409926891326904,2.735316140256572e-10,28.393110430435627,2.3003808764224257e-10,0
0.8443073630332947,3.714490381945268e-10,28.403190430588438,3.1361715793927447e-10,0
0.8436418175697327,4.755277838164318e-10,28.413225430740567,4.011751238438014e-10,0
0.8449546694755554,-3.308700188831004e-11,28.42330543089338,-2.795701674447409e-11,0
0.8470511436462402,7.670450385965921e-10,28.433340431045508,6.497263771714178e-10,0
0.8459554314613342,3.125536218728797e-10,28.443375431197637,2.6440643404627467e-10,0
0.8492497205734253,3.4909894419676846e-10,28.45345543135045,2.964721808115834e-10,0
0.8487589955329895,5.122543500490906e-10,28.463490431502578,4.347804876050705e-10,0
0.8498375415802002,1.6445553252530942e-11,28.473525431654707,1.3976048546057161e-11,0
0.8521277904510498,8.028051001751635e-10,28.48360543180752,6.840925361750958e-10,0
0.8510314226150513,2.8271324170603407e-10,28.493640431959648,2.40597852281199e-10,0
0.8541740775108337,2.976938417997843e-10,28.50372043211246,2.5428236269998684e-10,0
0.8538975119590759,5.368394617732974e-10,28.51375543226459,4.5840588072966814e-10,0
0.8548290729522705,1.4150143730351505e-11,28.523790432416718,1.209595424715776e-11,0
0.8573126792907715,8.475052881706802e-10,28.53387043256953,7.265770293147032e-10,0
0.8560518026351929,3.745297127988323e-10,28.543905432721658,3.2061683578188145e-10,0
0.8592010736465454,2.850086833205978e-10,28.553940432873787,2.448797667076459e-10,0
0.8590482473373413,5.725995233518688e-10,28.5640204330266,4.918906169616199e-10,0
0.8597486019134521,-8.803966236592409e-12,28.574055433178728,-7.56919766320356e-12,0
0.8623732328414917,7.737500640203621e-10,28.58413543333154,6.672613441205508e-10,0
0.8611186146736145,4.295591660152809e-10,28.59417043348367,3.6990139395943186e-10,0
0.8641021251678467,2.666453724486928e-10,28.604205433635798,2.3040883299908744e-10,0
0.8642250895500183,5.860095741994087e-10,28.61428543378861,5.064441767396521e-10,0
0.8646722435951233,7.383083727718898e-11,28.62432043394074,6.383947571497346e-11,0
0.8674489855766296,7.624542108786159e-10,28.634355434092868,6.61390131775285e-10,0
0.8661952614784241,4.0497410980222526e-10,28.64443543424568,3.5078665493213053e-10,0
0.8690874576568604,2.735316140256572e-10,28.65447043439781,2.37722895022336e-10,0
0.8694060444831848,5.793045487756388e-10,28.66455043455062,5.036508763021443e-10,0
0.8696144819259644,7.419326958357786e-11,28.67458543470275,6.451954169131647e-11,0
0.8725290298461914,7.280230862605208e-10,28.684620434854878,6.352212771605223e-10,0
0.8712558746337891,4.0050410210490384e-10,28.69470043500769,3.4894155177382835e-10,0
0.8740090131759644,1.6105645983532924e-10,28.70473543515982,1.4076479752629044e-10,0
0.8745153546333313,5.443901440749244e-10,28.714770435311948,4.760775399045728e-10,0
0.8745187520980835,1.010133365841881e-10,28.72485043546476,8.833805705486786e-11,0
0.8776317238807678,6.568652843874645e-10,28.73488543561689,5.764858118944013e-10,0
0.8763505816459656,4.2061915062063804e-10,28.7449654357697,3.6860983729782815e-10,0
0.8789900541305542,9.654332888686668e-11,28.75500043592183,8.486062588421084e-11,0
0.8796777725219727,5.673442826648056e-10,28.76503543607396,4.990801548276526e-10,0
0.8795011639595032,1.5688847443406928e-10,28.77511543622677,1.379835958765947e-10,0
0.8826439380645752,6.201387181548057e-10,28.7851504363789,5.473616803384754e-10,0
0.8814335465431213,4.0666545131351484e-10,28.79518543653103,3.584485710078304e-10,0
0.8838643431663513,2.6730943847308453e-12,28.80526543668384,2.3626528125817906e-12,0
0.8847887516021729,5.604580133322656e-10,28.81530043683597,4.958869459416893e-10,0
0.8844375610351562,1.5018346288808715e-10,28.82538043698878,1.328278956245537e-10,0
0.8876844048500061,6.128296758944884e-10,28.83541543714091,5.439993461208211e-10,0
0.8865466117858887,4.5257367298212614e-10,28.84545043729304,4.012276563657987e-10,0
0.8887465596199036,2.5023146749125758e-11,28.85553043744585,2.223923558414949e-11,0
0.8898522853851318,5.925938073580994e-10,28.86556543759798,5.273209537826813e-10,0
0.8893809914588928,2.115555092219168e-10,28.87560043775011,1.881534485403793e-10,0
0.892680823802948,5.368394617732974e-10,28.88568043790292,4.792262929857184e-10,0
0.8915957808494568,4.571645007001024e-10,28.89571543805505,4.0760593997835983e-10,0
0.893626868724823,-5.3202050404044243e-11,28.90579543820786,-4.754278171230626e-11,0
0.8949957489967346,6.530597174148056e-10,28.91583043835999,5.844856709272598e-10,0
0.8943210244178772,2.4598667547337527e-10,28.92586543851212,2.1999105560249688e-10,0
0.8976693749427795,4.3849920916549934e-10,28.93594543866493,3.9362731100449694e-10,0
0.8966820240020752,4.4339207305732486e-10,28.94598043881706,3.9758170149551805e-10,0
0.8985057473182678,-1.143928840541264e-10,28.95601543896919,-1.027826637749448e-10,0
0.9001225233078003,7.446949723544094e-10,28.966095439122,6.703167176102836e-10,0
0.8992838859558105,2.758270278846453e-10,28.97613043927413,2.4804680148774554e-10,0
0.9026357531547546,3.915640589546854e-10,28.98621043942694,3.534397192628952e-10,0
0.9018200635910034,4.4520420683369366e-10,28.99624543957907,4.0149408611774386e-10,0
0.903429388999939,-1.0980205633615014e-10,29.0062804397312,-9.9198404666705e-11,0
0.9052472710609436,8.050401456571876e-10,29.01636043988401,7.287603949506736e-10,0
0.9043536186218262,2.941903110009747e-10,29.02639544003614,2.660520723172119e-10,0
0.9076263904571533,3.7912054051680855e-10,29.03643044018827,3.440998077374359e-10,0
0.9069347381591797,4.899042838069079e-10,29.04651044034108,4.4431121335747844e-10,0
0.9083592295646667,-5.2416779250386014e-11,29.05654544049321,-4.761326521614185e-11,0
0.9103679656982422,7.983351757445689e-10,29.06662544064602,7.267787698879319e-10,0
0.9093838930130005,3.2898389568103426e-10,29.07666044079815,2.9917265579300177e-10,0
0.9126014709472656,3.3321231884819724e-10,29.08669544095028,3.040900523186141e-10,0
0.9120855927467346,5.457794771679403e-10,29.09677544110309,4.977975979417237e-10,0
0.9132622480392456,-4.3235137692221315e-11,29.10681044125522,-3.948501904308436e-11,0
0.9154729247093201,8.060670464438147e-10,29.11684544140735,7.379325565197223e-10,0
0.9143663644790649,3.2451388798371283e-10,29.12692544156016,2.96724583978634e-10,0
0.9175745248794556,2.918948971419866e-10,29.13696044171229,2.678353215597959e-10,0
0.9172444939613342,5.167243855019876e-10,29.1470404418651,4.73962597497252e-10,0
0.9182064533233643,1.6083122680865536e-11,29.15707544201723,1.4767627035162102e-11,0
0.9206209182739258,8.290211295225447e-10,29.16711044216936,7.632141935295323e-10,0
0.9194510579109192,3.2898389568103426e-10,29.17719044232217,3.024845909195824e-10,0
0.9225167036056519,3.194398356942685e-10,29.1872254424743,2.946885842250076e-10,0
0.9223560690879822,5.535717995108769e-10,29.19726044262643,5.10590308954813e-10,0
0.9231387972831726,6.748825109870182e-11,29.20734044277924,6.230102295000035e-11,0
0.9257009625434875,8.26725687907981e-10,29.21737544293137,7.653007650558449e-10,0
0.9244875907897949,3.334539311339313e-10,29.22745544308418,3.0827402143339433e-10,0
0.9275139570236206,2.8651880867869295e-10,29.23749044323631,2.657501939992682e-10,0
0.9275287985801697,5.237314470996068e-10,29.24752544338844,4.85775999906952e-10,0
0.9280810952186584,6.525324031114721e-11,29.25760544354125,6.056029873453581e-11,0
0.9308263659477234,7.854083494684971e-10,29.26764044369338,7.310787997207607e-10,0
0.9295563697814941,3.860067543381973e-10,29.27767544384551,3.588150372737517e-10,0
0.9324584007263184,2.5299370931541887e-10,29.28775544399832,2.3590610958207455e-10,0
0.9326767921447754,5.925938073580994e-10,29.29779044415045,5.526984912916112e-10,0
0.9330055117607117,7.195825879602324e-11,29.307870444303262,6.71374520733934e-11,0
0.9358595013618469,7.804550339329808e-10,29.31790544445539,7.303962588918627e-10,0
0.934601366519928,3.951884097741498e-10,29.32794044460752,3.693436278077577e-10,0
0.9374407529830933,2.0829359070884124e-10,29.338020444760332,1.9526290051564837e-10,0
0.9378185868263245,5.627533994356781e-10,29.34805544491246,5.277605977904778e-10,0
0.937960684299469,1.1055741738763558e-10,29.35809044506459,1.0369851086728868e-10,0
0.9409301280975342,6.463547475021869e-10,29.3681704452174,6.081746553636821e-10,0
0.9396999478340149,4.135516651349036e-10,29.37820544536953,3.886144781539389e-10,0
0.9423289895057678,8.760330655332993e-11,29.388285445522342,8.25511353417634e-11,0
0.9429663419723511,6.105946304124643e-10,29.39832044567447,5.757701850680011e-10,0
0.9428595900535583,1.5876105985412892e-10,29.4083554458266,1.4968938781053243e-10,0
0.9459747672080994,6.463547475021869e-10,29.418435445979412,6.114352818022311e-10,0
0.9447841644287109,4.043700374545267e-10,29.42847044613154,3.8204240795648156e-10,0
0.9472603797912598,5.0876726442883324e-11,29.43850544628367,4.8193507212821686e-11,0
0.9480951428413391,5.390744517441703e-10,29.448585446436482,5.110938693285058e-10,0
0.9478470087051392,1.9548762608678771e-10,29.45862044658861,1.8529236162523046e-10,0
0.9510334134101868,5.857075380255594e-10,29.46865544674074,5.570274391485245e-10,0
0.9498609304428101,4.116791074704196e-10,29.478735446893552,3.9103790006571834e-10,0
0.9521819949150085,2.1036382705230672e-11,29.48877044704568,2.0030464850062125e-11,0
0.9532079100608826,5.547194925625831e-10,29.498850447198492,5.287630081756132e-10,0
0.9527398347854614,1.6794270141229362e-10,29.50888544735062,1.600057015969727e-10,0
0.9560517072677612,5.788213242041707e-10,29.51892044750275,5.533831152083837e-10,0
0.9549495577812195,4.317941559861538e-10,29.529000447655562,4.1234163831149246e-10,0
0.9570624232292175,-2.946266494663341e-11,29.53903544780769,-2.8197609508615496e-11,0
0.9583179354667664,6.407974151301232e-10,29.54907044795982,6.140876559199401e-10,0
0.9577073454856873,2.418186761943275e-10,29.559150448112632,2.3159152246693235e-10,0
0.9610370993614197,5.053681362277018e-10,29.56918544826476,4.856775277499574e-10,0
0.960044264793396,4.161491429233166e-10,29.579265448417573,3.9952159796221737e-10,0
0.9619243144989014,-9.602958706000919e-11,29.589300448569702,-9.237319470431191e-11,0
0.963433027267456,6.522745121806395e-10,29.59933544872183,6.284228078795966e-10,0
0.9626798033714294,2.3287866079968467e-10,29.609415448874643,2.2418758338804225e-10,0
0.9660183787345886,4.663461838916305e-10,29.619450449026772,4.5049898449205524e-10,0
0.9651271104812622,4.847094392523843e-10,29.6294854491789,4.678062205286466e-10,0
0.966820478439331,-1.2472223254178516e-10,29.639565449331712,-1.2058400853807023e-10,0
0.9685213565826416,7.463863971324258e-10,29.64960044948384,7.228911658855273e-10,0
0.9676862955093384,2.954588240733358e-10,29.659680449636653,2.8591145494307164e-10,0
0.9709852337837219,3.8830216819718544e-10,29.669715449788782,3.770356715656702e-10,0
0.9702194929122925,4.755277838164318e-10,29.67975044994091,4.613663252800847e-10,0
0.9717046618461609,-1.1801720711801522e-10,29.689830450093723,-1.1467787033463931e-10,0
0.973683774471283,8.175440324720284e-10,29.699865450245852,7.960293593338378e-10,0
0.9726648330688477,3.125535941173041e-10,29.70990045039798,3.0400988944717596e-10,0
0.9759796857833862,4.2508915831795946e-10,29.719980450550793,4.148783831650862e-10,0
0.9753325581550598,5.122543500490906e-10,29.730015450702922,4.99618345659437e-10,0
0.9766150116920471,-2.8616988986818193e-11,29.740095450855733,-2.7947781033952633e-11,0
0.9787906408309937,7.831129078539334e-10,29.750130451007863,7.665035849213743e-10,0
0.9777243733406067,3.217352495532566e-10,29.760165451159992,3.145683952510415e-10,0
0.9809380769729614,3.759190181362726e-10,29.770245451312803,3.6875327874815905e-10,0
0.9805092811584473,5.535717995108769e-10,29.780280451464932,5.42782287207998e-10,0
0.9815673232078552,2.562720001486607e-11,29.79031545161706,2.5154822119904395e-11,0
0.983900249004364,8.139801610518305e-10,29.800395451769873,8.008752831435083e-10,0
0.9827612042427063,3.28621491130221e-10,29.810430451922002,3.229564523631698e-10,0
0.9858785271644592,2.954588240733358e-10,29.820510452074814,2.9128651031516336e-10,0
0.9856778979301453,5.329131025355593e-10,29.830545452226943,5.252806666866821e-10,0
0.9865157008171082,8.760329961443603e-11,29.840580452379072,8.642203051302646e-11,0
0.989033043384552,8.318602473522674e-10,29.850660452531883,8.227372721094392e-10,0
0.9878166317939758,3.217352495532566e-10,29.860695452684013,3.178154305430922e-10,0
0.990875244140625,2.8959948328299845e-10,29.870730452836142,2.8695695870103994e-10,0
0.9907987713813782,5.323694263204004e-10,29.880810452988953,5.274709735192619e-10,0
0.9914557337760925,5.77629541420599e-11,29.890845453141083,5.726941208399078e-11,0
0.9941318035125732,7.961001302625448e-10,29.900925453293894,7.914284582744981e-10,0
0.9929049015045166,3.6075725740047915e-10,29.910960453446023,3.581976491262623e-10,0
0.9958381056785583,2.918948971419866e-10,29.920995453598152,2.9068006142711355e-10,0
0.9959716796875,5.927145996231786e-10,29.931075453750964,5.903269553620013e-10,0
0.9963670969009399,5.5467547221965674e-11,29.941110453903093,5.5266038997765735e-11,0
0.9992117285728455,7.188414308245683e-10,29.951145454055222,7.182747886639944e-10,0
0.9979457855224609,4.4296916135166953e-10,29.961225454208034,4.420592076873176e-10,0
1.0007904767990112,2.115555092219168e-10,29.971260454360163,2.1172273894365972e-10,0
1.0011365413665771,6.061245949595673e-10,29.981340454512974,6.068134806350386e-10,0
1.0013277530670166,9.678494811149463e-11,29.991375454665103,9.691345462319071e-11,0
1.002844214439392,5.614245179863531e-10,29.99808045476675,5.630213297070386e-10,0
1.0017317533493042,1.3006841437235295e-10,30.00811545491888,1.3029366078458096e-10,0
1.0026718378067017,6.43092856744687e-10,30.01815045507101,6.448110965525572e-10,0
0.9994277954101562,3.837113404792092e-10,30.028185455223138,3.834917790890119e-10,0
1.0000883340835571,8.536829576577531e-11,30.03826545537595,8.537583669594662e-11,0
0.9986868500709534,5.604580133322656e-10,30.04830045552808,5.597220479318248e-10,0
0.9965428709983826,1.2783341052369224e-10,30.05838045568089,1.2739147393279511e-10,0
0.9976853132247925,6.418847120492899e-10,30.06841545583302,6.403989499951015e-10,0
0.9944218993186951,3.9748379587756233e-10,30.07845045598515,3.9526659124497003e-10,0
0.9949695467948914,5.854823570405898e-11,30.08853045613796,5.825371154410804e-11,0
0.9937714338302612,5.742304964861944e-10,30.09856545629009,5.706538638421482e-10,0
0.9914969801902771,1.5187481827716454e-10,30.10860045644222,1.5058342368875574e-10,0
0.9926766753196716,6.128296758944884e-10,30.11868045659503,6.083417252041727e-10,0
0.9894652962684631,4.3421041762137236e-10,30.12871545674716,4.296361395145843e-10,0
0.989772617816925,-3.979201343429217e-11,30.13879545689997,-3.9385045305065614e-11,0
0.9888025522232056,5.189593754728605e-10,30.1488304570521,5.131483549677253e-10,0
0.986355185508728,1.6794270141229362e-10,30.15886545720423,1.656511544063598e-10,0
0.9876301288604736,5.52484447080559e-10,30.16894545735704,5.4565028566358e-10,0
0.9845025539398193,3.676434712218679e-10,30.17898045750917,3.6194593635722943e-10,0
0.9846630692481995,-5.7007600029468364e-11,30.1890154576613,-5.6133278415490065e-11,0
0.983870267868042,6.128296758944884e-10,30.19909545781411,6.029448973797957e-10,0
0.981303870677948,2.6434995858970467e-10,30.20913045796624,2.5940763757763246e-10,0
0.9825635552406311,4.764942884705192e-10,30.21921045811905,4.681859221314482e-10,0
0.9795511960983276,4.116791074704196e-10,30.22924545827118,4.0326076213134147e-10,0
0.9794966578483582,-1.0980205633615014e-10,30.23928045842331,-1.075507472061362e-10,0
0.9789459109306335,6.32944696654647e-10,30.24936045857612,6.19618622635297e-10,0
0.9761970639228821,2.1614633693989305e-10,30.25939545872825,2.1100141949840958e-10,0
0.977530837059021,4.3650580372478487e-10,30.26943045888038,4.266978836962097e-10,0
0.9745968580245972,4.5861425768123354e-10,30.27951045903319,4.469640145814132e-10,0
0.9743218421936035,-1.8325521655704335e-10,30.28954545918532,-1.7854956018744623e-10,0
0.9739894866943359,7.379900024417907e-10,30.29962545933813,7.187945036638314e-10,0
0.9711315035820007,2.0829359070884124e-10,30.30966045949026,2.0228046793157085e-10,0
0.9724466800689697,4.1355172064605483e-10,30.31969545964239,4.02156997779066e-10,0
0.9696223735809326,4.541442222283365e-10,30.3297754597952,4.403483987051062e-10,0
0.9691368341445923,-1.3964240874742018e-10,30.33981045994733,-1.353326019257999e-10,0
0.9690441489219666,7.165459892100046e-10,30.34984546009946,6.943646982774575e-10,0
0.966090977191925,2.5299370931541887e-10,30.35992546025227,2.4441493985594285e-10,0
0.9673439264297485,3.469847742465504e-10,30.3699604604044,3.3565361393099794e-10,0
0.9646939635276794,4.899042838069079e-10,30.38004046055721,4.726077052948751e-10,0
0.9640446901321411,-4.649703885806211e-11,30.39007546070934,-4.482522341798261e-11,0
0.964118480682373,7.647496524931796e-10,30.40011046086147,7.373092730640971e-10,0
0.9610925316810608,2.7087376786028017e-10,30.41019046101428,2.603347553188246e-10,0
0.9622865915298462,2.8271324170603407e-10,30.42022546116641,2.720511617416531e-10,0
0.9598309397697449,4.6175532841807865e-10,30.43026046131854,4.432070508192116e-10,0
0.9588797688484192,-2.4146979554773296e-11,30.44034046147135,-2.3154050173868522e-11,0
0.9592174887657166,7.716358663145684e-10,30.45037546162348,7.401666179278184e-10,0
0.9560478925704956,2.9098881637601437e-10,30.46045546177629,2.7819924465787146e-10,0
0.9572083353996277,2.5075871934454597e-10,30.47049046192842,2.4002833633073526e-10,0
0.9549174904823303,5.007773085097256e-10,30.48052546208055,4.782010107326029e-10,0
0.9537951946258545,4.29031879467523e-11,30.49060546223336,4.092085449774222e-11,0
0.9542794227600098,7.555679970572271e-10,30.50064046238549,7.210229920877074e-10,0
0.9510313868522644,2.941903110009747e-10,30.51067546253762,2.7978421946975595e-10,0
0.9520615339279175,2.4628871164722455e-10,30.52075546269043,2.3448200859998716e-10,0
0.950010359287262,4.893002669703606e-10,30.53079046284256,4.6484032242386543e-10,0
0.9486563801765442,-1.0736946054468177e-11,30.540870462995372,-1.018567237818261e-11,0
0.9493137001991272,7.491650078073064e-10,30.5509054631475,7.111926056212621e-10,0
0.9460212588310242,3.4468936038756226e-10,30.56094046329963,3.260834626195022e-10,0
0.9469949007034302,2.9098881637601437e-10,30.57102046345244,2.755649252698124e-10,0
0.9451032280921936,5.420947024603606e-10,30.58105546360457,5.12335453226964e-10,0
0.9435182809829712,4.169508141527167e-11,30.5910904637567,3.934007154238216e-11,0
0.9443292021751404,7.223449616233779e-10,30.60117046390951,6.821314413050369e-10,0
0.9410378932952881,3.194398356942685e-10,30.61120546406164,3.006049900163274e-10,0
0.9419498443603516,2.2532796462026994e-10,30.62124046421377,2.1224764120409807e-10,0
0.9401785135269165,5.390744517441703e-10,30.63132046436658,5.068262167211716e-10,0
0.9384196996688843,2.562720348431302e-11,30.64135546451871,2.404907259710241e-11,0
0.9393488168716431,6.575297528677027e-10,30.651435464671522,6.176497954141803e-10,0
0.9360669255256653,3.3550773270718537e-10,30.66147046482365,3.140576918453017e-10,0
0.9368038773536682,1.2892070744285888e-10,30.67150546497578,1.2077341860364811e-10,0
0.9352641701698303,5.055493801364719e-10,30.68158546512859,4.728222214932095e-10,0
0.9332696199417114,8.071707191525945e-11,30.69162046528072,7.533079102916198e-11,0
0.9343202710151672,6.083596404415914e-10,30.701700465433532,5.684027441320774e-10,0
0.9310935139656067,3.535689796496655e-10,30.71173546558566,3.292057836912411e-10,0
0.9316558837890625,3.4808860654989005e-11,30.72177046573779,3.2429879837214106e-11,0
0.930351972579956,5.480144671388132e-10,30.731850465890602,5.098463405049484e-10,0
0.9281566143035889,8.301247883535368e-11,30.74188546604273,7.70485813007702e-11,0
0.9293257594108582,5.857075380255594e-10,30.75192046619486,5.443131025682671e-10,0
0.9261069893836975,3.51333961923217e-10,30.762000466347672,3.253728377449571e-10,0
0.926483154296875,-4.5530537673421634e-11,30.7720354664998,-4.2183276160504376e-11,0
0.9254195690155029,4.988443547127019e-10,30.782115466652613,4.616403277440453e-10,0
0.9230486154556274,1.6806350755516064e-10,30.792150466804742,1.551307879574074e-10,0
0.9243033528327942,5.443901440749244e-10,30.80218546695687,5.031816354175805e-10,0
0.921156644821167,4.3849920916549934e-10,30.812265467109683,4.039264602716265e-10,0
0.9213763475418091,-2.946266147718646e-11,30.82230046726181,-2.714619942071082e-11,0
0.9204686284065247,5.283222748175831e-10,30.83233546741394,4.863040796579557e-10,0
0.9179298877716064,1.7029851140382135e-10,30.842415467566752,1.5632209346058137e-10,0
0.9192562103271484,4.2732414828883236e-10,30.85245046771888,3.9282037713726845e-10,0
0.9161892533302307,3.928929959151617e-10,30.86248546787101,3.599643405661894e-10,0
0.916212260723114,-6.661207696545546e-11,30.872565468023822,-6.103080162798201e-11,0
0.9155140519142151,6.31615815205322e-10,30.88260046817595,5.782531542317244e-10,0
0.9128451943397522,1.8817855607089484e-10,30.892680468328763,1.7177789058710996e-10,0
0.914178192615509,4.112562790314911e-10,30.902715468480892,3.75961521866788e-10,0
0.91118323802948,3.653480851184554e-10,30.91275046863302,3.3289905120610426e-10,0
0.9110013246536255,-1.7612736269434492e-10,30.922830468785833,-1.6045226072229777e-10,0
0.9106028079986572,6.591607260020282e-10,30.932865468937962,6.002336080198804e-10,0
0.9077931046485901,2.2532796462026994e-10,30.94290046909009,2.045511725667825e-10,0
0.9091233611106873,3.6474401277075685e-10,30.952980469242902,3.315973028351499e-10,0
0.9062535166740417,3.58461843541491e-10,30.96301546939503,3.248573063029364e-10,0
0.9058504700660706,-1.3813226951153723e-10,30.973095469547843,-1.2512718126831915e-10,0
0.9056832790374756,6.91296520027862e-10,30.983130469699972,6.2609569904603e-10,0
0.9027438759803772,2.4369126161438714e-10,30.9931654698521,2.1999079405231996e-10,0
0.9040266275405884,3.200438802863914e-10,31.003245470004913,2.8932818976031023e-10,0
0.901323676109314,4.3650580372478487e-10,31.013280470157042,3.9343301565627377e-10,0
0.90069180727005,-8.684794550184449e-11,31.02331547030917,-7.822323299174713e-11,0
0.9007377624511719,6.754098391681396e-10,31.033395470461983,6.083671472698159e-10,0
0.8976865410804749,2.689407863076809e-10,31.043430470614112,2.414245242160052e-10,0
0.8989881277084351,3.2227889801283993e-10,31.053510470766923,2.8972490312450066e-10,0
0.8963835835456848,4.778232254309955e-10,31.063545470919053,4.283128951131934e-10,0
0.8955931067466736,-1.0980205633615014e-10,31.073580471071182,-9.833796476126598e-11,0
0.895767331123352,7.513999977781793e-10,31.083660471223993,6.730795706158524e-10,0
0.8926476240158081,2.7812244174363343e-10,31.093695471376122,2.482653368079294e-10,0
0.893847644329071,2.3450960617843464e-10,31.10373047152825,2.0961585905513197e-10,0
0.8914943337440491,4.563792121992094e-10,31.113810471681063,4.068594817141682e-10,0
0.8904657363891602,-3.6348899584703886e-11,31.123845471833192,-3.2367449635628984e-11,0
0.8908390402793884,7.581050232019493e-10,31.133925471986004,6.75349551300208e-10,0
0.8876128792762756,3.0566738029591534e-10,31.143960472138133,2.7131430352529373e-10,0
0.8887243866920471,2.207371646578693e-10,31.153995472290262,1.961745012807063e-10,0
0.8865960836410522,4.831993138942892e-10,31.164075472443074,4.2840261931672025e-10,0
0.8853506445884705,1.6445553252530942e-11,31.174110472595203,1.4560081172742287e-11,0
0.8859023451805115,7.601588247752034e-10,31.184145472747332,6.734264855780141e-10,0
0.8826578259468079,3.1557387258907e-10,31.194225472900143,2.7854374830508346e-10,0
0.8836813569068909,2.6434995858970467e-10,31.204260473052273,2.3360113010483063e-10,0
0.8816717267036438,5.077843701073448e-10,31.214340473205084,4.476991223856648e-10,0
0.8802067637443542,-6.508556714412972e-12,31.224375473357213,-5.728875642240029e-12,0
0.8809272646903992,6.775240368739333e-10,31.234410473509342,5.968493965653512e-10,0
0.8776533007621765,3.1110386489174857e-10,31.244490473662154,2.7304133390211334e-10,0
0.8785765767097473,2.299187923382462e-10,31.254525473814283,2.0200126549377562e-10,0
0.8767507672309875,5.099589639456781e-10,31.264560473966412,4.4710691289569277e-10,0
0.8750799298286438,3.396316561321555e-11,31.274640474119224,2.972048458157127e-11,0
0.8759562969207764,7.050689476706395e-10,31.284675474271353,6.176095844754021e-10,0
0.872684895992279,3.2451388798371283e-10,31.294755474424164,2.8319836858311653e-10,0
0.8734779357910156,1.8630598452862301e-10,31.304790474576293,1.6273416679157452e-10,0
0.871868371963501,5.214360054850431e-10,31.314825474728423,4.546235611853957e-10,0
0.8699672222137451,4.0668184098091587e-11,31.324905474881234,3.537998715229394e-11,0
0.8709873557090759,6.063662350008769e-10,31.334940475033363,5.281373236146819e-10,0
0.8676918745040894,3.469847742465504e-10,31.344975475185493,3.010758691903676e-10,0
0.8683618307113647,4.29031948856462e-11,31.355055475338304,3.7255496854266196e-11,0
0.8669117093086243,5.329130470244081e-10,31.365090475490433,4.619885605087969e-10,0
0.8648624420166016,8.089828112955999e-11,31.375170475643245,6.996588497265681e-11,0
0.8659688234329224,6.172996558362343e-10,31.385205475795374,5.345622566700517e-10,0
0.8626900315284729,3.6993888508085604e-10,31.395240475947503,3.191425884340118e-10,0
0.8631910085678101,-6.266930550891114e-12,31.405320476100314,-5.4095581028481225e-12,0
0.8620025515556335,5.329131025355593e-10,31.415355476252444,4.593724541430811e-10,0
0.8597630262374878,8.760329961443603e-11,31.425390476404573,7.531807798489686e-11,0
0.8609402179718018,5.010793446835748e-10,31.435470476557384,4.313993602330445e-10,0
0.8577767014503479,3.7912054051680855e-10,31.445505476709513,3.25200766696581e-10,0
0.8580622673034668,-8.449212857142285e-11,31.455585476862325,-7.249950741129112e-11,0
0.8570761680603027,4.92139329288932e-10,31.465620477014454,4.2180089049872535e-10,0
0.8546130061149597,1.1055741738763558e-10,31.475655477166583,9.448380682195356e-11,0
0.8558917045593262,5.167243855019876e-10,31.485735477319395,4.4226011509466656e-10,0
0.8528056740760803,3.9059758205617356e-10,31.495770477471524,3.331038342579022e-10,0
0.8528962731361389,-6.159842080855071e-11,31.505805477623653,-5.253706353868449e-11,0
0.8521517515182495,5.144893955311147e-10,31.515885477776465,4.3842303953940486e-10,0
0.8495411276817322,1.7023811527128174e-10,31.525920477928594,1.446242804219774e-10,0
0.8508450388908386,4.720243085287734e-10,31.536000478081405,4.0161954114758543e-10,0
0.8478407859802246,3.781540358627211e-10,31.546035478233534,3.206144149874435e-10,0
0.847781240940094,-1.5341486414577332e-10,31.556070478385664,-1.3006224390415964e-10,0
0.8472174406051636,6.374147321075441e-10,31.566150478538475,5.400288779401795e-10,0
0.8444610238075256,1.840105706696349e-10,31.576185478690604,1.5538975489908693e-10,0
0.8458195924758911,3.951884097741498e-10,31.586220478842733,3.3425809970636686e-10,0
0.8428723216056824,4.362641636834752e-10,31.596300478995545,3.6771498847725217e-10,0
0.8425694108009338,-1.9473227197419618e-10,31.606335479147674,-1.6407545566122568e-10,0
0.8423111438751221,6.664697682623455e-10,31.616415479300485,5.613749128632438e-10,0
0.8394230604171753,2.1499861613261118e-10,31.626450479452615,1.8047479633949395e-10,0
0.8407045602798462,3.561664296825029e-10,31.636485479604744,2.9943074165267135e-10,0
0.8379079103469849,4.697892630467493e-10,31.646565479757555,3.936401397029517e-10,0
0.8374193906784058,-1.5800569186374958e-10,31.656600479909685,-1.323170302042611e-10,0
0.837337076663971,7.21136872439132e-10,31.666635480061814,6.038346406427817e-10,0
0.8343644738197327,2.619337247100617e-10,31.676715480214625,2.1854819439335335e-10,0
0.8356450200080872,3.378031465661735e-10,31.686750480366754,2.8228351717108485e-10,0
0.8330476880073547,4.295591660152809e-10,31.696830480519566,3.578432701113972e-10,0
0.8322680592536926,-8.449212857142285e-11,31.706865480671695,-7.032009986835157e-11,0
0.8324092626571655,7.119552170031795e-10,31.716900480823824,5.92638117230539e-10,0
0.829349935054779,2.4852370161809745e-10,31.726980480976636,2.061131157965424e-10,0
0.8305361866950989,3.469847742465504e-10,31.737015481128765,2.881834112439897e-10,0
0.8280887603759766,4.893002669703606e-10,31.747050481280894,4.0518405152712026e-10,0
0.8271853923797607,2.6730874458369414e-12,31.757130481433705,2.2111388877500428e-12,0
0.8274773955345154,7.509771693392508e-10,31.767165481585835,6.21416632190726e-10,0
0.8243033289909363,2.9098878862043875e-10,31.777245481738646,2.3986302715886754e-10,0
0.8254336714744568,2.2840866698015105e-10,31.787280481890775,1.885362045820126e-10,0
0.8231198191642761,4.548691145966899e-10,31.797315482042904,3.7441178335024177e-10,0
0.8220465779304504,2.6730883131986793e-12,31.807395482195716,2.1974031003708545e-12,0
0.82254558801651,7.854083494684971e-10,31.817430482347845,6.460341726466416e-10,0
0.8193036317825317,2.8041785560262156e-10,31.827465482499974,2.297473675118974e-10,0
0.8203670382499695,2.5299370931541887e-10,31.837545482652786,2.075477000069639e-10,0
0.8182744383811951,4.938910946883368e-10,31.847580482804915,4.0413845812757244e-10,0
0.8168837428092957,-5.990706541947333e-11,31.857660482957726,-4.89371078205807e-11,0
0.8175872564315796,6.865848445336553e-10,31.867695483109856,5.613430193497739e-10,0
0.8142914772033691,3.0566738029591534e-10,31.877730483261985,2.489023426340449e-10,0
0.81528639793396,2.6416874243651023e-10,31.887810483414796,2.1537318246780645e-10,0
0.8133507966995239,5.443901440749244e-10,31.897845483566925,4.4278015739870835e-10,0
0.811761736869812,1.4150143730351505e-11,31.907880483719055,1.1486545251507619e-11,0
0.8126047849655151,7.491650078073064e-10,31.917960483871866,6.087750700729447e-10,0
0.8092710971832275,3.0566738029591534e-10,31.927995484023995,2.4736777622519827e-10,0
0.8101716637611389,1.814735445249127e-10,31.938075484176807,1.4702472349637965e-10,0
0.8084681034088135,5.077843701073448e-10,31.948110484328936,4.1052746664132404e-10,0
0.8066446185112,5.087672297343637e-11,31.958145484481065,4.1039434794007585e-11,0
0.8076624274253845,6.418847120492899e-10,31.968225484633876,5.184261646609734e-10,0
0.8043515682220459,3.125535941173041e-10,31.978260484786006,2.5140297358169037e-10,0
0.8050946593284607,1.1973905200690638e-10,31.988295484938135,9.640127128381313e-11,0
0.8035778403282166,5.63659507957226e-10,31.998375485090946,4.5294429008473284e-10,0
0.801529586315155,6.924001649810663e-11,32.008410485243076,5.5497921780181914e-11,0
0.8026218414306641,6.195346458071072e-10,32.01849048539589,4.972520382477946e-10,0
0.7993810176849365,3.200438802863914e-10,32.028525485548016,2.5583700272717156e-10,0
0.799938440322876,3.7104260636189323e-11,32.038560485700145,2.968112438264677e-11,0
0.7986434698104858,5.100193600782177e-10,32.04864048585296,4.0732363140339135e-10,0
0.7964248061180115,7.842165805627133e-11,32.058675486005086,6.245695381291888e-11,0
0.7976001501083374,5.489809717929006e-10,32.068710486157215,4.378673055086385e-10,0
0.7943945527076721,3.51333961923217e-10,32.07879048631003,2.7909778553300826e-10,0
0.7947430610656738,-6.848464850772729e-11,32.088825486462156,-5.4427699191037914e-11,0
0.7937191724777222,4.988443547127019e-10,32.09890548661497,3.959423284177491e-10,0
0.7913361191749573,9.430832503820596e-11,32.108940486767096,7.462958394162436e-11,0
0.7925571203231812,5.191406193816306e-10,32.118975486919226,4.114485943398978e-10,0
0.7894220948219299,3.6474401277075685e-10,32.12905548707204,2.8793698263524764e-10,0
0.7896218299865723,-8.684794550184449e-11,32.139090487224166,-6.857703365774055e-11,0
0.7887346744537354,5.581626272288531e-10,32.149125487376295,4.402422180795911e-10,0
0.7862394452095032,1.23363388948583e-10,32.15920548752911,9.699316248609806e-11,0
0.7875264286994934,4.755277838164318e-10,32.169240487681236,3.744906973363393e-10,0
0.784491777420044,3.915640589546854e-10,32.17932048783405,3.07178784583168e-10,0
0.7844977974891663,-1.5601230030082291e-10,32.18935548798618,-1.2239130596721397e-10,0
0.7838336825370789,6.43092856744687e-10,32.199390488138306,5.040778421154781e-10,0
0.7811387181282043,2.2393864540504183e-10,32.20947048829112,1.7492714641106087e-10,0
0.7824546098709106,3.837113404792092e-10,32.21950548844325,3.002367072177038e-10,0
0.7794823050498962,3.928929959151617e-10,32.229540488595376,3.062531380939097e-10,0
0.7793208956718445,-1.9624241121007913e-10,32.23962048874819,-1.5293581167304128e-10,0
0.7788977026939392,6.61456167616592e-10,32.249655488900316,5.152066893893007e-10,0
0.7760741114616394,2.0382359688930762e-10,32.25973548905313,1.5818221685078478e-10,0
0.7774068713188171,3.51333961923217e-10,32.26977048920526,2.7312943612677254e-10,0
0.7744948863983154,4.0896083741692735e-10,32.279805489357386,3.167380773165831e-10,0
0.774091899394989,-2.0294740887827345e-10,32.2898854895102,-1.5709994521587415e-10,0
0.7739576101303101,7.142506031065921e-10,32.29992048966233,5.527996898145106e-10,0
0.7710120677947998,2.5287288929476404e-10,32.309955489814456,1.9496804926440151e-10,0
0.7723142504692078,3.2227889801283993e-10,32.32003548996727,2.489005855608287e-10,0
0.7696144580841064,4.296195899033961e-10,32.3300704901194,3.3064144786581824e-10,0
0.7689792513847351,-1.5377731032995e-10,32.34015049027221,-1.1825156097748305e-10,0
0.7690353393554688,6.955248599282982e-10,32.35018549042434,5.348831966851236e-10,0
0.7659752368927002,2.4369126161438714e-10,32.36022049057647,1.8666147184376117e-10,0
0.7672054767608643,2.999288317706572e-10,32.37030049072928,2.3010704237293612e-10,0
0.7646722793579102,4.410966314427611e-10,32.38033549088141,3.3729436658243217e-10,0
0.7638489603996277,-9.373418013991497e-11,32.390370491033536,-7.159875605378548e-11,0
0.7640990018844604,7.402249369015124e-10,32.40045049118635,5.656051354564333e-10,0
0.7609692811965942,2.735316140256572e-10,32.41048549133848,2.081491557096486e-10,0
0.7621689438819885,2.8651880867869295e-10,32.42056549149129,2.1837573781296493e-10,0
0.7597618699073792,5.211944209548847e-10,32.43060049164342,3.959836478499769e-10,0
0.7587236166000366,-4.782595500185671e-11,32.44063549179555,-3.6286681546359336e-11,0
0.7591245174407959,8.072750801169093e-10,32.45071549194836,6.128223056357286e-10,0
0.7559530138969421,2.5287288929476404e-10,32.46075049210049,1.9116002279520467e-10,0
0.7570357322692871,2.7123620016666905e-10,32.47078549225262,2.0533549541111324e-10,0
0.7548555731773376,4.3849920916549934e-10,32.48086549240543,3.3100357187243227e-10,0
0.7536538243293762,-2.257643551273336e-11,32.49090049255756,-1.701481696389704e-11,0
0.7542222142219543,8.028051001751635e-10,32.50098049271037,6.054934402427897e-10,0
0.7508832216262817,3.1110386489174857e-10,32.5110154928625,2.3360267233030365e-10,0
0.7519412636756897,2.2762337847925806e-10,32.52105049301463,1.711594108558231e-10,0
0.7499312162399292,5.167243855019876e-10,32.53113049316744,3.875077468803356e-10,0
0.7484749555587769,-6.389383466753884e-11,32.54116549331957,-4.782293506326597e-11,0
0.7492653727531433,7.119552170031795e-10,32.5512004934717,5.334433910514324e-10,0
0.7459448575973511,3.200438802863914e-10,32.56128049362451,2.387350867051359e-10,0
0.7468509078025818,1.9778303994577584e-10,32.57131549377664,1.4771444293145698e-10,0
0.7450709939002991,5.211944209548847e-10,32.58139549392945,3.883268452361468e-10,0
0.7433514595031738,4.380838411217197e-13,32.59143049408158,3.2565026268258687e-13,0
0.7442491054534912,7.073643337740521e-10,32.60146549423371,5.26455272641043e-10,0
0.7409483790397644,3.2451388798371283e-10,32.61154549438652,2.404480392774237e-10,0
0.7417831420898438,1.1973906588469418e-10,32.62158049453865,8.882042052285127e-11,0
0.740136444568634,5.352084886389719e-10,32.63161549469078,3.961273078842008e-10,0
0.7382226586341858,2.949315791589413e-11,32.64169549484359,2.1772517448189247e-11,0
0.7392842769622803,6.063662350008769e-10,32.65173049499572,4.4827702361696343e-10,0
0.7360100150108337,3.1557387258907e-10,32.66181049514853,2.3226553070130834e-10,0
0.736643373966217,1.1613116718267591e-11,32.67184549530066,8.55472548160812e-12,0
0.7352457642555237,5.122543500490906e-10,32.68188049545279,3.7663284109506017e-10,0
0.733121931552887,6.972325494736253e-11,32.6919604956056,5.11156473411648e-11,0
0.7342268824577332,5.489809717929006e-10,32.70199549575773,4.0307658744811816e-10,0
0.7309972643852234,3.3321229109262163e-10,32.71203049590986,2.4357727324823915e-10,0
0.7314704656600952,-2.6381978199263578e-11,32.72211049606267,-1.929763787844981e-11,0
0.7303447723388672,4.961864807917493e-10,32.7321454962148,3.6238720235147385e-10,0
0.7280332446098328,6.748825109870182e-11,32.74222549636761,4.9133690420431e-11,0
0.7291736602783203,5.480144671388132e-10,32.75226049651974,3.995977148890817e-10,0
0.7260653972625732,3.745297127988323e-10,32.76229549667187,2.7193306470992163e-10,0
0.726333737373352,-7.331709545033149e-11,32.77237549682468,-5.325267995179806e-11,0
0.7253758311271667,4.938910946883368e-10,32.78241049697681,3.582566632958585e-10,0
0.7229222655296326,8.301247883535368e-11,32.79244549712894,6.001156926688455e-11,0
0.7241972088813782,4.496742145310151e-10,32.80252549728175,3.256528110692872e-10,0
0.7211088538169861,3.9748382363313794e-10,32.81256049743388,2.8662910447088515e-10,0
0.7212029695510864,-1.33662247936428e-10,32.82264049758669,-9.639761012862545e-11,0
0.7204132676124573,5.63659507957226e-10,32.83267549773882,4.06067787948295e-10,0
0.7177804708480835,1.2892069356507108e-10,32.84271049789095,9.25367561291982e-11,0
0.7191566228866577,4.4520420683369366e-10,32.85279049804376,3.201715538814522e-10,0
0.7160987257957458,3.745297127988323e-10,32.86282549819589,2.6820025010789045e-10,0
0.7160678505897522,-1.7407356112109085e-10,32.87286049834802,-1.2464848075648338e-10,0
0.7154929637908936,6.530597174148056e-10,32.88294049850083,4.672596327455627e-10,0
0.7127580046653748,1.8171517068843457e-10,32.89297549865296,1.2951894247731662e-10,0
0.7140733599662781,3.860067543381973e-10,32.90301049880509,2.7563714003995424e-10,0
0.7111338376998901,3.8485906128649106e-10,32.9130904989579,2.736863012262396e-10,0
0.710866391658783,-2.498221352009722e-10,32.92312549911003,-1.7759015980680772e-10,0
0.7105606198310852,6.999948953811952e-10,32.93320549926284,4.973888067406577e-10,0
0.7076491713523865,1.8630598452862301e-10,32.94324049941497,1.318392755696706e-10,0
0.7090200185775757,3.217352495532566e-10,32.9532754995671,2.2811673261531095e-10,0
0.7062134742736816,4.4296921686282076e-10,32.96335549971991,3.1283082963698457e-10,0
0.705706000328064,-1.5341486414577332e-10,32.97339049987204,-1.08265790167187e-10,0
0.7056545615196228,7.303184723639333e-10,32.98342550002417,5.153525613856521e-10,0
0.7026339769363403,2.1499861613261118e-10,32.99350550017698,1.510653326890662e-10,0
0.7039399743080139,3.010765525779391e-10,33.00354050032911,2.1193982068645984e-10,0
0.7012811303138733,4.2061915062063804e-10,33.01362050048192,2.9497227337890236e-10,0
0.7005271315574646,-1.2816535333026735e-10,33.02365550063405,-8.978330733350113e-11,0
0.7007021307945251,7.303184723639333e-10,33.03369050078618,5.117357097440106e-10,0
0.6975653171539307,1.7700352294980348e-10,33.04377050093899,1.234715186238427e-10,0
0.6987981200218201,2.9648572485996283e-10,33.05380550109112,2.0718366714544863e-10,0
0.6963754296302795,4.732323977130193e-10,33.06384050124325,3.295474142723711e-10,0
0.6954228281974792,-8.225711778386824e-11,33.07392050139606,-5.720347748863082e-11,0
0.6957393884658813,7.945899493932984e-10,33.08395550154819,5.52827525472029e-10,0
0.6925948858261108,2.753437755576016e-10,33.094035501701,1.9070169079524736e-10,0
0.6937242746353149,2.1614633693989305e-10,33.10407050185313,1.4994596080870768e-10,0
0.691441535949707,4.68641569995043e-10,33.11410550200526,3.240382469672547e-10,0
0.690338134765625,-4.031930171677356e-12,33.12418550215807,-2.783395154220992e-12,0
0.6908013820648193,7.647496524931796e-10,33.1342205023102,5.282901168758788e-10,0
0.6875655651092529,2.3680502003742276e-10,33.14425550246233,1.6281897742273855e-10,0
0.6886405944824219,2.418186761943275e-10,33.15433550261514,1.6652615693141397e-10,0
0.6865096092224121,5.306176609209956e-10,33.16437050276727,3.6427412304538307e-10,0
0.6851933002471924,-8.449212857142285e-11,33.17445050292008,-5.789344042076332e-11,0
0.6858365535736084,7.417955694144496e-10,33.18448550307221,5.087505167833785e-10,0
0.6825328469276428,3.194398356942685e-10,33.19452050322434,2.1802818047850752e-10,0
0.68355792760849,2.395836862234546e-10,33.20460050337715,1.6376932804370736e-10,0
0.6816210150718689,5.030726946131381e-10,33.21463550352928,3.429049207571475e-10,0
0.6800689697265625,-4.553054461231554e-11,33.22467050368141,-3.096391056558672e-11,0
0.6808502078056335,7.066998652938139e-10,33.23475050383422,4.811567501415064e-10,0
0.6775742173194885,2.941903110009747e-10,33.24478550398635,1.9933576971946235e-10,0
0.6784191131591797,1.7476851910114277e-10,33.25486550413916,1.1856630373674043e-10,0
0.6766993999481201,5.191406193816306e-10,33.26490050429129,3.5130214562424483e-10,0
0.6749189496040344,-4.553054461231554e-11,33.27493550444342,-3.072942734464363e-11,0
0.6758938431739807,5.994196250469486e-10,33.28501550459623,4.051440340468886e-10,0
0.6725497245788574,3.1484900797629223e-10,33.29505050474836,2.1175161359838182e-10,0
0.6733524799346924,8.53078996332357e-11,33.30508550490049,5.74422857760591e-11,0
0.6718132495880127,4.764942884705192e-10,33.3151655050533,3.2011517634750745e-10,0
0.6697915196418762,2.103637923578372e-11,33.32520050520543,1.4089988416098388e-11,0
0.6708372235298157,5.748345688338929e-10,33.33528050535824,3.8562042614548746e-10,0
0.6675602197647095,3.400985604251616e-10,33.34531550551037,2.2703626973908222e-10,0
0.6681880354881287,-1.7985607794757108e-11,33.3553505056625,-1.2017767939438726e-11,0
0.666888952255249,4.92139329288932e-10,33.36543050581531,3.2820228167309685e-10,0
0.664664089679718,3.251343291821307e-11,33.37546550596744,2.1610511292946668e-11,0
0.6658744215965271,5.650488410502419e-10,33.38550050611957,3.762515702081178e-10,0
0.6626400351524353,3.4686395422589555e-10,33.39558050627238,2.2984594282136014e-10,0
0.6630297899246216,-1.0750664247716202e-10,33.40561550642451,-7.128010657713413e-11,0
0.6619225144386292,5.033143346544477e-10,33.41569550657732,3.331550899474777e-10,0
0.6595901846885681,8.071707191525945e-11,33.42573050672945,5.324018837210642e-11,0
0.6608355641365051,4.938910946883368e-10,33.43576550688158,3.263808001803631e-10,0
0.6576615571975708,3.6250899504430834e-10,33.44584550703439,2.384082301789663e-10,0
0.6578550338745117,-9.373417320102106e-11,33.45588050718652,-6.166349768635706e-11,0
0.6569822430610657,5.512763578963131e-10,33.46591550733865,3.621787781572546e-10,0
0.654486894607544,6.972325494736253e-11,33.47599550749146,4.563295661242938e-11,0
0.6557781100273132,4.640507700326424e-10,33.48603050764359,3.043143369287256e-10,0
0.6527352333068848,3.8485906128649106e-10,33.4961105077964,2.512110691591064e-10,0
0.6527029275894165,-1.143928840541264e-10,33.50614550794853,-7.466457031752498e-11,0
0.6520956754684448,6.591607260020282e-10,33.51618050810066,4.298358588645631e-10,0
0.6493802070617676,1.3453842206967437e-10,33.52626050825347,8.736658838136862e-11,0
0.6507598161697388,3.653480851184554e-10,33.5362955084056,2.377538527096521e-10,0
0.6477463245391846,3.7912054051680855e-10,33.54633050855773,2.4557393667707174e-10,0
0.6475383043289185,-2.3647250824154753e-10,33.55641050871054,-1.5312500700713788e-10,0
0.6471741199493408,6.706377675413933e-10,33.56644550886267,4.340194070133918e-10,0
0.6443496346473694,1.5688847443406928e-10,33.57652550901548,1.0109103118197569e-10,0
0.6456570625305176,3.0796279415490346e-10,33.58656050916761,1.9883835304274542e-10,0
0.6427876949310303,3.928929959151617e-10,33.59659550931974,2.525467831988535e-10,0
0.6423755288124084,-2.2306245739400765e-10,33.60667550947255,-1.43289864026671e-10,0
0.6422051787376404,7.349093000819096e-10,33.61671050962468,4.719625584150569e-10,0
0.6392699480056763,2.207371646578693e-10,33.62674550977681,1.411106357737565e-10,0
0.6405777335166931,2.79813783254923e-10,33.63682550992962,1.792424790841698e-10,0
0.6378702521324158,4.135516651349036e-10,33.64686051008175,2.6379230490938134e-10,0
0.6372186541557312,-1.5824731802727143e-10,33.65694051023456,-1.0083814301709188e-10,0
0.6372687220573425,7.513999977781793e-10,33.66697551038669,4.788437163379904e-10,0
0.6342536807060242,2.230325507612818e-10,33.67701051053882,1.4145921623759616e-10,0
0.6354930400848389,2.999288317706572e-10,33.68709051069163,1.9060268511102916e-10,0
0.6329177618026733,4.6405071452149116e-10,33.69712551084376,2.937059395978735e-10,0
0.6321088671684265,-1.419378226064083e-10,33.70716051099589,-8.972015625608983e-11,0
0.6323544383049011,7.536349877490522e-10,33.7172405111487,4.76564429364973e-10,0
0.6292127370834351,2.230325507612818e-10,33.72727551130083,1.403349217232063e-10,0
0.6303862929344177,2.2840866698015105e-10,33.73735551145364,1.4398569285170937e-10,0
0.6280313730239868,4.1838416064976514e-10,33.74739051160577,2.627583788643603e-10,0
0.6269978880882263,-5.930300694956259e-11,33.7574255117579,-3.718286011465715e-11,0
0.6273880004882812,7.938650847805206e-10,33.76750551191071,4.980614281979107e-10,0
0.6241470575332642,2.2532796462026994e-10,33.77754051206284,1.4063778609770093e-10,0
0.625312089920044,1.8630598452862301e-10,33.78757551221497,1.1649938455020463e-10,0
0.6231210827827454,4.6308426537855496e-10,33.79765551236778,2.8855756886233737e-10,0
0.6218725442886353,-7.996171086377402e-11,33.80769051251991,-4.9725992580527353e-11,0
0.6224275827407837,8.072751911392118e-10,33.81777051267272,5.024703458273837e-10,0
0.6191446781158447,2.1276361228395047e-10,33.82780551282485,1.317314582423109e-10,0
0.6202360987663269,2.207371646578693e-10,33.83784051297698,1.369091578601372e-10,0
0.6181846857070923,4.764942884705192e-10,33.84792051312979,2.945614719593725e-10,0
0.616736888885498,-4.323513075332741e-11,33.85795551328192,-2.6664700031364867e-11,0
0.6174697279930115,7.211368169279808e-10,33.86799051343405,4.4528015419426643e-10,0
0.6142003536224365,3.200438802863914e-10,33.87807051358686,1.9657106444659835e-10,0
0.6151334643363953,1.9548762608678771e-10,33.88810551373899,1.202509806696636e-10,0
0.6133104562759399,5.211944209548847e-10,33.898185513891804,3.1965398812431463e-10,0
0.6116169095039368,-3.532200573697075e-11,33.90822051404393,-2.1603535986326376e-11,0
0.6125069260597229,6.981827338492508e-10,33.91825551419606,4.2764176013797824e-10,0
0.6091998219490051,3.178088625599429e-10,33.92833551434887,1.9360910248533305e-10,0
0.6100203990936279,1.4269317671899984e-10,33.938370514501,8.704574861006186e-11,0
0.6084313988685608,4.5945994231466614e-10,33.94840551465313,2.7954985542658056e-10,0
0.6064721345901489,2.673091565805197e-12,33.95848551480594,1.6211555478688012e-12,0
0.607509195804596,6.132525043334169e-10,33.96852051495807,3.725565357327486e-10,0
0.6042294502258301,3.379239388312527e-10,33.978600515110884,2.0418359577815486e-10,0
0.6049148440361023,2.0553139051804337e-11,33.98863551526301,1.2432898903974544e-11,0
0.6034665703773499,5.053681362277018e-10,33.99867051541514,3.0497277594732455e-10,0
0.6013734340667725,-1.744196106989726e-11,34.008750515567954,-1.0489132025463072e-11,0
0.602495014667511,5.880029796401232e-10,34.01878551572008,3.5426886384281617e-10,0
0.5992469191551208,2.9648572485996283e-10,34.02882051587221,1.7766815719580555e-10,0
0.5997880697250366,-3.5321995328629896e-11,34.03890051602502,-2.1185711396995686e-11,0
0.5985367894172668,5.030727501242893e-10,34.04893551617715,3.0110754870270706e-10,0
0.5962927341461182,2.6730883131986793e-12,34.059015516329964,1.5939431388912755e-12,0
0.5974872708320618,5.703645333809959e-10,34.06905051648209,3.4078554842921364e-10,0
0.5942944884300232,3.3550770495160975e-10,34.07908551663422,1.9939037987854808e-10,0
0.5946052074432373,-1.3142723020997948e-10,34.089165516787034,-7.814731548269496e-11,0
0.5936152338981628,5.099589639456781e-10,34.09920051693916,3.027194096610785e-10,0
0.5911760330200195,3.4808843307754245e-11,34.10923551709129,2.057815390069361e-11,0
0.5924286842346191,4.876693493471862e-10,34.119315517244104,2.8890931097530634e-10,0
0.5893234610557556,3.837113404792092e-10,34.12935051739623,2.2613009521755102e-10,0
0.5894283652305603,-1.7389235884568421e-10,34.139430517549044,-1.0249708880049761e-10,0
0.5886306762695312,5.547194925625831e-10,34.149465517701174,3.265249100470045e-10,0
0.5860692262649536,1.0826200352864745e-10,34.1595005178533,6.344902864192809e-11,0
0.5874221324920654,4.2061915062063804e-10,34.169580518006114,2.4708099842457646e-10,0
0.5843772292137146,3.4468936038756226e-10,34.17961551815824,2.0142861336273115e-10,0
0.5842598676681519,-2.2686802436666653e-10,34.18965051831037,-1.3254988189460364e-10,0
0.5837203860282898,6.39649722078417e-10,34.199730518463184,3.7337658269450184e-10,0
0.5809788107872009,1.3580693514203546e-10,34.20976551861531,7.890095167547429e-11,0
0.582319438457489,3.6697900274162976e-10,34.219845518768125,2.1369900680219516e-10,0
0.5793872475624084,3.692140204680783e-10,34.229880518920254,2.139178950804506e-10,0
0.579076886177063,-2.6359461835490094e-10,34.23991551907238,-1.5264155080998733e-10,0
0.5787699222564697,6.664697682623455e-10,34.249995519225195,3.857326559634851e-10,0
0.5759173035621643,1.403977628600117e-10,34.260030519377324,8.085750101249812e-11,0
0.5772613883018494,2.9648572485996283e-10,34.27006551952945,1.7114976114434228e-10,0
0.5744328498840332,3.960340944075824e-10,34.280145519682264,2.2749499350178982e-10,0
0.5739700794219971,-1.9243685811520805e-10,34.290180519834394,-1.1045299873610555e-10,0
0.5738415718078613,7.223449616233779e-10,34.300260519987205,4.1451156816544845e-10,0
0.5708773732185364,2.194686377077204e-10,34.310295520139334,1.2528967939843405e-10,0
0.572191596031189,2.8041782784704594e-10,34.32033052029146,1.604527244714004e-10,0
0.5695446133613586,3.8709405125736396e-10,34.330410520444275,2.204673317578573e-10,0
0.5688282251358032,-1.786643888390671e-10,34.340445520596404,-1.0162934719829955e-10,0
0.5689517259597778,7.417955694144496e-10,34.35048052074853,4.2204586952766727e-10,0
0.5658749341964722,2.2170364155638111e-10,34.360560520901345,1.2545653357683542e-10,0
0.5670971274375916,2.4598667547337527e-10,34.370595521053474,1.3949833704887417e-10,0
0.5646342635154724,4.362641636834752e-10,34.380675521206285,2.4632969475961253e-10,0
0.563684344291687,-9.119714705629889e-11,34.390710521358415,-5.1406404039702393e-11,0
0.5640075206756592,7.808175217505209e-10,34.400745521510544,4.4038695454262387e-10,0
0.5608463287353516,2.0382358301151982e-10,34.410825521663355,1.1431370824169606e-10,0
0.5620088577270508,2.0696468150394054e-10,34.420860521815484,1.163159842418725e-10,0
0.5596746802330017,4.456874591607374e-10,34.430895521967614,2.494399861896447e-10,0
0.5585595369338989,-4.202702422184679e-11,34.440975522120425,-2.3474595188064495e-11,0
0.5590530037879944,8.106578186506397e-10,34.451010522272554,4.5320068856086333e-10,0
0.5558298230171204,2.4405369392077603e-10,34.461090522425366,1.356523214986594e-10,0
0.5569021105766296,2.3064367082881176e-10,34.471125522577495,1.284459470757067e-10,0
0.5547819137573242,4.709369560984555e-10,34.481160522729624,2.6126730576335014e-10,0
0.5534588098526001,-1.0237217323849634e-10,34.491240522882435,-5.6658781162602385e-11,0
0.5541170835494995,7.165460447211558e-10,34.501275523034565,3.970504045298161e-10,0
0.5507968664169312,2.7123620016666905e-10,34.511310523186694,1.493960491106368e-10,0
0.5517893433570862,1.993535891919862e-10,34.521390523339505,1.1000118607612438e-10,0
0.5498706102371216,4.870048253557968e-10,34.531425523491635,2.677896405068148e-10,0
0.5483260154724121,-3.532200573697075e-11,34.541505523644446,-1.9367974664246854e-11,0
0.5491557717323303,7.066998652938139e-10,34.551540523796575,3.8808830990855825e-10,0
0.545780599117279,2.9878113871895096e-10,34.561575523948704,1.6306894889497191e-10,0
0.5466866493225098,1.1442337355394017e-10,34.571655524101516,6.255373069238143e-11,0
0.5449737310409546,5.329130470244081e-10,34.581690524253645,2.9042361155729537e-10,0
0.5431644320487976,-1.1099379228218798e-11,34.591725524405774,-6.028788014589685e-12,0
0.5441513061523438,6.709398037152425e-10,34.601805524558586,3.6509277054124636e-10,0
0.5407952666282654,3.4239394652857413e-10,34.611840524710715,1.851650256048243e-10,0
0.5415658950805664,8.983831040199064e-11,34.621920524863526,4.865336498537982e-11,0
0.5400828123092651,4.675542730758764e-10,34.631955525015655,2.5251802671003344e-10,0
0.5380802154541016,5.5467547221965674e-11,34.641990525167785,2.984598975990584e-11,0
0.5391167402267456,5.815395387465117e-10,34.652070525320596,3.135177004419846e-10,0
0.5358242988586426,3.309169049892091e-10,34.662105525472725,1.7731331859631502e-10,0
0.5364664793014526,-4.213138952297024e-12,34.672140525624854,-2.2602078205465954e-12,0
0.5351464152336121,4.764942884705192e-10,34.682220525777666,2.54994210354289e-10,0
0.5329363942146301,8.071707191525945e-11,34.692255525929795,4.301706525808136e-11,0
0.5341202616691589,5.837745842285358e-10,34.70233552608261,3.1180583368395e-10,0
0.5308594107627869,3.2451388798371283e-10,34.712370526234736,1.7227125135937482e-10,0
0.5313267111778259,-7.307547622570354e-11,34.722405526386865,-3.882695245075647e-11,0
0.5302000045776367,4.787292784413921e-10,34.732485526539676,2.5382226562107483e-10,0
0.5278480648994446,6.464919571902428e-11,34.742520526691806,3.412495285759242e-11,0
0.5291016101837158,5.007773085097256e-10,34.752555526843935,2.649620802759632e-10,0
0.5259010195732117,3.692140204680783e-10,34.762635526996746,1.94170029804887e-10,0
0.5261478424072266,-1.5341486414577332e-10,34.772670527148875,-8.071889976349641e-11,0
0.5252536535263062,4.809643239234163e-10,34.78275052730169,2.5262826835658417e-10,0
0.5227283239364624,5.1843213749735995e-11,34.792785527453816,2.709991623087926e-11,0
0.5240380167961121,4.80118611534408e-10,34.802820527605945,2.516004050153941e-10,0
0.5209786891937256,3.4239394652857413e-10,34.81290052775876,1.7837994945032312e-10,0
0.5209833979606628,-2.2916343822565466e-10,34.822935527910886,-1.1939034673515002e-10,0
0.520316481590271,5.834121519221469e-10,34.832970528063015,3.0355895820514014e-10,0
0.5176657438278198,1.2559839279724372e-10,34.84305052821583,6.501798543096386e-11,0
0.5189558863639832,4.0666545131351484e-10,34.853085528367956,2.1104142974001433e-10,0
0.5160102248191833,3.6474401277075685e-10,34.86316552852077,1.8821164003128933e-10,0
0.5158218741416931,-2.6329258218105167e-10,34.873200528672896,-1.3581207318823583e-10,0
0.5153701901435852,6.293203735907582e-10,34.883235528825026,3.2433296059870114e-10,0
0.5125790238380432,1.7029849752603354e-10,34.89331552897784,8.729143762297969e-11,0
0.5139293074607849,3.653480851184554e-10,34.903350529129966,1.8776308836705168e-10,0
0.511012613773346,3.768251266578204e-10,34.913385529282095,1.9256239290888495e-10,0
0.5106810331344604,-2.3870749821242043e-10,34.92346552943491,-1.2190339180406124e-10,0
0.5104836225509644,6.339112013087345e-10,34.933500529587036,3.236012864197164e-10,0
0.5074927806854248,1.7023811527128174e-10,34.943535529739165,8.639461449766865e-11,0
0.5088552236557007,2.753437755576016e-10,34.95361552989198,1.401101184935684e-10,0
0.5060910582542419,3.6075725740047915e-10,34.963650530044106,1.8257602217070645e-10,0
0.505524218082428,-2.118874381507041e-10,34.97373053019692,-1.0711423149262351e-10,0
0.5055147409439087,7.211368169279808e-10,34.98376553034905,3.6454529119446313e-10,0
0.502497136592865,1.9548762608678771e-10,34.993800530501176,9.823197234794748e-11,0
0.5037264823913574,2.79813783254923e-10,35.00388053065399,1.4094961276362008e-10,0
0.5011612176895142,4.2502876218541985e-10,35.013915530806116,2.1300793200991194e-10,0
0.5003893971443176,-1.4652863644659675e-10,35.023950530958246,-7.332137605589144e-11,0
0.5005959272384644,7.178749261704809e-10,35.03403053111106,3.59365264307556e-10,0
0.49746230244636536,1.9778303994577584e-10,35.044065531263186,9.83896064362671e-11,0
0.4986758530139923,1.993535891919862e-10,35.054145531416,9.941282114171472e-11,0
0.4962870180606842,4.227333205708561e-10,35.06418053156813,2.0979705910100147e-10,0
0.49526193737983704,-1.0980205633615014e-10,35.074215531720256,-5.438077914933173e-11,0
0.4956434667110443,7.335199669888937e-10,35.08429553187307,3.6356437934014604e-10,0
0.49245840311050415,2.2762337847925806e-10,35.0943305320252,1.1209504547651332e-10,0
0.4936049282550812,1.8171517068843457e-10,35.104365532177326,8.969550379052458e-11,0
0.49135249853134155,4.6308426537855496e-10,35.11444553233014,2.275376108243038e-10,0
0.4901654124259949,-6.389383466753884e-11,35.124480532482266,-3.1318547821292505e-11,0
0.49076923727989197,7.536349877490522e-10,35.13456053263508,3.698608681250431e-10,0
0.48748332262039185,2.4598667547337527e-10,35.14459553278721,1.1991440188010503e-10,0
0.4885351359844208,2.0237385378596429e-10,35.154630532939336,9.886673817901735e-11,0
0.4864521920681,4.697892630467493e-10,35.16471053309215,2.2853001681914842e-10,0
0.48500505089759827,-5.930301388845649e-11,35.17474553324428,-2.8762261269351817e-11,0
0.4857625365257263,6.706377675413933e-10,35.184780533396406,3.257707030508576e-10,0
0.4824718236923218,2.954588240733358e-10,35.19486053354922,1.4255055767665118e-10,0
0.48339128494262695,1.840105706696349e-10,35.20489553370135,8.894910619902087e-11,0
0.4815499186515808,5.144893400199635e-10,35.21497553385416,2.477522998337189e-10,0
0.47989407181739807,-3.8644313443692013e-11,35.22501053400629,-1.8545176931081177e-11,0
0.48077714443206787,6.683423814379807e-10,35.23504553415842,3.2132374165068027e-10,0
0.47747331857681274,2.619337247100617e-10,35.24512553431123,1.2506636478449846e-10,0
0.4782988727092743,1.1973905200690638e-10,35.25516053446336,5.727105359418049e-11,0
0.4766727387905121,4.5257367298212614e-10,35.265195534615486,2.1572953220487165e-10,0
0.47478368878364563,7.143098178924445e-12,35.2752755347683,3.3914265027334896e-12,0
0.47577735781669617,6.132525043334169e-10,35.28531053492043,2.9177165618622513e-10,0
0.4724748432636261,2.8651878092311733e-10,35.29539053507324,1.3537291610873509e-10,0
0.4731549620628357,1.6445563660871798e-11,35.30542553522537,7.781300050061745e-12,0
0.47174501419067383,4.778232254309955e-10,35.3154605353775,2.2541072426157853e-10,0
0.4696689546108246,4.960820643162833e-11,35.32554053553031,2.3299434454860863e-11,0
0.4707569479942322,5.673442271536544e-10,35.33557553568244,2.6708123683700073e-10,0
0.46750470995903015,2.597591308717284e-10,35.34561053583457,1.2143861713739715e-10,0
0.4680575728416443,-4.4262021131613594e-11,35.35569053598738,-2.0717174179928628e-11,0
0.4667987525463104,5.352084886389719e-10,35.36572553613951,2.498346548488682e-10,0
0.46457627415657043,6.972325494736253e-11,35.37580553629232,3.239177000551435e-11,0
0.4657839238643646,5.329131025355593e-10,35.38584053644445,2.482223559777453e-10,0
0.46253788471221924,3.3321231884819724e-10,35.39587553659658,1.541233211200987e-10,0
0.46289071440696716,-1.3813225563374942e-10,35.40595553674939,-6.394013849295209e-11,0
0.46186479926109314,4.663461838916305e-10,35.41599053690152,2.1538888660928476e-10,0
0.45945242047309875,1.6445561926148322e-11,35.42602553705365,7.555953233009083e-12,0
0.46072015166282654,4.809643239234163e-10,35.43610553720646,2.2158995626240517e-10,0
0.45761629939079285,3.125535941173041e-10,35.44614053735859,1.4302961910125258e-10,0
0.4577479064464569,-1.716573411192357e-10,35.4562205375114,-7.857578852349544e-11,0
0.45695146918296814,5.604580133322656e-10,35.46625553766353,2.5610211260754633e-10,0
0.4543352425098419,6.464918878013037e-11,35.47629053781566,2.9372404862485084e-11,0
0.4556936025619507,3.982690566228797e-10,35.48637053796847,1.8148866120142958e-10,0
0.4526268243789673,3.7223429893984417e-10,35.4964055381206,1.6848322865407285e-10,0
0.4526268243789673,-2.3834509366160717e-10,35.50644053827273,-1.0788138285036078e-10,0
0.45196980237960815,6.038896049886944e-10,35.51652053842554,2.7293986542583983e-10,0
0.44927576184272766,1.4498857670020016e-10,35.52655553857767,6.513985325547518e-11,0
0.45060092210769653,3.2451388798371283e-10,35.53663553873048,1.4622625716221474e-10,0
0.4476640522480011,3.40098532669586e-10,35.54667053888261,1.5224988729846606e-10,0
0.44744178652763367,-2.980257707285716e-10,35.55670553903474,-1.3334918328606703e-10,0
0.4470655024051666,6.999948953811952e-10,35.56678553918755,3.129435695846461e-10,0
0.4442204236984253,1.4269316284121203e-10,35.57682053933968,6.33872172561916e-11,0
0.4455336630344391,2.574637170127403e-10,35.58685553949181,1.1470875293914841e-10,0
0.4427204132080078,3.915640589546854e-10,35.59693553964462,1.7335340197782304e-10,0
0.4422834813594818,-2.681854460728772e-10,35.60697053979675,-1.186139927390577e-10,0
0.4421311318874359,7.022298853520681e-10,35.61705053994956,3.104776940558942e-10,0
0.4391711950302124,1.6794270141229362e-10,35.62708554010169,7.375559687583913e-11,0
0.44046592712402344,3.3550773270718537e-10,35.63712054025382,1.4777972454414945e-10,0
0.4377780258655548,3.8262404356004254e-10,35.64720054040663,1.6750439843841147e-10,0
0.4371066987514496,-1.9243685811520805e-10,35.65723554055876,-8.411543976883969e-11,0
0.43721163272857666,7.004781199526633e-10,35.66727054071089,3.062571825151477e-10,0
0.4341343939304352,2.0605861461575614e-10,35.6773505408637,8.94571317703564e-11,0
0.4353426396846771,2.41395847755399e-10,35.68738554101583,1.0508990557075585e-10,0
0.432865709066391,4.51909204501888e-10,35.69746554116864,1.9561599824033843e-10,0
0.43198785185813904,-1.4707228490618007e-10,35.70750054132077,-6.353344042448894e-11,0
0.432242751121521,6.912964645167108e-10,35.7175355414729,2.98807885663284e-10,0
0.4290957748889923,2.1276361228395047e-10,35.72761554162571,9.129596708116285e-11,0
0.4302646517753601,2.2073713690229368e-10,35.73765054177784,9.497538734315538e-11,0
0.42791396379470825,4.135516651349036e-10,35.74768554192997,1.7696453226177845e-10,0
0.42686110734939575,-7.778711008654682e-11,35.75776554208278,-3.3204291949052726e-11,0
0.42731910943984985,7.808175217505209e-10,35.76780054223491,3.336582480294632e-10,0
0.4241032898426056,2.596987347391888e-10,35.77788054238772,1.1013908777085214e-10,0
0.42518356442451477,1.9264856376821626e-10,35.78791554253985,8.191100302423362e-11,0
0.42304590344429016,4.548691145966899e-10,35.79795054269198,1.9243051553346102e-10,0
0.4217463433742523,-1.0460717708715705e-10,35.80803054284479,-4.411769442721136e-11,0
0.4223707616329193,6.912964645167108e-10,35.81806554299692,2.919834142320675e-10,0
0.41909587383270264,2.482820893323634e-10,35.82810054314905,1.0405399918575598e-10,0
0.4201149344444275,2.015885930406469e-10,35.83818054330186,8.469037855001575e-11,0
0.41815316677093506,4.824139976378206e-10,35.84821554345399,2.0172294080688105e-10,0
0.41663163900375366,-1.0460717708715705e-10,35.8582955436068,-4.358265964137815e-11,0
0.41739723086357117,7.201099161413538e-10,35.86833054375893,3.005718849147995e-10,0
0.4141063690185547,2.8041785560262156e-10,35.87836554391106,1.1612281999157099e-10,0
0.4150122404098511,1.2783341052369224e-10,35.88844554406387,5.305243010066975e-11,0
0.4132480323314667,4.870048253557968e-10,35.898480544216,2.012537858142126e-10,0
0.4115334153175354,-5.2416779250386014e-11,35.90851554436813,-2.157125618485668e-11,0
0.41244885325431824,6.2847466120175e-10,35.91859554452094,2.5921365331205796e-10,0
0.4090839624404907,2.918948971419866e-10,35.92863054467307,1.1940952113900334e-10,0
0.4099215567111969,4.9608213370522236e-11,35.93871054482588,2.0335476050505687e-11,0
0.408354252576828,5.055493246253207e-10,35.94874554497801,2.06443216598093e-10,0
0.4063586890697479,-4.213144590148321e-12,35.95878054513014,-1.7120479125139722e-12,0
0.40744835138320923,5.56954482533456e-10,35.96886054528295,2.2693018570374506e-10,0
0.4041541516780853,2.918948971419866e-10,35.97889554543508,1.1797053453358156e-10,0
0.4048354923725128,-5.241677578093906e-11,35.98893054558721,-2.122017123185607e-11,0
0.4034178853034973,4.899042838069079e-10,35.99901054574002,1.9763615017450716e-10,0
0.4012826979160309,6.924001649810663e-11,36.00904554589215,2.7784820624110716e-11,0
0.4023917317390442,5.390744517441703e-10,36.01912554604496,2.1691910217361252e-10,0
0.3991830050945282,2.8875379864956585e-10,36.02916054619709,1.1526560907739401e-10,0
0.3996174931526184,-1.2586993947127922e-10,36.03919554634922,-5.029982967478442e-11,0
0.3984975516796112,4.5861425768123354e-10,36.04927554650203,1.827566588513339e-10,0
0.39618414640426636,4.968499136420723e-12,36.05931054665416,1.9684405892731788e-12,0
0.3974088430404663,5.214360054850431e-10,36.06934554680629,2.0722327965945322e-10,0
0.3942165970802307,3.692140204680783e-10,36.0794255469591,1.4555029474323647e-10,0
0.3944818377494812,-7.996171086377402e-11,36.08946054711123,-3.154344265113423e-11,0
0.39354920387268066,4.675542730758764e-10,36.09954054726404,1.8400561193628108e-10,0
0.39110204577445984,9.378105930712977e-12,36.10957554741617,3.66779641499144e-12,0
0.39236173033714294,4.3421041762137236e-10,36.1196105475683,1.7036755078833512e-10,0
0.3892621695995331,3.535689796496655e-10,36.12969054772111,1.3763102812152195e-10,0
0.38935649394989014,-2.0391391353236088e-10,36.13972554787324,-7.939520644056109e-11,0
0.38859695196151733,5.489809717929006e-10,36.14976054802537,2.133323323235929e-10,0
0.3859732747077942,1.0548334428150952e-10,36.15984054817818,4.0713751819463904e-11,0
0.38728371262550354,4.0666545131351484e-10,36.16987554833031,1.5749490578122398e-10,0
0.3842656910419464,3.4462893649944704e-10,36.17995554848312,1.3242907643701108e-10,0
0.3841915428638458,-2.4094251593886895e-10,36.18999054863525,-9.256807694005083e-11,0
0.3836383521556854,6.132525043334169e-10,36.20002554878738,2.352671802178194e-10,0
0.380896657705307,1.188933812512616e-10,36.21010554894019,4.528609154188835e-11,0
0.3822036385536194,3.1714442183528035e-10,36.22014054909232,1.212137519724281e-10,0
0.3793239891529083,3.28621491130221e-10,36.23017554924445,1.246540149368925e-10,0
0.37897661328315735,-2.69997579849246e-10,36.24025554939726,-1.023227684059161e-10,0
0.3786962032318115,6.95887292234687e-10,36.25029054954939,2.6352987544654206e-10,0
0.3757939040660858,9.654332194797277e-11,36.2603705497022,3.6280391866337717e-11,0
0.3771647810935974,2.8651880867869295e-10,36.27040554985433,1.0806480375449754e-10,0
0.3743714988231659,3.7912054051680855e-10,36.28044055000646,1.419319249879264e-10,0
0.37381577491760254,-2.3870749821242043e-10,36.29052055015927,-8.923262842291817e-11,0
0.373788982629776,6.981827338492508e-10,36.3005555503114,2.609730137751871e-10,0
0.3707920014858246,1.8171517068843457e-10,36.31059055046353,6.73785318399029e-11,0
0.3720921576023102,2.574637447683159e-10,36.32067055061634,9.580024029521317e-11,0
0.36946848034858704,4.1814249285287985e-10,36.33070555076847,1.5449047140352344e-10,0
0.3687090277671814,-1.7836236654300563e-10,36.34078555092128,-6.576381475832525e-11,0
0.3688393235206604,6.731748491972667e-10,36.35082055107341,2.482933559890424e-10,0
0.3657448887825012,2.2532796462026994e-10,36.36085555122554,8.2412551359628e-11,0
0.36698541045188904,2.2393864540504183e-10,36.37093555137835,8.218221570000931e-11,0
0.36450573801994324,4.3421041762137236e-10,36.38097055153048,1.582721887310261e-10,0
0.3635753393173218,-9.832500091899732e-11,36.39100555168261,-3.5748545572500426e-11,0
0.36388489603996277,7.871601148679019e-10,36.40108555183542,2.8643567656551165e-10,0
0.360718309879303,2.0237385378596429e-10,36.41112055198755,7.299995450143422e-11,0
0.36188071966171265,1.4794844516163863e-10,36.42120055214036,5.3539689807925216e-11,0
0.3596159517765045,4.295591660152809e-10,36.43123555229249,1.5447632833090675e-10,0
0.35845205187797546,-4.7825958471303665e-11,36.44127055244462,-1.714331294706964e-11,0
0.358968585729599,7.759851095023862e-10,36.45135055259743,2.785542773052996e-10,0
0.35567739605903625,2.5516830315375216e-10,36.46138555274956,9.075759762252934e-11,0
0.35681772232055664,1.8860138450982333e-10,36.47142055290169,6.729631644729867e-11,0
0.35471367835998535,4.094441174995467e-10,36.4815005530545,1.4523542900112225e-10,0
0.35331642627716064,-7.996171780266792e-11,36.49153555320663,-2.8251788373021444e-11,0
0.3540342450141907,7.111699007467109e-10,36.50161555335944,2.517784988876787e-10,0
0.35070323944091797,2.4405369392077603e-10,36.51165055351157,8.559042105553842e-11,0
0.3517047166824341,1.9319221222779959e-10,36.5216855536637,6.794661226683093e-11,0
0.34981539845466614,4.876693493471862e-10,36.53176555381651,1.7059424775601372e-10,0
0.34816431999206543,-5.471219310937414e-11,36.54180055396864,-1.9048833509199816e-11,0
0.3490082323551178,6.935919061312745e-10,36.55183555412077,2.420692851346929e-10,0
0.34570273756980896,2.999288317706572e-10,36.56191555427358,1.0368621821923089e-10,0
0.34661436080932617,1.5876105985412892e-10,36.57195055442571,5.502886328275007e-11,0
0.34490105509757996,4.764942884705192e-10,36.58203055457852,1.643433828414527e-10,0
0.343061238527298,-4.873203923727587e-11,36.59206555473065,-1.671807373670074e-11,0
0.34399405121803284,6.201387181548057e-10,36.60210055488278,2.1332402997522946e-10,0
0.3407403230667114,2.6416874243651023e-10,36.61218055503559,9.001294264194338e-11,0
0.3414931297302246,3.7104260636189323e-11,36.62221555518772,1.2670850090978267e-11,0
0.33998432755470276,4.915956530737731e-10,36.63225055533985,1.6713481753910168e-10,0
0.3379565179347992,5.4078217598396705e-11,36.64233055549266,1.827608611567453e-11,0
0.3390210270881653,5.925937518469482e-10,36.65236555564479,2.0090174239718171e-10,0
0.3357678949832916,3.1110386489174857e-10,36.6624455557976,1.0445868983586878e-10,0
0.3363691568374634,-7.331708851143759e-11,36.67248055594973,-2.4661607244369935e-11,0
0.33507096767425537,4.80118611534408e-10,36.68251555610186,1.60873807765254e-10,0
0.332867830991745,1.1613113248820639e-11,36.69259555625467,3.865631818196423e-12,0
0.33401915431022644,5.581625717177019e-10,36.7026305564068,1.864369901727679e-10,0
0.3308101296424866,3.2403066341224473e-10,36.71266555655893,1.0719262577154561e-10,0
0.3312504291534424,-1.6495231569546576e-10,36.72274555671174,-5.464052536397714e-11,0
0.33014941215515137,4.5945994231466614e-10,36.73278055686387,1.5169042986402678e-10,0
0.32773303985595703,5.1843213749735995e-11,36.742860557016684,1.6990734038103126e-11,0
0.3290097117424011,5.010793446835748e-10,36.75289555716881,1.6485997075441421e-10,0
0.32582271099090576,3.653480851184554e-10,36.76293055732094,1.1903870354863133e-10,0
0.32608360052108765,-1.4483726717973155e-10,36.773010557473754,-4.722905757160162e-11,0
0.3251928389072418,4.4339201754617363e-10,36.78304555762588,1.4418790893464978e-10,0
0.3226589858531952,4.858131605334215e-11,36.79308055777801,1.567519816918493e-11,0
0.3239651322364807,4.675542730758764e-10,36.80316055793082,1.514712819047579e-10,0
0.32087230682373047,3.58461843541491e-10,36.81319555808295,1.1502047864544537e-10,0
0.3209047019481659,-2.4317753366531747e-10,36.823275558235764,-7.803681396135878e-11,0
0.3202212452888489,5.658944979280989e-10,36.83331055838789,1.8121144082864373e-10,0
0.3175809681415558,1.220344658658945e-10,36.84334555854002,3.875582381632842e-11,0
0.3188844621181488,3.692140204680783e-10,36.853425558692834,1.1773661432344232e-10,0
0.31589722633361816,3.0796279415490346e-10,36.86346055884496,9.7284592487485e-11,0
0.31572225689888,-2.7507165989426596e-10,36.87349555899709,-8.684624527073879e-11,0
0.3152989447116852,6.016546150178215e-10,36.883575559149904,1.8970106519603432e-10,0
0.31248030066490173,1.7023811527128174e-10,36.89361055930203,5.319605744459632e-11,0
0.31382784247398376,3.0439883946797863e-10,36.903690559454844,9.552883104182027e-11,0
0.31092575192451477,3.535689796496655e-10,36.91372555960697,1.099337008547557e-10,0
0.3105578124523163,-2.9573032911400787e-10,36.9237605597591,-9.184136408544983e-11,0
0.31033653020858765,6.798798191098854e-10,36.933840559911914,2.1099154402140405e-10,0
0.30742907524108887,1.3351152128304733e-10,36.94387556006404,4.1045323522078195e-11,0
0.30872586369514465,3.125535941173041e-10,36.95391056021617,9.649337829488639e-11,0
0.3059934079647064,3.982690566228797e-10,36.963990560368984,1.218677059229236e-10,0
0.3054201006889343,-1.9014144425621993e-10,36.97402556052111,-5.8073019049874083e-11,0
0.3054262101650238,6.865848445336553e-10,36.984105560673925,2.097010070226564e-10,0
0.302423894405365,1.3230340434322585e-10,36.994140560826054,4.001171078456604e-11,0
0.30363136529922485,2.505775031913515e-10,37.00417556097818,7.608318940726094e-11,0
0.3010750710964203,4.2285414059151094e-10,37.014255561130994,1.2731084044200486e-10,0
0.30024534463882446,-2.0161849967337275e-10,37.024290561283124,-6.053501591999452e-11,0
0.3004820644855499,6.683423814379807e-10,37.03432556143525,2.0082489855767334e-10,0
0.29735326766967773,1.8817855607089484e-10,37.044405561588064,5.5955508553042254e-11,0
0.29858627915382385,2.299187923382462e-10,37.05444056174019,6.865059671181763e-11,0
0.2961747944355011,4.3849920916549934e-10,37.064520561893005,1.2987241313472157e-10,0
0.29522281885147095,-1.2695722251265806e-10,37.074555562045134,-3.748066910374034e-11,0
0.29553166031837463,7.326139139784971e-10,37.08459056219726,2.1651060637040813e-10,0
0.2923267185688019,2.3064364307323615e-10,37.094670562350075,6.74232993383531e-11,0
0.2934815287590027,1.564656459951408e-10,37.104705562502204,4.5919776984918845e-11,0
0.29123789072036743,4.640507700326424e-10,37.11474056265433,1.3514916745146906e-10,0
0.29001185297966003,-8.225712472276214e-11,37.124820562807145,-2.3855541161627253e-11,0
0.29059362411499023,7.670450385965921e-10,37.134855562959274,2.2289839762520627e-10,0
0.2873166799545288,2.2532796462026994e-10,37.1448905631114,6.474048269560749e-11,0
0.2883884608745575,1.635934859800514e-10,37.154970563264214,4.7178473630890527e-11,0
0.2863183915615082,4.571645007001024e-10,37.165005563416344,1.308946045194733e-10,0
0.2849271893501282,-1.0460717708715705e-10,37.175085563569155,-2.980542895329479e-11,0
0.2856329381465912,6.54569898284052e-10,37.185120563721284,1.869667232691891e-10,0
0.2823169231414795,2.0237385378596429e-10,37.19515556387341,5.713356372513709e-11,0
0.28328976035118103,2.0605858686018053e-10,37.205235564026225,5.837428768992356e-11,0
0.2814132869243622,4.893002669703606e-10,37.215270564178354,1.376955964210971e-10,0
0.2797727584838867,-2.946266841608036e-11,37.22530556433048,-8.242852015062888e-12,0
0.2806321680545807,6.552947628968298e-10,37.235385564483295,1.8389679002654973e-10,0
0.2773582935333252,2.597591308717284e-10,37.245420564635424,7.204634926828228e-11,0
0.27819105982780457,9.430832503820596e-11,37.255500564788235,2.6235732892963595e-11,0
0.276565819978714,5.237314470996068e-10,37.265535564940365,1.4484621711574123e-10,0
0.27468857169151306,-5.930301388845649e-11,37.275570565092494,-1.6289860182022075e-11,0
0.2756797969341278,5.971845795649244e-10,37.285650565245305,1.6463172362665086e-10,0
0.2724037766456604,2.9648572485996283e-10,37.295685565397434,8.076383117338004e-11,0
0.27306655049324036,-1.1099374891410108e-11,37.305720565549564,-3.0308680142286423e-12,0
0.27161723375320435,4.787292784413921e-10,37.315800565702375,1.3003112232691845e-10,0
0.2695673108100891,-3.405348919516271e-11,37.325835565854504,-9.179707506040438e-12,0
0.2706592082977295,5.52484447080559e-10,37.335915566007316,1.4953500304363292e-10,0
0.2673998475074768,3.194398356942685e-10,37.345950566159445,8.541816335246084e-11,0
0.2679576575756073,-7.307547622570354e-11,37.355985566311574,-1.95811334356615e-11,0
0.26669690012931824,5.144893400199635e-10,37.366065566464385,1.3721271213290306e-10,0
0.2644357979297638,5.77629610809538e-11,37.376100566616515,1.527459470422791e-11,0
0.2656461298465729,5.375038747423844e-10,37.386135566768644,1.4278582410285148e-10,0
0.26245400309562683,3.2898389568103426e-10,37.396215566921455,8.634314037548154e-11,0
0.262826144695282,-1.5341486414577332e-10,37.406250567073585,-4.032143728238405e-11,0
0.2617685794830322,4.876693493471862e-10,37.416330567226396,1.2765651283602752e-10,0
0.25933927297592163,1.4150145465074981e-11,37.426365567378525,3.66968843741608e-12,0
0.2606298625469208,4.227333205708561e-10,37.436400567530654,1.1017692723438562e-10,0
0.2574976086616516,3.2451388798371283e-10,37.446480567683466,8.356155013330113e-11,0
0.257663756608963,-2.0391391353236088e-10,37.456515567835595,-5.254122498558336e-11,0
0.2567971646785736,4.640507700326424e-10,37.466550567987724,1.1916692201129136e-10,0
0.25424277782440186,9.654332194797277e-11,37.476630568140536,2.454544235244814e-11,0
0.25559714436531067,3.7912054051680855e-10,37.486665568292665,9.690212752632933e-11,0
0.2524910867214203,3.379239388312527e-10,37.496745568445476,8.532278254468575e-11,0
0.25248900055885315,-2.406405075205953e-10,37.506780568597605,-6.075908123785029e-11,0
0.25186941027641296,5.857075380255594e-10,37.516815568749735,1.4752181219694737e-10,0
0.24920019507408142,1.032483334939549e-10,37.526895568902546,2.5729504847767376e-11,0
0.2504882514476776,3.1484900797629223e-10,37.536930569054675,7.886597747801734e-11,0
0.2475900501012802,3.309169049892091e-10,37.546965569206805,8.193173308563887e-11,0
0.2473422884941101,-2.543525390308332e-10,37.557045569359616,-6.291213908817375e-11,0
0.24697665870189667,6.36206587412147e-10,37.567080569511745,1.571281772031882e-10,0
0.24409346282482147,1.5018346288808715e-10,37.57716056966456,3.6658801515376256e-11,0
0.24544934928417206,2.9878113871895096e-10,37.587195569816686,7.333563607695046e-11,0
0.2425614446401596,3.4468936038756226e-10,37.597230569968815,8.360834920769971e-11,0
0.2421513944864273,-2.2082748130092256e-10,37.607310570121626,-5.347368253794385e-11,0
0.24197068810462952,6.84410250695322e-10,37.617345570273756,1.6560721930660906e-10,0
0.2390519231557846,1.7253351525248206e-10,37.627380570425885,4.124446862993373e-11,0
0.24035562574863434,2.8204880098137153e-10,37.637460570578696,6.779201605152958e-11,0
0.2376398742198944,3.7912054051680855e-10,37.647495570730825,9.009415756259277e-11,0
0.23700259625911713,-1.9624241121007913e-10,37.65757557088364,-4.6509960952938024e-11,0
0.23710058629512787,7.165460447211558e-10,37.667610571035766,1.6989348731084095e-10,0
0.23399655520915985,2.0696468150394054e-10,37.677645571187895,4.842902252188301e-11,0
0.23527295887470245,2.194686377077204e-10,37.68772557134071,5.1635035773695475e-11,0
0.23273888230323792,4.1814249285287985e-10,37.697760571492836,9.73180164300689e-11,0
0.23189906775951385,-2.0391391353236088e-10,37.707795571644965,-4.7287446451348605e-11,0
0.23212435841560364,7.245799515942508e-10,37.71787557179778,1.681926563846246e-10,0
0.2289700210094452,2.0926009536292867e-10,37.727910571949906,4.791428843168828e-11,0
0.23021234571933746,2.1723361998127189e-10,37.73799057210272,5.000986122499174e-11,0
0.22782933712005615,4.161491429233166e-10,37.748025572254846,9.481098337529873e-11,0
0.2267696112394333,-1.2816535333026735e-10,37.758060572406976,-2.9064007349069334e-11,0
0.2272060364484787,8.005701102042906e-10,37.76814057255979,1.8189436163863866e-10,0
0.22395992279052734,2.1385092308090492e-10,37.778175572711916,4.789403622188247e-11,0
0.22508792579174042,2.1844175079888117e-10,37.788210572864045,4.916860059363642e-11,0
0.22291703522205353,4.340292014681779e-10,37.79829057301686,9.675250279108158e-11,0
0.22168129682540894,-7.996171086377402e-11,37.808325573168986,-1.7726015760659814e-11,0
0.2222776859998703,7.335199669888937e-10,37.8184055733218,1.6304512089699253e-10,0
0.21895268559455872,2.6863875013383165e-10,37.82844057347393,5.881917579656806e-11,0
0.22003664076328278,1.4498859057798796e-10,37.838475573626056,3.1902802419783423e-11,0
0.21799670159816742,4.80964268412265e-10,37.84855557377887,1.0484862410044944e-10,0
0.21653947234153748,-1.327561671704558e-10,37.858590573931,-2.874695038917544e-11,0
0.21730107069015503,6.614561121054408e-10,37.868625574083126,1.437351213750595e-10,0
0.21395620703697205,2.574637447683159e-10,37.87870557423594,5.5085966280163926e-11,0
0.2149236500263214,1.6794270141229362e-10,37.888740574388066,3.609485838281079e-11,0
0.2130924016237259,4.5861425768123354e-10,37.89882057454088,9.772721358817633e-11,0
0.2113787978887558,-5.3202050404044243e-11,37.90885557469301,-1.1245785459623867e-11,0
0.21229304373264313,6.224341597693694e-10,37.918890574845136,1.3213844230060973e-10,0
0.20896373689174652,2.9098878862043875e-10,37.92897057499795,6.080610466372941e-11,0
0.20980653166770935,7.153543035709475e-11,37.93900557515008,1.5008600534579017e-11,0
0.2081701159477234,4.5945994231466614e-10,37.949040575302206,9.564582946497835e-11,0
0.2062961310148239,-3.53220022675238e-11,37.95912057545502,-7.286792407486997e-12,0
0.20728912949562073,5.811167103075832e-10,37.96915557560715,1.2045917701501772e-10,0
0.2040073275566101,2.6863875013383165e-10,37.97923557575996,5.480427349295093e-11,0
0.20466069877147675,-1.7441954131003357e-11,37.98927057591209,-3.5696825203911924e-12,0
0.2032814919948578,4.663461838916305e-10,37.999305576064216,9.479954804759897e-11,0
0.20115533471107483,-1.0736943452382963e-11,38.00938557621703,-2.1597934539379783e-12,0
0.20229139924049377,5.604580133322656e-10,38.01942057636916,1.1337583573253133e-10,0
0.19902682304382324,3.0796279415490346e-10,38.029455576521286,6.129285653634933e-11,0
0.1995459645986557,-9.119714011740498e-11,38.0395355766741,-1.819802129336634e-11,0
0.19832491874694824,4.640507700326424e-10,38.04957057682623,9.203283126118257e-11,0
0.1960746794939041,3.172816176455484e-11,38.05965057697904,6.221089148915834e-12,0
0.1972932368516922,5.167243855019876e-10,38.06968557713117,1.0194622657588875e-10,0
0.19407232105731964,2.8041782784704594e-10,38.0797205772833,5.442133871612809e-11,0
0.19442321360111237,-1.6495231569546576e-10,38.08980057743611,-3.207055930845766e-11,0
0.19337452948093414,4.296195899033961e-10,38.09983557758824,8.30774860533611e-11,0
0.19097651541233063,2.562720001486607e-11,38.10987057774037,4.89419335861395e-12,0
0.19221056997776031,4.317941559861538e-10,38.11995057789318,8.299540083516456e-11,0
0.18912193179130554,2.9878113871895096e-10,38.12998557804531,5.650606613733404e-11,0
0.18925437331199646,-1.9624239733229132e-10,38.14006557819812,-3.71397319243666e-11,0
0.1884647011756897,5.591895280154802e-10,38.15010057835025,1.0538748729801243e-10,0
0.18583881855010986,8.989871347342415e-11,38.16013557850238,1.6706670701075988e-11,0
0.18718603253364563,3.937990489255583e-10,38.17021557865519,7.371368158389826e-11,0
0.1841488927602768,3.10258180258316e-10,38.18025057880732,5.7133700364387255e-11,0
0.18407686054706573,-2.5441296291894844e-10,38.19028557895945,-4.683153949659708e-11,0
0.18352633714675903,6.038896049886944e-10,38.20036557911226,1.1082964724457826e-10,0
0.18079786002635956,1.036711758106712e-10,38.21040057926439,1.8743526732985845e-11,0
0.182113379240036,3.0216384949710573e-10,38.2204805794172,5.502807971609558e-11,0
0.1791471540927887,2.9098878862043875e-10,38.23051557956933,5.212981335425966e-11,0
0.17895562946796417,-3.049119845499604e-10,38.24055057972146,-5.4565716127464326e-11,0
0.1785639375448227,6.530597174148056e-10,38.25063057987427,1.166129145934969e-10,0
0.17569515109062195,1.220344658658945e-10,38.2606655800264,2.144086391857168e-11,0
0.1770475208759308,3.125535941173041e-10,38.27070058017853,5.5336838979330596e-11,0
0.1742188036441803,3.580389873469869e-10,38.28078058033134,6.237712403356587e-11,0
0.17373351752758026,-1.9932308581438463e-10,38.29081558048347,-3.4629100822984776e-11,0
0.17367766797542572,7.223449061122267e-10,38.30089558063628,1.2545517876749937e-10,0
0.17068138718605042,1.2559839279724372e-10,38.31093058078841,2.1437307910972e-11,0
0.17200243473052979,2.3680502003742276e-10,38.32096558094054,4.073104000284861e-11,0
0.16932453215122223,3.2227889801283993e-10,38.33104558109335,5.4569723628235585e-11,0
0.1686287522315979,-1.9473227197419618e-10,38.34108058124548,-3.2837460042232863e-11,0
0.16874195635318756,6.935919061312745e-10,38.35111558139761,1.170380551513277e-10,0
0.1656367927789688,1.7476851910114277e-10,38.36119558155042,2.8948096982643238e-11,0
0.1669367551803589,1.9548762608678771e-10,38.37123058170255,3.263406997683962e-11,0
0.16441021859645844,3.714490381945268e-10,38.38131058185536,6.107001756700639e-11,0
0.1634722352027893,-1.4260226333107084e-10,38.39134558200749,-2.331151073170691e-11,0
0.163777157664299,7.165460447211558e-10,38.40138058215962,1.1735387454002658e-10,0
0.16058818995952606,1.390084297669958e-10,38.41146058231243,2.2323112125397757e-11,0
0.16183817386627197,1.564656459951408e-10,38.42149558246456,2.5322114420660156e-11,0
0.1594875156879425,4.2502876218541985e-10,38.43153058261669,6.778678137687393e-11,0
0.15839359164237976,-4.649703538861516e-11,38.4416105827695,-7.36483243592559e-12,0
0.15888646245002747,7.808175217505209e-10,38.45164558292163,1.2406133384993764e-10,0
0.15561576187610626,1.8817855607089484e-10,38.46172558307444,2.928354937171788e-11,0
0.15671004354953766,1.4347845134210502e-10,38.47176058322657,2.2484514358241497e-11,0
0.15455769002437592,4.227333205708561e-10,38.4817955833787,6.533668552376551e-11,0
0.15322473645210266,-1.3813225563374942e-10,38.49187558353151,-2.116527846501573e-11,0
0.15390518307685852,7.395001277998858e-10,38.50191058368364,1.138129025544017e-10,0
0.15059737861156464,2.3221420619723432e-10,38.51194558383577,3.4970850729668836e-11,0
0.15165545046329498,1.390084297669958e-10,38.52202558398858,2.108138603450905e-11,0
0.14966288208961487,4.571645007001024e-10,38.53206058414071,6.842055676383708e-11,0
0.1481180191040039,-1.0684218787471167e-10,38.54214058429352,-1.5825253224740118e-11,0
0.1488836258649826,6.798798191098854e-10,38.55217558444565,1.0122297262150822e-10,0
0.14563259482383728,3.10258180258316e-10,38.56221058459778,4.51837038563404e-11,0
0.14653068780899048,1.3453842206967437e-10,38.57229058475059,1.971400752260565e-11,0
0.14478865265846252,4.80118611534408e-10,38.58232558490272,6.95157268803187e-11,0
0.1430266946554184,-1.339479048512171e-11,38.59236058505485,-1.9158126086888065e-12,0
0.14394725859165192,6.508247274439327e-10,38.60244058520766,9.368443533921316e-11,0
0.14066779613494873,2.5516830315375216e-10,38.61247558535979,3.5893962848132804e-11,0
0.14145202934741974,5.631322491650437e-11,38.6225555855126,7.965619943537224e-12,0
0.13986670970916748,4.563792121992094e-10,38.63259058566473,6.383225878996537e-11,0
0.1379116326570511,-1.1099375758771846e-11,38.64262558581686,-1.5307330323663204e-12,0
0.13890868425369263,5.323694263204004e-10,38.65270558596967,7.395073654705998e-11,0
0.13565154373645782,2.781224139880578e-10,38.6627405861218,3.7727734805190254e-11,0
0.13628345727920532,-1.569019046632203e-11,38.67277558627393,-2.138313402119593e-12,0
0.13495038449764252,4.362641636834752e-10,38.68285558642674,5.887401663162743e-11,0
0.13278834521770477,2.562720001486607e-11,38.69289058657887,3.4029934825372045e-12,0
0.13392022252082825,5.368394617732974e-10,38.70297058673168,7.189366017864166e-11,0
0.13068744540214539,2.8651880867869295e-10,38.71300558688381,3.7444411165884424e-11,0
0.13119104504585266,-1.3505158102944392e-10,38.72304058703594,-1.77175580503474e-11,0
0.12996792793273926,4.787292784413921e-10,38.73312058718875,6.221945235976312e-11,0
0.12768562138080597,-2.2576430308562934e-11,38.74315558734088,-2.8826855325093192e-12,0
0.12892888486385345,5.214360054850431e-10,38.75319058749301,6.722816271504878e-11,0
0.12572501599788666,3.4462896425502265e-10,38.76327058764582,4.332848204429783e-11,0
0.12600600719451904,-1.4652863644659675e-10,38.77330558779795,-1.8463488418292935e-11,0
0.1250576227903366,4.6084921989653083e-10,38.78338558795076,5.763270790504124e-11,0
0.12257440388202667,2.7258152332509944e-11,38.79342058810289,3.3411517730828813e-12,0
0.123894102871418,4.893002669703606e-10,38.80345558825502,6.062141761103814e-11,0
0.12075258791446686,3.2227889801283993e-10,38.81353558840783,3.891601096527295e-11,0
0.12085181474685669,-2.3834509366160717e-10,38.82357058855996,-2.8804437105014756e-11,0
0.12012726813554764,5.053681362277018e-10,38.83360558871209,6.07084936077871e-11,0
0.11746367812156677,1.1665836352481307e-10,38.8436855888649,1.3703120463267368e-11,0
0.11883667856454849,4.1584710674946734e-10,38.85372058901703,4.9417888956783935e-11,0
0.1157921627163887,3.0663385719442715e-10,38.86380058916984,3.5505797486611005e-11,0
0.11572001129388809,-2.878776383941073e-10,38.87383558932197,-3.331320356622393e-11,0
0.11518511176109314,5.765258825896069e-10,38.8838705894741,6.640719821924673e-11,0
0.11243310570716858,1.1442337355394017e-10,38.89395058962691,1.2864975254160992e-11,0
0.11376894265413284,3.2403066341224473e-10,38.90398558977904,3.686462596392829e-11,0
0.11079047620296478,3.745297127988323e-10,38.91402058993117,4.1494325233142264e-11,0
0.11048703640699387,-3.2140271000180576e-10,38.92410059008398,-3.5510832921276004e-11,0
0.11026353389024734,6.293203735907582e-10,38.93413559023611,6.939108834124769e-11,0
0.10732639580965042,1.5241845285896005e-10,38.94421559038892,1.635852320023529e-11,0
0.10867322236299515,2.6193375246563733e-10,38.95425059054105,2.8465184926071934e-11,0
0.10587920248508453,3.4239394652857413e-10,38.96428559069318,3.625239799416611e-11,0
0.10537029802799225,-2.6552757215192457e-10,38.97436559084599,-2.7978719412297507e-11,0
0.10532961040735245,6.798194229773458e-10,38.98440059099812,7.160511496955497e-11,0
0.10233879089355469,1.8630598452862301e-10,38.99443559115025,1.9066329192892585e-11,0
0.10363063961267471,2.954588240733358e-10,39.00451559130306,3.061858691792852e-11,0
0.10095351189374924,4.089608929280786e-10,39.01455059145519,4.128603836829309e-11,0
0.10022549331188202,-2.521175490599603e-10,39.024630591608,-2.526860572711714e-11,0
0.1003577709197998,6.731747936861154e-10,39.03466559176013,6.755832173373467e-11,0
0.09725873172283173,1.656472875533055e-10,39.04470059191226,1.61106451007617e-11,0
0.09853193908929825,1.7476851910114277e-10,39.05478059206507,1.7220281078800657e-11,0
0.09602576494216919,3.469847742465504e-10,39.0648155922172,3.331947837031089e-11,0
0.09510979056358337,-1.6718733342191427e-10,39.07485059236933,-1.590115226664225e-11,0
0.095429427921772,7.290499315359966e-10,39.08493059252214,6.95728178928872e-11,0
0.09226099401712418,1.8171517068843457e-10,39.09496559267427,1.676522227570636e-11,0
0.09342722594738007,1.390084297669958e-10,39.10504559282708,1.2987171976431629e-11,0
0.09110234677791595,3.8038905358916963e-10,39.11508059297921,3.465433547060379e-11,0
0.08997825533151627,-1.052112424959617e-10,39.12511559313134,-9.466724041047716e-12,0
0.09051310271024704,7.782200439621079e-10,39.13519559328415,7.043911077031524e-11,0
0.08725502341985703,2.1614633693989305e-10,39.14523059343628,1.8859853691806675e-11,0
0.0883459597826004,1.6335187369431736e-10,39.15526559358841,1.4431478063810582e-11,0
0.08621608465909958,4.0050410210490384e-10,39.16534559374122,3.452989557339305e-11,0
0.0848817229270935,-1.5571027800476145e-10,39.17538059389335,-1.3216956674500864e-11,0
0.08553216606378555,6.683423814379807e-10,39.18541559404548,5.7164771556619276e-11,0
0.08225777745246887,2.7087376786028017e-10,39.19549559419829,2.228147411436264e-11,0
0.08325560390949249,1.7253352913026987e-10,39.20553059435042,1.4364383162376633e-11,0
0.08133183419704437,4.764942884705192e-10,39.21561059450323,3.87541544657229e-11,0
0.0797666609287262,-1.2127911175330297e-10,39.22564559465536,-9.67402978496281e-12,0
0.0805879533290863,6.66046939823417e-10,39.23568059480749,5.3675359701470283e-11,0
0.07723724097013474,2.596987347391888e-10,39.2457605949603,2.0058413754689827e-11,0
0.07813848555088043,1.3810234900102358e-10,39.25579559511243,1.0791108401959128e-11,0
0.07641768455505371,4.778232254309955e-10,39.26583059526456,3.6514144514064135e-11,0
0.07467185705900192,-9.119714705629889e-11,39.27591059541737,-6.8098603291767286e-12,0
0.07555728405714035,5.765259381007581e-10,39.2859455955695,4.35607340713883e-11,0
0.0722307339310646,2.6416874243651023e-10,39.29602559572231,1.9081102147835506e-11,0
0.07303989678621292,3.480885024664815e-11,39.30606059587444,2.542434829261923e-12,0
0.07151669263839722,4.227333205708561e-10,39.31609559602657,3.0232488955274956e-11,0
0.06952305138111115,-5.990706541947333e-11,39.32617559617938,-4.164921987249631e-12,0
0.0705801397562027,5.375038747423844e-10,39.33621059633151,3.793709859881796e-11,0
0.06728468090295792,2.3450960617843464e-10,39.34624559648364,1.5778904020394303e-11,0
0.06790966540575027,-6.214206926813404e-11,39.35632559663645,-4.220047131619939e-12,0
0.06655807048082352,4.5945994231466614e-10,39.36636059678858,3.0580767223694656e-11,0
0.06438025087118149,-3.53220022675238e-11,39.37644059694139,-2.2740393672556236e-12,0
0.06558651477098465,5.053681362277018e-10,39.38647559709352,3.314533473148315e-11,0
0.06234663352370262,2.6205454473071654e-10,39.39651059724565,1.633821866354672e-11,0
0.06277087330818176,-1.515422926035015e-10,39.40659059739846,-9.512442049845802e-12,0
0.06164061278104782,4.479828452641499e-10,39.41662559755059,2.7613937097479526e-11,0
0.059296127408742905,3.7767822181310196e-13,39.42666059770272,2.2394855960137157e-14,0
0.060536183416843414,4.6531925534942786e-10,39.43674059785553,2.816865178922196e-11,0
0.05735713243484497,2.941903110009747e-10,39.44677559800766,1.6873912629131135e-11,0
0.057614050805568695,-1.2695722251265806e-10,39.45685559816047,-7.314519867978171e-12,0
0.056706689298152924,4.1584710674946734e-10,39.4668905983126,2.3581312677977876e-11,0
0.05419547110795975,4.169507794582472e-11,39.47692559846473,2.2596843921570733e-12,0
0.05550763010978699,4.295591660152809e-10,39.48700559861754,2.3843811297444792e-11,0
0.05236351490020752,2.8959948328299845e-10,39.49704059876967,1.5164446857981688e-11,0
0.052464377135038376,-1.9932308581438463e-10,39.5070755989218,-1.0457361545885493e-11,0
0.05173370614647865,5.413094417150432e-10,39.51715559907461,2.800394359200046e-11,0
0.04908040910959244,8.071707191525945e-11,39.52719059922674,3.961626911729328e-12,0
0.05045101419091225,3.8262404356004254e-10,39.53727059937955,1.9303771051431932e-11,0
0.04740900918841362,2.9878113871895096e-10,39.54730559953168,1.416491775085143e-11,0
0.04728550463914871,-3.324569231022423e-10,39.55734059968381,-1.5720393379668184e-11,0
0.046801354736089706,5.614245179863531e-10,39.56742059983662,2.6275428023817486e-11,0
0.04398593679070473,1.1744363814791825e-10,39.57745559998875,5.1658684440447305e-12,0
0.04539591819047928,3.28621491130221e-10,39.58749060014088,1.4918074326980824e-11,0
0.04243018105626106,2.976938140442087e-10,39.59757060029369,1.2631202429224687e-11,0
0.0421416312456131,-3.2786609538426603e-10,39.60760560044582,-1.381681208962275e-11,0
0.0418369360268116,6.821148090807583e-10,39.617685600598634,2.8537593630452492e-11,0
0.038938798010349274,1.220344658658945e-10,39.62772060075076,4.751875416652929e-12,0
0.04030967876315117,2.666453724486928e-10,39.63775560090289,1.0748389307087606e-11,0
0.03748379647731781,3.759190458918482e-10,39.647835601055704,1.4090873008157532e-11,0
0.03693393990397453,-2.2227719664869028e-10,39.65787060120783,-8.209572623046656e-12,0
0.036942172795534134,6.95887292234687e-10,39.66790560135996,2.5707588595950167e-11,0
0.03390628844499588,1.390084297669958e-10,39.67798560151277,4.713259915965711e-12,0
0.03517814725637436,2.299187923382462e-10,39.6880206016649,8.088117133882581e-12,0
0.032583512365818024,4.0273909207577674e-10,39.698100601817714,1.3122654186849395e-11,0
0.03182711452245712,-2.245726105076784e-10,39.70813560196984,-7.1474981932350384e-12,0
0.03193208947777748,6.522745121806395e-10,39.71817060212197,2.0828488087025837e-11,0
0.028873726725578308,1.5018346288808715e-10,39.728250602274784,4.33635626613166e-12,0
0.030100136995315552,1.8860138450982333e-10,39.73828560242691,5.676927511251867e-12,0
0.02767125703394413,3.5157560196452664e-10,39.74832060257904,9.72853884882405e-12,0
0.026721207424998283,-1.6495232957325356e-10,39.758400602731854,-4.407725413763587e-12,0
0.027066092938184738,7.073643892852033e-10,39.76843560288398,1.91455903015556e-11,0
0.023879241198301315,1.6582850370649993e-10,39.778515603036794,3.9598588375609155e-12,0
0.025013893842697144,1.2892070744285888e-10,39.788550603188924,3.2248088901010876e-12,0
0.022733215242624283,4.3421041762137236e-10,39.79858560334105,9.870998884376438e-12,0
0.021618496626615524,-1.6048232187593214e-10,39.808665603493864,-3.469386534106266e-12,0
0.02214040420949459,7.372047416964733e-10,39.81870060364599,1.632201096631597e-11,0
0.01885935291647911,2.299187923382462e-10,39.82873560379812,4.336119646837658e-12,0
0.019948992878198624,1.0324834737174271e-10,39.838815603950934,2.059700546404673e-12,0
0.01785898394882679,4.548691145966899e-10,39.84885060410306,8.123500216399338e-12,0
0.016481714323163033,-1.4260226333107084e-10,39.858930604255875,-2.350329766059177e-12,0
0.01715707778930664,6.981827338492508e-10,39.868965604408004,1.197877547580237e-11,0
0.013865737244486809,2.3680502003742276e-10,39.87900060456013,3.283476186014338e-12,0
0.014888369478285313,1.8817855607089484e-10,39.889080604712944,2.801671870673712e-12,0
0.012933293357491493,4.2502876218541985e-10,39.899115604865074,5.497021666715522e-12,0
0.011370986700057983,-1.143928840541264e-10,39.9091506050172,-1.3007599631607462e-12,0
0.012212753295898438,6.418847120492899e-10,39.919230605170014,7.839179632666784e-12,0
0.008855652995407581,2.9878113871895096e-10,39.92926560532214,2.645902086067766e-12,0
0.009721524082124233,1.1218836276638555e-10,39.939345605474955,1.0906418703675068e-12,0
0.00805001612752676,4.4520420683369366e-10,39.949380605627084,3.5839010450539934e-12,0
0.006237400230020285,-4.7825958471303665e-11,39.95941560577921,-2.9830964436985006e-13,0
0.007188207469880581,5.815395387465117e-10,39.969495605932025,4.1802268564485826e-12,0
0.0038929118309170008,2.8959948328299845e-10,39.979530606084154,1.1273852546998348e-12,0
0.004646276589483023,2.6730941678904108e-12,39.98956560623628,1.2419934853752816e-14,0
