time(sec),Ewe(V),I(mA),cycle #,Ece(V)
0.05029999872931512,-0.021823907271027565,4.5423859118542964e-07,0,1.000000238418579
0.060349998475430766,-0.00962041039019823,5.504588451721304e-07,0,1.000000238418579
0.07039999822154641,0.008828194811940193,1.5377094042534623e-07,0,1.000000238418579
0.48254998780976166,-0.04316658899188042,-6.689922227298695e-08,0,1.0000001192092896
0.4925999875558773,-0.050218090415000916,-6.190836038255654e-08,0,1.0000001192092896
0.502649987301993,-0.04453074559569359,-7.097764043173527e-08,0,1.0000001192092896
0.5126999870481086,-0.052433449774980545,-5.776063308204904e-08,0,1.0000001192092896
0.5227499867942242,-0.048612017184495926,-6.737092134168066e-08,0,1.0000001192092896
0.5327999865403399,-0.04916529357433319,-6.290783172158143e-08,0,1.0000001192092896
0.5428499862864555,-0.056564003229141235,-5.473708986070136e-08,0,1.0000001192092896
0.5528999860325712,-0.05033233389258385,-6.320368534096232e-08,0,1.0000001192092896
0.5629499857786868,-0.05739055946469307,-4.953965015985773e-08,0,1.0000001192092896
0.5729999855248025,-0.05403056740760803,-5.8052444795730906e-08,0,1.0000001192092896
0.5830499852709181,-0.05387376248836517,-5.472273675866113e-08,0,1.0000001192092896
0.5930999850170338,-0.06153678894042969,-4.604440786981634e-08,0,1.0000001192092896
0.6031499847631494,-0.05486832186579704,-5.6273083415270264e-08,0,1.0000001192092896
0.613199984509265,-0.06125231459736824,-4.443058074232731e-08,0,1.0000001192092896
0.6232499842553807,-0.05861583724617958,-5.335294706032556e-08,0,1.0000001192092896
0.6332999840014963,-0.057975199073553085,-5.249814818975018e-08,0,1.0000001192092896
0.643349983747612,-0.06592046469449997,-4.442205631116636e-08,0,1.0000001192092896
0.6533999834937276,-0.059243034571409225,-5.666134922366339e-08,0,1.0000001192092896
0.6634499832398433,-0.06498415023088455,-4.677808834729902e-08,0,1.0000001192092896
0.6734999829859589,-0.06353262811899185,-5.540909051027221e-08,0,1.0000001192092896
0.6835499827320746,-0.062439512461423874,-5.639824718350894e-08,0,1.0000001192092896
0.6936499824769271,-0.07077831029891968,-4.80122296087071e-08,0,1.0000001192092896
0.7036999822230428,-0.06421806663274765,-6.0967425552505e-08,0,1.0000001192092896
0.7137499819691584,-0.06924013793468475,-5.195018373815863e-08,0,1.0000001192092896
0.723799981715274,-0.06931405514478683,-5.8503507593954396e-08,0,1.0000001192092896
0.7338499814613897,-0.06753773242235184,-6.041991906791111e-08,0,1.0000001192092896
0.7438999812075053,-0.07609452307224274,-5.064364552720413e-08,0,1.0000001192092896
0.753949980953621,-0.06962092965841293,-6.328824270207534e-08,0,1.0000001192092896
0.7639999806997366,-0.07407180964946747,-5.435780298101989e-08,0,1.0000001192092896
0.7740499804458523,-0.07521195709705353,-5.866052088521201e-08,0,1.0000001192092896
0.7840999801919679,-0.07275916635990143,-6.107082894946103e-08,0,1.0000001192092896
0.7941499799380836,-0.08144588023424149,-5.002279146459898e-08,0,1.0000001192092896
0.8041999796841992,-0.07506636530160904,-6.232016985796562e-08,0,1.0000001192092896
0.8142499794303149,-0.07880715280771255,-5.375758171943801e-08,0,1.0000001192092896
0.8242999791764305,-0.08097995072603226,-5.620848925191879e-08,0,1.0000001192092896
0.8343499789225461,-0.07780363410711288,-5.965169330712783e-08,0,1.0000001192092896
0.8443999786686618,-0.08645674586296082,-4.8030794619347006e-08,0,1.0000001192092896
0.8544499784147774,-0.08020491153001785,-6.042103622982964e-08,0,1.0000001192092896
0.8644999781608931,-0.0833476260304451,-5.279444242889397e-08,0,1.0000001192092896
0.8745499779070087,-0.08648362755775452,-5.392400762027627e-08,0,1.0000001192092896
0.8845999776531244,-0.08259723335504532,-5.892339394186763e-08,0,1.0000001192092896
0.89464997739924,-0.09120553731918335,-4.7191694996229216e-08,0,1.0000001192092896
0.9046999771453557,-0.0852225124835968,-5.989887058577281e-08,0,1.0000001192092896
0.9147499768914713,-0.08779626339673996,-5.346173156950407e-08,0,1.0000001192092896
0.924799976637587,-0.09195593744516373,-5.330898569799736e-08,0,1.0000001192092896
0.9348499763837026,-0.08746249973773956,-5.9784475980873e-08,0,1.0000001192092896
0.9448999761298182,-0.09601032733917236,-4.7885896636845615e-08,0,1.0000001192092896
0.9549499758759339,-0.09033641219139099,-6.065363489238251e-08,0,1.0000001192092896
0.9649999756220495,-0.09235913306474686,-5.523682899966076e-08,0,1.0000001192092896
0.9750999753669021,-0.09758055955171585,-5.337560254892182e-08,0,1.0000001192092896
0.9851499751130177,-0.09245993196964264,-6.113610312441509e-08,0,1.0000001192092896
0.9951999748591334,-0.10085318982601166,-4.889142909969557e-08,0,1.0000001192092896
1.005249974605249,-0.09558920562267303,-6.126372326109575e-08,0,1.0000001192092896
1.0152999743513647,-0.09707880020141602,-5.6799964037734796e-08,0,1.0000001192092896
1.0253499740974803,-0.10314694792032242,-5.3266589056244484e-08,0,1.0000001192092896
1.035399973843596,-0.09758055955171585,-6.189804224732143e-08,0,1.0000001192092896
1.0454499735897116,-0.105655737221241,-4.953673582441809e-08,0,1.0000001192092896
1.0554999733358272,-0.10092263668775558,-6.12931094767788e-08,0,1.0000001192092896
1.0655499730819429,-0.101858951151371,-5.758657786736343e-08,0,1.0000001192092896
1.0755999728280585,-0.1085946187376976,-5.263541685840423e-08,0,1.0000001192092896
1.0856499725741742,-0.1026339903473854,-6.209677216872933e-08,0,1.0000001192092896
1.0956999723202898,-0.1103350967168808,-4.9866003687393246e-08,0,1.0000001192092896
1.1057499720664055,-0.10623366385698318,-6.08803979451622e-08,0,1.0000001192092896
1.115799971812521,-0.10667046159505844,-5.80293452179248e-08,0,1.0000001192092896
1.1258499715586368,-0.11392581462860107,-5.179362494445172e-08,0,1.0000001192092896
1.1358999713047524,-0.10769190639257431,-6.207837716099007e-08,0,1.0000001192092896
1.145949971050868,-0.11480837315320969,-5.0217701524912783e-08,0,1.0000001192092896
1.1559999707969837,-0.11143717914819717,-6.047150280519276e-08,0,1.0000001192092896
1.1660499705430993,-0.11143270134925842,-5.855038676116919e-08,0,1.0000001192092896
1.176099970289215,-0.11919428408145905,-5.1186447441731175e-08,0,1.0000001192092896
1.1861499700353306,-0.11269829422235489,-6.228293575327726e-08,0,1.0000001192092896
1.1961999697814463,-0.1192883625626564,-5.1022710362280677e-08,0,1.0000001192092896
1.206249969527562,-0.1167728453874588,-6.029991783673694e-08,0,1.0000001192092896
1.2162999692736776,-0.11625988781452179,-5.94101226547572e-08,0,1.0000001192092896
1.2263499690197932,-0.12438210099935532,-5.112813297736274e-08,0,1.0000001192092896
1.2363999687659089,-0.1177741214632988,-6.284749803908696e-08,0,1.0000001192092896
1.2464999685107614,-0.123526431620121,-5.238532177487265e-08,0,1.0000001192092896
1.256549968256877,-0.12232580035924911,-6.007741526481425e-08,0,1.0000001192092896
1.2665999680029927,-0.12113410979509354,-6.036989658175784e-08,0,1.0000001192092896
1.2766499677491083,-0.1294780969619751,-5.1113776405875555e-08,0,1.0000001192092896
1.286699967495224,-0.12284771353006363,-6.337459723670946e-08,0,1.0000001192092896
1.2967499672413396,-0.12791681289672852,-5.3660683535516895e-08,0,1.0000001192092896
1.3067999669874553,-0.12785634398460388,-5.980219791590358e-08,0,1.0000001192092896
1.316849966733571,-0.12603746354579926,-6.123927753787228e-08,0,1.0000001192092896
1.3268999664796866,-0.13453377783298492,-5.1274370166387584e-08,0,1.0000001192092896
1.3369499662258022,-0.12796162068843842,-6.379672484735366e-08,0,1.0000001192092896
1.3469999659719178,-0.13241024315357208,-5.483645482140531e-08,0,1.0000001192092896
1.3570499657180335,-0.13345184922218323,-5.937266650546391e-08,0,1.0000001192092896
1.3670999654641491,-0.13097889721393585,-6.194873086728947e-08,0,1.0000001192092896
1.3771499652102648,-0.1395939290523529,-5.128625996109193e-08,0,1.0000001192092896
1.3871999649563804,-0.1331740915775299,-6.39156019777154e-08,0,1.0000001192092896
1.397249964702496,-0.13697761297225952,-5.5739034915402996e-08,0,1.0000001192092896
1.4072999644486117,-0.13905183970928192,-5.868586866464298e-08,0,1.0000001192092896
1.4173499641947274,-0.13591136038303375,-6.244510464270547e-08,0,1.0000001192092896
1.427399963940843,-0.1445712000131607,-5.122570076454558e-08,0,1.0000001192092896
1.4374499636869587,-0.13837088644504547,-6.389160728259569e-08,0,1.0000001192092896
1.4474999634330743,-0.14155392348766327,-5.6498732775578375e-08,0,1.0000001192092896
1.45754996317919,-0.14469662308692932,-5.785887394194056e-08,0,1.0000001192092896
1.4675999629253056,-0.14087969064712524,-6.289931075986743e-08,0,1.0000001192092896
1.4776499626714212,-0.14949022233486176,-5.125216917534203e-08,0,1.0000001192092896
1.4876999624175369,-0.14352735877037048,-6.392995854920258e-08,0,1.0000001192092896
1.4977499621636525,-0.14614814519882202,-5.743001560420957e-08,0,1.0000001192092896
1.5077999619097682,-0.1502876579761505,-5.723554963310562e-08,0,1.0000001192092896
1.5178999616546207,-0.14588497579097748,-6.354298337507558e-08,0,1.0000001192092896
1.5279499614007364,-0.15442268550395966,-5.146794102017793e-08,0,1.0000001192092896
1.537999961146852,-0.1487555056810379,-6.403515911967972e-08,0,1.0000001192092896
1.5480499608929676,-0.1507222205400467,-5.860197049845084e-08,0,1.0000001192092896
1.5580999606390833,-0.15599068999290466,-5.6543592724667135e-08,0,1.0000001192092896
1.568149960385199,-0.15087677538394928,-6.41603159490245e-08,0,1.0000001192092896
1.5781999601313146,-0.15925659239292145,-5.1809771750566114e-08,0,1.0000001192092896
1.5882499598774302,-0.15400157868862152,-6.409459074596668e-08,0,1.0000001192092896
1.5982999596235459,-0.1554463803768158,-5.9542683283897446e-08,0,1.0000001192092896
1.6083499593696615,-0.1614428460597992,-5.604968919548092e-08,0,1.0000001192092896
1.6183999591157772,-0.15589885413646698,-6.464546953299788e-08,0,1.0000001192092896
1.6284499588618928,-0.16398300230503082,-5.231332381172571e-08,0,1.0000001192092896
1.6384999586080085,-0.15923868119716644,-6.411074449097498e-08,0,1.0000001192092896
1.648549958354124,-0.16018620133399963,-6.043135436506475e-08,0,1.0000001192092896
1.6585999581002397,-0.1668703407049179,-5.559189220072369e-08,0,1.0000001192092896
1.6686499578463554,-0.16093435883522034,-6.507881733508469e-08,0,1.0000001192092896
1.678699957592471,-0.16858617961406708,-5.293328275701725e-08,0,1.0000001192092896
1.6887499573385867,-0.1645273119211197,-6.406027791561186e-08,0,1.0000001192092896
1.6987999570847023,-0.16499771177768707,-6.127225116170365e-08,0,1.0000001192092896
1.708849956830818,-0.17218361794948578,-5.516998663468442e-08,0,1.0000001192092896
1.7188999565769336,-0.16595642268657684,-6.551575254531983e-08,0,1.0000001192092896
1.7289499563230493,-0.1730930507183075,-5.375421635589461e-08,0,1.0000001192092896
1.738999956069165,-0.16974873840808868,-6.40656624972813e-08,0,1.0000001192092896
1.7490499558152806,-0.16976666450500488,-6.218379283717823e-08,0,1.0000001192092896
1.7590999555613962,-0.1775013506412506,-5.4902402069068046e-08,0,1.0000001192092896
1.7691499553075118,-0.17106585204601288,-6.59863275132011e-08,0,1.0000001192092896
1.7791999550536275,-0.17754840850830078,-5.4704119706316945e-08,0,1.0000001192092896
1.7892499547997431,-0.17507320642471313,-6.396180807222152e-08,0,1.0000001192092896
1.7993499545445957,-0.17457816004753113,-6.308727151793647e-08,0,1.0000001192092896
1.8093999542907113,-0.18271830677986145,-5.461170751730471e-08,0,1.0000001192092896
1.819449954036827,-0.17611704766750336,-6.63743643380954e-08,0,1.0000001192092896
1.8294999537829426,-0.1818312704563141,-5.586845222560477e-08,0,1.0000001192092896
1.8395499535290583,-0.18063287436962128,-6.353407383530296e-08,0,1.0000001192092896
1.849599953275174,-0.17944791913032532,-6.381444678238424e-08,0,1.0000001192092896
1.8596499530212895,-0.18780535459518433,-5.456819718308026e-08,0,1.0000001192092896
1.8696999527674052,-0.1811816692352295,-6.681421388377018e-08,0,1.0000001192092896
1.8797499525135208,-0.1862127184867859,-5.7094693556303255e-08,0,1.0000001192092896
1.8897999522596365,-0.1861858367919922,-6.322274648251636e-08,0,1.0000001192092896
1.8998499520057521,-0.18435800075531006,-6.4630224783091e-08,0,1.0000001192092896
1.9098999517518678,-0.19283638894557953,-5.466127897535422e-08,0,1.0000001192092896
1.9199499514979834,-0.18632695078849792,-6.716905504022819e-08,0,1.0000001192092896
1.929999951244099,-0.19069719314575195,-5.822874127314748e-08,0,1.0000001192092896
1.9400499509902147,-0.19171862304210663,-6.279456121749405e-08,0,1.0000001192092896
1.9500999507363304,-0.18929271399974823,-6.539216390599734e-08,0,1.0000001192092896
1.960149950482446,-0.1978875696659088,-5.4781727765185195e-08,0,1.0000001192092896
1.9701999502285616,-0.19144310057163239,-6.746131431256686e-08,0,1.0000001192092896
1.9802499499746773,-0.1952197402715683,-5.934664565332426e-08,0,1.0000001192092896
1.990299949720793,-0.19734100997447968,-6.235179733637963e-08,0,1.0000001192092896
2.0003499494669086,-0.19421398639678955,-6.614221670364628e-08,0,1.0000001192092896
2.0103999492130242,-0.20281556248664856,-5.49766447643929e-08,0,1.0000001192092896
2.02044994895914,-0.19664213061332703,-6.77064723730858e-08,0,1.0000001192092896
2.0304999487052555,-0.1998274028301239,-6.036921657015526e-08,0,1.0000001192092896
2.040549948451371,-0.20295220613479614,-6.179329964384195e-08,0,1.0000001192092896
2.050599948197487,-0.19916437566280365,-6.691357884447413e-08,0,1.0000001192092896
2.0606499479436025,-0.20773234963417053,-5.5321389830220724e-08,0,1.0000001192092896
2.070749947688455,-0.20184724032878876,-6.797442470007908e-08,0,1.0000001192092896
2.0807999474345706,-0.20436562597751617,-6.16735135183788e-08,0,1.0000001192092896
2.0908499471806863,-0.208682119846344,-6.120608186943599e-08,0,1.0000001192092896
2.100899946926802,-0.20415732264518738,-6.771342514477752e-08,0,1.0000001192092896
2.1109499466729176,-0.21269169449806213,-5.566165237058662e-08,0,1.0000001192092896
2.120999946419033,-0.20706260204315186,-6.82062115120452e-08,0,1.0000001192092896
2.131049946165149,-0.20897330343723297,-6.284928827371417e-08,0,1.0000001192092896
2.1410999459112645,-0.21423505246639252,-6.080660974738805e-08,0,1.0000001192092896
2.15114994565738,-0.20913010835647583,-6.848456524100044e-08,0,1.0000001192092896
2.161199945403496,-0.21751217544078827,-5.621634061037106e-08,0,1.0000001192092896
2.1712499451496114,-0.212270587682724,-6.85345807882598e-08,0,1.0000001192092896
2.181299944895727,-0.21365489065647125,-6.409347358404816e-08,0,1.0000001192092896
2.1913499446418427,-0.21972304582595825,-6.060383445083417e-08,0,1.0000001192092896
2.2013999443879584,-0.2141633778810501,-6.92765567134046e-08,0,1.0000001192092896
2.211449944134074,-0.2221982330083847,-5.699644575751783e-08,0,1.0000001192092896
2.2214999438801897,-0.2175188958644867,-6.885084169461209e-08,0,1.0000001192092896
2.2315499436263053,-0.21841488778591156,-6.529773249885906e-08,0,1.0000001192092896
2.241599943372421,-0.22509680688381195,-6.049976492006337e-08,0,1.0000001192092896
2.2516499431185366,-0.21923696994781494,-7.012530139904882e-08,0,1.0000001192092896
2.2616999428646523,-0.22681263089179993,-5.8057825907953386e-08,0,1.0000001192092896
2.271749942610768,-0.22278960049152374,-6.921757611522139e-08,0,1.0000001192092896
2.2817999423568835,-0.2231905609369278,-6.654841955278101e-08,0,1.0000001192092896
2.291849942102999,-0.2305019050836563,-6.049011985753694e-08,0,1.0000001192092896
2.301899941849115,-0.22426800429821014,-7.09446668079039e-08,0,1.0000001192092896
2.3119499415952305,-0.23130831122398376,-5.927353052825879e-08,0,1.0000001192092896
2.321999941341346,-0.22803790867328644,-6.96253471543784e-08,0,1.0000001192092896
2.3320499410874618,-0.22796621918678284,-6.783656969489016e-08,0,1.0000001192092896
2.3420999408335774,-0.23575693368911743,-6.061931512313379e-08,0,1.0000001192092896
2.35219994057843,-0.22929678857326508,-7.182459488275228e-08,0,1.0000001192092896
2.3622499403245456,-0.2356785386800766,-6.081692094372926e-08,0,1.0000001192092896
2.3722999400706613,-0.23347660899162292,-6.993038786928807e-08,0,1.0000001192092896
2.382349939816777,-0.23284269869327545,-6.931514390240423e-08,0,1.0000001192092896
2.3923999395628925,-0.24090223014354706,-6.097751470424129e-08,0,1.0000001192092896
2.402449939309008,-0.23436813056468964,-7.288866038512865e-08,0,1.0000001192092896
2.412499939055124,-0.24004878103733063,-6.260098689425675e-08,0,1.0000001192092896
2.4225499388012395,-0.23886384069919586,-7.029240384204272e-08,0,1.0000001192092896
2.432599938547355,-0.2377079874277115,-7.076321473231673e-08,0,1.0000001192092896
2.4426499382934708,-0.2459937334060669,-6.161699622753147e-08,0,1.0000001192092896
2.4526999380395864,-0.23947085440158844,-7.395722229075474e-08,0,1.0000001192092896
2.462749937785702,-0.24441900849342346,-6.443440919712273e-08,0,1.0000001192092896
2.4727999375318177,-0.24444140493869781,-7.056964040907943e-08,0,1.0000001192092896
2.4828499372779333,-0.2425754815340042,-7.217741682108425e-08,0,1.0000001192092896
2.492899937024049,-0.25102025270462036,-6.231747756713091e-08,0,1.0000001192092896
2.5029499367701646,-0.24456682801246643,-7.492439307865695e-08,0,1.0000001192092896
2.5129999365162803,-0.24885867536067963,-6.620255038614076e-08,0,1.0000001192092896
2.523049936262396,-0.25000107288360596,-7.07748790129692e-08,0,1.0000001192092896
2.5330999360085116,-0.2475079596042633,-7.357950360109555e-08,0,1.0000001192092896
2.5431499357546272,-0.25608938932418823,-6.305631711223114e-08,0,1.0000001192092896
2.553199935500743,-0.249698668718338,-7.581710259607632e-08,0,1.0000001192092896
2.5632499352468585,-0.2534305155277252,-6.791013584805938e-08,0,1.0000001192092896
2.573299934992974,-0.2556167244911194,-7.091102011136385e-08,0,1.0000001192092896
2.58334993473909,-0.2524785101413727,-7.495624260167588e-08,0,1.0000001192092896
2.5933999344852054,-0.2610084116458893,-6.391627505042408e-08,0,1.0000001192092896
2.603449934231321,-0.2549133896827698,-7.673134350127953e-08,0,1.0000001192092896
2.6134999339774367,-0.2580695152282715,-6.960650111853539e-08,0,1.0000001192092896
2.6235999337222893,-0.26139143109321594,-7.08278088956682e-08,0,1.0000001192092896
2.633649933468405,-0.25739753246307373,-7.635788529247733e-08,0,1.0000001192092896
2.6436999332145206,-0.26598790287971497,-6.478072245297284e-08,0,1.0000001192092896
2.653749932960636,-0.26010119915008545,-7.751100455921645e-08,0,1.0000001192092896
2.663799932706752,-0.2626122236251831,-7.141614383199268e-08,0,1.0000001192092896
2.6738499324528675,-0.2669936716556549,-7.094286963438279e-08,0,1.0000001192092896
2.683899932198983,-0.26239946484565735,-7.766307735801448e-08,0,1.0000001192092896
2.693949931945099,-0.2708643674850464,-6.574722710706027e-08,0,1.0000001192092896
2.7039999316912144,-0.26535624265670776,-7.834158322062024e-08,0,1.0000001192092896
2.71404993143733,-0.26725128293037415,-7.318832345726278e-08,0,1.0000001192092896
2.7240999311834457,-0.2725242078304291,-7.115147360181595e-08,0,1.0000001192092896
2.7341499309295614,-0.2673991024494171,-7.901963111622834e-08,0,1.0000001192092896
2.744199930675677,-0.2757475674152374,-6.68741034770548e-08,0,1.0000001192092896
2.7542499304217927,-0.27052390575408936,-7.918337513457274e-08,0,1.0000001192092896
2.7642999301679083,-0.2719059884548187,-7.4940997851769e-08,0,1.0000001192092896
2.774349929914024,-0.27797412872314453,-7.144664720959426e-08,0,1.0000001192092896
2.7843999296601396,-0.2724413275718689,-8.029073239601558e-08,0,1.0000001192092896
2.7944499294062553,-0.280402272939682,-6.82062115120452e-08,0,1.0000001192092896
2.804499929152371,-0.2758103013038635,-8.000969331511953e-08,0,1.0000001192092896
2.8145499288984865,-0.2766861319541931,-7.665306583914955e-08,0,1.0000001192092896
2.824599928644602,-0.28335684537887573,-7.180844113774398e-08,0,1.0000001192092896
2.834649928390718,-0.27750375866889954,-8.15376169360782e-08,0,1.0000001192092896
2.8446999281368335,-0.28506147861480713,-6.965585053197998e-08,0,1.0000001192092896
2.854749927882949,-0.2810854911804199,-8.073462037794243e-08,0,1.0000001192092896
2.8647999276290648,-0.2814864218235016,-7.825613074219362e-08,0,1.0000001192092896
2.8748499273751804,-0.28871268033981323,-7.215901487445109e-08,0,1.0000001192092896
2.884899927121296,-0.2825862765312195,-8.271562601525062e-08,0,1.0000001192092896
2.8949999268661486,-0.28945717215538025,-7.131314982977699e-08,0,1.0000001192092896
2.9050499266122642,-0.2863808274269104,-8.13790354547983e-08,0,1.0000001192092896
2.91509992635838,-0.2862105965614319,-7.996101697438363e-08,0,1.0000001192092896
2.9251499261044955,-0.29406625032424927,-7.247685784861346e-08,0,1.0000001192092896
2.935199925850611,-0.28763076663017273,-8.38258976121331e-08,0,1.0000001192092896
2.945249925596727,-0.2939296364784241,-7.297636106518013e-08,0,1.0000001192092896
2.9552999253428425,-0.291781485080719,-8.187674843673776e-08,0,1.0000001192092896
2.965349925088958,-0.29110050201416016,-8.139069973545077e-08,0,1.0000001192092896
2.9753999248350738,-0.2992115318775177,-7.301157595174246e-08,0,1.0000001192092896
2.9854499245811894,-0.29268643260002136,-8.489916408782605e-08,0,1.0000001192092896
2.995499924327305,-0.29827746748924255,-7.475930985378909e-08,0,1.0000001192092896
3.0055499240734207,-0.2972381114959717,-8.22676995970717e-08,0,1.0000001192092896
3.0155999238195363,-0.29598817229270935,-8.289909730896383e-08,0,1.0000001192092896
3.025649923565652,-0.30427616834640503,-7.374167249052377e-08,0,1.0000001192092896
3.0356999233117676,-0.29779136180877686,-8.60244722677983e-08,0,1.0000001192092896
3.0457499230578833,-0.3026655912399292,-7.665552914648543e-08,0,1.0000001192092896
3.055799922803999,-0.30281344056129456,-8.257634159791749e-08,0,1.0000001192092896
3.0658499225501146,-0.300931841135025,-8.42769673492505e-08,0,1.0000001192092896
3.07589992229623,-0.3093452751636505,-7.439213134396994e-08,0,1.0000001192092896
3.085949922042346,-0.30296799540519714,-8.6872099791524e-08,0,1.0000001192092896
3.0959999217884615,-0.30716127157211304,-7.826689296663858e-08,0,1.0000001192092896
3.106049921534577,-0.3084201514720917,-8.258037309527566e-08,0,1.0000001192092896
3.116099921280693,-0.305909126996994,-8.54760637269969e-08,0,1.0000001192092896
3.1261499210268084,-0.31438079476356506,-7.492551717946938e-08,0,1.0000001192092896
3.136199920772924,-0.3081043064594269,-8.755150077144336e-08,0,1.0000001192092896
3.1462499205190397,-0.311719685792923,-7.977395133362819e-08,0,1.0000001192092896
3.1562999202651554,-0.31397533416748047,-8.252205169201332e-08,0,1.0000001192092896
3.166349920011271,-0.3108236789703369,-8.665586997969044e-08,0,1.0000001192092896
3.1764499197561236,-0.31931325793266296,-7.558383086081477e-08,0,1.0000001192092896
3.186499919502239,-0.3133257329463959,-8.822036157152269e-08,0,1.0000001192092896
3.196549919248355,-0.31626462936401367,-8.141671364869651e-08,0,1.0000001192092896
3.2065999189944705,-0.31975454092025757,-8.231502979239025e-08,0,1.0000001192092896
3.216649918740586,-0.3157561421394348,-8.796690459389467e-08,0,1.0000001192092896
3.226699918486702,-0.3242076337337494,-7.644446881061029e-08,0,1.0000001192092896
3.2367499182328174,-0.31854942440986633,-8.901033382580081e-08,0,1.0000001192092896
3.246799917978933,-0.32087451219558716,-8.310411386824867e-08,0,1.0000001192092896
3.2568499177250487,-0.3253164291381836,-8.240968324413345e-08,0,1.0000001192092896
3.2668999174711644,-0.320791631937027,-8.921847982623632e-08,0,1.0000001192092896
3.27694991721728,-0.3291199505329132,-7.736790375023617e-08,0,1.0000001192092896
3.2869999169633957,-0.32373276352882385,-8.975523102527916e-08,0,1.0000001192092896
3.2970499167095113,-0.32554715871810913,-8.477536034279254e-08,0,1.0000001192092896
3.307099916455627,-0.33086490631103516,-8.255502531584469e-08,0,1.0000001192092896
3.3171499162017426,-0.32582491636276245,-9.042318976915098e-08,0,1.0000001192092896
3.3271999159478582,-0.3339897096157074,-7.842277521818986e-08,0,1.0000001192092896
3.337249915693974,-0.3289317786693573,-9.047769478076617e-08,0,1.0000001192092896
3.3472999154400895,-0.3302668333053589,-8.640286403016617e-08,0,1.0000001192092896
3.357349915186205,-0.33632153272628784,-8.272661722319441e-08,0,1.0000001192092896
3.367399914932321,-0.33083802461624146,-9.152292812508733e-08,0,1.0000001192092896
3.3774499146784365,-0.3386533558368683,-7.959159720183351e-08,0,1.0000001192092896
3.387499914424552,-0.3342428207397461,-9.107253839957252e-08,0,1.0000001192092896
3.3975499141706678,-0.3350245952606201,-8.786259914073113e-08,0,1.0000001192092896
3.4075999139167834,-0.3416460156440735,-8.292332792647628e-08,0,1.0000001192092896
3.417649913662899,-0.33588698506355286,-9.259687461238286e-08,0,1.0000001192092896
3.4276999134090147,-0.34319832921028137,-8.09876263274667e-08,0,1.0000001192092896
3.4377499131551303,-0.3394709825515747,-9.178401094711575e-08,0,1.0000001192092896
3.447849912899983,-0.33983367681503296,-8.958278563397926e-08,0,1.0000001192092896
3.4578999126460985,-0.34707576036453247,-8.329655715177964e-08,0,1.0000001192092896
3.467949912392214,-0.3409493565559387,-9.392919775308428e-08,0,1.0000001192092896
3.47799991213833,-0.3476133644580841,-8.285222508064294e-08,0,1.0000001192092896
3.4880499118844455,-0.34477975964546204,-9.2594626410758e-08,0,1.0000001192092896
3.498099911630561,-0.34460505843162537,-9.13973202676388e-08,0,1.0000001192092896
3.5081499113766768,-0.3522389531135559,-8.396429385104653e-08,0,1.0000001192092896
3.5181999111227924,-0.34602969884872437,-9.519558752391077e-08,0,1.0000001192092896
3.528249910868908,-0.35210904479026794,-8.46777856167158e-08,0,1.0000001192092896
3.5382999106150237,-0.3502005636692047,-9.322445593262785e-08,0,1.0000001192092896
3.5483499103611393,-0.3494971990585327,-9.297279612852094e-08,0,1.0000001192092896
3.558399910107255,-0.3574088513851166,-8.462059525315979e-08,0,1.0000001192092896
3.5684499098533706,-0.35116374492645264,-9.633188691182681e-08,0,1.0000001192092896
3.5784999095994863,-0.3565039038658142,-8.651434429962634e-08,0,1.0000001192092896
3.588549909345602,-0.3556930422782898,-9.363133185447126e-08,0,1.0000001192092896
3.5985999090917176,-0.3543960750102997,-9.439641429631607e-08,0,1.0000001192092896
3.608649908837833,-0.36248472332954407,-8.530336159662255e-08,0,1.0000001192092896
3.618699908583949,-0.3562597334384918,-9.734078126877321e-08,0,1.0000001192092896
3.6287499083300645,-0.3608674108982086,-8.834125792001046e-08,0,1.0000001192092896
3.63879990807618,-0.36122584342956543,-9.386100924269059e-08,0,1.0000001192092896
3.648849907822296,-0.35936662554740906,-9.578818987998616e-08,0,1.0000001192092896
3.6588999075684114,-0.36747315526008606,-8.609198770548332e-08,0,1.0000001192092896
3.668949907314527,-0.361398309469223,-9.834048159129694e-08,0,1.0000001192092896
3.6789999070606427,-0.36537429690361023,-9.018588653653126e-08,0,1.0000001192092896
3.6890499068067584,-0.366731733083725,-9.420217383926399e-08,0,1.0000001192092896
3.699099906552874,-0.3642587661743164,-9.732036704290792e-08,0,1.0000001192092896
3.7091499062989897,-0.3724638819694519,-8.707665838381118e-08,0,1.0000001192092896
3.7191999060451053,-0.3665592670440674,-9.937853318042755e-08,0,1.0000001192092896
3.729299905789958,-0.3698565363883972,-9.21776543982844e-08,0,1.0000001192092896
3.7393499055360735,-0.372448205947876,-9.43147712706427e-08,0,1.0000001192092896
3.749399905282189,-0.36924275755882263,-9.881912649278846e-08,0,1.0000001192092896
3.759449905028305,-0.377367228269577,-8.804316303789861e-08,0,1.0000001192092896
3.7694999047744204,-0.3717986047267914,-1.0024790719764809e-07,0,1.0000001192092896
3.779549904520536,-0.3745134472846985,-9.390250382823595e-08,0,1.0000001192092896
3.7895999042666517,-0.37805041670799255,-9.449263593808155e-08,0,1.0000001192092896
3.7996499040127674,-0.374255895614624,-1.0022054713898498e-07,0,1.0000001192092896
3.809699903758883,-0.3822571337223053,-8.914356752764974e-08,0,1.0000001192092896
3.8197499035049987,-0.37700435519218445,-1.0117538057352604e-07,0,1.0000001192092896
3.8297999032511143,-0.37908753752708435,-9.578863396919601e-08,0,1.0000001192092896
3.83984990299723,-0.3835988938808441,-9.480553841978434e-08,0,1.0000001192092896
3.8498999027433456,-0.37927567958831787,-1.0167466868438169e-07,0,1.0000001192092896
3.8599499024894612,-0.38711342215538025,-9.034557824083578e-08,0,1.0000001192092896
3.869999902235577,-0.38223695755004883,-1.021515302901399e-07,0,1.0000001192092896
3.8800499019816925,-0.3838184177875519,-9.776245785131366e-08,0,1.0000001192092896
3.890099901727808,-0.38905325531959534,-9.530101013899284e-08,0,1.0000001192092896
3.900149901473924,-0.3842843174934387,-1.0323264465483817e-07,0,1.0000001192092896
3.9101999012200395,-0.3919025659561157,-9.18876363886767e-08,0,1.0000001192092896
3.920249900966155,-0.38744717836380005,-1.0331810407215869e-07,0,1.0000001192092896
3.9302999007122708,-0.38852688670158386,-9.98863422529972e-08,0,1.0000001192092896
3.9403499004583864,-0.39445391297340393,-9.60972690311479e-08,0,1.0000001192092896
3.950399900204502,-0.3893176019191742,-1.04942020351384e-07,0,1.0000001192092896
3.9604498999506177,-0.3965460956096649,-9.378116339053832e-08,0,1.0000001192092896
3.9704998996967333,-0.3927156925201416,-1.0461768951142147e-07,0,1.0000001192092896
3.980549899442849,-0.3933204710483551,-1.020952281050036e-07,0,1.0000001192092896
3.9905998991889646,-0.3997851014137268,-9.709786447098523e-08,0,1.0000001192092896
4.000699898933817,-0.3944292962551117,-1.0673282396789219e-07,0,1.0000001192092896
4.010749898679933,-0.4010126292705536,-9.601226064193114e-08,0,1.0000001192092896
4.0207998984260485,-0.3980267345905304,-1.059074078435529e-07,0,1.0000001192092896
4.030849898172164,-0.3980894386768341,-1.0445664472280569e-07,0,1.0000001192092896
4.04089989791828,-0.40506479144096375,-9.813255763546636e-08,0,1.0000001192092896
4.050949897664395,-0.3994871973991394,-1.0858149102066506e-07,0,1.0000001192092896
4.060999897410511,-0.4054948687553406,-9.838017900332119e-08,0,1.0000001192092896
4.071049897156627,-0.40326830744743347,-1.0733820082764467e-07,0,1.0000001192092896
4.081099896902742,-0.40291664004325867,-1.0680527295914288e-07,0,1.0000001192092896
4.131349895633321,-0.4107230007648468,2.2873493377151277e-07,0,1.000000238418579
4.141399895379436,-0.41105005145072937,2.1380527903680502e-07,0,1.000000238418579
4.593749883952114,-0.46197187900543213,2.846156921254561e-07,0,1.000000238418579
4.60379988369823,-0.4530768394470215,8.323430139567378e-08,0,1.000000238418579
5.056099872272171,-0.5068322420120239,2.821665123775574e-07,0,1.000000238418579
5.5084498608448484,-0.5536683201789856,3.6979591611085993e-07,0,1.000000238418579
5.960799849417526,-0.5956637263298035,3.52377543810789e-07,0,1.000000238418579
5.970849849163642,-0.5874496698379517,1.1244739861471231e-07,0,1.000000238418579
6.423149837737583,-0.6417628526687622,3.3802505239322045e-07,0,1.000000238418579
6.875499826310261,-0.6879851818084717,3.641525692099634e-07,0,1.000000238418579
7.3278498148829385,-0.7298439741134644,2.965781786823385e-07,0,1.000000238418579
7.337899814629054,-0.7266049981117249,1.339897082175412e-07,0,1.000000238418579
7.790199803202995,-0.7781539559364319,3.1914654252673813e-07,0,1.000000238418579
8.242549791775673,-0.8216793537139893,3.1119706811466585e-07,0,1.000000238418579
8.69489978034835,-0.8656370043754578,2.764319051440367e-07,0,1.000000238418579
8.704949780094466,-0.8645886778831482,1.6797545299152006e-07,0,1.000000238418579
9.157249768668407,-0.9127620458602905,3.078007015933082e-07,0,1.000000238418579
9.609599757241085,-0.9547059535980225,2.833578094385558e-07,0,1.000000238418579
10.06184974581629,-0.9885970950126648,3.5900746264694305e-07,0,1.000000238418579
10.071899745562405,-0.9860367774963379,2.3504423407594288e-07,0,1.000000238418579
10.48404973515062,-0.9480553865432739,-2.23425722367665e-08,0,1.0000001192092896
10.494099734896736,-0.946084201335907,-2.1568294025775536e-08,0,1.0000001192092896
10.504149734642851,-0.9524346590042114,-1.3752391586629997e-08,0,1.0000001192092896
10.514199734388967,-0.9440212249755859,-2.488611573758792e-08,0,1.0000001192092896
10.524249734135083,-0.9485505223274231,-1.2912169597423251e-08,0,1.0000001192092896
10.534299733881198,-0.9446909427642822,-2.0600895989097978e-08,0,1.0000001192092896
10.544349733627314,-0.9420543909072876,-1.8540266544242456e-08,0,1.0000001192092896
10.55439973337343,-0.9485593438148499,-7.798166626327152e-09,0,1.0000001192092896
10.564449733119545,-0.9399242401123047,-1.77588100475079e-08,0,1.0000001192092896
10.574499732865661,-0.94362473487854,-5.096716885338859e-09,0,1.0000001192092896
10.584549732611777,-0.9406589865684509,-1.0212290214861586e-08,0,1.0000001192092896
10.594599732357892,-0.9372228384017944,-8.642201537734095e-09,0,1.0000001192092896
10.604649732104008,-0.943700909614563,3.0334276757137957e-09,0,1.0000001192092896
10.614699731850123,-0.9348372220993042,-7.635101752223594e-09,0,1.0000001192092896
10.62474973159624,-0.937657356262207,3.6271456758246723e-09,0,1.0000001192092896
10.634799731342355,-0.9357309341430664,-8.148602777778569e-10,0,1.0000001192092896
10.64484973108847,-0.9315286874771118,-1.5420358132761658e-09,0,1.0000001192092896
10.654899730834586,-0.9381031394004822,9.613221677029493e-09,0,1.0000001192092896
10.664949730580702,-0.9292685389518738,-2.6027428910030403e-09,0,1.0000001192092896
10.674999730326817,-0.931445837020874,6.6154737937695884e-09,0,1.0000001192092896
10.685049730072933,-0.9306820034980774,2.55836367715756e-09,0,1.0000001192092896
10.695099729819049,-0.9258638024330139,-3.8174010393715596e-10,0,1.0000001192092896
10.705199729563901,-0.9325927495956421,1.0553705478977271e-08,0,1.0000001192092896
10.715249729310017,-0.9240851998329163,-2.4455097235448475e-09,0,1.0000001192092896
10.725299729056132,-0.9256622195243835,5.431626502738762e-09,0,1.0000001192092896
10.735349728802248,-0.9263027906417847,3.0854648263439755e-09,0,1.0000001192092896
10.745399728548364,-0.9207409024238586,-1.2836439810398614e-09,0,1.0000001192092896
10.75544972829448,-0.9276020526885986,1.0491126196943146e-08,0,1.0000001192092896
10.765499728040595,-0.9193431735038757,-2.1124267699651478e-09,0,1.0000001192092896
10.77554972778671,-0.9204429984092712,5.4841122962279165e-09,0,1.0000001192092896
10.785599727532826,-0.9221162796020508,5.2844868238255405e-09,0,1.0000001192092896
10.795649727278942,-0.9159204363822937,1.3773499756095792e-10,0,1.0000001192092896
10.805699727025058,-0.9226403832435608,1.2717064380718401e-08,0,1.0000001192092896
10.815749726771173,-0.9146347045898438,3.927622929580238e-10,0,1.0000001192092896
10.825799726517289,-0.9150311350822449,7.149976791187562e-09,0,1.0000001192092896
10.835849726263405,-0.9176609516143799,8.51685128672175e-09,0,1.0000001192092896
10.84589972600952,-0.9107729196548462,2.041804442534656e-09,0,1.0000001192092896
10.855949725755636,-0.9174525737762451,1.4820086130518106e-08,0,1.0000001192092896
10.865999725501752,-0.9097470045089722,2.4430743886250106e-09,0,1.0000001192092896
10.876049725247867,-0.9095431566238403,8.071619761462756e-09,0,1.0000001192092896
10.886099724993983,-0.9130017161369324,1.079527526398616e-08,0,1.0000001192092896
10.896149724740098,-0.9056612253189087,3.0145868440412116e-09,0,1.0000001192092896
10.906199724486214,-0.9121102094650269,1.576662585212052e-08,0,1.0000001192092896
10.91624972423233,-0.9048458933830261,3.505800250797053e-09,0,1.0000001192092896
10.926299723978445,-0.9041134119033813,8.074758743592536e-09,0,1.0000001192092896
10.936349723724561,-0.9083470106124878,1.2111682316795491e-08,0,1.0000001192092896
10.946399723470677,-0.900621235370636,3.2718569607098624e-09,0,1.0000001192092896
10.956449723216792,-0.9067073464393616,1.5906812325661157e-08,0,1.0000001192092896
10.966499722962908,-0.8999694585800171,4.1524526872560585e-09,0,1.0000001192092896
10.97659972270776,-0.8987838625907898,7.765400301951164e-09,0,1.0000001192092896
10.986649722453876,-0.9038311243057251,1.3316389657624939e-08,0,1.0000001192092896
10.996699722199992,-0.895596981048584,3.442099470035709e-09,0,1.0000001192092896
11.006749721946107,-0.9011879563331604,1.5900756406006522e-08,0,1.0000001192092896
11.016799721692223,-0.8952878713607788,5.169197101612122e-09,0,1.0000001192092896
11.026849721438339,-0.8935854434967041,7.99042255972271e-09,0,1.0000001192092896
11.036899721184454,-0.8992235064506531,1.507959902780076e-08,0,1.0000001192092896
11.04694972093057,-0.8907003402709961,4.683815401501645e-09,0,1.0000001192092896
11.056999720676686,-0.8957783579826355,1.694890235104385e-08,0,1.0000001192092896
11.067049720422801,-0.8906465172767639,7.314163164018339e-09,0,1.0000001192092896
11.077099720168917,-0.8884111046791077,9.39744723010838e-09,0,1.0000001192092896
11.087149719915033,-0.8944904208183289,1.7781049202469923e-08,0,1.0000001192092896
11.097199719661148,-0.8857812881469727,6.765305329836657e-09,0,1.0000001192092896
11.107249719407264,-0.8901739120483398,1.856071199513032e-08,0,1.0000001192092896
11.11729971915338,-0.8860411643981934,1.0098379597811569e-08,0,1.0000001192092896
11.127349718899495,-0.8831963539123535,1.1160881246974341e-08,0,1.0000001192092896
11.13739971864561,-0.8895534873008728,2.0387398366739085e-08,0,1.0000001192092896
11.147449718391726,-0.8807502388954163,8.691131148097497e-09,0,1.0000001192092896
11.157499718137842,-0.8844305276870728,1.962455892234871e-08,0,1.0000001192092896
11.167549717883958,-0.8813573122024536,1.2429962441273812e-08,0,1.0000001192092896
11.177599717630073,-0.8780017495155334,1.2235719382136523e-08,0,1.0000001192092896
11.187649717376189,-0.8844843506813049,2.2057747989245868e-08,0,1.0000001192092896
11.197699717122305,-0.8756542801856995,9.778305769259088e-09,0,1.0000001192092896
11.20774971686842,-0.8786894679069519,1.9744110860142605e-08,0,1.0000001192092896
11.217799716614536,-0.8767854571342468,1.3984349268858498e-08,0,1.0000001192092896
11.227849716360652,-0.8727243542671204,1.2488952580436141e-08,0,1.0000001192092896
11.237899716106767,-0.8794107437133789,2.293610093517806e-08,0,1.0000001192092896
11.247949715852883,-0.8707150816917419,1.0329855894275486e-08,0,1.0000001192092896
11.258049715597735,-0.8729774951934814,1.931727000581418e-08,0,1.0000001192092896
11.268099715343851,-0.8724130392074585,1.54007952224422e-08,0,1.0000001192092896
11.278149715089967,-0.8676283955574036,1.2496803071526674e-08,0,1.0000001192092896
11.288199714836082,-0.8743976354598999,2.3700734083642594e-08,0,1.0000001192092896
11.298249714582198,-0.8658789396286011,1.0977629395780841e-08,0,1.0000001192092896
11.308299714328314,-0.8675141334533691,1.9223287892056184e-08,0,1.0000001192092896
11.31834971407443,-0.8680315613746643,1.6967519403388032e-08,0,1.0000001192092896
11.328399713820545,-0.8625121712684631,1.286936269356831e-08,0,1.0000001192092896
11.33844971356666,-0.8693195581436157,2.4662076200665517e-08,0,1.0000001192092896
11.348499713312776,-0.8610315918922424,1.1964318424873e-08,0,1.0000001192092896
11.358549713058892,-0.8621090054512024,1.946665224850097e-08,0,1.0000001192092896
11.368599712805008,-0.8636053204536438,1.8850953784066427e-08,0,1.0000001192092896
11.378649712551123,-0.8574610352516174,1.3507491999908972e-08,0,1.0000001192092896
11.388699712297239,-0.8642302751541138,2.57757200999853e-08,0,1.0000001192092896
11.398749712043355,-0.8561550974845886,1.3148390362593965e-08,0,1.0000001192092896
11.40879971178947,-0.8566322326660156,1.975442726065424e-08,0,1.0000001192092896
11.418849711535586,-0.8592104911804199,2.079539665467145e-08,0,1.0000001192092896
11.428899711281701,-0.8523829579353333,1.4291863699444907e-08,0,1.0000001192092896
11.438949711027817,-0.8591409921646118,2.6937136549110008e-08,0,1.0000001192092896
11.448999710773933,-0.8513637185096741,1.4454929440910202e-08,0,1.0000001192092896
11.459049710520048,-0.8512651920318604,2.0138651163348342e-08,0,1.0000001192092896
11.469099710266164,-0.8546968698501587,2.27272801273104e-08,0,1.0000001192092896
11.47914971001228,-0.847356379032135,1.5076233664257366e-08,0,1.0000001192092896
11.489199709758395,-0.8538658618927002,2.786550677702504e-08,0,1.0000001192092896
11.499249709504511,-0.846523106098175,1.5592121344054632e-08,0,1.0000001192092896
11.509299709250627,-0.8458802103996277,2.029207010756373e-08,0,1.0000001192092896
11.519349708996742,-0.8500690460205078,2.42195360988795e-08,0,1.0000001192092896
11.529449708741595,-0.8422819972038269,1.548284417340895e-08,0,1.0000001192092896
11.53949970848771,-0.8484002351760864,2.8127266141209084e-08,0,1.0000001192092896
11.549549708233826,-0.8417161107063293,1.644445517257065e-08,0,1.0000001192092896
11.559599707979942,-0.8405020236968994,2.0074726603258597e-08,0,1.0000001192092896
11.569649707726057,-0.8454882502555847,2.5562411562485288e-08,0,1.0000001192092896
11.579699707472173,-0.8372763991355896,1.5753615426050693e-08,0,1.0000001192092896
11.589749707218289,-0.8429122567176819,2.8194550860671796e-08,0,1.0000001192092896
11.599799706964404,-0.836938202381134,1.729118237481231e-08,0,1.0000001192092896
11.60984970671052,-0.8352402448654175,2.0055660257534136e-08,0,1.0000001192092896
11.619899706456636,-0.8408200740814209,2.6859080931584955e-08,0,1.0000001192092896
11.629949706202751,-0.8322924375534058,1.6289690082937902e-08,0,1.0000001192092896
11.639999705948867,-0.8373593091964722,2.8358293144292723e-08,0,1.0000001192092896
11.650049705694983,-0.8321826457977295,1.8382170785535834e-08,0,1.0000001192092896
11.660099705441098,-0.8299628496170044,2.026829572232547e-08,0,1.0000001192092896
11.670149705187214,-0.8359906673431396,2.825623415803058e-08,0,1.0000001192092896
11.68019970493333,-0.8273106813430786,1.7019781417548785e-08,0,1.0000001192092896
11.690249704679445,-0.8317660093307495,2.8538626323237892e-08,0,1.0000001192092896
11.70029970442556,-0.8275324106216431,1.9721231592217947e-08,0,1.0000001192092896
11.710349704171676,-0.8248108625411987,2.057917204700832e-08,0,1.0000001192092896
11.720399703917792,-0.8310783505439758,2.9486288410929262e-08,0,1.0000001192092896
11.730449703663908,-0.822351336479187,1.7608340133201672e-08,0,1.0000001192092896
11.740499703410023,-0.8260764479637146,2.839171085733394e-08,0,1.0000001192092896
11.750549703156139,-0.8228956460952759,2.095734003004779e-08,0,1.0000001192092896
11.760599702902255,-0.819589376449585,2.070253690700241e-08,0,1.0000001192092896
11.77064970264837,-0.8261906504631042,3.039537024851491e-08,0,1.0000001192092896
11.780699702394486,-0.8173516988754272,1.81006754723656e-08,0,1.0000001192092896
11.790749702140602,-0.8204428553581238,2.8087114231634125e-08,0,1.0000001192092896
11.800799701886717,-0.8184201121330261,2.224974718356698e-08,0,1.0000001192092896
11.81089970163157,-0.8144307136535645,2.076421846963772e-08,0,1.0000001192092896
11.820949701377685,-0.8211641311645508,3.13167894394617e-08,0,1.0000001192092896
11.830999701123801,-0.8124595284461975,1.871121486918259e-08,0,1.0000001192092896
11.841049700869917,-0.814773440361023,2.7774442468153637e-08,0,1.0000001192092896
11.851099700616032,-0.8140611052513123,2.3803013379786186e-08,0,1.0000001192092896
11.861149700362148,-0.809303343296051,2.1014088039117418e-08,0,1.0000001192092896
11.871199700108264,-0.8161308765411377,3.222362654486943e-08,0,1.0000001192092896
11.88124969985438,-0.8075360059738159,1.9495138142699986e-08,0,1.0000001192092896
11.891299699600495,-0.8092137575149536,2.777062954595344e-08,0,1.0000001192092896
11.90134969934661,-0.8096259236335754,2.538947697916516e-08,0,1.0000001192092896
11.911399699092726,-0.8041894435882568,2.1339992273272657e-08,0,1.0000001192092896
11.921449698838842,-0.8110169768333435,3.30454552610604e-08,0,1.0000001192092896
11.931499698584958,-0.802675187587738,2.0296779881801008e-08,0,1.0000001192092896
11.941549698331073,-0.8037683367729187,2.779328329982622e-08,0,1.0000001192092896
11.951599698077189,-0.805260181427002,2.7026856447287528e-08,0,1.0000001192092896
11.961649697823304,-0.7991158366203308,2.171277740936617e-08,0,1.0000001192092896
11.97169969756942,-0.8058604598045349,3.3885227956886865e-08,0,1.0000001192092896
11.981749697315536,-0.7978144288063049,2.121012393496713e-08,0,1.0000001192092896
11.991799697061651,-0.798287034034729,2.778162075389723e-08,0,1.0000001192092896
12.001849696807767,-0.8008182048797607,2.8679487604210685e-08,0,1.0000001192092896
12.011899696553883,-0.7940870523452759,2.2160702092821616e-08,0,1.0000001192092896
12.021949696299998,-0.8007465600967407,3.4740703369617876e-08,0,1.0000001192092896
12.031999696046114,-0.7930432558059692,2.2231579424603076e-08,0,1.0000001192092896
12.04204969579223,-0.7929133176803589,2.7898480400856407e-08,0,1.0000001192092896
12.052099695538345,-0.7963292598724365,3.037495602264961e-08,0,1.0000001192092896
12.062149695284461,-0.7889933586120605,2.268309325093032e-08,0,1.0000001192092896
12.072199695030577,-0.7955206632614136,3.538488946297491e-08,0,1.0000001192092896
12.082299694775429,-0.7881824374198914,2.3002941565430923e-08,0,1.0000001192092896
12.092349694521545,-0.7873827219009399,2.7365994886840994e-08,0,1.0000001192092896
12.10239969426766,-0.791699230670929,3.1297721359013764e-08,0,1.0000001192092896
12.112449694013776,-0.783861517906189,2.2161149651478418e-08,0,1.0000001192092896
12.122499693759892,-0.7900013327598572,3.461083503131235e-08,0,1.0000001192092896
12.132549693506007,-0.7832880616188049,2.2667390534025778e-08,0,1.0000001192092896
12.142599693252123,-0.7820896506309509,2.6093550931083342e-08,0,1.0000001192092896
12.152649692998239,-0.7870803475379944,3.136703050077294e-08,0,1.0000001192092896
12.162699692744354,-0.7788618206977844,2.1435318797724534e-08,0,1.0000001192092896
12.17274969249047,-0.784578263759613,3.3802911858504814e-08,0,1.0000001192092896
12.182799692236586,-0.7785616517066956,2.2832473758893634e-08,0,1.0000001192092896
12.192849691982701,-0.7768839001655579,2.5614671841922565e-08,0,1.0000001192092896
12.202899691728817,-0.7825219631195068,3.244411336811304e-08,0,1.0000001192092896
12.212949691474932,-0.7740301489830017,2.1957935469885115e-08,0,1.0000001192092896
12.222999691221048,-0.7791373133659363,3.4168966267511536e-08,0,1.0000001192092896
12.233049690967164,-0.7739226222038269,2.4269778894914218e-08,0,1.0000001192092896
12.24309969071328,-0.771727442741394,2.629407282184193e-08,0,1.0000001192092896
12.253149690459395,-0.7777440547943115,3.43699374516504e-08,0,1.0000001192092896
12.26319969020551,-0.7690394520759583,2.323845456342344e-08,0,1.0000001192092896
12.273249689951626,-0.7735328674316406,3.48696765906098e-08,0,1.0000001192092896
12.283299689697742,-0.7692657113075256,2.606506330216085e-08,0,1.0000001192092896
12.293349689443858,-0.7664903402328491,2.7011155465106462e-08,0,1.0000001192092896
12.303399689189973,-0.7727959156036377,3.591243968870117e-08,0,1.0000001192092896
12.313449688936089,-0.7639747858047485,2.4023049174926037e-08,0,1.0000001192092896
12.323499688682205,-0.7677671313285828,3.4792294045793426e-08,0,1.0000001192092896
12.33354968842832,-0.7645459771156311,2.723276118499207e-08,0,1.0000001192092896
12.343599688174436,-0.761239767074585,2.693646347640133e-08,0,1.0000001192092896
12.353699687919288,-0.7677541375160217,3.6532971092739785e-08,0,1.0000001192092896
12.363749687665404,-0.7589706778526306,2.408293876821066e-08,0,1.0000001192092896
12.37379968741152,-0.7618916034698486,3.379999405361822e-08,0,1.0000001192092896
12.383849687157635,-0.7601757645606995,2.8084871234179687e-08,0,1.0000001192092896
12.393899686903751,-0.7560653686523438,2.6364951888346866e-08,0,1.0000001192092896
12.403949686649867,-0.7627450823783875,3.678114757210693e-08,0,1.0000001192092896
12.413999686395982,-0.7540717720985413,2.407172378093847e-08,0,1.0000001192092896
12.424049686142098,-0.7563364505767822,3.306968240912589e-08,0,1.0000001192092896
12.434099685888214,-0.7557405829429626,2.8988122666162575e-08,0,1.0000001192092896
12.44414968563433,-0.7509514093399048,2.6171157255228117e-08,0,1.0000001192092896
12.454199685380445,-0.7577924132347107,3.731542505547303e-08,0,1.0000001192092896
12.46424968512656,-0.7492468357086182,2.455284413283021e-08,0,1.0000001192092896
12.474299684872676,-0.7508931756019592,3.283573760115566e-08,0,1.0000001192092896
12.484349684618792,-0.7513278126716614,3.0436191761351594e-08,0,1.0000001192092896
12.494399684364907,-0.7458823919296265,2.6418782092529902e-08,0,1.0000001192092896
12.504449684111023,-0.7527188062667847,3.8168881250078e-08,0,1.0000001192092896
12.514499683857139,-0.7444129586219788,2.5430300226725322e-08,0,1.0000001192092896
12.524549683603254,-0.7455105185508728,3.293913752866473e-08,0,1.0000001192092896
12.53459968334937,-0.7469530701637268,3.216261632021933e-08,0,1.0000001192092896
12.544649683095486,-0.7407841682434082,2.6828575819259903e-08,0,1.0000001192092896
12.554699682841601,-0.7475780248641968,3.896334643815891e-08,0,1.0000001192092896
12.564749682587717,-0.7394871711730957,2.6208389625193007e-08,0,1.0000001192092896
12.574799682333833,-0.7399642467498779,3.2735252009086224e-08,0,1.0000001192092896
12.584849682079948,-0.7425022125244141,3.349808971875312e-08,0,1.0000001192092896
12.594899681826064,-0.7357195019721985,2.690057551713032e-08,0,1.0000001192092896
12.60494968157218,-0.7424148917198181,3.9381213567946105e-08,0,1.0000001192092896
12.614999681318295,-0.7346353530883789,2.6747154838191456e-08,0,1.0000001192092896
12.62504968106441,-0.7345748543739319,3.233106490863058e-08,0,1.0000001192092896
12.635149680809263,-0.7380512952804565,3.480664714783366e-08,0,1.0000001192092896
12.645199680555379,-0.7306414246559143,2.6870519698185547e-08,0,1.0000001192092896
12.655249680301495,-0.7371419072151184,3.957187008629681e-08,0,1.0000001192092896
12.66529968004761,-0.7298731207847595,2.726864914426308e-08,0,1.0000001192092896
12.675349679793726,-0.7291451096534729,3.1731065691653626e-08,0,1.0000001192092896
12.685399679539842,-0.7334660291671753,3.577718676872621e-08,0,1.0000001192092896
12.695449679285957,-0.7256149053573608,2.6839117733823414e-08,0,1.0000001192092896
12.705499679032073,-0.7317928075790405,3.949358548527293e-08,0,1.0000001192092896
12.715549678778189,-0.7250750660896301,2.7756049195137855e-08,0,1.0000001192092896
12.725599678524304,-0.7238878607749939,3.138519999446032e-08,0,1.0000001192092896
12.73564967827042,-0.7288516759872437,3.6812997095125866e-08,0,1.0000001192092896
12.745699678016535,-0.7206219434738159,2.7022370452378652e-08,0,1.0000001192092896
12.755749677762651,-0.7263293862342834,3.94536625591968e-08,0,1.0000001192092896
12.765799677508767,-0.7202971577644348,2.850901806294992e-08,0,1.0000001192092896
12.775849677254882,-0.718610405921936,3.124456249281593e-08,0,1.0000001192092896
12.785899677000998,-0.7241454720497131,3.7969929284065174e-08,0,1.0000001192092896
12.795949676747114,-0.7156334519386292,2.7362181964640797e-08,0,1.0000001192092896
12.80599967649323,-0.7207496166229248,3.9395792184038214e-08,0,1.0000001192092896
12.816049676239345,-0.7155192494392395,2.929473677526495e-08,0,1.0000001192092896
12.82609967598546,-0.7133329510688782,3.114766777834177e-08,0,1.0000001192092896
12.836149675731576,-0.7193540930747986,3.901605427625299e-08,0,1.0000001192092896
12.846199675477692,-0.7106629014015198,2.769459141183095e-08,0,1.0000001192092896
12.856249675223808,-0.7151429057121277,3.9182258132486325e-08,0,1.0000001192092896
12.866299674969923,-0.7108578085899353,3.020179939472456e-08,0,1.0000001192092896
12.876349674716039,-0.708142876625061,3.106579576916957e-08,0,1.0000001192092896
12.886399674462155,-0.7144731283187866,3.985403673745225e-08,0,1.0000001192092896
12.89644967420827,-0.7056923508644104,2.793481418406074e-08,0,1.0000001192092896
12.906549673953123,-0.7093122005462646,3.8549965303280587e-08,0,1.0000001192092896
12.916599673699238,-0.7063778042793274,3.1268564126829546e-08,0,1.0000001192092896
12.926649673445354,-0.7029281854629517,3.0855630550608026e-08,0,1.0000001192092896
12.93669967319147,-0.709513783454895,4.061036923408423e-08,0,1.0000001192092896
12.946749672937585,-0.7007083296775818,2.821900178806569e-08,0,1.0000001192092896
12.956799672683701,-0.7036763429641724,3.804574016941231e-08,0,1.0000001192092896
12.966849672429817,-0.7018731832504272,3.238310314346293e-08,0,1.0000001192092896
12.976899672175932,-0.6977672576904297,3.079215354917508e-08,0,1.0000001192092896
12.986949671922048,-0.7045320272445679,4.1265543065938104e-08,0,1.0000001192092896
12.996999671668164,-0.6957870721817017,2.8615113750740662e-08,0,1.0000001192092896
13.00704967141428,-0.6981368660926819,3.7663535484844246e-08,0,1.0000001192092896
13.017099671160395,-0.6974290013313293,3.358377465012552e-08,0,1.0000001192092896
13.02714967090651,-0.692686915397644,3.078228644204373e-08,0,1.0000001192092896
13.037199670652626,-0.6994338035583496,4.188527996662472e-08,0,1.0000001192092896
13.047249670398742,-0.6908770203590393,2.908995266892589e-08,0,1.0000001192092896
13.057299670144857,-0.6925749778747559,3.7301071953432796e-08,0,1.0000001192092896
13.067349669890973,-0.6929803490638733,3.479520838123307e-08,0,1.0000001192092896
13.077399669637089,-0.6875125765800476,3.071163115486719e-08,0,1.0000001192092896
13.087449669383204,-0.6943916082382202,4.236572898053126e-08,0,1.0000001192092896
13.09749966912932,-0.6860431432723999,2.953787561765786e-08,0,1.0000001192092896
13.107549668875436,-0.6871630549430847,3.696866077151917e-08,0,1.0000001192092896
13.117599668621551,-0.6885899901390076,3.607483062273431e-08,0,1.0000001192092896
13.127649668367667,-0.6824770569801331,3.070243365099756e-08,0,1.0000001192092896
13.137699668113783,-0.6892686486244202,4.278112933353562e-08,0,1.0000001192092896
13.147749667859898,-0.6811935305595398,3.004165319286933e-08,0,1.0000001192092896
13.157799667606014,-0.6816930174827576,3.662884578981007e-08,0,1.0000001192092896
13.16784966735213,-0.6841704249382019,3.741949805569078e-08,0,1.0000001192092896
13.177899667098245,-0.6773630976676941,3.086460254042578e-08,0,1.0000001192092896
13.187999666843098,-0.6840584874153137,4.336587686171178e-08,0,1.0000001192092896
13.198049666589213,-0.6763641238212585,3.078430219072281e-08,0,1.0000001192092896
13.208099666335329,-0.6762005686759949,3.621187724678343e-08,0,1.0000001192092896
13.218149666081445,-0.6797240972518921,3.881463553345732e-08,0,1.0000001192092896
13.22819966582756,-0.6723455786705017,3.090138561701039e-08,0,1.0000001192092896
13.238249665573676,-0.6788415312767029,4.363503308679739e-08,0,1.0000001192092896
13.248299665319792,-0.6715704798698425,3.13470673030114e-08,0,1.0000001192092896
13.258349665065907,-0.6708581447601318,3.585546443085619e-08,0,1.0000001192092896
13.268399664812023,-0.6751365661621094,3.992244382300392e-08,0,1.0000001192092896
13.278449664558138,-0.6673100590705872,3.1025425284436636e-08,0,1.0000001192092896
13.288499664304254,-0.6734341382980347,4.369626535605242e-08,0,1.0000001192092896
13.29854966405037,-0.666779100894928,3.197039508129329e-08,0,1.0000001192092896
13.308599663796485,-0.6655650734901428,3.558698127847926e-08,0,1.0000001192092896
13.318649663542601,-0.6705244183540344,4.0974404424964916e-08,0,1.0000001192092896
13.328699663288717,-0.6623126268386841,3.116516072987352e-08,0,1.0000001192092896
13.338749663034832,-0.6679349541664124,4.353836041692816e-08,0,1.0000001192092896
13.348799662780948,-0.6619542241096497,3.256164435305742e-08,0,1.0000001192092896
13.358849662527064,-0.6602562665939331,3.5282832211436244e-08,0,1.0000001192092896
13.36889966227318,-0.6658137440681458,4.193103850247404e-08,0,1.0000001192092896
13.378949662019295,-0.6572815775871277,3.131140485779227e-08,0,1.0000001192092896
13.38899966176541,-0.66239994764328,4.3276604522191064e-08,0,1.0000001192092896
13.399049661511526,-0.6571539044380188,3.316590405089137e-08,0,1.0000001192092896
13.409099661257642,-0.6549833416938782,3.495759931526621e-08,0,1.0000001192092896
13.419149661003758,-0.6609483957290649,4.2788977222540936e-08,0,1.0000001192092896
13.429199660749873,-0.6523154973983765,3.144419100098439e-08,0,1.0000001192092896
13.439249660495989,-0.6568066477775574,4.2861200699739754e-08,0,1.0000001192092896
13.449299660242104,-0.6524924635887146,3.388814576177346e-08,0,1.0000001192092896
13.459399659986957,-0.6497708559036255,3.463528075453581e-08,0,1.0000001192092896
13.469449659733073,-0.6561436653137207,4.357110852670765e-08,0,1.0000001192092896
13.479499659479188,-0.6473471522331238,3.156239505863745e-08,0,1.0000001192092896
13.489549659225304,-0.6509938836097717,4.216116691879712e-08,0,1.0000001192092896
13.49959965897142,-0.6480146646499634,3.4901300599576857e-08,0,1.0000001192092896
13.509649658717535,-0.6446009278297424,3.446638807691471e-08,0,1.0000001192092896
13.51969965846365,-0.6511618494987488,4.4238172153265864e-08,0,1.0000001192092896
13.529749658209766,-0.642383337020874,3.181338525948263e-08,0,1.0000001192092896
13.539799657955882,-0.6453311443328857,4.163160094439178e-08,0,1.0000001192092896
13.549849657701998,-0.6435503959655762,3.594383818361635e-08,0,1.0000001192092896
13.559899657448113,-0.639437735080719,3.433584319645355e-08,0,1.0000001192092896
13.569949657194229,-0.646186888217926,4.482157006657772e-08,0,1.0000001192092896
13.579999656940345,-0.6374261975288391,3.2193119697820904e-08,0,1.0000001192092896
13.59004965668646,-0.639746904373169,4.125432981338939e-08,0,1.0000001192092896
13.600099656432576,-0.6390995383262634,3.718421057175014e-08,0,1.0000001192092896
13.610149656178692,-0.6343574523925781,3.439348805756026e-08,0,1.0000001192092896
13.620199655924807,-0.6411042809486389,4.552654087053298e-08,0,1.0000001192092896
13.630249655670923,-0.6325452923774719,3.275252291601305e-08,0,1.0000001192092896
13.640299655417039,-0.6342387795448303,4.097373135225624e-08,0,1.0000001192092896
13.650349655163154,-0.6346173286437988,3.847101109899498e-08,0,1.0000001192092896
13.66039965490927,-0.6292032599449158,3.440111737140761e-08,0,1.0000001192092896
13.670449654655386,-0.6359747052192688,4.603704223393734e-08,0,1.0000001192092896
13.680499654401501,-0.6276889443397522,3.322220276658072e-08,0,1.0000001192092896
13.690549654147617,-0.6287888288497925,4.0604089535101195e-08,0,1.0000001192092896
13.700599653893732,-0.6302515268325806,3.969994125108123e-08,0,1.0000001192092896
13.710649653639848,-0.6241072416305542,3.4330684128836e-08,0,1.0000001192092896
13.720699653385964,-0.6308922171592712,4.639076275902987e-08,0,1.0000001192092896
13.730799653130816,-0.622828483581543,3.3631111784337975e-08,0,1.0000001192092896
13.740849652876932,-0.6232426166534424,3.9942632534817335e-08,0,1.0000001192092896
13.750899652623048,-0.6258947253227234,4.095488878586018e-08,0,1.0000001192092896
13.760949652369163,-0.6190156936645508,3.413487201231469e-08,0,1.0000001192092896
13.770999652115279,-0.6257379055023193,4.664399769205296e-08,0,1.0000001192092896
13.781049651861395,-0.6180525422096252,3.405794049560207e-08,0,1.0000001192092896
13.79109965160751,-0.6178643703460693,3.9475867019689304e-08,0,1.0000001192092896
13.801149651353626,-0.621425986289978,4.2099709135490215e-08,0,1.0000001192092896
13.811199651099741,-0.6139936447143555,3.421225802657801e-08,0,1.0000001192092896
13.821249650845857,-0.620568037033081,4.695083558048374e-08,0,1.0000001192092896
13.831299650591973,-0.6131961941719055,3.4691582939672116e-08,0,1.0000001192092896
13.841349650338088,-0.6124928593635559,3.925740288401869e-08,0,1.0000001192092896
13.851399650084204,-0.6168093681335449,4.331495925824491e-08,0,1.0000001192092896
13.86144964983032,-0.6089715957641602,3.444171337019242e-08,0,1.0000001192092896
13.871499649576435,-0.6151584386825562,4.712848167276462e-08,0,1.0000001192092896
13.881549649322551,-0.6084070801734924,3.539902052041022e-08,0,1.0000001192092896
13.891599649068667,-0.6071997284889221,3.906405754428022e-08,0,1.0000001192092896
13.901649648814782,-0.6121814846992493,4.44721169612361e-08,0,1.0000001192092896
13.911699648560898,-0.6039539575576782,3.467991865901965e-08,0,1.0000001192092896
13.921749648307014,-0.6096502542495728,4.709820033976797e-08,0,1.0000001192092896
13.93179964805313,-0.6036381721496582,3.612350349402327e-08,0,1.0000001192092896
13.941849647799245,-0.6019268035888672,3.8885963893342534e-08,0,1.0000001192092896
13.95189964754536,-0.6074618101119995,4.554246563204245e-08,0,1.0000001192092896
13.961949647291476,-0.5989744663238525,3.490421840446345e-08,0,1.0000001192092896
13.971999647037592,-0.6040816903114319,4.6851248575174864e-08,0,1.0000001192092896
13.982049646783707,-0.5988579988479614,3.668716719307241e-08,0,1.0000001192092896
13.992099646529823,-0.5966381430625916,3.847818938473857e-08,0,1.0000001192092896
14.002149646275939,-0.6026615500450134,4.6259322761255106e-08,0,1.0000001192092896
14.012249646020791,-0.5939770340919495,3.488851568755891e-08,0,1.0000001192092896
14.022299645766907,-0.5983786582946777,4.6195176156560436e-08,0,1.0000001192092896
14.032349645513023,-0.5942167639732361,3.741905049703398e-08,0,1.0000001192092896
14.042399645259138,-0.5914525389671326,3.806458273580837e-08,0,1.0000001192092896
14.052449645005254,-0.5977984666824341,4.701812550411688e-08,0,1.0000001192092896
14.06249964475137,-0.5890042185783386,3.5036105960895014e-08,0,1.0000001192092896
14.072549644497485,-0.5926890969276428,4.567547728928645e-08,0,1.0000001192092896
14.0825996442436,-0.5897412300109863,3.841426135520187e-08,0,1.0000001192092896
14.092649643989716,-0.5862960815429688,3.8025554927045846e-08,0,1.0000001192092896
14.102699643735832,-0.5928480625152588,4.780137397020212e-08,0,1.0000001192092896
14.112749643481948,-0.5840538740158081,3.543714974241219e-08,0,1.0000001192092896
14.122799643228063,-0.5870487689971924,4.529820615828406e-08,0,1.0000001192092896
14.132849642974179,-0.5852500200271606,3.9622558706264854e-08,0,1.0000001192092896
14.142899642720295,-0.5811194777488708,3.8039460470429276e-08,0,1.0000001192092896
14.15294964246641,-0.5878864526748657,4.853169255358836e-08,0,1.0000001192092896
14.162999642212526,-0.5791438221931458,3.5910194956523256e-08,0,1.0000001192092896
14.173049641958642,-0.581428587436676,4.494471114724341e-08,0,1.0000001192092896
14.183099641704757,-0.5807745456695557,4.081560436852705e-08,0,1.0000001192092896
14.193149641450873,-0.5760189890861511,3.801725254048982e-08,0,1.0000001192092896
14.203199641196989,-0.5828151106834412,4.9120475048569645e-08,0,1.0000001192092896
14.213249640943104,-0.5742471218109131,3.633905329425424e-08,0,1.0000001192092896
14.22329964068922,-0.5759226679801941,4.455375998690947e-08,0,1.0000001192092896
14.233349640435335,-0.5763168931007385,4.2003931582934584e-08,0,1.0000001192092896
14.243399640181451,-0.5708670616149902,3.7969929284065174e-08,0,1.0000001192092896
14.253449639927567,-0.5777392983436584,4.9604285956572625e-08,0,1.0000001192092896
14.263499639673682,-0.5693482756614685,3.678899546111225e-08,0,1.0000001192092896
14.273549639419798,-0.5705041289329529,4.420923696568657e-08,0,1.0000001192092896
14.28364963916465,-0.5720027089118958,4.341006026864491e-08,0,1.0000001192092896
14.293699638910766,-0.5657844543457031,3.7816281356350956e-08,0,1.0000001192092896
14.303749638656882,-0.5725470185279846,4.994297683746929e-08,0,1.0000001192092896
14.313799638402998,-0.5645322799682617,3.718847105260714e-08,0,1.0000001192092896
14.323849638149113,-0.5649265646934509,4.357649310837708e-08,0,1.0000001192092896
14.333899637895229,-0.5675988793373108,4.453985097407909e-08,0,1.0000001192092896
14.343949637641344,-0.5607198476791382,3.778286364330974e-08,0,1.0000001192092896
14.35399963738746,-0.5673949718475342,5.028099464565727e-08,0,1.0000001192092896
14.364049637133576,-0.5597163438796997,3.771961215592867e-08,0,1.0000001192092896
14.374099636879691,-0.559577465057373,4.317791263419579e-08,0,1.0000001192092896
14.384149636625807,-0.5630717873573303,4.5764073086651536e-08,0,1.0000001192092896
14.394199636371923,-0.5556798577308655,3.7903759991797514e-08,0,1.0000001192092896
14.404249636118038,-0.5622385144233704,5.06219267892849e-08,0,1.0000001192092896
14.414299635864154,-0.5549182295799255,3.836424233849556e-08,0,1.0000001192092896
14.42434963561027,-0.5542126297950745,4.2912791375915305e-08,0,1.0000001192092896
14.434399635356385,-0.5585045218467712,4.6966312783336406e-08,0,1.0000001192092896
14.444449635102501,-0.5506443381309509,3.809418752664939e-08,0,1.0000001192092896
14.454499634848617,-0.5568513870239258,5.076929501801608e-08,0,1.0000001192092896
14.464549634594732,-0.5501247048377991,3.902659445609302e-08,0,1.0000001192092896
14.474599634340848,-0.5488904118537903,4.268647588179242e-08,0,1.0000001192092896
14.484649634086963,-0.5538385510444641,4.8067393815243165e-08,0,1.0000001192092896
14.49469963383308,-0.5456424355506897,3.8276545127891026e-08,0,1.0000001192092896
14.504749633579195,-0.5513924956321716,5.067889857768293e-08,0,1.0000001192092896
14.51479963332531,-0.5453041791915894,3.9666298023988134e-08,0,1.0000001192092896
14.524849633071426,-0.5436263680458069,4.2408344197442105e-08,0,1.0000001192092896
14.534899632817542,-0.5491569638252258,4.906978295915465e-08,0,1.0000001192092896
14.544949632563657,-0.5406247973442078,3.842368437312338e-08,0,1.0000001192092896
14.55504963230851,-0.5457023978233337,5.034740679921157e-08,0,1.0000001192092896
14.565099632054626,-0.5405441522598267,4.0307566312458576e-08,0,1.0000001192092896
14.575149631800741,-0.5383176207542419,4.198531800003735e-08,0,1.0000001192092896
14.585199631546857,-0.5443543791770935,4.9962044917917225e-08,0,1.0000001192092896
14.595249631292972,-0.5356520414352417,3.851340080185395e-08,0,1.0000001192092896
14.605299631039088,-0.540073812007904,4.9851688749269485e-08,0,1.0000001192092896
14.615349630785204,-0.535929799079895,4.104932019299845e-08,0,1.0000001192092896
14.62539963053132,-0.5331454873085022,4.1743299789009924e-08,0,1.0000001192092896
14.635449630277435,-0.5394936203956604,5.064794764142455e-08,0,1.0000001192092896
14.64549963002355,-0.5307016372680664,3.867467457396856e-08,0,1.0000001192092896
14.655549629769666,-0.534366250038147,4.9314493461016795e-08,0,1.0000001192092896
14.665599629515782,-0.5313535332679749,4.199518510716871e-08,0,1.0000001192092896
14.675649629261898,-0.5280024409294128,4.1617691931561396e-08,0,1.0000001192092896
14.685699629008013,-0.5345275402069092,5.1358976099757925e-08,0,1.0000001192092896
14.695749628754129,-0.5256929993629456,3.900798087319579e-08,0,1.0000001192092896
14.705799628500245,-0.5287259817123413,4.8845261169105925e-08,0,1.0000001192092896
14.71584962824636,-0.5268846750259399,4.311376602950112e-08,0,1.0000001192092896
14.725899627992476,-0.5228191018104553,4.1552195712002415e-08,0,1.0000001192092896
14.735949627738592,-0.5295211672782898,5.199149791246249e-08,0,1.0000001192092896
14.745999627484707,-0.5208165049552917,3.9363491632915526e-08,0,1.0000001192092896
14.756049627230823,-0.5231550931930542,4.839442388493431e-08,0,1.0000001192092896
14.766099626976938,-0.5224091410636902,4.423346064430511e-08,0,1.0000001192092896
14.776149626723054,-0.5176671147346497,4.1447449639075984e-08,0,1.0000001192092896
14.78619962646917,-0.5244475603103638,5.253429635754259e-08,0,1.0000001192092896
14.796249626215285,-0.5159422755241394,3.974592183153547e-08,0,1.0000001192092896
14.806299625961401,-0.5176559090614319,4.800234862378794e-08,0,1.0000001192092896
14.816349625707517,-0.5179605484008789,4.544063389455566e-08,0,1.0000001192092896
14.826399625453632,-0.5126315951347351,4.141066656249137e-08,0,1.0000001192092896
14.836499625198485,-0.5193784236907959,5.305130640342881e-08,0,1.0000001192092896
14.8465496249446,-0.5111106634140015,4.0254855004917545e-08,0,1.0000001192092896
14.856599624690716,-0.5121231079101562,4.755711449644373e-08,0,1.0000001192092896
14.866649624436832,-0.5137359499931335,4.691136021306441e-08,0,1.0000001192092896
14.876699624182947,-0.5075176954269409,4.1331039285497084e-08,0,1.0000001192092896
14.886749623929063,-0.5142399072647095,5.3479717182502995e-08,0,1.0000001192092896
14.896799623675179,-0.5062251687049866,4.0744050494589956e-08,0,1.0000001192092896
14.906849623421294,-0.506632924079895,4.714059351207389e-08,0,1.0000001192092896
14.91689962316741,-0.5092940330505371,4.812907711260195e-08,0,1.0000001192092896
14.926949622913526,-0.5024150013923645,4.1375899234585845e-08,0,1.0000001192092896
14.936999622659641,-0.5091663002967834,5.39159758505825e-08,0,1.0000001192092896
14.947049622405757,-0.5014002919197083,4.1339563716658034e-08,0,1.0000001192092896
14.957099622151873,-0.501290500164032,4.681468754319518e-08,0,1.0000001192092896
14.967149621897988,-0.5047983527183533,4.9411617158989785e-08,0,1.0000001192092896
14.977199621644104,-0.49740633368492126,4.1552868784711094e-08,0,1.0000001192092896
14.98724962139022,-0.5039135217666626,5.4271490079749185e-08,0,1.0000001192092896
14.997299621136335,-0.4965977370738983,4.1998998029368906e-08,0,1.0000001192092896
15.00734962088245,-0.4959593415260315,4.656167812422396e-08,0,1.0000001192092896
15.017399620628566,-0.5001974105834961,5.0588956634900484e-08,0,1.0000001192092896
15.027449620374682,-0.49233946204185486,4.173253409511801e-08,0,1.0000001192092896
15.037499620120798,-0.49854207038879395,5.435313310542256e-08,0,1.0000001192092896
15.047549619866913,-0.4917660355567932,4.261357933188492e-08,0,1.0000001192092896
15.057599619613029,-0.4906236529350281,4.624810950870639e-08,0,1.0000001192092896
15.067649619359145,-0.4955471158027649,5.1616468044191066e-08,0,1.0000001192092896
15.07769961910526,-0.4873397946357727,4.182718407741426e-08,0,1.0000001192092896
15.087749618851376,-0.49303385615348816,5.422102350438607e-08,0,1.0000001192092896
15.097799618597492,-0.4870038330554962,4.3220753365158515e-08,0,1.0000001192092896
15.107849618343607,-0.48527005314826965,4.5965939388104005e-08,0,1.0000001192092896
15.11794961808846,-0.49090811610221863,5.271216449442839e-08,0,1.0000001192092896
15.127999617834575,-0.48235586285591125,4.197342820533301e-08,0,1.0000001192092896
15.138049617580691,-0.4874137341976166,5.384801285424068e-08,0,1.0000001192092896
15.148099617326807,-0.4822796583175659,4.389589039477393e-08,0,1.0000001192092896
15.158149617072922,-0.4800240099430084,4.557095326096494e-08,0,1.0000001192092896
15.168199616819038,-0.4860876202583313,5.356988463933732e-08,0,1.0000001192092896
15.178249616565154,-0.47741666436195374,4.2160944874192197e-08,0,1.0000001192092896
15.18829961631127,-0.4817935824394226,5.351806844910989e-08,0,1.0000001192092896
15.198349616057385,-0.4776720106601715,4.476168394274005e-08,0,1.0000001192092896
15.2083996158035,-0.4748697876930237,4.545454290738604e-08,0,1.0000001192092896
15.218449615549616,-0.4812178909778595,5.441257167060343e-08,0,1.0000001192092896
15.228499615295732,-0.47238782048225403,4.2453877219239544e-08,0,1.0000001192092896
15.238549615041848,-0.47610849142074585,5.3094594693048336e-08,0,1.0000001192092896
15.248599614787963,-0.47307777404785156,4.5780448876264757e-08,0,1.0000001192092896
15.258649614534079,-0.4697020947933197,4.535383180126473e-08,0,1.0000001192092896
15.268699614280195,-0.4762048125267029,5.508097797313205e-08,0,1.0000001192092896
15.27874961402631,-0.46742403507232666,4.269410172619281e-08,0,1.0000001192092896
15.288799613772426,-0.47042784094810486,5.253968093921202e-08,0,1.0000001192092896
15.298849613518541,-0.46860674023628235,4.684788321163147e-08,0,1.0000001192092896
15.308899613264657,-0.46449634432792664,4.527689681510516e-08,0,1.0000001192092896
15.318949613010773,-0.4712185561656952,5.5726513681353396e-08,0,1.0000001192092896
15.328999612756888,-0.46248260140419006,4.3112194370031887e-08,0,1.0000001192092896
15.339049612503004,-0.46484577655792236,5.215747625464395e-08,0,1.0000001192092896
15.34909961224912,-0.46410882472991943,4.800279618244474e-08,0,1.0000001192092896
15.359149611995235,-0.4593779742717743,4.5194129688619356e-08,0,1.0000001192092896
15.369199611741351,-0.46617409586906433,5.626662677449268e-08,0,1.0000001192092896
15.379249611487467,-0.45761507749557495,4.346546386702066e-08,0,1.0000001192092896
15.38934961123232,-0.4592435657978058,5.154603827106641e-08,0,1.0000001192092896
15.399399610978435,-0.4597946107387543,4.925348323636669e-08,0,1.0000001192092896
15.40944961072455,-0.4542304575443268,4.494269192911737e-08,0,1.0000001192092896
15.419499610470666,-0.4610713720321655,5.663380181486488e-08,0,1.0000001192092896
15.429549610216782,-0.4527341425418854,4.3832413393340985e-08,0,1.0000001192092896
15.439599609962897,-0.453784704208374,5.110102965777408e-08,0,1.0000001192092896
15.449649609709013,-0.4553997218608856,5.049116333366577e-08,0,1.0000001192092896
15.459699609455129,-0.44917476177215576,4.4902543488989366e-08,0,1.0000001192092896
15.469749609201244,-0.45595523715019226,5.704964625707909e-08,0,1.0000001192092896
15.47979960894736,-0.4479427933692932,4.435682723902268e-08,0,1.0000001192092896
15.489849608693476,-0.448330283164978,5.0745966456711145e-08,0,1.0000001192092896
15.499899608439591,-0.4509465992450714,5.178827852669876e-08,0,1.0000001192092896
15.509949608185707,-0.44408100843429565,4.504788556070061e-08,0,1.0000001192092896
15.519999607931823,-0.4508301317691803,5.757338356060515e-08,0,1.0000001192092896
15.530049607677938,-0.4430774748325348,4.500213049429824e-08,0,1.0000001192092896
15.540099607424054,-0.44294309616088867,5.046626658233855e-08,0,1.0000001192092896
15.55014960717017,-0.44649797677993774,5.308338144049962e-08,0,1.0000001192092896
15.560199606916285,-0.4390656650066376,4.521275021041049e-08,0,1.0000001192092896
15.5702496066624,-0.4455728530883789,5.79268785716458e-08,0,1.0000001192092896
15.580299606408516,-0.43826597929000854,4.5633753720242254e-08,0,1.0000001192092896
15.590349606154632,-0.43756935000419617,5.017266116458252e-08,0,1.0000001192092896
15.600399605900748,-0.44187238812446594,5.420285401069869e-08,0,1.0000001192092896
15.610449605646863,-0.4340323805809021,4.5353158728556053e-08,0,1.0000001192092896
15.620499605392979,-0.440205842256546,5.7988561869004585e-08,0,1.0000001192092896
15.630549605139095,-0.43346118927001953,4.625304306227207e-08,0,1.0000001192092896
15.64059960488521,-0.4322717487812042,4.990888605171939e-08,0,1.0000001192092896
15.650649604631326,-0.43721094727516174,5.5257725478652375e-08,0,1.0000001192092896
15.660749604376178,-0.4290168583393097,4.546645698821905e-08,0,1.0000001192092896
15.670799604122294,-0.4345991313457489,5.7736228992189e-08,0,1.0000001192092896
15.68084960386841,-0.4287011921405792,4.686470655990149e-08,0,1.0000001192092896
15.690899603614525,-0.4269517660140991,4.943606288221325e-08,0,1.0000001192092896
15.700949603360641,-0.43257415294647217,5.627604285352028e-08,0,1.0000001192092896
15.710999603106757,-0.42405322194099426,4.553910373794601e-08,0,1.0000001192092896
15.721049602852872,-0.42908424139022827,5.743028275162487e-08,0,1.0000001192092896
15.731099602598988,-0.4239255487918854,4.7470086889100926e-08,0,1.0000001192092896
15.741149602345104,-0.4217056930065155,4.9133259960587594e-08,0,1.0000001192092896
15.75119960209122,-0.42774471640586853,5.712725778539429e-08,0,1.0000001192092896
15.761249601837335,-0.41905131936073303,4.5725943864649565e-08,0,1.0000001192092896
15.77129960158345,-0.4234192967414856,5.704987524057792e-08,0,1.0000001192092896
15.781349601329566,-0.41933131217956543,4.8282048498160535e-08,0,1.0000001192092896
15.791399601075682,-0.41652458906173706,4.893049507237457e-08,0,1.0000001192092896
15.801449600821798,-0.4228234589099884,5.785914108935586e-08,0,1.0000001192092896
15.811499600567913,-0.4140494167804718,4.590156726935746e-08,0,1.0000001192092896
15.821549600314029,-0.4177543520927429,5.654363435803056e-08,0,1.0000001192092896
15.831599600060144,-0.4148065149784088,4.929116489971186e-08,0,1.0000001192092896
15.84164959980626,-0.4113457500934601,4.8864103735501985e-08,0,1.0000001192092896
15.851699599552376,-0.41789770126342773,5.8621531240365954e-08,0,1.0000001192092896
15.861749599298491,-0.40909677743911743,4.626582797429002e-08,0,1.0000001192092896
15.871799599044607,-0.41210731863975525,5.6088304140056167e-08,0,1.0000001192092896
15.881849598790723,-0.4102705121040344,5.041871434241507e-08,0,1.0000001192092896
15.891899598536838,-0.4061713218688965,4.8796140739160165e-08,0,1.0000001192092896
15.901949598282954,-0.4128577411174774,5.924508800214667e-08,0,1.0000001192092896
15.91199959802907,-0.4041755199432373,4.660115349164329e-08,0,1.0000001192092896
15.922049597775185,-0.4065230190753937,5.56284948660668e-08,0,1.0000001192092896
15.932099597521301,-0.4058017432689667,5.153706975069561e-08,0,1.0000001192092896
15.942199597266153,-0.4010283052921295,4.863688965461854e-08,0,1.0000001192092896
15.952249597012269,-0.40780654549598694,5.982220274702854e-08,0,1.0000001192092896
15.962299596758385,-0.3993259072303772,4.703225656155219e-08,0,1.0000001192092896
15.9723495965045,-0.40091630816459656,5.5090626505105433e-08,0,1.0000001192092896
15.982399596250616,-0.4014718234539032,5.287388582519981e-08,0,1.0000001192092896
15.992449595996732,-0.3959367871284485,4.856959626153845e-08,0,1.0000001192092896
16.002499595742847,-0.4027419090270996,6.025218518557196e-08,0,1.0000001192092896
16.012549595488963,-0.3944673538208008,4.7455060714352015e-08,0,1.0000001192092896
16.02259959523508,-0.3954865634441376,5.470662811646321e-08,0,1.0000001192092896
16.032649594981194,-0.39710384607315063,5.410842260356041e-08,0,1.0000001192092896
16.04269959472731,-0.39089006185531616,4.8508138478231544e-08,0,1.0000001192092896
16.052749594473426,-0.39761456847190857,6.064066609967611e-08,0,1.0000001192092896
16.06279959421954,-0.3896424174308777,4.795075794761239e-08,0,1.0000001192092896
16.072849593965657,-0.39002543687820435,5.429952668056792e-08,0,1.0000001192092896
16.082899593711772,-0.39271342754364014,5.538266720228613e-08,0,1.0000001192092896
16.092949593457888,-0.38576722145080566,4.8648102907167257e-08,0,1.0000001192092896
16.102999593204004,-0.39254096150398254,6.117001349892348e-08,0,1.0000001192092896
16.11304959295012,-0.3847928047180176,4.862612049127968e-08,0,1.0000001192092896
16.123099592696235,-0.38462480902671814,5.403463093633931e-08,0,1.0000001192092896
16.13314959244235,-0.3881639838218689,5.669234526273215e-08,0,1.0000001192092896
16.143199592188466,-0.38078323006629944,4.8793670492930374e-08,0,1.0000001192092896
16.153249591934582,-0.38723665475845337,6.14959194678022e-08,0,1.0000001192092896
16.163299591680698,-0.3799588978290558,4.9255727968544605e-08,0,1.0000001192092896
16.173349591426813,-0.37926000356674194,5.3719268616747584e-08,0,1.0000001192092896
16.18339959117293,-0.38354960083961487,5.7823707627635557e-08,0,1.0000001192092896
16.193449590919045,-0.37573203444480896,4.891658605954419e-08,0,1.0000001192092896
16.20349959066516,-0.38188081979751587,6.152866410813473e-08,0,1.0000001192092896
16.213599590410013,-0.3752088248729706,4.982294438127255e-08,0,1.0000001192092896
16.22364959015613,-0.3739064037799835,5.325698562708148e-08,0,1.0000001192092896
16.233699589902244,-0.37895986437797546,5.889293913652338e-08,0,1.0000001192092896
16.24374958964836,-0.3707256317138672,4.889886759396056e-08,0,1.0000001192092896
16.253799589394475,-0.3763144314289093,6.118863055126766e-08,0,1.0000001192092896
16.26384958914059,-0.37040531635284424,5.035770411776497e-08,0,1.0000001192092896
16.273899588886707,-0.36861109733581543,5.287927040686924e-08,0,1.0000001192092896
16.283949588632822,-0.3742581009864807,5.980044931463979e-08,0,1.0000001192092896
16.293999588378938,-0.3657640516757965,4.9043540062410074e-08,0,1.0000001192092896
16.304049588125054,-0.3707256317138672,6.093248128280493e-08,0,1.0000001192092896
16.31409958787117,-0.3656632602214813,5.103553690766205e-08,0,1.0000001192092896
16.324149587617285,-0.36338740587234497,5.2649586079756006e-08,0,1.0000001192092896
16.3341995873634,-0.36951377987861633,6.073060804245856e-08,0,1.0000001192092896
16.344249587109516,-0.36076435446739197,4.930103547629017e-08,0,1.0000001192092896
16.354299586855632,-0.365116685628891,6.063079899254475e-08,0,1.0000001192092896
16.364349586601747,-0.36101973056793213,5.197198227335775e-08,0,1.0000001192092896
16.374399586347863,-0.35820406675338745,5.259777335897553e-08,0,1.0000001192092896
16.38444958609398,-0.3645835816860199,6.157239995641106e-08,0,1.0000001192092896
16.394499585840094,-0.35577142238616943,4.9597784212984664e-08,0,1.0000001192092896
16.40454958558621,-0.35938453674316406,6.016515757822916e-08,0,1.0000001192092896
16.414599585332326,-0.3565039038658142,5.294767749242091e-08,0,1.0000001192092896
16.42464958507844,-0.353005051612854,5.2427083507833316e-08,0,1.0000001192092896
16.434699584824557,-0.3595771789550781,6.217420328580303e-08,0,1.0000001192092896
16.444749584570673,-0.35081207752227783,4.979067852461938e-08,0,1.0000001192092896
16.45479958431679,-0.3537285625934601,5.9532413720919664e-08,0,1.0000001192092896
16.464849584062904,-0.3519791066646576,5.394132363001347e-08,0,1.0000001192092896
16.47489958380902,-0.34788888692855835,5.22214008147337e-08,0,1.0000001192092896
16.484949583555135,-0.3545685410499573,6.268425362110364e-08,0,1.0000001192092896
16.495049583299988,-0.3458997905254364,5.003920194868172e-08,0,1.0000001192092896
16.505099583046103,-0.34805238246917725,5.882564574344329e-08,0,1.0000001192092896
16.51514958279222,-0.3476044237613678,5.5109243557449616e-08,0,1.0000001192092896
16.525199582538335,-0.34273913502693176,5.197714134097531e-08,0,1.0000001192092896
16.53524958228445,-0.34951063990592957,6.317995432381096e-08,0,1.0000001192092896
16.545299582030566,-0.34103450179100037,5.038753789210482e-08,0,1.0000001192092896
16.55534958177668,-0.3425823450088501,5.839790456763083e-08,0,1.0000001192092896
16.565399581522797,-0.3432431221008301,5.630453048244277e-08,0,1.0000001192092896
16.575449581268913,-0.33759161829948425,5.192443350288123e-08,0,1.0000001192092896
16.58549958101503,-0.3444415330886841,6.367565502651829e-08,0,1.0000001192092896
16.595549580761144,-0.3361871540546417,5.090073154634389e-08,0,1.0000001192092896
16.60559958050726,-0.33713462948799133,5.813166267798486e-08,0,1.0000001192092896
16.615649580253375,-0.33884376287460327,5.7668491509899056e-08,0,1.0000001192092896
16.62569957999949,-0.33255836367607117,5.201056252346348e-08,0,1.0000001192092896
16.635749579745607,-0.33928951621055603,6.41576652915532e-08,0,1.0000001192092896
16.645799579491722,-0.3312927484512329,5.1443758974922815e-08,0,1.0000001192092896
16.655849579237838,-0.33169594407081604,5.772321856611917e-08,0,1.0000001192092896
16.665899578983954,-0.33438169956207275,5.886557213896637e-08,0,1.0000001192092896
16.67594957873007,-0.3274511396884918,5.198566577213626e-08,0,1.0000001192092896
16.685999578476185,-0.33414426445961,6.447684053334513e-08,0,1.0000001192092896
16.6960495782223,-0.3264857232570648,5.190110494157629e-08,0,1.0000001192092896
16.706099577968416,-0.3262617290019989,5.721540949354953e-08,0,1.0000001192092896
16.716149577714532,-0.32983675599098206,5.990855728166267e-08,0,1.0000001192092896
16.726199577460648,-0.3224402964115143,5.1941031337099375e-08,0,1.0000001192092896
16.736249577206763,-0.32890716195106506,6.460895013438162e-08,0,1.0000001192092896
16.74629957695288,-0.32167646288871765,5.2364727137765854e-08,0,1.0000001192092896
16.756349576698994,-0.32096636295318604,5.677757569655384e-08,0,1.0000001192092896
16.766449576443847,-0.32531195878982544,6.105741606754478e-08,0,1.0000001192092896
16.776499576189963,-0.31740254163742065,5.194102786765242e-08,0,1.0000001192092896
16.78654957593608,-0.32342812418937683,6.452641199139464e-08,0,1.0000001192092896
16.796599575682194,-0.31687837839126587,5.300106534211757e-08,0,1.0000001192092896
16.80664957542831,-0.3155858814716339,5.6357689348640605e-08,0,1.0000001192092896
16.816699575174425,-0.3206617534160614,6.209569664017422e-08,0,1.0000001192092896
16.82674957492054,-0.31238943338394165,5.2057889249335076e-08,0,1.0000001192092896
16.836799574666657,-0.3179222345352173,6.430660171030667e-08,0,1.0000001192092896
16.846849574412772,-0.31211164593696594,5.354745466479294e-08,0,1.0000001192092896
16.856899574158888,-0.3102658987045288,5.5982884994421056e-08,0,1.0000001192092896
16.866949573905003,-0.3159487545490265,6.296125426574761e-08,0,1.0000001192092896
16.87699957365112,-0.3073987066745758,5.211845191532838e-08,0,1.0000001192092896
16.887049573397235,-0.3123379051685333,6.392978507685498e-08,0,1.0000001192092896
16.89709957314335,-0.30733823776245117,5.411156592249888e-08,0,1.0000001192092896
16.907149572889466,-0.3050624132156372,5.5621538624928135e-08,0,1.0000001192092896
16.91719957263558,-0.31108352541923523,6.37218611210244e-08,0,1.0000001192092896
16.927249572381697,-0.3024035394191742,5.222880461452917e-08,0,1.0000001192092896
16.937299572127813,-0.3067222535610199,6.347041642262852e-08,0,1.0000001192092896
16.94734957187393,-0.30273279547691345,5.489862731078432e-08,0,1.0000001192092896
16.957399571620044,-0.2998588979244232,5.5424605877041344e-08,0,1.0000001192092896
16.96744957136616,-0.3062249720096588,6.445396300014394e-08,0,1.0000001192092896
16.977499571112276,-0.2973993718624115,5.2433810765473154e-08,0,1.0000001192092896
16.98754957085839,-0.3009990453720093,6.295475252215965e-08,0,1.0000001192092896
16.997599570604507,-0.2981744110584259,5.586154455672343e-08,0,1.0000001192092896
17.007649570350623,-0.2946688234806061,5.5317393027332074e-08,0,1.0000001192092896
17.017699570096738,-0.30119839310646057,6.514391109879725e-08,0,1.0000001192092896
17.027749569842854,-0.29250049591064453,5.27646537573645e-08,0,1.0000001192092896
17.037849569587706,-0.2952997386455536,6.242743821882613e-08,0,1.0000001192092896
17.047899569333822,-0.2937392294406891,5.7134436071137884e-08,0,1.0000001192092896
17.057949569079938,-0.2895280420780182,5.519335335990583e-08,0,1.0000001192092896
17.067999568826053,-0.2962278723716736,6.580648526099964e-08,0,1.0000001192092896
17.07804956857217,-0.2875523567199707,5.31138848181012e-08,0,1.0000001192092896
17.088099568318285,-0.289653480052948,6.183304562812353e-08,0,1.0000001192092896
17.0981495680644,-0.2893197238445282,5.820725498817403e-08,0,1.0000001192092896
17.108199567810516,-0.2843692898750305,5.5007640803461655e-08,0,1.0000001192092896
17.11824956755663,-0.291156530380249,6.621964782071998e-08,0,1.0000001192092896
17.128299567302747,-0.2826825976371765,5.3435977864779716e-08,0,1.0000001192092896
17.138349567048863,-0.2842170000076294,6.137771541014914e-08,0,1.0000001192092896
17.14839956679498,-0.28490692377090454,5.934579910826798e-08,0,1.0000001192092896
17.158449566541094,-0.2792957127094269,5.48860713822652e-08,0,1.0000001192092896
17.16849956628721,-0.2860739529132843,6.663369855886003e-08,0,1.0000001192092896
17.178549566033325,-0.2778307795524597,5.385519113998427e-08,0,1.0000001192092896
17.18859956577944,-0.2788163721561432,6.098945654064991e-08,0,1.0000001192092896
17.198649565525557,-0.2805389165878296,6.062362417624811e-08,0,1.0000001192092896
17.208699565271672,-0.2742243707180023,5.488965532096657e-08,0,1.0000001192092896
17.218749565017788,-0.2809600234031677,6.70726460483273e-08,0,1.0000001192092896
17.228799564763904,-0.27299463748931885,5.439261194228884e-08,0,1.0000001192092896
17.23884956451002,-0.2733238935470581,6.060545815200769e-08,0,1.0000001192092896
17.248899564256135,-0.27607011795043945,6.184335682446473e-08,0,1.0000001192092896
17.25894956400225,-0.26915526390075684,5.491814294988906e-08,0,1.0000001192092896
17.268999563748366,-0.27583491802215576,6.744588915141847e-08,0,1.0000001192092896
17.279049563494482,-0.26816070079803467,5.489055043828017e-08,0,1.0000001192092896
17.289099563240597,-0.2678851783275604,6.015304920836684e-08,0,1.0000001192092896
17.299149562986713,-0.2715475857257843,6.293524035250186e-08,0,1.0000001192092896
17.30919956273283,-0.2641018331050873,5.4888531220154135e-08,0,1.0000001192092896
17.31929956247768,-0.27051717042922974,6.751316866671075e-08,0,1.0000001192092896
17.329349562223797,-0.26337385177612305,5.5371898038947265e-08,0,1.0000001192092896
17.339399561969913,-0.26252487301826477,5.956359017122992e-08,0,1.0000001192092896
17.34944956171603,-0.267013818025589,6.401972701963743e-08,0,1.0000001192092896
17.359499561462144,-0.25907304883003235,5.48264038335855e-08,0,1.0000001192092896
17.36954956120826,-0.2650896906852722,6.73779226856297e-08,0,1.0000001192092896
17.379599560954375,-0.2585914433002472,5.589496226976465e-08,0,1.0000001192092896
17.38964956070049,-0.257238507270813,5.919730677872437e-08,0,1.0000001192092896
17.399699560446606,-0.262347936630249,6.498936805376943e-08,0,1.0000001192092896
17.409749560192722,-0.2540823519229889,5.4930480303250206e-08,0,1.0000001192092896
17.419799559938838,-0.2595837414264679,6.716865258438176e-08,0,1.0000001192092896
17.429849559684953,-0.2538202404975891,5.649316431322049e-08,0,1.0000001192092896
17.43989955943107,-0.2519453763961792,5.8914470524307205e-08,0,1.0000001192092896
17.449949559177185,-0.2576148211956024,6.596707902151167e-08,0,1.0000001192092896
17.4599995589233,-0.24908043444156647,5.5124942804907207e-08,0,1.0000001192092896
17.470049558669416,-0.25401514768600464,6.69089089688768e-08,0,1.0000001192092896
17.48009955841553,-0.24903787672519684,5.714542727908167e-08,0,1.0000001192092896
17.490149558161647,-0.246688112616539,5.8607625696982524e-08,0,1.0000001192092896
17.500199557907763,-0.2527831196784973,6.67391211739421e-08,0,1.0000001192092896
17.51024955765388,-0.24412555992603302,5.521488474768965e-08,0,1.0000001192092896
17.520299557399994,-0.24832554161548615,6.639010868836337e-08,0,1.0000001192092896
17.53034955714611,-0.24439659714698792,5.786991025269472e-08,0,1.0000001192092896
17.540399556892226,-0.24150702357292175,5.831963384439476e-08,0,1.0000001192092896
17.55044955663834,-0.2478797882795334,6.732117641128355e-08,0,1.0000001192092896
17.560499556384457,-0.23909902572631836,5.523215912406343e-08,0,1.0000001192092896
17.570549556130572,-0.24261805415153503,6.56373635998797e-08,0,1.0000001192092896
17.580599555876688,-0.23984044790267944,5.860224111531309e-08,0,1.0000001192092896
17.59069955562154,-0.23635417222976685,5.7885311127714445e-08,0,1.0000001192092896
17.600749555367656,-0.24289579689502716,6.77489106482021e-08,0,1.0000001192092896
17.610799555113772,-0.23415982723236084,5.522968887783364e-08,0,1.0000001192092896
17.620849554859888,-0.2368679642677307,6.470495667043608e-08,0,1.0000001192092896
17.630899554606003,-0.23551054298877716,5.9577273670008424e-08,0,1.0000001192092896
17.64094955435212,-0.23118509352207184,5.75000359825939e-08,0,1.0000001192092896
17.650999554098235,-0.23794317245483398,6.818158537758023e-08,0,1.0000001192092896
17.66104955384435,-0.22926318645477295,5.54813590902814e-08,0,1.0000001192092896
17.671099553590466,-0.23131950199604034,6.420387138605932e-08,0,1.0000001192092896
17.68114955333658,-0.23105069994926453,6.070683539194377e-08,0,1.0000001192092896
17.691199553082697,-0.226075679063797,5.7462361258142636e-08,0,1.0000001192092896
17.701249552828813,-0.23280462622642517,6.877642205749268e-08,0,1.0000001192092896
17.71129955257493,-0.22441807389259338,5.601294081336583e-08,0,1.0000001192092896
17.721349552321044,-0.2258852869272232,6.393561374773427e-08,0,1.0000001192092896
17.73139955206716,-0.22669166326522827,6.203984548314168e-08,0,1.0000001192092896
17.741449551813275,-0.22094383835792542,5.754938539603849e-08,0,1.0000001192092896
17.75149955155939,-0.22773998975753784,6.93591434286489e-08,0,1.0000001192092896
17.761549551305507,-0.2195192128419876,5.660845750488086e-08,0,1.0000001192092896
17.771599551051622,-0.22043313086032867,6.368619520635832e-08,0,1.0000001192092896
17.781649550797738,-0.22223632037639618,6.34378938269009e-08,0,1.0000001192092896
17.791699550543854,-0.21589265763759613,5.7603668363048754e-08,0,1.0000001192092896
17.80174955028997,-0.2226305603981018,6.978486538633533e-08,0,1.0000001192092896
17.811799550036085,-0.21467185020446777,5.711402531471954e-08,0,1.0000001192092896
17.8218495497822,-0.21493841707706451,6.32084384832865e-08,0,1.0000001192092896
17.831899549528316,-0.21776975691318512,6.454166368019543e-08,0,1.0000001192092896
17.84194954927443,-0.2108100950717926,5.748860068544026e-08,0,1.0000001192092896
17.851999549020547,-0.21745841205120087,6.998829987781008e-08,0,1.0000001192092896
17.862049548766663,-0.20981554687023163,5.74480012172085e-08,0,1.0000001192092896
17.872149548511516,-0.20950867235660553,6.248328243696477e-08,0,1.0000001192092896
17.88219954825763,-0.21332785487174988,6.564432331046532e-08,0,1.0000001192092896
17.892249548003747,-0.2057589292526245,5.732822896953316e-08,0,1.0000001192092896
17.902299547749863,-0.21210706233978271,6.997507434602923e-08,0,1.0000001192092896
17.912349547495978,-0.20503763854503632,5.791342752581308e-08,0,1.0000001192092896
17.922399547242094,-0.2041729986667633,6.20315465660326e-08,0,1.0000001192092896
17.93244954698821,-0.20869779586791992,6.661821788656042e-08,0,1.0000001192092896
17.942499546734325,-0.20080852508544922,5.7360529520655845e-08,0,1.0000001192092896
17.95254954648044,-0.20670194923877716,6.992752210610576e-08,0,1.0000001192092896
17.962599546226556,-0.20031797885894775,5.85042292389204e-08,0,1.0000001192092896
17.972649545972672,-0.19894038140773773,6.176440608962608e-08,0,1.0000001192092896
17.982699545718788,-0.20409460365772247,6.766771171173858e-08,0,1.0000001192092896
17.992749545464903,-0.1957797408103943,5.7541763021085046e-08,0,1.0000001192092896
18.00279954521102,-0.20123636722564697,6.976086375232171e-08,0,1.0000001192092896
18.012849544957135,-0.19551542401313782,5.9117453987678203e-08,0,1.0000001192092896
18.02289954470325,-0.19364503026008606,6.146922554295386e-08,0,1.0000001192092896
18.032949544449366,-0.19932341575622559,6.857656803527235e-08,0,1.0000001192092896
18.04299954419548,-0.19078005850315094,5.765548108382923e-08,0,1.0000001192092896
18.053049543941597,-0.1956520676612854,6.939862573496214e-08,0,1.0000001192092896
18.063099543687713,-0.19075095653533936,5.970086230933092e-08,0,1.0000001192092896
18.07314954343383,-0.18837879598140717,6.111931794006153e-08,0,1.0000001192092896
18.083199543179944,-0.1944805532693863,6.932572571560769e-08,0,1.0000001192092896
18.09324954292606,-0.18578487634658813,5.7758655497286426e-08,0,1.0000001192092896
18.103299542672175,-0.18998710811138153,6.886053532939584e-08,0,1.0000001192092896
18.11334954241829,-0.18614551424980164,6.043319317194928e-08,0,1.0000001192092896
18.123399542164407,-0.1831819862127304,6.081203596242091e-08,0,1.0000001192092896
18.133449541910522,-0.18957942724227905,6.989163414683475e-08,0,1.0000001192092896
18.143549541655375,-0.1808300018310547,5.7765830313583066e-08,0,1.0000001192092896
18.15359954140149,-0.18416759371757507,6.79817313553599e-08,0,1.0000001192092896
18.163649541147606,-0.1816946417093277,6.138960173540653e-08,0,1.0000001192092896
18.173699540893722,-0.17801207304000854,6.041771943854357e-08,0,1.0000001192092896
18.183749540639838,-0.18457750976085663,7.045933281268901e-08,0,1.0000001192092896
18.193799540385953,-0.17588409781455994,5.795514415596337e-08,0,1.0000001192092896
18.20384954013207,-0.17857879400253296,6.739451358095394e-08,0,1.0000001192092896
18.213899539878184,-0.17727063596248627,6.240455374673104e-08,0,1.0000001192092896
18.2239495396243,-0.17286457121372223,6.024007681570964e-08,0,1.0000001192092896
18.233999539370416,-0.17957112193107605,7.09666977960488e-08,0,1.0000001192092896
18.24404953911653,-0.17098522186279297,5.8246053813437726e-08,0,1.0000001192092896
18.254099538862647,-0.1730034500360489,6.687549125583558e-08,0,1.0000001192092896
18.264149538608763,-0.1728130578994751,6.346615594177152e-08,0,1.0000001192092896
18.27419953835488,-0.16772378981113434,6.008530478718299e-08,0,1.0000001192092896
18.284249538100994,-0.17451544106006622,7.140654734172358e-08,0,1.0000001192092896
18.29429953784711,-0.16610203683376312,5.860426727233303e-08,0,1.0000001192092896
18.304349537593225,-0.16749082505702972,6.64159074958981e-08,0,1.0000001192092896
18.31439953733934,-0.16835546493530273,6.459729279262305e-08,0,1.0000001192092896
18.324449537085457,-0.16263450682163239,5.992515511588081e-08,0,1.0000001192092896
18.334499536831572,-0.16939930617809296,7.171831878372004e-08,0,1.0000001192092896
18.344549536577688,-0.16124795377254486,5.8936223956695954e-08,0,1.0000001192092896
18.354599536323803,-0.16206778585910797,6.591729245775113e-08,0,1.0000001192092896
18.36464953606992,-0.16401435434818268,6.57277565707659e-08,0,1.0000001192092896
18.374699535816035,-0.15759900212287903,5.98098723325613e-08,0,1.0000001192092896
18.38474953556215,-0.16434139013290405,7.201618468233306e-08,0,1.0000001192092896
18.394799535308266,-0.15637820959091187,5.933615404574155e-08,0,1.0000001192092896
18.40484953505438,-0.15663133561611176,6.539019326012863e-08,0,1.0000001192092896
18.414949534799234,-0.15956763923168182,6.691030368655149e-08,0,1.0000001192092896
18.42499953454535,-0.15244926512241364,5.967057403744036e-08,0,1.0000001192092896
18.435049534291466,-0.1591334044933319,7.224609105405122e-08,0,1.0000001192092896
18.44509953403758,-0.1515868604183197,5.978743888856997e-08,0,1.0000001192092896
18.455149533783697,-0.1511814147233963,6.474398100975165e-08,0,1.0000001192092896
18.465199533529812,-0.15508797764778137,6.799092538978257e-08,0,1.0000001192092896
18.475249533275928,-0.14747871458530426,5.962100951828475e-08,0,1.0000001192092896
18.485299533022044,-0.15383805334568024,7.227032167156366e-08,0,1.0000001192092896
18.49534953276816,-0.1467887908220291,6.024881982202857e-08,0,1.0000001192092896
18.505399532514275,-0.145843505859375,6.432611387996445e-08,0,1.0000001192092896
18.51544953226039,-0.15043550729751587,6.898456805792819e-08,0,1.0000001192092896
18.525499532006506,-0.14250367879867554,5.967484145719126e-08,0,1.0000001192092896
18.535549531752622,-0.14838142693042755,7.219742165220921e-08,0,1.0000001192092896
18.545599531498738,-0.14202655851840973,6.082862685774515e-08,0,1.0000001192092896
18.555649531244853,-0.14057055115699768,6.402151725426464e-08,0,1.0000001192092896
18.56569953099097,-0.14578527212142944,6.999571061649945e-08,0,1.0000001192092896
18.575749530737085,-0.13746370375156403,5.980448081199796e-08,0,1.0000001192092896
18.5857995304832,-0.14287103712558746,7.197581419760013e-08,0,1.0000001192092896
18.595849530229316,-0.1372508853673935,6.139655450709824e-08,0,1.0000001192092896
18.60589952997543,-0.1352662444114685,6.364044013995596e-08,0,1.0000001192092896
18.615949529721547,-0.1410095989704132,7.08446773467486e-08,0,1.0000001192092896
18.625999529467663,-0.13246624171733856,5.986145606984294e-08,0,1.0000001192092896
18.63604952921378,-0.13726209104061127,7.152631958939892e-08,0,1.0000001192092896
18.646099528959894,-0.132472962141037,6.190593870858407e-08,0,1.0000001192092896
18.65614952870601,-0.13003584742546082,6.323176704459144e-08,0,1.0000001192092896
18.666199528452125,-0.13620929419994354,7.149828645802714e-08,0,1.0000001192092896
18.67624952819824,-0.1274755448102951,5.985629353277844e-08,0,1.0000001192092896
18.686299527944357,-0.1315971314907074,7.09043448954283e-08,0,1.0000001192092896
18.69639952768921,-0.1279190629720688,6.269030433658784e-08,0,1.0000001192092896
18.706449527435325,-0.12483459711074829,6.277240532925887e-08,0,1.0000001192092896
18.71649952718144,-0.13127905130386353,7.207585223101276e-08,0,1.0000001192092896
18.726549526927556,-0.12255427241325378,5.988567974846148e-08,0,1.0000001192092896
18.736599526673672,-0.1258336305618286,7.007107394318979e-08,0,1.0000001192092896
18.746649526419787,-0.12346819043159485,6.357696313852301e-08,0,1.0000001192092896
18.756699526165903,-0.11973187327384949,6.255415629929928e-08,0,1.0000001192092896
18.76674952591202,-0.126304030418396,7.261596185470509e-08,0,1.0000001192092896
18.776799525658134,-0.11759940534830093,6.010168057679621e-08,0,1.0000001192092896
18.78684952540425,-0.12021572142839432,6.946703628996076e-08,0,1.0000001192092896
18.796899525150366,-0.11891652643680573,6.453471090850371e-08,0,1.0000001192092896
18.80694952489648,-0.11457093060016632,6.230339161250598e-08,0,1.0000001192092896
18.816999524642597,-0.12128419429063797,7.303405796799112e-08,0,1.0000001192092896
18.827049524388713,-0.11264901608228683,6.030848737070826e-08,0,1.0000001192092896
18.83709952413483,-0.11464261263608932,6.883787984079959e-08,0,1.0000001192092896
18.847149523880944,-0.11451045423746109,6.550929243509529e-08,0,1.0000001192092896
18.85719952362706,-0.10945030301809311,6.206272301634286e-08,0,1.0000001192092896
18.867249523373175,-0.11622628569602966,7.338395863198954e-08,0,1.0000001192092896
18.87729952311929,-0.10775462538003922,6.061308399640808e-08,0,1.0000001192092896
18.887349522865406,-0.10918374359607697,6.837626992384216e-08,0,1.0000001192092896
18.897399522611522,-0.11010662466287613,6.667788543524011e-08,0,1.0000001192092896
18.907449522357638,-0.10435878485441208,6.194339485787737e-08,0,1.0000001192092896
18.917499522103753,-0.11114821583032608,7.376952521065405e-08,0,1.0000001192092896
18.92754952184987,-0.10294535011053085,6.100291105592959e-08,0,1.0000001192092896
18.937599521595985,-0.10372263193130493,6.795235207857075e-08,0,1.0000001192092896
18.9476495213421,-0.10568934679031372,6.788573175819934e-08,0,1.0000001192092896
18.957699521088216,-0.09924039244651794,6.190436357966789e-08,0,1.0000001192092896
18.96779952083307,-0.10597286373376846,7.41427266803818e-08,0,1.0000001192092896
18.977849520579184,-0.09808679670095444,6.151632675477359e-08,0,1.0000001192092896
18.9878995203253,-0.09821447730064392,6.735055568807269e-08,0,1.0000001192092896
18.997949520071415,-0.10130342841148376,6.915929634532247e-08,0,1.0000001192092896
19.00799951981753,-0.09418472647666931,6.176956168779668e-08,0,1.0000001192092896
19.018049519563647,-0.10075239837169647,7.43515873868894e-08,0,1.0000001192092896
19.028099519309762,-0.09329544752836227,6.192051732467618e-08,0,1.0000001192092896
19.038149519055878,-0.09284073114395142,6.681403347252868e-08,0,1.0000001192092896
19.048199518801994,-0.09675175696611404,7.014329395094165e-08,0,1.0000001192092896
19.05824951854811,-0.08916714042425156,6.171325950266038e-08,0,1.0000001192092896
19.068299518294225,-0.09545032680034637,7.432758575287579e-08,0,1.0000001192092896
19.07834951804034,-0.0884234607219696,6.232896837543578e-08,0,1.0000001192092896
19.088399517786456,-0.08751850575208664,6.633605470485193e-08,0,1.0000001192092896
19.098449517532572,-0.09215081483125687,7.106919913679732e-08,0,1.0000001192092896
19.108499517278688,-0.08415403217077255,6.168433125397499e-08,0,1.0000001192092896
19.118549517024803,-0.09000265598297119,7.413737679318189e-08,0,1.0000001192092896
19.12859951677092,-0.08370602875947952,6.282691034087406e-08,0,1.0000001192092896
19.138649516517034,-0.08221195638179779,6.595318041702214e-08,0,1.0000001192092896
19.14869951626315,-0.08748042583465576,7.200833679332774e-08,0,1.0000001192092896
19.158749516009266,-0.07914091646671295,6.17774165156959e-08,0,1.0000001192092896
19.16879951575538,-0.08450571447610855,7.390230788439922e-08,0,1.0000001192092896
19.178849515501497,-0.07890123873949051,6.337778218901136e-08,0,1.0000001192092896
19.188899515247613,-0.0769367590546608,6.556850201677733e-08,0,1.0000001192092896
19.19894951499373,-0.0827159509062767,7.286560937957987e-08,0,1.0000001192092896
19.208999514739844,-0.07412556558847427,6.185525008861603e-08,0,1.0000001192092896
19.21904951448596,-0.07889227569103241,7.346246527761835e-08,0,1.0000001192092896
19.229099514232075,-0.07419949024915695,6.394212243021613e-08,0,1.0000001192092896
19.23914951397819,-0.07171981036663055,6.520872730675364e-08,0,1.0000001192092896
19.249249513723043,-0.07787979394197464,7.361162374097674e-08,0,1.0000001192092896
19.25929951346916,-0.06915052980184555,6.18455980871957e-08,0,1.0000001192092896
19.269349513215275,-0.07314668595790863,7.271420271459661e-08,0,1.0000001192092896
19.27939951296139,-0.06964557617902756,6.474892150221123e-08,0,1.0000001192092896
19.289449512707506,-0.06651405990123749,6.478816788613173e-08,0,1.0000001192092896
19.29949951245362,-0.07296077162027359,7.415016517464679e-08,0,1.0000001192092896
19.309549512199737,-0.06423374265432358,6.194900148415172e-08,0,1.0000001192092896
19.319599511945853,-0.06746605783700943,7.205723517866858e-08,0,1.0000001192092896
19.32964951169197,-0.06514318287372589,6.565598065222389e-08,0,1.0000001192092896
19.339699511438084,-0.06140239164233208,6.456431916879168e-08,0,1.0000001192092896
19.3497495111842,-0.06798349320888519,7.468040769120776e-08,0,1.0000001192092896
19.359799510930316,-0.059251997619867325,6.215311598722906e-08,0,1.0000001192092896
19.36984951067643,-0.06185934692621231,7.149828645802714e-08,0,1.0000001192092896
19.379899510422547,-0.0606878362596035,6.669537838677186e-08,0,1.0000001192092896
19.389949510168663,-0.056198883801698685,6.438846678058496e-08,0,1.0000001192092896
19.399999509914778,-0.06297934800386429,7.516332001245019e-08,0,1.0000001192092896
19.410049509660894,-0.054330725222826004,6.244066375060697e-08,0,1.0000001192092896
19.42009950940701,-0.056259363889694214,7.0941121033119e-08,0,1.0000001192092896
19.430149509153125,-0.05622352287173271,6.768363647324804e-08,0,1.0000001192092896
19.44019950889924,-0.05110064893960953,6.415206560417275e-08,0,1.0000001192092896
19.450249508645356,-0.057863201946020126,7.548608266239043e-08,0,1.0000001192092896
19.460299508391472,-0.04942065477371216,6.268380259299988e-08,0,1.0000001192092896
19.470349508137588,-0.05082065239548683,7.041873334445725e-08,0,1.0000001192092896
19.480399507883703,-0.051804009824991226,6.876228753061042e-08,0,1.0000001192092896
19.49044950762982,-0.04603378102183342,6.393202633958595e-08,0,1.0000001192092896
19.500499507375935,-0.05279632657766342,7.576152205590603e-08,0,1.0000001192092896
19.51054950712205,-0.04461362585425377,6.301015958998235e-08,0,1.0000001192092896
19.520649506866903,-0.04532594233751297,6.975413996412883e-08,0,1.0000001192092896
19.53069950661302,-0.04750769957900047,7.006255298147579e-08,0,1.0000001192092896
19.540749506359134,-0.04091762751340866,6.378936961981552e-08,0,1.0000001192092896
19.55079950610525,-0.047664497047662735,7.608496471744886e-08,0,1.0000001192092896
19.560849505851365,-0.03986034914851189,6.349621523016324e-08,0,1.0000001192092896
19.57089950559748,-0.03988051041960716,6.929119084064794e-08,0,1.0000001192092896
19.580949505343597,-0.043052349239587784,7.125559170484408e-08,0,1.0000001192092896
19.590999505089712,-0.03590451925992966,6.384118234059599e-08,0,1.0000001192092896
19.601049504835828,-0.04249010607600212,7.64512411710605e-08,0,1.0000001192092896
19.611099504581944,-0.03501524403691292,6.405673214082697e-08,0,1.0000001192092896
19.62114950432806,-0.03452468290925026,6.893680071229369e-08,0,1.0000001192092896
19.631199504074175,-0.03849395364522934,7.2354205959968e-08,0,1.0000001192092896
19.64124950382029,-0.030869010835886,6.386025042104393e-08,0,1.0000001192092896
19.651299503566406,-0.03712307661771774,7.647905225782736e-08,0,1.0000001192092896
19.661349503312522,-0.03019029274582863,6.44988229492327e-08,0,1.0000001192092896
19.671399503058637,-0.029159892350435257,6.844558253504829e-08,0,1.0000001192092896
19.681449502804753,-0.03385268151760101,7.323457812402623e-08,0,1.0000001192092896
19.69149950255087,-0.02578197978436947,6.378465811085476e-08,0,1.0000001192092896
19.701549502296984,-0.03169780969619751,7.62312019064737e-08,0,1.0000001192092896
19.7115995020431,-0.02539670094847679,6.491714110712365e-08,0,1.0000001192092896
19.721649501789216,-0.023920543491840363,6.799608792684708e-08,0,1.0000001192092896
19.73169950153533,-0.029159892350435257,7.409678426384403e-08,0,1.0000001192092896
19.741749501281447,-0.020820388570427895,6.382458450637785e-08,0,1.0000001192092896
19.751799501027563,-0.026189658790826797,7.593288497975692e-08,0,1.0000001192092896
19.76184950077368,-0.020565029233694077,6.54258452970069e-08,0,1.0000001192092896
19.771899500519794,-0.018636392429471016,6.762801429971432e-08,0,1.0000001192092896
19.78194950026591,-0.024433502927422523,7.494777021221921e-08,0,1.0000001192092896
19.792049500010762,-0.015845293179154396,6.395114993118511e-08,0,1.0000001192092896
19.802099499756878,-0.020473189651966095,7.546522434731529e-08,0,1.0000001192092896
19.812149499502993,-0.015957359224557877,6.618241371603162e-08,0,1.0000001192092896
19.82219949924911,-0.013403763994574547,6.72415456648423e-08,0,1.0000001192092896
19.832249498995225,-0.019604071974754333,7.573348198564034e-08,0,1.0000001192092896
19.84229949874134,-0.010836728848516941,6.397105067890152e-08,0,1.0000001192092896
19.852349498487456,-0.014826160855591297,7.482844205375372e-08,0,1.0000001192092896
19.86239949823357,-0.011313848197460175,6.686719233872651e-08,0,1.0000001192092896
19.872449497979687,-0.008211453445255756,6.686225878516083e-08,0,1.0000001192092896
19.882499497725803,-0.014669361524283886,7.62260463083031e-08,0,1.0000001192092896
19.89254949747192,-0.0058975378051400185,6.401074809092577e-08,0,1.0000001192092896
19.902599497218034,-0.009143291041254997,7.413131913880378e-08,0,1.0000001192092896
19.91264949696415,-0.00684281624853611,6.776483540971157e-08,0,1.0000001192092896
19.922699496710266,-0.0030796232167631388,6.663369855886003e-08,0,1.0000001192092896
19.93274949645638,-0.009654010646045208,7.676010521651122e-08,0,1.0000001192092896
19.942799496202497,-0.0009673073654994369,6.426062459929938e-08,0,1.0000001192092896
19.952849495948612,-0.0035365824587643147,7.357954523445898e-08,0,1.0000001192092896
19.962899495694728,-0.0023628247436136007,6.8788530427355e-08,0,1.0000001192092896
19.972949495440844,0.002072366885840893,6.646009437227818e-08,0,1.0000001192092896
19.98299949518696,-0.004652100149542093,7.725445283490728e-08,0,1.0000001192092896
19.993049494933075,0.003960683476179838,6.454099060748675e-08,0,1.0000001192092896
20.00309949467919,0.002014127094298601,7.304190585699644e-08,0,1.0000001192092896
20.013149494425306,0.0020970068871974945,6.993761125784204e-08,0,1.0000001192092896
20.023199494171422,0.0072333174757659435,6.647108558022197e-08,0,1.0000001192092896
20.033249493917538,0.0004774898989126086,7.788540645758957e-08,0,1.0000001192092896
20.043299493663653,0.008890914730727673,6.515512435134596e-08,0,1.0000001192092896
20.05334949340977,0.007524516899138689,7.292033643579998e-08,0,1.0000001192092896
20.063399493155885,0.006550118792802095,7.129484502765848e-08,0,1.0000001192092896
20.073499492900737,0.012414427474141121,6.63903307329683e-08,0,1.0000001192092896
20.083549492646853,0.005665320437401533,7.825280007311974e-08,0,1.0000001192092896
20.09359949239297,0.013744985684752464,6.547497266584656e-08,0,1.0000001192092896
20.103649492139084,0.013106586411595345,7.212182934202005e-08,0,1.0000001192092896
20.1136994918852,0.01092483103275299,7.239502747280468e-08,0,1.0000001192092896
20.123749491631315,0.01750369928777218,6.603324831377932e-08,0,1.0000001192092896
20.13379949137743,0.010801631025969982,7.827725273523711e-08,0,1.0000001192092896
20.143849491123547,0.018583375960588455,6.562099474916039e-08,0,1.0000001192092896
20.153899490869662,0.01851169764995575,7.135495666554803e-08,0,1.0000001192092896
20.163949490615778,0.015424982644617558,7.32462424046787e-08,0,1.0000001192092896
20.173999490361894,0.02251232974231243,6.579033151599134e-08,0,1.0000001192092896
20.18404949010801,0.01595810055732727,7.833646925581306e-08,0,1.0000001192092896
20.194099489854125,0.023453129455447197,6.593030288382096e-08,0,1.0000001192092896
20.20414948960024,0.02391008846461773,7.078120034531565e-08,0,1.0000001192092896
20.214199489346356,0.019929613918066025,7.420781350520045e-08,0,1.0000001192092896
20.224249489092472,0.02754111960530281,6.574681771231994e-08,0,1.0000001192092896
20.234299488838587,0.02126913145184517,7.839119631203317e-08,0,1.0000001192092896
20.244349488584703,0.028233276680111885,6.64627866631129e-08,0,1.0000001192092896
20.25439948833082,0.029209917411208153,7.045282413020715e-08,0,1.0000001192092896
20.264449488076934,0.02454848773777485,7.529542961348668e-08,0,1.0000001192092896
20.27449948782305,0.03255647048354149,6.594801787995763e-08,0,1.0000001192092896
20.284549487569166,0.026714561507105827,7.841070848169096e-08,0,1.0000001192092896
20.29459948731528,0.03298655152320862,6.715653727562554e-08,0,1.0000001192092896
20.304649487061397,0.03444702550768852,7.024669734789768e-08,0,1.0000001192092896
20.314699486807513,0.029263677075505257,7.636712789915734e-08,0,1.0000001192092896
20.32474948655363,0.03753598406910896,6.609941760604698e-08,0,1.0000001192092896
20.334799486299744,0.03224286809563637,7.819336844683278e-08,0,1.0000001192092896
20.344899486044596,0.03775601461529732,6.772478411409821e-08,0,1.0000001192092896
20.354949485790712,0.0398230217397213,6.970838489772646e-08,0,1.0000001192092896
20.364999485536828,0.03396990895271301,7.72060054776702e-08,0,1.0000001192092896
20.375049485282943,0.042600613087415695,6.603481650380161e-08,0,1.0000001192092896
20.38509948502906,0.037896621972322464,7.75164307742493e-08,0,1.0000001192092896
20.395149484775175,0.042452774941921234,6.818965531119048e-08,0,1.0000001192092896
20.40519948452129,0.04503548890352249,6.922053208402446e-08,0,1.0000001192092896
20.415249484267406,0.0387859009206295,7.769699467141677e-08,0,1.0000001192092896
20.42529948401352,0.047551002353429794,6.593030288382096e-08,0,1.0000001192092896
20.435349483759637,0.04357949271798134,7.680563129941476e-08,0,1.0000001192092896
20.445399483505753,0.047047000378370285,6.889350895322721e-08,0,1.0000001192092896
20.45544948325187,0.05020764097571373,6.894217835506922e-08,0,1.0000001192092896
20.465499482997984,0.043747492134571075,7.832098858351344e-08,0,1.0000001192092896
20.4755494827441,0.05249467492103577,6.617321274271504e-08,0,1.0000001192092896
20.485599482490215,0.049253400415182114,7.630387988122322e-08,0,1.0000001192092896
20.49564948223633,0.0515628345310688,6.993784024134087e-08,0,1.0000001192092896
20.505699481982447,0.055317070335149765,6.882464737012484e-08,0,1.0000001192092896
20.515749481728562,0.04876060038805008,7.893960485283458e-08,0,1.0000001192092896
20.525799481474678,0.057449545711278915,6.643878502909928e-08,0,1.0000001192092896
20.535849481220794,0.054886989295482635,7.575389621150563e-08,0,1.0000001192092896
20.54589948096691,0.05605850741267204,7.097162441072058e-08,0,1.0000001192092896
20.555949480713025,0.06052729859948158,6.865193136196268e-08,0,1.0000001192092896
20.56599948045914,0.05377595126628876,7.940906265879732e-08,0,1.0000001192092896
20.576049480205256,0.062370818108320236,6.671220520448884e-08,0,1.0000001192092896
20.586099479951372,0.0604444183409214,7.518350525481665e-08,0,1.0000001192092896
20.596149479697488,0.06055193766951561,7.196145762611295e-08,0,1.0000001192092896
20.606199479443603,0.06563001126050949,6.835227522872245e-08,0,1.0000001192092896
20.61624947918972,0.05887642502784729,7.968382897960424e-08,0,1.0000001192092896
20.62634947893457,0.06723608821630478,6.689029885542652e-08,0,1.0000001192092896
20.636399478680687,0.06598169356584549,7.443951011154581e-08,0,1.0000001192092896
20.646449478426803,0.06479673832654953,7.310627797574298e-08,0,1.0000001192092896
20.65649947817292,0.0707147940993309,6.801223473296147e-08,0,1.0000001192092896
20.666549477919034,0.0640149787068367,7.990027389714882e-08,0,1.0000001192092896
20.67659947766515,0.07206327468156815,6.715249883937346e-08,0,1.0000001192092896
20.686649477411265,0.07143159210681915,7.384018396727754e-08,0,1.0000001192092896
20.69669947715738,0.06922072917222977,7.418671926773257e-08,0,1.0000001192092896
20.706749476903497,0.07578615844249725,6.788258843926087e-08,0,1.0000001192092896
20.716799476649612,0.06908184289932251,8.018513630858592e-08,0,1.0000001192092896
20.726849476395728,0.07693975418806076,6.755646736467114e-08,0,1.0000001192092896
20.736899476141843,0.07682103663682938,7.333214591120907e-08,0,1.0000001192092896
20.74694947588796,0.07367159426212311,7.52734471975991e-08,0,1.0000001192092896
20.756999475634075,0.08081942796707153,6.786105705147705e-08,0,1.0000001192092896
20.76704947538019,0.07421591132879257,8.045810545587173e-08,0,1.0000001192092896
20.777099475126306,0.0817243829369545,6.805889185557135e-08,0,1.0000001192092896
20.78714947487242,0.08221270143985748,7.292773329670155e-08,0,1.0000001192092896
20.797199474618537,0.07828374952077866,7.63745247600589e-08,0,1.0000001192092896
20.807249474364653,0.08589077740907669,6.791511797388239e-08,0,1.0000001192092896
20.81729947411077,0.07956726104021072,8.052315758622086e-08,0,1.0000001192092896
20.827349473856884,0.08654037117958069,6.854135314871002e-08,0,1.0000001192092896
20.837399473603,0.08753044903278351,7.249529448971614e-08,0,1.0000001192092896
20.847449473349116,0.0828869417309761,7.729505230313904e-08,0,1.0000001192092896
20.85749947309523,0.09089715778827667,6.788931916634766e-08,0,1.0000001192092896
20.867549472841347,0.08502165973186493,8.033698706277903e-08,0,1.0000001192092896
20.877599472587463,0.0913272425532341,6.906531596628795e-08,0,1.0000001192092896
20.887649472333578,0.09281683713197708,7.21222803701238e-08,0,1.0000001192092896
20.89774947207843,0.0874946117401123,7.836114396253535e-08,0,1.0000001192092896
20.907799471824546,0.09591251611709595,6.794741158611117e-08,0,1.0000001192092896
20.917849471570662,0.09072468429803848,7.997631029654784e-08,0,1.0000001192092896
20.927899471316778,0.09605810791254044,6.963480486676943e-08,0,1.0000001192092896
20.937949471062893,0.09817714244127274,7.159562526171115e-08,0,1.0000001192092896
20.94799947080901,0.09230164438486099,7.911052368747562e-08,0,1.0000001192092896
20.958049470555125,0.1008942648768425,6.797568063987569e-08,0,1.0000001192092896
20.96809947030124,0.0962597131729126,7.946782815126952e-08,0,1.0000001192092896
20.978149470047356,0.10078450292348862,7.01897220900527e-08,0,1.0000001192092896
20.98819946979347,0.10335154086351395,7.120556921869081e-08,0,1.0000001192092896
20.998249469539587,0.09714898467063904,7.971096699366242e-08,0,1.0000001192092896
21.008299469285703,0.10589618235826492,6.793956369710585e-08,0,1.0000001192092896
21.01834946903182,0.10193810611963272,7.880143759741998e-08,0,1.0000001192092896
21.028399468777934,0.10540113598108292,7.086980308157464e-08,0,1.0000001192092896
21.03844946852405,0.10853937268257141,7.08404099269977e-08,0,1.0000001192092896
21.048499468270165,0.10208594799041748,8.019590547192479e-08,0,1.0000001192092896
21.05854946801628,0.11089137196540833,6.796176815759836e-08,0,1.0000001192092896
21.068599467762397,0.10762545466423035,7.805161378326986e-08,0,1.0000001192092896
21.078649467508512,0.10990352928638458,7.171248317394685e-08,0,1.0000001192092896
21.088699467254628,0.11365776509046555,7.056901590862807e-08,0,1.0000001192092896
21.098749467000744,0.10706545412540436,8.069339640925932e-08,0,1.0000001192092896
21.10879946674686,0.11577007174491882,6.817261338776248e-08,0,1.0000001192092896
21.118849466492975,0.11321423947811127,7.749377528565304e-08,0,1.0000001192092896
21.12889946623909,0.11433647572994232,7.275749447366309e-08,0,1.0000001192092896
21.138949465985206,0.11882991343736649,7.040931032653575e-08,0,1.0000001192092896
21.148999465731322,0.11206960678100586,8.119514782745085e-08,0,1.0000001192092896
21.159049465477437,0.12069805711507797,6.848617506438615e-08,0,1.0000001192092896
21.169099465223553,0.11876494437456131,7.696398379719582e-08,0,1.0000001192092896
21.179199464968406,0.11874254792928696,7.393573253633434e-08,0,1.0000001192092896
21.18924946471452,0.12393710017204285,7.013566810654126e-08,0,1.0000001192092896
21.199299464460637,0.11719919741153717,8.157533676333983e-08,0,1.0000001192092896
21.209349464206753,0.12552973628044128,6.880871566972147e-08,0,1.0000001192092896
21.21939946395287,0.12429550290107727,7.634425036595616e-08,0,1.0000001192092896
21.229449463698984,0.12311277538537979,7.505700228005452e-08,0,1.0000001192092896
21.2394994634451,0.12908686697483063,6.997865481528365e-08,0,1.0000001192092896
21.249549463191215,0.12231982499361038,8.184337235705996e-08,0,1.0000001192092896
21.25959946293733,0.13037709891796112,6.9116004586256e-08,0,1.0000001192092896
21.269649462683446,0.1297566145658493,7.578955518727781e-08,0,1.0000001192092896
21.279699462429562,0.12752783298492432,7.613632641012558e-08,0,1.0000001192092896
21.289749462175678,0.13409548997879028,6.984474804072605e-08,0,1.0000001192092896
21.299799461921793,0.12743821740150452,8.215806507338996e-08,0,1.0000001192092896
21.30984946166791,0.1352490931749344,6.955137160646885e-08,0,1.0000001192092896
21.319899461414025,0.1351662129163742,7.532480889027582e-08,0,1.0000001192092896
21.32994946116014,0.13202349841594696,7.728338802248658e-08,0,1.0000001192092896
21.339999460906256,0.13915564119815826,6.983869732524184e-08,0,1.0000001192092896
21.35004946065237,0.13263052701950073,8.24151094591663e-08,0,1.0000001192092896
21.360099460398487,0.1401255577802658,7.001836610509571e-08,0,1.0000001192092896
21.370149460144603,0.14058251678943634,7.48555800678119e-08,0,1.0000001192092896
21.38019945989072,0.13657069206237793,7.827209713706651e-08,0,1.0000001192092896
21.390249459636834,0.1442023515701294,6.978576744254283e-08,0,1.0000001192092896
21.40029945938295,0.13793261349201202,8.240837873207951e-08,0,1.0000001192092896
21.410349459129066,0.14492587745189667,7.040931032653575e-08,0,1.0000001192092896
21.42039945887518,0.14585770666599274,7.435046328607697e-08,0,1.0000001192092896
21.430449458621297,0.14123660326004028,7.913272814796812e-08,0,1.0000001192092896
21.440499458367412,0.14923562109470367,6.971510868591935e-08,0,1.0000001192092896
21.450599458112265,0.14346763491630554,8.205802703997733e-08,0,1.0000001192092896
21.46064945785838,0.14961418509483337,7.087427866814267e-08,0,1.0000001192092896
21.470699457604496,0.15116649866104126,7.376145527704381e-08,0,1.0000001192092896
21.480749457350612,0.1458352953195572,8.003732399064489e-08,0,1.0000001192092896
21.490799457096728,0.15422633290290833,6.963100235291009e-08,0,1.0000001192092896
21.500849456842843,0.14900937676429749,8.165339238086489e-08,0,1.0000001192092896
21.51089945658896,0.15439656376838684,7.13188466616721e-08,0,1.0000001192092896
21.520949456335075,0.15646184980869293,7.332586621222603e-08,0,1.0000001192092896
21.53099945608119,0.1505953073501587,8.083089059196524e-08,0,1.0000001192092896
21.541049455827306,0.1591968834400177,6.970411747797556e-08,0,1.0000001192092896
21.55109945557342,0.1545623391866684,8.122610223315618e-08,0,1.0000001192092896
21.561149455319537,0.15911848843097687,7.196392787234274e-08,0,1.0000001192092896
21.571199455065653,0.16167879104614258,7.299996024334732e-08,0,1.0000001192092896
21.58124945481177,0.15543816983699799,8.150558006292385e-08,0,1.0000001192092896
21.591299454557884,0.16416966915130615,6.974875538245939e-08,0,1.0000001192092896
21.601349454304,0.16022951900959015,8.061399464631691e-08,0,1.0000001192092896
21.611399454050115,0.16370150446891785,7.268885493516564e-08,0,1.0000001192092896
21.62144945379623,0.16684198379516602,7.269334439952146e-08,0,1.0000001192092896
21.631499453542347,0.1604243963956833,8.203447643406747e-08,0,1.0000001192092896
21.641549453288462,0.16916485130786896,6.981716593745801e-08,0,1.0000001192092896
21.651599453034578,0.16590118408203125,7.992001505030544e-08,0,1.0000001192092896
21.661649452780694,0.1682419776916504,7.353648245889133e-08,0,1.0000001192092896
21.67169945252681,0.17201636731624603,7.239098903655261e-08,0,1.0000001192092896
21.681749452272925,0.1654106229543686,8.249204791477283e-08,0,1.0000001192092896
21.69179945201904,0.1741017997264862,6.99739502452168e-08,0,1.0000001192092896
21.701849451765156,0.17150340974330902,7.928929041112198e-08,0,1.0000001192092896
21.71189945151127,0.17269733548164368,7.448863054149157e-08,0,1.0000001192092896
21.721999451256124,0.17717860639095306,7.213792063698321e-08,0,1.0000001192092896
21.73204945100224,0.17044612765312195,8.295050757389788e-08,0,1.0000001192092896
21.742099450748356,0.1789894849061966,7.019421155440853e-08,0,1.0000001192092896
21.75214945049447,0.17715491354465485,7.853227790288742e-08,0,1.0000001192092896
21.762199450240587,0.177076518535614,7.559015913205513e-08,0,1.0000001192092896
21.772249449986703,0.1822710931301117,7.186343881082635e-08,0,1.0000001192092896
21.782299449732818,0.17549285292625427,8.328808476232297e-08,0,1.0000001192092896
21.792349449478934,0.18382787704467773,7.051653011513892e-08,0,1.0000001192092896
21.80239944922505,0.18259139358997345,7.8085253540916e-08,0,1.0000001192092896
21.812449448971165,0.18144676089286804,7.676727309391396e-08,0,1.0000001192092896
21.82249944871728,0.18734915554523468,7.173401456173067e-08,0,1.0000001192092896
21.832549448463396,0.18060004711151123,8.362407294404406e-08,0,1.0000001192092896
21.842599448209512,0.1886998564004898,7.087742198708114e-08,0,1.0000001192092896
21.852649447955628,0.18805252015590668,7.7584619284643e-08,0,1.0000001192092896
21.862699447701743,0.18580803275108337,7.78746372942507e-08,0,1.0000001192092896
21.87274944744786,0.19241154193878174,7.15994416533583e-08,0,1.0000001192092896
21.882799447193975,0.18575875461101532,8.388606476117388e-08,0,1.0000001192092896
21.89284944694009,0.19353826344013214,7.123451134516401e-08,0,1.0000001192092896
21.902899446686206,0.19346657395362854,7.698618825768833e-08,0,1.0000001192092896
21.91294944643232,0.19031713902950287,7.887725195221407e-08,0,1.0000001192092896
21.922999446178437,0.19747169315814972,7.145319752543955e-08,0,1.0000001192092896
21.933049445924553,0.19087490439414978,8.402131074225494e-08,0,1.0000001192092896
21.94309944567067,0.1983654499053955,7.15985465360447e-08,0,1.0000001192092896
21.953149445416784,0.19882912933826447,7.6437557672282e-08,0,1.0000001192092896
21.9631994451629,0.1948777735233307,7.98309682248366e-08,0,1.0000001192092896
21.973249444909015,0.20251838862895966,7.137222757247486e-08,0,1.0000001192092896
21.98329944465513,0.19624416530132294,8.399529682900919e-08,0,1.0000001192092896
21.993349444401247,0.2032172828912735,7.204018631634668e-08,0,1.0000001192092896
22.0034494441461,0.20425663888454437,7.588914219258669e-08,0,1.0000001192092896
22.013499443892215,0.1994652897119522,8.08876368663114e-08,0,1.0000001192092896
22.02354944363833,0.20752926170825958,7.134822593846124e-08,0,1.0000001192092896
22.033599443384446,0.2017388790845871,8.377436244710879e-08,0,1.0000001192092896
22.043649443130562,0.20789887011051178,7.260519963026013e-08,0,1.0000001192092896
22.053699442876677,0.20950046181678772,7.549303543408215e-08,0,1.0000001192092896
22.063749442622793,0.2041199952363968,8.176397059411755e-08,0,1.0000001192092896
22.07379944236891,0.21250878274440765,7.133140605963817e-08,0,1.0000001192092896
22.083849442115024,0.2072582244873047,8.334392898046161e-08,0,1.0000001192092896
22.09389944186114,0.21275293827056885,7.298740084538125e-08,0,1.0000001192092896
22.103949441607256,0.21476446092128754,7.497872461792454e-08,0,1.0000001192092896
22.11399944135337,0.2089068591594696,8.246243271559095e-08,0,1.0000001192092896
22.124049441099487,0.21754875779151917,7.129372092684605e-08,0,1.0000001192092896
22.134099440845603,0.212900772690773,8.281548363742175e-08,0,1.0000001192092896
22.14414944059172,0.2174457311630249,7.353065378801205e-08,0,1.0000001192092896
22.154199440337834,0.21999484300613403,7.459360212846988e-08,0,1.0000001192092896
22.16424944008395,0.21377436816692352,8.309115201443618e-08,0,1.0000001192092896
22.174299439830065,0.22251707315444946,7.133880292053973e-08,0,1.0000001192092896
22.18434943957618,0.2185925990343094,8.22163864766523e-08,0,1.0000001192092896
22.194399439322297,0.22204220294952393,7.427016640582096e-08,0,1.0000001192092896
22.204449439068412,0.2251557856798172,7.430089182802746e-08,0,1.0000001192092896
22.214499438814528,0.2187449187040329,8.362744524648136e-08,0,1.0000001192092896
22.224549438560643,0.2274719476699829,7.138276775231489e-08,0,1.0000001192092896
22.23459943830676,0.22424635291099548,8.14880871113921e-08,0,1.0000001192092896
22.244649438052875,0.22659386694431305,7.507943572404585e-08,0,1.0000001192092896
22.25469943779899,0.23034809529781342,7.395704187951324e-08,0,1.0000001192092896
22.264749437545106,0.22372891008853912,8.402714635202813e-08,0,1.0000001192092896
22.27484943728996,0.23239995539188385,7.148751729468827e-08,0,1.0000001192092896
22.284899437036074,0.22991801798343658,8.064539314123209e-08,0,1.0000001192092896
22.29494943678219,0.23094841837882996,7.608653290747114e-08,0,1.0000001192092896
22.304999436528306,0.23548218607902527,7.354724468333629e-08,0,1.0000001192092896
22.31504943627442,0.22875545918941498,8.441136678527528e-08,0,1.0000001192092896
22.325099436020537,0.23729658126831055,7.16207509965372e-08,0,1.0000001192092896
22.335149435766652,0.23544634878635406,7.99691354802512e-08,0,1.0000001192092896
22.345199435512768,0.23537912964820862,7.699403614669365e-08,0,1.0000001192092896
22.355249435258884,0.24060729146003723,7.322515510610472e-08,0,1.0000001192092896
22.365299435005,0.23381787538528442,8.467401779732597e-08,0,1.0000001192092896
22.375349434751115,0.2421976774930954,7.187801742691846e-08,0,1.0000001192092896
22.38539943449723,0.24094553291797638,7.944584573538194e-08,0,1.0000001192092896
22.395449434243346,0.23977848887443542,7.807449131647104e-08,0,1.0000001192092896
22.405499433989462,0.24572569131851196,7.301050042318735e-08,0,1.0000001192092896
22.415549433735578,0.2389877885580063,8.492119507597096e-08,0,1.0000001192092896
22.425599433481693,0.24703384935855865,7.21393292324457e-08,0,1.0000001192092896
22.43564943322781,0.24639320373535156,7.886042513449709e-08,0,1.0000001192092896
22.445699432973925,0.24423831701278687,7.909347482515372e-08,0,1.0000001192092896
22.45574943272004,0.25075894594192505,7.281962532967867e-08,0,1.0000001192092896
22.465799432466156,0.2440546602010727,8.510556842589168e-08,0,1.0000001192092896
22.47584943221227,0.2519013583660126,7.244840838360744e-08,0,1.0000001192092896
22.485899431958387,0.25181177258491516,7.822476694174796e-08,0,1.0000001192092896
22.495949431704503,0.24868471920490265,8.007051965908119e-08,0,1.0000001192092896
22.50599943145062,0.25586166977882385,7.264624318770174e-08,0,1.0000001192092896
22.516049431196734,0.24924471974372864,8.520740363282542e-08,0,1.0000001192092896
22.52609943094285,0.2567487061023712,7.27678126088982e-08,0,1.0000001192092896
22.536149430688965,0.25719669461250305,7.760436043779961e-08,0,1.0000001192092896
22.546249430433818,0.25323185324668884,8.100604215188767e-08,0,1.0000001192092896
22.556299430179934,0.2608702778816223,7.243405181212026e-08,0,1.0000001192092896
22.56634942992605,0.25460055470466614,8.502930998188774e-08,0,1.0000001192092896
22.576399429672165,0.2614997327327728,7.314261696311775e-08,0,1.0000001192092896
22.58644942941828,0.2625637352466583,7.697115861349246e-08,0,1.0000001192092896
22.596499429164396,0.2578149437904358,8.194116912774163e-08,0,1.0000001192092896
22.606549428910512,0.265874445438385,7.237887372779639e-08,0,1.0000001192092896
22.616599428656627,0.26005271077156067,8.478191065863783e-08,0,1.0000001192092896
22.626649428402743,0.2662440538406372,7.357708192712309e-08,0,1.0000001192092896
22.63669942814886,0.26784563064575195,7.648802424764511e-08,0,1.0000001192092896
22.646749427894974,0.262494295835495,8.270826384881858e-08,0,1.0000001192092896
22.65679942764109,0.2708718776702881,7.227211190619087e-08,0,1.0000001192092896
22.666849427387206,0.2656033933162689,8.428396869319954e-08,0,1.0000001192092896
22.67689942713332,0.27105554938316345,7.387965933469687e-08,0,1.0000001192092896
22.686949426879437,0.27313876152038574,7.589206346692023e-08,0,1.0000001192092896
22.696999426625553,0.267238587141037,8.332980139247326e-08,0,1.0000001192092896
22.70704942637167,0.27588722109794617,7.215323477582913e-08,0,1.0000001192092896
22.717099426117784,0.27117201685905457,8.369630682958373e-08,0,1.0000001192092896
22.7271494258639,0.2757774591445923,7.433072213292036e-08,0,1.0000001192092896
22.737199425610015,0.2783377766609192,7.541834518010049e-08,0,1.0000001192092896
22.74724942535613,0.2720993757247925,8.387058408887427e-08,0,1.0000001192092896
22.757299425102246,0.2808510661125183,7.20949203114607e-08,0,1.0000001192092896
22.767349424848362,0.2768414616584778,8.298864373479375e-08,0,1.0000001192092896
22.777399424594478,0.28038290143013,7.495337683849357e-08,0,1.0000001192092896
22.787449424340593,0.2834763526916504,7.497086979002532e-08,0,1.0000001192092896
22.79749942408671,0.27704307436943054,8.428351766509579e-08,0,1.0000001192092896
22.807549423832825,0.2858193516731262,7.205275265320665e-08,0,1.0000001192092896
22.81759942357894,0.28251537680625916,8.217870134386018e-08,0,1.0000001192092896
22.827699423323793,0.2848203480243683,7.581917038645969e-08,0,1.0000001192092896
22.83774942306991,0.2886865437030792,7.449670047510182e-08,0,1.0000001192092896
22.847799422816024,0.282033771276474,8.466684298102933e-08,0,1.0000001192092896
22.85784942256214,0.2907249629497528,7.205386981512518e-08,0,1.0000001192092896
22.867899422308255,0.2882363498210907,8.121264771787651e-08,0,1.0000001192092896
22.87794942205437,0.2892801761627197,7.659680528737667e-08,0,1.0000001192092896
22.887999421800487,0.2938094437122345,7.408915148054973e-08,0,1.0000001192092896
22.898049421546602,0.28707602620124817,8.49326373120185e-08,0,1.0000001192092896
22.908099421292718,0.2956283390522003,7.215861935749857e-08,0,1.0000001192092896
22.918149421038834,0.2937982380390167,8.053279570985339e-08,0,1.0000001192092896
22.92819942078495,0.29373103380203247,7.748525432393905e-08,0,1.0000001192092896
22.938249420531065,0.2989233434200287,7.375831195810534e-08,0,1.0000001192092896
22.94829942027718,0.29214510321617126,8.51484091568544e-08,0,1.0000001192092896
22.958349420023296,0.3005092442035675,7.232257848155399e-08,0,1.0000001192092896
22.968399419769412,0.2992548644542694,7.989399419816579e-08,0,1.0000001192092896
22.978449419515528,0.2981483042240143,7.844996874339927e-08,0,1.0000001192092896
22.988499419261643,0.3040350079536438,7.341670327232208e-08,0,1.0000001192092896
22.99854941900776,0.2972612679004669,8.527984568518221e-08,0,1.0000001192092896
23.008599418753874,0.30538123846054077,7.250695183147471e-08,0,1.0000001192092896
23.01864941849999,0.304673433303833,7.923792177955136e-08,0,1.0000001192092896
23.028699418246106,0.30255886912345886,7.943507657204307e-08,0,1.0000001192092896
23.03874941799222,0.3091175854206085,7.31746885307416e-08,0,1.0000001192092896
23.048799417738337,0.3023931086063385,8.544246560271418e-08,0,1.0000001192092896
23.058849417484453,0.31022635102272034,7.279069014209938e-08,0,1.0000001192092896
23.06889941723057,0.31009867787361145,7.85603179731531e-08,0,1.0000001192092896
23.078949416976684,0.3070276379585266,8.034752724261907e-08,0,1.0000001192092896
23.0889994167228,0.3141329288482666,7.291786618957019e-08,0,1.0000001192092896
23.099099416467652,0.30758169293403625,8.544337459781559e-08,0,1.0000001192092896
23.109149416213768,0.3150065243244171,7.29981630698262e-08,0,1.0000001192092896
23.119199415959883,0.315568745136261,7.769003496083116e-08,0,1.0000001192092896
23.129249415706,0.31147629022598267,8.122341688121537e-08,0,1.0000001192092896
23.139299415452115,0.3192020356655121,7.255832046304533e-08,0,1.0000001192092896
23.14934941519823,0.312945693731308,8.51313672334264e-08,0,1.0000001192092896
23.159399414944346,0.31982696056365967,7.317132316719821e-08,0,1.0000001192092896
23.16944941469046,0.32089993357658386,7.699628434831851e-08,0,1.0000001192092896
23.179499414436577,0.31613996624946594,8.188127953445701e-08,0,1.0000001192092896
23.189549414182693,0.32418376207351685,7.23149526371536e-08,0,1.0000001192092896
23.19959941392881,0.31837770342826843,8.471125190201434e-08,0,1.0000001192092896
23.209649413674924,0.3246183395385742,7.344720664992366e-08,0,1.0000001192092896
23.21969941342104,0.32617512345314026,7.640413995924078e-08,0,1.0000001192092896
23.229749413167156,0.32081034779548645,8.260060690989945e-08,0,1.0000001192092896
23.23979941291327,0.3291811943054199,7.220639364202697e-08,0,1.0000001192092896
23.249849412659387,0.3239530324935913,8.423125391621156e-08,0,1.0000001192092896
23.259899412405503,0.32941415905952454,7.379577504629253e-08,0,1.0000001192092896
23.269949412151618,0.33145031332969666,7.582141164919065e-08,0,1.0000001192092896
23.279999411897734,0.32563528418540955,8.321944522382552e-08,0,1.0000001192092896
23.29004941164385,0.3341808617115021,7.206441693385912e-08,0,1.0000001192092896
23.300099411389965,0.3295239210128784,8.357271125136734e-08,0,1.0000001192092896
23.31014941113608,0.3341158926486969,7.415397462740003e-08,0,1.0000001192092896
23.320199410882196,0.3366740047931671,7.525841755340323e-08,0,1.0000001192092896
23.330249410628312,0.3304535150527954,8.36823943473064e-08,0,1.0000001192092896
23.340299410374428,0.33919623494148254,7.19183948505453e-08,0,1.0000001192092896
23.350349410120543,0.33520233631134033,8.278184387977561e-08,0,1.0000001192092896
23.36039940986666,0.33875495195388794,7.471113311341426e-08,0,1.0000001192092896
23.370449409612775,0.34181925654411316,7.472952118225962e-08,0,1.0000001192092896
23.380549409357627,0.3354016840457916,8.404373724735237e-08,0,1.0000001192092896
23.390599409103743,0.3441399037837982,7.169117383076795e-08,0,1.0000001192092896
23.40064940884986,0.34097257256507874,8.165271930815621e-08,0,1.0000001192092896
23.410699408595974,0.3431139886379242,7.538492746705927e-08,0,1.0000001192092896
23.42074940834209,0.3469824492931366,7.407659208258366e-08,0,1.0000001192092896
23.430799408088205,0.3403991162776947,8.423102493271273e-08,0,1.0000001192092896
23.44084940783432,0.34907686710357666,7.16182807503074e-08,0,1.0000001192092896
23.450899407580437,0.34658822417259216,8.082752522842185e-08,0,1.0000001192092896
23.460949407326552,0.34759846329689026,7.617938918569322e-08,0,1.0000001192092896
23.470999407072668,0.35209861397743225,7.36982072591097e-08,0,1.0000001192092896
23.481049406818784,0.3454054892063141,8.451297300871019e-08,0,1.0000001192092896
23.4910994065649,0.3540227711200714,7.171001986661096e-08,0,1.0000001192092896
23.501149406311015,0.35212773084640503,8.005638513219893e-08,0,1.0000001192092896
23.51119940605713,0.3520784378051758,7.694806597458026e-08,0,1.0000001192092896
23.521249405803246,0.35729092359542847,7.321080547351144e-08,0,1.0000001192092896
23.531299405549362,0.35047462582588196,8.45838468710447e-08,0,1.0000001192092896
23.541349405295477,0.3588387668132782,7.17324533106023e-08,0,1.0000001192092896
23.551399405041593,0.3575507700443268,7.929355089197898e-08,0,1.0000001192092896
23.56144940478771,0.3564845323562622,7.778155203252979e-08,0,1.0000001192092896
23.571499404533824,0.3623577952384949,7.277072694433784e-08,0,1.0000001192092896
23.58154940427994,0.35559746623039246,8.459506706248732e-08,0,1.0000001192092896
23.591599404026056,0.36373090744018555,7.177999861163187e-08,0,1.0000001192092896
23.60164940377217,0.3630521595478058,7.848024313750201e-08,0,1.0000001192092896
23.611699403518287,0.3609107434749603,7.859620593242411e-08,0,1.0000001192092896
23.621749403264403,0.36745601892471313,7.23201082353242e-08,0,1.0000001192092896
23.63179940301052,0.3607069253921509,8.454056205087213e-08,0,1.0000001192092896
23.641849402756634,0.36855360865592957,7.183002109778513e-08,0,1.0000001192092896
23.651949402501486,0.3685334324836731,7.74951283699643e-08,0,1.0000001192092896
23.661999402247602,0.3652854561805725,7.949429309261902e-08,0,1.0000001192092896
23.672049401993718,0.3724803030490875,7.190516237987055e-08,0,1.0000001192092896
23.682099401739833,0.3659350574016571,8.449054650361276e-08,0,1.0000001192092896
23.69214940148595,0.37334495782852173,7.208997981900112e-08,0,1.0000001192092896
23.702199401232065,0.37390270829200745,7.684712588496012e-08,0,1.0000001192092896
23.71224940097818,0.3698326647281647,8.035112158966129e-08,0,1.0000001192092896
23.722299400724296,0.3774934411048889,7.174389554664984e-08,0,1.0000001192092896
23.73234940047041,0.3712841868400574,8.431872561276421e-08,0,1.0000001192092896
23.742399400216527,0.37816765904426575,7.234814830558989e-08,0,1.0000001192092896
23.752449399962643,0.3791801631450653,7.619755520993365e-08,0,1.0000001192092896
23.76249939970876,0.37453216314315796,8.1025804121726e-08,0,1.0000001192092896
23.772549399454874,0.38254013657569885,7.146262054336106e-08,0,1.0000001192092896
23.78259939920099,0.37674975395202637,8.384815064488294e-08,0,1.0000001192092896
23.792649398947106,0.3829612731933594,7.252018430214946e-08,0,1.0000001192092896
23.80269939869322,0.38450461626052856,7.547150404629832e-08,0,1.0000001192092896
23.812749398439337,0.37915104627609253,8.159709713462249e-08,0,1.0000001192092896
23.822799398185452,0.38756221532821655,7.115106420707562e-08,0,1.0000001192092896
23.832849397931568,0.38224223256111145,8.31732391293194e-08,0,1.0000001192092896
23.842899397677684,0.3877459168434143,7.266238999381613e-08,0,1.0000001192092896
23.8529493974238,0.38975071907043457,7.47207781759407e-08,0,1.0000001192092896
23.862999397169915,0.3839132785797119,8.207171053875584e-08,0,1.0000001192092896
23.87304939691603,0.3925551772117615,7.095413145918883e-08,0,1.0000001192092896
23.883099396662146,0.38784220814704895,8.250729266467971e-08,0,1.0000001192092896
23.893149396408262,0.39244988560676575,7.306949489915837e-08,0,1.0000001192092896
23.903199396154378,0.3949945271015167,7.419860559298996e-08,0,1.0000001192092896
23.913249395900493,0.3887830376625061,8.258064371213791e-08,0,1.0000001192092896
23.92329939564661,0.3975234925746918,7.082986974715766e-08,0,1.0000001192092896
23.93339939539146,0.39364829659461975,8.156412351079112e-08,0,1.0000001192092896
23.943449395137577,0.3970150053501129,7.366971616074025e-08,0,1.0000001192092896
23.953499394883693,0.4002092182636261,7.355958203669744e-08,0,1.0000001192092896
23.96354939462981,0.39371997117996216,8.29370530586182e-08,0,1.0000001192092896
23.973599394375924,0.4025433361530304,7.06161171204478e-08,0,1.0000001192092896
23.98364939412204,0.3993423581123352,8.060188627645459e-08,0,1.0000001192092896
23.993699393868155,0.40146586298942566,7.428115067487084e-08,0,1.0000001192092896
24.00374939361427,0.4053209125995636,7.301498988754318e-08,0,1.0000001192092896
24.013799393360387,0.398746520280838,8.312905225293932e-08,0,1.0000001192092896
24.023849393106502,0.4074309766292572,7.052797235118646e-08,0,1.0000001192092896
24.033899392852618,0.40489307045936584,7.972195820160621e-08,0,1.0000001192092896
24.043949392598734,0.40601980686187744,7.498679455153479e-08,0,1.0000001192092896
24.05399939234485,0.4104863405227661,7.253117551009325e-08,0,1.0000001192092896
24.064049392090965,0.4036991596221924,8.333294471141173e-08,0,1.0000001192092896
24.07409939183708,0.412343293428421,7.054074685486356e-08,0,1.0000001192092896
24.084149391583196,0.4104527235031128,7.895710474326023e-08,0,1.0000001192092896
24.09419939132931,0.41044825315475464,7.581647809562497e-08,0,1.0000001192092896
24.104249391075427,0.4155980050563812,7.216444802837785e-08,0,1.0000001192092896
24.114299390821543,0.40881529450416565,8.353637920288648e-08,0,1.0000001192092896
24.12434939056766,0.4172331988811493,7.068161334000678e-08,0,1.0000001192092896
24.134399390313774,0.4159183204174042,7.834251997129726e-08,0,1.0000001192092896
24.14444939005989,0.41483864188194275,7.675202140511317e-08,0,1.0000001192092896
24.154499389806006,0.42070072889328003,7.178314193057034e-08,0,1.0000001192092896
24.16454938955212,0.4139314591884613,8.360658693140621e-08,0,1.0000001192092896
24.174599389298237,0.42206037044525146,7.07731234728115e-08,0,1.0000001192092896
24.184649389044353,0.42129653692245483,7.756802145042485e-08,0,1.0000001192092896
24.194699388790468,0.4192536771297455,7.759224512904339e-08,0,1.0000001192092896
24.20479938853532,0.42579221725463867,7.13623604653435e-08,0,1.0000001192092896
24.214849388281436,0.4190610349178314,8.364224590717839e-08,0,1.0000001192092896
24.224899388027552,0.42687636613845825,7.092138681885629e-08,0,1.0000001192092896
24.234949387773668,0.42683157324790955,7.661588030671851e-08,0,1.0000001192092896
24.244999387519783,0.4236709475517273,7.853923761347303e-08,0,1.0000001192092896
24.2550493872659,0.4308389127254486,7.098822918383263e-08,0,1.0000001192092896
24.265099387012015,0.42424437403678894,8.351686009433479e-08,0,1.0000001192092896
24.27514938675813,0.43173491954803467,7.104564853088746e-08,0,1.0000001192092896
24.285199386504246,0.43220531940460205,7.581962141456344e-08,0,1.0000001192092896
24.29524938625036,0.428215891122818,7.925071016101626e-08,0,1.0000001192092896
24.305299385996477,0.43585875630378723,7.06860958654687e-08,0,1.0000001192092896
24.315349385742593,0.4295688569545746,8.329750084135057e-08,0,1.0000001192092896
24.32539938548871,0.43650612235069275,7.129013351869773e-08,0,1.0000001192092896
24.335449385234824,0.4375387728214264,7.519539158007404e-08,0,1.0000001192092896
24.34549938498094,0.43281683325767517,8.000300422139617e-08,0,1.0000001192092896
24.355549384727055,0.44091668725013733,7.048556877053969e-08,0,1.0000001192092896
24.36559938447317,0.4350165128707886,8.288277009160794e-08,0,1.0000001192092896
24.375649384219287,0.4413176476955414,7.152049091851964e-08,0,1.0000001192092896
24.385699383965402,0.44280722737312317,7.450612349302332e-08,0,1.0000001192092896
24.395749383711518,0.43748050928115845,8.058214512329798e-08,0,1.0000001192092896
24.405799383457634,0.4458782970905304,7.01872518438229e-08,0,1.0000001192092896
24.41584938320375,0.44057172536849976,8.222265923674144e-08,0,1.0000001192092896
24.425899382949865,0.4460933208465576,7.166404275560367e-08,0,1.0000001192092896
24.43594938269598,0.44809138774871826,7.373431032409172e-08,0,1.0000001192092896
24.445999382442096,0.44226962327957153,8.103051563068675e-08,0,1.0000001192092896
24.456049382188212,0.4509003460407257,6.99142826965371e-08,0,1.0000001192092896
24.466099381934328,0.4461067318916321,8.148449970324378e-08,0,1.0000001192092896
24.47619938167918,0.45075786113739014,7.201285401325919e-08,0,1.0000001192092896
24.486249381425296,0.4533195495605469,7.302081855842246e-08,0,1.0000001192092896
24.49629938117141,0.44712594151496887,8.15307057977499e-08,0,1.0000001192092896
24.506349380917527,0.45584848523139954,6.970591465149667e-08,0,1.0000001192092896
24.516399380663643,0.4518837034702301,8.053952643694018e-08,0,1.0000001192092896
24.52644938040976,0.45534226298332214,7.259958606509187e-08,0,1.0000001192092896
24.536499380155874,0.45848721265792847,7.258455642089601e-08,0,1.0000001192092896
24.54654937990199,0.4520741105079651,8.195103623487299e-08,0,1.0000001192092896
24.556599379648105,0.46078991889953613,6.967114385414419e-08,0,1.0000001192092896
24.56664937939422,0.4575755298137665,7.972039001158393e-08,0,1.0000001192092896
24.576699379140337,0.4598357081413269,7.335300422628421e-08,0,1.0000001192092896
24.586749378886452,0.46366384625434875,7.214134845057174e-08,0,1.0000001192092896
24.596799378632568,0.4570312201976776,8.223230429926787e-08,0,1.0000001192092896
24.606849378378683,0.4657403230667114,6.961507065250672e-08,0,1.0000001192092896
24.6168993781248,0.463211327791214,7.885302827359553e-08,0,1.0000001192092896
24.626949377870915,0.46432238817214966,7.403756774326808e-08,0,1.0000001192092896
24.63699937761703,0.4687822163105011,7.161536641486776e-08,0,1.0000001192092896
24.647049377363146,0.4620443284511566,8.236038240294619e-08,0,1.0000001192092896
24.65709937710926,0.4706212878227234,6.955361286919981e-08,0,1.0000001192092896
24.667149376855377,0.4687463939189911,7.797512635576709e-08,0,1.0000001192092896
24.677199376601493,0.46875980496406555,7.472414353948409e-08,0,1.0000001192092896
24.68724937634761,0.47395211458206177,7.106830401948372e-08,0,1.0000001192092896
24.697299376093724,0.4671313464641571,8.240636645284738e-08,0,1.0000001192092896
24.70734937583984,0.4755357801914215,6.955069853376017e-08,0,1.0000001192092896
24.717399375585956,0.4741380512714386,7.721071698663096e-08,0,1.0000001192092896
24.72744937533207,0.47324204444885254,7.55616749725796e-08,0,1.0000001192092896
24.737499375078187,0.4790077805519104,7.071368490763064e-08,0,1.0000001192092896
24.747549374824303,0.4722452759742737,8.245391175387695e-08,0,1.0000001192092896
24.757649374569155,0.48034730553627014,6.97471802535432e-08,0,1.0000001192092896
24.76769937431527,0.47974923253059387,7.636197230098674e-08,0,1.0000001192092896
24.777749374061386,0.47752493619918823,7.663808476721101e-08,0,1.0000001192092896
24.787799373807502,0.48407021164894104,7.032834731246496e-08,0,1.0000001192092896
24.797849373553618,0.4773905277252197,8.253981526040732e-08,0,1.0000001192092896
24.807899373299733,0.4851924180984497,6.992931927962687e-08,0,1.0000001192092896
24.81794937304585,0.4851588010787964,7.562559606322239e-08,0,1.0000001192092896
24.827999372791965,0.4819824993610382,7.750813185714023e-08,0,1.0000001192092896
24.83804937253808,0.4891684353351593,7.00567173717026e-08,0,1.0000001192092896
24.848099372284196,0.4825581908226013,8.258939365735074e-08,0,1.0000001192092896
24.85814937203031,0.4900151491165161,7.017447734014581e-08,0,1.0000001192092896
24.868199371776427,0.4905370771884918,7.498701659613971e-08,0,1.0000001192092896
24.878249371522543,0.48650506138801575,7.842035354421739e-08,0,1.0000001192092896
24.88829937126866,0.4941658675670624,6.986090178573434e-08,0,1.0000001192092896
24.898349371014774,0.48789384961128235,8.245705507281542e-08,0,1.0000001192092896
24.90839937076089,0.49483564496040344,7.043825245300894e-08,0,1.0000001192092896
24.918449370507005,0.4958570599555969,7.43455297325113e-08,0,1.0000001192092896
24.92849937025312,0.49121132493019104,7.911074573208055e-08,0,1.0000001192092896
24.938549369999237,0.4991677701473236,6.961754089873651e-08,0,1.0000001192092896
24.948599369745352,0.49334830045700073,8.202123702449882e-08,0,1.0000001192092896
24.958649369491468,0.4996000826358795,7.067264135018902e-08,0,1.0000001192092896
24.968699369237584,0.5011008977890015,7.368609195035347e-08,0,1.0000001192092896
24.9787493689837,0.4958212375640869,7.975604898735611e-08,0,1.0000001192092896
24.988799368729815,0.5041652321815491,6.943025321337615e-08,0,1.0000001192092896
24.99884936847593,0.49887433648109436,8.146363444927474e-08,0,1.0000001192092896
25.008899368222046,0.5043936967849731,7.093282905490383e-08,0,1.0000001192092896
25.018949367968162,0.5064187049865723,7.303741639264061e-08,0,1.0000001192092896
25.029049367713014,0.5005860328674316,8.037329135568427e-08,0,1.0000001192092896
25.03909936745913,0.509169340133667,6.920774370255955e-08,0,1.0000001192092896
25.049149367205246,0.5045505166053772,8.069160617463211e-08,0,1.0000001192092896
25.05919936695136,0.50907301902771,7.137222757247486e-08,0,1.0000001192092896
25.069249366697477,0.5116580128669739,7.236811150335143e-08,0,1.0000001192092896
25.079299366443593,0.5054196119308472,8.086902675286112e-08,0,1.0000001192092896
25.08934936618971,0.5141556262969971,6.90383999968347e-08,0,1.0000001192092896
25.099399365935824,0.5102131962776184,7.988592426455554e-08,0,1.0000001192092896
25.10944936568194,0.5136516094207764,7.18979875635739e-08,0,1.0000001192092896
25.119499365428055,0.5167965888977051,7.187196671143425e-08,0,1.0000001192092896
25.12954936517417,0.5103297233581543,8.1216006142526e-08,0,1.0000001192092896
25.139599364920286,0.519083559513092,6.895384263572168e-08,0,1.0000001192092896
25.149649364666402,0.5158378481864929,7.905220228421328e-08,0,1.0000001192092896
25.159699364412518,0.5181808471679688,7.266193896571238e-08,0,1.0000001192092896
25.169749364158633,0.5219978094100952,7.149356801017248e-08,0,1.0000001192092896
25.17979936390475,0.5152980089187622,8.159081049674555e-08,0,1.0000001192092896
25.189849363650865,0.5240586400032043,6.90222531907203e-08,0,1.0000001192092896
25.19989936339698,0.5214601755142212,7.831426479532055e-08,0,1.0000001192092896
25.209949363143096,0.5226384401321411,7.34808533464637e-08,0,1.0000001192092896
25.21999936288921,0.5270960927009583,7.110800143150797e-08,0,1.0000001192092896
25.230049362635327,0.5203716158866882,8.184404542976864e-08,0,1.0000001192092896
25.240099362381443,0.528977632522583,6.905297861292681e-08,0,1.0000001192092896
25.25014936212756,0.5270288586616516,7.753504782659348e-08,0,1.0000001192092896
25.260199361873674,0.5271207094192505,7.426859127690477e-08,0,1.0000001192092896
25.27024936161979,0.5322234034538269,7.067174623287542e-08,0,1.0000001192092896
25.280299361365905,0.5254362225532532,8.199141365849982e-08,0,1.0000001192092896
25.29034936111202,0.5338720679283142,6.917163369868362e-08,0,1.0000001192092896
25.300399360858137,0.5324832201004028,7.686035835563487e-08,0,1.0000001192092896
25.31049936060299,0.5313654541969299,7.539009000412378e-08,0,1.0000001192092896
25.320549360349105,0.5373036861419678,7.028056608904265e-08,0,1.0000001192092896
25.33059936009522,0.5305545926094055,8.215739200068128e-08,0,1.0000001192092896
25.340649359841336,0.5386567115783691,6.93564580767081e-08,0,1.0000001192092896
25.350699359587452,0.5379913449287415,7.60239510233518e-08,0,1.0000001192092896
25.360749359333568,0.5358387231826782,7.629580300871908e-08,0,1.0000001192092896
25.370799359079683,0.5424131751060486,6.998270019042963e-08,0,1.0000001192092896
25.3808493588258,0.5356886982917786,8.225428671515544e-08,0,1.0000001192092896
25.390899358571914,0.5435196757316589,6.959152004659686e-08,0,1.0000001192092896
25.40094935831803,0.5434099435806274,7.535397306135394e-08,0,1.0000001192092896
25.410999358064146,0.5402963161468506,7.725333567298875e-08,0,1.0000001192092896
25.42104935781026,0.5474576354026794,6.984071654336788e-08,0,1.0000001192092896
25.431099357556377,0.5408361554145813,8.240322313390891e-08,0,1.0000001192092896
25.441149357302493,0.548349142074585,6.994523710224243e-08,0,1.0000001192092896
25.45119935704861,0.5488128066062927,7.481386343766161e-08,0,1.0000001192092896
25.461249356794724,0.5448144674301147,7.817788777453316e-08,0,1.0000001192092896
25.47129935654084,0.5525020956993103,6.967966481585819e-08,0,1.0000001192092896
25.481349356286955,0.5461673736572266,8.229309594876e-08,0,1.0000001192092896
25.49139935603307,0.5531673431396484,7.022987746907461e-08,0,1.0000001192092896
25.501449355779187,0.5541350245475769,7.418918951396236e-08,0,1.0000001192092896
25.511499355525302,0.5494803190231323,7.890102460272885e-08,0,1.0000001192092896
25.521549355271418,0.5574927926063538,6.945020947224378e-08,0,1.0000001192092896
25.531599355017534,0.5516240000724792,8.187836519901737e-08,0,1.0000001192092896
25.54164935476365,0.5579654574394226,7.047615269151208e-08,0,1.0000001192092896
25.551699354509765,0.559401273727417,7.354410830329172e-08,0,1.0000001192092896
25.56174935425588,0.5541328191757202,7.956853925739082e-08,0,1.0000001192092896
25.571799354001996,0.5625036358833313,6.927705631376568e-08,0,1.0000001192092896
25.58189935374685,0.5572195053100586,8.129878020790571e-08,0,1.0000001192092896
25.591949353492964,0.5626783967018127,7.092453013779476e-08,0,1.0000001192092896
25.60199935323908,0.5647280216217041,7.29452331871272e-08,0,1.0000001192092896
25.612049352985196,0.5588256120681763,8.040674376319501e-08,0,1.0000001192092896
25.62209935273131,0.5674809217453003,6.926471896040454e-08,0,1.0000001192092896
25.632149352477427,0.5627903938293457,8.082729624492302e-08,0,1.0000001192092896
25.642199352223543,0.5673936009407043,7.145947722442259e-08,0,1.0000001192092896
25.652249351969658,0.5699539184570312,7.252893424736229e-08,0,1.0000001192092896
25.662299351715774,0.5637334585189819,8.098610670970174e-08,0,1.0000001192092896
25.67234935146189,0.5724604725837708,6.921088702149802e-08,0,1.0000001192092896
25.682399351208005,0.5685247778892517,8.008060881081747e-08,0,1.0000001192092896
25.69244935095412,0.5720236301422119,7.206486102306897e-08,0,1.0000001192092896
25.702499350700236,0.5751395225524902,7.207001662123957e-08,0,1.0000001192092896
25.712549350446352,0.5686636567115784,8.138310858551989e-08,0,1.0000001192092896
25.722599350192468,0.5774264931678772,6.914449568462544e-08,0,1.0000001192092896
25.732649349938583,0.5741695761680603,7.926708595062948e-08,0,1.0000001192092896
25.7426993496847,0.5765260457992554,7.281917430157492e-08,0,1.0000001192092896
25.752749349430815,0.5803004503250122,7.166291865479124e-08,0,1.0000001192092896
25.76279934917693,0.5736790299415588,8.171979065663137e-08,0,1.0000001192092896
25.772849348923046,0.5823679566383362,6.914696593085523e-08,0,1.0000001192092896
25.78289934866916,0.5798165798187256,7.845714355969591e-08,0,1.0000001192092896
25.792949348415277,0.5809746980667114,7.357528475360198e-08,0,1.0000001192092896
25.802999348161393,0.5853784680366516,7.128026641156637e-08,0,1.0000001192092896
25.81304934790751,0.5786786675453186,8.202819673508444e-08,0,1.0000001192092896
25.823099347653624,0.5872421860694885,6.929051776793926e-08,0,1.0000001192092896
25.83314934739974,0.5853112936019897,7.784256572662684e-08,0,1.0000001192092896
25.843199347145855,0.5854591727256775,7.45366268706249e-08,0,1.0000001192092896
25.853299346890708,0.5905243158340454,7.100946913807249e-08,0,1.0000001192092896
25.863349346636824,0.5837253928184509,8.237361487362094e-08,0,1.0000001192092896
25.87339934638294,0.592136561870575,6.953791015229527e-08,0,1.0000001192092896
25.883449346129055,0.5908328890800476,7.713378546991834e-08,0,1.0000001192092896
25.89349934587517,0.5897061228752136,7.5742460914352e-08,0,1.0000001192092896
25.903549345621286,0.5956310033798218,7.07338701499971e-08,0,1.0000001192092896
25.913599345367402,0.5888415575027466,8.260576250807006e-08,0,1.0000001192092896
25.923649345113517,0.5969996452331543,6.981133032768483e-08,0,1.0000001192092896
25.933699344859633,0.5962939858436584,7.656787703869128e-08,0,1.0000001192092896
25.94374934460575,0.594152569770813,7.678746527517433e-08,0,1.0000001192092896
25.953799344351864,0.6007067561149597,7.054501427461446e-08,0,1.0000001192092896
25.96384934409798,0.5939554572105408,8.281346441929571e-08,0,1.0000001192092896
25.973899343844096,0.6017954349517822,7.013544606193634e-08,0,1.0000001192092896
25.98394934359021,0.6017058491706848,7.594858769666146e-08,0,1.0000001192092896
25.993999343336327,0.5986258387565613,7.774365179402665e-08,0,1.0000001192092896
26.004049343082443,0.6057870984077454,7.036826676909413e-08,0,1.0000001192092896
26.01409934282856,0.5991477370262146,8.292717901259294e-08,0,1.0000001192092896
26.024149342574674,0.6066763997077942,7.044452521309807e-08,0,1.0000001192092896
26.03419934232079,0.6070840358734131,7.533849238905432e-08,0,1.0000001192092896
26.044249342066905,0.603152871131897,7.866461648742273e-08,0,1.0000001192092896
26.05429934181302,0.6108024716377258,7.019690384524324e-08,0,1.0000001192092896
26.064349341559137,0.6044812202453613,8.28320814716399e-08,0,1.0000001192092896
26.074399341305252,0.6114677786827087,7.076370045489e-08,0,1.0000001192092896
26.084449341051368,0.6124488711357117,7.475509794518942e-08,0,1.0000001192092896
26.094499340797483,0.607825517654419,7.94353055555419e-08,0,1.0000001192092896
26.1045493405436,0.6158133149147034,7.004057056558821e-08,0,1.0000001192092896
26.114599340289715,0.609913170337677,8.251559852068269e-08,0,1.0000001192092896
26.12464934003583,0.6162770390510559,7.11039629952559e-08,0,1.0000001192092896
26.134749339780683,0.6177442073822021,7.410261293472331e-08,0,1.0000001192092896
26.1447993395268,0.6124017834663391,8.032285253589677e-08,0,1.0000001192092896
26.154849339272914,0.6207928657531738,6.993178258696275e-08,0,1.0000001192092896
26.16489933901903,0.6155109405517578,8.199365492123079e-08,0,1.0000001192092896
26.174949338765146,0.6209608316421509,7.15644557502948e-08,0,1.0000001192092896
26.18499933851126,0.62302166223526,7.362373211083906e-08,0,1.0000001192092896
26.195049338257377,0.617150604724884,8.108591575961555e-08,0,1.0000001192092896
26.205099338003492,0.6258059740066528,6.995443807555901e-08,0,1.0000001192092896
26.215149337749608,0.6210638284683228,8.156030711914397e-08,0,1.0000001192092896
26.225199337495724,0.6257207989692688,7.2172524900882e-08,0,1.0000001192092896
26.23524933724184,0.6282564997673035,7.331173862423768e-08,0,1.0000001192092896
26.245299336987955,0.6220248341560364,8.175253529696391e-08,0,1.0000001192092896
26.25534933673407,0.6307944059371948,7.003338881039767e-08,0,1.0000001192092896
26.265399336480186,0.6267333030700684,8.097062603740213e-08,0,1.0000001192092896
26.275449336226302,0.6303441524505615,7.292123155311359e-08,0,1.0000001192092896
26.285499335972418,0.6334152221679688,7.29844795710477e-08,0,1.0000001192092896
26.295549335718533,0.6269998550415039,8.229242287605132e-08,0,1.0000001192092896
26.30559933546465,0.6357492804527283,7.00694988142736e-08,0,1.0000001192092896
26.315649335210765,0.6324587464332581,8.023986336480604e-08,0,1.0000001192092896
26.32569933495688,0.6348376274108887,7.374306026930455e-08,0,1.0000001192092896
26.335749334702996,0.6385627388954163,7.270545970827769e-08,0,1.0000001192092896
26.34579933444911,0.6319659352302551,8.274640000971445e-08,0,1.0000001192092896
26.355849334195227,0.6406951546669006,7.021013631591799e-08,0,1.0000001192092896
26.365899333941343,0.6380654573440552,7.958311787348293e-08,0,1.0000001192092896
26.37594933368746,0.6393175721168518,7.464832918469e-08,0,1.0000001192092896
26.385999333433574,0.6437259316444397,7.241409555325262e-08,0,1.0000001192092896
26.39604933317969,0.6369767785072327,8.313354171729515e-08,0,1.0000001192092896
26.406149332924542,0.6456096172332764,7.037781468710591e-08,0,1.0000001192092896
26.416199332670658,0.6437259316444397,7.87913484456837e-08,0,1.0000001192092896
26.426249332416774,0.6436631679534912,7.571531596139991e-08,0,1.0000001192092896
26.43629933216289,0.648880124092102,7.203390661736364e-08,0,1.0000001192092896
26.446349331909005,0.642059326171875,8.349039515298529e-08,0,1.0000001192092896
26.45639933165512,0.6504884362220764,7.067937207727581e-08,0,1.0000001192092896
26.466449331401236,0.6491377353668213,7.835082582730024e-08,0,1.0000001192092896
26.47649933114735,0.6480379104614258,7.690342807009642e-08,0,1.0000001192092896
26.486549330893467,0.6539604663848877,7.195136847437666e-08,0,1.0000001192092896
26.496599330639583,0.6471800208091736,8.385757366280444e-08,0,1.0000001192092896
26.5066493303857,0.6552820801734924,7.10519282298705e-08,0,1.0000001192092896
26.516699330131814,0.6546235084533691,7.783897831847852e-08,0,1.0000001192092896
26.52674932987793,0.6524708867073059,7.802356677411026e-08,0,1.0000001192092896
26.536799329624046,0.6590474843978882,7.180871175460624e-08,0,1.0000001192092896
26.54684932937016,0.6523051261901855,8.412111979216874e-08,0,1.0000001192092896
26.556899329116277,0.6601338982582092,7.142045288510701e-08,0,1.0000001192092896
26.566949328862393,0.6600129008293152,7.727621320618994e-08,0,1.0000001192092896
26.576999328608508,0.6569418907165527,7.905534560315175e-08,0,1.0000001192092896
26.587049328354624,0.6640874743461609,7.172414745459932e-08,0,1.0000001192092896
26.59709932810074,0.6574391722679138,8.432254200441136e-08,0,1.0000001192092896
26.607149327846855,0.6650035977363586,7.185178146906779e-08,0,1.0000001192092896
26.61719932759297,0.6654202342033386,7.680630437212344e-08,0,1.0000001192092896
26.627249327339086,0.6614868640899658,8.009699153932459e-08,0,1.0000001192092896
26.637299327085202,0.6691229939460754,7.170463528494153e-08,0,1.0000001192092896
26.647349326831318,0.6627434492111206,8.436448761806048e-08,0,1.0000001192092896
26.657399326577433,0.6697972416877747,7.233828119845853e-08,0,1.0000001192092896
26.66744932632355,0.670720100402832,7.639337079590192e-08,0,1.0000001192092896
26.677499326069665,0.6661258339881897,8.108322346878083e-08,0,1.0000001192092896
26.687599325814517,0.6741539835929871,7.171584853749025e-08,0,1.0000001192092896
26.697649325560633,0.6682851910591125,8.417136432292693e-08,0,1.0000001192092896
26.70769932530675,0.67457515001297,7.290889419975244e-08,0,1.0000001192092896
26.717749325052864,0.6760714650154114,7.588690786874963e-08,0,1.0000001192092896
26.72779932479898,0.6707425117492676,8.20858450656381e-08,0,1.0000001192092896
26.737849324545095,0.6791043877601624,7.172504951080683e-08,0,1.0000001192092896
26.74789932429121,0.673838198184967,8.379970328764585e-08,0,1.0000001192092896
26.757949324037327,0.6793306469917297,7.337364049675443e-08,0,1.0000001192092896
26.767999323783442,0.6813623309135437,7.545759156402099e-08,0,1.0000001192092896
26.778049323529558,0.6755070090293884,8.287896063885469e-08,0,1.0000001192092896
26.788099323275674,0.6841264367103577,7.178763139492617e-08,0,1.0000001192092896
26.79814932302179,0.6793866753578186,8.338003898433755e-08,0,1.0000001192092896
26.808199322767905,0.6840794682502747,7.395704187951324e-08,0,1.0000001192092896
26.81824932251402,0.6865792870521545,7.51191331360701e-08,0,1.0000001192092896
26.828299322260136,0.6803923845291138,8.35442340307857e-08,0,1.0000001192092896
26.838349322006252,0.6891351342201233,7.182440753261687e-08,0,1.0000001192092896
26.848399321752368,0.6850807070732117,8.27937232661391e-08,0,1.0000001192092896
26.858449321498483,0.6886647343635559,7.471718382889847e-08,0,1.0000001192092896
26.8684993212446,0.6917536854743958,7.485917441485412e-08,0,1.0000001192092896
26.878549320990714,0.6853181719779968,8.422026270826777e-08,0,1.0000001192092896
26.88859932073683,0.6940585970878601,7.204781216074707e-08,0,1.0000001192092896
26.898649320482946,0.690752387046814,8.230116588237024e-08,0,1.0000001192092896
26.90869932022906,0.6932073831558228,7.579090133269517e-08,0,1.0000001192092896
26.918749319975177,0.6969056725502014,7.481588265578765e-08,0,1.0000001192092896
26.928799319721293,0.6903223395347595,8.486512187433348e-08,0,1.0000001192092896
26.93884931946741,0.6989978551864624,7.233828119845853e-08,0,1.0000001192092896
26.948899319213524,0.6963815093040466,8.177653693097753e-08,0,1.0000001192092896
26.958999318958377,0.6975799202919006,7.695411669006447e-08,0,1.0000001192092896
26.969049318704492,0.7021024227142334,7.455277367673929e-08,0,1.0000001192092896
26.979099318450608,0.6953017711639404,8.538145190861712e-08,0,1.0000001192092896
26.989149318196723,0.7039370536804199,7.261035522843073e-08,0,1.0000001192092896
26.99919931794284,0.7020218372344971,8.107088611541968e-08,0,1.0000001192092896
27.009249317688955,0.7020240426063538,7.797848478041658e-08,0,1.0000001192092896
27.01929931743507,0.707182765007019,7.435113635878565e-08,0,1.0000001192092896
27.029349317181186,0.7004247307777405,8.57905760320854e-08,0,1.0000001192092896
27.0393993169273,0.7087798714637756,7.297012993845442e-08,0,1.0000001192092896
27.049449316673417,0.7075120210647583,8.065503820375852e-08,0,1.0000001192092896
27.059499316419533,0.7064054608345032,7.916973326915766e-08,0,1.0000001192092896
27.06954931616565,0.7122989296913147,7.426119441600321e-08,0,1.0000001192092896
27.079599315911764,0.7055296897888184,8.618242924862685e-08,0,1.0000001192092896
27.08964931565788,0.7136607766151428,7.343756852629113e-08,0,1.0000001192092896
27.099699315403996,0.7129395604133606,8.028315512387252e-08,0,1.0000001192092896
27.10974931515011,0.7108429074287415,8.047515431819363e-08,0,1.0000001192092896
27.119799314896227,0.7173612713813782,7.435696502966493e-08,0,1.0000001192092896
27.129849314642343,0.7106144428253174,8.668372963871462e-08,0,1.0000001192092896
27.139899314388458,0.7184813022613525,7.40581970748444e-08,0,1.0000001192092896
27.149949314134574,0.7183558344841003,7.996531908860405e-08,0,1.0000001192092896
27.15999931388069,0.715278148651123,8.177025029310059e-08,0,1.0000001192092896
27.170049313626805,0.7224192023277283,7.446844529912511e-08,0,1.0000001192092896
27.18009931337292,0.7157999873161316,8.710855647908744e-08,0,1.0000001192092896
27.190149313119036,0.7233129143714905,7.468197588123004e-08,0,1.0000001192092896
27.200199312865152,0.7237027287483215,7.964659487491588e-08,0,1.0000001192092896
27.210249312611268,0.7198364734649658,8.29754043252251e-08,0,1.0000001192092896
27.220299312357383,0.7274413108825684,7.458956369221781e-08,0,1.0000001192092896
27.230399312102236,0.7211558222770691,8.725512673501967e-08,0,1.0000001192092896
27.24044931184835,0.7281311750411987,7.532436480106597e-08,0,1.0000001192092896
27.250499311594467,0.7291324734687805,7.924733785857896e-08,0,1.0000001192092896
27.260549311340583,0.7243971228599548,8.416217722739816e-08,0,1.0000001192092896
27.2705993110867,0.7324521541595459,7.470911389528823e-08,0,1.0000001192092896
27.280649310832814,0.7266035079956055,8.722630950863675e-08,0,1.0000001192092896
27.29069931057893,0.7328799962997437,7.59804372196804e-08,0,1.0000001192092896
27.300749310325045,0.7344031929969788,7.906319349215707e-08,0,1.0000001192092896
27.31079931007116,0.7290607690811157,8.53249276788759e-08,0,1.0000001192092896
27.320849309817277,0.7374226450920105,7.504354082588094e-08,0,1.0000001192092896
27.330899309563392,0.7321206331253052,8.722967487218014e-08,0,1.0000001192092896
27.340949309309508,0.7376354932785034,7.68648478199907e-08,0,1.0000001192092896
27.350999309055624,0.7396470308303833,7.903628446159772e-08,0,1.0000001192092896
27.36104930880174,0.7338476777076721,8.647535465478029e-08,0,1.0000001192092896
27.371099308547855,0.742458164691925,7.541139240840877e-08,0,1.0000001192092896
27.38114930829397,0.7377228736877441,8.703767567785903e-08,0,1.0000001192092896
27.391199308040086,0.7423641085624695,7.765841442131105e-08,0,1.0000001192092896
27.401249307786202,0.7449334263801575,7.88433832110691e-08,0,1.0000001192092896
27.411299307532317,0.7387420535087585,8.730033362880363e-08,0,1.0000001192092896
27.421349307278433,0.7474309802055359,7.559554371372457e-08,0,1.0000001192092896
27.43139930702455,0.7434079647064209,8.658750799694914e-08,0,1.0000001192092896
27.441449306770664,0.7469941973686218,7.852600514279828e-08,0,1.0000001192092896
27.45149930651678,0.750076413154602,7.870275264831861e-08,0,1.0000001192092896
27.461549306262896,0.7436386346817017,8.804881129753639e-08,0,1.0000001192092896
27.47159930600901,0.7523971199989319,7.588107225897645e-08,0,1.0000001192092896
27.481649305755127,0.749086320400238,8.615326507754872e-08,0,1.0000001192092896
27.491699305501243,0.7514966130256653,7.965332560200267e-08,0,1.0000001192092896
27.50174930524736,0.7552127242088318,7.870252366481978e-08,0,1.0000001192092896
27.51184930499221,0.748573362827301,8.891079539274926e-08,0,1.0000001192092896
27.521899304738326,0.757293701171875,7.638148447064452e-08,0,1.0000001192092896
27.531949304484442,0.7547871470451355,8.57163368062075e-08,0,1.0000001192092896
27.541999304230558,0.7558399438858032,8.11204575734692e-08,0,1.0000001192092896
27.552049303976673,0.7603759169578552,7.878551283591051e-08,0,1.0000001192092896
27.56209930372279,0.7536044716835022,8.973800175171576e-08,0,1.0000001192092896
27.572149303468905,0.7622284293174744,7.705662496970689e-08,0,1.0000001192092896
27.58219930321502,0.7602930665016174,8.5597008647742e-08,0,1.0000001192092896
27.592249302961136,0.7602975368499756,8.258872058464206e-08,0,1.0000001192092896
27.60229930270725,0.7654898762702942,7.902999782372078e-08,0,1.0000001192092896
27.612349302453367,0.7586354613304138,9.054391264529116e-08,0,1.0000001192092896
27.622399302199483,0.7671026587486267,7.781474770096608e-08,0,1.0000001192092896
27.6324493019456,0.7657743096351624,8.55629178619921e-08,0,1.0000001192092896
27.642499301691714,0.7647035717964172,8.417383456915672e-08,0,1.0000001192092896
27.65254930143783,0.7705612182617188,7.930880258077977e-08,0,1.0000001192092896
27.662599301183945,0.7638210654258728,9.127893579874424e-08,0,1.0000001192092896
27.67264930093006,0.7719634771347046,7.858745598721129e-08,0,1.0000001192092896
27.682699300676177,0.7712085247039795,8.545704421880629e-08,0,1.0000001192092896
27.692749300422292,0.7691051959991455,8.570085613390788e-08,0,1.0000001192092896
27.702799300168408,0.7756392359733582,7.959029268977957e-08,0,1.0000001192092896
27.712849299914524,0.7689595818519592,9.195474243162138e-08,0,1.0000001192092896
27.72289929966064,0.7767704725265503,7.938551205288746e-08,0,1.0000001192092896
27.732949299406755,0.7766920328140259,8.532964612673055e-08,0,1.0000001192092896
27.74299929915287,0.7735918760299683,8.720612426627028e-08,0,1.0000001192092896
27.753049298898986,0.780708372592926,7.99597194012236e-08,0,1.0000001192092896
27.763099298645102,0.7740668058395386,9.264446154677586e-08,0,1.0000001192092896
27.773149298391218,0.7815998792648315,8.028920583935673e-08,0,1.0000001192092896
27.78324929813607,0.7821241021156311,8.519753652569406e-08,0,1.0000001192092896
27.793299297882186,0.7780427932739258,8.883049157359935e-08,0,1.0000001192092896
27.8033492976283,0.7857304215431213,8.03273420002526e-08,0,1.0000001192092896
27.813399297374417,0.7794539332389832,9.3055833871869e-08,0,1.0000001192092896
27.823449297120533,0.7864136695861816,8.119761807368064e-08,0,1.0000001192092896
27.83349929686665,0.787432849407196,8.518362404341673e-08,0,1.0000001192092896
27.843549296612764,0.7826930284500122,9.0185255097186e-08,0,1.0000001192092896
27.85359929635888,0.7907435297966003,8.076157798075911e-08,0,1.0000001192092896
27.863649296104995,0.7849128246307373,9.333687295276505e-08,0,1.0000001192092896
27.87369929585111,0.791175901889801,8.2164344772373e-08,0,1.0000001192092896
27.883749295597227,0.7926788926124573,8.529667250289918e-08,0,1.0000001192092896
27.893799295343342,0.7873611450195312,9.162009345642375e-08,0,1.0000001192092896
27.903849295089458,0.7957544326782227,8.136293028204733e-08,0,1.0000001192092896
27.913899294835574,0.7903829216957092,9.35871935503485e-08,0,1.0000001192092896
27.92394929458169,0.795956015586853,8.324591710406892e-08,0,1.0000001192092896
27.933999294327805,0.7979541420936584,8.547879765119504e-08,0,1.0000001192092896
27.94404929407392,0.7921099662780762,9.302980608083544e-08,0,1.0000001192092896
27.954099293820036,0.8007383942604065,8.204815993284598e-08,0,1.0000001192092896
27.96414929356615,0.7960120439529419,9.380161924976704e-08,0,1.0000001192092896
27.974199293312267,0.8006219267845154,8.452463728936266e-08,0,1.0000001192092896
27.984249293058383,0.8031486868858337,8.582848320948244e-08,0,1.0000001192092896
27.9942992928045,0.7969394326210022,9.441552401012743e-08,0,1.0000001192092896
28.004349292550614,0.8057201504707336,8.280718472031268e-08,0,1.0000001192092896
28.01439929229673,0.8016725182533264,9.38933583660706e-08,0,1.0000001192092896
28.024449292042846,0.8052721619606018,8.59509546868864e-08,0,1.0000001192092896
28.03449929178896,0.8083454370498657,8.618646074598502e-08,0,1.0000001192092896
28.044549291535077,0.801903247833252,9.563772690457384e-08,0,1.0000001192092896
28.054599291281193,0.81067955493927,8.355947878069259e-08,0,1.0000001192092896
28.064699291026045,0.8074875473976135,9.371571574323667e-08,0,1.0000001192092896
28.07474929077216,0.8096737861633301,8.76233183233488e-08,0,1.0000001192092896
28.084799290518276,0.8135153651237488,8.651371979917499e-08,0,1.0000001192092896
28.094849290264392,0.8068625330924988,9.687158714077881e-08,0,1.0000001192092896
28.104899290010508,0.8155918121337891,8.445128624190446e-08,0,1.0000001192092896
28.114949289756623,0.8130561709403992,9.38489494450856e-08,0,1.0000001192092896
28.12499928950274,0.8140708804130554,8.936835993456071e-08,0,1.0000001192092896
28.135049289248855,0.8186046481132507,8.710608623285765e-08,0,1.0000001192092896
28.14509928899497,0.811853289604187,9.817723023441971e-08,0,1.0000001192092896
28.155149288741086,0.8204660415649414,8.55842202662771e-08,0,1.0000001192092896
28.1651992884872,0.8185642957687378,9.41995231817927e-08,0,1.0000001192092896
28.175249288233317,0.8185217380523682,9.134644429753536e-08,0,1.0000001192092896
28.185299287979433,0.8237409591674805,8.784963728691864e-08,0,1.0000001192092896
28.19534928772555,0.816962718963623,9.947973000912214e-08,0,1.0000001192092896
28.205399287471664,0.8253380060195923,8.684500341082924e-08,0,1.0000001192092896
28.21544928721778,0.8240523338317871,9.463601430281798e-08,0,1.0000001192092896
28.225499286963895,0.8229613900184631,9.335616307781791e-08,0,1.0000001192092896
28.23554928671001,0.8288593292236328,8.852858723873425e-08,0,1.0000001192092896
28.245599286456127,0.822063148021698,1.0062410626954232e-07,0,1.0000001192092896
28.255649286202242,0.8302235007286072,8.799610345944231e-08,0,1.0000001192092896
28.265699285948358,0.8295201063156128,9.491615826640043e-08,0,1.0000001192092896
28.275749285694474,0.827385425567627,9.529253081064226e-08,0,1.0000001192092896
28.28579928544059,0.8338948488235474,8.924679051336426e-08,0,1.0000001192092896
28.295849285186705,0.8271480202674866,1.0175883052854218e-07,0,1.0000001192092896
28.30589928493282,0.835059642791748,8.93008514357696e-08,0,1.0000001192092896
28.315949284678936,0.8349162936210632,9.537910738988131e-08,0,1.0000001192092896
28.325999284425052,0.8318273425102234,9.739241357831219e-08,0,1.0000001192092896
28.336099284169904,0.8389482498168945,9.02014088421943e-08,0,1.0000001192092896
28.34614928391602,0.8323850631713867,1.0304607861444381e-07,0,1.0000001192092896
28.356199283662136,0.8398330211639404,9.087632035775783e-08,0,1.0000001192092896
28.36624928340825,0.8403707146644592,9.586560711927206e-08,0,1.0000001192092896
28.376299283154367,0.836273729801178,9.96968618771632e-08,0,1.0000001192092896
28.386349282900483,0.8439837694168091,9.134173972746851e-08,0,1.0000001192092896
28.3963992826466,0.8377095460891724,1.0421624674350483e-07,0,1.0000001192092896
28.406449282392714,0.8446176648139954,9.254532556957074e-08,0,1.0000001192092896
28.41649928213883,0.8456659913063049,9.663315980734666e-08,0,1.0000001192092896
28.426549281884945,0.8409126996994019,1.0181311349555244e-07,0,1.0000001192092896
28.43659928163106,0.8489386439323425,9.251280297384312e-08,0,1.0000001192092896
28.446649281377177,0.8431639671325684,1.0519553284016325e-07,0,1.0000001192092896
28.456699281123292,0.849368691444397,9.423339192293767e-08,0,1.0000001192092896
28.466749280869408,0.8509501814842224,9.743816864471455e-08,0,1.0000001192092896
28.476799280615523,0.8455764055252075,1.039670502467338e-07,0,1.0000001192092896
28.48684928036164,0.8539383411407471,9.382988136463766e-08,0,1.0000001192092896
28.496899280107755,0.848672091960907,1.0617638712684396e-07,0,1.0000001192092896
28.50694927985387,0.8541802167892456,9.605469891704743e-08,0,1.0000001192092896
28.516999279599986,0.8561491966247559,9.838672931916648e-08,0,1.0000001192092896
28.5270492793461,0.8503028154373169,1.0618535911666172e-07,0,1.0000001192092896
28.537099279092217,0.858906626701355,9.534949912959334e-08,0,1.0000001192092896
28.547149278838333,0.8542273044586182,1.0725482307849532e-07,0,1.0000001192092896
28.55719927858445,0.8588529229164124,9.821177204827336e-08,0,1.0000001192092896
28.567249278330564,0.8613572120666504,9.964548630669867e-08,0,1.0000001192092896
28.57729927807668,0.8551389575004578,1.0847881620756894e-07,0,1.0000001192092896
29.06984926563382,0.9026514887809753,-1.9648768723179444e-07,0,1.000000238418579
29.522199254206498,0.9438360929489136,-1.1628734780666505e-07,0,1.000000238418579
29.964449243034323,0.9957629442214966,-3.774958678981477e-07,0,1.000000238418579
30.825549221281108,0.9174153208732605,8.859430550289815e-08,0,1.0000001192092896
30.835599221027223,0.9239829778671265,7.54338258524001e-08,0,1.0000001192092896
30.84564922077334,0.9169874787330627,8.467693907165952e-08,0,1.0000001192092896
30.855699220519455,0.920190691947937,7.192646478415554e-08,0,1.0000001192092896
30.86574922026557,0.9204191565513611,7.085521752658863e-08,0,1.0000001192092896
30.875799220011686,0.9123663902282715,7.613969177366897e-08,0,1.0000001192092896
30.8858492197578,0.9189205765724182,6.225943371962472e-08,0,1.0000001192092896
30.895899219503917,0.9124201536178589,7.133925394864349e-08,0,1.0000001192092896
30.905949219250033,0.9145391583442688,6.033943483751969e-08,0,1.0000001192092896
30.91599921899615,0.9152089357376099,5.908740163818038e-08,0,1.0000001192092896
30.926049218742264,0.9067506790161133,6.621986986532491e-08,0,1.0000001192092896
30.93609921848838,0.9133765697479248,5.273347383760729e-08,0,1.0000001192092896
30.946149218234495,0.9075525999069214,6.210511271920183e-08,0,1.0000001192092896
30.95619921798061,0.9085987210273743,5.344136244644915e-08,0,1.0000001192092896
30.966249217726727,0.9098553657531738,5.203276698395598e-08,0,1.0000001192092896
30.97634921747158,0.9012402892112732,6.078691022759486e-08,0,1.0000001192092896
30.986399217217695,0.9079558253288269,4.7504181144297775e-08,0,1.0000001192092896
30.99644921696381,0.9029919505119324,5.643821521239545e-08,0,1.0000001192092896
31.006499216709926,0.9027231931686401,4.9978864796740297e-08,0,1.0000001192092896
31.016549216456042,0.9048646092414856,4.745842260844846e-08,0,1.0000001192092896
31.026599216202158,0.8961107134819031,5.710011630188916e-08,0,1.0000001192092896
31.036649215948273,0.9027836918830872,4.358120114789088e-08,0,1.0000001192092896
31.04669921569439,0.8985478281974792,5.163755534276504e-08,0,1.0000001192092896
31.056749215440504,0.8972083330154419,4.663457467413146e-08,0,1.0000001192092896
31.06679921518662,0.8999634981155396,4.275645462681332e-08,0,1.0000001192092896
31.076849214932736,0.8912051320075989,5.280771653293215e-08,0,1.0000001192092896
31.08689921467885,0.8977839946746826,3.8930150769722616e-08,0,1.0000001192092896
31.096949214424967,0.8940902352333069,4.595248487282433e-08,0,1.0000001192092896
31.106999214171083,0.891722559928894,4.23166085505855e-08,0,1.0000001192092896
31.1170492139172,0.8950400352478027,3.701217457519057e-08,0,1.0000001192092896
31.127099213663314,0.8863353729248047,4.7453263540830903e-08,0,1.0000001192092896
31.13714921340943,0.8926387429237366,3.343528579002886e-08,0,1.0000001192092896
31.147199213155545,0.889534056186676,3.9588016892411204e-08,0,1.0000001192092896
31.15724921290166,0.8861136436462402,3.7526041302138324e-08,0,1.0000001192092896
31.167299212647777,0.8901635408401489,3.094938541559067e-08,0,1.0000001192092896
31.177349212393892,0.8814096450805664,4.1872269540554896e-08,0,1.0000001192092896
31.187399212140008,0.8873658180236816,2.8029020077147138e-08,0,1.0000001192092896
31.197449211886124,0.8848838806152344,3.3413528888193156e-08,0,1.0000001192092896
31.20749921163224,0.8803859353065491,3.312553356615844e-08,0,1.0000001192092896
31.217549211378355,0.8851056694984436,2.5491758010032228e-08,0,1.0000001192092896
31.22759921112447,0.8764010071754456,3.6919089313469655e-08,0,1.0000001192092896
31.237649210870586,0.8821107745170593,2.339299760845126e-08,0,1.0000001192092896
31.24774921061544,0.8801910877227783,2.79056586866e-08,0,1.0000001192092896
31.257799210361554,0.8746336102485657,2.9630509851275022e-08,0,1.0000001192092896
31.26784921010767,0.880020797252655,2.086537713441583e-08,0,1.0000001192092896
31.277899209853786,0.8715043663978577,3.273524853963927e-08,0,1.0000001192092896
31.2879492095999,0.876743733882904,1.9653717889256406e-08,0,1.0000001192092896
31.297999209346017,0.8754153847694397,2.3322791614655003e-08,0,1.0000001192092896
31.308049209092133,0.8691523671150208,2.6552239573707226e-08,0,1.0000001192092896
31.318099208838248,0.8749584555625916,1.6849762904391774e-08,0,1.0000001192092896
31.328149208584364,0.8667398691177368,2.866333732864934e-08,0,1.0000001192092896
31.33819920833048,0.8715065717697144,1.612370827130949e-08,0,1.0000001192092896
31.348249208076595,0.8706845045089722,1.8920261191102128e-08,0,1.0000001192092896
31.35829920782271,0.863747239112854,2.346566864430688e-08,0,1.0000001192092896
31.368349207568826,0.8698893189430237,1.2850970287914265e-08,0,1.0000001192092896
31.378399207314942,0.8622128367424011,2.4449890029254462e-08,0,1.0000001192092896
31.388449207061058,0.8662000298500061,1.2644391610139305e-08,0,1.0000001192092896
31.398499206807173,0.8658729791641235,1.4534554983181014e-08,0,1.0000001192092896
31.40854920655329,0.858357846736908,2.035891247254007e-08,0,1.0000001192092896
31.418599206299405,0.8648247122764587,8.957149258415065e-09,0,1.0000001192092896
31.42864920604552,0.8576701879501343,2.0175210460604553e-08,0,1.0000001192092896
31.438699205791636,0.8609069585800171,9.276550014258866e-09,0,1.0000001192092896
31.44874920553775,0.8610839247703552,1.0327388250130909e-08,0,1.0000001192092896
31.458799205283867,0.8531095385551453,1.7365425070137164e-08,0,1.0000001192092896
31.468849205029983,0.8597040772438049,5.314543076451184e-09,0,1.0000001192092896
31.4788992047761,0.8532125353813171,1.6031747110401007e-08,0,1.0000001192092896
31.488949204522214,0.8555063605308533,6.317605293071349e-09,0,1.0000001192092896
31.49899920426833,0.8562119603157043,6.4205585292853584e-09,0,1.0000001192092896
31.509049204014445,0.8478813767433167,1.4491264091476275e-08,0,1.0000001192092896
31.519149203759298,0.8546445369720459,1.8828087960248707e-09,0,1.0000001192092896
31.529199203505414,0.8489319086074829,1.1812019244661354e-08,0,1.0000001192092896
31.53924920325153,0.8499332070350647,3.834172996458607e-09,0,1.0000001192092896
31.549299202997645,0.8513309359550476,2.7586622222686152e-09,0,1.0000001192092896
31.55934920274376,0.8427741527557373,1.183758993605899e-08,0,1.0000001192092896
31.569399202489876,0.8495277762413025,-1.1894386300545512e-09,0,1.0000001192092896
31.579449202235992,0.8444721102714539,8.035283376173208e-09,0,1.0000001192092896
31.589499201982107,0.8443264961242676,1.7026651356194522e-09,0,1.0000001192092896
31.599549201728223,0.8464052081108093,-4.965809122410569e-10,0,1.0000001192092896
31.60959920147434,0.8376714587211609,9.33913016365473e-09,0,1.0000001192092896
31.619649201220454,0.8443847298622131,-3.896047113399748e-09,0,1.0000001192092896
31.62969920096657,0.8400211930274963,4.5429562889331976e-09,0,1.0000001192092896
31.639749200712686,0.838778018951416,-2.283199399943231e-10,0,1.0000001192092896
31.6497992004588,0.8414637446403503,-3.5970577644955926e-09,0,1.0000001192092896
31.659849200204917,0.8326740264892578,6.896070953860134e-09,0,1.0000001192092896
31.669899199951033,0.8392462134361267,-6.472562937009929e-09,0,1.0000001192092896
31.67994919969715,0.8354695439338684,1.1903675744759368e-09,0,1.0000001192092896
31.689999199443264,0.8331287503242493,-1.9726885056026155e-09,0,1.0000001192092896
31.70004919918938,0.836482048034668,-6.514731028944842e-09,0,1.0000001192092896
31.710099198935495,0.8276586532592773,4.551255206042271e-09,0,1.0000001192092896
31.72014919868161,0.8339889049530029,-8.770275304603725e-09,0,1.0000001192092896
31.730199198427727,0.8308305144309998,-1.8320536060434378e-09,0,1.0000001192092896
31.740249198173842,0.8274436593055725,-3.3462919935001167e-09,0,1.0000001192092896
31.750299197919958,0.8315070271492004,-9.15427456060769e-09,0,1.0000001192092896
31.760349197666073,0.8227195143699646,2.3746631831050857e-09,0,1.0000001192092896
31.77039919741219,0.8288010954856873,-1.0853559370693766e-08,0,1.0000001192092896
31.780449197158305,0.8261914849281311,-4.771932415187363e-09,0,1.0000001192092896
31.79049919690442,0.8218168020248413,-4.601690122701951e-09,0,1.0000001192092896
31.800599196649273,0.8264893889427185,-1.1601594684940153e-08,0,1.0000001192092896
31.81064919639539,0.8177981972694397,4.2977150701076217e-10,0,1.0000001192092896
31.820699196141504,0.8234811425209045,-1.2560694671870376e-08,0,1.0000001192092896
31.83074919588762,0.8216398358345032,-7.554578490553965e-09,0,1.0000001192092896
31.840799195633736,0.8161002993583679,-5.464341652772209e-09,0,1.0000001192092896
31.85084919537985,0.8214718103408813,-1.3743195817483844e-08,0,1.0000001192092896
31.860899195125967,0.8129486441612244,-1.5101853144752764e-09,0,1.0000001192092896
31.870949194872082,0.8182439804077148,-1.4243157001048168e-08,0,1.0000001192092896
31.880999194618198,0.8169223666191101,-1.0167430265772825e-08,0,1.0000001192092896
31.891049194364314,0.8106638193130493,-6.638095455258064e-09,0,1.0000001192092896
31.90109919411043,0.816413938999176,-1.592696460828158e-08,0,1.0000001192092896
31.911149193856545,0.8082603216171265,-3.6883469368975685e-09,0,1.0000001192092896
31.92119919360266,0.8129754662513733,-1.584756284533917e-08,0,1.0000001192092896
31.931249193348776,0.812157928943634,-1.2584246145141975e-08,0,1.0000001192092896
31.941299193094892,0.8052811622619629,-7.673456488277441e-09,0,1.0000001192092896
31.951349192841008,0.8113918304443359,-1.785166979517694e-08,0,1.0000001192092896
31.961399192587123,0.8036997318267822,-5.810658378069267e-09,0,1.0000001192092896
31.97144919233324,0.8077115416526794,-1.7216008132980853e-08,0,1.0000001192092896
31.981499192079355,0.8073844909667969,-1.4795378464049769e-08,0,1.0000001192092896
31.99154919182547,0.7998513579368591,-8.594201739153817e-09,0,1.0000001192092896
32.001599191571586,0.8063226938247681,-1.954669238968254e-08,0,1.0000001192092896
32.0116491913177,0.799109935760498,-7.898203792378045e-09,0,1.0000001192092896
32.02169919106382,0.8024184107780457,-1.8423181383231402e-08,0,1.0000001192092896
32.03174919080993,0.8025729656219482,-1.6912308359318118e-08,0,1.0000001192092896
32.04179919055605,0.7946277260780334,-9.507320278268061e-09,0,1.0000001192092896
32.051849190302164,0.801237940788269,-2.116298629395441e-08,0,1.0000001192092896
32.06189919004828,0.7946859002113342,-1.002455236875921e-08,0,1.0000001192092896
32.07199918979313,0.7969958186149597,-1.9389344296794064e-08,0,1.0000001192092896
32.08204918953925,0.7977054119110107,-1.8958357453358055e-08,0,1.0000001192092896
32.09209918928536,0.7894085049629211,-1.0439952721763568e-08,0,1.0000001192092896
32.10214918903148,0.7961531281471252,-2.272365455524561e-08,0,1.0000001192092896
32.112199188777595,0.7904389500617981,-1.2410190930456366e-08,0,1.0000001192092896
32.12224918852371,0.7914446592330933,-2.0126952188226355e-08,0,1.0000001192092896
32.132299188269826,0.7928155660629272,-2.0790875965293054e-08,0,1.0000001192092896
32.14234918801594,0.7842968106269836,-1.1392548363020616e-08,0,1.0000001192092896
32.15239918776206,0.7910683751106262,-2.4060921657853562e-08,0,1.0000001192092896
32.16244918750817,0.7859880328178406,-1.4477324720985063e-08,0,1.0000001192092896
32.17249918725429,0.785893976688385,-2.0574651357629925e-08,0,1.0000001192092896
32.182549187000404,0.7878943085670471,-2.2380926972820347e-08,0,1.0000001192092896
32.19259918674652,0.7792254686355591,-1.2273592732425787e-08,0,1.0000001192092896
32.202649186492636,0.7859006524085999,-2.5191834729376694e-08,0,1.0000001192092896
32.21269918623875,0.7815192937850952,-1.6407637401516517e-08,0,1.0000001192092896
32.22274918598487,0.7802962064743042,-2.0947660273051838e-08,0,1.0000001192092896
32.23279918573098,0.7829775214195251,-2.3964474502036204e-08,0,1.0000001192092896
32.2428491854771,0.7741742730140686,-1.3200169256266658e-08,0,1.0000001192092896
32.252899185223214,0.7807173728942871,-2.6239755160362144e-08,0,1.0000001192092896
32.26294918496933,0.7770034074783325,-1.825226601803731e-08,0,1.0000001192092896
32.272999184715445,0.7746850252151489,-2.1157603447008455e-08,0,1.0000001192092896
32.28304918446156,0.7780069708824158,-2.541501210873154e-08,0,1.0000001192092896
32.293099184207676,0.7692306041717529,-1.4102297454798851e-08,0,1.0000001192092896
32.30314918395379,0.775502622127533,-2.719975460141466e-08,0,1.0000001192092896
32.31319918369991,0.7723643779754639,-1.9974653875376447e-08,0,1.0000001192092896
32.32324918344602,0.7690223455429077,-2.1294873850385976e-08,0,1.0000001192092896
32.33329918319214,0.7730811834335327,-2.686352876257736e-08,0,1.0000001192092896
32.343349182938255,0.7642578482627869,-1.5056463020801658e-08,0,1.0000001192092896
32.35344918268311,0.7702879309654236,-2.8013731959153354e-08,0,1.0000001192092896
32.36349918242922,0.7678552865982056,-2.181973178527752e-08,0,1.0000001192092896
32.37354918217534,0.7633013725280762,-2.1182050904955396e-08,0,1.0000001192092896
32.383599181921454,0.7680345177650452,-2.808124739683837e-08,0,1.0000001192092896
32.39364918166757,0.7593164443969727,-1.5813470324865797e-08,0,1.0000001192092896
32.403699181413685,0.7650709748268127,-2.8617767877658906e-08,0,1.0000001192092896
32.4137491811598,0.7632162570953369,-2.330660664462414e-08,0,1.0000001192092896
32.42379918090592,0.7577304840087891,-2.1066762917465454e-08,0,1.0000001192092896
32.43384918065203,0.7630795836448669,-2.9093054354500936e-08,0,1.0000001192092896
32.44389918039815,0.7545093894004822,-1.662049664563625e-08,0,1.0000001192092896
32.453949180144264,0.7598518133163452,-2.915473765185972e-08,0,1.0000001192092896
32.46399917989038,0.7584697008132935,-2.4770826015374503e-08,0,1.0000001192092896
32.474049179636495,0.7522403001785278,-2.108403382439228e-08,0,1.0000001192092896
32.48409917938261,0.7579858303070068,-3.011989269108284e-08,0,1.0000001192092896
32.494149179128726,0.7498300075531006,-1.7721352163491133e-08,0,1.0000001192092896
32.50419917887484,0.7546281218528748,-2.9728493972092096e-08,0,1.0000001192092896
32.51424917862096,0.7537276148796082,-2.6241103040502978e-08,0,1.0000001192092896
32.52429917836707,0.7468463778495789,-2.1226237781335477e-08,0,1.0000001192092896
32.53434917811319,0.7529772520065308,-3.118643190913595e-08,0,1.0000001192092896
32.544399177859304,0.7452312707901001,-1.9002544329738136e-08,0,1.0000001192092896
32.55444917760542,0.7492924332618713,-3.028430631268897e-08,0,1.0000001192092896
32.564499177351536,0.7489475011825562,-2.7701733268381545e-08,0,1.0000001192092896
32.57454917709765,0.7414770722389221,-2.139311644500097e-08,0,1.0000001192092896
32.58459917684377,0.747912585735321,-3.216258162574981e-08,0,1.0000001192092896
32.59464917658988,0.7407199740409851,-2.03503533469096e-08,0,1.0000001192092896
32.604699176336,0.7440687417984009,-3.078247032273218e-08,0,1.0000001192092896
32.614749176082114,0.7441315054893494,-2.907488659553703e-08,0,1.0000001192092896
32.62484917582697,0.7361570596694946,-2.1451883672196637e-08,0,1.0000001192092896
32.63489917557308,0.7428053617477417,-3.301110079734215e-08,0,1.0000001192092896
32.6449491753192,0.7363519668579102,-2.1802908437007495e-08,0,1.0000001192092896
32.65499917506531,0.7385538816452026,-3.087667621581858e-08,0,1.0000001192092896
32.66504917481143,0.7393020391464233,-3.028228709456293e-08,0,1.0000001192092896
32.675099174557545,0.7309961318969727,-2.160866797995542e-08,0,1.0000001192092896
32.68514917430366,0.7377474904060364,-3.372011003754949e-08,0,1.0000001192092896
32.695199174049776,0.7319772243499756,-2.3216439187789817e-08,0,1.0000001192092896
32.70524917379589,0.7330771088600159,-3.085065883312588e-08,0,1.0000001192092896
32.71529917354201,0.7344457507133484,-3.136811296822195e-08,0,1.0000001192092896
32.72534917328812,0.7259113788604736,-2.189509684669133e-08,0,1.0000001192092896
32.73539917303424,0.7326560020446777,-3.445356500098029e-08,0,1.0000001192092896
32.745449172780354,0.7276003360748291,-2.4737404832886334e-08,0,1.0000001192092896
32.75549917252647,0.7275510430335999,-3.0811405510311474e-08,0,1.0000001192092896
32.765549172272586,0.7295176982879639,-3.2476823313976055e-08,0,1.0000001192092896
32.7755991720187,0.7208131551742554,-2.2287843445822908e-08,0,1.0000001192092896
32.78564917176482,0.7275107502937317,-3.5087877048312066e-08,0,1.0000001192092896
32.79569917151093,0.7231181263923645,-2.6165064906380486e-08,0,1.0000001192092896
32.80574917125705,0.7219151854515076,-3.064250936324342e-08,0,1.0000001192092896
32.815799171003164,0.7245919704437256,-3.3516443093128956e-08,0,1.0000001192092896
32.82584917074928,0.7158089876174927,-2.2650084932629433e-08,0,1.0000001192092896
32.835899170495395,0.7223811745643616,-3.55934483275977e-08,0,1.0000001192092896
32.84594917024151,0.7185619473457336,-2.7472501704095542e-08,0,1.0000001192092896
32.855999169987626,0.7163196802139282,-3.0334769418605134e-08,0,1.0000001192092896
32.86604916973374,0.7196505665779114,-3.4432030143749515e-08,0,1.0000001192092896
32.87609916947986,0.7108384370803833,-2.304126160701525e-08,0,1.0000001192092896
32.88614916922597,0.7171664237976074,-3.5987091778766356e-08,0,1.0000001192092896
32.896249168970826,0.7140142321586609,-2.8697596382576407e-08,0,1.0000001192092896
32.90629916871694,0.7105472087860107,-2.9698438153147322e-08,0,1.0000001192092896
32.91634916846306,0.7146621346473694,-3.531262435241267e-08,0,1.0000001192092896
32.92639916820917,0.7059440612792969,-2.3377709490457477e-08,0,1.0000001192092896
32.93644916795529,0.7119404673576355,-3.628518319143126e-08,0,1.0000001192092896
32.946499167701404,0.7094966769218445,-2.999989492935562e-08,0,1.0000001192092896
32.95654916744752,0.7049539685249329,-2.932453238568833e-08,0,1.0000001192092896
32.966599167193635,0.7097139358520508,-3.615307359039477e-08,0,1.0000001192092896
32.97664916693975,0.7009801864624023,-2.387856752605888e-08,0,1.0000001192092896
32.98669916668587,0.7067123651504517,-3.662768699452812e-08,0,1.0000001192092896
32.99674916643198,0.7047926783561707,-3.124475331239829e-08,0,1.0000001192092896
33.0067991661781,0.6993584632873535,-2.902621545897155e-08,0,1.0000001192092896
33.016849165924214,0.7046963572502136,-3.695651076829343e-08,0,1.0000001192092896
33.02689916567033,0.6961238980293274,-2.4443799415130307e-08,0,1.0000001192092896
33.036949165416445,0.7015357613563538,-3.6957856913710785e-08,0,1.0000001192092896
33.04699916516256,0.7000797390937805,-3.246987054228434e-08,0,1.0000001192092896
33.057049164908676,0.6938906311988831,-2.8777468255580807e-08,0,1.0000001192092896
33.06709916465479,0.6996608376502991,-3.768929265901555e-08,0,1.0000001192092896
33.07714916440091,0.6914243698120117,-2.5190488583959336e-08,0,1.0000001192092896
33.08719916414702,0.69627845287323,-3.715860258379777e-08,0,1.0000001192092896
33.09724916389314,0.6953824758529663,-3.3547397498834286e-08,0,1.0000001192092896
33.107299163639254,0.6884653568267822,-2.850988022051748e-08,0,1.0000001192092896
33.11734916338537,0.6946208477020264,-3.83233826617424e-08,0,1.0000001192092896
33.127399163131486,0.6868749260902405,-2.6036766492820718e-08,0,1.0000001192092896
33.1374491628776,0.6909158825874329,-3.7282864295828944e-08,0,1.0000001192092896
33.14749916262372,0.6905574798583984,-3.463076006515742e-08,0,1.0000001192092896
33.15754916236983,0.6831364035606384,-2.8353545206138975e-08,0,1.0000001192092896
33.16759916211595,0.6895629167556763,-3.905795825653868e-08,0,1.0000001192092896
33.1776991618608,0.6823882460594177,-2.7288575912831625e-08,0,1.0000001192092896
33.18774916160692,0.6856250166893005,-3.7542378927835074e-08,0,1.0000001192092896
33.19779916135303,0.6857840418815613,-3.5895578176514675e-08,0,1.0000001192092896
33.20784916109915,0.6777917742729187,-2.8181731254184328e-08,0,1.0000001192092896
33.21789916084526,0.6844602227210999,-3.965526518268092e-08,0,1.0000001192092896
33.22794916059138,0.6779261827468872,-2.8400648152682173e-08,0,1.0000001192092896
33.237999160337495,0.6801840662956238,-3.7423272813974506e-08,0,1.0000001192092896
33.24804916008361,0.6809098124504089,-3.6744995934867575e-08,0,1.0000001192092896
33.258099159829726,0.6726308465003967,-2.8059042936345868e-08,0,1.0000001192092896
33.26814915957584,0.6793351769447327,-4.009668638782493e-08,0,1.0000001192092896
33.27819915932196,0.6736029386520386,-2.9525278055775317e-08,0,1.0000001192092896
33.28824915906807,0.6747699975967407,-3.717385427259856e-08,0,1.0000001192092896
33.29829915881419,0.6760266423225403,-3.759934724678615e-08,0,1.0000001192092896
33.308349158560304,0.6675258278846741,-2.810075956649616e-08,0,1.0000001192092896
33.31839915830642,0.674281656742096,-4.0566366238392604e-08,0,1.0000001192092896
33.328449158052535,0.6692193150520325,-3.0801087375076364e-08,0,1.0000001192092896
33.33849915779865,0.6691700220108032,-3.684099553202813e-08,0,1.0000001192092896
33.34854915754477,0.6711121201515198,-3.844764437377357e-08,0,1.0000001192092896
33.35859915729088,0.6624971032142639,-2.826584452608749e-08,0,1.0000001192092896
33.368649157037,0.6691520810127258,-4.10311125353946e-08,0,1.0000001192092896
33.378699156783114,0.6647505164146423,-3.205132687034151e-08,0,1.0000001192092896
33.38874915652923,0.663619339466095,-3.656847394339913e-08,0,1.0000001192092896
33.398799156275345,0.6661863327026367,-3.9377362481829437e-08,0,1.0000001192092896
33.40884915602146,0.657443642616272,-2.8529841683555546e-08,0,1.0000001192092896
33.418899155767576,0.6639822125434875,-4.142206716517549e-08,0,1.0000001192092896
33.42894915551369,0.6602122783660889,-3.325558578515242e-08,0,1.0000001192092896
33.43899915525981,0.6580058932304382,-3.6154419735812127e-08,0,1.0000001192092896
33.44909915500466,0.6612833142280579,-4.0191506373021824e-08,0,1.0000001192092896
33.459149154750776,0.6525045037269592,-2.8723860096002696e-08,0,1.0000001192092896
33.46919915449689,0.6587831974029541,-4.1629765606954194e-08,0,1.0000001192092896
33.47924915424301,0.6556897759437561,-3.435756193437278e-08,0,1.0000001192092896
33.48929915398912,0.6522334218025208,-3.534290568540932e-08,0,1.0000001192092896
33.49934915373524,0.6562855839729309,-4.0841583587303276e-08,0,1.0000001192092896
33.509399153481354,0.6475316882133484,-2.8925055059469962e-08,0,1.0000001192092896
33.51944915322747,0.6535281538963318,-4.1742588552384774e-08,0,1.0000001192092896
33.529499152973585,0.6510596871376038,-3.539270265751071e-08,0,1.0000001192092896
33.5395491527197,0.6466110348701477,-3.474649734602764e-08,0,1.0000001192092896
33.54959915246582,0.6513239741325378,-4.144292894969759e-08,0,1.0000001192092896
33.55964915221193,0.6426283121109009,-2.916191593760331e-08,0,1.0000001192092896
33.56969915195805,0.6483783721923828,-4.189780120067432e-08,0,1.0000001192092896
33.57974915170416,0.6464452743530273,-3.651105112689734e-08,0,1.0000001192092896
33.58979915145028,0.6410759687423706,-3.4305301654935505e-08,0,1.0000001192092896
33.599849151196395,0.6463623642921448,-4.217525981231596e-08,0,1.0000001192092896
33.60989915094251,0.6378235220909119,-2.971548354602227e-08,0,1.0000001192092896
33.619949150688626,0.6431524753570557,-4.2156642759971774e-08,0,1.0000001192092896
33.62999915043474,0.6417211294174194,-3.7662824248219096e-08,0,1.0000001192092896
33.64004915018086,0.6355633735656738,-3.399577147567001e-08,0,1.0000001192092896
33.65009914992697,0.6412932276725769,-4.2862959709344395e-08,0,1.0000001192092896
33.66014914967309,0.6331172585487366,-3.037223250679233e-08,0,1.0000001192092896
33.670199149419204,0.6378951668739319,-4.231320502312563e-08,0,1.0000001192092896
33.68024914916532,0.6370126605033875,-3.868136713713888e-08,0,1.0000001192092896
33.690299148911436,0.6301672458648682,-3.363262793265598e-08,0,1.0000001192092896
33.70034914865755,0.6362353563308716,-4.3383106135275185e-08,0,1.0000001192092896
33.71039914840367,0.6285073757171631,-3.1113757403833375e-08,0,1.0000001192092896
33.72044914814978,0.632606565952301,-4.230468059196468e-08,0,1.0000001192092896
33.730549147894635,0.6322795152664185,-3.9650782657219e-08,0,1.0000001192092896
33.74059914764075,0.6247195601463318,-3.30972298179244e-08,0,1.0000001192092896
33.750649147386866,0.6311438679695129,-4.382228260824128e-08,0,1.0000001192092896
33.76069914713298,0.6240968108177185,-3.1996152255464594e-08,0,1.0000001192092896
33.7707491468791,0.627324640750885,-4.221832605733056e-08,0,1.0000001192092896
33.78079914662521,0.6274232268333435,-4.055582605855257e-08,0,1.0000001192092896
33.79084914637133,0.6194555759429932,-3.287293354192755e-08,0,1.0000001192092896
33.800899146117445,0.6261441707611084,-4.4305423912982533e-08,0,1.0000001192092896
33.81094914586356,0.619634747505188,-3.308153057046681e-08,0,1.0000001192092896
33.820999145609676,0.6219128370285034,-4.2157763391337255e-08,0,1.0000001192092896
33.83104914535579,0.6226094961166382,-4.1487337870682595e-08,0,1.0000001192092896
33.84109914510191,0.6142991185188293,-3.286149477532696e-08,0,1.0000001192092896
33.85114914484802,0.6210347414016724,-4.485315938107526e-08,0,1.0000001192092896
33.86119914459414,0.6152690052986145,-3.429700273782643e-08,0,1.0000001192092896
33.871249144340254,0.6164069771766663,-4.192606331554494e-08,0,1.0000001192092896
33.88129914408637,0.6176881790161133,-4.232419276162247e-08,0,1.0000001192092896
33.891349143832485,0.6092165112495422,-3.284467142705694e-08,0,1.0000001192092896
33.9013991435786,0.6159208416938782,-4.5257117498032073e-08,0,1.0000001192092896
33.91144914332472,0.6108651757240295,-3.547344709642353e-08,0,1.0000001192092896
33.92149914307083,0.6108651757240295,-4.1519412907753406e-08,0,1.0000001192092896
33.93154914281695,0.6127691864967346,-4.308411960529668e-08,0,1.0000001192092896
33.941599142563064,0.6041563749313354,-3.287584787736719e-08,0,1.0000001192092896
33.95164914230918,0.6107487082481384,-4.555992388910468e-08,0,1.0000001192092896
33.961699142055295,0.6064009070396423,-3.656690228392989e-08,0,1.0000001192092896
33.97174914180141,0.6052764058113098,-4.10225915736806e-08,0,1.0000001192092896
33.981799141547526,0.6078680753707886,-4.378886142575311e-08,0,1.0000001192092896
33.99184914129364,0.5991275906562805,-3.296803455232755e-08,0,1.0000001192092896
34.001949141038494,0.6056388020515442,-4.580064452697208e-08,0,1.0000001192092896
34.01199914078461,0.6019813418388367,-3.775837628672285e-08,0,1.0000001192092896
34.022049140530726,0.5995599031448364,-4.0333545531234805e-08,0,1.0000001192092896
34.03209914027684,0.6029378175735474,-4.456762736637643e-08,0,1.0000001192092896
34.04214914002296,0.5941548347473145,-3.3089156414867205e-08,0,1.0000001192092896
34.05219913976907,0.600440263748169,-4.598564237734415e-08,0,1.0000001192092896
34.06224913951519,0.597342312335968,-3.872599810272881e-08,0,1.0000001192092896
34.072299139261304,0.593872606754303,-3.970035064582156e-08,0,1.0000001192092896
34.08234913900742,0.5979605913162231,-4.519992713447607e-08,0,1.0000001192092896
34.092399138753535,0.5892469882965088,-3.328362585541811e-08,0,1.0000001192092896
34.10244913849965,0.5952411890029907,-4.609756673601417e-08,0,1.0000001192092896
34.11249913824577,0.5927771925926208,-3.9727939687983493e-08,0,1.0000001192092896
34.12254913799188,0.5883083939552307,-3.907164522476414e-08,0,1.0000001192092896
34.132599137738,0.5930101871490479,-4.576740028627846e-08,0,1.0000001192092896
34.14264913748411,0.5842987895011902,-3.34890795650189e-08,0,1.0000001192092896
34.15269913723023,0.590028703212738,-4.616799650913883e-08,0,1.0000001192092896
34.162749136976345,0.5880530476570129,-4.072180787018098e-08,0,1.0000001192092896
34.17279913672246,0.582719624042511,-3.8449216033242806e-08,0,1.0000001192092896
34.182849136468576,0.5879903435707092,-4.626399610629939e-08,0,1.0000001192092896
34.19289913621469,0.5794649124145508,-3.374545087808656e-08,0,1.0000001192092896
34.20294913596081,0.5847916603088379,-4.6123358604654996e-08,0,1.0000001192092896
34.21299913570692,0.583364725112915,-4.160711358780489e-08,0,1.0000001192092896
34.22304913545304,0.5772451162338257,-3.7901255051098204e-08,0,1.0000001192092896
34.233099135199154,0.5829346776008606,-4.6726050112466666e-08,0,1.0000001192092896
34.24314913494527,0.5747721195220947,-3.422971281419329e-08,0,1.0000001192092896
34.253199134691386,0.5795254111289978,-4.614736023866861e-08,0,1.0000001192092896
34.2632491344375,0.5786607265472412,-4.255454669199743e-08,0,1.0000001192092896
34.27329913418362,0.5718466639518738,-3.747576207691061e-08,0,1.0000001192092896
34.28339913392847,0.5778879523277283,-4.724642205244933e-08,0,1.0000001192092896
34.293449133674585,0.5703055262565613,-3.504414120003574e-08,0,1.0000001192092896
34.3034991334207,0.5742345452308655,-4.6082762605870187e-08,0,1.0000001192092896
34.313549133166816,0.5739365816116333,-4.3545049510651523e-08,0,1.0000001192092896
34.32359913291293,0.566421389579773,-3.697153694304234e-08,0,1.0000001192092896
34.33364913265905,0.5728837847709656,-4.771408615433792e-08,0,1.0000001192092896
34.34369913240516,0.5658054351806641,-3.592855180034604e-08,0,1.0000001192092896
34.35374913215128,0.5689772367477417,-4.6104745021757765e-08,0,1.0000001192092896
34.363799131897395,0.5691654086112976,-4.449854373866913e-08,0,1.0000001192092896
34.37384913164351,0.5611552000045776,-3.67660797639946e-08,0,1.0000001192092896
34.383899131389626,0.5677855610847473,-4.8178159378631236e-08,0,1.0000001192092896
34.39394913113574,0.5612895488739014,-3.69264514799017e-08,0,1.0000001192092896
34.40399913088186,0.5635676980018616,-4.593584540524276e-08,0,1.0000001192092896
34.41404913062797,0.5642552971839905,-4.5255327263404865e-08,0,1.0000001192092896
34.42409913037409,0.5559920072555542,-3.657789349187368e-08,0,1.0000001192092896
34.434149130120204,0.5626828670501709,-4.8567989907599696e-08,0,1.0000001192092896
34.44419912986632,0.5569417476654053,-3.798940328980649e-08,0,1.0000001192092896
34.454249129612435,0.5581132769584656,-4.5590652780758134e-08,0,1.0000001192092896
34.46429912935855,0.5593900680541992,-4.599999894883133e-08,0,1.0000001192092896
34.47434912910467,0.5508847832679749,-3.653079228005396e-08,0,1.0000001192092896
34.48439912885078,0.5576159954071045,-4.8930005880354344e-08,0,1.0000001192092896
34.4944491285969,0.5525469183921814,-3.9138484120293526e-08,0,1.0000001192092896
34.504499128343014,0.5525088310241699,-4.511514078986423e-08,0,1.0000001192092896
34.51454912808913,0.5544508695602417,-4.666347169779428e-08,0,1.0000001192092896
34.524599127835245,0.5458201766014099,-3.644869822627683e-08,0,1.0000001192092896
34.53464912758136,0.5524819493293762,-4.909755588200504e-08,0,1.0000001192092896
34.544699127327476,0.5480669140815735,-4.010543633303776e-08,0,1.0000001192092896
34.55479912707233,0.5468214750289917,-4.4343553134984504e-08,0,1.0000001192092896
34.564849126818444,0.549547553062439,-4.732044270316926e-08,0,1.0000001192092896
34.57489912656456,0.5408070683479309,-3.635718462402515e-08,0,1.0000001192092896
34.584949126310676,0.5472941398620605,-4.9179649935782166e-08,0,1.0000001192092896
34.59499912605679,0.5436227321624756,-4.1135636563716105e-08,0,1.0000001192092896
34.60504912580291,0.541172206401825,-4.363634106829828e-08,0,1.0000001192092896
34.61509912554902,0.5445792078971863,-4.7891954291223726e-08,0,1.0000001192092896
34.62514912529514,0.5358633995056152,-3.641258475295395e-08,0,1.0000001192092896
34.635199125041254,0.5420950651168823,-4.928484703681235e-08,0,1.0000001192092896
34.64524912478737,0.5390464067459106,-4.2103261849169016e-08,0,1.0000001192092896
34.655299124533485,0.5355274081230164,-4.2995745852536515e-08,0,1.0000001192092896
34.6653491242796,0.5396714210510254,-4.85812258477214e-08,0,1.0000001192092896
34.675399124025716,0.5309690237045288,-3.669632306357862e-08,0,1.0000001192092896
34.68544912377183,0.5369318723678589,-4.951116253093524e-08,0,1.0000001192092896
34.69549912351795,0.5344701409339905,-4.32254267102028e-08,0,1.0000001192092896
34.70554912326406,0.5299363732337952,-4.2485914092393884e-08,0,1.0000001192092896
34.71559912301018,0.5346694588661194,-4.924873703293642e-08,0,1.0000001192092896
34.725649122756295,0.5259939432144165,-3.695583769558475e-08,0,1.0000001192092896
34.73569912250241,0.5317015051841736,-4.95990887250386e-08,0,1.0000001192092896
34.745749122248526,0.529810905456543,-4.422624419464505e-08,0,1.0000001192092896
34.75579912199464,0.5243766903877258,-4.188591487541693e-08,0,1.0000001192092896
34.76584912174076,0.5296294689178467,-4.973276998554432e-08,0,1.0000001192092896
34.77589912148687,0.5211287140846252,-3.722858479826563e-08,0,1.0000001192092896
34.78594912123299,0.5264374613761902,-4.956275320711079e-08,0,1.0000001192092896
34.795999120979104,0.5250464677810669,-4.5105495727337797e-08,0,1.0000001192092896
34.80604912072522,0.5189177989959717,-4.131350470060191e-08,0,1.0000001192092896
34.816099120471335,0.5245738625526428,-5.0163647541401346e-08,0,1.0000001192092896
34.82619912021619,0.5165055990219116,-3.77182382549357e-08,0,1.0000001192092896
34.836249119962304,0.5211623311042786,-4.9425932097113545e-08,0,1.0000001192092896
34.84629911970842,0.5203827619552612,-4.599236963498399e-08,0,1.0000001192092896
34.856349119454535,0.5134164094924927,-4.061010555611588e-08,0,1.0000001192092896
34.86639911920065,0.519560694694519,-5.0520729960590316e-08,0,1.0000001192092896
34.876449118946766,0.5119895339012146,-3.835299092203037e-08,0,1.0000001192092896
34.88649911869288,0.5158870816230774,-4.9298530535590857e-08,0,1.0000001192092896
34.896549118439,0.5156026482582092,-4.678414600167713e-08,0,1.0000001192092896
34.90659911818511,0.5080650448799133,-4.0175189564006786e-08,0,1.0000001192092896
34.91664911793123,0.5144669413566589,-5.090630000870178e-08,0,1.0000001192092896
34.926699117677344,0.5074401497840881,-3.914386870196296e-08,0,1.0000001192092896
34.93674911742346,0.5106029510498047,-4.920455015655634e-08,0,1.0000001192092896
34.946799117169576,0.5108157992362976,-4.761292748955981e-08,0,1.0000001192092896
34.95684911691569,0.5028301477432251,-3.984704580184406e-08,0,1.0000001192092896
34.96689911666181,0.5094247460365295,-5.121291585252763e-08,0,1.0000001192092896
34.97694911640792,0.5030093789100647,-3.9972875703897515e-08,0,1.0000001192092896
34.98699911615404,0.5051485300064087,-4.883378423858886e-08,0,1.0000001192092896
34.997049115900154,0.5059348344802856,-4.8164926907956485e-08,0,1.0000001192092896
35.00709911564627,0.4976288974285126,-3.94188570673748e-08,0,1.0000001192092896
35.017149115392385,0.5043309926986694,-5.134928940386807e-08,0,1.0000001192092896
35.0271991151385,0.49867942929267883,-4.080120963312339e-08,0,1.0000001192092896
35.03724911488462,0.49971434473991394,-4.821561899737148e-08,0,1.0000001192092896
35.04729911463073,0.5010493993759155,-4.866690384019989e-08,0,1.0000001192092896
35.05734911437685,0.49260011315345764,-3.915866936265999e-08,0,1.0000001192092896
35.06739911412296,0.4992730915546417,-5.1570893389030203e-08,0,1.0000001192092896
35.07744911386908,0.49429354071617126,-4.18767173715473e-08,0,1.0000001192092896
35.087499113615195,0.4942062199115753,-4.7808961650686044e-08,0,1.0000001192092896
35.09754911336131,0.4961841404438019,-4.951026394417468e-08,0,1.0000001192092896
35.10764911310616,0.4875533878803253,-3.9272616408903005e-08,0,1.0000001192092896
35.11769911285228,0.4941255450248718,-5.2022632729409324e-08,0,1.0000001192092896
35.127749112598394,0.4899367094039917,-4.328890371163574e-08,0,1.0000001192092896
35.13779911234451,0.488491952419281,-4.732784303351778e-08,0,1.0000001192092896
35.147849112090626,0.4912247359752655,-5.041553632900708e-08,0,1.0000001192092896
35.15789911183674,0.4825223386287689,-3.947717500119019e-08,0,1.0000001192092896
35.16794911158286,0.488980233669281,-5.2311079079547795e-08,0,1.0000001192092896
35.17799911132897,0.48537614941596985,-4.4379215580203635e-08,0,1.0000001192092896
35.18804911107509,0.48287850618362427,-4.6847394019611244e-08,0,1.0000001192092896
35.198099110821204,0.48628780245780945,-5.1183980664948336e-08,0,1.0000001192092896
35.20814911056732,0.4776257276535034,-3.9734444901018406e-08,0,1.0000001192092896
35.218199110313435,0.48380813002586365,-5.258853769118943e-08,0,1.0000001192092896
35.22824911005955,0.480795294046402,-4.549577381496306e-08,0,1.0000001192092896
35.238299109805666,0.47718220949172974,-4.6287772226261126e-08,0,1.0000001192092896
35.24834910955178,0.48133736848831177,-5.18936595084174e-08,0,1.0000001192092896
35.2583991092979,0.47264397144317627,-4.001324618863045e-08,0,1.0000001192092896
35.26844910904401,0.47856876254081726,-5.2731190941512907e-08,0,1.0000001192092896
35.27849910879013,0.47618988156318665,-4.650197588107474e-08,0,1.0000001192092896
35.288549108536245,0.4716023802757263,-4.564896724512657e-08,0,1.0000001192092896
35.29859910828236,0.47632431983947754,-5.2412910817034586e-08,0,1.0000001192092896
35.308649108028476,0.467718243598938,-4.013122820167858e-08,0,1.0000001192092896
35.31869910777459,0.4733608067035675,-5.27123518445638e-08,0,1.0000001192092896
35.32874910752071,0.4714970886707306,-4.7420255222530017e-08,0,1.0000001192092896
35.33879910726682,0.4660315215587616,-4.499267278190722e-08,0,1.0000001192092896
35.34884910701294,0.4713268280029297,-5.2874291750493185e-08,0,1.0000001192092896
35.358899106759054,0.4628776013851166,-4.038333903388924e-08,0,1.0000001192092896
35.36894910650517,0.46812140941619873,-5.265986258162769e-08,0,1.0000001192092896
35.37904910625002,0.4667971432209015,-4.829613792223242e-08,0,1.0000001192092896
35.38909910599614,0.4605032205581665,-4.42394766653198e-08,0,1.0000001192092896
35.399149105742254,0.4663226902484894,-5.325223595420425e-08,0,1.0000001192092896
35.40919910548837,0.4582654535770416,-4.0800984119071515e-08,0,1.0000001192092896
35.419249105234485,0.4627745449542999,-5.242300343821782e-08,0,1.0000001192092896
35.4292991049806,0.4620622396469116,-4.904866096611116e-08,0,1.0000001192092896
35.439349104726716,0.4551406502723694,-4.362916278255469e-08,0,1.0000001192092896
35.44939910447283,0.4612065553665161,-5.3520049503319456e-08,0,1.0000001192092896
35.45944910421895,0.4537070393562317,-4.136688561140467e-08,0,1.0000001192092896
35.46949910396506,0.45756208896636963,-5.225881880011052e-08,0,1.0000001192092896
35.47954910371118,0.45730000734329224,-4.9776956861924404e-08,0,1.0000001192092896
35.489599103457294,0.4497198760509491,-4.311552156965881e-08,0,1.0000001192092896
35.49964910320341,0.45617327094078064,-5.386300086507312e-08,0,1.0000001192092896
35.509699102949526,0.4492069184780121,-4.214856935691458e-08,0,1.0000001192092896
35.51974910269564,0.45226001739501953,-5.215025980498389e-08,0,1.0000001192092896
35.52979910244176,0.4525153934955597,-5.061515789828164e-08,0,1.0000001192092896
35.53984910218787,0.4445275366306305,-4.284277099753098e-08,0,1.0000001192092896
35.54989910193399,0.45110419392585754,-5.425754290300233e-08,0,1.0000001192092896
35.559949101680104,0.4447806775569916,-4.311282580937714e-08,0,1.0000001192092896
35.56999910142622,0.44686612486839294,-5.193695126748388e-08,0,1.0000001192092896
35.580049101172335,0.4476209878921509,-5.1377999077395486e-08,0,1.0000001192092896
35.59009910091845,0.43940916657447815,-4.268441849974991e-08,0,1.0000001192092896
35.60014910066457,0.44605299830436707,-5.4661726534011024e-08,0,1.0000001192092896
35.61019910041068,0.440430611371994,-4.4253160164098304e-08,0,1.0000001192092896
35.6202491001568,0.4414072334766388,-5.162697006011463e-08,0,1.0000001192092896
35.63029909990291,0.44277140498161316,-5.216887338788112e-08,0,1.0000001192092896
35.64034909964903,0.43430420756340027,-4.266512837469705e-08,0,1.0000001192092896
35.650399099395145,0.44097715616226196,-5.505492242652288e-08,0,1.0000001192092896
35.66049909914,0.4361029267311096,-4.557270880112263e-08,0,1.0000001192092896
35.67054909888611,0.4357265830039978,-5.1064655975929796e-08,0,1.0000001192092896
35.68059909863223,0.43788596987724304,-5.297702207474053e-08,0,1.0000001192092896
35.690649098378344,0.42928436398506165,-4.2631929236813804e-08,0,1.0000001192092896
35.70069909812446,0.4358005225658417,-5.532296148968996e-08,0,1.0000001192092896
35.710749097870575,0.43164533376693726,-4.667199612895523e-08,0,1.0000001192092896
35.72079909761669,0.4301602244377136,-5.062413335754634e-08,0,1.0000001192092896
35.73084909736281,0.4329221546649933,-5.375085446179817e-08,0,1.0000001192092896
35.74089909710892,0.42425110936164856,-4.278378346045386e-08,0,1.0000001192092896
35.75094909685504,0.4306328594684601,-5.555151824654381e-08,0,1.0000001192092896
35.760999096601154,0.42704886198043823,-4.764253228040083e-08,0,1.0000001192092896
35.77104909634727,0.4244997501373291,-4.995258373607925e-08,0,1.0000001192092896
35.781099096093385,0.4279381334781647,-5.426202889791121e-08,0,1.0000001192092896
35.7911490958395,0.41923800110816956,-4.2739145555970026e-08,0,1.0000001192092896
35.801199095585616,0.42541366815567017,-5.546673537137892e-08,0,1.0000001192092896
35.81124909533173,0.42242327332496643,-4.8313859857263e-08,0,1.0000001192092896
35.82129909507785,0.41886839270591736,-4.9016585929040346e-08,0,1.0000001192092896
35.83134909482396,0.42297205328941345,-5.4574924440720096e-08,0,1.0000001192092896
35.84139909457008,0.41432568430900574,-4.263843791929567e-08,0,1.0000001192092896
35.851449094316195,0.420205682516098,-5.531174129824734e-08,0,1.0000001192092896
35.86149909406231,0.41782230138778687,-4.9080284975078214e-08,0,1.0000001192092896
35.871549093808426,0.4132997691631317,-4.820148447048922e-08,0,1.0000001192092896
35.88159909355454,0.41798582673072815,-5.497552066358047e-08,0,1.0000001192092896
35.89164909330066,0.4094133675098419,-4.2704156183459574e-08,0,1.0000001192092896
35.90169909304677,0.41501784324645996,-5.524176602267339e-08,0,1.0000001192092896
35.91174909279289,0.41319674253463745,-4.998084238150291e-08,0,1.0000001192092896
35.921799092539004,0.4077759385108948,-4.754922497407499e-08,0,1.0000001192092896
35.93189909228386,0.4129951298236847,-5.5448565877691536e-08,0,1.0000001192092896
35.94194909202997,0.404671311378479,-4.298677039327181e-08,0,1.0000001192092896
35.95199909177609,0.40971800684928894,-5.511369138844202e-08,0,1.0000001192092896
35.9620490915222,0.40847256779670715,-5.091280522173669e-08,0,1.0000001192092896
35.97209909126832,0.40216922760009766,-4.679961973508284e-08,0,1.0000001192092896
35.982149091014435,0.4079260230064392,-5.583772680339827e-08,0,1.0000001192092896
35.99219909076055,0.40002331137657166,-4.3479556760539495e-08,0,1.0000001192092896
36.002249090506666,0.404462993144989,-5.503855010635661e-08,0,1.0000001192092896
36.01229909025278,0.40373051166534424,-5.1712203963383274e-08,0,1.0000001192092896
36.0223490899989,0.39678651094436646,-4.6258611524629956e-08,0,1.0000001192092896
36.03239908974501,0.4028613865375519,-5.6205349402427274e-08,0,1.0000001192092896
36.04244908949113,0.3954290747642517,-4.411947890359258e-08,0,1.0000001192092896
36.052499089237244,0.3992236256599426,-5.49118216175426e-08,0,1.0000001192092896
36.06254908898336,0.3989570736885071,-5.247728293578113e-08,0,1.0000001192092896
36.072599088729476,0.3914598226547241,-4.576493004004867e-08,0,1.0000001192092896
36.08264908847559,0.3978012204170227,-5.64942467806695e-08,0,1.0000001192092896
36.09269908822171,0.39090877771377563,-4.484082549716106e-08,0,1.0000001192092896
36.10274908796782,0.39392605423927307,-5.470748506986034e-08,0,1.0000001192092896
36.11279908771394,0.39417916536331177,-5.3196832355828505e-08,0,1.0000001192092896
36.122849087460054,0.3861868679523468,-4.538541764631532e-08,0,1.0000001192092896
36.13289908720617,0.39278143644332886,-5.6789645902499686e-08,0,1.0000001192092896
36.142949086952285,0.3864870071411133,-4.570907888301612e-08,0,1.0000001192092896
36.1529990866984,0.3885209560394287,-5.446927978103311e-08,0,1.0000001192092896
36.163049086444516,0.38929152488708496,-5.396034660765103e-08,0,1.0000001192092896
36.17309908619063,0.3810751736164093,-4.522840782450466e-08,0,1.0000001192092896
36.18314908593675,0.3876921534538269,-5.7189794566703256e-08,0,1.0000001192092896
36.19319908568286,0.38209888339042664,-4.684067023141836e-08,0,1.0000001192092896
36.203299085427716,0.38295382261276245,-5.4012044836682094e-08,0,1.0000001192092896
36.21334908517383,0.38440829515457153,-5.47139868134483e-08,0,1.0000001192092896
36.22339908491995,0.37597471475601196,-4.501958875136047e-08,0,1.0000001192092896
36.23344908466606,0.3825424015522003,-5.738471156591096e-08,0,1.0000001192092896
36.24349908441218,0.37780478596687317,-4.7905859834607156e-08,0,1.0000001192092896
36.253549084158294,0.3773612678050995,-5.327668514687467e-08,0,1.0000001192092896
36.26359908390441,0.37948480248451233,-5.517671389232426e-08,0,1.0000001192092896
36.273649083650525,0.37091007828712463,-4.479080648045475e-08,0,1.0000001192092896
36.28369908339664,0.37741950154304504,-5.737417138607093e-08,0,1.0000001192092896
36.29374908314276,0.37328222393989563,-4.874204165283835e-08,0,1.0000001192092896
36.30379908288887,0.37181729078292847,-5.2543899786705595e-08,0,1.0000001192092896
36.31384908263499,0.3745724856853485,-5.56755544445231e-08,0,1.0000001192092896
36.323899082381104,0.3659552037715912,-4.471611275702614e-08,0,1.0000001192092896
36.33394908212722,0.3722832202911377,-5.745357314901334e-08,0,1.0000001192092896
36.343999081873335,0.3687305748462677,-4.963542424296641e-08,0,1.0000001192092896
36.35404908161945,0.3661702573299408,-5.189545668193851e-08,0,1.0000001192092896
36.364099081365566,0.36961984634399414,-5.630628602260046e-08,0,1.0000001192092896
36.37414908111168,0.3609689772129059,-4.4845981095331666e-08,0,1.0000001192092896
36.3841990808578,0.36705729365348816,-5.757087515045889e-08,0,1.0000001192092896
36.39424908060391,0.36418336629867554,-5.0562675574239435e-08,0,1.0000001192092896
36.40429908035003,0.36049410700798035,-5.1233774167602775e-08,0,1.0000001192092896
36.414349080096144,0.36464035511016846,-5.6900675143856105e-08,0,1.0000001192092896
36.42439907984226,0.35600292682647705,-4.501263597966876e-08,0,1.0000001192092896
36.434449079588376,0.3618694841861725,-5.7662170177552596e-08,0,1.0000001192092896
36.44449907933449,0.35953089594841003,-5.153298968108011e-08,0,1.0000001192092896
36.45454907908061,0.3549075722694397,-5.054069315835186e-08,0,1.0000001192092896
36.46459907882672,0.3596518635749817,-5.73658689995149e-08,0,1.0000001192092896
36.47464907857284,0.351101815700531,-4.5100111145668365e-08,0,1.0000001192092896
36.48474907831769,0.35658979415893555,-5.747644721276757e-08,0,1.0000001192092896
36.49479907806381,0.35491427779197693,-5.242861353393913e-08,0,1.0000001192092896
36.50484907780992,0.3492448627948761,-4.956948393419758e-08,0,1.0000001192092896
36.51489907755604,0.3545738160610199,-5.767809146961511e-08,0,1.0000001192092896
36.52494907730215,0.3463507890701294,-4.519386948009796e-08,0,1.0000001192092896
36.53499907704827,0.351388543844223,-5.7248115969965596e-08,0,1.0000001192092896
36.545049076794385,0.35016101598739624,-5.3093206914267554e-08,0,1.0000001192092896
36.5550990765405,0.34384870529174805,-4.888043442230483e-08,0,1.0000001192092896
36.565149076286616,0.3495897948741913,-5.796384899836582e-08,0,1.0000001192092896
36.57519907603273,0.3416714370250702,-4.566444791742619e-08,0,1.0000001192092896
36.58524907577885,0.34608200192451477,-5.715614787016321e-08,0,1.0000001192092896
36.59529907552496,0.34541893005371094,-5.392647786650606e-08,0,1.0000001192092896
36.60534907527108,0.33847495913505554,-4.84477666318206e-08,0,1.0000001192092896
36.615399075017194,0.3445543050765991,-5.844340289495875e-08,0,1.0000001192092896
36.62544907476331,0.33715784549713135,-4.645061071895107e-08,0,1.0000001192092896
36.635499074509426,0.34084710478782654,-5.717095546975415e-08,0,1.0000001192092896
36.64554907425554,0.3406611979007721,-5.4835112145434906e-08,0,1.0000001192092896
36.65559907400166,0.33316391706466675,-4.8072965747048e-08,0,1.0000001192092896
36.66564907374777,0.3394695222377777,-5.882717230010215e-08,0,1.0000001192092896
36.67569907349389,0.33263975381851196,-4.725449892495348e-08,0,1.0000001192092896
36.685749073240004,0.33555176854133606,-5.700183380863422e-08,0,1.0000001192092896
36.69579907298612,0.3358519375324249,-5.555556015224283e-08,0,1.0000001192092896
36.705849072732235,0.32787302136421204,-4.764432945392194e-08,0,1.0000001192092896
36.71589907247835,0.3344004154205322,-5.9022980947176507e-08,0,1.0000001192092896
36.725949072224466,0.32815974950790405,-4.798503608349769e-08,0,1.0000001192092896
36.73599907197058,0.3301197588443756,-5.6516902269265756e-08,0,1.0000001192092896
36.7460490717167,0.33095303177833557,-5.605394620689097e-08,0,1.0000001192092896
36.75614907146155,0.3227076232433319,-4.7173525502541835e-08,0,1.0000001192092896
36.766199071207666,0.32929542660713196,-5.9180216283039044e-08,0,1.0000001192092896
36.77624907095378,0.32395753264427185,-4.9021519482606024e-08,0,1.0000001192092896
36.7862990706999,0.32458025217056274,-5.588393289790439e-08,0,1.0000001192092896
36.79634907044601,0.3260788023471832,-5.672639441511862e-08,0,1.0000001192092896
36.80639907019213,0.3176855444908142,-4.70503878913231e-08,0,1.0000001192092896
36.816449069938244,0.3242039382457733,-5.94314319979361e-08,0,1.0000001192092896
36.82649906968436,0.31952011585235596,-5.009254469556801e-08,0,1.0000001192092896
36.836549069430475,0.31899595260620117,-5.53732025510012e-08,0,1.0000001192092896
36.84659906917659,0.32117772102355957,-5.740332514880819e-08,0,1.0000001192092896
36.85664906892271,0.3126298785209656,-4.702773240272684e-08,0,1.0000001192092896
36.86669906866882,0.31906092166900635,-5.960840154806135e-08,0,1.0000001192092896
36.87674906841494,0.31502220034599304,-5.105657910342565e-08,0,1.0000001192092896
36.886799068161054,0.3134004473686218,-5.473843600611872e-08,0,1.0000001192092896
36.89684906790717,0.3162340223789215,-5.790956603135555e-08,0,1.0000001192092896
36.906899067653285,0.30760109424591064,-4.691760174813098e-08,0,1.0000001192092896
36.9169490673994,0.31392011046409607,-5.955838600080199e-08,0,1.0000001192092896
36.926999067145516,0.3104481101036072,-5.180393961023988e-08,0,1.0000001192092896
36.93704906689163,0.30778029561042786,-5.388722454369166e-08,0,1.0000001192092896
36.94709906663775,0.311276912689209,-5.8334614916333294e-08,0,1.0000001192092896
36.95714906638386,0.3026708662509918,-4.6838199985188567e-08,0,1.0000001192092896
36.96719906612998,0.3086695671081543,-5.946417663826864e-08,0,1.0000001192092896
36.977249065876094,0.3058628439903259,-5.251452050991645e-08,0,1.0000001192092896
36.98729906562221,0.30214670300483704,-5.301335759266834e-08,0,1.0000001192092896
36.997349065368326,0.30632203817367554,-5.875068487259938e-08,0,1.0000001192092896
37.00739906511444,0.29777422547340393,-4.6909302831021904e-08,0,1.0000001192092896
37.01744906486056,0.3035310208797455,-5.949266773663808e-08,0,1.0000001192092896
37.02749906460667,0.30125296115875244,-5.352341486686285e-08,0,1.0000001192092896
37.037599064351525,0.29646608233451843,-5.2272949857545825e-08,0,1.0000001192092896
37.04764906409764,0.3013179302215576,-5.941708236534282e-08,0,1.0000001192092896
37.05769906384376,0.29287534952163696,-4.716074405997084e-08,0,1.0000001192092896
37.06774906358987,0.2982983887195587,-5.953214310405741e-08,0,1.0000001192092896
37.07779906333599,0.29660269618034363,-5.460857113726014e-08,0,1.0000001192092896
37.0878490630821,0.29091089963912964,-5.169538061511325e-08,0,1.0000001192092896
37.09789906282822,0.2962958514690399,-5.985490575399766e-08,0,1.0000001192092896
37.107949062574335,0.28805041313171387,-4.7464667612961975e-08,0,1.0000001192092896
37.11799906232045,0.2930343747138977,-5.9432327115249706e-08,0,1.0000001192092896
37.128049062066566,0.2918808162212372,-5.538172698216215e-08,0,1.0000001192092896
37.13809906181268,0.2855035364627838,-5.1052540667173574e-08,0,1.0000001192092896
37.1481490615588,0.2912043035030365,-6.014537479170912e-08,0,1.0000001192092896
37.15819906130491,0.2834046483039856,-4.786369217635311e-08,0,1.0000001192092896
37.16824906105103,0.2877345681190491,-5.919883333538323e-08,0,1.0000001192092896
37.178299060797144,0.2871006429195404,-5.599674890444106e-08,0,1.0000001192092896
37.18834906054326,0.28008049726486206,-5.037628300619268e-08,0,1.0000001192092896
37.198399060289375,0.2861710488796234,-6.033781807524008e-08,0,1.0000001192092896
37.20844906003549,0.2788305878639221,-4.8367913840774435e-08,0,1.0000001192092896
37.21849905978161,0.28250640630722046,-5.894941479400728e-08,0,1.0000001192092896
37.22854905952772,0.2823406457901001,-5.668758865096102e-08,0,1.0000001192092896
37.23859905927384,0.27481427788734436,-4.985120302669621e-08,0,1.0000001192092896
37.248649059019954,0.28112658858299255,-6.061931512313379e-08,0,1.0000001192092896
37.25869905876607,0.2743416130542755,-4.913165013720189e-08,0,1.0000001192092896
37.268749058512185,0.27720433473587036,-5.8815285974844755e-08,0,1.0000001192092896
37.2787990582583,0.2774731516838074,-5.744280398567447e-08,0,1.0000001192092896
37.288849058004416,0.2696085274219513,-4.9544136154766605e-08,0,1.0000001192092896
37.29889905775053,0.276091068983078,-6.093087145941922e-08,0,1.0000001192092896
37.308999057495384,0.27000948786735535,-5.014951648396604e-08,0,1.0000001192092896
37.3190490572415,0.27167603373527527,-5.836153088578655e-08,0,1.0000001192092896
37.329099056987616,0.27264145016670227,-5.817468728963604e-08,0,1.0000001192092896
37.33914905673373,0.26440948247909546,-4.922002388996205e-08,0,1.0000001192092896
37.34919905647985,0.27094805240631104,-6.119307144336616e-08,0,1.0000001192092896
37.35924905622596,0.2656683623790741,-5.115998250038167e-08,0,1.0000001192092896
37.36929905597208,0.2661992609500885,-5.784070791770013e-08,0,1.0000001192092896
37.379349055718194,0.26774483919143677,-5.872331787504237e-08,0,1.0000001192092896
37.38939905546431,0.25934261083602905,-4.898810176956481e-08,0,1.0000001192092896
37.399449055210425,0.2658834159374237,-6.128996615784033e-08,0,1.0000001192092896
37.40949905495654,0.26125556230545044,-5.204214489906711e-08,0,1.0000001192092896
37.41954905470266,0.26061493158340454,-5.715278597606677e-08,0,1.0000001192092896
37.42959905444877,0.2628481984138489,-5.926657081767317e-08,0,1.0000001192092896
37.43964905419489,0.25432053208351135,-4.8891876658352373e-08,0,1.0000001192092896
37.449699053941,0.2607448399066925,-6.14449602309719e-08,0,1.0000001192092896
37.45974905368712,0.25676214694976807,-5.301537681079438e-08,0,1.0000001192092896
37.469799053433235,0.2550888657569885,-5.660863791612236e-08,0,1.0000001192092896
37.47984905317935,0.2579135000705719,-5.993273932691778e-08,0,1.0000001192092896
37.489899052925466,0.24934329092502594,-4.8959614140642316e-08,0,1.0000001192092896
37.49994905267158,0.25556597113609314,-6.157482163038352e-08,0,1.0000001192092896
37.5099990524177,0.25213879346847534,-5.391503563045852e-08,0,1.0000001192092896
37.52004905216381,0.2494015097618103,-5.5876754612160795e-08,0,1.0000001192092896
37.53009905190993,0.2529541552066803,-6.043045924775114e-08,0,1.0000001192092896
37.540149051656044,0.24438168108463287,-4.894660371457249e-08,0,1.0000001192092896
37.55019905140216,0.2503490447998047,-6.15003603599007e-08,0,1.0000001192092896
37.560249051148276,0.24753110110759735,-5.4613279176773943e-08,0,1.0000001192092896
37.57029905089439,0.2437567114830017,-5.49766447643929e-08,0,1.0000001192092896
37.580399050639244,0.2479550540447235,-6.078667430520213e-08,0,1.0000001192092896
37.59044905038536,0.239437997341156,-4.884701670926361e-08,0,1.0000001192092896
37.600499050131475,0.24515895545482635,-6.12803210953139e-08,0,1.0000001192092896
37.61054904987759,0.24299287796020508,-5.549252724001974e-08,0,1.0000001192092896
37.620599049623706,0.238138809800148,-5.39724584469603e-08,0,1.0000001192092896
37.63064904936982,0.24293240904808044,-6.113407696739515e-08,0,1.0000001192092896
37.64069904911594,0.2345861792564392,-4.892170696324527e-08,0,1.0000001192092896
37.65074904886205,0.2399061769247055,-6.120316753399635e-08,0,1.0000001192092896
37.66079904860817,0.2383023500442505,-5.6372004286764366e-08,0,1.0000001192092896
37.670849048354285,0.2325746715068817,-5.33852441420013e-08,0,1.0000001192092896
37.6808990481004,0.23797082901000977,-6.163494020716698e-08,0,1.0000001192092896
37.690949047846516,0.2297724187374115,-4.9320960510135237e-08,0,1.0000001192092896
37.70099904759263,0.23468250036239624,-6.124914464500364e-08,0,1.0000001192092896
37.71104904733875,0.2335849106311798,-5.730732902109459e-08,0,1.0000001192092896
37.72109904708486,0.22719193994998932,-5.293776875192613e-08,0,1.0000001192092896
37.73114904683098,0.2329084277153015,-6.210888053859165e-08,0,1.0000001192092896
37.741199046577094,0.22513115406036377,-4.990705418372876e-08,0,1.0000001192092896
37.75124904632321,0.22939833998680115,-6.119037915253145e-08,0,1.0000001192092896
37.761299046069325,0.22883610427379608,-5.810582917598062e-08,0,1.0000001192092896
37.77134904581544,0.22180475294589996,-5.2417847840047216e-08,0,1.0000001192092896
37.78139904556156,0.22787514328956604,-6.245183536979226e-08,0,1.0000001192092896
37.79144904530767,0.22057275474071503,-5.054428056650018e-08,0,1.0000001192092896
37.80149904505379,0.22413884103298187,-6.105109473519832e-08,0,1.0000001192092896
37.811549044799904,0.22404475510120392,-5.881932441109683e-08,0,1.0000001192092896
37.82159904454602,0.2164623737335205,-5.188289381452549e-08,0,1.0000001192092896
37.831649044292135,0.22281275689601898,-6.265549884476584e-08,0,1.0000001192092896
37.84169904403825,0.21609053015708923,-5.120932844437931e-08,0,1.0000001192092896
37.851749043784366,0.21891292929649353,-6.079920594759258e-08,0,1.0000001192092896
37.86184904352922,0.21924668550491333,-5.9599651602848525e-08,0,1.0000001192092896
37.871899043275334,0.2112431824207306,-5.147220497048188e-08,0,1.0000001192092896
37.88194904302145,0.2177436500787735,-6.300607952036685e-08,0,1.0000001192092896
37.891999042767566,0.21174044907093048,-5.2278330969768305e-08,0,1.0000001192092896
37.90204904251368,0.21338686347007751,-6.040825478725864e-08,0,1.0000001192092896
37.9120990422598,0.21435005962848663,-6.029318710965015e-08,0,1.0000001192092896
37.92214904200591,0.20612703263759613,-5.1296803610378916e-08,0,1.0000001192092896
37.93219904175203,0.21266557276248932,-6.328666757315915e-08,0,1.0000001192092896
37.942249041498144,0.20739711821079254,-5.3290812734863025e-08,0,1.0000001192092896
37.95229904124426,0.2078607976436615,-5.988698426051542e-08,0,1.0000001192092896
37.962349040990375,0.20948925614356995,-6.087882975513992e-08,0,1.0000001192092896
37.97239904073649,0.20102432370185852,-5.112498965842427e-08,0,1.0000001192092896
37.98244904048261,0.20756511390209198,-6.342214947663294e-08,0,1.0000001192092896
37.99249904022872,0.2029552012681961,-5.4245878622349863e-08,0,1.0000001192092896
38.00254903997484,0.20228992402553558,-5.9242569183659555e-08,0,1.0000001192092896
38.01259903972095,0.20451870560646057,-6.143890257659379e-08,0,1.0000001192092896
38.02264903946707,0.1959933042526245,-5.0990187766553063e-08,0,1.0000001192092896
38.032699039213185,0.2023526430130005,-6.347956882368777e-08,0,1.0000001192092896
38.0427490389593,0.1984483152627945,-5.5078250987827815e-08,0,1.0000001192092896
38.052799038705416,0.19670560956001282,-5.8504402711268e-08,0,1.0000001192092896
38.06284903845153,0.19954144954681396,-6.186013506992438e-08,0,1.0000001192092896
38.07289903819765,0.19100257754325867,-5.083340345879428e-08,0,1.0000001192092896
38.08294903794376,0.19723200798034668,-6.340868802245936e-08,0,1.0000001192092896
38.09299903768988,0.19387201964855194,-5.5809912247184457e-08,0,1.0000001192092896
38.103049037435994,0.19104065001010895,-5.766059504863641e-08,0,1.0000001192092896
38.11309903718211,0.19460001587867737,-6.231120480704178e-08,0,1.0000001192092896
38.123149036928226,0.18606115877628326,-5.0843943638634315e-08,0,1.0000001192092896
38.13324903667308,0.19199931621551514,-6.338152225282556e-08,0,1.0000001192092896
38.143299036419194,0.18934498727321625,-5.672392763833578e-08,0,1.0000001192092896
38.15334903616531,0.1853017956018448,-5.667794358843459e-08,0,1.0000001192092896
38.163399035911425,0.18964515626430511,-6.278491615496762e-08,0,1.0000001192092896
38.17344903565754,0.18114660680294037,-5.083160628527317e-08,0,1.0000001192092896
38.183499035403656,0.18679364025592804,-6.328443324932209e-08,0,1.0000001192092896
38.19354903514977,0.18469475209712982,-5.759442575636875e-08,0,1.0000001192092896
38.20359903489589,0.17978692054748535,-5.5985757696497274e-08,0,1.0000001192092896
38.213649034642,0.1846522092819214,-6.323642998129486e-08,0,1.0000001192092896
38.22369903438812,0.17628580331802368,-5.100813174618857e-08,0,1.0000001192092896
38.233749034134235,0.18161700665950775,-6.328421120471717e-08,0,1.0000001192092896
38.24379903388035,0.1800176501274109,-5.848960898946487e-08,0,1.0000001192092896
38.253849033626466,0.17426083981990814,-5.536759245527989e-08,0,1.0000001192092896
38.26389903337258,0.1796368509531021,-6.365429711108206e-08,0,1.0000001192092896
38.2739490331187,0.17151013016700745,-5.1315198618118174e-08,0,1.0000001192092896
38.28399903286481,0.17635972797870636,-6.316779044279741e-08,0,1.0000001192092896
38.29404903261093,0.17527781426906586,-5.924413737368184e-08,0,1.0000001192092896
38.304099032357044,0.16881541907787323,-5.4751446432188544e-08,0,1.0000001192092896
38.31414903210316,0.1745990812778473,-6.395373813861127e-08,0,1.0000001192092896
38.324199031849275,0.16688454151153564,-5.179541864852588e-08,0,1.0000001192092896
38.33424903159539,0.17110469937324524,-6.300360927413706e-08,0,1.0000001192092896
38.34429903134151,0.17048870027065277,-5.995651197743257e-08,0,1.0000001192092896
38.35434903108762,0.16344614326953888,-5.415571116551554e-08,0,1.0000001192092896
38.36439903083374,0.16951429843902588,-6.419485776287814e-08,0,1.0000001192092896
38.374449030579854,0.16233734786510468,-5.234001426712709e-08,0,1.0000001192092896
38.38449903032597,0.16585862636566162,-6.273265934497729e-08,0,1.0000001192092896
38.394549030072085,0.16570182144641876,-6.058589741009257e-08,0,1.0000001192092896
38.4045990298182,0.15816423296928406,-5.357858948173977e-08,0,1.0000001192092896
38.41469902956305,0.16447654366493225,-6.436105814966453e-08,0,1.0000001192092896
38.42474902930917,0.15789319574832916,-5.306988182240957e-08,0,1.0000001192092896
38.434799029055284,0.16044455766677856,-6.232174498688181e-08,0,1.0000001192092896
38.4448490288014,0.1609373539686203,-6.127853086068669e-08,0,1.0000001192092896
38.454899028547516,0.1529114544391632,-5.303735922668196e-08,0,1.0000001192092896
38.46494902829363,0.1594052016735077,-6.458177048696001e-08,0,1.0000001192092896
38.47499902803975,0.15351176261901855,-5.392917015734078e-08,0,1.0000001192092896
38.48504902778586,0.15502823889255524,-6.189669610190407e-08,0,1.0000001192092896
38.49509902753198,0.15603400766849518,-6.192742152411057e-08,0,1.0000001192092896
38.505149027278094,0.14781546592712402,-5.2890219981449604e-08,0,1.0000001192092896
38.51519902702421,0.15432937443256378,-6.494558363323577e-08,0,1.0000001192092896
38.525249026770325,0.1491885781288147,-5.5077577915119136e-08,0,1.0000001192092896
38.53529902651644,0.14947082102298737,-6.152996862018867e-08,0,1.0000001192092896
38.545349026262556,0.151164248585701,-6.267075053356663e-08,0,1.0000001192092896
38.55539902600867,0.14273515343666077,-5.285769391627504e-08,0,1.0000001192092896
38.56544902575479,0.14919978380203247,-6.517324874222297e-08,0,1.0000001192092896
38.5754990255009,0.14471977949142456,-5.605058431279453e-08,0,1.0000001192092896
38.58554902524702,0.1438865065574646,-6.088196613518448e-08,0,1.0000001192092896
38.595599024993135,0.1461936980485916,-6.314199857415659e-08,0,1.0000001192092896
38.60564902473925,0.13771532475948334,-5.26659202360058e-08,0,1.0000001192092896
38.615699024485366,0.1440477967262268,-6.508285577133677e-08,0,1.0000001192092896
38.62574902423148,0.14017260074615479,-5.669432284749476e-08,0,1.0000001192092896
38.6357990239776,0.13830220699310303,-5.988989859595506e-08,0,1.0000001192092896
38.64584902372371,0.14123882353305817,-6.32478722173424e-08,0,1.0000001192092896
38.65589902346983,0.13264398276805878,-5.208991918359551e-08,0,1.0000001192092896
38.665949023215944,0.13883981108665466,-6.453489131974521e-08,0,1.0000001192092896
38.67599902296206,0.1355268508195877,-5.69044880660563e-08,0,1.0000001192092896
38.68609902270691,0.13257677853107452,-5.8375887457273734e-08,0,1.0000001192092896
38.69614902245303,0.13627947866916656,-6.325459600553529e-08,0,1.0000001192092896
38.706199022199144,0.12778542935848236,-5.168192263038662e-08,0,1.0000001192092896
38.71624902194526,0.13370350003242493,-6.422805343131444e-08,0,1.0000001192092896
38.726299021691375,0.13108941912651062,-5.778665046474174e-08,0,1.0000001192092896
38.73634902143749,0.12703725695610046,-5.774336564456917e-08,0,1.0000001192092896
38.746399021183606,0.1314254254102707,-6.41271202805882e-08,0,1.0000001192092896
38.75644902092972,0.12297613173723221,-5.242255587956102e-08,0,1.0000001192092896
38.76649902067584,0.12865230441093445,-6.513107414507502e-08,0,1.0000001192092896
38.77654902042195,0.12657804787158966,-5.987397383444559e-08,0,1.0000001192092896
38.78659902016807,0.1216052696108818,-5.848197620617057e-08,0,1.0000001192092896
38.796649019914184,0.12654893100261688,-6.621354159408455e-08,0,1.0000001192092896
38.8066990196603,0.118207186460495,-5.43728291557688e-08,0,1.0000001192092896
38.816749019406416,0.12341294437646866,-6.69517080664761e-08,0,1.0000001192092896
38.82679901915253,0.12195470929145813,-6.263441154619187e-08,0,1.0000001192092896
38.83684901889865,0.11607247591018677,-5.974275935072271e-08,0,1.0000001192092896
38.84689901864476,0.12146414071321487,-6.844150246543279e-08,0,1.0000001192092896
38.85694901839088,0.11339568346738815,-5.6433680645229245e-08,0,1.0000001192092896
38.866999018136994,0.11812431365251541,-6.842288541308861e-08,0,1.0000001192092896
38.87704901788311,0.11702223122119904,-6.477287456396752e-08,0,1.0000001192092896
38.887099017629225,0.1105598509311676,-6.023957721534856e-08,0,1.0000001192092896
38.89714901737534,0.11629423499107361,-6.951925146658766e-08,0,1.0000001192092896
38.90719901712146,0.10858193039894104,-5.7380669660211936e-08,0,1.0000001192092896
38.91724901686757,0.11271248012781143,-6.843162841940753e-08,0,1.0000001192092896
38.92729901661369,0.11213904619216919,-6.541549246730227e-08,0,1.0000001192092896
38.9373490163598,0.10503602027893066,-5.941572928103156e-08,0,1.0000001192092896
38.94739901610592,0.11107728630304337,-6.932186769059712e-08,0,1.0000001192092896
38.95749901585077,0.10399768501520157,-5.7344885784349486e-08,0,1.0000001192092896
38.96754901559689,0.10728497058153152,-6.720897449685737e-08,0,1.0000001192092896
38.977599015343,0.10731633007526398,-6.502251514994839e-08,0,1.0000001192092896
38.98764901508912,0.09965778142213821,-5.743382852640977e-08,0,1.0000001192092896
38.997699014835234,0.10599250346422195,-6.809069974522686e-08,0,1.0000001192092896
39.00774901458135,0.09957042336463928,-5.667525129759987e-08,0,1.0000001192092896
39.017799014327466,0.10200754553079605,-6.563170840134802e-08,0,1.0000001192092896
39.02784901407358,0.10254067182540894,-6.45714523517249e-08,0,1.0000001192092896
39.0378990138197,0.09455059468746185,-5.6254917391029835e-08,0,1.0000001192092896
39.04794901356581,0.10108466446399689,-6.776927630181007e-08,0,1.0000001192092896
39.05799901331193,0.09528307616710663,-5.724205484614053e-08,0,1.0000001192092896
39.068049013058044,0.09671443700790405,-6.516023831615314e-08,0,1.0000001192092896
39.07809901280416,0.09779858589172363,-6.540157998502494e-08,0,1.0000001192092896
39.088149012550275,0.08960916846990585,-5.6518248414683114e-08,0,1.0000001192092896
39.09819901229639,0.09612531214952469,-6.877704655794403e-08,0,1.0000001192092896
39.108249012042506,0.0910382866859436,-5.9232924121133124e-08,0,1.0000001192092896
39.11829901178862,0.09128916263580322,-6.579971290054942e-08,0,1.0000001192092896
39.12834901153474,0.09294228255748749,-6.727335355449782e-08,0,1.0000001192092896
39.13839901128085,0.08455349504947662,-5.765633803722636e-08,0,1.0000001192092896
39.14844901102697,0.0909486785531044,-7.01686000970092e-08,0,1.0000001192092896
39.158499010773085,0.08647989481687546,-6.126260609917722e-08,0,1.0000001192092896
39.1685490105192,0.08557717502117157,-6.605899854905672e-08,0,1.0000001192092896
39.178599010265316,0.08789332956075668,-6.844441680087243e-08,0,1.0000001192092896
39.18864901001143,0.07936567068099976,-5.7896784588784556e-08,0,1.0000001192092896
39.19869900975755,0.08566004782915115,-7.032067289580723e-08,0,1.0000001192092896
39.20874900950366,0.08185878396034241,-6.1928545624923e-08,0,1.0000001192092896
39.21879900924978,0.0799032673239708,-6.49244963346618e-08,0,1.0000001192092896
39.228849008995894,0.0828869417309761,-6.831656074179904e-08,0,1.0000001192092896
39.23894900874075,0.0743122324347496,-5.699084260069043e-08,0,1.0000001192092896
39.24899900848686,0.0803983062505722,-6.935529234253224e-08,0,1.0000001192092896
39.25904900823298,0.07727127522230148,-6.1795533967679e-08,0,1.0000001192092896
39.269099007979094,0.07409495860338211,-6.290559045885047e-08,0,1.0000001192092896
39.27914900772521,0.07786935567855835,-6.77268865989511e-08,0,1.0000001192092896
39.289199007471325,0.06937528401613235,-5.5896041267766705e-08,0,1.0000001192092896
39.29924900721744,0.07520598918199539,-6.818130782182408e-08,0,1.0000001192092896
39.309299006963556,0.07264120131731033,-6.14671646914644e-08,0,1.0000001192092896
39.31934900670967,0.06853752583265305,-6.098828386758015e-08,0,1.0000001192092896
39.32939900645579,0.07295479625463486,-6.708763405915974e-08,0,1.0000001192092896
39.3394490062019,0.06450777500867844,-5.503496269820829e-08,0,1.0000001192092896
39.34949900594802,0.0700831189751625,-6.738617303048144e-08,0,1.0000001192092896
39.359549005694134,0.0681544840335846,-6.185587458906738e-08,0,1.0000001192092896
39.36959900544025,0.06309209764003754,-6.006462688334935e-08,0,1.0000001192092896
39.379649005186366,0.06803576648235321,-6.75299469121704e-08,0,1.0000001192092896
39.38969900493248,0.059711940586566925,-5.543308867483887e-08,0,1.0000001192092896
39.3997490046786,0.06499385088682175,-6.776299660282703e-08,0,1.0000001192092896
39.40979900442471,0.0635109692811966,-6.333377572387278e-08,0,1.0000001192092896
39.41984900417083,0.05768474563956261,-6.019987980332431e-08,0,1.0000001192092896
39.429899003916944,0.06308761984109879,-6.884007947016713e-08,0,1.0000001192092896
39.43994900366306,0.0550617091357708,-5.6786058494351366e-08,0,1.0000001192092896
39.449999003409175,0.059808261692523956,-6.874228269948546e-08,0,1.0000001192092896
39.46004900315529,0.058800261467695236,-6.520128187359475e-08,0,1.0000001192092896
39.47009900290141,0.052230354398489,-6.067808061560598e-08,0,1.0000001192092896
39.48014900264752,0.05804090201854706,-7.014325231757823e-08,0,1.0000001192092896
39.49019900239364,0.050362199544906616,-5.8111435802254974e-08,0,1.0000001192092896
39.50024900213975,0.05442779138684273,-6.924470719038567e-08,0,1.0000001192092896
39.510349001884606,0.053917136043310165,-6.643394168115435e-08,0,1.0000001192092896
39.52039900163072,0.04670204594731331,-6.031180416199433e-08,0,1.0000001192092896
39.53044900137684,0.05291355401277542,-7.058937462334214e-08,0,1.0000001192092896
39.54049900112295,0.0458463653922081,-5.88531931522418e-08,0,1.0000001192092896
39.55054900086907,0.04908091947436333,-6.894056853168351e-08,0,1.0000001192092896
39.560599000615184,0.049127962440252304,-6.703985977463134e-08,0,1.0000001192092896
39.5706490003613,0.041440293192863464,-5.96685131859509e-08,0,1.0000001192092896
39.580699000107415,0.04781532287597656,-7.063895302028556e-08,0,1.0000001192092896
39.59074899985353,0.041328296065330505,-5.9404745011981674e-08,0,1.0000001192092896
39.60079899959965,0.04374972730875015,-6.849286415810951e-08,0,1.0000001192092896
39.61084899934576,0.04429180920124054,-6.758266168915839e-08,0,1.0000001192092896
39.62089899909188,0.03628382459282875,-5.928967733437318e-08,0,1.0000001192092896
39.630948998837994,0.04278429225087166,-7.089308307062225e-08,0,1.0000001192092896
39.64099899858411,0.036946866661310196,-6.034432675772194e-08,0,1.0000001192092896
39.651048998330225,0.03833118453621864,-6.816853331814698e-08,0,1.0000001192092896
39.66109899807634,0.039426539093256,-6.833227039759748e-08,0,1.0000001192092896
39.671148997822456,0.031192313879728317,-5.924526147449427e-08,0,1.0000001192092896
39.68119899756857,0.03773534297943115,-7.13318085154846e-08,0,1.0000001192092896
39.69124899731469,0.03259679302573204,-6.157213627844271e-08,0,1.0000001192092896
39.7012989970608,0.032784949988126755,-6.78318581859294e-08,0,1.0000001192092896
39.71134899680692,0.034487344324588776,-6.910564481765746e-08,0,1.0000001192092896
39.721398996553035,0.02611648291349411,-5.923337514923688e-08,0,1.0000001192092896
39.73144899629915,0.03254079073667526,-7.15697917597069e-08,0,1.0000001192092896
39.741498996045266,0.028139198198914528,-6.252181411481317e-08,0,1.0000001192092896
39.75154899579138,0.027211839333176613,-6.71641145477686e-08,0,1.0000001192092896
39.7615989955375,0.029559357091784477,-6.951252073950087e-08,0,1.0000001192092896
39.77164899528361,0.021033931523561478,-5.8950982984029565e-08,0,1.0000001192092896
39.78169899502973,0.027364159002900124,-7.139259322608282e-08,0,1.0000001192092896
39.79179899477458,0.02364128828048706,-6.318932876947514e-08,0,1.0000001192092896
39.8018489945207,0.02149089053273201,-6.591611978468137e-08,0,1.0000001192092896
39.81189899426681,0.02461792714893818,-6.961099058289122e-08,0,1.0000001192092896
39.82194899401293,0.0160364992916584,-5.8288408821827176e-08,0,1.0000001192092896
39.83199899375904,0.02215168997645378,-7.074571484189107e-08,0,1.0000001192092896
39.84204899350516,0.018984336405992508,-6.332076529780295e-08,0,1.0000001192092896
39.852098993251275,0.015839383006095886,-6.449676209774324e-08,0,1.0000001192092896
39.86214899299739,0.019624974578619003,-6.951499098573066e-08,0,1.0000001192092896
39.872198992743506,0.01113987062126398,-5.785461693053051e-08,0,1.0000001192092896
39.88224899248962,0.017015380784869194,-7.037764815365222e-08,0,1.0000001192092896
39.89229899223574,0.014490904286503792,-6.395890067567578e-08,0,1.0000001192092896
39.90234899198185,0.010326751507818699,-6.367537747076213e-08,0,1.0000001192092896
39.91239899172797,0.014788824133574963,-7.006272645382339e-08,0,1.0000001192092896
39.922448991474084,0.006256679072976112,-5.8174909334240965e-08,0,1.0000001192092896
39.9324989912202,0.011881308630108833,-7.069615032273546e-08,0,1.0000001192092896
39.942548990966316,0.009865312837064266,-6.527731827299377e-08,0,1.0000001192092896
39.95259899071243,0.004760362207889557,-6.351029424589427e-08,0,1.0000001192092896
39.96264899045855,0.009726432152092457,-7.100747767552207e-08,0,1.0000001192092896
39.97269899020466,0.0014115681406110525,-5.8823133863850074e-08,0,1.0000001192092896
39.98274898995078,0.006603878457099199,-7.110032701485025e-08,0,1.0000001192092896
39.992798989696894,0.005136681254953146,-6.652173256682659e-08,0,1.0000001192092896
