time(sec),Ewe(V),I(mA),cycle #,Ece(V)
9.999999747378752e-05,0.10705829411745071,7.938971702259323e-07,0,1.0000003576278687
0.4523999885714147,-0.045128848403692245,-5.650158813041983e-08,0,1.0000001192092896
0.46244998831753037,-0.03964799642562866,-7.214780162190237e-08,0,1.0000001192092896
0.472499988063646,-0.04225534945726395,-6.821024994829727e-08,0,1.0000001192092896
0.48254998780976166,-0.047904618084430695,-6.7247561685857e-08,0,1.0000001192092896
0.4925999875558773,-0.04309982806444168,-7.494346115910488e-08,0,1.0000001192092896
0.502649987301993,-0.05218077450990677,-6.155800175156045e-08,0,1.0000001192092896
0.5126999870481086,-0.04696382209658623,-7.286107828186061e-08,0,1.0000001192092896
0.5227499867942242,-0.04881405457854271,-6.611484970608927e-08,0,1.0000001192092896
0.5327999865403399,-0.05503900721669197,-6.04957264838113e-08,0,1.0000001192092896
0.5428499862864555,-0.0493919737637043,-6.669152036176129e-08,0,1.0000001192092896
0.5528999860325712,-0.0578860379755497,-5.144439041426807e-08,0,1.0000001192092896
0.5629499857786868,-0.05280125141143799,-6.119554168959596e-08,0,1.0000001192092896
0.5729999855248025,-0.053755491971969604,-5.4979333585780665e-08,0,1.0000001192092896
0.5830499852709181,-0.06037691608071327,-4.8247916079047215e-08,0,1.0000001192092896
0.5930999850170338,-0.0540713295340538,-5.627129665009001e-08,0,1.0000001192092896
0.6031499847631494,-0.0618261955678463,-4.25321201869e-08,0,1.0000001192092896
0.613199984509265,-0.05724316090345383,-5.33038266303798e-08,0,1.0000001192092896
0.6232499842553807,-0.05754107981920242,-4.990256124992598e-08,0,1.0000001192092896
0.6332999840014963,-0.06473370641469955,-4.3886207168331026e-08,0,1.0000001192092896
0.643349983747612,-0.058154840022325516,-5.475525935438874e-08,0,1.0000001192092896
0.6533999834937276,-0.0654773861169815,-4.32216137880026e-08,0,1.0000001192092896
0.6634499832398433,-0.061694033443927765,-5.484027121305246e-08,0,1.0000001192092896
0.6734999829859589,-0.06166267395019531,-5.3703073238375865e-08,0,1.0000001192092896
0.6835999827308115,-0.06955193728208542,-4.740433046102055e-08,0,1.0000001192092896
0.6936499824769271,-0.06281179189682007,-5.984728684849117e-08,0,1.0000001192092896
0.7036999822230428,-0.0696258544921875,-4.923348187468868e-08,0,1.0000001192092896
0.7137499819691584,-0.06704986095428467,-5.962208504683986e-08,0,1.0000001192092896
0.723799981715274,-0.06659514456987381,-5.933812469161026e-08,0,1.0000001192092896
0.7338499814613897,-0.07498392462730408,-5.1436990083919554e-08,0,1.0000001192092896
0.7438999812075053,-0.06822586059570312,-6.380435763064796e-08,0,1.0000001192092896
0.753949980953621,-0.07437912374734879,-5.3055077692265584e-08,0,1.0000001192092896
0.7639999806997366,-0.07295896857976913,-6.12164000046711e-08,0,1.0000001192092896
0.7740499804458523,-0.07187256962060928,-6.11123235350064e-08,0,1.0000001192092896
0.7840999801919679,-0.08049432188272476,-5.1482970664373795e-08,0,1.0000001192092896
0.7941499799380836,-0.07369144260883331,-6.356547233021814e-08,0,1.0000001192092896
0.8041999796841992,-0.07904952764511108,-5.296625638084862e-08,0,1.0000001192092896
0.8142499794303149,-0.07876056432723999,-5.907412753414221e-08,0,1.0000001192092896
0.8242999791764305,-0.07695959508419037,-5.978402495276924e-08,0,1.0000001192092896
0.8343499789225461,-0.08562839031219482,-4.921666199586561e-08,0,1.0000001192092896
0.8443999786686618,-0.07883000373840332,-6.159277254891293e-08,0,1.0000001192092896
0.8544499784147774,-0.08347351104021072,-5.1875267970125094e-08,0,1.0000001192092896
0.8644999781608931,-0.08423735201358795,-5.6613120441584286e-08,0,1.0000001192092896
0.8745499779070087,-0.08172855526208878,-5.882112158461794e-08,0,1.0000001192092896
0.8845999776531244,-0.0905362144112587,-4.7926496105077376e-08,0,1.0000001192092896
0.89464997739924,-0.08377142995595932,-6.08965516901705e-08,0,1.0000001192092896
0.9046999771453557,-0.08776534348726273,-5.2354145324562396e-08,0,1.0000001192092896
0.9147499768914713,-0.08970069885253906,-5.5857912045764735e-08,0,1.0000001192092896
0.924799976637587,-0.08654455095529556,-5.9567580035224665e-08,0,1.0000001192092896
0.9348499763837026,-0.09538804739713669,-4.8279991116118026e-08,0,1.0000001192092896
0.9448999761298182,-0.08891893923282623,-6.142521907781529e-08,0,1.0000001192092896
0.9549999758746708,-0.09226997196674347,-5.377574774367844e-08,0,1.0000001192092896
0.9650499756207864,-0.09547316282987595,-5.530883043225465e-08,0,1.0000001192092896
0.9750999753669021,-0.09152405709028244,-6.042014111251603e-08,0,1.0000001192092896
0.9851499751130177,-0.10042355209589005,-4.838361655767898e-08,0,1.0000001192092896
0.9951999748591334,-0.09432180970907211,-6.114866252238116e-08,0,1.0000001192092896
1.005249974605249,-0.09713524580001831,-5.3832945046128344e-08,0,1.0000001192092896
1.0152999743513647,-0.10142259299755096,-5.297321262198729e-08,0,1.0000001192092896
1.0253499740974803,-0.09681940078735352,-5.861722912614553e-08,0,1.0000001192092896
1.035399973843596,-0.10557331144809723,-4.576470799544374e-08,0,1.0000001192092896
1.0454499735897116,-0.09952083975076675,-5.8395621671536446e-08,0,1.0000001192092896
1.0554999733358272,-0.10154355317354202,-5.2517209331304215e-08,0,1.0000001192092896
1.0655499730819429,-0.10658354312181473,-5.0998712197714013e-08,0,1.0000001192092896
1.0755999728280585,-0.1013016328215599,-5.891689219827967e-08,0,1.0000001192092896
1.0856499725741742,-0.10992114245891571,-4.6839546130605925e-08,0,1.0000001192092896
1.0956999723202898,-0.10432787239551544,-6.017116666034994e-08,0,1.0000001192092896
1.1057499720664055,-0.10588467121124268,-5.595570534699945e-08,0,1.0000001192092896
1.115799971812521,-0.11183185875415802,-5.3474741995573893e-08,0,1.0000001192092896
1.1258499715586368,-0.10617811232805252,-6.276629910262344e-08,0,1.0000001192092896
1.1358999713047524,-0.11464080959558487,-5.069321351580669e-08,0,1.0000001192092896
1.145949971050868,-0.10961873829364777,-6.348047087989528e-08,0,1.0000001192092896
1.1559999707969837,-0.11070961505174637,-5.986118545298069e-08,0,1.0000001192092896
1.1660499705430993,-0.11744752526283264,-5.554344484348661e-08,0,1.0000001192092896
1.176099970289215,-0.11145330220460892,-6.523470652552987e-08,0,1.0000001192092896
1.1861499700353306,-0.11951279640197754,-5.272199343764328e-08,0,1.0000001192092896
1.1961999697814463,-0.11517617106437683,-6.425631554618505e-08,0,1.0000001192092896
1.206249969527562,-0.11577200889587402,-6.094320187388647e-08,0,1.0000001192092896
1.2162999692736776,-0.12311024218797684,-5.4812678701443573e-08,0,1.0000001192092896
1.22639996901853,-0.11677104979753494,-6.495119719840403e-08,0,1.0000001192092896
1.2364499687646457,-0.12421007454395294,-5.2483340590159244e-08,0,1.0000001192092896
1.2464999685107614,-0.12057903409004211,-6.283022713216013e-08,0,1.0000001192092896
1.256549968256877,-0.12059023976325989,-6.044727912657422e-08,0,1.0000001192092896
1.2665999680029927,-0.1285153478384018,-5.2821136353742304e-08,0,1.0000001192092896
1.2766499677491083,-0.12179536372423172,-6.387837481192093e-08,0,1.0000001192092896
1.286699967495224,-0.12857358157634735,-5.204708192207974e-08,0,1.0000001192092896
1.2967499672413396,-0.1258542239665985,-6.158940718536954e-08,0,1.0000001192092896
1.3067999669874553,-0.12532782554626465,-6.039972688665074e-08,0,1.0000001192092896
1.316849966733571,-0.1335911750793457,-5.20049142638257e-08,0,1.0000001192092896
1.3268999664796866,-0.12674574553966522,-6.394655638342073e-08,0,1.0000001192092896
1.3369499662258022,-0.13282734155654907,-5.298935942810168e-08,0,1.0000001192092896
1.3469999659719178,-0.1311742216348648,-6.139023317475178e-08,0,1.0000001192092896
1.3570499657180335,-0.1301281452178955,-6.139067726396163e-08,0,1.0000001192092896
1.3670999654641491,-0.13861098885536194,-5.227361946080755e-08,0,1.0000001192092896
1.3771499652102648,-0.1317342221736908,-6.47769130002196e-08,0,1.0000001192092896
1.3871999649563804,-0.13718412816524506,-5.4633689933192287e-08,0,1.0000001192092896
1.397249964702496,-0.1367025226354599,-6.155082693526381e-08,0,1.0000001192092896
1.4072999644486117,-0.13499116897583008,-6.267748126065342e-08,0,1.0000001192092896
1.4173499641947274,-0.14369355142116547,-5.2787042098545456e-08,0,1.0000001192092896
1.427399963940843,-0.1369086056947708,-6.559694454288945e-08,0,1.0000001192092896
1.4374499636869587,-0.14165963232517242,-5.616497544824739e-08,0,1.0000001192092896
1.4474999634330743,-0.14232715964317322,-6.141220865174546e-08,0,1.0000001192092896
1.45754996317919,-0.14000876247882843,-6.361661891718384e-08,0,1.0000001192092896
1.4675999629253056,-0.14879849553108215,-5.290076016128964e-08,0,1.0000001192092896
1.4776499626714212,-0.14208972454071045,-6.581339639932793e-08,0,1.0000001192092896
1.4876999624175369,-0.14618442952632904,-5.709940506526401e-08,0,1.0000001192092896
1.4977999621623894,-0.14806154370307922,-6.053991336019138e-08,0,1.0000001192092896
1.507849961908505,-0.14489194750785828,-6.415313419383395e-08,0,1.0000001192092896
1.5178999616546207,-0.15375785529613495,-5.274958247980521e-08,0,1.0000001192092896
1.5279499614007364,-0.14729993045330048,-6.576831440563424e-08,0,1.0000001192092896
1.537999961146852,-0.15069802105426788,-5.7979097217719655e-08,0,1.0000001192092896
1.5480499608929676,-0.15371081233024597,-5.971382416314341e-08,0,1.0000001192092896
1.5580999606390833,-0.14986473321914673,-6.461048362993438e-08,0,1.0000001192092896
1.568149960385199,-0.15873514115810394,-5.2691937618698503e-08,0,1.0000001192092896
1.5781999601313146,-0.15253929793834686,-6.565548799075671e-08,0,1.0000001192092896
1.5882499598774302,-0.1553325653076172,-5.86596188290045e-08,0,1.0000001192092896
1.5982999596235459,-0.15936905145645142,-5.877379138929939e-08,0,1.0000001192092896
1.6083499593696615,-0.1548084169626236,-6.504382449312729e-08,0,1.0000001192092896
1.6183999591157772,-0.1635735183954239,-5.284334081423481e-08,0,1.0000001192092896
1.6284499588618928,-0.1576666533946991,-6.580666567224114e-08,0,1.0000001192092896
1.6384999586080085,-0.15992456674575806,-5.97930038814809e-08,0,1.0000001192092896
1.648549958354124,-0.16493767499923706,-5.82280682004388e-08,0,1.0000001192092896
1.6585999581002397,-0.15987528860569,-6.55206860988855e-08,0,1.0000001192092896
1.6686499578463554,-0.16859783232212067,-5.281754547614703e-08,0,1.0000001192092896
1.678699957592471,-0.16295303404331207,-6.543342950804387e-08,0,1.0000001192092896
1.6887499573385867,-0.16467560827732086,-6.024922227787499e-08,0,1.0000001192092896
1.6987999570847023,-0.17054438591003418,-5.7100747741234414e-08,0,1.0000001192092896
1.708849956830818,-0.1649712771177292,-6.534281449255275e-08,0,1.0000001192092896
1.7188999565769336,-0.17342950403690338,-5.24369124510482e-08,0,1.0000001192092896
1.7289499563230493,-0.16825510561466217,-6.449788619855568e-08,0,1.0000001192092896
1.738999956069165,-0.16949158906936646,-5.992937396337439e-08,0,1.0000001192092896
1.7490499558152806,-0.1761063039302826,-5.5030247719800585e-08,0,1.0000001192092896
1.7590999555613962,-0.1701635867357254,-6.374109573492603e-08,0,1.0000001192092896
1.7691999553062487,-0.17818501591682434,-5.055504626039209e-08,0,1.0000001192092896
1.7792499550523644,-0.17380133271217346,-6.145415426539458e-08,0,1.0000001192092896
1.78929995479848,-0.17429862916469574,-5.777095121728415e-08,0,1.0000001192092896
1.7993499545445957,-0.18148452043533325,-5.154128859818918e-08,0,1.0000001192092896
1.8093999542907113,-0.1749347746372223,-6.196106822065062e-08,0,1.0000001192092896
1.819449954036827,-0.18226628005504608,-5.004275119291357e-08,0,1.0000001192092896
1.8294999537829426,-0.17850756645202637,-6.131845725620977e-08,0,1.0000001192092896
1.8395499535290583,-0.17849189043045044,-5.976271560959034e-08,0,1.0000001192092896
1.849599953275174,-0.18620643019676208,-5.340834718925436e-08,0,1.0000001192092896
1.8596499530212895,-0.17951557040214539,-6.552023507078175e-08,0,1.0000001192092896
1.8696999527674052,-0.1863766759634018,-5.4779934061111035e-08,0,1.0000001192092896
1.8797499525135208,-0.18355876207351685,-6.555657405815651e-08,0,1.0000001192092896
1.8897999522596365,-0.18318019807338715,-6.519791651005136e-08,0,1.0000001192092896
1.8998499520057521,-0.1914345771074295,-5.778777456555417e-08,0,1.0000001192092896
1.9098999517518678,-0.1846899539232254,-7.029779536260605e-08,0,1.0000001192092896
1.9199499514979834,-0.1910381019115448,-5.96898225291298e-08,0,1.0000001192092896
1.929999951244099,-0.18929986655712128,-6.860388646057203e-08,0,1.0000001192092896
1.9400499509902147,-0.18841731548309326,-6.851910705485409e-08,0,1.0000001192092896
1.9500999507363304,-0.1969248205423355,-5.943120301443727e-08,0,1.0000001192092896
1.960149950482446,-0.19016899168491364,-7.165681936704971e-08,0,1.0000001192092896
1.9701999502285616,-0.1957801729440689,-6.103000743662435e-08,0,1.0000001192092896
1.9802499499746773,-0.1951417773962021,-6.776232353011835e-08,0,1.0000001192092896
1.990299949720793,-0.19355586171150208,-6.821764680919884e-08,0,1.0000001192092896
2.0003499494669086,-0.20224927365779877,-5.7910017059459307e-08,0,1.0000001192092896
2.0103999492130242,-0.19549569487571716,-7.017352671168098e-08,0,1.0000001192092896
2.02044994895914,-0.20026688277721405,-6.016107056971975e-08,0,1.0000001192092896
2.0304999487052555,-0.20074400305747986,-6.526924833938352e-08,0,1.0000001192092896
2.040599948450108,-0.19845473766326904,-6.70421010373623e-08,0,1.0000001192092896
2.0506499481962237,-0.2072400003671646,-5.611562950424975e-08,0,1.0000001192092896
2.0606999479423393,-0.2004707157611847,-6.892732912211486e-08,0,1.0000001192092896
2.070749947688455,-0.2045452743768692,-6.020458437339116e-08,0,1.0000001192092896
2.0807999474345706,-0.20627455413341522,-6.382722822495523e-08,0,1.0000001192092896
2.0908499471806863,-0.2032012790441513,-6.736576574351005e-08,0,1.0000001192092896
2.100899946926802,-0.212020143866539,-5.6211407056805385e-08,0,1.0000001192092896
2.1109499466729176,-0.2054748684167862,-6.940620994599911e-08,0,1.0000001192092896
2.120999946419033,-0.20894911885261536,-6.170290667295575e-08,0,1.0000001192092896
2.131049946165149,-0.21176478266716003,-6.389250239990929e-08,0,1.0000001192092896
2.1410999459112645,-0.2081068903207779,-6.877906577607007e-08,0,1.0000001192092896
2.15114994565738,-0.21695934236049652,-5.713416545427563e-08,0,1.0000001192092896
2.161199945403496,-0.21068286895751953,-7.024396342369954e-08,0,1.0000001192092896
2.1712499451496114,-0.21360158920288086,-6.327702944952662e-08,0,1.0000001192092896
2.181299944895727,-0.2175394892692566,-6.372136152066332e-08,0,1.0000001192092896
2.1913499446418427,-0.2131110280752182,-6.977270844421568e-08,0,1.0000001192092896
2.2013999443879584,-0.22194331884384155,-5.758231738650643e-08,0,1.0000001192092896
2.211449944134074,-0.21597374975681305,-7.051446232475556e-08,0,1.0000001192092896
2.2214999438801897,-0.21827197074890137,-6.439986738326908e-08,0,1.0000001192092896
2.2315499436263053,-0.22310365736484528,-6.319784973118914e-08,0,1.0000001192092896
2.241599943372421,-0.21812638640403748,-7.040366206689797e-08,0,1.0000001192092896
2.2516499431185366,-0.2268534004688263,-5.792123031200802e-08,0,1.0000001192092896
2.2616999428646523,-0.22117501497268677,-7.069166085837963e-08,0,1.0000001192092896
2.271749942610768,-0.22292669117450714,-6.554131543046182e-08,0,1.0000001192092896
2.2817999423568835,-0.22864986956119537,-6.28376239930617e-08,0,1.0000001192092896
2.291849942102999,-0.22313275933265686,-7.117591932503942e-08,0,1.0000001192092896
2.301899941849115,-0.23162010312080383,-5.8589195994773746e-08,0,1.0000001192092896
2.3119999415939674,-0.2264031618833542,-7.102339549813763e-08,0,1.0000001192092896
2.322049941340083,-0.22754555940628052,-6.695574650272818e-08,0,1.0000001192092896
2.3320999410861987,-0.234122171998024,-6.26866752950761e-08,0,1.0000001192092896
2.3421499408323143,-0.22810779511928558,-7.226107212598976e-08,0,1.0000001192092896
2.35219994057843,-0.23614266514778137,-5.992534246601622e-08,0,1.0000001192092896
2.3622499403245456,-0.23158873617649078,-7.193202977706648e-08,0,1.0000001192092896
2.3722999400706613,-0.2321554571390152,-6.912426187000165e-08,0,1.0000001192092896
2.382349939816777,-0.23919576406478882,-6.41876829465815e-08,0,1.0000001192092896
2.3923999395628925,-0.2327602654695511,-7.538442786669819e-08,0,1.0000001192092896
2.402449939309008,-0.24023064970970154,-6.430767723886177e-08,0,1.0000001192092896
2.412499939055124,-0.23655706644058228,-7.619033876027359e-08,0,1.0000001192092896
2.4225499388012395,-0.23680120706558228,-7.446503830221829e-08,0,1.0000001192092896
2.432599938547355,-0.2446882277727127,-6.780157685293275e-08,0,1.0000001192092896
2.4426499382934708,-0.23829975724220276,-7.881395536202263e-08,0,1.0000001192092896
2.4526999380395864,-0.24541176855564117,-6.664015866908457e-08,0,1.0000001192092896
2.462749937785702,-0.24265432357788086,-7.589246592276666e-08,0,1.0000001192092896
2.4727999375318177,-0.24245719611644745,-7.346354080617346e-08,0,1.0000001192092896
2.4828499372779333,-0.25064438581466675,-6.425227710993298e-08,0,1.0000001192092896
2.492899937024049,-0.24398265779018402,-7.472476803993544e-08,0,1.0000001192092896
2.5029499367701646,-0.25027701258659363,-6.231860166794334e-08,0,1.0000001192092896
2.5129999365162803,-0.24826326966285706,-6.999072849067645e-08,0,1.0000001192092896
2.523049936262396,-0.24731352925300598,-6.865166768399433e-08,0,1.0000001192092896
2.5330999360085116,-0.2555992603302002,-5.904923078281499e-08,0,1.0000001192092896
2.5431499357546272,-0.24865974485874176,-7.08764782975102e-08,0,1.0000001192092896
2.553199935500743,-0.25414103269577026,-6.024832716056139e-08,0,1.0000001192092896
2.5632499352468585,-0.25320467352867126,-6.763940796350454e-08,0,1.0000001192092896
2.573349934991711,-0.25153711438179016,-6.867603014049095e-08,0,1.0000001192092896
2.5833999347378267,-0.26010391116142273,-5.933655650158798e-08,0,1.0000001192092896
2.5934499344839423,-0.2532360553741455,-7.263654955291798e-08,0,1.0000001192092896
2.603499934230058,-0.2580049932003021,-6.382139955407595e-08,0,1.0000001192092896
2.6135499339761736,-0.25852692127227783,-7.000845042570703e-08,0,1.0000001192092896
2.6235999337222893,-0.2562488317489624,-7.285815700752707e-08,0,1.0000001192092896
2.633649933468405,-0.2650408446788788,-6.303658289796843e-08,0,1.0000001192092896
2.6436999332145206,-0.25838130712509155,-7.661560968985626e-08,0,1.0000001192092896
2.653749932960636,-0.26256564259529114,-6.844957239904303e-08,0,1.0000001192092896
2.663799932706752,-0.26424115896224976,-7.275117314131663e-08,0,1.0000001192092896
2.6738499324528675,-0.26135605573654175,-7.64121613205937e-08,0,1.0000001192092896
2.683899932198983,-0.27024659514427185,-6.54975795821855e-08,0,1.0000001192092896
2.693949931945099,-0.2638245224952698,-7.859571327095694e-08,0,1.0000001192092896
2.7039999316912144,-0.2674107551574707,-7.066474488892638e-08,0,1.0000001192092896
2.71404993143733,-0.2701525092124939,-7.280837044376653e-08,0,1.0000001192092896
2.7240999311834457,-0.26661330461502075,-7.712498695244818e-08,0,1.0000001192092896
2.7341499309295614,-0.27549490332603455,-6.512771572042553e-08,0,1.0000001192092896
2.744199930675677,-0.269207239151001,-7.773193894111685e-08,0,1.0000001192092896
2.7542499304217927,-0.2722334563732147,-7.021861564426857e-08,0,1.0000001192092896
2.7642999301679083,-0.27596306800842285,-7.050077882597705e-08,0,1.0000001192092896
2.774349929914024,-0.27166450023651123,-7.597927148550454e-08,0,1.0000001192092896
2.7843999296601396,-0.28049010038375854,-6.350446557501499e-08,0,1.0000001192092896
2.7944499294062553,-0.2744622528553009,-7.607841440160357e-08,0,1.0000001192092896
2.804499929152371,-0.2767627537250519,-6.959102738512968e-08,0,1.0000001192092896
2.8145499288984865,-0.28151601552963257,-6.838250798946177e-08,0,1.0000001192092896
2.824599928644602,-0.27669551968574524,-7.48813303030893e-08,0,1.0000001192092896
2.834649928390718,-0.28533294796943665,-6.205774089051985e-08,0,1.0000001192092896
2.8447499281355704,-0.27958351373672485,-7.469022622608179e-08,0,1.0000001192092896
2.854799927881686,-0.2811598479747772,-6.985031303363698e-08,0,1.0000001192092896
2.8648499276278017,-0.2866904139518738,-6.770893568042169e-08,0,1.0000001192092896
2.8748999273739173,-0.28102096915245056,-7.699197529520418e-08,0,1.0000001192092896
2.884949927120033,-0.289320170879364,-6.557854953515019e-08,0,1.0000001192092896
2.8949999268661486,-0.28410544991493225,-7.923563888345697e-08,0,1.0000001192092896
2.9050499266122642,-0.2853015959262848,-7.638614740734795e-08,0,1.0000001192092896
2.91509992635838,-0.29175278544425964,-7.347452507522334e-08,0,1.0000001192092896
2.9251499261044955,-0.2858951985836029,-8.401476042640965e-08,0,1.0000001192092896
2.935199925850611,-0.2939726412296295,-7.26298257647251e-08,0,1.0000001192092896
2.945249925596727,-0.28950831294059753,-8.534709744489888e-08,0,1.0000001192092896
2.9552999253428425,-0.29027214646339417,-8.282732832931572e-08,0,1.0000001192092896
2.965349925088958,-0.2975274920463562,-7.783735461730501e-08,0,1.0000001192092896
2.9753999248350738,-0.2913585603237152,-8.836346238050297e-08,0,1.0000001192092896
2.9854499245811894,-0.2990148365497589,-7.627085768513453e-08,0,1.0000001192092896
2.995499924327305,-0.29533901810646057,-8.715090454858299e-08,0,1.0000001192092896
3.0055499240734207,-0.2956638038158417,-8.451449956536905e-08,0,1.0000001192092896
3.0155999238195363,-0.3032887578010559,-7.737552959463656e-08,0,1.0000001192092896
3.025649923565652,-0.2968420386314392,-8.787336830407e-08,0,1.0000001192092896
3.0356999233117676,-0.3038577139377594,-7.56565088355643e-08,0,1.0000001192092896
3.0457499230578833,-0.3007934093475342,-8.527666073288032e-08,0,1.0000001192092896
3.055799922803999,-0.30054253339767456,-8.338201656910016e-08,0,1.0000001192092896
3.0658499225501146,-0.30857065320014954,-7.510630312124178e-08,0,1.0000001192092896
3.07589992229623,-0.30184394121170044,-8.639614024197328e-08,0,1.0000001192092896
3.085949922042346,-0.30818986892700195,-7.497980014647965e-08,0,1.0000001192092896
3.0959999217884615,-0.30608874559402466,-8.367629505956486e-08,0,1.0000001192092896
3.106049921534577,-0.3052465319633484,-8.308437271509206e-08,0,1.0000001192092896
3.1161499212794297,-0.31354430317878723,-7.421043640709613e-08,0,1.0000001192092896
3.1261999210255453,-0.30680331587791443,-8.63510582482796e-08,0,1.0000001192092896
3.136249920771661,-0.3123070001602173,-7.600573642685404e-08,0,1.0000001192092896
3.1462999205177766,-0.3115924298763275,-8.310546001366603e-08,0,1.0000001192092896
3.1563499202638923,-0.31002217531204224,-8.393356842884003e-08,0,1.0000001192092896
3.166399920010008,-0.3186013996601105,-7.418353431543068e-08,0,1.0000001192092896
3.1764499197561236,-0.31193962693214417,-8.676443591371097e-08,0,1.0000001192092896
3.186499919502239,-0.3167332112789154,-7.725889372700578e-08,0,1.0000001192092896
3.196549919248355,-0.3171117603778839,-8.286232117127312e-08,0,1.0000001192092896
3.2065999189944705,-0.3148672878742218,-8.49720710460744e-08,0,1.0000001192092896
3.216649918740586,-0.3235943615436554,-7.472925750429127e-08,0,1.0000001192092896
3.226699918486702,-0.3169706463813782,-8.772555598612897e-08,0,1.0000001192092896
3.2367499182328174,-0.3210766017436981,-7.924663009140076e-08,0,1.0000001192092896
3.246799917978933,-0.3225952982902527,-8.34786892389694e-08,0,1.0000001192092896
3.2568499177250487,-0.31974151730537415,-8.699994891170348e-08,0,1.0000001192092896
3.2668999174711644,-0.3284304738044739,-7.635205662159805e-08,0,1.0000001192092896
3.27694991721728,-0.3220174014568329,-8.966596215520539e-08,0,1.0000001192092896
3.2869999169633957,-0.32557448744773865,-8.216430313900958e-08,0,1.0000001192092896
3.2970499167095113,-0.32811239361763,-8.503464599129984e-08,0,1.0000001192092896
3.307099916455627,-0.32458215951919556,-9.005354795199594e-08,0,1.0000001192092896
3.3171499162017426,-0.3332599103450775,-7.915242072886741e-08,0,1.0000001192092896
3.3271999159478582,-0.32702600955963135,-9.278774276699764e-08,0,1.0000001192092896
3.337249915693974,-0.32994920015335083,-8.65412602690796e-08,0,1.0000001192092896
3.3472999154400895,-0.3335488736629486,-8.820735114545286e-08,0,1.0000001192092896
3.357349915186205,-0.3294026553630829,-9.475641105094468e-08,0,1.0000001192092896
3.367399914932321,-0.33820581436157227,-8.336631385219562e-08,0,1.0000001192092896
3.3774499146784365,-0.33248934149742126,-9.6394912885156e-08,0,1.0000001192092896
3.387549914423289,-0.33503010869026184,-9.008219170603127e-08,0,1.0000001192092896
3.3975999141694047,-0.33997541666030884,-8.83688400232785e-08,0,1.0000001192092896
3.4076499139155203,-0.3353542983531952,-9.445585286149694e-08,0,1.0000001192092896
3.417699913661636,-0.344105988740921,-8.067608386896907e-08,0,1.0000001192092896
3.4277499134077516,-0.338727742433548,-9.141100376641731e-08,0,1.0000001192092896
3.4377999131538672,-0.3405578136444092,-8.429894976513808e-08,0,1.0000001192092896
3.447849912899983,-0.34624963998794556,-7.954404496191003e-08,0,1.0000001192092896
3.4578999126460985,-0.34086018800735474,-8.574163601338114e-08,0,1.0000001192092896
3.467949912392214,-0.34908097982406616,-7.164582815910592e-08,0,1.0000001192092896
3.47799991213833,-0.34381476044654846,-8.254964767306916e-08,0,1.0000001192092896
3.4880499118844455,-0.34481602907180786,-7.743003460625175e-08,0,1.0000001192092896
3.498099911630561,-0.35100963711738586,-7.271214186310715e-08,0,1.0000001192092896
3.5081499113766768,-0.34512069821357727,-8.145282365257245e-08,0,1.0000001192092896
3.5181999111227924,-0.3529808521270752,-6.897555443474701e-08,0,1.0000001192092896
3.528249910868908,-0.3484358787536621,-8.052736949482053e-08,0,1.0000001192092896
3.5382999106150237,-0.34910115599632263,-7.722524703046574e-08,0,1.0000001192092896
3.5483499103611393,-0.3559935986995697,-7.196769569173256e-08,0,1.0000001192092896
3.558399910107255,-0.34982243180274963,-8.221431868626894e-08,0,1.0000001192092896
3.5684499098533706,-0.3571382761001587,-7.080156599892362e-08,0,1.0000001192092896
3.5784999095994863,-0.35323840379714966,-8.259360556595041e-08,0,1.0000001192092896
3.588549909345602,-0.353386253118515,-8.130075085377442e-08,0,1.0000001192092896
3.5985999090917176,-0.36070433259010315,-7.603669083255937e-08,0,1.0000001192092896
3.608649908837833,-0.3542732894420624,-8.836906206788342e-08,0,1.0000001192092896
3.618699908583949,-0.36106497049331665,-7.851407024528356e-08,0,1.0000001192092896
3.6287499083300645,-0.3580969572067261,-9.021324659519436e-08,0,1.0000001192092896
3.63879990807618,-0.3578416109085083,-9.05001212858636e-08,0,1.0000001192092896
3.648849907822296,-0.3658137619495392,-8.430971892847694e-08,0,1.0000001192092896
3.6589499075671483,-0.3594364821910858,-9.709628934206904e-08,0,1.0000001192092896
3.668999907313264,-0.36565250158309937,-8.730768191744787e-08,0,1.0000001192092896
3.6790499070593796,-0.36395007371902466,-9.665352546095463e-08,0,1.0000001192092896
3.6890999068054953,-0.3632355332374573,-9.695924618746687e-08,0,1.0000001192092896
3.699149906551611,-0.37156832218170166,-8.841953558214044e-08,0,1.0000001192092896
3.7091999062977266,-0.3651462495326996,-1.0042442571966959e-07,0,1.0000001192092896
3.719249906043842,-0.3706723153591156,-9.00941474202277e-08,0,1.0000001192092896
3.729299905789958,-0.3700428903102875,-9.678340073815406e-08,0,1.0000001192092896
3.7393499055360735,-0.36863839626312256,-9.713240628483888e-08,0,1.0000001192092896
3.749399905282189,-0.3770204782485962,-8.710783483412143e-08,0,1.0000001192092896
3.759449905028305,-0.3705536127090454,-9.884582041763679e-08,0,1.0000001192092896
3.7694999047744204,-0.3752687871456146,-8.899172371235053e-08,0,1.0000001192092896
3.779549904520536,-0.37571457028388977,-9.391596528240953e-08,0,1.0000001192092896
3.7895999042666517,-0.3735843300819397,-9.54764114990958e-08,0,1.0000001192092896
3.7996499040127674,-0.38198205828666687,-8.503980852836435e-08,0,1.0000001192092896
3.809699903758883,-0.37556225061416626,-9.735962036572232e-08,0,1.0000001192092896
3.8197499035049987,-0.37953150272369385,-8.886476277059074e-08,0,1.0000001192092896
3.8297999032511143,-0.3809606432914734,-9.28231866370588e-08,0,1.0000001192092896
3.83984990299723,-0.37822335958480835,-9.6164562424228e-08,0,1.0000001192092896
3.8498999027433456,-0.3866681158542633,-8.565707865226813e-08,0,1.0000001192092896
3.8599499024894612,-0.3805372714996338,-9.837165804160719e-08,0,1.0000001192092896
3.869999902235577,-0.3840159773826599,-9.084442226248157e-08,0,1.0000001192092896
3.8800499019816925,-0.38659870624542236,-9.312015741835822e-08,0,1.0000001192092896
3.890099901727808,-0.38334396481513977,-9.741323026002391e-08,0,1.0000001192092896
3.900149901473924,-0.39180219173431396,-8.604129908551528e-08,0,1.0000001192092896
3.9101999012200395,-0.3859535753726959,-9.829224933977088e-08,0,1.0000001192092896
3.920249900966155,-0.38880956172943115,-9.123896776985774e-08,0,1.0000001192092896
3.9303499007110076,-0.39247196912765503,-9.147874124870725e-08,0,1.0000001192092896
3.9403999004571233,-0.3883974254131317,-9.712858989319173e-08,0,1.0000001192092896
3.950449900203239,-0.3966405689716339,-8.54240289616115e-08,0,1.0000001192092896
3.9604998999493546,-0.39113691449165344,-9.778691051343102e-08,0,1.0000001192092896
3.9705498996954702,-0.3931260406970978,-9.229922381948086e-08,0,1.0000001192092896
3.980599899441586,-0.39770907163619995,-9.153571650655223e-08,0,1.0000001192092896
3.9906498991877015,-0.3928616940975189,-9.943258716393899e-08,0,1.0000001192092896
4.000699898933817,-0.4006815552711487,-8.911373722275684e-08,0,1.0000001192092896
4.010749898679933,-0.39498746395111084,-1.0393245986062283e-07,0,1.0000001192092896
4.0207998984260485,-0.396416574716568,-1.0221007373800717e-07,0,1.0000001192092896
4.030849898172164,-0.40194714069366455,-1.0216835016896297e-07,0,1.0000001192092896
4.081099896902742,-0.4144662618637085,3.4683819705172425e-07,0,1.000000238418579
4.091149896648858,-0.40053147077560425,1.4195153386076242e-07,0,1.000000238418579
4.503299886237073,-0.44517984986305237,-1.0017558310648766e-07,0,1.0000001192092896
4.513349885983189,-0.44917967915534973,-1.0295631014400897e-07,0,1.0000001192092896
4.563599884713767,-0.46244606375694275,2.93570723286507e-07,0,1.000000238418579
4.573649884459883,-0.44890862703323364,1.0525017662965652e-07,0,1.000000238418579
5.025999873032561,-0.49420812726020813,1.0910283093634732e-07,0,1.000000238418579
5.4782998616065015,-0.5462767481803894,3.030625750355398e-07,0,1.000000238418579
5.930649850179179,-0.5981658101081848,3.8026989890305174e-07,0,1.000000238418579
5.940699849925295,-0.5821055173873901,8.550347235791733e-08,0,1.000000238418579
6.382999838751857,-0.6432229280471802,4.056825708698142e-07,0,1.000000238418579
6.393049838497973,-0.6289953589439392,1.1830282586888785e-07,0,1.000000238418579
6.845349827071914,-0.6841552257537842,3.0433527919981884e-07,0,1.000000238418579
7.297699815644592,-0.7340825200080872,3.7942260444623344e-07,0,1.000000238418579
7.750049804217269,-0.7779908776283264,3.655535318891623e-07,0,1.000000238418579
7.760099803963385,-0.7668222784996033,1.1495827900720457e-07,0,1.000000238418579
8.212399792537326,-0.8219597935676575,3.197286324585491e-07,0,1.000000238418579
8.664749781110004,-0.8695551753044128,3.694900496675757e-07,0,1.000000238418579
9.117099769682682,-0.9112975001335144,3.3436969859579335e-07,0,1.000000238418579
9.127149769428797,-0.9043401479721069,1.2430625973003373e-07,0,1.000000238418579
9.579449758002738,-0.9578602910041809,3.403632931053835e-07,0,1.000000238418579
10.03174974657668,-0.9992330074310303,4.5877199261745716e-07,0,1.000000238418579
10.041799746322795,-0.9850561618804932,1.405850991176294e-07,0,1.000000238418579
10.45394973591101,-0.9489361047744751,-2.073996009654966e-08,0,1.0000001192092896
10.463999735657126,-0.955877959728241,-9.527507255358003e-09,0,1.0000001192092896
10.474049735403241,-0.948477029800415,-2.270795530778802e-08,0,1.0000001192092896
10.484099735149357,-0.9486091732978821,-1.73490163207779e-08,0,1.0000001192092896
10.494149734895473,-0.9523566961288452,-1.4363828702845804e-08,0,1.0000001192092896
10.504199734641588,-0.9452850222587585,-2.1145044049042383e-08,0,1.0000001192092896
10.514249734387704,-0.9520004391670227,-7.1093465316141025e-09,0,1.0000001192092896
10.52429973413382,-0.9448145627975464,-1.7635894480894088e-08,0,1.0000001192092896
10.534349733879935,-0.9442971348762512,-1.11590537157924e-08,0,1.0000001192092896
10.54439973362605,-0.9485575556755066,-5.158623094664305e-09,0,1.0000001192092896
10.554449733372167,-0.9408543109893799,-1.185594938196699e-08,0,1.0000001192092896
10.564499733118282,-0.9469783902168274,2.7609050028826188e-09,0,1.0000001192092896
10.574549732864398,-0.9401665925979614,-7.085346198643094e-09,0,1.0000001192092896
10.584599732610513,-0.9389010071754456,-1.7454745331393906e-09,0,1.0000001192092896
10.594649732356629,-0.9435825347900391,4.961945784809352e-09,0,1.0000001192092896
10.604699732102745,-0.9353528618812561,-3.5589268077701464e-09,0,1.0000001192092896
10.61474973184886,-0.9408879280090332,9.685222242261649e-09,0,1.0000001192092896
10.624799731594976,-0.9347279071807861,-7.276082947954565e-10,0,1.0000001192092896
10.634849731341092,-0.9329582452774048,2.3822894611863488e-09,0,1.0000001192092896
10.644899731087207,-0.938293993473053,9.004700630976803e-09,0,1.0000001192092896
10.654949730833323,-0.9297729730606079,-1.576353414120546e-09,0,1.0000001192092896
10.664999730579439,-0.9348130226135254,1.0164323376027351e-08,0,1.0000001192092896
10.675049730325554,-0.929441511631012,-3.187122874642734e-10,0,1.0000001192092896
10.68509973007167,-0.9273269176483154,1.2056199137980284e-09,0,1.0000001192092896
10.695199729816522,-0.9332181215286255,8.571131651646802e-09,0,1.0000001192092896
10.705249729562638,-0.9246187806129456,-3.079825674004444e-09,0,1.0000001192092896
10.715299729308754,-0.9290472269058228,7.957899963995096e-09,0,1.0000001192092896
10.72534972905487,-0.9249346256256104,-1.0638315315475433e-09,0,1.0000001192092896
10.735399728800985,-0.9222286939620972,-3.940765086214021e-10,0,1.0000001192092896
10.7454497285471,-0.9285500049591064,8.452253653923325e-09,0,1.0000001192092896
10.755499728293216,-0.9199058413505554,-3.235712912885713e-09,0,1.0000001192092896
10.765549728039332,-0.9236869215965271,7.689190430204551e-09,0,1.0000001192092896
10.775599727785448,-0.9206472635269165,6.782942263416913e-10,0,1.0000001192092896
10.785649727531563,-0.9173522591590881,8.415834218747364e-10,0,1.0000001192092896
10.795699727277679,-0.9238795638084412,1.1002078588451258e-08,0,1.0000001192092896
10.805749727023795,-0.9151301980018616,-6.995709892453073e-10,0,1.0000001192092896
10.81579972676991,-0.9181787967681885,9.770231498840154e-09,0,1.0000001192092896
10.825849726516026,-0.9162591099739075,4.567180401232607e-09,0,1.0000001192092896
10.835899726262141,-0.912258505821228,3.687930603263334e-09,0,1.0000001192092896
10.845949726008257,-0.9188799262046814,1.4595562605745904e-08,0,1.0000001192092896
10.855999725754373,-0.9102111458778381,2.540868557221465e-09,0,1.0000001192092896
10.866049725500488,-0.9125048518180847,1.2076467430233162e-08,0,1.0000001192092896
10.876099725246604,-0.9116693735122681,8.178385052515225e-09,0,1.0000001192092896
10.88614972499272,-0.9069721102714539,5.845232717988091e-09,0,1.0000001192092896
10.896199724738835,-0.9136965870857239,1.7090434970001844e-08,0,1.0000001192092896
10.906249724484951,-0.9051442742347717,4.569871824705585e-09,0,1.0000001192092896
10.916299724231067,-0.9068600535392761,1.2984876195110129e-08,0,1.0000001192092896
10.926349723977182,-0.9070751667022705,1.0386827682673516e-08,0,1.0000001192092896
10.936399723723298,-0.9017730355262756,6.574202987552624e-09,0,1.0000001192092896
10.946449723469414,-0.9085065126419067,1.8166395471252983e-08,0,1.0000001192092896
10.95649972321553,-0.9002095460891724,5.44508448746539e-09,0,1.0000001192092896
10.966599722960382,-0.9012936949729919,1.285657778155036e-08,0,1.0000001192092896
10.976649722706497,-0.9027743935585022,1.2105401750450717e-08,0,1.0000001192092896
10.986699722452613,-0.8966524600982666,6.767996753309635e-09,0,1.0000001192092896
10.996749722198729,-0.9034038186073303,1.8905457060958142e-08,0,1.0000001192092896
11.006799721944844,-0.8954361081123352,6.365605525332496e-09,0,1.0000001192092896
11.01684972169096,-0.8958594799041748,1.29711944310551e-08,0,1.0000001192092896
11.026899721437076,-0.8984242677688599,1.3971340577512148e-08,0,1.0000001192092896
11.036949721183191,-0.8916594982147217,7.584442622554644e-09,0,1.0000001192092896
11.046999720929307,-0.8983727693557739,2.0217603632910475e-08,0,1.0000001192092896
11.057049720675423,-0.8906179070472717,7.902498100342825e-09,0,1.0000001192092896
11.067099720421538,-0.8905036449432373,1.36568751099575e-08,0,1.0000001192092896
11.077149720167654,-0.8938995003700256,1.6271522323973997e-08,0,1.0000001192092896
11.08719971991377,-0.8865993022918701,8.794532810330047e-09,0,1.0000001192092896
11.097249719659885,-0.8931266665458679,2.164257141556991e-08,0,1.0000001192092896
11.107299719406,-0.8857885003089905,9.57038094606677e-09,0,1.0000001192092896
11.117349719152116,-0.8851634860038757,1.4356012906224791e-08,0,1.0000001192092896
11.127399718898232,-0.8893276453018188,1.836893484541413e-08,0,1.0000001192092896
11.137449718644348,-0.8816310167312622,9.83124085612852e-09,0,1.0000001192092896
11.147499718390463,-0.887766420841217,2.2609745672919068e-08,0,1.0000001192092896
11.157549718136579,-0.8809747099876404,1.0994451876689126e-08,0,1.0000001192092896
11.167599717882695,-0.8798121213912964,1.48492450974258e-08,0,1.0000001192092896
11.17764971762881,-0.8846415877342224,2.0146726301129014e-08,0,1.0000001192092896
11.187699717374926,-0.8765237927436829,1.0631537317173922e-08,0,1.0000001192092896
11.197749717121042,-0.882256031036377,2.3139538896099765e-08,0,1.0000001192092896
11.207799716867157,-0.8761497139930725,1.2181888310591749e-08,0,1.0000001192092896
11.217849716613273,-0.8745101094245911,1.513791696161615e-08,0,1.0000001192092896
11.227949716358125,-0.8799538016319275,2.1737372318808568e-08,0,1.0000001192092896
11.237999716104241,-0.8715353608131409,1.1298151650351862e-08,0,1.0000001192092896
11.248049715850357,-0.8766044974327087,2.3331090531764076e-08,0,1.0000001192092896
11.258099715596472,-0.8713830709457397,1.3379193586349203e-08,0,1.0000001192092896
11.268149715342588,-0.8692326545715332,1.5279449580574145e-08,0,1.0000001192092896
11.278199715088704,-0.8751664161682129,2.3190904058223438e-08,0,1.0000001192092896
11.28824971483482,-0.8665580749511719,1.2028916057671424e-08,0,1.0000001192092896
11.298299714580935,-0.871026873588562,2.354394977588381e-08,0,1.0000001192092896
11.30834971432705,-0.8666947484016418,1.4750553209430528e-08,0,1.0000001192092896
11.318399714073166,-0.8640560507774353,1.571772920150316e-08,0,1.0000001192092896
11.328449713819282,-0.870305597782135,2.458738594668386e-08,0,1.0000001192092896
11.338499713565398,-0.8615807890892029,1.2877213184658842e-08,0,1.0000001192092896
11.348549713311513,-0.8653350472450256,2.370813441399111e-08,0,1.0000001192092896
11.358599713057629,-0.8621878623962402,1.6320868267971633e-08,0,1.0000001192092896
11.368649712803744,-0.8588547706604004,1.6225989302176558e-08,0,1.0000001192092896
11.37869971254986,-0.865332841873169,2.592913904420069e-08,0,1.0000001192092896
11.388749712295976,-0.856612503528595,1.3777771458445276e-08,0,1.0000001192092896
11.398799712042091,-0.8596521615982056,2.3803238893838063e-08,0,1.0000001192092896
11.408849711788207,-0.8576630353927612,1.7976637539662832e-08,0,1.0000001192092896
11.418899711534323,-0.8536736369132996,1.66819873886892e-08,0,1.0000001192092896
11.428949711280438,-0.8603488206863403,2.708315516297688e-08,0,1.0000001192092896
11.438999711026554,-0.8516576290130615,1.45946674884323e-08,0,1.0000001192092896
11.44904971077267,-0.8540902733802795,2.3792247685894274e-08,0,1.0000001192092896
11.459099710518785,-0.8531696200370789,1.9487512298299592e-08,0,1.0000001192092896
11.469149710264901,-0.8485507369041443,1.696729562405963e-08,0,1.0000001192092896
11.479199710011017,-0.8552954196929932,2.7981691616552062e-08,0,1.0000001192092896
11.489249709757132,-0.8467699289321899,1.5310851544936277e-08,0,1.0000001192092896
11.499349709501985,-0.8484606742858887,2.3611661237321613e-08,0,1.0000001192092896
11.5093997092481,-0.848835289478302,2.107061053413517e-08,0,1.0000001192092896
11.519449708994216,-0.8434323668479919,1.7108828243017626e-08,0,1.0000001192092896
11.529499708740332,-0.8502039313316345,2.876494528680773e-08,0,1.0000001192092896
11.539549708486447,-0.8419226408004761,1.6046998799201795e-08,0,1.0000001192092896
11.549599708232563,-0.8430470824241638,2.3527799500322466e-08,0,1.0000001192092896
11.559649707978679,-0.8444336652755737,2.268600758636996e-08,0,1.0000001192092896
11.569699707724794,-0.8383364081382751,1.7438545399373062e-08,0,1.0000001192092896
11.57974970747091,-0.8451257944107056,2.956232827977523e-08,0,1.0000001192092896
11.589799707217026,-0.8371043801307678,1.6942173358680535e-08,0,1.0000001192092896
11.599849706963141,-0.8375524282455444,2.353699526946862e-08,0,1.0000001192092896
11.609899706709257,-0.8400096893310547,2.4331685971601402e-08,0,1.0000001192092896
11.619949706455373,-0.8333008885383606,1.7930207665828313e-08,0,1.0000001192092896
11.629999706201488,-0.8400141000747681,3.0450100774181976e-08,0,1.0000001192092896
11.640049705947604,-0.8322256803512573,1.7980002903206227e-08,0,1.0000001192092896
11.65009970569372,-0.8321719765663147,2.365946327742563e-08,0,1.0000001192092896
11.660149705439835,-0.8355028033256531,2.6035906069976633e-08,0,1.0000001192092896
11.67019970518595,-0.8282944560050964,1.847884345540507e-08,0,1.0000001192092896
11.680249704932066,-0.8347501754760742,3.118871133578338e-08,0,1.0000001192092896
11.690299704678182,-0.8273962140083313,1.894067194752047e-08,0,1.0000001192092896
11.700349704424298,-0.8268340229988098,2.3669555898608863e-08,0,1.0000001192092896
11.710399704170413,-0.8309018015861511,2.7442258535015362e-08,0,1.0000001192092896
11.720449703916529,-0.8232119679450989,1.885992577388418e-08,0,1.0000001192092896
11.730499703662645,-0.8293920755386353,3.15235927639268e-08,0,1.0000001192092896
11.74054970340876,-0.8225735425949097,1.976070869436075e-08,0,1.0000001192092896
11.750599703154876,-0.8215005397796631,2.3628061313063498e-08,0,1.0000001192092896
11.760649702900992,-0.8262784481048584,2.8757095663078935e-08,0,1.0000001192092896
11.770749702645844,-0.8181881904602051,1.9229241463025737e-08,0,1.0000001192092896
11.78079970239196,-0.8238615393638611,3.1609499739904123e-08,0,1.0000001192092896
11.790849702138075,-0.8178561329841614,2.0678537007712272e-08,0,1.0000001192092896
11.800899701884191,-0.8161604404449463,2.3470380153267634e-08,0,1.0000001192092896
11.810949701630307,-0.8216148018836975,3.00883033765853e-08,0,1.0000001192092896
11.820999701376422,-0.813217043876648,1.9575662271731353e-08,0,1.0000001192092896
11.831049701122538,-0.8183242678642273,3.1555442286945734e-08,0,1.0000001192092896
11.841099700868654,-0.8130714893341064,2.148533781443085e-08,0,1.0000001192092896
11.85114970061477,-0.8109031319618225,2.3393219653056185e-08,0,1.0000001192092896
11.861199700360885,-0.8168391585350037,3.120957312030548e-08,0,1.0000001192092896
11.871249700107,-0.8081994652748108,2.0030090433498238e-08,0,1.0000001192092896
11.881299699853116,-0.8127198219299316,3.1521348031748886e-08,0,1.0000001192092896
11.891349699599232,-0.8084055185317993,2.257296086161098e-08,0,1.0000001192092896
11.901399699345347,-0.8056795001029968,2.3525332723539627e-08,0,1.0000001192092896
11.911449699091463,-0.8119379878044128,3.229046890984577e-08,0,1.0000001192092896
11.921499698837579,-0.8032177090644836,2.0491471366956837e-08,0,1.0000001192092896
11.931549698583694,-0.8070235252380371,3.12779836753041e-08,0,1.0000001192092896
11.94159969832981,-0.8037508130073547,2.3682342545350288e-08,0,1.0000001192092896
11.951649698075926,-0.8005163073539734,2.3551799399612605e-08,0,1.0000001192092896
11.961699697822041,-0.8069741725921631,3.312239024721997e-08,0,1.0000001192092896
11.971749697568157,-0.7982449531555176,2.0888254667617012e-08,0,1.0000001192092896
11.981799697314273,-0.8013540506362915,3.0909688003566416e-08,0,1.0000001192092896
11.991849697060388,-0.7992708683013916,2.4869328818510894e-08,0,1.0000001192092896
12.001899696806504,-0.7953710556030273,2.3618641764588943e-08,0,1.0000001192092896
12.01194969655262,-0.8020529747009277,3.3903622964626123e-08,0,1.0000001192092896
12.021999696298735,-0.7933259606361389,2.1390011289978972e-08,0,1.0000001192092896
12.03204969604485,-0.7957496047019958,3.060127498621945e-08,0,1.0000001192092896
12.042149695789703,-0.7948071360588074,2.6189517568497855e-08,0,1.0000001192092896
12.052199695535819,-0.7901988625526428,2.3584321995340218e-08,0,1.0000001192092896
12.062249695281935,-0.7969434857368469,3.462631223416501e-08,0,1.0000001192092896
12.07229969502805,-0.7884494662284851,2.1941335900943493e-08,0,1.0000001192092896
12.082349694774166,-0.7901653051376343,3.021211752995967e-08,0,1.0000001192092896
12.092399694520282,-0.7904856204986572,2.7606890731779465e-08,0,1.0000001192092896
12.102449694266397,-0.7851207852363586,2.3732809120713405e-08,0,1.0000001192092896
12.112499694012513,-0.7918744087219238,3.532006631612461e-08,0,1.0000001192092896
12.122549693758629,-0.7835819721221924,2.2626792800517492e-08,0,1.0000001192092896
12.132599693504744,-0.7846907377243042,3.0123296218542706e-08,0,1.0000001192092896
12.14264969325086,-0.7860661149024963,2.9134365059357847e-08,0,1.0000001192092896
12.152699692996976,-0.7800202965736389,2.3943423632655225e-08,0,1.0000001192092896
12.162749692743091,-0.7867447733879089,3.596604264410885e-08,0,1.0000001192092896
12.172799692489207,-0.7787367701530457,2.3331538090420878e-08,0,1.0000001192092896
12.182849692235322,-0.779283344745636,2.995080919387938e-08,0,1.0000001192092896
12.192899691981438,-0.7816264033317566,3.0575479648131676e-08,0,1.0000001192092896
12.202949691727554,-0.7749512195587158,2.41805065553935e-08,0,1.0000001192092896
12.21299969147367,-0.7816577553749084,3.660597172605584e-08,0,1.0000001192092896
12.223049691219785,-0.7738738059997559,2.4073966778392908e-08,0,1.0000001192092896
12.2330996909659,-0.7738357186317444,2.9791783623389634e-08,0,1.0000001192092896
12.243149690712016,-0.7771083116531372,3.196388986825838e-08,0,1.0000001192092896
12.253199690458132,-0.769906759262085,2.441512443607241e-08,0,1.0000001192092896
12.263249690204248,-0.7764744162559509,3.705411671939274e-08,0,1.0000001192092896
12.273299689950363,-0.7690219283103943,2.4740133552914045e-08,0,1.0000001192092896
12.283349689696479,-0.7684530019760132,2.9509613502787246e-08,0,1.0000001192092896
12.293399689442595,-0.7725342512130737,3.316051946922194e-08,0,1.0000001192092896
12.30344968918871,-0.764857828617096,2.4588508312772817e-08,0,1.0000001192092896
12.313549688933563,-0.7710021138191223,3.7183985057698266e-08,0,1.0000001192092896
12.323599688679678,-0.7642664909362793,2.542424257234721e-08,0,1.0000001192092896
12.333649688425794,-0.7630949020385742,2.9148270602741277e-08,0,1.0000001192092896
12.34369968817191,-0.7679691314697266,3.436635004350208e-08,0,1.0000001192092896
12.353749687918025,-0.7597730159759521,2.470334700688248e-08,0,1.0000001192092896
12.363799687664141,-0.76557457447052,3.70738544031024e-08,0,1.0000001192092896
12.373849687410257,-0.7594370245933533,2.6015942872215092e-08,0,1.0000001192092896
12.383899687156372,-0.757813036441803,2.8868792772973606e-08,0,1.0000001192092896
12.393949686902488,-0.7632673978805542,3.538354331755755e-08,0,1.0000001192092896
12.403999686648604,-0.7548741102218628,2.4924730682163165e-08,0,1.0000001192092896
12.41404968639472,-0.7600373029708862,3.694533221021423e-08,0,1.0000001192092896
12.424099686140835,-0.7546859383583069,2.6779902947970946e-08,0,1.0000001192092896
12.43414968588695,-0.7525759339332581,2.874744886582903e-08,0,1.0000001192092896
12.444199685633066,-0.7584894895553589,3.646398807899409e-08,0,1.0000001192092896
12.454249685379182,-0.7498946785926819,2.530917836418567e-08,0,1.0000001192092896
12.464299685125297,-0.754435122013092,3.680536778127852e-08,0,1.0000001192092896
12.474349684871413,-0.7500133514404297,2.7733393706541598e-08,0,1.0000001192092896
12.484399684617529,-0.7474194169044495,2.8755746048214625e-08,0,1.0000001192092896
12.494449684363644,-0.7536040544509888,3.742084420110814e-08,0,1.0000001192092896
12.50449968410976,-0.7449083924293518,2.568286035231626e-08,0,1.0000001192092896
12.514549683855876,-0.7487836480140686,3.652948082910612e-08,0,1.0000001192092896
12.524599683601991,-0.745398998260498,2.8799485365937905e-08,0,1.0000001192092896
12.534649683348107,-0.7422360777854919,2.875664463497518e-08,0,1.0000001192092896
12.544699683094223,-0.7486984729766846,3.8240209609963216e-08,0,1.0000001192092896
12.554749682840338,-0.7399064898490906,2.6039717257453354e-08,0,1.0000001192092896
12.564799682586454,-0.7431119680404663,3.606137263800768e-08,0,1.0000001192092896
12.57484968233257,-0.7409033179283142,2.985077116046675e-08,0,1.0000001192092896
12.584949682077422,-0.7370057106018066,2.856150559116255e-08,0,1.0000001192092896
12.594999681823538,-0.74369877576828,3.8864654550163635e-08,0,1.0000001192092896
12.605049681569653,-0.7349852323532104,2.629227911776777e-08,0,1.0000001192092896
12.615099681315769,-0.7374268174171448,3.538780379841455e-08,0,1.0000001192092896
12.625149681061885,-0.7365353107452393,3.102452669767608e-08,0,1.0000001192092896
12.635199680808,-0.7319321632385254,2.8399785995114613e-08,0,1.0000001192092896
12.645249680554116,-0.7386296987533569,3.9337474250222826e-08,0,1.0000001192092896
12.655299680300232,-0.7300819158554077,2.6638817887669752e-08,0,1.0000001192092896
12.665349680046347,-0.7318514585494995,3.495019551547074e-08,0,1.0000001192092896
12.675399679792463,-0.7320665121078491,3.218437322205503e-08,0,1.0000001192092896
12.685449679538578,-0.7268182039260864,2.837533853716767e-08,0,1.0000001192092896
12.695499679284694,-0.7335919141769409,3.989979180385461e-08,0,1.0000001192092896
12.70554967903081,-0.7252636551856995,2.7193957155557946e-08,0,1.0000001192092896
12.715599678776925,-0.7264261841773987,3.4765600120945095e-08,0,1.0000001192092896
12.725649678523041,-0.7277276515960693,3.365891246276398e-08,0,1.0000001192092896
12.735699678269157,-0.7217378616333008,2.8578103425380696e-08,0,1.0000001192092896
12.745749678015272,-0.7284421920776367,4.0574255760761346e-08,0,1.0000001192092896
12.755799677761388,-0.7203826904296875,2.7924947076929385e-08,0,1.0000001192092896
12.765849677507504,-0.7209628820419312,3.460410430422556e-08,0,1.0000001192092896
12.77589967725362,-0.7232499122619629,3.509083301711513e-08,0,1.0000001192092896
12.785949676999735,-0.7166329622268677,2.8755749517661577e-08,0,1.0000001192092896
12.79599967674585,-0.7233215570449829,4.110337417650989e-08,0,1.0000001192092896
12.806049676491966,-0.7155330777168274,2.851642186274539e-08,0,1.0000001192092896
12.816099676238082,-0.7155151963233948,3.4245453695014305e-08,0,1.0000001192092896
12.826149675984198,-0.7187161445617676,3.631011810667495e-08,0,1.0000001192092896
12.836199675730313,-0.7115705013275146,2.8820794709116804e-08,0,1.0000001192092896
12.846249675476429,-0.7181382179260254,4.141963508286217e-08,0,1.0000001192092896
12.856349675221281,-0.7106940150260925,2.9084186448091742e-08,0,1.0000001192092896
12.866399674967397,-0.7101212739944458,3.374369880737582e-08,0,1.0000001192092896
12.876449674713513,-0.7142764329910278,3.752581578808645e-08,0,1.0000001192092896
12.886499674459628,-0.7064947485923767,2.8808906649135935e-08,0,1.0000001192092896
12.896549674205744,-0.7127734422683716,4.141873996554857e-08,0,1.0000001192092896
12.90659967395186,-0.7059526443481445,2.961503611786931e-08,0,1.0000001192092896
12.916649673697975,-0.7048259377479553,3.33866129187399e-08,0,1.0000001192092896
12.92669967344409,-0.7096665501594543,3.856387084666402e-08,0,1.0000001192092896
12.936749673190207,-0.7015734314918518,2.900808412920064e-08,0,1.0000001192092896
12.946799672936322,-0.7073145508766174,4.1463148886533574e-08,0,1.0000001192092896
12.956849672682438,-0.7011635303497314,3.040052931613246e-08,0,1.0000001192092896
12.966899672428553,-0.699570894241333,3.333749248879414e-08,0,1.0000001192092896
12.976949672174669,-0.7049782276153564,3.9793474071458945e-08,0,1.0000001192092896
12.986999671920785,-0.6965625286102295,2.9391631489739112e-08,0,1.0000001192092896
12.9970496716669,-0.701770544052124,4.143758253194463e-08,0,1.0000001192092896
13.007099671413016,-0.6963744163513184,3.118019037406938e-08,0,1.0000001192092896
13.017149671159132,-0.6942754983901978,3.321278321810617e-08,0,1.0000001192092896
13.027199670905247,-0.7001309394836426,4.0814480267714615e-08,0,1.0000001192092896
13.037249670651363,-0.6915673613548279,2.9714175564521383e-08,0,1.0000001192092896
13.047299670397479,-0.6961459517478943,4.122831243069669e-08,0,1.0000001192092896
13.057349670143594,-0.6916614174842834,3.203701193221775e-08,0,1.0000001192092896
13.06739966988971,-0.6890809535980225,3.309996027267559e-08,0,1.0000001192092896
13.077449669635826,-0.6952947378158569,4.1645503018328256e-08,0,1.0000001192092896
13.087499669381941,-0.6865543127059937,2.992075684438156e-08,0,1.0000001192092896
13.097549669128057,-0.6904675364494324,4.072924636444597e-08,0,1.0000001192092896
13.107599668874172,-0.6870672702789307,3.28783528180665e-08,0,1.0000001192092896
13.117649668620288,-0.6838819980621338,3.2842464858795495e-08,0,1.0000001192092896
13.12774966836514,-0.6903197169303894,4.229821354284624e-08,0,1.0000001192092896
13.137799668111256,-0.6815770268440247,3.003088402953047e-08,0,1.0000001192092896
13.147849667857372,-0.6846681833267212,3.996147163176644e-08,0,1.0000001192092896
13.157899667603488,-0.6826208233833313,3.400634981942652e-08,0,1.0000001192092896
13.167949667349603,-0.6786739826202393,3.2658091508874776e-08,0,1.0000001192092896
13.177999667095719,-0.6853603720664978,4.2975373260034644e-08,0,1.0000001192092896
13.188049666841835,-0.6766534447669983,3.045750110453049e-08,0,1.0000001192092896
13.19809966658795,-0.679066002368927,3.962928596390469e-08,0,1.0000001192092896
13.208149666334066,-0.6782013177871704,3.5232591150125003e-08,0,1.0000001192092896
13.218199666080181,-0.6735712289810181,3.269173820541482e-08,0,1.0000001192092896
13.228249665826297,-0.680336058139801,4.364669736744986e-08,0,1.0000001192092896
13.238299665572413,-0.671768069267273,3.095320180723782e-08,0,1.0000001192092896
13.248349665318528,-0.6735219955444336,3.931796208056504e-08,0,1.0000001192092896
13.258399665064644,-0.673723578453064,3.647699850506392e-08,0,1.0000001192092896
13.26844966481076,-0.668486475944519,3.270407555877597e-08,0,1.0000001192092896
13.278499664556875,-0.6752153635025024,4.4205871602143176e-08,0,1.0000001192092896
13.288549664302991,-0.666887104511261,3.1450470699967426e-08,0,1.0000001192092896
13.298599664049107,-0.668121337890625,3.904095449702716e-08,0,1.0000001192092896
13.308649663795222,-0.6693421602249146,3.7787349638218615e-08,0,1.0000001192092896
13.318699663541338,-0.6633792519569397,3.2737493271817186e-08,0,1.0000001192092896
13.328749663287454,-0.6701418161392212,4.467084341319705e-08,0,1.0000001192092896
13.33879966303357,-0.6619882583618164,3.1940335792901564e-08,0,1.0000001192092896
13.348849662779685,-0.6626513004302979,3.8622188780479405e-08,0,1.0000001192092896
13.3588996625258,-0.6648643612861633,3.896087619192912e-08,0,1.0000001192092896
13.368949662271916,-0.6582810282707214,3.26493450331089e-08,0,1.0000001192092896
13.378999662018032,-0.6649606823921204,4.495480376842664e-08,0,1.0000001192092896
13.389049661764147,-0.6571722626686096,3.2322991505573384e-08,0,1.0000001192092896
13.399149661509,-0.6572080850601196,3.7972170546796136e-08,0,1.0000001192092896
13.409199661255116,-0.6604717373847961,4.017635182873569e-08,0,1.0000001192092896
13.419249661001231,-0.6532970070838928,3.2561196794400615e-08,0,1.0000001192092896
13.429299660747347,-0.6597796082496643,4.5157121097982866e-08,0,1.0000001192092896
13.439349660493463,-0.6524055004119873,3.285323402213436e-08,0,1.0000001192092896
13.449399660239578,-0.6517873406410217,3.756686628442196e-08,0,1.0000001192092896
13.459449659985694,-0.6559290885925293,4.129245903539136e-08,0,1.0000001192092896
13.46949965973181,-0.6482436060905457,3.2697570345741056e-08,0,1.0000001192092896
13.479549659477925,-0.654428243637085,4.534194200656039e-08,0,1.0000001192092896
13.48959965922404,-0.6475783586502075,3.355281677497324e-08,0,1.0000001192092896
13.499649658970156,-0.6465345025062561,3.743654344856573e-08,0,1.0000001192092896
13.509699658716272,-0.6513169407844543,4.252498006507288e-08,0,1.0000001192092896
13.519749658462388,-0.6431991457939148,3.306227860933042e-08,0,1.0000001192092896
13.529799658208503,-0.6489537358283997,4.5482128480101025e-08,0,1.0000001192092896
13.539849657954619,-0.6427981853485107,3.4362537121301884e-08,0,1.0000001192092896
13.549899657700735,-0.6412234902381897,3.732305089987342e-08,0,1.0000001192092896
13.55994965744685,-0.6465636491775513,4.368348044403447e-08,0,1.0000001192092896
13.569999657192966,-0.6382129192352295,3.330877934581977e-08,0,1.0000001192092896
13.580049656939082,-0.64347243309021,4.5369978607379124e-08,0,1.0000001192092896
13.590099656685197,-0.6379777193069458,3.506055168411848e-08,0,1.0000001192092896
13.600149656431313,-0.6359370946884155,3.70994242271383e-08,0,1.0000001192092896
13.610199656177429,-0.6417565941810608,4.462082439649073e-08,0,1.0000001192092896
13.620249655923544,-0.6331729292869568,3.352859656580165e-08,0,1.0000001192092896
13.63029965566966,-0.6378186941146851,4.50550638464442e-08,0,1.0000001192092896
13.640349655415775,-0.6332491040229797,3.575946830314258e-08,0,1.0000001192092896
13.650399655161891,-0.6307134032249451,3.685673294340219e-08,0,1.0000001192092896
13.660449654908007,-0.6369003057479858,4.5351139510430016e-08,0,1.0000001192092896
13.67054965465286,-0.628200113773346,3.3608220373348985e-08,0,1.0000001192092896
13.680599654398975,-0.6320462226867676,4.434471539971341e-08,0,1.0000001192092896
13.69064965414509,-0.6287690997123718,3.660955913420416e-08,0,1.0000001192092896
13.700699653891206,-0.6255099177360535,3.6463089492233536e-08,0,1.0000001192092896
13.710749653637322,-0.631987988948822,4.5921079439015244e-08,0,1.0000001192092896
13.720799653383438,-0.6232184171676636,3.368201551001704e-08,0,1.0000001192092896
13.730849653129553,-0.626349925994873,4.367383538150804e-08,0,1.0000001192092896
13.740899652875669,-0.6242532730102539,3.753725455468704e-08,0,1.0000001192092896
13.750949652621784,-0.6203960180282593,3.62627948502503e-08,0,1.0000001192092896
13.7609996523679,-0.627026379108429,4.649012425028687e-08,0,1.0000001192092896
13.771049652114016,-0.6182926297187805,3.3986612135716854e-08,0,1.0000001192092896
13.781099651860131,-0.6208014488220215,4.319809787656226e-08,0,1.0000001192092896
13.791149651606247,-0.6197687983512878,3.8678484026721804e-08,0,1.0000001192092896
13.801199651352363,-0.6152641773223877,3.623812014352801e-08,0,1.0000001192092896
13.811249651098478,-0.6219908595085144,4.715607071492656e-08,0,1.0000001192092896
13.821299650844594,-0.6134452819824219,3.450877777977368e-08,0,1.0000001192092896
13.83134965059071,-0.6152820587158203,4.293925978671176e-08,0,1.0000001192092896
13.841399650336825,-0.6153112053871155,4.0023380443177103e-08,0,1.0000001192092896
13.851449650082941,-0.610127866268158,3.633322115392801e-08,0,1.0000001192092896
13.861499649829057,-0.6168702840805054,4.7780068096470174e-08,0,1.0000001192092896
13.871549649575172,-0.6085487008094788,3.50343087873739e-08,0,1.0000001192092896
13.881599649321288,-0.6098209619522095,4.266135014696637e-08,0,1.0000001192092896
13.891649649067404,-0.6109387278556824,4.131309530586158e-08,0,1.0000001192092896
13.90169964881352,-0.6050273776054382,3.631640127510494e-08,0,1.0000001192092896
13.911749648559635,-0.6117764711380005,4.8186045431553026e-08,0,1.0000001192092896
13.92179964830575,-0.6036520004272461,3.544388046949898e-08,0,1.0000001192092896
13.931849648051866,-0.6043217778205872,4.2197276922673055e-08,0,1.0000001192092896
13.941949647796719,-0.6066066026687622,4.259967378850149e-08,0,1.0000001192092896
13.951999647542834,-0.599953830242157,3.6151540094842005e-08,0,1.0000001192092896
13.96204964728895,-0.6065998673439026,4.850006507517435e-08,0,1.0000001192092896
13.972099647035066,-0.5988740921020508,3.590009886589307e-08,0,1.0000001192092896
13.982149646781181,-0.5988494753837585,4.1588760213429055e-08,0,1.0000001192092896
13.992199646527297,-0.6021378040313721,4.373686482428418e-08,0,1.0000001192092896
14.002249646273413,-0.5949071049690247,3.624215511033313e-08,0,1.0000001192092896
14.012299646019528,-0.6014523506164551,4.889886759396056e-08,0,1.0000001192092896
14.022349645765644,-0.5940693020820618,3.6605746212003965e-08,0,1.0000001192092896
14.03239964551176,-0.5935115814208984,4.1432197950275196e-08,0,1.0000001192092896
14.042449645257875,-0.5975794196128845,4.509454268331048e-08,0,1.0000001192092896
14.05249964500399,-0.589911937713623,3.659385641729962e-08,0,1.0000001192092896
14.062549644750106,-0.5961256623268127,4.9247203537383655e-08,0,1.0000001192092896
14.072599644496222,-0.5892690420150757,3.741165016668546e-08,0,1.0000001192092896
14.082649644242338,-0.5881848931312561,4.1326102262484454e-08,0,1.0000001192092896
14.092699643988453,-0.5929157137870789,4.6312259582848014e-08,0,1.0000001192092896
14.102749643734569,-0.584889829158783,3.685987626234066e-08,0,1.0000001192092896
14.112799643480685,-0.5906757712364197,4.92889236369809e-08,0,1.0000001192092896
14.1228496432268,-0.5844665169715881,3.811258253438865e-08,0,1.0000001192092896
14.132899642972916,-0.5829074382781982,4.108700185634362e-08,0,1.0000001192092896
14.142949642719032,-0.5882430672645569,4.732339867197233e-08,0,1.0000001192092896
14.152999642465147,-0.5798699855804443,3.700185643995546e-08,0,1.0000001192092896
14.163049642211263,-0.5851250290870667,4.9048924644079506e-08,0,1.0000001192092896
14.173099641957378,-0.579668402671814,3.864192646418907e-08,0,1.0000001192092896
14.183149641703494,-0.5775941610336304,4.070502268582743e-08,0,1.0000001192092896
14.19319964144961,-0.5834248661994934,4.813984280649386e-08,0,1.0000001192092896
14.203249641195725,-0.5748591423034668,3.705748208293613e-08,0,1.0000001192092896
14.213349640940578,-0.5794511437416077,4.846283097048598e-08,0,1.0000001192092896
14.223399640686694,-0.5750316381454468,3.9337026691566024e-08,0,1.0000001192092896
14.23344964043281,-0.5723660588264465,4.028805067335384e-08,0,1.0000001192092896
14.243499640178925,-0.578626811504364,4.893879398948364e-08,0,1.0000001192092896
14.25354963992504,-0.5698907971382141,3.7146528908404974e-08,0,1.0000001192092896
14.263599639671156,-0.573745846748352,4.794178942724159e-08,0,1.0000001192092896
14.273649639417272,-0.5704171657562256,4.0214030022633906e-08,0,1.0000001192092896
14.283699639163387,-0.5672072768211365,4.014247961814377e-08,0,1.0000001192092896
14.293749638909503,-0.5737054944038391,4.965721930871858e-08,0,1.0000001192092896
14.303799638655619,-0.5649202466011047,3.742869555956041e-08,0,1.0000001192092896
14.313849638401734,-0.5680786371231079,4.750238397077666e-08,0,1.0000001192092896
14.32389963814785,-0.5659237504005432,4.136154613254561e-08,0,1.0000001192092896
14.333949637893966,-0.5620889067649841,4.0135530315899004e-08,0,1.0000001192092896
14.343999637640081,-0.5687103271484375,5.0366454062977795e-08,0,1.0000001192092896
14.354049637386197,-0.5600146651268005,3.78703422787563e-08,0,1.0000001192092896
14.364099637132313,-0.562501072883606,4.7131843566861065e-08,0,1.0000001192092896
14.374149636878428,-0.5614392757415771,4.2577018299905234e-08,0,1.0000001192092896
14.384199636624544,-0.5569413900375366,4.016895149838717e-08,0,1.0000001192092896
14.39424963637066,-0.5636367201805115,5.1019386632100705e-08,0,1.0000001192092896
14.404299636116775,-0.5551224946975708,3.8322751222397144e-08,0,1.0000001192092896
14.41434963586289,-0.5569347143173218,4.6740666892475247e-08,0,1.0000001192092896
14.424399635609007,-0.5570063591003418,4.374897666359345e-08,0,1.0000001192092896
14.434449635355122,-0.5518611073493958,4.0131040851543176e-08,0,1.0000001192092896
14.444499635101238,-0.5585967302322388,5.1561737518524e-08,0,1.0000001192092896
14.454549634847353,-0.5502572655677795,3.88455864697157e-08,0,1.0000001192092896
14.464599634593469,-0.5514892339706421,4.6479358556394956e-08,0,1.0000001192092896
14.474649634339585,-0.5525868535041809,4.507143963605742e-08,0,1.0000001192092896
14.484749634084437,-0.546700119972229,4.0082593494306096e-08,0,1.0000001192092896
14.494799633830553,-0.5534537434577942,5.2001590533645725e-08,0,1.0000001192092896
14.504849633576669,-0.5453740358352661,3.93031544809741e-08,0,1.0000001192092896
14.514899633322784,-0.5459900498390198,4.586927018768172e-08,0,1.0000001192092896
14.5249496330689,-0.548279345035553,4.635868772195906e-08,0,1.0000001192092896
14.534999632815016,-0.5416466593742371,3.99845746790195e-08,0,1.0000001192092896
14.545049632561131,-0.54830402135849,5.230080604712306e-08,0,1.0000001192092896
14.555099632307247,-0.5405804514884949,3.9729771555974125e-08,0,1.0000001192092896
14.565149632053362,-0.5405267477035522,4.540564452204521e-08,0,1.0000001192092896
14.575199631799478,-0.5437836647033691,4.753558310865991e-08,0,1.0000001192092896
14.585249631545594,-0.5365977883338928,4.003279999165166e-08,0,1.0000001192092896
14.59529963129171,-0.5431250929832458,5.2654523102768636e-08,0,1.0000001192092896
14.605349631037825,-0.535768985748291,4.035579162509073e-08,0,1.0000001192092896
14.61539963078394,-0.5352111458778381,4.515263510307399e-08,0,1.0000001192092896
14.625449630530056,-0.5393081307411194,4.8774383837324464e-08,0,1.0000001192092896
14.635499630276172,-0.5315868854522705,4.026404903934022e-08,0,1.0000001192092896
14.645549630022288,-0.537836492061615,5.2914481823984616e-08,0,1.0000001192092896
14.655599629768403,-0.530964195728302,4.106861031805131e-08,0,1.0000001192092896
14.665649629514519,-0.5299315452575684,4.499764796883632e-08,0,1.0000001192092896
14.675699629260635,-0.5346108675003052,4.9975277388591977e-08,0,1.0000001192092896
14.68574962900675,-0.526560366153717,4.053724717012486e-08,0,1.0000001192092896
14.695799628752866,-0.5323776006698608,5.3000839828065693e-08,0,1.0000001192092896
14.705849628498981,-0.5261190533638,4.180363694095135e-08,0,1.0000001192092896
14.715899628245097,-0.5246025323867798,4.479757190201106e-08,0,1.0000001192092896
14.725949627991213,-0.5299203395843506,5.102566633108374e-08,0,1.0000001192092896
14.735999627737328,-0.5215471982955933,4.0695599667905924e-08,0,1.0000001192092896
14.746099627482181,-0.5267418622970581,5.267970087929896e-08,0,1.0000001192092896
14.756149627228297,-0.5213434100151062,4.241843681862534e-08,0,1.0000001192092896
14.766199626974412,-0.5192803144454956,4.432205991111715e-08,0,1.0000001192092896
14.776249626720528,-0.5251737236976624,5.194372015848714e-08,0,1.0000001192092896
14.786299626466644,-0.5165923833847046,4.076558535182073e-08,0,1.0000001192092896
14.79634962621276,-0.5211171507835388,5.221444804304198e-08,0,1.0000001192092896
14.806399625958875,-0.516681969165802,4.3105689156996974e-08,0,1.0000001192092896
14.81644962570499,-0.5141552090644836,4.4079816186037846e-08,0,1.0000001192092896
14.826499625451106,-0.5202973484992981,5.2683007262244175e-08,0,1.0000001192092896
14.836549625197222,-0.5116173028945923,4.0938741979745785e-08,0,1.0000001192092896
14.846599624943337,-0.515458881855011,5.174656189654847e-08,0,1.0000001192092896
14.856649624689453,-0.5121414661407471,4.4031365359353813e-08,0,1.0000001192092896
14.866699624435569,-0.5089248418807983,4.39766383031337e-08,0,1.0000001192092896
14.876749624181684,-0.515407383441925,5.345100403952863e-08,0,1.0000001192092896
14.8867996239278,-0.5066400170326233,4.1276981832538695e-08,0,1.0000001192092896
14.896849623673916,-0.5098052024841309,5.133071051544036e-08,0,1.0000001192092896
14.906899623420031,-0.5076704621315002,4.5188523062345e-08,0,1.0000001192092896
14.916949623166147,-0.5037997364997864,4.398426414753409e-08,0,1.0000001192092896
14.926999622912263,-0.5104010105133057,5.419096421599434e-08,0,1.0000001192092896
14.937049622658378,-0.5017232298851013,4.1704497494299275e-08,0,1.0000001192092896
14.947099622404494,-0.5042320489883423,5.092562829767111e-08,0,1.0000001192092896
14.95714962215061,-0.5031859278678894,4.6354652755153936e-08,0,1.0000001192092896
14.967199621896725,-0.4986858367919922,4.39595894408118e-08,0,1.0000001192092896
14.97724962164284,-0.5053520202636719,5.479432532706774e-08,0,1.0000001192092896
14.987299621388956,-0.4967997372150421,4.209410250921586e-08,0,1.0000001192092896
14.997349621135072,-0.49866795539855957,5.053108972918885e-08,0,1.0000001192092896
15.007399620881188,-0.49867236614227295,4.7503508071589096e-08,0,1.0000001192092896
15.01749962062604,-0.4935470521450043,4.3861695525615474e-08,0,1.0000001192092896
15.027549620372156,-0.5002560615539551,5.528980398517014e-08,0,1.0000001192092896
15.037599620118272,-0.4919322431087494,4.252632621049024e-08,0,1.0000001192092896
15.047649619864387,-0.4931037724018097,5.0007577939714665e-08,0,1.0000001192092896
15.057699619610503,-0.4944119155406952,4.8869484847724465e-08,0,1.0000001192092896
15.067749619356618,-0.48841992020606995,4.373865505891139e-08,0,1.0000001192092896
15.077799619102734,-0.4951667785644531,5.5712604668523014e-08,0,1.0000001192092896
15.08784961884885,-0.4871162474155426,4.303032583030664e-08,0,1.0000001192092896
15.097899618594965,-0.48766282200813293,4.966103223091878e-08,0,1.0000001192092896
15.107949618341081,-0.48995882272720337,5.0186341193914075e-08,0,1.0000001192092896
15.117999618087197,-0.48336875438690186,4.386134858092028e-08,0,1.0000001192092896
15.128049617833312,-0.4900349974632263,5.623118290443152e-08,0,1.0000001192092896
15.138099617579428,-0.4822487533092499,4.3669349386599166e-08,0,1.0000001192092896
15.148149617325544,-0.4822666645050049,4.9368998472631986e-08,0,1.0000001192092896
15.15819961707166,-0.4854810833930969,5.14803200069025e-08,0,1.0000001192092896
15.168249616817775,-0.478306382894516,4.400849129559958e-08,0,1.0000001192092896
15.17829961656389,-0.4848337173461914,5.662595392585956e-08,0,1.0000001192092896
15.188349616310006,-0.477412611246109,4.430501104879525e-08,0,1.0000001192092896
15.198399616056122,-0.47690415382385254,4.908077069765149e-08,0,1.0000001192092896
15.208449615802238,-0.4809293746948242,5.2664841238003746e-08,0,1.0000001192092896
15.218499615548353,-0.473286509513855,4.415719873085422e-08,0,1.0000001192092896
15.228549615294469,-0.47950923442840576,5.679776440836726e-08,0,1.0000001192092896
15.238599615040584,-0.4726324677467346,4.4923852832168265e-08,0,1.0000001192092896
15.2486496147867,-0.47160205245018005,4.8798607515943004e-08,0,1.0000001192092896
15.258699614532816,-0.47631052136421204,5.37262213884393e-08,0,1.0000001192092896
15.268749614278931,-0.46824654936790466,4.425544306019269e-08,0,1.0000001192092896
15.278799614025047,-0.47403696179389954,5.669794841955955e-08,0,1.0000001192092896
15.2888996137699,-0.4678419828414917,4.5531821368793857e-08,0,1.0000001192092896
15.298949613516015,-0.46625739336013794,4.839015646518341e-08,0,1.0000001192092896
15.30899961326213,-0.4716222584247589,5.4851078540307796e-08,0,1.0000001192092896
15.319049613008247,-0.46322670578956604,4.4394508902367846e-08,0,1.0000001192092896
15.329099612754362,-0.46844813227653503,5.639021194436822e-08,0,1.0000001192092896
15.339149612500478,-0.46304526925086975,4.615480220238055e-08,0,1.0000001192092896
15.349199612246593,-0.4609777629375458,4.809700207553114e-08,0,1.0000001192092896
15.359249611992709,-0.46686220169067383,5.57227007591532e-08,0,1.0000001192092896
15.369299611738825,-0.4582718312740326,4.4543667365726236e-08,0,1.0000001192092896
15.37934961148494,-0.4628346860408783,5.602998967568773e-08,0,1.0000001192092896
15.389399611231056,-0.45841071009635925,4.6894762378846266e-08,0,1.0000001192092896
15.399449610977172,-0.45580336451530457,4.790993296532875e-08,0,1.0000001192092896
15.409499610723287,-0.4619969427585602,5.6495853134608254e-08,0,1.0000001192092896
15.419549610469403,-0.45327886939048767,4.475787102053985e-08,0,1.0000001192092896
15.429599610215519,-0.4571742117404938,5.5567033613312944e-08,0,1.0000001192092896
15.439649609961634,-0.45376497507095337,4.780743162458023e-08,0,1.0000001192092896
15.44969960970775,-0.4506132900714874,4.7756291976508436e-08,0,1.0000001192092896
15.459749609453866,-0.45708686113357544,5.716157755464302e-08,0,1.0000001192092896
15.469799609199981,-0.4482971429824829,4.497813232973158e-08,0,1.0000001192092896
15.479849608946097,-0.4514980912208557,5.502221595010681e-08,0,1.0000001192092896
15.489899608692212,-0.4492715299129486,4.8832472787641024e-08,0,1.0000001192092896
15.499949608438328,-0.44545233249664307,4.764279595836918e-08,0,1.0000001192092896
15.509999608184444,-0.45206254720687866,5.7818770604622927e-08,0,1.0000001192092896
15.52004960793056,-0.4433557093143463,4.5340373816538104e-08,0,1.0000001192092896
15.530099607676675,-0.4458712041378021,5.459246249506222e-08,0,1.0000001192092896
15.54014960742279,-0.44482067227363586,5.000420910672432e-08,0,1.0000001192092896
15.550199607168906,-0.4403003454208374,4.762843938688199e-08,0,1.0000001192092896
15.560299606913759,-0.44704383611679077,5.8481677833732704e-08,0,1.0000001192092896
15.570349606659875,-0.4384971559047699,4.579031598339611e-08,0,1.0000001192092896
15.58039960640599,-0.4401950538158417,5.40456221442831e-08,0,1.0000001192092896
15.590449606152106,-0.44049525260925293,5.131748151421256e-08,0,1.0000001192092896
15.600499605898221,-0.4352245032787323,4.747726517484452e-08,0,1.0000001192092896
15.610549605644337,-0.44191986322402954,5.899409433185454e-08,0,1.0000001192092896
15.620599605390453,-0.43362292647361755,4.625663393986734e-08,0,1.0000001192092896
15.630649605136568,-0.4348370134830475,5.3771976454841663e-08,0,1.0000001192092896
15.640699604882684,-0.43608465790748596,5.2665958399922275e-08,0,1.0000001192092896
15.6507496046288,-0.4301397502422333,4.753737681273407e-08,0,1.0000001192092896
15.660799604374915,-0.43686196208000183,5.9515135875098935e-08,0,1.0000001192092896
15.670849604121031,-0.42882707715034485,4.682679938250445e-08,0,1.0000001192092896
15.680899603867147,-0.4293803572654724,5.348308254604639e-08,0,1.0000001192092896
15.690949603613262,-0.4316517412662506,5.39850594782898e-08,0,1.0000001192092896
15.700999603359378,-0.4250459671020508,4.765602842904393e-08,0,1.0000001192092896
15.711049603105494,-0.4317502975463867,6.002182778575005e-08,0,1.0000001192092896
15.72109960285161,-0.4239259958267212,4.748017951028416e-08,0,1.0000001192092896
15.731149602597725,-0.4239707887172699,5.319441068185604e-08,0,1.0000001192092896
15.74119960234384,-0.4271627962589264,5.5282178140769744e-08,0,1.0000001192092896
15.751249602089956,-0.41999033093452454,4.7815730541689305e-08,0,1.0000001192092896
15.761299601836072,-0.4265311062335968,6.043498340657649e-08,0,1.0000001192092896
15.771349601582187,-0.4190763831138611,4.811135517757137e-08,0,1.0000001192092896
15.781399601328303,-0.41858360171318054,5.286872675758225e-08,0,1.0000001192092896
15.791449601074419,-0.4226379990577698,5.6407930409951845e-08,0,1.0000001192092896
15.801499600820534,-0.4149368703365326,4.7896926008705876e-08,0,1.0000001192092896
15.81154960056665,-0.4211931824684143,6.048164052918636e-08,0,1.0000001192092896
15.821599600312766,-0.4142940044403076,4.8610646757873965e-08,0,1.0000001192092896
15.831699600057618,-0.41326358914375305,5.237527078705284e-08,0,1.0000001192092896
15.841749599803734,-0.41803255677223206,5.749354117789984e-08,0,1.0000001192092896
15.85179959954985,-0.4099416732788086,4.7861263563486744e-08,0,1.0000001192092896
15.861849599295965,-0.4156200885772705,6.022930765237078e-08,0,1.0000001192092896
15.87189959904208,-0.4095541834831238,4.918260590458523e-08,0,1.0000001192092896
15.881949598788196,-0.40793687105178833,5.2027607916338425e-08,0,1.0000001192092896
15.891999598534312,-0.41333526372909546,5.8439184047465176e-08,0,1.0000001192092896
15.902049598280428,-0.4049442410469055,4.801849542990233e-08,0,1.0000001192092896
15.912099598026543,-0.41008952260017395,6.000635405234434e-08,0,1.0000001192092896
15.922149597772659,-0.4047583341598511,4.98330716969253e-08,0,1.0000001192092896
15.932199597518775,-0.4026639461517334,5.178312292852816e-08,0,1.0000001192092896
15.94224959726489,-0.4085416793823242,5.9424527798501714e-08,0,1.0000001192092896
15.952299597011006,-0.39994457364082336,4.827374958105146e-08,0,1.0000001192092896
15.962349596757122,-0.4045321047306061,5.974437611300232e-08,0,1.0000001192092896
15.972399596503237,-0.4000924229621887,5.060151950231351e-08,0,1.0000001192092896
15.982449596249353,-0.39746490120887756,5.158596466658949e-08,0,1.0000001192092896
15.992499595995469,-0.4036562740802765,6.016358938820687e-08,0,1.0000001192092896
16.002549595741584,-0.394956111907959,4.8403839963961914e-08,0,1.0000001192092896
16.0125995954877,-0.39883577823638916,5.919977702495416e-08,0,1.0000001192092896
16.022649595233815,-0.3954870104789734,5.146125539590152e-08,0,1.0000001192092896
16.03269959497993,-0.3922882676124573,5.139732736636482e-08,0,1.0000001192092896
16.042749594726047,-0.39876633882522583,6.086070536426291e-08,0,1.0000001192092896
16.052799594472162,-0.39000123739242554,4.8640251548714986e-08,0,1.0000001192092896
16.062849594218278,-0.39318203926086426,5.866998553649694e-08,0,1.0000001192092896
16.072899593964394,-0.3909958004951477,5.250065313044949e-08,0,1.0000001192092896
16.08294959371051,-0.38717660307884216,5.1297067288347264e-08,0,1.0000001192092896
16.092999593456625,-0.39375996589660645,6.147371500730969e-08,0,1.0000001192092896
16.103099593201478,-0.38506653904914856,4.895920127645503e-08,0,1.0000001192092896
16.113149592947593,-0.3874610960483551,5.802467534232747e-08,0,1.0000001192092896
16.12319959269371,-0.38660988211631775,5.370064809495645e-08,0,1.0000001192092896
16.133249592439824,-0.3819977641105652,5.106469413984627e-08,0,1.0000001192092896
16.14329959218594,-0.3887311816215515,6.201292257479452e-08,0,1.0000001192092896
16.153349591932056,-0.38016319274902344,4.931942701458247e-08,0,1.0000001192092896
16.16339959167817,-0.3819350004196167,5.759492188728288e-08,0,1.0000001192092896
16.173449591424287,-0.38213661313056946,5.48604946193354e-08,0,1.0000001192092896
16.183499591170403,-0.37689727544784546,5.10317205160149e-08,0,1.0000001192092896
16.19354959091652,-0.38365980982780457,6.255213708117324e-08,0,1.0000001192092896
16.203599590662634,-0.3752598464488983,4.982970633338191e-08,0,1.0000001192092896
16.21364959040875,-0.37646719813346863,5.7302437100892334e-08,0,1.0000001192092896
16.223699590154865,-0.3777753710746765,5.618744705615519e-08,0,1.0000001192092896
16.23374958990098,-0.3718259334564209,5.105594766408039e-08,0,1.0000001192092896
16.243799589647097,-0.3784988522529602,6.30106036791922e-08,0,1.0000001192092896
16.253849589393212,-0.3704729676246643,5.0337966434055303e-08,0,1.0000001192092896
16.263899589139328,-0.3710486590862274,5.6946246329570016e-08,0,1.0000001192092896
16.273949588885444,-0.3733513653278351,5.745854833594244e-08,0,1.0000001192092896
16.28399958863156,-0.36670082807540894,5.110394746266067e-08,0,1.0000001192092896
16.294049588377675,-0.37336480617523193,6.345292347109677e-08,0,1.0000001192092896
16.30409958812379,-0.36561664938926697,5.090768778748256e-08,0,1.0000001192092896
16.314149587869906,-0.36558979749679565,5.656673740528362e-08,0,1.0000001192092896
16.32419958761602,-0.36886465549468994,5.866258173670147e-08,0,1.0000001192092896
16.334249587362137,-0.3616383969783783,5.113422879565732e-08,0,1.0000001192092896
16.344299587108253,-0.36818817257881165,6.372253419373308e-08,0,1.0000001192092896
16.35434958685437,-0.36081409454345703,5.1393517913611575e-08,0,1.0000001192092896
16.364399586600484,-0.36027202010154724,5.6173315998719886e-08,0,1.0000001192092896
16.374499586345337,-0.3643958568572998,5.988119028410566e-08,0,1.0000001192092896
16.384549586091453,-0.3566589057445526,5.117908874474608e-08,0,1.0000001192092896
16.394599585837568,-0.36277857422828674,6.378286787622756e-08,0,1.0000001192092896
16.404649585583684,-0.35600483417510986,5.203882463833409e-08,0,1.0000001192092896
16.4146995853298,-0.3548938035964966,5.578482814572183e-08,0,1.0000001192092896
16.424749585075915,-0.35972097516059875,6.094257737343511e-08,0,1.0000001192092896
16.43479958482203,-0.35164356231689453,5.1328469252709397e-08,0,1.0000001192092896
16.444849584568146,-0.35733985900878906,6.368574417825457e-08,0,1.0000001192092896
16.454899584314262,-0.35126274824142456,5.265474514737356e-08,0,1.0000001192092896
16.464949584060378,-0.3496454656124115,5.547709513997745e-08,0,1.0000001192092896
16.474999583806493,-0.3550460934638977,6.190728485400143e-08,0,1.0000001192092896
16.48504958355261,-0.3466416597366333,5.142940240343563e-08,0,1.0000001192092896
16.495099583298725,-0.35180261731147766,6.338428393259932e-08,0,1.0000001192092896
16.50514958304484,-0.34644678235054016,5.318767995476925e-08,0,1.0000001192092896
16.515199582790956,-0.34430980682373047,5.508658806885336e-08,0,1.0000001192092896
16.52524958253707,-0.3502211570739746,6.27044388634701e-08,0,1.0000001192092896
16.535299582283187,-0.34165093302726746,5.1517103083487115e-08,0,1.0000001192092896
16.545349582029303,-0.3461622893810272,6.294780668936184e-08,0,1.0000001192092896
16.55539958177542,-0.3417651951313019,5.386124879436238e-08,0,1.0000001192092896
16.565449581521534,-0.3391578197479248,5.4841433477781365e-08,0,1.0000001192092896
16.57549958126765,-0.34538277983665466,6.348454401061687e-08,0,1.0000001192092896
16.585549581013765,-0.3366848826408386,5.1762039099401136e-08,0,1.0000001192092896
16.59559958075988,-0.3405376672744751,6.258152329685629e-08,0,1.0000001192092896
16.605649580505997,-0.3371664583683014,5.4899300383493e-08,0,1.0000001192092896
16.615699580252112,-0.33399686217308044,5.4846814590003845e-08,0,1.0000001192092896
16.625749579998228,-0.3404099941253662,6.434137250765914e-08,0,1.0000001192092896
16.635799579744344,-0.3316986560821533,5.212315995484218e-08,0,1.0000001192092896
16.645899579489196,-0.33470919728279114,6.197547336439513e-08,0,1.0000001192092896
16.655949579235312,-0.3327447175979614,5.6091672973046514e-08,0,1.0000001192092896
16.665999578981427,-0.328815758228302,5.463216337653343e-08,0,1.0000001192092896
16.676049578727543,-0.335443913936615,6.49371112437791e-08,0,1.0000001192092896
16.68609957847366,-0.3267236053943634,5.2353735929822065e-08,0,1.0000001192092896
16.696149578219774,-0.3291316032409668,6.141808589488207e-08,0,1.0000001192092896
16.70619957796589,-0.3282647132873535,5.71068504984229e-08,0,1.0000001192092896
16.716249577712006,-0.3236928880214691,5.444801207121763e-08,0,1.0000001192092896
16.72629957745812,-0.3303770422935486,6.54036408365144e-08,0,1.0000001192092896
16.736349577204237,-0.32184937596321106,5.2665958399922275e-08,0,1.0000001192092896
16.746399576950353,-0.32357195019721985,6.088717030561241e-08,0,1.0000001192092896
16.75644957669647,-0.3237936794757843,5.81336818961109e-08,0,1.0000001192092896
16.766499576442584,-0.3185632824897766,5.4231338170174226e-08,0,1.0000001192092896
16.7765495761887,-0.3252720832824707,6.571339999927872e-08,0,1.0000001192092896
16.786599575934815,-0.3169863522052765,5.296136099119941e-08,0,1.0000001192092896
16.79664957568093,-0.3181488811969757,6.04179414831485e-08,0,1.0000001192092896
16.806699575427047,-0.31941449642181396,5.929062102394411e-08,0,1.0000001192092896
16.816749575173162,-0.3134583532810211,5.413219872352215e-08,0,1.0000001192092896
16.826799574919278,-0.3202074468135834,6.608708719157974e-08,0,1.0000001192092896
16.836849574665393,-0.31213900446891785,5.341556710836137e-08,0,1.0000001192092896
16.84689957441151,-0.3126833140850067,5.999289259817076e-08,0,1.0000001192092896
16.856949574157625,-0.31500619649887085,6.052582740556645e-08,0,1.0000001192092896
16.86699957390374,-0.30842506885528564,5.415911469297541e-08,0,1.0000001192092896
16.877049573649856,-0.3150308430194855,6.651010991953754e-08,0,1.0000001192092896
16.88709957339597,-0.307320773601532,5.3958146978283494e-08,0,1.0000001192092896
16.897149573142087,-0.30727818608283997,5.960552884598513e-08,0,1.0000001192092896
16.907199572888203,-0.3104948103427887,6.172357763789549e-08,0,1.0000001192092896
16.917299572633056,-0.30334925651550293,5.41445360768833e-08,0,1.0000001192092896
16.92734957237917,-0.3098004162311554,6.67476421356561e-08,0,1.0000001192092896
16.937399572125287,-0.3025204539299011,5.4513282776724736e-08,0,1.0000001192092896
16.947449571871402,-0.3018641173839569,5.908695061007663e-08,0,1.0000001192092896
16.957499571617518,-0.30604395270347595,6.293838367144033e-08,0,1.0000001192092896
16.967549571363634,-0.29830923676490784,5.420083479257265e-08,0,1.0000001192092896
16.97759957110975,-0.30442219972610474,6.676895147883499e-08,0,1.0000001192092896
16.987649570855865,-0.29763948917388916,5.503253408534192e-08,0,1.0000001192092896
16.99769957060198,-0.2965553104877472,5.8732560481722373e-08,0,1.0000001192092896
17.007749570348096,-0.30138030648231506,6.393224838419087e-08,0,1.0000001192092896
17.017799570094212,-0.29328271746635437,5.428494459502886e-08,0,1.0000001192092896
17.027849569840328,-0.2989902198314667,6.666196067373065e-08,0,1.0000001192092896
17.037899569586443,-0.2928839921951294,5.563769236993643e-08,0,1.0000001192092896
17.04794956933256,-0.2912801504135132,5.844568579105314e-08,0,1.0000001192092896
17.057999569078675,-0.2966695725917816,6.493643123217652e-08,0,1.0000001192092896
17.06804956882479,-0.2882763147354126,5.4435674717856486e-08,0,1.0000001192092896
17.078099568570906,-0.29342156648635864,6.636072941157423e-08,0,1.0000001192092896
17.08814956831702,-0.28811952471733093,5.616568668487254e-08,0,1.0000001192092896
17.098199568063137,-0.2860049605369568,5.80504741498622e-08,0,1.0000001192092896
17.108249567809253,-0.29186031222343445,6.570757132839944e-08,0,1.0000001192092896
17.11829956755537,-0.2833057641983032,5.450049786470679e-08,0,1.0000001192092896
17.128349567301484,-0.2878148853778839,6.591908269237834e-08,0,1.0000001192092896
17.1383995670476,-0.28339314460754395,5.6821984617538845e-08,0,1.0000001192092896
17.148449566793715,-0.280790239572525,5.775529013374303e-08,0,1.0000001192092896
17.15849956653983,-0.28700175881385803,6.636879934518447e-08,0,1.0000001192092896
17.168549566285947,-0.27829715609550476,5.45798996276492e-08,0,1.0000001192092896
17.178599566032062,-0.2821544110774994,6.530652407743531e-08,0,1.0000001192092896
17.188699565776915,-0.27892208099365234,5.769854385939688e-08,0,1.0000001192092896
17.19874956552303,-0.2756158709526062,5.737241584591324e-08,0,1.0000001192092896
17.208799565269146,-0.2820558547973633,6.694614307356517e-08,0,1.0000001192092896
17.21884956501526,-0.27337586879730225,5.4678140487540716e-08,0,1.0000001192092896
17.228899564761377,-0.27636849880218506,6.450286138548478e-08,0,1.0000001192092896
17.238949564507493,-0.27443987131118774,5.868321800717169e-08,0,1.0000001192092896
17.24899956425361,-0.2704930007457733,5.718243586971816e-08,0,1.0000001192092896
17.259049563999724,-0.27708080410957336,6.751653403025415e-08,0,1.0000001192092896
17.26909956374584,-0.2684367001056671,5.4976009855600694e-08,0,1.0000001192092896
17.279149563491956,-0.2707729935646057,6.397800345059323e-08,0,1.0000001192092896
17.28919956323807,-0.26994869112968445,5.973808947512538e-08,0,1.0000001192092896
17.299249562984187,-0.2653454840183258,5.7043370027543006e-08,0,1.0000001192092896
17.309299562730303,-0.2720453143119812,6.800258967043504e-08,0,1.0000001192092896
17.319349562476418,-0.26355797052383423,5.532008184871984e-08,0,1.0000001192092896
17.329399562222534,-0.26523125171661377,6.352200709880407e-08,0,1.0000001192092896
17.33944956196865,-0.2655538022518158,6.085509873798856e-08,0,1.0000001192092896
17.349499561714765,-0.260224848985672,5.69388459992215e-08,0,1.0000001192092896
17.35954956146088,-0.26695606112480164,6.844916994319661e-08,0,1.0000001192092896
17.369599561206996,-0.25865235924720764,5.5719109881557927e-08,0,1.0000001192092896
17.379649560953112,-0.25983062386512756,6.315258732625395e-08,0,1.0000001192092896
17.389699560699228,-0.2611432373523712,6.206003072550814e-08,0,1.0000001192092896
17.399749560445343,-0.2551400661468506,5.681032033688638e-08,0,1.0000001192092896
17.40979956019146,-0.26186227798461914,6.876452879334138e-08,0,1.0000001192092896
17.419849559937575,-0.2538072466850281,5.609010131357728e-08,0,1.0000001192092896
17.42989955968369,-0.2543717324733734,6.263513319115788e-08,0,1.0000001192092896
17.439949559429806,-0.2566834092140198,6.323244011730011e-08,0,1.0000001192092896
17.44999955917592,-0.2500552535057068,5.680045322975502e-08,0,1.0000001192092896
17.460099558920774,-0.25671476125717163,6.915750611069527e-08,0,1.0000001192092896
17.47014955866689,-0.24899575114250183,5.662774069103982e-08,0,1.0000001192092896
17.480199558413005,-0.2488725632429123,6.208245723060557e-08,0,1.0000001192092896
17.49024955815912,-0.2523086965084076,6.451385259342857e-08,0,1.0000001192092896
17.500299557905237,-0.2450130432844162,5.6751336269256214e-08,0,1.0000001192092896
17.510349557651352,-0.25149109959602356,6.932864005104733e-08,0,1.0000001192092896
17.520399557397468,-0.24418649077415466,5.7079257986814014e-08,0,1.0000001192092896
17.530449557143584,-0.24353016912937164,6.163094340427833e-08,0,1.0000001192092896
17.5404995568897,-0.24772119522094727,6.552140774385151e-08,0,1.0000001192092896
17.550549556635815,-0.2400088906288147,5.676277156640985e-08,0,1.0000001192092896
17.56059955638193,-0.24612630903720856,6.931428347956015e-08,0,1.0000001192092896
17.570649556128046,-0.23938392102718353,5.7613084442076357e-08,0,1.0000001192092896
17.580699555874162,-0.23823480308055878,6.126197465983196e-08,0,1.0000001192092896
17.590749555620278,-0.2430664747953415,6.650181100242847e-08,0,1.0000001192092896
17.600799555366393,-0.23495769500732422,5.680270143137989e-08,0,1.0000001192092896
17.61084955511251,-0.240620419383049,6.909223887463511e-08,0,1.0000001192092896
17.620899554858624,-0.23462842404842377,5.810116623927719e-08,0,1.0000001192092896
17.63094955460474,-0.23295065760612488,6.083356735020473e-08,0,1.0000001192092896
17.640999554350856,-0.23840506374835968,6.737388424937762e-08,0,1.0000001192092896
17.65104955409697,-0.22996923327445984,5.686258755521756e-08,0,1.0000001192092896
17.661099553843087,-0.2350674718618393,6.878718428193764e-08,0,1.0000001192092896
17.671149553589203,-0.2298191636800766,5.865338076338489e-08,0,1.0000001192092896
17.68119955333532,-0.22770234942436218,6.049599710067355e-08,0,1.0000001192092896
17.691249553081434,-0.23363609611988068,6.821567616333013e-08,0,1.0000001192092896
17.70129955282755,-0.22500987350940704,5.7023406829781464e-08,0,1.0000001192092896
17.711349552573665,-0.2295033037662506,6.840789740225617e-08,0,1.0000001192092896
17.72139955231978,-0.22514204680919647,5.939020802925299e-08,0,1.0000001192092896
17.731499552064633,-0.22247421741485596,6.018802817253643e-08,0,1.0000001192092896
17.74154955181075,-0.22874172031879425,6.901238608358895e-08,0,1.0000001192092896
17.751599551556865,-0.22001245617866516,5.710236103406707e-08,0,1.0000001192092896
17.76164955130298,-0.22365917265415192,6.76722011760944e-08,0,1.0000001192092896
17.771699551049096,-0.22063741087913513,6.028941235136642e-08,0,1.0000001192092896
17.78174955079521,-0.21727070212364197,5.990048040915852e-08,0,1.0000001192092896
17.791799550541327,-0.2237689197063446,6.951503261909409e-08,0,1.0000001192092896
17.801849550287443,-0.2150575816631317,5.720351622939823e-08,0,1.0000001192092896
17.81189955003356,-0.21803902089595795,6.697844362468786e-08,0,1.0000001192092896
17.821949549779674,-0.21615295112133026,6.119535433946055e-08,0,1.0000001192092896
17.83199954952579,-0.21217024326324463,5.963289584354214e-08,0,1.0000001192092896
17.842049549271906,-0.21879836916923523,6.995354295824541e-08,0,1.0000001192092896
17.85209954901802,-0.2100892812013626,5.74002269326801e-08,0,1.0000001192092896
17.862149548764137,-0.21245919167995453,6.638943561565469e-08,0,1.0000001192092896
17.872199548510252,-0.21168863773345947,6.218944803570992e-08,0,1.0000001192092896
17.882249548256368,-0.20706303417682648,5.945233194637467e-08,0,1.0000001192092896
17.892299548002484,-0.21369118988513947,7.041581900901761e-08,0,1.0000001192092896
17.9023495477486,-0.2052486389875412,5.772276753801542e-08,0,1.0000001192092896
17.912399547494715,-0.20694206655025482,6.589979256732548e-08,0,1.0000001192092896
17.92244954724083,-0.20721535384655,6.32690011492798e-08,0,1.0000001192092896
17.932499546986946,-0.20193791389465332,5.928142005062753e-08,0,1.0000001192092896
17.942549546733062,-0.2086467146873474,7.077626679174998e-08,0,1.0000001192092896
17.952599546479178,-0.20040352642536163,5.8062582519724515e-08,0,1.0000001192092896
17.962649546225293,-0.20149439573287964,6.543975777928424e-08,0,1.0000001192092896
17.97269954597141,-0.20290783047676086,6.447527234332284e-08,0,1.0000001192092896
17.982749545717525,-0.1968172937631607,5.9189236845114124e-08,0,1.0000001192092896
17.99279954546364,-0.20355743169784546,7.113627048527249e-08,0,1.0000001192092896
18.002899545208493,-0.1955651193857193,5.851522044686419e-08,0,1.0000001192092896
18.01294954495461,-0.1959705799818039,6.482608200242268e-08,0,1.0000001192092896
18.022999544700724,-0.19851967692375183,6.576745398279016e-08,0,1.0000001192092896
18.03304954444684,-0.19177505373954773,5.902280747482891e-08,0,1.0000001192092896
18.043099544192955,-0.19840992987155914,7.14110298671855e-08,0,1.0000001192092896
18.05314954393907,-0.190704345703125,5.888418225241665e-08,0,1.0000001192092896
18.063199543685187,-0.19056770205497742,6.426398996284277e-08,0,1.0000001192092896
18.073249543431302,-0.19403298199176788,6.67707486523561e-08,0,1.0000001192092896
18.083299543177418,-0.18672610819339752,5.893824317482199e-08,0,1.0000001192092896
18.093349542923534,-0.19312800467014313,7.155570580508197e-08,0,1.0000001192092896
18.10339954266965,-0.18591298162937164,5.93365981349514e-08,0,1.0000001192092896
18.113449542415765,-0.1852320432662964,6.382772782531632e-08,0,1.0000001192092896
18.12349954216188,-0.18943651020526886,6.782876343924826e-08,0,1.0000001192092896
18.133549541907996,-0.18168388307094574,5.90210103013078e-08,0,1.0000001192092896
18.143599541654112,-0.18779683113098145,7.157499593013483e-08,0,1.0000001192092896
18.153649541400227,-0.18109700083732605,5.991035445518378e-08,0,1.0000001192092896
18.163699541146343,-0.17989636957645416,6.352447040613995e-08,0,1.0000001192092896
18.17374954089246,-0.1847705990076065,6.882195507929012e-08,0,1.0000001192092896
18.183799540638574,-0.17665284872055054,5.9090995985222605e-08,0,1.0000001192092896
18.19384954038469,-0.18227748572826385,7.13751419079145e-08,0,1.0000001192092896
18.203899540130806,-0.17633476853370667,6.041075972795795e-08,0,1.0000001192092896
18.21394953987692,-0.1746547818183899,6.308574496127761e-08,0,1.0000001192092896
18.223999539623037,-0.18008452653884888,6.966890259141323e-08,0,1.0000001192092896
18.234049539369153,-0.1716688722372055,5.912598882718001e-08,0,1.0000001192092896
18.24409953911527,-0.1767648607492447,7.097634285857524e-08,0,1.0000001192092896
18.254149538861384,-0.17148743569850922,6.087977344471085e-08,0,1.0000001192092896
18.264249538606236,-0.16937805712223053,6.260829354953756e-08,0,1.0000001192092896
18.274299538352352,-0.17528869211673737,7.047212119415391e-08,0,1.0000001192092896
18.284349538098468,-0.1667274385690689,5.911050815488039e-08,0,1.0000001192092896
18.294399537844583,-0.1710125356912613,7.03142127855827e-08,0,1.0000001192092896
18.3044495375907,-0.16689543426036835,6.160739279836847e-08,0,1.0000001192092896
18.314499537336815,-0.16416263580322266,6.22284793139194e-08,0,1.0000001192092896
18.32454953708293,-0.1704167127609253,7.110643324148569e-08,0,1.0000001192092896
18.334599536829046,-0.16171656548976898,5.9206500813147045e-08,0,1.0000001192092896
18.34464953657516,-0.16532519459724426,6.972789706738425e-08,0,1.0000001192092896
18.354699536321277,-0.16235049068927765,6.24622020772847e-08,0,1.0000001192092896
18.364749536067393,-0.1589748114347458,6.198511148802766e-08,0,1.0000001192092896
18.37479953581351,-0.16544167697429657,7.163846599267387e-08,0,1.0000001192092896
18.384849535559624,-0.15675945580005646,5.9314615719063823e-08,0,1.0000001192092896
18.39489953530574,-0.1596669703722,6.902629162697238e-08,0,1.0000001192092896
18.404949535051855,-0.15792426466941833,6.33371827207796e-08,0,1.0000001192092896
18.41499953479797,-0.15383625030517578,6.167356209063612e-08,0,1.0000001192092896
18.425049534544087,-0.16044872999191284,7.20361478800946e-08,0,1.0000001192092896
18.435099534290202,-0.15182697772979736,5.944381098466067e-08,0,1.0000001192092896
18.445149534036318,-0.15408265590667725,6.83749237784248e-08,0,1.0000001192092896
18.455199533782434,-0.15339496731758118,6.425680820765223e-08,0,1.0000001192092896
18.46524953352855,-0.14872010052204132,6.14149425759436e-08,0,1.0000001192092896
18.475299533274665,-0.1554132103919983,7.243809718726624e-08,0,1.0000001192092896
18.48534953302078,-0.14693258702754974,5.973494615618691e-08,0,1.0000001192092896
18.495399532766896,-0.14860138297080994,6.786846085127252e-08,0,1.0000001192092896
18.505449532513012,-0.14900681376457214,6.539915831105247e-08,0,1.0000001192092896
18.515499532259128,-0.14357931911945343,6.132164220851166e-08,0,1.0000001192092896
18.525549532005243,-0.1503821760416031,7.286650449689347e-08,0,1.0000001192092896
18.535649531750096,-0.1421041041612625,6.018840981170115e-08,0,1.0000001192092896
18.54569953149621,-0.1430506706237793,6.735840357707801e-08,0,1.0000001192092896
18.555749531242327,-0.14468587934970856,6.679654052099693e-08,0,1.0000001192092896
18.565799530988443,-0.13849005103111267,6.119177387020613e-08,0,1.0000001192092896
18.57584953073456,-0.1451786756515503,7.323570222483866e-08,0,1.0000001192092896
18.585899530480674,-0.13723789155483246,6.060006663144435e-08,0,1.0000001192092896
18.59594953022679,-0.13763436675071716,6.685710318699023e-08,0,1.0000001192092896
18.605999529972905,-0.14026635885238647,6.79357473054587e-08,0,1.0000001192092896
18.61604952971902,-0.13345004618167877,6.114107831134419e-08,0,1.0000001192092896
18.626099529465137,-0.1400737166404724,7.355262926500572e-08,0,1.0000001192092896
18.636149529211252,-0.1324196606874466,6.106795624738481e-08,0,1.0000001192092896
18.646199528957368,-0.13219790160655975,6.638584820750637e-08,0,1.0000001192092896
18.656249528703484,-0.13575053215026855,6.902808186159959e-08,0,1.0000001192092896
18.6662995284496,-0.1283988654613495,6.113030914800532e-08,0,1.0000001192092896
18.676349528195715,-0.1348097324371338,7.369371779475387e-08,0,1.0000001192092896
18.68639952794183,-0.12760142982006073,6.150376735680751e-08,0,1.0000001192092896
18.696449527687946,-0.12684430181980133,6.588050244227261e-08,0,1.0000001192092896
18.70649952743406,-0.1311742216348648,6.99304364415454e-08,0,1.0000001192092896
18.716549527180177,-0.12339024245738983,6.103588467976095e-08,0,1.0000001192092896
18.726599526926293,-0.1294337511062622,7.356362047294951e-08,0,1.0000001192092896
18.73664952667241,-0.12281007319688797,6.194137563975133e-08,0,1.0000001192092896
18.746699526418524,-0.12159600108861923,6.547295344772053e-08,0,1.0000001192092896
18.75674952616464,-0.12650831043720245,7.088236247954072e-08,0,1.0000001192092896
18.766799525910756,-0.11837264895439148,6.110092987121618e-08,0,1.0000001192092896
18.77684952565687,-0.12393679469823837,7.334628043809133e-08,0,1.0000001192092896
18.786899525402987,-0.11800529062747955,6.243931760518961e-08,0,1.0000001192092896
18.796949525149103,-0.11626929044723511,6.505081889818243e-08,0,1.0000001192092896
18.807049524893955,-0.12180425226688385,7.17633730218381e-08,0,1.0000001192092896
18.81709952464007,-0.11335505545139313,6.110205397202861e-08,0,1.0000001192092896
18.827149524386186,-0.11833233386278152,7.287143805045915e-08,0,1.0000001192092896
18.837199524132302,-0.11328113824129105,6.301957566900995e-08,0,1.0000001192092896
18.847249523878418,-0.11101426184177399,6.455961459872483e-08,0,1.0000001192092896
18.857299523624533,-0.11702416837215424,7.255876455225518e-08,0,1.0000001192092896
18.86734952337065,-0.1083979457616806,6.115790512906116e-08,0,1.0000001192092896
18.877399523116765,-0.11263825744390488,7.233693505304117e-08,0,1.0000001192092896
18.88744952286288,-0.10865330696105957,6.367632809922696e-08,0,1.0000001192092896
18.897499522608996,-0.10579731315374374,6.422719994736426e-08,0,1.0000001192092896
18.90754952235511,-0.11210513859987259,7.313072369896645e-08,0,1.0000001192092896
18.917599522101227,-0.10343187302350998,6.11949102502507e-08,0,1.0000001192092896
18.927649521847343,-0.10696882754564285,7.161715664949497e-08,0,1.0000001192092896
18.93769952159346,-0.10405683517456055,6.447033878975716e-08,0,1.0000001192092896
18.947749521339574,-0.10062067955732346,6.392551765710408e-08,0,1.0000001192092896
18.95779952108569,-0.10716594755649567,7.363831072693117e-08,0,1.0000001192092896
18.967849520831805,-0.09845683723688126,6.131872093417812e-08,0,1.0000001192092896
18.97789952057792,-0.10134419053792953,7.099338478200323e-08,0,1.0000001192092896
18.987949520324037,-0.09959027916193008,6.547789394018011e-08,0,1.0000001192092896
18.997999520070152,-0.0955134853720665,6.373352540167687e-08,0,1.0000001192092896
19.008049519816268,-0.10217747092247009,7.416473685184499e-08,0,1.0000001192092896
19.018099519562384,-0.09354677051305771,6.161614274358129e-08,0,1.0000001192092896
19.0281495193085,-0.09574196487665176,7.047413347338605e-08,0,1.0000001192092896
19.038199519054615,-0.09512820839881897,6.653971817982551e-08,0,1.0000001192092896
19.04824951880073,-0.09039285778999329,6.360566934260348e-08,0,1.0000001192092896
19.058299518546846,-0.09708596020936966,7.465393581096436e-08,0,1.0000001192092896
19.068349518292962,-0.08863894641399384,6.193554002997814e-08,0,1.0000001192092896
19.078449518037814,-0.09016885608434677,6.985103467860299e-08,0,1.0000001192092896
19.08849951778393,-0.09079606086015701,6.776483540971157e-08,0,1.0000001192092896
19.098549517530046,-0.08524534851312637,6.333471941344371e-08,0,1.0000001192092896
19.10859951727616,-0.0919787734746933,7.49681774991906e-08,0,1.0000001192092896
19.118649517022277,-0.08380503207445145,6.221905629599789e-08,0,1.0000001192092896
19.128699516768393,-0.08473014831542969,6.930688661865858e-08,0,1.0000001192092896
19.13874951651451,-0.08640118688344955,6.882621556014712e-08,0,1.0000001192092896
19.148799516260624,-0.08014711737632751,6.314810480079203e-08,0,1.0000001192092896
19.15884951600674,-0.08690070360898972,7.520167821795098e-08,0,1.0000001192092896
19.168899515752855,-0.07896440476179123,6.255639756203024e-08,0,1.0000001192092896
19.17894951549897,-0.07927127927541733,6.87331302984262e-08,0,1.0000001192092896
19.188999515245087,-0.08197495341300964,6.988445933053811e-08,0,1.0000001192092896
19.199049514991202,-0.07512504607439041,6.304761573927564e-08,0,1.0000001192092896
19.209099514737318,-0.08173975348472595,7.545401109476657e-08,0,1.0000001192092896
19.219149514483433,-0.07409016788005829,6.298795512948985e-08,0,1.0000001192092896
19.22919951422955,-0.07391096651554108,6.823742959571888e-08,0,1.0000001192092896
19.239249513975665,-0.077497199177742,7.098868021193638e-08,0,1.0000001192092896
19.24929951372178,-0.07010521739721298,6.303819272135414e-08,0,1.0000001192092896
19.259349513467896,-0.07650263607501984,7.562604015243224e-08,0,1.0000001192092896
19.26939951321401,-0.0693189725279808,6.347916636784134e-08,0,1.0000001192092896
19.279449512960127,-0.068543940782547,6.7814628912366e-08,0,1.0000001192092896
19.289499512706243,-0.07287608832120895,7.197357293486917e-08,0,1.0000001192092896
19.29954951245236,-0.06510106474161148,6.304739369467072e-08,0,1.0000001192092896
19.309599512198474,-0.0710863322019577,7.554955966382337e-08,0,1.0000001192092896
19.31964951194459,-0.06448955088853836,6.396903146077548e-08,0,1.0000001192092896
19.329699511690706,-0.06324634701013565,6.741672498034035e-08,0,1.0000001192092896
19.33974951143682,-0.06819897890090942,7.290732600973016e-08,0,1.0000001192092896
19.349849511181674,-0.060065556317567825,6.300746729914763e-08,0,1.0000001192092896
19.35989951092779,-0.06547962129116058,7.514133759656261e-08,0,1.0000001192092896
19.369949510673905,-0.05976315960288048,6.444813432926466e-08,0,1.0000001192092896
19.37999951042002,-0.05793531984090805,6.68124652825064e-08,0,1.0000001192092896
19.390049510166136,-0.06352858990430832,7.376885213794537e-08,0,1.0000001192092896
19.400099509912252,-0.05505692586302757,6.299086946492949e-08,0,1.0000001192092896
19.410149509658368,-0.05993563309311867,7.470328522440894e-08,0,1.0000001192092896
19.420199509404483,-0.055023327469825745,6.497186816334377e-08,0,1.0000001192092896
19.4302495091506,-0.05266685038805008,6.643205430201249e-08,0,1.0000001192092896
19.440299508896715,-0.05869019776582718,7.451173011929768e-08,0,1.0000001192092896
19.45034950864283,-0.05009085312485695,6.305097416392513e-08,0,1.0000001192092896
19.460399508388946,-0.054288607090711594,7.418134162495704e-08,0,1.0000001192092896
19.47044950813506,-0.05032157152891159,6.566607674285407e-08,0,1.0000001192092896
19.480499507881177,-0.047479018568992615,6.612947689443871e-08,0,1.0000001192092896
19.490549507627293,-0.05381372943520546,7.508301619330027e-08,0,1.0000001192092896
19.50059950737341,-0.04509790614247322,6.310234973438966e-08,0,1.0000001192092896
19.510649507119524,-0.048634856939315796,7.351001751754183e-08,0,1.0000001192092896
19.52069950686564,-0.0458303838968277,6.645964334417442e-08,0,1.0000001192092896
19.530749506611755,-0.04236063361167908,6.586838713351639e-08,0,1.0000001192092896
19.54079950635787,-0.04887901619076729,7.568929510926026e-08,0,1.0000001192092896
19.550849506103987,-0.04022367671132088,6.344529762669637e-08,0,1.0000001192092896
19.560899505850102,-0.043079666793346405,7.325879486375086e-08,0,1.0000001192092896
19.570949505596218,-0.04150047525763512,6.814277614397568e-08,0,1.0000001192092896
19.580999505342334,-0.037367675453424454,6.675728719818252e-08,0,1.0000001192092896
19.59104950508845,-0.04406750574707985,7.771291943292624e-08,0,1.0000001192092896
19.601099504834565,-0.03545696288347244,6.560596510496453e-08,0,1.0000001192092896
19.61114950458068,-0.03766335919499397,7.485850134214544e-08,0,1.0000001192092896
19.621249504325533,-0.037168316543102264,7.159158682545907e-08,0,1.0000001192092896
19.63129950407165,-0.03226497024297714,6.874052715932777e-08,0,1.0000001192092896
19.641349503817764,-0.03894239664077759,8.025533709821175e-08,0,1.0000001192092896
19.65139950356388,-0.030493132770061493,6.7761699029667e-08,0,1.0000001192092896
19.661449503309996,-0.03195584937930107,7.58072840612023e-08,0,1.0000001192092896
19.67149950305611,-0.0326659269630909,7.39839578489665e-08,0,1.0000001192092896
19.681549502802227,-0.026985300704836845,6.959982590259983e-08,0,1.0000001192092896
19.691599502548343,-0.033720966428518295,8.143851565334259e-08,0,1.0000001192092896
19.701649502294458,-0.02557186223566532,6.887421188928045e-08,0,1.0000001192092896
19.711699502040574,-0.026505939662456512,7.61280274930165e-08,0,1.0000001192092896
19.72174950178669,-0.028280016034841537,7.609146646103682e-08,0,1.0000001192092896
19.731799501532805,-0.022128988057374954,7.073319707728842e-08,0,1.0000001192092896
19.74184950127892,-0.02881089597940445,8.344396701387424e-08,0,1.0000001192092896
19.751899501025036,-0.02089475281536579,7.126119833111844e-08,0,1.0000001192092896
19.761949500771152,-0.02122850902378559,7.791972622683829e-08,0,1.0000001192092896
19.771999500517268,-0.02391202561557293,7.96407662040366e-08,0,1.0000001192092896
19.782049500263383,-0.01680675894021988,7.263682710867414e-08,0,1.0000001192092896
19.7920995000095,-0.02325570583343506,8.469622225781848e-08,0,1.0000001192092896
19.802149499755615,-0.015424680896103382,7.135764895638275e-08,0,1.0000001192092896
19.81219949950173,-0.015019241720438004,7.548092012532592e-08,0,1.0000001192092896
19.822249499247846,-0.01856963522732258,7.706649207683824e-08,0,1.0000001192092896
19.83229949899396,-0.011103729717433453,6.762061049991885e-08,0,1.0000001192092896
19.842349498740077,-0.017460837960243225,7.888083936036239e-08,0,1.0000001192092896
19.852399498486193,-0.010328691452741623,6.539466884669665e-08,0,1.0000001192092896
19.86244949823231,-0.009641013108193874,6.852655248801298e-08,0,1.0000001192092896
19.872499497978424,-0.014085164293646812,7.17683343309794e-08,0,1.0000001192092896
19.88254949772454,-0.00634149881079793,6.191400864219432e-08,0,1.0000001192092896
19.892649497469392,-0.012432047165930271,7.382067179761975e-08,0,1.0000001192092896
19.902699497215508,-0.0060570198111236095,6.203042246522017e-08,0,1.0000001192092896
19.912749496961624,-0.0048339818604290485,6.516409634116371e-08,0,1.0000001192092896
19.92279949670774,-0.010095732286572456,7.106314148241921e-08,0,1.0000001192092896
19.932849496453855,-0.001877187634818256,6.121576856532585e-08,0,1.0000001192092896
19.94289949619997,-0.007367417216300964,7.383771372104775e-08,0,1.0000001192092896
19.952949495946086,-0.0017136678798124194,6.370615840411986e-08,0,1.0000001192092896
19.962999495692202,0.0001455286401323974,6.660812179593023e-08,0,1.0000001192092896
19.973049495438318,-0.005526140332221985,7.420265096813594e-08,0,1.0000001192092896
19.983099495184433,0.003044083248823881,6.379250599986008e-08,0,1.0000001192092896
19.99314949493055,-0.0017898277146741748,7.572765331476106e-08,0,1.0000001192092896
20.003199494676664,0.003178483108058572,6.625620191380577e-08,0,1.0000001192092896
20.01324949442278,0.0055349585600197315,6.799676099955576e-08,0,1.0000001192092896
20.023299494168896,-0.0004503102391026914,7.627493775475003e-08,0,1.0000001192092896
20.03334949391501,0.008442473597824574,6.44467881838473e-08,0,1.0000001192092896
20.043399493661127,0.004345520865172148,7.49903819596831e-08,0,1.0000001192092896
20.053449493407243,0.008317033760249615,6.583721068320614e-08,0,1.0000001192092896
20.06349949315336,0.0112939877435565,6.543415115300988e-08,0,1.0000001192092896
20.073549492899474,0.004858479835093021,7.3820220769516e-08,0,1.0000001192092896
20.08359949264559,0.013511584140360355,6.130705665352565e-08,0,1.0000001192092896
20.093649492391705,0.009981350973248482,7.136505275617822e-08,0,1.0000001192092896
20.10369949213782,0.012564065866172314,6.436985666713468e-08,0,1.0000001192092896
20.113749491883937,0.016027100384235382,6.375886624221394e-08,0,1.0000001192092896
20.123799491630052,0.009403430856764317,7.384825390088778e-08,0,1.0000001192092896
20.133849491376168,0.018034135922789574,6.185703338434934e-08,0,1.0000001192092896
20.143899491122284,0.015222940593957901,7.187756639881471e-08,0,1.0000001192092896
20.1539494908684,0.01671701855957508,6.706210586848727e-08,0,1.0000001192092896
20.16404949061325,0.021002130582928658,6.556020309966826e-08,0,1.0000001192092896
20.174099490359367,0.014367261901497841,7.656540679246149e-08,0,1.0000001192092896
20.184149490105483,0.022982286289334297,6.421620873942047e-08,0,1.0000001192092896
20.1941994898516,0.021004369482398033,7.303584820261833e-08,0,1.0000001192092896
20.204249489597714,0.02132021076977253,6.973328164905368e-08,0,1.0000001192092896
20.21429948934383,0.026299720630049706,6.651796474743676e-08,0,1.0000001192092896
20.224349489089946,0.01955285109579563,7.780420752112605e-08,0,1.0000001192092896
20.23439948883606,0.027941636741161346,6.517687778373471e-08,0,1.0000001192092896
20.244449488582177,0.026534920558333397,7.303271182257376e-08,0,1.0000001192092896
20.254499488328293,0.025703880935907364,7.126568779547426e-08,0,1.0000001192092896
20.264549488074408,0.03138227388262749,6.674270858209042e-08,0,1.0000001192092896
20.274599487820524,0.024763083085417747,7.851007344239491e-08,0,1.0000001192092896
20.28464948756664,0.03282931074500084,6.586435563615822e-08,0,1.0000001192092896
20.294699487312755,0.03200275078415871,7.284003261665006e-08,0,1.0000001192092896
20.30474948705887,0.030154753476381302,7.268953494676822e-08,0,1.0000001192092896
20.314799486804986,0.03653426095843315,6.683512077110265e-08,0,1.0000001192092896
20.324849486551102,0.029814274981617928,7.899814830070184e-08,0,1.0000001192092896
20.334899486297218,0.03767218068242073,6.641770466941921e-08,0,1.0000001192092896
20.344949486043333,0.037448178976774216,7.245289090906937e-08,0,1.0000001192092896
20.35499948578945,0.03465266525745392,7.393730072635663e-08,0,1.0000001192092896
20.365049485535565,0.04154961183667183,6.691833198679831e-08,0,1.0000001192092896
20.37509948528168,0.03501330316066742,7.94045731944415e-08,0,1.0000001192092896
20.385149485027796,0.042499370872974396,6.698248206093993e-08,0,1.0000001192092896
20.39519948477391,0.04285329207777977,7.202717589027685e-08,0,1.0000001192092896
20.405249484520027,0.03918417915701866,7.499689064216497e-08,0,1.0000001192092896
20.415299484266143,0.04660976305603981,6.683197745216418e-08,0,1.0000001192092896
20.42534948401226,0.04029521718621254,7.938102258853164e-08,0,1.0000001192092896
20.43544948375711,0.04736240208148956,6.733664320579535e-08,0,1.0000001192092896
20.445499483503227,0.04825615882873535,7.133812984783106e-08,0,1.0000001192092896
20.455549483249342,0.043706730008125305,7.595621354106186e-08,0,1.0000001192092896
20.465599482995458,0.05161167308688164,6.670906188555037e-08,0,1.0000001192092896
20.475649482741574,0.04573392495512962,7.916457767098706e-08,0,1.0000001192092896
20.48569948248769,0.05210447311401367,6.788954121095259e-08,0,1.0000001192092896
20.495749482233805,0.05354927107691765,7.104295624005275e-08,0,1.0000001192092896
20.50579948197992,0.04832783713936806,7.701601856258122e-08,0,1.0000001192092896
20.515849481726036,0.056640464812517166,6.694412385543913e-08,0,1.0000001192092896
20.525899481472152,0.051246557384729385,7.909482097057108e-08,0,1.0000001192092896
20.535949481218267,0.056853264570236206,6.865664287092343e-08,0,1.0000001192092896
20.545999480964383,0.058811020106077194,7.09828446021632e-08,0,1.0000001192092896
20.5560494807105,0.05307663232088089,7.826895381812804e-08,0,1.0000001192092896
20.566099480456614,0.061608776450157166,6.756364218096778e-08,0,1.0000001192092896
20.57614948020273,0.0567636638879776,7.934446849544585e-08,0,1.0000001192092896
20.586199479948846,0.06156621128320694,6.995622831018622e-08,0,1.0000001192092896
20.59624947969496,0.06400333344936371,7.135114027390088e-08,0,1.0000001192092896
20.606299479441077,0.05794414505362511,7.958042558264822e-08,0,1.0000001192092896
20.616349479187193,0.0666375681757927,6.799182050709618e-08,0,1.0000001192092896
20.62639947893331,0.06259885430335999,7.88707502086261e-08,0,1.0000001192092896
20.636449478679424,0.06634636223316193,7.047704780882569e-08,0,1.0000001192092896
20.64649947842554,0.0692874863743782,7.057394252329985e-08,0,1.0000001192092896
20.656549478171655,0.06302446126937866,7.945077928894761e-08,0,1.0000001192092896
20.66659947791777,0.0717133954167366,6.719533957033619e-08,0,1.0000001192092896
20.676649477663887,0.06834892928600311,7.72221522837846e-08,0,1.0000001192092896
20.686699477410002,0.0709383562207222,7.029021115156908e-08,0,1.0000001192092896
20.696749477156118,0.07446186989545822,6.927414197832604e-08,0,1.0000001192092896
20.70684947690097,0.06797036528587341,7.90302198683257e-08,0,1.0000001192092896
20.716899476647086,0.0765741840004921,6.645223954437895e-08,0,1.0000001192092896
20.7269494763932,0.07396907359361649,7.563322884651669e-08,0,1.0000001192092896
20.736999476139317,0.07521674782037735,7.06860958654687e-08,0,1.0000001192092896
20.747049475885433,0.07959594577550888,6.83758188957384e-08,0,1.0000001192092896
20.75709947563155,0.07288490980863571,7.903403625997285e-08,0,1.0000001192092896
20.767149475377664,0.08142825961112976,6.637396188224898e-08,0,1.0000001192092896
20.77719947512378,0.07946603000164032,7.487217790203005e-08,0,1.0000001192092896
20.787249474869895,0.07960938662290573,7.164093623890366e-08,0,1.0000001192092896
20.79729947461601,0.08463145792484283,6.826210430244117e-08,0,1.0000001192092896
20.807349474362127,0.07788681983947754,7.96066684793928e-08,0,1.0000001192092896
20.817399474108242,0.08622857183218002,6.697351007112218e-08,0,1.0000001192092896
20.827449473854358,0.08492041379213333,7.475217667085587e-08,0,1.0000001192092896
20.837499473600474,0.08398185670375824,7.317087213909446e-08,0,1.0000001192092896
20.84754947334659,0.08970056474208832,6.855772893832324e-08,0,1.0000001192092896
20.857599473092705,0.08305674046278,8.040965809863465e-08,0,1.0000001192092896
20.86764947283882,0.091145358979702,6.782113759484787e-08,0,1.0000001192092896
20.877699472584936,0.09038152545690536,7.477528318755589e-08,0,1.0000001192092896
20.887749472331052,0.08843720704317093,7.482552771831408e-08,0,1.0000001192092896
20.897799472077168,0.09480103105306625,6.8913021122885e-08,0,1.0000001192092896
20.907849471823283,0.08817288279533386,8.110655203008577e-08,0,1.0000001192092896
20.9178994715694,0.09599271416664124,6.85803844269195e-08,0,1.0000001192092896
20.927949471315515,0.09586726874113083,7.449692251970674e-08,0,1.0000001192092896
20.93799947106163,0.092939592897892,7.604413626571827e-08,0,1.0000001192092896
20.948049470807746,0.09993285685777664,6.886725911758873e-08,0,1.0000001192092896
20.95809947055386,0.09337863326072693,8.130909834314082e-08,0,1.0000001192092896
20.968149470299977,0.10088037699460983,6.887959647094988e-08,0,1.0000001192092896
20.97824947004483,0.10132838040590286,7.371457610982901e-08,0,1.0000001192092896
20.988299469790945,0.09742406755685806,7.703576665463174e-08,0,1.0000001192092896
20.99834946953706,0.10495270043611526,6.860460810553803e-08,0,1.0000001192092896
21.008399469283177,0.09874118864536285,8.113010263599563e-08,0,1.0000001192092896
21.018449469029292,0.10567173361778259,6.923174533657317e-08,0,1.0000001192092896
21.028499468775408,0.1066259816288948,7.316302425008914e-08,0,1.0000001192092896
21.038549468521524,0.10203621536493301,7.789997813478777e-08,0,1.0000001192092896
21.04859946826764,0.10992997139692307,6.858733719861121e-08,0,1.0000001192092896
21.058649468013755,0.10416421294212341,8.100113635389761e-08,0,1.0000001192092896
21.06869946775987,0.1104048490524292,6.978240207899944e-08,0,1.0000001192092896
21.078749467505986,0.1118653267621994,7.286874575962443e-08,0,1.0000001192092896
21.0887994672521,0.10667301714420319,7.89185175542606e-08,0,1.0000001192092896
21.098849466998217,0.11495652049779892,6.874120023203645e-08,0,1.0000001192092896
21.108899466744333,0.10966341197490692,8.07947736491954e-08,0,1.0000001192092896
21.11894946649045,0.11522531509399414,7.03884520114606e-08,0,1.0000001192092896
21.128999466236564,0.11716291308403015,7.258209311356012e-08,0,1.0000001192092896
21.13904946598268,0.11143748462200165,7.984644195824231e-08,0,1.0000001192092896
21.149099465728796,0.11994946748018265,6.892266618541143e-08,0,1.0000001192092896
21.15914946547491,0.11525219678878784,8.047896377094688e-08,0,1.0000001192092896
21.169199465221027,0.11993154138326645,7.104497545817878e-08,0,1.0000001192092896
21.179249464967143,0.12240450829267502,7.227032167156366e-08,0,1.0000001192092896
21.189299464713258,0.11634308099746704,8.05388533642315e-08,0,1.0000001192092896
21.199349464459374,0.1249760165810585,6.895765902736883e-08,0,1.0000001192092896
21.20939946420549,0.12092386931180954,7.985295064072417e-08,0,1.0000001192092896
21.219449463951605,0.12457729876041412,7.168512311528374e-08,0,1.0000001192092896
21.22949946369772,0.12757441401481628,7.187734435420978e-08,0,1.0000001192092896
21.239549463443836,0.12125314027070999,8.101930237813804e-08,0,1.0000001192092896
21.24964946318869,0.12992866337299347,6.891481829640611e-08,0,1.0000001192092896
21.259699462934805,0.12674114108085632,7.889676412187185e-08,0,1.0000001192092896
21.26974946268092,0.12902593612670898,7.252826117465361e-08,0,1.0000001192092896
21.279799462427036,0.13279137015342712,7.138433594233717e-08,0,1.0000001192092896
21.28984946217315,0.12623490393161774,8.141293889041279e-08,0,1.0000001192092896
21.299899461919267,0.13482528924942017,6.898344395711575e-08,0,1.0000001192092896
21.309949461665383,0.13230304419994354,7.820143838044302e-08,0,1.0000001192092896
21.3199994614115,0.1335059255361557,7.346650371387042e-08,0,1.0000001192092896
21.330049461157614,0.13789406418800354,7.116901512560503e-08,0,1.0000001192092896
21.34009946090373,0.131250262260437,8.189181971429704e-08,0,1.0000001192092896
21.350149460649845,0.13972638547420502,6.9276383241057e-08,0,1.0000001192092896
21.36019946039596,0.1378963142633438,7.769811877222921e-08,0,1.0000001192092896
21.370249460142077,0.13794559240341187,7.455973338732491e-08,0,1.0000001192092896
21.380299459888192,0.14302365481853485,7.101828153333045e-08,0,1.0000001192092896
21.390349459634308,0.13629472255706787,8.231328119112646e-08,0,1.0000001192092896
21.400399459380424,0.14464318752288818,6.963592896758186e-08,0,1.0000001192092896
21.41044945912654,0.14336414635181427,7.724323958235857e-08,0,1.0000001192092896
21.420499458872655,0.1423427015542984,7.568929510926026e-08,0,1.0000001192092896
21.43054945861877,0.14807485044002533,7.085903391823578e-08,0,1.0000001192092896
21.440599458364886,0.14143773913383484,8.262931311397992e-08,0,1.0000001192092896
21.450649458111002,0.14950621128082275,6.996587337271265e-08,0,1.0000001192092896
21.460699457857118,0.1487714946269989,7.671994983748931e-08,0,1.0000001192092896
21.470749457603233,0.14675773680210114,7.679239882874e-08,0,1.0000001192092896
21.48079945734935,0.15319323539733887,7.069686502880757e-08,0,1.0000001192092896
21.490849457095464,0.1465359777212143,8.28542859321324e-08,0,1.0000001192092896
21.50089945684158,0.1543356329202652,7.026957488109886e-08,0,1.0000001192092896
21.510999456586433,0.15426434576511383,7.604817470197034e-08,0,1.0000001192092896
21.52104945633255,0.15112796425819397,7.793766326757989e-08,0,1.0000001192092896
21.531099456078664,0.15825116634368896,7.049207745302155e-08,0,1.0000001192092896
21.54114945582478,0.151737242937088,8.298662451666772e-08,0,1.0000001192092896
21.551199455570895,0.15914492309093475,7.066636165120599e-08,0,1.0000001192092896
21.56124945531701,0.1596556454896927,7.542888535994052e-08,0,1.0000001192092896
21.571299455063127,0.15568412840366364,7.886626074427028e-08,0,1.0000001192092896
21.581349454809242,0.16326874494552612,7.039675092856967e-08,0,1.0000001192092896
21.591399454555358,0.1570572406053543,8.29370530586182e-08,0,1.0000001192092896
21.601449454301473,0.1639116406440735,7.108467287020304e-08,0,1.0000001192092896
21.61149945404759,0.16494427621364594,7.497760051711211e-08,0,1.0000001192092896
21.621549453793705,0.16031643748283386,7.979597538287919e-08,0,1.0000001192092896
21.63159945353982,0.16826842725276947,7.040078936482175e-08,0,1.0000001192092896
21.641649453285936,0.1625049114227295,8.27520066359888e-08,0,1.0000001192092896
21.65169945303205,0.16870969533920288,7.158643122728847e-08,0,1.0000001192092896
21.661749452778167,0.17021721601486206,7.458104273050381e-08,0,1.0000001192092896
21.671799452524283,0.16501370072364807,8.070977219887254e-08,0,1.0000001192092896
21.6818494522704,0.17324793338775635,7.04490146774539e-08,0,1.0000001192092896
21.691899452016514,0.1680668294429779,8.241129306751915e-08,0,1.0000001192092896
21.70194945176263,0.17353913187980652,7.204915830616443e-08,0,1.0000001192092896
21.711999451508746,0.17549912631511688,7.414141522943396e-08,0,1.0000001192092896
21.72204945125486,0.16976921260356903,8.149930036394082e-08,0,1.0000001192092896
21.732099451000977,0.17825208604335785,7.04831124020977e-08,0,1.0000001192092896
21.742149450747092,0.17360185086727142,8.196583689557002e-08,0,1.0000001192092896
21.752199450493208,0.17822296917438507,7.263255968892324e-08,0,1.0000001192092896
21.762249450239324,0.18072952330112457,7.375226124262113e-08,0,1.0000001192092896
21.77229944998544,0.17461208999156952,8.213339036666767e-08,0,1.0000001192092896
21.782399449730292,0.1832507997751236,7.05035335668569e-08,0,1.0000001192092896
21.792449449476408,0.17938102781772614,8.120591699078972e-08,0,1.0000001192092896
21.802499449222523,0.18276344239711761,7.344228003525188e-08,0,1.0000001192092896
21.81254944896864,0.18592631816864014,7.334133994563174e-08,0,1.0000001192092896
21.822599448714755,0.1795288771390915,8.272957319199747e-08,0,1.0000001192092896
21.83264944846087,0.18819989264011383,7.055039885628389e-08,0,1.0000001192092896
21.842699448206986,0.18508405983448029,8.050744793042242e-08,0,1.0000001192092896
21.8527494479531,0.18725013732910156,7.430873971703278e-08,0,1.0000001192092896
21.862799447699217,0.1911051720380783,7.304796351137455e-08,0,1.0000001192092896
21.872849447445333,0.184550940990448,8.31467741879699e-08,0,1.0000001192092896
21.88289944719145,0.19312788546085358,7.065043688969652e-08,0,1.0000001192092896
21.892949446937564,0.19067509472370148,7.977825344784861e-08,0,1.0000001192092896
21.90299944668368,0.19174805283546448,7.51191331360701e-08,0,1.0000001192092896
21.913049446429795,0.19620564579963684,7.266508228465085e-08,0,1.0000001192092896
21.92309944617591,0.18953046202659607,8.342154050877681e-08,0,1.0000001192092896
21.933149445922027,0.19802899658679962,7.075764973940579e-08,0,1.0000001192092896
21.943199445668142,0.1962190866470337,7.90975132614058e-08,0,1.0000001192092896
21.953249445414258,0.19619444012641907,7.608989133212063e-08,0,1.0000001192092896
21.963299445160374,0.2013307511806488,7.245805344613387e-08,0,1.0000001192092896
21.97334944490649,0.1946309357881546,8.379005822511942e-08,0,1.0000001192092896
21.983399444652605,0.20293459296226501,7.111517624780461e-08,0,1.0000001192092896
21.99344944439872,0.20166227221488953,7.868323353976692e-08,0,1.0000001192092896
22.003499444144836,0.20056019723415375,7.72647709701424e-08,0,1.0000001192092896
22.013549443890952,0.20636625587940216,7.233446480681138e-08,0,1.0000001192092896
22.023599443637067,0.1997179538011551,8.41318889555076e-08,0,1.0000001192092896
22.033649443383183,0.20778417587280273,7.147293867859617e-08,0,1.0000001192092896
22.0436994431293,0.2071278691291809,7.81756395729083e-08,0,1.0000001192092896
22.05379944287415,0.20496723055839539,7.844496580089455e-08,0,1.0000001192092896
22.063849442620267,0.2114913910627365,7.213798308702835e-08,0,1.0000001192092896
22.073899442366383,0.20488786697387695,8.437279347406346e-08,0,1.0000001192092896
22.083949442112498,0.21258002519607544,7.183674488597802e-08,0,1.0000001192092896
22.093999441858614,0.21263155341148376,7.741213919887358e-08,0,1.0000001192092896
22.10404944160473,0.2094283550977707,7.947680707998117e-08,0,1.0000001192092896
22.114099441350845,0.21654929220676422,7.191009593343622e-08,0,1.0000001192092896
22.12414944109696,0.21005554497241974,8.438153648038238e-08,0,1.0000001192092896
22.134199440843076,0.2174161821603775,7.206620022959243e-08,0,1.0000001192092896
22.144249440589192,0.2179761826992035,7.672779772649463e-08,0,1.0000001192092896
22.154299440335308,0.21398897469043732,8.030581061246878e-08,0,1.0000001192092896
22.164349440081423,0.22158928215503693,7.174590782588197e-08,0,1.0000001192092896
22.17439943982754,0.21538002789020538,8.42700562109222e-08,0,1.0000001192092896
22.184449439573655,0.22222769260406494,7.245266886446444e-08,0,1.0000001192092896
22.19449943931977,0.22330288589000702,7.62482507687956e-08,0,1.0000001192092896
22.204549439065886,0.21859441697597504,8.121062849975047e-08,0,1.0000001192092896
22.214599438812,0.22657999396324158,7.16907297415581e-08,0,1.0000001192092896
22.224649438558117,0.22081199288368225,8.401615514408434e-08,0,1.0000001192092896
22.234699438304233,0.2270190268754959,7.289521070097393e-08,0,1.0000001192092896
22.24474943805035,0.2285623848438263,7.580167049603403e-08,0,1.0000001192092896
22.254799437796464,0.22328943014144897,8.203245721594143e-08,0,1.0000001192092896
22.26484943754258,0.231599822640419,7.169611432322753e-08,0,1.0000001192092896
22.274899437288695,0.2264052778482437,8.364045567255118e-08,0,1.0000001192092896
22.28494943703481,0.2318350225687027,7.332160573136903e-08,0,1.0000001192092896
22.294999436780927,0.2338644564151764,7.530260442978332e-08,0,1.0000001192092896
22.305049436527042,0.22804942727088928,8.273876722642015e-08,0,1.0000001192092896
22.315099436273158,0.23657484352588654,7.165529281039085e-08,0,1.0000001192092896
22.32519943601801,0.23206926882266998,8.29997320872522e-08,0,1.0000001192092896
22.335249435764126,0.23648974299430847,7.386238842777004e-08,0,1.0000001192092896
22.345299435510242,0.23910604417324066,7.473625884824031e-08,0,1.0000001192092896
22.355349435256358,0.23291470110416412,8.330153927760264e-08,0,1.0000001192092896
22.365399435002473,0.24152971804141998,7.154874609449635e-08,0,1.0000001192092896
22.37544943474859,0.23777325451374054,8.21874443501791e-08,0,1.0000001192092896
22.385499434494704,0.24107500910758972,7.450208505677125e-08,0,1.0000001192092896
22.39554943424082,0.2442602813243866,7.432825882558447e-08,0,1.0000001192092896
22.405599433986936,0.2378493994474411,8.374071575056874e-08,0,1.0000001192092896
22.41564943373305,0.2465406060218811,7.154336845172082e-08,0,1.0000001192092896
22.425699433479167,0.24344491958618164,8.141765733826745e-08,0,1.0000001192092896
22.435749433225283,0.24558858573436737,7.533872137255315e-08,0,1.0000001192092896
22.4457994329714,0.24943915009498596,7.400392104672804e-08,0,1.0000001192092896
22.455849432717514,0.2428535521030426,8.416844998748729e-08,0,1.0000001192092896
22.46589943246363,0.2514484226703644,7.168355492526146e-08,0,1.0000001192092896
22.475949432209745,0.2490381896495819,8.076831564673981e-08,0,1.0000001192092896
22.48599943195586,0.25003498792648315,7.625318432236128e-08,0,1.0000001192092896
22.496049431701977,0.2545642554759979,7.370223875646786e-08,0,1.0000001192092896
22.506099431448092,0.24789577722549438,8.450490307509995e-08,0,1.0000001192092896
22.516149431194208,0.25638315081596375,7.182418548801195e-08,0,1.0000001192092896
22.526199430940324,0.2545956075191498,8.009810176234922e-08,0,1.0000001192092896
22.53624943068644,0.25449705123901367,7.711583455138893e-08,0,1.0000001192092896
22.546299430432555,0.25970953702926636,7.333170182199922e-08,0,1.0000001192092896
22.55634943017867,0.2529716193675995,8.467043732807156e-08,0,1.0000001192092896
22.566399429924786,0.2612461745738983,7.19278178684668e-08,0,1.0000001192092896
22.5764494296709,0.26006120443344116,7.940749446877504e-08,0,1.0000001192092896
22.586499429417017,0.2588941752910614,7.806237600771482e-08,0,1.0000001192092896
22.59659942916187,0.26478537917137146,7.296765275333073e-08,0,1.0000001192092896
22.606649428907986,0.25811463594436646,8.480254692910805e-08,0,1.0000001192092896
22.6166994286541,0.2660957872867584,7.212676983447963e-08,0,1.0000001192092896
22.626749428400217,0.2655581533908844,7.857355044382786e-08,0,1.0000001192092896
22.636799428146333,0.263210654258728,7.91495480267912e-08,0,1.0000001192092896
22.646849427892448,0.2698141634464264,7.262874329727609e-08,0,1.0000001192092896
22.656899427638564,0.2632240951061249,8.487544000956859e-08,0,1.0000001192092896
22.66694942738468,0.27089831233024597,7.233738608114493e-08,0,1.0000001192092896
22.676999427130795,0.2709655165672302,7.786633837714163e-08,0,1.0000001192092896
22.68704942687691,0.2676839232444763,8.003552681712378e-08,0,1.0000001192092896
22.697099426623026,0.274869829416275,7.239906590905676e-08,0,1.0000001192092896
22.707149426369142,0.26844775676727295,8.48951742238313e-08,0,1.0000001192092896
22.717199426115258,0.2757546305656433,7.262044438016702e-08,0,1.0000001192092896
22.727249425861373,0.2763347923755646,7.72358357825631e-08,0,1.0000001192092896
22.73729942560749,0.2722580134868622,8.091029235490765e-08,0,1.0000001192092896
22.747349425353605,0.27988070249557495,7.224743719946858e-08,0,1.0000001192092896
22.75739942509972,0.27378344535827637,8.472829382544234e-08,0,1.0000001192092896
22.767449424845836,0.2805594205856323,7.291899029038262e-08,0,1.0000001192092896
22.77749942459195,0.28167495131492615,7.661588030671851e-08,0,1.0000001192092896
22.787549424338067,0.2769440710544586,8.162602538330788e-08,0,1.0000001192092896
22.797599424084183,0.2849430739879608,7.204579294262103e-08,0,1.0000001192092896
22.8076494238303,0.2792512774467468,8.431626924432223e-08,0,1.0000001192092896
22.817699423576414,0.2853664457798004,7.32258281788134e-08,0,1.0000001192092896
22.82774942332253,0.28693222999572754,7.605109597630388e-08,0,1.0000001192092896
22.837799423068645,0.28157639503479004,8.235521986588168e-08,0,1.0000001192092896
22.84784942281476,0.2898934781551361,7.195136847437666e-08,0,1.0000001192092896
22.857899422560877,0.2847750782966614,8.385532546117958e-08,0,1.0000001192092896
22.86799942230573,0.2901017963886261,7.360399095768244e-08,0,1.0000001192092896
22.878049422051845,0.2922589182853699,7.534903256889436e-08,0,1.0000001192092896
22.88809942179796,0.28633636236190796,8.300972409447382e-08,0,1.0000001192092896
22.898149421544076,0.29493120312690735,7.175331162567744e-08,0,1.0000001192092896
22.908199421290192,0.2904243469238281,8.30393323547618e-08,0,1.0000001192092896
22.918249421036307,0.2947900891304016,7.40283667699515e-08,0,1.0000001192092896
22.928299420782423,0.2974131405353546,7.483741404357147e-08,0,1.0000001192092896
22.93834942052854,0.2912217974662781,8.348052804585393e-08,0,1.0000001192092896
22.948399420274654,0.2999129891395569,7.165842919043541e-08,0,1.0000001192092896
22.95844942002077,0.2961497902870178,8.227291070639353e-08,0,1.0000001192092896
22.968499419766886,0.2993507385253906,7.464361767572925e-08,0,1.0000001192092896
22.978549419513,0.30261215567588806,7.436570803598386e-08,0,1.0000001192092896
22.988599419259117,0.2962080240249634,8.380643401473264e-08,0,1.0000001192092896
22.998649419005233,0.3048969805240631,7.15364087411352e-08,0,1.0000001192092896
23.00869941875135,0.30183714628219604,8.135552648225186e-08,0,1.0000001192092896
23.018749418497464,0.30385759472846985,7.534118467988904e-08,0,1.0000001192092896
23.02879941824358,0.3077484965324402,7.39072483768588e-08,0,1.0000001192092896
23.038849417989695,0.301245778799057,8.403454321292969e-08,0,1.0000001192092896
23.04889941773581,0.309829443693161,7.148213271301884e-08,0,1.0000001192092896
23.058949417481927,0.3074236810207367,8.048412630801138e-08,0,1.0000001192092896
23.068999417228042,0.30830174684524536,7.601430596082537e-08,0,1.0000001192092896
23.079049416974158,0.3129049837589264,7.336781182587515e-08,0,1.0000001192092896
23.089099416720273,0.30620959401130676,8.416149721579558e-08,0,1.0000001192092896
23.09914941646639,0.3147350549697876,7.145521674356559e-08,0,1.0000001192092896
23.109199416212505,0.3129766285419464,7.963942005861924e-08,0,1.0000001192092896
23.11924941595862,0.3128243088722229,7.677827124075165e-08,0,1.0000001192092896
23.129299415704736,0.31801214814186096,7.288018799567197e-08,0,1.0000001192092896
23.13939941544959,0.31134143471717834,8.42521122312867e-08,0,1.0000001192092896
23.149449415195704,0.319551020860672,7.15099507386796e-08,0,1.0000001192092896
23.15949941494182,0.31846463680267334,7.877452162796672e-08,0,1.0000001192092896
23.169549414687935,0.3170601725578308,7.784502903396273e-08,0,1.0000001192092896
23.17959941443405,0.3231126368045807,7.243652205835005e-08,0,1.0000001192092896
23.189649414180167,0.3164463937282562,8.434766773923741e-08,0,1.0000001192092896
23.199699413926282,0.3244207799434662,7.166785220835692e-08,0,1.0000001192092896
23.209749413672398,0.3239055871963501,7.805475016331442e-08,0,1.0000001192092896
23.219799413418514,0.321524441242218,7.8763308375418e-08,0,1.0000001192092896
23.22984941316463,0.3281996548175812,7.218889375160131e-08,0,1.0000001192092896
23.239899412910745,0.32154014706611633,8.448807625738297e-08,0,1.0000001192092896
23.24994941265686,0.32923007011413574,7.192848400228158e-08,0,1.0000001192092896
23.259999412402976,0.32932859659194946,7.738342605589921e-08,0,1.0000001192092896
23.270049412149092,0.3260223865509033,7.965893222827702e-08,0,1.0000001192092896
23.280099411895208,0.3332284390926361,7.194710105462576e-08,0,1.0000001192092896
23.290149411641323,0.32676827907562256,8.445062010808968e-08,0,1.0000001192092896
23.30019941138744,0.33410874009132385,7.210971403326383e-08,0,1.0000001192092896
23.310249411133555,0.33470234274864197,7.663606554908498e-08,0,1.0000001192092896
23.32029941087967,0.3305964469909668,8.034618109720171e-08,0,1.0000001192092896
23.330349410625786,0.33829307556152344,7.160953774398848e-08,0,1.0000001192092896
23.3403994103719,0.3321263790130615,8.408344159827053e-08,0,1.0000001192092896
23.350449410118017,0.3388978838920593,7.225304382574294e-08,0,1.0000001192092896
23.360499409864133,0.34002235531806946,7.5919881492581e-08,0,1.0000001192092896
23.37054940961025,0.3352511525154114,8.097444242904928e-08,0,1.0000001192092896
23.380599409356364,0.34325912594795227,7.132938684151213e-08,0,1.0000001192092896
23.39064940910248,0.33757179975509644,8.35877478344571e-08,0,1.0000001192092896
23.400699408848595,0.34366682171821594,7.248317918095992e-08,0,1.0000001192092896
23.410799408593448,0.3453557789325714,7.509647764747385e-08,0,1.0000001192092896
23.420849408339564,0.3398857116699219,8.161795544969763e-08,0,1.0000001192092896
23.43089940808568,0.34829241037368774,7.09785841213062e-08,0,1.0000001192092896
23.440949407831795,0.34321659803390503,8.275469892682352e-08,0,1.0000001192092896
23.45099940757791,0.3484245836734772,7.266912072090292e-08,0,1.0000001192092896
23.461049407324026,0.3505704700946808,7.435135840339058e-08,0,1.0000001192092896
23.47109940707014,0.34465688467025757,8.207193258336076e-08,0,1.0000001192092896
23.481149406816257,0.3532629609107971,7.077379654552018e-08,0,1.0000001192092896
23.491199406562373,0.34884122014045715,8.203806384221579e-08,0,1.0000001192092896
23.50124940630849,0.3530949652194977,7.30961818851128e-08,0,1.0000001192092896
23.511299406054604,0.3558075726032257,7.382156691493336e-08,0,1.0000001192092896
23.52134940580072,0.3495311141014099,8.248531024879213e-08,0,1.0000001192092896
23.531399405546836,0.3582402169704437,7.06161171204478e-08,0,1.0000001192092896
23.54144940529295,0.3545083999633789,8.117137517693607e-08,0,1.0000001192092896
23.551499405039067,0.35767126083374023,7.363831072693117e-08,0,1.0000001192092896
23.561549404785183,0.36096182465553284,7.32608210207708e-08,0,1.0000001192092896
23.571599404531298,0.354546457529068,8.274953638975902e-08,0,1.0000001192092896
23.581649404277414,0.36322420835494995,7.042658817235647e-08,0,1.0000001192092896
23.59169940402353,0.3601644039154053,8.0201956187409e-08,0,1.0000001192092896
23.601749403769645,0.3621893525123596,7.424100917363674e-08,0,1.0000001192092896
23.61179940351576,0.3661317527294159,7.269379542762522e-08,0,1.0000001192092896
23.621849403261876,0.3594767153263092,8.287694142072866e-08,0,1.0000001192092896
23.631899403007992,0.36814773082733154,7.027002590920262e-08,0,1.0000001192092896
23.641949402754108,0.3658002018928528,7.924106509848983e-08,0,1.0000001192092896
23.651999402500223,0.3666536808013916,7.484593500528547e-08,0,1.0000001192092896
23.66204940224634,0.3712613582611084,7.211600067114077e-08,0,1.0000001192092896
23.672099401992455,0.36458614468574524,8.29565721671699e-08,0,1.0000001192092896
23.682199401737307,0.3730040490627289,7.0241763794332e-08,0,1.0000001192092896
23.692249401483423,0.37137556076049805,7.828263731690654e-08,0,1.0000001192092896
23.70229940122954,0.37096789479255676,7.575658156344645e-08,0,1.0000001192092896
23.712349400975654,0.37637075781822205,7.16012318879855e-08,0,1.0000001192092896
23.72239940072177,0.36963731050491333,8.307476928592905e-08,0,1.0000001192092896
23.732449400467885,0.37789618968963623,7.033372495524048e-08,0,1.0000001192092896
23.742499400214,0.3768165409564972,7.75897748828136e-08,0,1.0000001192092896
23.752549399960117,0.375362753868103,7.67138921831112e-08,0,1.0000001192092896
23.762599399706232,0.3814488351345062,7.126389062195315e-08,0,1.0000001192092896
23.772649399452348,0.37474900484085083,8.319836486414545e-08,0,1.0000001192092896
23.782699399198464,0.382712185382843,7.050979938805213e-08,0,1.0000001192092896
23.79274939894458,0.3822619616985321,7.687381980980845e-08,0,1.0000001192092896
23.802799398690695,0.37980917096138,7.759336922985582e-08,0,1.0000001192092896
23.81284939843681,0.386508971452713,7.098105436753599e-08,0,1.0000001192092896
23.822899398182926,0.37992116808891296,8.324479300325649e-08,0,1.0000001192092896
23.832949397929042,0.3875886797904968,7.06374264636267e-08,0,1.0000001192092896
23.842999397675158,0.3877185583114624,7.603426915858691e-08,0,1.0000001192092896
23.853049397421273,0.38432052731513977,7.83061879228164e-08,0,1.0000001192092896
23.86309939716739,0.39158034324645996,7.052639722227028e-08,0,1.0000001192092896
23.873149396913504,0.3851134777069092,8.302520476677344e-08,0,1.0000001192092896
23.88319939665962,0.3924136161804199,7.071772334388271e-08,0,1.0000001192092896
23.893249396405736,0.3931102454662323,7.525954165421567e-08,0,1.0000001192092896
23.90329939615185,0.38891246914863586,7.900397697158112e-08,0,1.0000001192092896
23.913349395897967,0.39660242199897766,7.026374621021958e-08,0,1.0000001192092896
23.923399395644083,0.39048048853874207,8.274325669077598e-08,0,1.0000001192092896
23.9334493953902,0.397220641374588,7.0928339590548e-08,0,1.0000001192092896
23.943499395136314,0.39839664101600647,7.455187855942569e-08,0,1.0000001192092896
23.953599394881167,0.39348655939102173,7.974528676291115e-08,0,1.0000001192092896
23.963649394627282,0.401642382144928,6.991630885355704e-08,0,1.0000001192092896
23.973699394373398,0.39602673053741455,8.21046841625872e-08,0,1.0000001192092896
23.983749394119513,0.40197837352752686,7.111944366755552e-08,0,1.0000001192092896
23.99379939386563,0.403676301240921,7.369393983935879e-08,0,1.0000001192092896
24.003849393611745,0.3982129395008087,8.023740005747015e-08,0,1.0000001192092896
24.01389939335786,0.4066084325313568,6.9612378361672e-08,0,1.0000001192092896
24.023949393103976,0.4015662372112274,8.140150359325915e-08,0,1.0000001192092896
24.03399939285009,0.40677422285079956,7.13069533975208e-08,0,1.0000001192092896
24.044049392596207,0.4089425206184387,7.29930074716556e-08,0,1.0000001192092896
24.054099392342323,0.4029863774776459,8.071851520519147e-08,0,1.0000001192092896
24.06414939208844,0.4115969240665436,6.94060225958637e-08,0,1.0000001192092896
24.074199391834554,0.407211035490036,8.065638434917588e-08,0,1.0000001192092896
24.08424939158067,0.41143786907196045,7.17086737211936e-08,0,1.0000001192092896
24.094299391326786,0.41412588953971863,7.243786820376741e-08,0,1.0000001192092896
24.1043493910729,0.4078964591026306,8.11204575734692e-08,0,1.0000001192092896
24.114399390819017,0.41661229729652405,6.927099865938757e-08,0,1.0000001192092896
24.124449390565132,0.41286027431488037,7.984397171201252e-08,0,1.0000001192092896
24.134499390311248,0.4159940183162689,7.235151366913328e-08,0,1.0000001192092896
24.144549390057364,0.4192846119403839,7.200520041328318e-08,0,1.0000001192092896
24.15459938980348,0.41283342242240906,8.152487018797672e-08,0,1.0000001192092896
24.164649389549595,0.4215424954891205,6.923017714655089e-08,0,1.0000001192092896
24.17469938929571,0.41852301359176636,7.901474613491999e-08,0,1.0000001192092896
24.184749389041826,0.4204941987991333,7.306141802665422e-08,0,1.0000001192092896
24.194799388787942,0.4244253933429718,7.154560971445179e-08,0,1.0000001192092896
24.204849388534058,0.4178599715232849,8.174715071529448e-08,0,1.0000001192092896
24.214899388280173,0.4264548122882843,6.91595183899274e-08,0,1.0000001192092896
24.224999388025026,0.42421483993530273,7.799778184436335e-08,0,1.0000001192092896
24.23504938777114,0.42487117648124695,7.390073969437694e-08,0,1.0000001192092896
24.245099387517257,0.4296019971370697,7.095548454350009e-08,0,1.0000001192092896
24.255149387263373,0.42287084460258484,8.189137562508719e-08,0,1.0000001192092896
24.26519938700949,0.4313313066959381,6.911062694348047e-08,0,1.0000001192092896
24.275249386755604,0.42973193526268005,7.71445476943633e-08,0,1.0000001192092896
24.28529938650172,0.4293197691440582,7.461446044354503e-08,0,1.0000001192092896
24.295349386247835,0.43468454480171204,7.044834160474522e-08,0,1.0000001192092896
24.30539938599395,0.4279690682888031,8.193735273609448e-08,0,1.0000001192092896
24.315449385740067,0.4362189769744873,6.915570893717415e-08,0,1.0000001192092896
24.325499385486182,0.4351370632648468,7.641647731260193e-08,0,1.0000001192092896
24.335549385232298,0.43370121717453003,7.553991460129694e-08,0,1.0000001192092896
24.345599384978414,0.43977609276771545,7.012759123403711e-08,0,1.0000001192092896
24.35564938472453,0.43309640884399414,8.204658480392979e-08,0,1.0000001192092896
24.365699384470645,0.441068559885025,6.934434970684578e-08,0,1.0000001192092896
24.37574938421676,0.44058695435523987,7.57135187878788e-08,0,1.0000001192092896
24.385799383962876,0.43813639879226685,7.643127797329896e-08,0,1.0000001192092896
24.395849383708992,0.44484519958496094,6.983600503440712e-08,0,1.0000001192092896
24.405899383455107,0.438201367855072,8.213428548398127e-08,0,1.0000001192092896
24.415949383201223,0.4458688497543335,6.958478931951007e-08,0,1.0000001192092896
24.42599938294734,0.44598984718322754,7.504017546233754e-08,0,1.0000001192092896
24.436049382693454,0.44260966777801514,7.736323387463884e-08,0,1.0000001192092896
24.44609938243957,0.44986724853515625,6.964333970627123e-08,0,1.0000001192092896
24.456149382185686,0.44342055916786194,8.215694097257753e-08,0,1.0000001192092896
24.4661993819318,0.4507475793361664,6.983937039795052e-08,0,1.0000001192092896
24.476249381677917,0.4513702988624573,7.433745286000715e-08,0,1.0000001192092896
24.486299381424033,0.44721734523773193,7.807986895924657e-08,0,1.0000001192092896
24.496399381168885,0.4549050033092499,6.926718920663433e-08,0,1.0000001192092896
24.506449380915,0.44888389110565186,8.171081172791972e-08,0,1.0000001192092896
24.516499380661116,0.45545604825019836,7.001028229369766e-08,0,1.0000001192092896
24.526549380407232,0.45672833919525146,7.347412261937691e-08,0,1.0000001192092896
24.536599380153348,0.45179814100265503,7.881040958723773e-08,0,1.0000001192092896
24.546649379899463,0.45992931723594666,6.897851734244398e-08,0,1.0000001192092896
24.55669937964558,0.45433157682418823,8.117002903151871e-08,0,1.0000001192092896
24.566749379391695,0.4602944552898407,7.023907150349729e-08,0,1.0000001192092896
24.57679937913781,0.46194082498550415,7.281020231175717e-08,0,1.0000001192092896
24.586849378883926,0.4564909040927887,7.942767971114151e-08,0,1.0000001192092896
24.59689937863004,0.4649110734462738,6.879839753448636e-08,0,1.0000001192092896
24.606949378376157,0.4598710834980011,8.059403144855537e-08,0,1.0000001192092896
24.616999378122273,0.46505892276763916,7.055151601820242e-08,0,1.0000001192092896
24.62704937786839,0.46727874875068665,7.221716280536583e-08,0,1.0000001192092896
24.637099377614504,0.46128004789352417,8.000727164114707e-08,0,1.0000001192092896
24.64714937736062,0.4699085056781769,6.868692420392009e-08,0,1.0000001192092896
24.657199377106735,0.4654509127140045,7.996824036293759e-08,0,1.0000001192092896
24.66724937685285,0.46972033381462097,7.10604491915845e-08,0,1.0000001192092896
24.677299376598967,0.47245094180107117,7.174500576967446e-08,0,1.0000001192092896
24.687349376345082,0.4661945700645447,8.043747612429542e-08,0,1.0000001192092896
24.697399376091198,0.47490814328193665,6.852812761692917e-08,0,1.0000001192092896
24.707449375837314,0.4711763262748718,7.907351162739218e-08,0,1.0000001192092896
24.71749937558343,0.47430336475372314,7.159674936252358e-08,0,1.0000001192092896
24.727549375329545,0.47761180996894836,7.123674566900107e-08,0,1.0000001192092896
24.73759937507566,0.47115617990493774,8.076898871944849e-08,0,1.0000001192092896
24.747649374821776,0.479867547750473,6.84516401894264e-08,0,1.0000001192092896
24.757699374567892,0.47687268257141113,7.822947845070871e-08,0,1.0000001192092896
24.767799374312744,0.4786982238292694,7.247644845387313e-08,0,1.0000001192092896
24.77784937405886,0.48276832699775696,7.0755179493176e-08,0,1.0000001192092896
24.787899373804976,0.4761625826358795,8.108098220604987e-08,0,1.0000001192092896
24.79794937355109,0.484759658575058,6.844804584238418e-08,0,1.0000001192092896
24.807999373297207,0.4825465977191925,7.726185663470275e-08,0,1.0000001192092896
24.818049373043323,0.4831715226173401,7.32291935423568e-08,0,1.0000001192092896
24.82809937278944,0.48793819546699524,7.027204512732865e-08,0,1.0000001192092896
24.838149372535554,0.4811958372592926,8.123978573193469e-08,0,1.0000001192092896
24.84819937228167,0.4896898865699768,6.84866260924899e-08,0,1.0000001192092896
24.858249372027785,0.48802560567855835,7.650597516617452e-08,0,1.0000001192092896
24.8682993717739,0.4876067340373993,7.407412877524777e-08,0,1.0000001192092896
24.878349371520017,0.4930163025856018,6.989992612504992e-08,0,1.0000001192092896
24.888399371266132,0.48627617955207825,8.142124474641577e-08,0,1.0000001192092896
24.898449371012248,0.49451935291290283,6.866606588884494e-08,0,1.0000001192092896
24.908499370758364,0.4934866726398468,7.590238160215534e-08,0,1.0000001192092896
24.91854937050448,0.49195677042007446,7.509849686559988e-08,0,1.0000001192092896
24.928599370250595,0.49808093905448914,6.961619475331915e-08,0,1.0000001192092896
24.93864936999671,0.49139004945755005,8.158745207209606e-08,0,1.0000001192092896
24.948699369742826,0.49938011169433594,6.890494425038085e-08,0,1.0000001192092896
24.95874936948894,0.49893882870674133,7.523912742835037e-08,0,1.0000001192092896
24.968799369235057,0.49640318751335144,7.607441759871492e-08,0,1.0000001192092896
24.978849368981173,0.5031567811965942,6.942330044168443e-08,0,1.0000001192092896
24.98889936872729,0.49652862548828125,8.17857309654002e-08,0,1.0000001192092896
24.998949368473404,0.5042005777359009,6.922748485571617e-08,0,1.0000001192092896
25.00899936821952,0.5043327808380127,7.461109508000163e-08,0,1.0000001192092896
25.019049367965636,0.5009302496910095,7.700996784709702e-08,0,1.0000001192092896
25.02909936771175,0.5082035064697266,6.92140303404365e-08,0,1.0000001192092896
25.039199367456604,0.5017926096916199,8.173077492568126e-08,0,1.0000001192092896
25.04924936720272,0.5089852213859558,6.951032804902724e-08,0,1.0000001192092896
25.059299366948835,0.5097468495368958,7.3815960288659e-08,0,1.0000001192092896
25.06934936669495,0.5054304003715515,7.786992578528995e-08,0,1.0000001192092896
25.079399366441066,0.5132120847702026,6.890202991494121e-08,0,1.0000001192092896
25.089449366187182,0.5071954727172852,8.136808588021793e-08,0,1.0000001192092896
25.099499365933298,0.5138258934020996,6.973193550363632e-08,0,1.0000001192092896
25.109549365679413,0.515053391456604,7.314508027045363e-08,0,1.0000001192092896
25.11959936542553,0.510076105594635,7.855336520146139e-08,0,1.0000001192092896
25.129649365171645,0.5182610750198364,6.870352897703214e-08,0,1.0000001192092896
25.13969936491776,0.5126677751541138,8.091343567384612e-08,0,1.0000001192092896
25.149749364663876,0.518588125705719,7.00661334507302e-08,0,1.0000001192092896
25.15979936440999,0.5203263163566589,7.261461570928773e-08,0,1.0000001192092896
25.169849364156107,0.5148069858551025,7.930656131804881e-08,0,1.0000001192092896
25.179899363902223,0.5232092142105103,6.864363244485361e-08,0,1.0000001192092896
25.18994936364834,0.518207311630249,8.043590099537923e-08,0,1.0000001192092896
25.199999363394454,0.5233480930328369,7.046830480250676e-08,0,1.0000001192092896
25.21004936314057,0.5255880951881409,7.211218427949362e-08,0,1.0000001192092896
25.220099362886685,0.5195938348770142,7.992629474928847e-08,0,1.0000001192092896
25.2301493626328,0.5282267928123474,6.857298756601793e-08,0,1.0000001192092896
25.240199362378917,0.5238162875175476,7.980158200915355e-08,0,1.0000001192092896
25.250249362125032,0.5279983282089233,7.097409465695037e-08,0,1.0000001192092896
25.260299361871148,0.5307736992835999,7.16344275564218e-08,0,1.0000001192092896
25.270349361617264,0.5244905352592468,8.038947285626818e-08,0,1.0000001192092896
25.28039936136338,0.5331996083259583,6.845432554136721e-08,0,1.0000001192092896
25.290449361109495,0.5295394659042358,7.89918686017188e-08,0,1.0000001192092896
25.30049936085561,0.532601535320282,7.158037357291036e-08,0,1.0000001192092896
25.310599360600463,0.5359413623809814,7.109141053618373e-08,0,1.0000001192092896
25.32064936034658,0.5294654965400696,8.07674135905323e-08,0,1.0000001192092896
25.330699360092694,0.5381768941879272,6.836527871589837e-08,0,1.0000001192092896
25.34074935983881,0.5352984666824341,7.796883971789015e-08,0,1.0000001192092896
25.350799359584926,0.5369538068771362,7.243315669480666e-08,0,1.0000001192092896
25.36084935933104,0.5410910844802856,7.066725676851959e-08,0,1.0000001192092896
25.370899359077157,0.5344338417053223,8.108703986042798e-08,0,1.0000001192092896
25.380949358823273,0.5430892109870911,6.849671524422618e-08,0,1.0000001192092896
25.39099935856939,0.5408334732055664,7.733699097789426e-08,0,1.0000001192092896
25.401049358315504,0.5414920449256897,7.337723484379666e-08,0,1.0000001192092896
25.41109935806162,0.5462027788162231,7.04490146774539e-08,0,1.0000001192092896
25.421149357807735,0.5395253896713257,8.149324270956271e-08,0,1.0000001192092896
25.43119935755385,0.5479947924613953,6.87663259668625e-08,0,1.0000001192092896
25.441249357299967,0.5463618040084839,7.679127472792757e-08,0,1.0000001192092896
25.451299357046082,0.5459160804748535,7.440451726958841e-08,0,1.0000001192092896
25.461349356792198,0.5513256192207336,7.01948846271172e-08,0,1.0000001192092896
25.471399356538313,0.544583261013031,8.174176613362505e-08,0,1.0000001192092896
25.48144935628443,0.5528354048728943,6.898277088440707e-08,0,1.0000001192092896
25.491499356030545,0.5518565773963928,7.618813219201215e-08,0,1.0000001192092896
25.50154935577666,0.5502907633781433,7.540152530127742e-08,0,1.0000001192092896
25.511599355522776,0.5564351081848145,6.990172329857103e-08,0,1.0000001192092896
25.52164935526889,0.5497733354568481,8.185503663771243e-08,0,1.0000001192092896
25.531699355015007,0.5576648116111755,6.916445888238698e-08,0,1.0000001192092896
25.541749354761123,0.5572839975357056,7.546140795566814e-08,0,1.0000001192092896
25.55179935450724,0.554757297039032,7.63173343965029e-08,0,1.0000001192092896
25.561849354253354,0.5614638924598694,6.96209062622799e-08,0,1.0000001192092896
25.571949353998207,0.5548695921897888,8.19684667363596e-08,0,1.0000001192092896
25.581999353744322,0.5625121593475342,6.947107472621283e-08,0,1.0000001192092896
25.592049353490438,0.5627675652503967,7.469386914538134e-08,0,1.0000001192092896
25.602099353236554,0.5591477155685425,7.739329316303056e-08,0,1.0000001192092896
25.61214935298267,0.566535234451294,6.939391422600139e-08,0,1.0000001192092896
25.622199352728785,0.5601288080215454,8.19656148509651e-08,0,1.0000001192092896
25.6322493524749,0.5673214197158813,6.975996863500811e-08,0,1.0000001192092896
25.642299352221016,0.5680807828903198,7.407278262983041e-08,0,1.0000001192092896
25.652349351967132,0.5637621283531189,7.817407832177992e-08,0,1.0000001192092896
25.662399351713248,0.5715774297714233,6.920684858524595e-08,0,1.0000001192092896
25.672449351459363,0.5655160546302795,8.169892540266233e-08,0,1.0000001192092896
25.68249935120548,0.5721217393875122,7.007421726212826e-08,0,1.0000001192092896
25.692549350951595,0.5733515024185181,7.352705944096982e-08,0,1.0000001192092896
25.70259935069771,0.5684010982513428,7.895934600599119e-08,0,1.0000001192092896
25.712649350443826,0.5765413045883179,6.910973182616686e-08,0,1.0000001192092896
25.72269935018994,0.5709860920906067,8.135866286229643e-08,0,1.0000001192092896
25.732749349936057,0.5769243240356445,7.047704780882569e-08,0,1.0000001192092896
25.742799349682173,0.5786110162734985,7.308272736983312e-08,0,1.0000001192092896
25.75284934942829,0.5731185674667358,7.97627797144429e-08,0,1.0000001192092896
25.762899349174404,0.581534206867218,6.908819349948914e-08,0,1.0000001192092896
25.77294934892052,0.5765345692634583,8.090805109217669e-08,0,1.0000001192092896
25.782999348666635,0.5816618800163269,7.091398995795473e-08,0,1.0000001192092896
25.79304934841275,0.5838795304298401,7.258769973983448e-08,0,1.0000001192092896
25.803099348158867,0.5779099464416504,8.043949534242145e-08,0,1.0000001192092896
25.813149347904982,0.5865361094474792,6.908325994592346e-08,0,1.0000001192092896
25.823199347651098,0.5821367502212524,8.034079651553228e-08,0,1.0000001192092896
25.833249347397214,0.5863255858421326,7.149940361994567e-08,0,1.0000001192092896
25.843349347142066,0.5890805721282959,7.215143760230802e-08,0,1.0000001192092896
25.85339934688818,0.5828244686126709,8.099305254249956e-08,0,1.0000001192092896
25.863449346634297,0.591499924659729,6.897402787808815e-08,0,1.0000001192092896
25.873499346380413,0.5879899263381958,7.935859608343421e-08,0,1.0000001192092896
25.88354934612653,0.5908414125442505,7.223151243795911e-08,0,1.0000001192092896
25.893599345872644,0.5942798256874084,7.162343634847801e-08,0,1.0000001192092896
25.90364934561876,0.5877681374549866,8.133959478184849e-08,0,1.0000001192092896
25.913699345364876,0.5964996218681335,6.897290377727572e-08,0,1.0000001192092896
25.92374934511099,0.5936122536659241,7.859687900513279e-08,0,1.0000001192092896
25.933799344857107,0.5953146815299988,7.308272043093922e-08,0,1.0000001192092896
25.943849344603223,0.5993981957435608,7.13060582802072e-08,0,1.0000001192092896
25.953899344349338,0.5927812457084656,8.175993215786548e-08,0,1.0000001192092896
25.963949344095454,0.6013827919960022,6.91501023108998e-08,0,1.0000001192092896
25.97399934384157,0.5992413759231567,7.795403905719311e-08,0,1.0000001192092896
25.984049343587685,0.599767804145813,7.401109586302468e-08,0,1.0000001192092896
25.9940993433338,0.6045457124710083,7.104228316734407e-08,0,1.0000001192092896
26.004149343079916,0.5978167653083801,8.210243596096234e-08,0,1.0000001192092896
26.014199342826032,0.6062951683998108,6.93932411532927e-08,0,1.0000001192092896
26.024249342572148,0.6046801209449768,7.742985419501025e-08,0,1.0000001192092896
26.034299342318263,0.6041895151138306,7.507516830429495e-08,0,1.0000001192092896
26.04434934206438,0.6096551418304443,7.086822795265846e-08,0,1.0000001192092896
26.054399341810495,0.6029127240180969,8.245795019012903e-08,0,1.0000001192092896
26.06444934155661,0.6111335158348083,6.974045646535032e-08,0,1.0000001192092896
26.074499341302726,0.6101456880569458,7.696263765177846e-08,0,1.0000001192092896
26.08454934104884,0.6085844039916992,7.623142395107863e-08,0,1.0000001192092896
26.094599340794957,0.6147286891937256,7.071189467300343e-08,0,1.0000001192092896
26.104649340541073,0.6080244183540344,8.27212742748884e-08,0,1.0000001192092896
26.114749340285925,0.615973711013794,7.007603525233108e-08,0,1.0000001192092896
26.12479934003204,0.6156314611434937,7.622873859913781e-08,0,1.0000001192092896
26.134849339778157,0.6129322648048401,7.738364810050413e-08,0,1.0000001192092896
26.144899339524272,0.6198000907897949,7.04575356391679e-08,0,1.0000001192092896
26.154949339270388,0.6132077574729919,8.286505509547126e-08,0,1.0000001192092896
26.164999339016504,0.6208035945892334,7.03628891263186e-08,0,1.0000001192092896
26.17504933876262,0.6210409998893738,7.55634652072068e-08,0,1.0000001192092896
26.185099338508735,0.617448091506958,7.827007791894047e-08,0,1.0000001192092896
26.19514933825485,0.6248355507850647,7.026508541674303e-08,0,1.0000001192092896
26.205199338000966,0.6184179782867432,8.282781405188899e-08,0,1.0000001192092896
26.215249337747082,0.6256218552589417,7.06809402672981e-08,0,1.0000001192092896
26.225299337493198,0.6263766884803772,7.502156534888726e-08,0,1.0000001192092896
26.235349337239313,0.6220714449882507,7.920337996569771e-08,0,1.0000001192092896
26.24539933698543,0.6298554539680481,7.025589138232036e-08,0,1.0000001192092896
26.255449336731544,0.6238634586334229,8.274662899321328e-08,0,1.0000001192092896
26.26549933647766,0.6304333806037903,7.117753608731903e-08,0,1.0000001192092896
26.275549336223776,0.6316541433334351,7.463868412216357e-08,0,1.0000001192092896
26.28559933596989,0.6267060041427612,8.012682184421749e-08,0,1.0000001192092896
26.295649335716007,0.6348685026168823,7.026598747295054e-08,0,1.0000001192092896
26.305699335462123,0.6293222904205322,8.249496225021247e-08,0,1.0000001192092896
26.31574933520824,0.6352515816688538,7.167390986273503e-08,0,1.0000001192092896
26.325799334954354,0.6369584798812866,7.423696379849076e-08,0,1.0000001192092896
26.33584933470047,0.6314189434051514,8.101459086917728e-08,0,1.0000001192092896
26.345899334446585,0.6398256421089172,7.035032278945863e-08,0,1.0000001192092896
26.3559493341927,0.6348596215248108,8.216143043693336e-08,0,1.0000001192092896
26.365999333938817,0.639968991279602,7.222343556545496e-08,0,1.0000001192092896
26.376049333684932,0.6422112584114075,7.38859390336799e-08,0,1.0000001192092896
26.386149333429785,0.6362605690956116,8.182705207859797e-08,0,1.0000001192092896
26.3961993331759,0.6448835730552673,7.040168448213535e-08,0,1.0000001192092896
26.406249332922016,0.6406118869781494,8.149773217391854e-08,0,1.0000001192092896
26.41629933266813,0.6445923447608948,7.295981180321931e-08,0,1.0000001192092896
26.426349332414247,0.6474281549453735,7.343263497272545e-08,0,1.0000001192092896
26.436399332160363,0.6411763429641724,8.239088578054776e-08,0,1.0000001192092896
26.44644933190648,0.6498317122459412,7.042748328967008e-08,0,1.0000001192092896
26.456499331652594,0.6463305950164795,8.08237157756686e-08,0,1.0000001192092896
26.46654933139871,0.6491462588310242,7.37937558281665e-08,0,1.0000001192092896
26.476599331144826,0.6525958776473999,7.317670774886764e-08,0,1.0000001192092896
26.48664933089094,0.6460729837417603,8.29318905215537e-08,0,1.0000001192092896
26.496699330637057,0.6547686457633972,7.057619072492471e-08,0,1.0000001192092896
26.506749330383172,0.6519395709037781,8.015620112100663e-08,0,1.0000001192092896
26.516799330129288,0.6535904407501221,7.470709467716219e-08,0,1.0000001192092896
26.526849329875404,0.6577119827270508,7.290194142806072e-08,0,1.0000001192092896
26.53689932962152,0.651112973690033,8.335043766294348e-08,0,1.0000001192092896
26.546949329367635,0.6596675515174866,7.077357450091526e-08,0,1.0000001192092896
26.55699932911375,0.6575103998184204,7.95342194881421e-08,0,1.0000001192092896
26.567049328859866,0.6580390334129333,7.569849608257684e-08,0,1.0000001192092896
26.577099328605982,0.6628259420394897,7.270074819931693e-08,0,1.0000001192092896
26.587149328352098,0.6561551690101624,8.376762478112809e-08,0,1.0000001192092896
26.597199328098213,0.6645462512969971,7.107121835492336e-08,0,1.0000001192092896
26.60724932784433,0.6630319952964783,7.90344872880766e-08,0,1.0000001192092896
26.617299327590445,0.6624540686607361,7.679284985684376e-08,0,1.0000001192092896
26.62734932733656,0.6679196953773499,7.252512479460904e-08,0,1.0000001192092896
26.637399327082676,0.6612333059310913,8.411282087505967e-08,0,1.0000001192092896
26.64744932682879,0.6694070100784302,7.14220210751293e-08,0,1.0000001192092896
26.657549326573644,0.6685557961463928,7.851209266052095e-08,0,1.0000001192092896
26.66759932631976,0.6667660474777222,7.816824271200673e-08,0,1.0000001192092896
26.677649326065875,0.6730537414550781,7.242553085040626e-08,0,1.0000001192092896
26.68769932581199,0.6663628816604614,8.453495542459777e-08,0,1.0000001192092896
26.697749325558107,0.674278974533081,7.193903112101552e-08,0,1.0000001192092896
26.707799325304222,0.6739766001701355,7.807426927186611e-08,0,1.0000001192092896
26.717849325050338,0.6712549924850464,7.93346013883145e-08,0,1.0000001192092896
26.727899324796454,0.6781071424484253,7.240736482616583e-08,0,1.0000001192092896
26.73794932454257,0.6715216040611267,8.485907115884928e-08,0,1.0000001192092896
26.747999324288685,0.6791062355041504,7.240220228910133e-08,0,1.0000001192092896
26.7580493240348,0.6793437004089355,7.761781495307929e-08,0,1.0000001192092896
26.768099323780916,0.6757439374923706,8.042536081553919e-08,0,1.0000001192092896
26.778149323527032,0.6831740140914917,7.243001337586819e-08,0,1.0000001192092896
26.788199323273147,0.6767475008964539,8.503289739003606e-08,0,1.0000001192092896
26.798249323019263,0.6839490532875061,7.295487824965363e-08,0,1.0000001192092896
26.80829932276538,0.6846882700920105,7.730693862839644e-08,0,1.0000001192092896
26.818349322511494,0.6803784966468811,8.154572850305186e-08,0,1.0000001192092896
26.82839932225761,0.6881535649299622,7.260205631132166e-08,0,1.0000001192092896
26.838449322003726,0.6821302175521851,8.511902988006526e-08,0,1.0000001192092896
26.84849932174984,0.688713550567627,7.362305903813038e-08,0,1.0000001192092896
26.858549321495957,0.6899611949920654,7.707950250290807e-08,0,1.0000001192092896
26.868599321242073,0.6849973797798157,8.267349999036e-08,0,1.0000001192092896
26.87864932098819,0.6931554675102234,7.287480341400254e-08,0,1.0000001192092896
26.888699320734304,0.6876406073570251,8.511633065033664e-08,0,1.0000001192092896
26.89874932048042,0.693493664264679,7.437849641744876e-08,0,1.0000001192092896
26.908799320226535,0.6952767372131348,7.693930909047353e-08,0,1.0000001192092896
26.91884931997265,0.6897416710853577,8.380486582471036e-08,0,1.0000001192092896
26.928949319717503,0.6981551051139832,7.31336449733e-08,0,1.0000001192092896
26.93899931946362,0.6933189630508423,8.485211144826366e-08,0,1.0000001192092896
26.949049319209735,0.6982200741767883,7.520885303424762e-08,0,1.0000001192092896
26.95909931895585,0.7005317211151123,7.665131029899186e-08,0,1.0000001192092896
26.969149318701966,0.6945509910583496,8.480120078369069e-08,0,1.0000001192092896
26.97919931844808,0.7031660079956055,7.331599910509468e-08,0,1.0000001192092896
26.989249318194197,0.6989570260047913,8.441697341154963e-08,0,1.0000001192092896
26.999299317940313,0.7028613686561584,7.599479379116758e-08,0,1.0000001192092896
27.00934931768643,0.7057823538780212,7.642656646433821e-08,0,1.0000001192092896
27.019399317432544,0.6994162797927856,8.548373814365462e-08,0,1.0000001192092896
27.02944931717866,0.7081477046012878,7.351359798679624e-08,0,1.0000001192092896
27.039499316924775,0.7046600580215454,8.389323957747052e-08,0,1.0000001192092896
27.04954931667089,0.7074264883995056,7.696398379719582e-08,0,1.0000001192092896
27.059599316417007,0.7108984589576721,7.633550042074333e-08,0,1.0000001192092896
27.069649316163122,0.7043957710266113,8.618646074598502e-08,0,1.0000001192092896
27.079699315909238,0.7131048440933228,7.385364542145112e-08,0,1.0000001192092896
27.089749315655354,0.7102869153022766,8.345966973077878e-08,0,1.0000001192092896
27.09979931540147,0.7118862867355347,7.814962565966255e-08,0,1.0000001192092896
27.109849315147585,0.7160258293151855,7.633886578428672e-08,0,1.0000001192092896
27.1198993148937,0.7094245553016663,8.690646119413614e-08,0,1.0000001192092896
27.129949314639816,0.7179701328277588,7.436661009219137e-08,0,1.0000001192092896
27.139999314385932,0.7158802151679993,8.317638244825787e-08,0,1.0000001192092896
27.150049314132048,0.716334879398346,7.94575100160344e-08,0,1.0000001192092896
27.160099313878163,0.7211666107177734,7.64673879771749e-08,0,1.0000001192092896
27.17014931362428,0.7144868969917297,8.76275788042058e-08,0,1.0000001192092896
27.180199313370395,0.7228712439537048,7.498275611528271e-08,0,1.0000001192092896
27.19024931311651,0.7212942838668823,8.301824505618782e-08,0,1.0000001192092896
27.200349312861363,0.7206782698631287,8.104756449300865e-08,0,1.0000001192092896
27.21039931260748,0.7262558937072754,7.65467897401173e-08,0,1.0000001192092896
27.220449312353594,0.719573974609375,8.82953224423666e-08,0,1.0000001192092896
27.23049931209971,0.7277253270149231,7.565183895996697e-08,0,1.0000001192092896
27.240549311845825,0.7268517017364502,8.270108903252193e-08,0,1.0000001192092896
27.25059931159194,0.7250686287879944,8.246355681640338e-08,0,1.0000001192092896
27.260649311338057,0.731372058391571,7.668473495092698e-08,0,1.0000001192092896
27.270699311084172,0.7247035503387451,8.88352030825601e-08,0,1.0000001192092896
27.280749310830288,0.7325636744499207,7.631015264131236e-08,0,1.0000001192092896
27.290799310576404,0.7323464155197144,8.244135235591088e-08,0,1.0000001192092896
27.30084931032252,0.7295150756835938,8.389795108643128e-08,0,1.0000001192092896
27.310899310068635,0.7363784313201904,7.704921423101752e-08,0,1.0000001192092896
27.32094930981475,0.72983318567276,8.96103816150351e-08,0,1.0000001192092896
27.330999309560866,0.7373483180999756,7.73219682725923e-08,0,1.0000001192092896
27.34104930930698,0.7376574277877808,8.258894262924699e-08,0,1.0000001192092896
27.351099309053097,0.7340309023857117,8.562840714265718e-08,0,1.0000001192092896
27.361149308799213,0.7414408326148987,7.763688303352723e-08,0,1.0000001192092896
27.37119930854533,0.7351195216178894,9.032813386156135e-08,0,1.0000001192092896
27.381249308291444,0.7421643137931824,7.834768250836177e-08,0,1.0000001192092896
27.39129930803756,0.743024468421936,8.268898066265962e-08,0,1.0000001192092896
27.401349307783676,0.7386430501937866,8.708567894588626e-08,0,1.0000001192092896
27.41139930752979,0.7464807629585266,7.810790902951226e-08,0,1.0000001192092896
27.421449307275907,0.7405179738998413,9.065291572962764e-08,0,1.0000001192092896
27.431499307022023,0.7470318078994751,7.921728550908114e-08,0,1.0000001192092896
27.441549306768138,0.7483131289482117,8.263559975185686e-08,0,1.0000001192092896
27.451599306514254,0.7433179616928101,8.832357761834331e-08,0,1.0000001192092896
27.46164930626037,0.7514894008636475,7.843336397028722e-08,0,1.0000001192092896
27.471749306005222,0.7461000084877014,9.057620625751994e-08,0,1.0000001192092896
27.481799305751338,0.7517761588096619,8.004719109777625e-08,0,1.0000001192092896
27.491849305497453,0.7536264061927795,8.240187698849155e-08,0,1.0000001192092896
27.50189930524357,0.7480129599571228,8.954689767470825e-08,0,1.0000001192092896
27.511949304989685,0.7565093040466309,7.877116320331723e-08,0,1.0000001192092896
27.5219993047358,0.7516596913337708,9.04990457573085e-08,0,1.0000001192092896
27.532049304481916,0.7564958333969116,8.096636555654513e-08,0,1.0000001192092896
27.54209930422803,0.7588545083999634,8.245278765306452e-08,0,1.0000001192092896
27.552149303974147,0.7527863383293152,9.073904821965684e-08,0,1.0000001192092896
27.562199303720263,0.7614327669143677,7.937519391765235e-08,0,1.0000001192092896
27.57224930346638,0.7572484612464905,9.05383060190168e-08,0,1.0000001192092896
27.582299303212494,0.7610923051834106,8.231484938114875e-08,0,1.0000001192092896
27.59234930295861,0.7639930844306946,8.281705182744403e-08,0,1.0000001192092896
27.602399302704725,0.7576740384101868,9.202449913203736e-08,0,1.0000001192092896
27.61244930245084,0.766403317451477,8.016315389269835e-08,0,1.0000001192092896
27.622499302196957,0.7629559636116028,9.059662048338524e-08,0,1.0000001192092896
27.632549301943072,0.7656641006469727,8.386968203266676e-08,0,1.0000001192092896
27.642599301689188,0.769160807132721,8.32721530619196e-08,0,1.0000001192092896
27.652649301435304,0.7626624703407288,9.326868444237135e-08,0,1.0000001192092896
27.66269930118142,0.7713447213172913,8.105159599036682e-08,0,1.0000001192092896
27.672749300927535,0.7685828804969788,9.073881923615801e-08,0,1.0000001192092896
27.68279930067365,0.7701418995857239,8.559117303796882e-08,0,1.0000001192092896
27.692849300419766,0.7743082642555237,8.381877136809379e-08,0,1.0000001192092896
27.702899300165882,0.7676666378974915,9.449649396309212e-08,0,1.0000001192092896
27.712949299911998,0.7762212157249451,8.203514950677615e-08,0,1.0000001192092896
27.722999299658113,0.7741492390632629,9.090211222639866e-08,0,1.0000001192092896
27.73304929940423,0.7745972275733948,8.73640326748415e-08,0,1.0000001192092896
27.74314929914908,0.7794333696365356,8.432276404901629e-08,0,1.0000001192092896
27.753199298895197,0.7727492451667786,9.570164799521663e-08,0,1.0000001192092896
27.763249298641313,0.781138002872467,8.314497701444878e-08,0,1.0000001192092896
27.77329929838743,0.7797044515609741,9.106921466939255e-08,0,1.0000001192092896
27.783349298133544,0.7788957953453064,8.937643680706486e-08,0,1.0000001192092896
27.79339929787966,0.7845786809921265,8.490078778899957e-08,0,1.0000001192092896
27.803449297625775,0.7778698205947876,9.674934464687368e-08,0,1.0000001192092896
27.81349929737189,0.7859854102134705,8.41906544479798e-08,0,1.0000001192092896
27.823549297118007,0.7851722240447998,9.128094807797638e-08,0,1.0000001192092896
27.833599296864122,0.7833219766616821,9.123116151421584e-08,0,1.0000001192092896
27.843649296610238,0.7896298170089722,8.549562446891201e-08,0,1.0000001192092896
27.853699296356353,0.7829837799072266,9.77609382335487e-08,0,1.0000001192092896
27.86374929610247,0.790839433670044,8.533323353487887e-08,0,1.0000001192092896
27.873799295848585,0.7905773520469666,9.152342078655451e-08,0,1.0000001192092896
27.8838492955947,0.7877863049507141,9.313657484133486e-08,0,1.0000001192092896
27.893899295340816,0.7946944832801819,8.626183101156926e-08,0,1.0000001192092896
27.90394929508693,0.7881133556365967,9.889655760986216e-08,0,1.0000001192092896
27.913999294833047,0.7956531643867493,8.666960205072627e-08,0,1.0000001192092896
27.924049294579163,0.7959533333778381,9.194914274424093e-08,0,1.0000001192092896
27.93409929432528,0.7922954559326172,9.514404541999255e-08,0,1.0000001192092896
27.944149294071394,0.7997053265571594,8.720948962981367e-08,0,1.0000001192092896
27.95419929381751,0.793404221534729,9.998216837781015e-08,0,1.0000001192092896
27.964249293563626,0.800469160079956,8.814660806821806e-08,0,1.0000001192092896
27.97429929330974,0.8012710809707642,9.252244803636955e-08,0,1.0000001192092896
27.984349293055857,0.7968583106994629,9.711854237481887e-08,0,1.0000001192092896
27.994399292801972,0.8047162294387817,8.823094338472615e-08,0,1.0000001192092896
28.004449292548088,0.7987600564956665,1.0086073642945337e-07,0,1.0000001192092896
28.01454929229294,0.8052291870117188,8.965007902705935e-08,0,1.0000001192092896
28.024599292039056,0.8066784143447876,9.297283776188436e-08,0,1.0000001192092896
28.034649291785172,0.8014480471611023,9.910515463840142e-08,0,1.0000001192092896
28.044699291531288,0.8097069263458252,8.917613869563468e-08,0,1.0000001192092896
28.054749291277403,0.8043690323829651,1.0145849438369936e-07,0,1.0000001192092896
28.06479929102352,0.8099309206008911,9.115332794129571e-08,0,1.0000001192092896
28.074849290769635,0.8118684887886047,9.362016717417987e-08,0,1.0000001192092896
28.08489929051575,0.8061946034431458,1.0103098219138573e-07,0,1.0000001192092896
28.094949290261866,0.8146640062332153,9.038846754405583e-08,0,1.0000001192092896
28.10499929000798,0.8099241852760315,1.0228413949153747e-07,0,1.0000001192092896
28.115049289754097,0.8146774768829346,9.296094449773307e-08,0,1.0000001192092896
28.125099289500213,0.8170406818389893,9.452543608956532e-08,0,1.0000001192092896
28.13514928924633,0.8110128045082092,1.0301871855578071e-07,0,1.0000001192092896
28.145199288992444,0.8196502327919006,9.176364529350778e-08,0,1.0000001192092896
28.15524928873856,0.8155219554901123,1.0304607861444381e-07,0,1.0000001192092896
28.165299288484675,0.8192896246910095,9.502808262507045e-08,0,1.0000001192092896
28.17534928823079,0.8222643136978149,9.561035990701683e-08,0,1.0000001192092896
28.185399287976907,0.8158960342407227,1.050006193104025e-07,0,1.0000001192092896
28.195449287723022,0.8246342539787292,9.323930516558221e-08,0,1.0000001192092896
28.205499287469138,0.8212339282035828,1.0377482900780777e-07,0,1.0000001192092896
28.215549287215254,0.82388836145401,9.726029703838179e-08,0,1.0000001192092896
28.22559928696137,0.827434241771698,9.671189543647429e-08,0,1.0000001192092896
28.235649286707485,0.820938229560852,1.0686139473303768e-07,0,1.0000001192092896
28.2456992864536,0.8295891284942627,9.474412226984086e-08,0,1.0000001192092896
28.255749286199716,0.8268944025039673,1.0446993270463167e-07,0,1.0000001192092896
28.265799285945832,0.8283504247665405,9.958694979772531e-08,0,1.0000001192092896
28.275849285691947,0.8325974345207214,9.782642751421378e-08,0,1.0000001192092896
28.2859492854368,0.8259021043777466,1.0871611944018866e-07,0,1.0000001192092896
28.295999285182916,0.8344274759292603,9.635054559753442e-08,0,1.0000001192092896
28.346249283913494,0.8319836854934692,-1.9173229670599312e-07,0,1.000000238418579
29.240849261313997,0.9220203161239624,-2.951546229645885e-07,0,1.000000238418579
29.693199249886675,0.9658614993095398,-3.069296206081873e-07,0,1.000000238418579
30.142149238545244,0.9895046353340149,-4.4473236204822797e-07,0,1.000000238418579
30.594449227119185,0.9407936930656433,-3.042288365673329e-07,0,1.000000238418579
31.0065992167074,0.9059394001960754,8.837023474095318e-08,0,1.0000001192092896
31.016649216453516,0.8982002139091492,9.382831317461537e-08,0,1.0000001192092896
31.02669921619963,0.9047924876213074,8.017279895522478e-08,0,1.0000001192092896
31.036749215945747,0.8984242081642151,8.893882852412105e-08,0,1.0000001192092896
31.046799215691863,0.9007067680358887,7.7438826184828e-08,0,1.0000001192092896
31.05684921543798,0.9013988971710205,7.559890907726796e-08,0,1.0000001192092896
31.066899215184094,0.8931646943092346,8.177047927659942e-08,0,1.0000001192092896
31.07694921493021,0.8997838497161865,6.74990410787224e-08,0,1.0000001192092896
31.086999214676325,0.8939800262451172,7.577229121924489e-08,0,1.0000001192092896
31.09704921442244,0.8950977921485901,6.599175372823396e-08,0,1.0000001192092896
31.107099214168557,0.8962693214416504,6.360992982346048e-08,0,1.0000001192092896
31.117149213914672,0.8877797722816467,7.119121958609753e-08,0,1.0000001192092896
31.127199213660788,0.8943765163421631,5.7162694716561546e-08,0,1.0000001192092896
31.137249213406903,0.88920658826828,6.535542246277615e-08,0,1.0000001192092896
31.14729921315302,0.889231264591217,5.7805309150449347e-08,0,1.0000001192092896
31.157349212899135,0.8909963965415955,5.497488922423521e-08,0,1.0000001192092896
31.16739921264525,0.8823745846748352,6.38719147016964e-08,0,1.0000001192092896
31.177449212391366,0.8889243602752686,5.010671738636674e-08,0,1.0000001192092896
31.18749921213748,0.8845048546791077,5.799462299282965e-08,0,1.0000001192092896
31.197549211883597,0.8834519982337952,5.238155048603588e-08,0,1.0000001192092896
31.207599211629713,0.8859474062919617,4.8692515297599215e-08,0,1.0000001192092896
31.217699211374565,0.8772455453872681,5.8459230511953564e-08,0,1.0000001192092896
31.22774921112068,0.8836849927902222,4.471727155230809e-08,0,1.0000001192092896
31.237799210866797,0.8799890279769897,5.174768252791395e-08,0,1.0000001192092896
31.247849210612912,0.8777468204498291,4.7994722779387544e-08,0,1.0000001192092896
31.257899210359028,0.8809903264045715,4.2866810795461063e-08,0,1.0000001192092896
31.267949210105144,0.8723506331443787,5.3189251614238486e-08,0,1.0000001192092896
31.27799920985126,0.8785397410392761,3.9324463824153e-08,0,1.0000001192092896
31.288049209597375,0.8754172325134277,4.550680318682332e-08,0,1.0000001192092896
31.29809920934349,0.872110903263092,4.3262698978807634e-08,0,1.0000001192092896
31.308149209089606,0.8760533928871155,3.682847082853158e-08,0,1.0000001192092896
31.318199208835722,0.8674114346504211,4.752212512393328e-08,0,1.0000001192092896
31.328249208581838,0.8733317255973816,3.367685644239948e-08,0,1.0000001192092896
31.338299208327953,0.870805025100708,3.895212971616324e-08,0,1.0000001192092896
31.34834920807407,0.8665468096733093,3.829874958838353e-08,0,1.0000001192092896
31.358399207820185,0.871089518070221,3.0655110394572915e-08,0,1.0000001192092896
31.3684492075663,0.8624632954597473,4.172894321752274e-08,0,1.0000001192092896
31.378499207312416,0.8681125640869141,2.8079712166562132e-08,0,1.0000001192092896
31.38854920705853,0.8661659955978394,3.25196987394083e-08,0,1.0000001192092896
31.398599206804647,0.8608930110931396,3.3568068463774026e-08,0,1.0000001192092896
31.408649206550763,0.8659979701042175,2.4929214942348565e-08,0,1.0000001192092896
31.41869920629688,0.8575039505958557,3.642092183397949e-08,0,1.0000001192092896
31.428749206042994,0.8628015518188477,2.3198529902623832e-08,0,1.0000001192092896
31.43879920578911,0.8613657355308533,2.689048116122361e-08,0,1.0000001192092896
31.448849205535225,0.8552796244621277,2.9560083547597316e-08,0,1.0000001192092896
31.45889920528134,0.8608863353729248,2.005050118991658e-08,0,1.0000001192092896
31.468949205027457,0.8527170419692993,3.167521800406803e-08,0,1.0000001192092896
31.478999204773572,0.857528567314148,1.898867174610075e-08,0,1.0000001192092896
31.489049204519688,0.8565250635147095,2.190567345572436e-08,0,1.0000001192092896
31.49914920426454,0.8497939109802246,2.612270816326756e-08,0,1.0000001192092896
31.509199204010656,0.8558037877082825,1.5622402677051284e-08,0,1.0000001192092896
31.51924920375677,0.8481541872024536,2.7101546701269186e-08,0,1.0000001192092896
31.529299203502887,0.8521481156349182,1.528550550022878e-08,0,1.0000001192092896
31.539349203249003,0.8517897129058838,1.724161265148627e-08,0,1.0000001192092896
31.54939920299512,0.8443999886512756,2.2857370510220854e-08,0,1.0000001192092896
31.559449202741234,0.8507077693939209,1.160902970975819e-08,0,1.0000001192092896
31.56949920248735,0.8436137437820435,2.2731988166824202e-08,0,1.0000001192092896
31.579549202233466,0.8468930721282959,1.1778375150206521e-08,0,1.0000001192092896
31.58959920197958,0.8470028638839722,1.2884165956350557e-08,0,1.0000001192092896
31.599649201725697,0.8391292691230774,1.9726165145783625e-08,0,1.0000001192092896
31.609699201471813,0.8456566333770752,7.798872658781875e-09,0,1.0000001192092896
31.619749201217928,0.8391023874282837,1.844474920020822e-08,0,1.0000001192092896
31.629799200964044,0.8415327668190002,8.586159561119189e-09,0,1.0000001192092896
31.63984920071016,0.8421196937561035,8.762682419949375e-09,0,1.0000001192092896
31.649899200456275,0.8339459300041199,1.6607295399984068e-08,0,1.0000001192092896
31.65994920020239,0.8405471444129944,4.1324899231753864e-09,0,1.0000001192092896
31.669999199948506,0.8346672058105469,1.414965887513997e-08,0,1.0000001192092896
31.680049199694622,0.8360581994056702,5.696074254629702e-09,0,1.0000001192092896
31.690099199440738,0.8371983766555786,4.865945753967926e-09,0,1.0000001192092896
31.700149199186853,0.8287468552589417,1.3607977591978404e-08,0,1.0000001192092896
31.71019919893297,0.8354355096817017,7.40873454165708e-10,0,1.0000001192092896
31.720249198679085,0.8302812576293945,1.00627162852307e-08,0,1.0000001192092896
31.7302991984252,0.8304985165596008,3.2086048228074926e-09,0,1.0000001192092896
31.740349198171316,0.8322771191596985,1.2987036576359023e-09,0,1.0000001192092896
31.75039919791743,0.8237001895904541,1.0793256045860122e-08,0,1.0000001192092896
31.760499197662284,0.8302940726280212,-2.3006770100142404e-09,0,1.0000001192092896
31.7705491974084,0.8259222507476807,6.111475041314929e-09,0,1.0000001192092896
31.780599197154515,0.82475745677948,1.1645732121701169e-09,0,1.0000001192092896
31.79064919690063,0.8273513317108154,-2.072501458644238e-09,0,1.0000001192092896
31.800699196646747,0.818642258644104,8.242535126656847e-09,0,1.0000001192092896
31.810749196392862,0.825097918510437,-5.0148474782518715e-09,0,1.0000001192092896
31.820799196138978,0.8213571310043335,2.6483073546634817e-09,0,1.0000001192092896
31.830849195885094,0.8191418051719666,-6.962064388535416e-10,0,1.0000001192092896
31.84089919563121,0.8224412798881531,-5.120940997638268e-09,0,1.0000001192092896
31.850949195377325,0.8136717081069946,5.742279915454951e-09,0,1.0000001192092896
31.86099919512344,0.8199325203895569,-7.539102155063038e-09,0,1.0000001192092896
31.871049194869556,0.8167606592178345,-6.107487562564962e-10,0,1.0000001192092896
31.881099194615672,0.8135014772415161,-2.3674538891793606e-09,0,1.0000001192092896
31.891149194361788,0.8173923492431641,-8.01865171484728e-09,0,1.0000001192092896
31.901199194107903,0.8086854815483093,3.318062404694677e-09,0,1.0000001192092896
31.91124919385402,0.8146774768829346,-9.843543515020148e-09,0,1.0000001192092896
31.921299193600134,0.8120992183685303,-3.749356294185935e-09,0,1.0000001192092896
31.93134919334625,0.8078634142875671,-3.830103768864834e-09,0,1.0000001192092896
31.941399193092366,0.8123971819877625,-1.0620289370155689e-08,0,1.0000001192092896
31.95144919283848,0.8037462830543518,1.1311526802032512e-09,0,1.0000001192092896
31.961499192584597,0.8094627857208252,-1.18682858679664e-08,0,1.0000001192092896
31.971549192330713,0.8074310421943665,-6.658506211676407e-09,0,1.0000001192092896
31.98159919207683,0.80229252576828,-5.133052836947538e-09,0,1.0000001192092896
31.991649191822944,0.8074041604995728,-1.3031047595146728e-08,0,1.0000001192092896
32.00169919156906,0.7988653182983398,-9.781495275210106e-10,0,1.0000001192092896
32.011749191315175,0.8042547702789307,-1.3732204609540055e-08,0,1.0000001192092896
32.02179919106129,0.8027494549751282,-9.39449820019922e-09,0,1.0000001192092896
32.03189919080614,0.7967119812965393,-6.27934596680868e-09,0,1.0000001192092896
32.04194919055226,0.8023059368133545,-1.5242406295468136e-08,0,1.0000001192092896
32.051999190298375,0.7941703200340271,-3.122217978948627e-09,0,1.0000001192092896
32.06204919004449,0.798930287361145,-1.530835007368392e-08,0,1.0000001192092896
32.072099189790606,0.7980208992958069,-1.1996584281526168e-08,0,1.0000001192092896
32.08214918953672,0.7912695407867432,-7.3201869912886686e-09,0,1.0000001192092896
32.09219918928284,0.7972525358200073,-1.7321876571996242e-08,0,1.0000001192092896
32.10224918902895,0.7895783185958862,-5.3826973260562294e-09,0,1.0000001192092896
32.11229918877507,0.7936707735061646,-1.6851298134668014e-08,0,1.0000001192092896
32.122349188521184,0.7932272553443909,-1.4404427303715828e-08,0,1.0000001192092896
32.1323991882673,0.7859025001525879,-8.457379761794837e-09,0,1.0000001192092896
32.142449188013416,0.7921923995018005,-1.9231552114695738e-08,0,1.0000001192092896
32.15249918775953,0.7850334048271179,-7.629044965207221e-09,0,1.0000001192092896
32.16254918750565,0.7883373498916626,-1.8247106950419756e-08,0,1.0000001192092896
32.17259918725176,0.7884404063224792,-1.664898080511179e-08,0,1.0000001192092896
32.18264918699788,0.7805824875831604,-9.467170970778316e-09,0,1.0000001192092896
32.192699186743994,0.7871232628822327,-2.092971802813981e-08,0,1.0000001192092896
32.20274918649011,0.7805376648902893,-9.821562833856046e-09,0,1.0000001192092896
32.212799186236225,0.7830016613006592,-1.9359179190270304e-08,0,1.0000001192092896
32.22284918598234,0.7835661768913269,-1.8659367453932596e-08,0,1.0000001192092896
32.232899185728456,0.7753812074661255,-1.0455654571306372e-08,0,1.0000001192092896
32.24294918547457,0.7820407748222351,-2.2488814629961773e-08,0,1.0000001192092896
32.25299918522069,0.7760980129241943,-1.1986714572309598e-08,0,1.0000001192092896
32.2630491849668,0.7775607705116272,-2.0163063926825764e-08,0,1.0000001192092896
32.27309918471292,0.7786941528320312,-2.0496370226052996e-08,0,1.0000001192092896
32.283149184459035,0.7702851891517639,-1.1465894206308391e-08,0,1.0000001192092896
32.29319918420515,0.776958167552948,-2.395953921374705e-08,0,1.0000001192092896
32.30329918395,0.7718644738197327,-1.436652099368052e-08,0,1.0000001192092896
32.31334918369612,0.7718912959098816,-2.0698239996952417e-08,0,1.0000001192092896
32.323399183442234,0.773768424987793,-2.2357376366910486e-08,0,1.0000001192092896
32.33344918318835,0.7651869654655457,-1.2462899635912184e-08,0,1.0000001192092896
32.343499182934465,0.7717815041542053,-2.5235572312376497e-08,0,1.0000001192092896
32.35354918268058,0.7673799395561218,-1.6391934684611975e-08,0,1.0000001192092896
32.3635991824267,0.7663159966468811,-2.1145044049042383e-08,0,1.0000001192092896
32.37364918217281,0.7688471078872681,-2.394765115376618e-08,0,1.0000001192092896
32.38369918191893,0.7601380944252014,-1.3376019042388165e-08,0,1.0000001192092896
32.393749181665044,0.7666183114051819,-2.6301663971772804e-08,0,1.0000001192092896
32.40379918141116,0.7628663778305054,-1.8259668083109304e-08,0,1.0000001192092896
32.413849181157275,0.7607160210609436,-2.142743447952622e-08,0,1.0000001192092896
32.42389918090339,0.763910174369812,-2.5452693772076707e-08,0,1.0000001192092896
32.433949180649506,0.755214512348175,-1.4346558663280717e-08,0,1.0000001192092896
32.44399918039562,0.7614954710006714,-2.7321324022611115e-08,0,1.0000001192092896
32.45404918014174,0.7582653760910034,-2.0039475287503272e-08,0,1.0000001192092896
32.46409917988785,0.7550689578056335,-2.159677991997455e-08,0,1.0000001192092896
32.47414917963397,0.7589463591575623,-2.6888427248628055e-08,0,1.0000001192092896
32.484199179380084,0.7502103447914124,-1.5304087858103443e-08,0,1.0000001192092896
32.4942491791262,0.7562270760536194,-2.8232197829547445e-08,0,1.0000001192092896
32.504299178872316,0.7536443471908569,-2.181591886307732e-08,0,1.0000001192092896
32.51434917861843,0.7494622468948364,-2.1748854453496058e-08,0,1.0000001192092896
32.52439917836455,0.7539354562759399,-2.8264272866618256e-08,0,1.0000001192092896
32.53444917811066,0.7452958822250366,-1.627799284253939e-08,0,1.0000001192092896
32.54449917785678,0.751063883304596,-2.9086103317532697e-08,0,1.0000001192092896
32.554549177602894,0.748967170715332,-2.3548401076323167e-08,0,1.0000001192092896
32.56459917734901,0.7438645362854004,-2.1846873268782652e-08,0,1.0000001192092896
32.57469917709386,0.7489314079284668,-2.946173860429724e-08,0,1.0000001192092896
32.58474917683998,0.7404417991638184,-1.714378292105856e-08,0,1.0000001192092896
32.59479917658609,0.7457908987998962,-2.9666810674733313e-08,0,1.0000001192092896
32.60484917633221,0.7443528175354004,-2.5191161656668015e-08,0,1.0000001192092896
32.614899176078325,0.7382712364196777,-2.1771733721420716e-08,0,1.0000001192092896
32.62494917582444,0.7439025640487671,-3.058688372026275e-08,0,1.0000001192092896
32.634999175570556,0.7357333302497864,-1.8255407602252305e-08,0,1.0000001192092896
32.64504917531667,0.7405112385749817,-3.03029198955862e-08,0,1.0000001192092896
32.65509917506279,0.7395703792572021,-2.6727606239340673e-08,0,1.0000001192092896
32.6651491748089,0.7328324913978577,-2.19543116325438e-08,0,1.0000001192092896
32.67519917455502,0.7388558983802795,-3.166239492813361e-08,0,1.0000001192092896
32.685249174301134,0.7311211824417114,-1.9520000199557686e-08,0,1.0000001192092896
32.69529917404725,0.7352494597434998,-3.086882832681326e-08,0,1.0000001192092896
32.705349173793365,0.7347835898399353,-2.815907576558807e-08,0,1.0000001192092896
32.71539917353948,0.727472186088562,-2.2142721683993116e-08,0,1.0000001192092896
32.7254491732856,0.7337643504142761,-3.269170004149835e-08,0,1.0000001192092896
32.73549917303171,0.7265873551368713,-2.0937342137816728e-08,0,1.0000001192092896
32.74554917277783,0.7299832105636597,-3.145963003992058e-08,0,1.0000001192092896
32.755599172523944,0.7300459146499634,-2.965245757269308e-08,0,1.0000001192092896
32.76564917227006,0.7222126722335815,-2.239976780449293e-08,0,1.0000001192092896
32.775699172016175,0.7287131547927856,-3.3626351703119894e-08,0,1.0000001192092896
32.78574917176229,0.7220894694328308,-2.2316776898678725e-08,0,1.0000001192092896
32.795799171508406,0.7246408462524414,-3.1760861302077004e-08,0,1.0000001192092896
32.80584917125452,0.7251560688018799,-3.0844153620090964e-08,0,1.0000001192092896
32.81589917100064,0.7169733047485352,-2.2578758307467695e-08,0,1.0000001192092896
32.82594917074675,0.7236395478248596,-3.439726281584399e-08,0,1.0000001192092896
32.83599917049287,0.7176991105079651,-2.370944586493895e-08,0,1.0000001192092896
32.84609917023772,0.7191355228424072,-3.1752413198748997e-08,0,1.0000001192092896
32.85614916998384,0.7202862501144409,-3.2017909157300295e-08,0,1.0000001192092896
32.86619916972995,0.7118639349937439,-2.2754383446899062e-08,0,1.0000001192092896
32.87624916947607,0.7185570001602173,-3.511479301776532e-08,0,1.0000001192092896
32.886299169222184,0.7133938074111938,-2.5348395257807077e-08,0,1.0000001192092896
32.8963491689683,0.7135663032531738,-3.166418863220777e-08,0,1.0000001192092896
32.906399168714415,0.7153717279434204,-3.313379084990409e-08,0,1.0000001192092896
32.91644916846053,0.7068082094192505,-2.3147804853462794e-08,0,1.0000001192092896
32.92649916820665,0.7133960723876953,-3.5811239390559635e-08,0,1.0000001192092896
32.93654916795276,0.7089474201202393,-2.6809698558394324e-08,0,1.0000001192092896
32.94659916769888,0.7079998850822449,-3.1535888483924523e-08,0,1.0000001192092896
32.95664916744499,0.7104370594024658,-3.416915361764694e-08,0,1.0000001192092896
32.96669916719111,0.70175701379776,-2.3529334730598706e-08,0,1.0000001192092896
32.976749166937225,0.7082642316818237,-3.638342752076973e-08,0,1.0000001192092896
32.98679916668334,0.7044450640678406,-2.8158853720983146e-08,0,1.0000001192092896
32.996849166429456,0.7023550868034363,-3.1310246062510316e-08,0,1.0000001192092896
33.00689916617557,0.7055224776268005,-3.515270019516237e-08,0,1.0000001192092896
33.01694916592169,0.6967909932136536,-2.3966268206110364e-08,0,1.0000001192092896
33.0269991656678,0.7031301856040955,-3.6866790870115906e-08,0,1.0000001192092896
33.03704916541392,0.6998082399368286,-2.9435783671649673e-08,0,1.0000001192092896
33.047099165160034,0.6967014074325562,-3.0993759642106156e-08,0,1.0000001192092896
33.05714916490615,0.7005362510681152,-3.614275545515966e-08,0,1.0000001192092896
33.067199164652266,0.6918607354164124,-2.448708943947331e-08,0,1.0000001192092896
33.07724916439838,0.6978908181190491,-3.733333087119206e-08,0,1.0000001192092896
33.0872991641445,0.6951848864555359,-3.076564697446216e-08,0,1.0000001192092896
33.09734916389061,0.6911103129386902,-3.0670771478114034e-08,0,1.0000001192092896
33.10739916363673,0.6955522894859314,-3.699979905791295e-08,0,1.0000001192092896
33.11749916338158,0.6869215965270996,-2.4887911176385558e-08,0,1.0000001192092896
33.127549163127696,0.6926223635673523,-3.757086308731061e-08,0,1.0000001192092896
33.13759916287381,0.6906063556671143,-3.210313959112199e-08,0,1.0000001192092896
33.14764916261993,0.6853938698768616,-3.0156006164405724e-08,0,1.0000001192092896
33.15769916236604,0.6905369162559509,-3.786895796942247e-08,0,1.0000001192092896
33.16774916211216,0.6820541024208069,-2.5481628959656e-08,0,1.0000001192092896
33.177799161858275,0.6874188184738159,-3.7938038127682816e-08,0,1.0000001192092896
33.18784916160439,0.6859382390975952,-3.338769885563586e-08,0,1.0000001192092896
33.197899161350506,0.679905891418457,-2.9948529767231946e-08,0,1.0000001192092896
33.20794916109662,0.6855103373527527,-3.865915920719942e-08,0,1.0000001192092896
33.21799916084274,0.6773030161857605,-2.621643006850416e-08,0,1.0000001192092896
33.22804916058885,0.6821660399436951,-3.820899152628954e-08,0,1.0000001192092896
33.23809916033497,0.6811782121658325,-3.450761898449173e-08,0,1.0000001192092896
33.248149160081084,0.6744716167449951,-2.9692831526872965e-08,0,1.0000001192092896
33.2581991598272,0.6804815530776978,-3.928876668446435e-08,0,1.0000001192092896
33.268249159573315,0.6726841330528259,-2.7036688859949365e-08,0,1.0000001192092896
33.27829915931943,0.6768661737442017,-3.833370079697751e-08,0,1.0000001192092896
33.28834915906555,0.6763845682144165,-3.551875460416909e-08,0,1.0000001192092896
33.29839915881166,0.6690934300422668,-2.9425916564518317e-08,0,1.0000001192092896
33.30844915855778,0.6754034757614136,-3.984793744971071e-08,0,1.0000001192092896
33.318499158303894,0.6682019233703613,-2.797089122819063e-08,0,1.0000001192092896
33.32854915805001,0.6715775728225708,-3.8436656635276734e-08,0,1.0000001192092896
33.338599157796125,0.6716179251670837,-3.6492885102656913e-08,0,1.0000001192092896
33.34864915754224,0.6638092994689941,-2.9223373720910217e-08,0,1.0000001192092896
33.358699157288356,0.6703456044197083,-4.039567638725039e-08,0,1.0000001192092896
33.36874915703447,0.6636995077133179,-2.9023299388808432e-08,0,1.0000001192092896
33.37879915678059,0.6662956476211548,-3.8459086609821114e-08,0,1.0000001192092896
33.38889915652544,0.6667839288711548,-3.7590153212363475e-08,0,1.0000001192092896
33.398949156271556,0.6585923433303833,-2.915294394778556e-08,0,1.0000001192092896
33.40899915601767,0.665258526802063,-4.103515097164667e-08,0,1.0000001192092896
33.41904915576379,0.6594390273094177,-3.04538755324657e-08,0,1.0000001192092896
33.4290991555099,0.6607539057731628,-3.829489850226686e-08,0,1.0000001192092896
33.43914915525602,0.6619254350662231,-3.856001976054735e-08,0,1.0000001192092896
33.449199155002134,0.6535142660140991,-2.9289543013177877e-08,0,1.0000001192092896
33.45924915474825,0.6601647734642029,-4.16221397625538e-08,0,1.0000001192092896
33.469299154494365,0.6550710201263428,-3.1809308659314084e-08,0,1.0000001192092896
33.47934915424048,0.655191957950592,-3.806768442138342e-08,0,1.0000001192092896
33.4893991539866,0.6569705605506897,-3.946865057002924e-08,0,1.0000001192092896
33.49944915373271,0.6484249830245972,-2.944094273926723e-08,0,1.0000001192092896
33.50949915347883,0.6550173163414001,-4.206849105181654e-08,0,1.0000001192092896
33.51954915322494,0.6506156921386719,-3.3009081579216115e-08,0,1.0000001192092896
33.52959915297106,0.6496524810791016,-3.767830145107176e-08,0,1.0000001192092896
33.539649152717175,0.6520806550979614,-4.02682748257277e-08,0,1.0000001192092896
33.54969915246329,0.64344322681427,-2.9576868731950867e-08,0,1.0000001192092896
33.559749152209406,0.6498832106590271,-4.237107539828422e-08,0,1.0000001192092896
33.56979915195552,0.6460685133934021,-3.415233026937692e-08,0,1.0000001192092896
33.57984915170164,0.6440234184265137,-3.7241591754888503e-08,0,1.0000001192092896
33.58989915144775,0.6471885442733765,-4.106633089140388e-08,0,1.0000001192092896
33.59994915119387,0.638394296169281,-2.982516664196133e-08,0,1.0000001192092896
33.609999150939984,0.6448029279708862,-4.268800590789823e-08,0,1.0000001192092896
33.6200491506861,0.6414541602134705,-3.524287112144364e-08,0,1.0000001192092896
33.630099150432216,0.6383740901947021,-3.675307280737172e-08,0,1.0000001192092896
33.64014915017833,0.6421866416931152,-4.184217555769365e-08,0,1.0000001192092896
33.65019914992445,0.6334976553916931,-3.013806218477022e-08,0,1.0000001192092896
33.6602991496693,0.6395210027694702,-4.2906699027067674e-08,0,1.0000001192092896
33.670349149415415,0.6369158625602722,-3.648503374420464e-08,0,1.0000001192092896
33.68039914916153,0.6326531767845154,-3.6065372910343285e-08,0,1.0000001192092896
33.690449148907646,0.6372026205062866,-4.2582808806868044e-08,0,1.0000001192092896
33.70049914865376,0.6285562515258789,-3.0400713196820917e-08,0,1.0000001192092896
33.71054914839988,0.6343040466308594,-4.3069089961100815e-08,0,1.0000001192092896
33.72059914814599,0.6322768926620483,-3.755359218038379e-08,0,1.0000001192092896
33.73064914789211,0.6270419955253601,-3.553513039378231e-08,0,1.0000001192092896
33.740699147638225,0.6321917176246643,-4.316082907740437e-08,0,1.0000001192092896
33.75074914738434,0.623711109161377,-3.072863838382567e-08,0,1.0000001192092896
33.760799147130456,0.6290647387504578,-4.3119331022412055e-08,0,1.0000001192092896
33.77084914687657,0.6276131868362427,-3.851628044282407e-08,0,1.0000001192092896
33.78089914662269,0.621571958065033,-3.502956258394363e-08,0,1.0000001192092896
33.7909491463688,0.6271584630012512,-4.368434086687856e-08,0,1.0000001192092896
33.80099914611492,0.6190003752708435,-3.125663963765568e-08,0,1.0000001192092896
33.811049145861034,0.6238119006156921,-4.319379923178879e-08,0,1.0000001192092896
33.82109914560715,0.6228554248809814,-3.9478070118503794e-08,0,1.0000001192092896
33.831149145353265,0.6161264777183533,-3.467562001424618e-08,0,1.0000001192092896
33.84119914509938,0.6221252083778381,-4.4270656585077006e-08,0,1.0000001192092896
33.8512491448455,0.6143949627876282,-3.202037246463618e-08,0,1.0000001192092896
33.86129914459161,0.6185747981071472,-4.3285538348092345e-08,0,1.0000001192092896
33.87134914433773,0.618073046207428,-4.046251875222673e-08,0,1.0000001192092896
33.881399144083844,0.6107751131057739,-3.4355771699745574e-08,0,1.0000001192092896
33.89144914382996,0.6170628070831299,-4.4776449908967564e-08,0,1.0000001192092896
33.901499143576075,0.6098455190658569,-3.288594396799738e-08,0,1.0000001192092896
33.91154914332219,0.6132592558860779,-4.332703293363771e-08,0,1.0000001192092896
33.921599143068306,0.6133219599723816,-4.139918963197431e-08,0,1.0000001192092896
33.93169914281316,0.6054596304893494,-3.398298309420511e-08,0,1.0000001192092896
33.941749142559274,0.6119892001152039,-4.5239399032448446e-08,0,1.0000001192092896
33.95179914230539,0.6054909825325012,-3.393565983778046e-08,0,1.0000001192092896
33.961849142051506,0.6078676581382751,-4.310026988085802e-08,0,1.0000001192092896
33.97189914179762,0.6084567308425903,-4.227888525387691e-08,0,1.0000001192092896
33.98194914154374,0.6003053784370422,-3.3831135809458956e-08,0,1.0000001192092896
33.99199914128985,0.6069290637969971,-4.5696522954497e-08,0,1.0000001192092896
34.00204914103597,0.6010871529579163,-3.508114979067223e-08,0,1.0000001192092896
34.012099140782084,0.6024267077445984,-4.291791227961639e-08,0,1.0000001192092896
34.0221491405282,0.6035892367362976,-4.316150215011305e-08,0,1.0000001192092896
34.032199140274315,0.5951735377311707,-3.388227545753075e-08,0,1.0000001192092896
34.04224914002043,0.6018621921539307,-4.618997545557946e-08,0,1.0000001192092896
34.052299139766546,0.5967079401016235,-3.63443997120072e-08,0,1.0000001192092896
34.06234913951266,0.5969005823135376,-4.2594247573468635e-08,0,1.0000001192092896
34.07239913925878,0.5986769199371338,-4.3953722606016044e-08,0,1.0000001192092896
34.08244913900489,0.5901179313659668,-3.394193606731655e-08,0,1.0000001192092896
34.09249913875101,0.5967169404029846,-4.651319260307041e-08,0,1.0000001192092896
34.102549138497125,0.5922548770904541,-3.7459164242692466e-08,0,1.0000001192092896
34.11259913824324,0.5912603139877319,-4.210707130192226e-08,0,1.0000001192092896
34.122649137989356,0.5937533974647522,-4.464523542524468e-08,0,1.0000001192092896
34.13269913773547,0.5850644707679749,-3.395494649338637e-08,0,1.0000001192092896
34.14274913748159,0.5915246605873108,-4.67020519479e-08,0,1.0000001192092896
34.1527991372277,0.5877323150634766,-3.84619974758138e-08,0,1.0000001192092896
34.16284913697382,0.5857051014900208,-4.1531077188405874e-08,0,1.0000001192092896
34.172899136719934,0.5887649059295654,-4.5269232806788295e-08,0,1.0000001192092896
34.18294913646605,0.5801073312759399,-3.4003393850623453e-08,0,1.0000001192092896
34.192999136212165,0.5863770842552185,-4.678234882815602e-08,0,1.0000001192092896
34.20309913595702,0.5831985473632812,-3.9398671825008336e-08,0,1.0000001192092896
34.213149135703134,0.5798990726470947,-4.060135908035001e-08,0,1.0000001192092896
34.22319913544925,0.5838750600814819,-4.586205373802166e-08,0,1.0000001192092896
34.233249135195365,0.5751950144767761,-3.408324664166962e-08,0,1.0000001192092896
34.24329913494148,0.5811265707015991,-4.6831021699444975e-08,0,1.0000001192092896
34.253349134687596,0.5785796642303467,-4.038535825201528e-08,0,1.0000001192092896
34.26339913443371,0.5742945671081543,-3.9998220013881536e-08,0,1.0000001192092896
34.27344913417983,0.578857421875,-4.644590267943727e-08,0,1.0000001192092896
34.28349913392594,0.5702580809593201,-3.427928080279585e-08,0,1.0000001192092896
34.29354913367206,0.5759230256080627,-4.6898984695786794e-08,0,1.0000001192092896
34.303599133418174,0.5739630460739136,-4.135746953237707e-08,0,1.0000001192092896
34.31364913316429,0.5687707662582397,-3.938319462215567e-08,0,1.0000001192092896
34.323699132910406,0.5738711953163147,-4.696784627888917e-08,0,1.0000001192092896
34.33374913265652,0.5653502345085144,-3.453655417207102e-08,0,1.0000001192092896
34.34379913240264,0.5707015991210938,-4.690302313203887e-08,0,1.0000001192092896
34.35384913214875,0.5692881345748901,-4.2285164952859944e-08,0,1.0000001192092896
34.36389913189487,0.5632692575454712,-3.885228250233297e-08,0,1.0000001192092896
34.373949131640984,0.5688087940216064,-4.744896489605743e-08,0,1.0000001192092896
34.3839991313871,0.5606418251991272,-3.5015206012456446e-08,0,1.0000001192092896
34.394049131133215,0.5655182600021362,-4.693509816910968e-08,0,1.0000001192092896
34.40409913087933,0.5645236968994141,-4.315656512710042e-08,0,1.0000001192092896
34.41414913062545,0.5578463077545166,-3.8380132405535505e-08,0,1.0000001192092896
34.42419913037156,0.5637912154197693,-4.787962040730953e-08,0,1.0000001192092896
34.43424913011768,0.5560229420661926,-3.564615616569178e-08,0,1.0000001192092896
34.44429912986379,0.5602206587791443,-4.690661054018719e-08,0,1.0000001192092896
34.45434912960991,0.5597144365310669,-4.404254391743301e-08,0,1.0000001192092896
34.464399129356025,0.552481472492218,-3.7994562357424044e-08,0,1.0000001192092896
34.47449912910088,0.5587108731269836,-4.836051351042592e-08,0,1.0000001192092896
34.48454912884699,0.5515676140785217,-3.6535278274962835e-08,0,1.0000001192092896
34.49459912859311,0.5548917055130005,-4.680029280779152e-08,0,1.0000001192092896
34.504649128339224,0.5549924969673157,-4.499132663648986e-08,0,1.0000001192092896
34.51469912808534,0.5471368432044983,-3.752959054637017e-08,0,1.0000001192092896
34.524749127831456,0.5536507368087769,-4.873621298195907e-08,0,1.0000001192092896
34.53479912757757,0.5471100211143494,-3.743987064819265e-08,0,1.0000001192092896
34.54484912732369,0.5495582818984985,-4.664709937762801e-08,0,1.0000001192092896
34.5548991270698,0.550125002861023,-4.5791623964897e-08,0,1.0000001192092896
34.56494912681592,0.5419445633888245,-3.7360472354697194e-08,0,1.0000001192092896
34.574999126562034,0.5486242175102234,-4.917808174575988e-08,0,1.0000001192092896
34.58504912630815,0.5427262783050537,-3.8531084572968055e-08,0,1.0000001192092896
34.595099126054265,0.5441083908081055,-4.638130504663884e-08,0,1.0000001192092896
34.60514912580038,0.5452395677566528,-4.655558230592938e-08,0,1.0000001192092896
34.615199125546496,0.5368486046791077,-3.728017200499423e-08,0,1.0000001192092896
34.62524912529261,0.5435237288475037,-4.9541221819326964e-08,0,1.0000001192092896
34.63529912503873,0.5383628010749817,-3.96772475985685e-08,0,1.0000001192092896
34.64534912478484,0.5385464429855347,-4.596926658773093e-08,0,1.0000001192092896
34.65539912453096,0.5403339862823486,-4.727760197220654e-08,0,1.0000001192092896
34.665449124277075,0.5317704677581787,-3.728353736853762e-08,0,1.0000001192092896
34.67549912402319,0.5383740067481995,-4.9825851777818286e-08,0,1.0000001192092896
34.685549123769306,0.533911943435669,-4.074177106794252e-08,0,1.0000001192092896
34.69559912351542,0.5329845547676086,-4.546347673328732e-08,0,1.0000001192092896
34.70564912326154,0.535390317440033,-4.7899805649676e-08,0,1.0000001192092896
34.71569912300765,0.5267372131347656,-3.7240918682179824e-08,0,1.0000001192092896
34.72574912275377,0.5332421660423279,-4.992723942609523e-08,0,1.0000001192092896
34.73584912249862,0.5294082760810852,-4.170061171371309e-08,0,1.0000001192092896
34.74589912224474,0.5272680521011353,-4.46270659315573e-08,0,1.0000001192092896
34.75594912199085,0.5304444432258606,-4.848028922754821e-08,0,1.0000001192092896
34.76599912173697,0.5218092203140259,-3.715815155569402e-08,0,1.0000001192092896
34.776049121483084,0.528049886226654,-4.9892694142794625e-08,0,1.0000001192092896
34.7860991212292,0.5248309969902039,-4.252090693435129e-08,0,1.0000001192092896
34.796149120975315,0.5216098427772522,-4.378796630843951e-08,0,1.0000001192092896
34.80619912072143,0.5254917740821838,-4.89223835054009e-08,0,1.0000001192092896
34.816249120467546,0.5168408751487732,-3.716286306465477e-08,0,1.0000001192092896
34.82629912021366,0.5228374004364014,-4.984649151773546e-08,0,1.0000001192092896
34.83634911995978,0.5202367305755615,-4.335866041205172e-08,0,1.0000001192092896
34.84639911970589,0.5160210728645325,-4.303073522504697e-08,0,1.0000001192092896
34.85644911945201,0.5205458402633667,-4.9430192577970544e-08,0,1.0000001192092896
34.866499119198124,0.5119286179542542,-3.7319647372413556e-08,0,1.0000001192092896
34.87654911894424,0.5176293849945068,-4.991422553057845e-08,0,1.0000001192092896
34.886599118690356,0.5156357884407043,-4.4373834467981155e-08,0,1.0000001192092896
34.89664911843647,0.5104501843452454,-4.2472456107667256e-08,0,1.0000001192092896
34.90669911818259,0.5155439376831055,-5.00263788727473e-08,0,1.0000001192092896
34.9167491179287,0.5070453882217407,-3.763725789363015e-08,0,1.0000001192092896
34.92679911767482,0.512412428855896,-4.999048744402934e-08,0,1.0000001192092896
34.936849117420934,0.5109407901763916,-4.53609684536449e-08,0,1.0000001192092896
34.94689911716705,0.5049868822097778,-4.1990438903738436e-08,0,1.0000001192092896
34.956949116913165,0.5105128884315491,-5.054607774002129e-08,0,1.0000001192092896
34.96699911665928,0.5023279786109924,-3.8107832861511426e-08,0,1.0000001192092896
34.9770491164054,0.5071439743041992,-5.0023013509203906e-08,0,1.0000001192092896
34.98709911615151,0.5061740279197693,-4.626040869815107e-08,0,1.0000001192092896
34.99714911589763,0.4995436370372772,-4.153286742303308e-08,0,1.0000001192092896
35.00719911564374,0.5054505467414856,-5.102899006126371e-08,0,1.0000001192092896
35.017299115388596,0.4977762997150421,-3.8866857648978126e-08,0,1.0000001192092896
35.02734911513471,0.5018821954727173,-4.997725497335459e-08,0,1.0000001192092896
35.03739911488083,0.5014386773109436,-4.723767557668346e-08,0,1.0000001192092896
35.04744911462694,0.4941452741622925,-4.10268520545376e-08,0,1.0000001192092896
35.05749911437306,0.5004082918167114,-5.146883960693849e-08,0,1.0000001192092896
35.067549114119174,0.4932626783847809,-3.966625639062471e-08,0,1.0000001192092896
35.07759911386529,0.49662718176841736,-4.994630056764926e-08,0,1.0000001192092896
35.087649113611405,0.4966786801815033,-4.810952330958074e-08,0,1.0000001192092896
35.09769911335752,0.48883870244026184,-4.070005096834528e-08,0,1.0000001192092896
35.10774911310364,0.4953503906726837,-5.1835792602705766e-08,0,1.0000001192092896
35.11779911284975,0.4888140857219696,-4.051634722168629e-08,0,1.0000001192092896
35.12784911259587,0.4912736117839813,-4.970159353523407e-08,0,1.0000001192092896
35.137899112341984,0.49177759885787964,-4.8758865001108376e-08,0,1.0000001192092896
35.1479491120881,0.4836755096912384,-4.036180764610542e-08,0,1.0000001192092896
35.157999111834215,0.4902857542037964,-5.208767792086455e-08,0,1.0000001192092896
35.16804911158033,0.48443710803985596,-4.1437544368028156e-08,0,1.0000001192092896
35.178099111326446,0.4857587218284607,-4.9276326075098353e-08,0,1.0000001192092896
35.18814911107256,0.48686301708221436,-4.9392063355968574e-08,0,1.0000001192092896
35.19819911081868,0.47855713963508606,-4.016846230636695e-08,0,1.0000001192092896
35.20824911056479,0.4851718246936798,-5.2335975830875014e-08,0,1.0000001192092896
35.21829911031091,0.4800489544868469,-4.2495559154920315e-08,0,1.0000001192092896
35.228349110057025,0.4802752137184143,-4.881875806383995e-08,0,1.0000001192092896
35.23839910980314,0.48201116919517517,-5.007617237540174e-08,0,1.0000001192092896
35.248449109549256,0.4735036790370941,-4.0118890848317434e-08,0,1.0000001192092896
35.25849910929537,0.4800848066806793,-5.2631825980808955e-08,0,1.0000001192092896
35.26854910904149,0.47557568550109863,-4.3566806412487225e-08,0,1.0000001192092896
35.27864910878634,0.4746536314487457,-4.8235131167029266e-08,0,1.0000001192092896
35.288699108532455,0.4771100878715515,-5.08327303860856e-08,0,1.0000001192092896
35.29874910827857,0.4685018062591553,-4.0120688021838546e-08,0,1.0000001192092896
35.30879910802469,0.4748589098453522,-5.281889162156439e-08,0,1.0000001192092896
35.3188491077708,0.4711405336856842,-4.4673272026063415e-08,0,1.0000001192092896
35.32889910751692,0.46898338198661804,-4.759879296267755e-08,0,1.0000001192092896
35.33894910726303,0.4721507430076599,-5.142824013870673e-08,0,1.0000001192092896
35.34899910700915,0.46351778507232666,-4.014715296318805e-08,0,1.0000001192092896
35.359049106755265,0.46971362829208374,-5.2851417686738955e-08,0,1.0000001192092896
35.36909910650138,0.4665104150772095,-4.5466165554675086e-08,0,1.0000001192092896
35.379149106247496,0.4633273780345917,-4.679065121471204e-08,0,1.0000001192092896
35.38919910599361,0.46716898679733276,-5.1909136711270065e-08,0,1.0000001192092896
35.39924910573973,0.4585651457309723,-4.0180799659728095e-08,0,1.0000001192092896
35.40929910548584,0.46450117230415344,-5.2831902047634216e-08,0,1.0000001192092896
35.41934910523196,0.46191170811653137,-4.6306611323210234e-08,0,1.0000001192092896
35.429399104978074,0.4577363431453705,-4.6023549554741194e-08,0,1.0000001192092896
35.43944910472419,0.46219393610954285,-5.235212610643636e-08,0,1.0000001192092896
35.449499104470306,0.45363494753837585,-4.026917341248826e-08,0,1.0000001192092896
35.45954910421642,0.4593312442302704,-5.281216436392455e-08,0,1.0000001192092896
35.46959910396254,0.4573040306568146,-4.7237228018026656e-08,0,1.0000001192092896
35.47964910370865,0.4521699845790863,-4.538833545120191e-08,0,1.0000001192092896
35.48969910345477,0.4572189152240753,-5.2851417686738955e-08,0,1.0000001192092896
35.499749103200884,0.4487607181072235,-4.0503340265063414e-08,0,1.0000001192092896
35.509799102947,0.45411205291748047,-5.283593701443934e-08,0,1.0000001192092896
35.519849102693115,0.452588826417923,-4.8175918115900274e-08,0,1.0000001192092896
35.52989910243923,0.4466976523399353,-4.485607718596185e-08,0,1.0000001192092896
35.539949102185346,0.4521722197532654,-5.335788061389124e-08,0,1.0000001192092896
35.5500491019302,0.44403737783432007,-4.103931777743597e-08,0,1.0000001192092896
35.560099101676315,0.4488055109977722,-5.2776276404653544e-08,0,1.0000001192092896
35.57014910142243,0.4478960633277893,-4.911998585654942e-08,0,1.0000001192092896
35.580199101168546,0.44120293855667114,-4.418385449178608e-08,0,1.0000001192092896
35.59024910091466,0.4471299946308136,-5.371496303308021e-08,0,1.0000001192092896
35.60029910066078,0.4394467771053314,-4.1533318451136836e-08,0,1.0000001192092896
35.61034910040689,0.4435795843601227,-5.260625615677306e-08,0,1.0000001192092896
35.62039910015301,0.44312039017677307,-4.982069617964768e-08,0,1.0000001192092896
35.630449099899124,0.43582025170326233,-4.3632975704754884e-08,0,1.0000001192092896
35.64049909964524,0.4420967102050781,-5.399892685775676e-08,0,1.0000001192092896
35.650549099391355,0.4349645674228668,-4.221630683920452e-08,0,1.0000001192092896
35.66059909913747,0.4383021593093872,-5.2464053934553334e-08,0,1.0000001192092896
35.67064909888359,0.43832457065582275,-5.05871212974629e-08,0,1.0000001192092896
35.6806990986297,0.43055179715156555,-4.323417318596867e-08,0,1.0000001192092896
35.69074909837582,0.4369783103466034,-5.4327521648023236e-08,0,1.0000001192092896
35.700799098121934,0.43046215176582336,-4.304643447250456e-08,0,1.0000001192092896
35.71084909786805,0.4329284131526947,-5.2309285375473635e-08,0,1.0000001192092896
35.720899097614165,0.43349289894104004,-5.1370147718943215e-08,0,1.0000001192092896
35.73094909736028,0.4253886044025421,-4.305181558472704e-08,0,1.0000001192092896
35.740999097106396,0.4319114685058594,-5.4737988447461916e-08,0,1.0000001192092896
35.75104909685251,0.42602699995040894,-4.410714155023143e-08,0,1.0000001192092896
35.76109909659863,0.42746058106422424,-5.2000202754864944e-08,0,1.0000001192092896
35.77114909634474,0.4285581707954407,-5.205380917971958e-08,0,1.0000001192092896
35.78119909609086,0.4202500581741333,-4.288942812014085e-08,0,1.0000001192092896
35.791249095836974,0.42686697840690613,-5.5017018718572785e-08,0,1.0000001192092896
35.80129909558309,0.4217037856578827,-4.5149235045061076e-08,0,1.0000001192092896
35.811349095329206,0.42194345593452454,-5.1537472206542034e-08,0,1.0000001192092896
35.82144909507406,0.42363959550857544,-5.277813602821979e-08,0,1.0000001192092896
35.831499094820174,0.41522347927093506,-4.2793203008928415e-08,0,1.0000001192092896
35.84154909456629,0.42168810963630676,-5.523973986565345e-08,0,1.0000001192092896
35.851599094312405,0.4173201024532318,-4.62747618001913e-08,0,1.0000001192092896
35.86164909405852,0.4162919819355011,-5.079639486815779e-08,0,1.0000001192092896
35.87169909380464,0.41876718401908875,-5.338143468924805e-08,0,1.0000001192092896
35.88174909355075,0.4101722836494446,-4.269518419364182e-08,0,1.0000001192092896
35.89179909329687,0.4165562689304352,-5.53045664819507e-08,0,1.0000001192092896
35.90184909304298,0.41279083490371704,-4.712664980477399e-08,0,1.0000001192092896
35.9118990927891,0.41068971157073975,-5.0073480084567024e-08,0,1.0000001192092896
35.921949092535215,0.4138234555721283,-5.3860759602342156e-08,0,1.0000001192092896
35.93199909228133,0.4051815867424011,-4.2628341828665484e-08,0,1.0000001192092896
35.942049092027446,0.41140875220298767,-5.530950350496333e-08,0,1.0000001192092896
35.95209909177356,0.40817421674728394,-4.793232824540361e-08,0,1.0000001192092896
35.96214909151968,0.4050404727458954,-4.9347650965536616e-08,0,1.0000001192092896
35.97219909126579,0.4088551700115204,-5.441275555129188e-08,0,1.0000001192092896
35.98224909101191,0.4002602994441986,-4.2766512553527036e-08,0,1.0000001192092896
35.992299090758024,0.40620750188827515,-5.5417840455485035e-08,0,1.0000001192092896
36.00234909050414,0.403579980134964,-4.8880885450408584e-08,0,1.0000001192092896
36.012399090250256,0.3994427025318146,-4.8704363458940136e-08,0,1.0000001192092896
36.02244908999637,0.4038935899734497,-5.495824628720669e-08,0,1.0000001192092896
36.03249908974249,0.395318865776062,-4.29239699339945e-08,0,1.0000001192092896
36.0425490894886,0.40098831057548523,-5.542299952310259e-08,0,1.0000001192092896
36.05259908923472,0.3989275097846985,-4.9776283789215725e-08,0,1.0000001192092896
36.062649088980834,0.3939121663570404,-4.7991315782480726e-08,0,1.0000001192092896
36.07269908872695,0.39884689450263977,-5.535391242594834e-08,0,1.0000001192092896
36.082749088473065,0.3904513716697693,-4.304935227739115e-08,0,1.0000001192092896
36.09284908821792,0.3957153558731079,-5.529245811208838e-08,0,1.0000001192092896
36.10289908796403,0.39428624510765076,-5.071160852354595e-08,0,1.0000001192092896
36.11294908771015,0.38829201459884644,-4.722915114552251e-08,0,1.0000001192092896
36.122999087456265,0.39380016922950745,-5.5777160667958015e-08,0,1.0000001192092896
36.13304908720238,0.38574737310409546,-4.344546250534265e-08,0,1.0000001192092896
36.143099086948496,0.3904872238636017,-5.5220005651390736e-08,0,1.0000001192092896
36.15314908669461,0.38951727747917175,-5.154196167089786e-08,0,1.0000001192092896
36.16319908644073,0.3828936219215393,-4.674107975666253e-08,0,1.0000001192092896
36.17324908618684,0.38876911997795105,-5.6205349402427274e-08,0,1.0000001192092896
36.18329908593296,0.38113299012184143,-4.4086956307864966e-08,0,1.0000001192092896
36.193349085679074,0.3852187395095825,-5.5198252219001986e-08,0,1.0000001192092896
36.20339908542519,0.3846990764141083,-5.236894945470638e-08,0,1.0000001192092896
36.213449085171305,0.3775646984577179,-4.628507993542641e-08,0,1.0000001192092896
36.22349908491742,0.3837313950061798,-5.658306462263951e-08,0,1.0000001192092896
36.23354908466354,0.3765925168991089,-4.481682386314745e-08,0,1.0000001192092896
36.24359908440965,0.37992116808891296,-5.5104941443229194e-08,0,1.0000001192092896
36.25364908415577,0.3799189031124115,-5.3181133108370915e-08,0,1.0000001192092896
36.263699083901884,0.3722715675830841,-4.5916784263688726e-08,0,1.0000001192092896
36.273749083648,0.37869587540626526,-5.6926692526548806e-08,0,1.0000001192092896
36.283799083394115,0.37211254239082336,-4.563461414308634e-08,0,1.0000001192092896
36.29384908314023,0.37461012601852417,-5.4888493056237664e-08,0,1.0000001192092896
36.303899082886346,0.3751298189163208,-5.385694668014196e-08,0,1.0000001192092896
36.31394908263246,0.3670254945755005,-4.555565993880073e-08,0,1.0000001192092896
36.32399908237858,0.37357524037361145,-5.7133943409670707e-08,0,1.0000001192092896
36.33404908212469,0.3677019774913788,-4.6433790840128e-08,0,1.0000001192092896
36.34409908187081,0.36919158697128296,-5.438359831910766e-08,0,1.0000001192092896
36.354149081616924,0.37018388509750366,-5.436924174762048e-08,0,1.0000001192092896
36.36424908136178,0.3619261682033539,-4.52064601030866e-08,0,1.0000001192092896
36.37429908110789,0.36852627992630005,-5.730171892537328e-08,0,1.0000001192092896
36.38434908085401,0.363381028175354,-4.7491805627020156e-08,0,1.0000001192092896
36.394399080600124,0.3635982871055603,-5.367459254834728e-08,0,1.0000001192092896
36.40444908034624,0.36535224318504333,-5.499974434219901e-08,0,1.0000001192092896
36.414499080092355,0.356864869594574,-4.500253988903857e-08,0,1.0000001192092896
36.42454907983847,0.3633720576763153,-5.741095099320859e-08,0,1.0000001192092896
36.434599079584586,0.3589547872543335,-4.8416361198011515e-08,0,1.0000001192092896
36.4446490793307,0.35800501704216003,-5.30402735621216e-08,0,1.0000001192092896
36.45469907907682,0.36041077971458435,-5.5549721073022695e-08,0,1.0000001192092896
36.46474907882293,0.35186296701431274,-4.498212913262023e-08,0,1.0000001192092896
36.47479907856905,0.3582402169704437,-5.7613046278159885e-08,0,1.0000001192092896
36.484849078315165,0.35447031259536743,-4.942637965577035e-08,0,1.0000001192092896
36.49489907806128,0.35246551036834717,-5.2552427687313497e-08,0,1.0000001192092896
36.504949077807396,0.35548725724220276,-5.6247066032577564e-08,0,1.0000001192092896
36.51499907755351,0.3468812108039856,-4.5127478143225375e-08,0,1.0000001192092896
36.52504907729963,0.3530277609825134,-5.775682015984884e-08,0,1.0000001192092896
36.53509907704574,0.34983575344085693,-5.0346900259956584e-08,0,1.0000001192092896
36.54514907679186,0.3467983305454254,-5.184655829659768e-08,0,1.0000001192092896
36.555199076537974,0.35050103068351746,-5.679368086930481e-08,0,1.0000001192092896
36.56524907628409,0.3419733941555023,-4.518579260759381e-08,0,1.0000001192092896
36.575299076030205,0.34787800908088684,-5.779584796861137e-08,0,1.0000001192092896
36.58534907577632,0.3452213704586029,-5.121784940609331e-08,0,1.0000001192092896
36.59539907552244,0.3411378562450409,-5.109852471707477e-08,0,1.0000001192092896
36.60544907526855,0.34549689292907715,-5.726089394308964e-08,0,1.0000001192092896
36.61549907501467,0.33697372674942017,-4.5258241598844506e-08,0,1.0000001192092896
36.625549074760784,0.3426162600517273,-5.7734837743961265e-08,0,1.0000001192092896
36.635649074505636,0.34065404534339905,-5.2164838421076e-08,0,1.0000001192092896
36.64569907425175,0.33550429344177246,-5.0184280342424614e-08,0,1.0000001192092896
36.65574907399787,0.3404994606971741,-5.766665617246147e-08,0,1.0000001192092896
36.66579907374398,0.33213308453559875,-4.535469222410882e-08,0,1.0000001192092896
36.6758490734901,0.33738812804222107,-5.756055701522378e-08,0,1.0000001192092896
36.685899073236214,0.3359500467777252,-5.2938667338686685e-08,0,1.0000001192092896
36.69594907298233,0.32999613881111145,-4.9521706180222225e-08,0,1.0000001192092896
36.705999072728446,0.335484117269516,-5.799839081221947e-08,0,1.0000001192092896
36.71604907247456,0.32738205790519714,-4.5660409481174113e-08,0,1.0000001192092896
36.72609907222068,0.33215996623039246,-5.744167988486204e-08,0,1.0000001192092896
36.73614907196679,0.33117884397506714,-5.3665617089082573e-08,0,1.0000001192092896
36.74619907171291,0.3245999813079834,-4.890308991090109e-08,0,1.0000001192092896
36.756249071459024,0.33040156960487366,-5.82579054442256e-08,0,1.0000001192092896
36.76629907120514,0.3227900564670563,-4.6107211798540604e-08,0,1.0000001192092896
36.776349070951255,0.3268556594848633,-5.722478740866066e-08,0,1.0000001192092896
36.78639907069737,0.32640540599823,-5.4340983102196816e-08,0,1.0000001192092896
36.79644907044349,0.3192329406738281,-4.834996986113893e-08,0,1.0000001192092896
36.8064990701896,0.3254108428955078,-5.857662965791377e-08,0,1.0000001192092896
36.81654906993572,0.3182451128959656,-4.680836621084872e-08,0,1.0000001192092896
36.82659906968183,0.321661114692688,-5.713304482291015e-08,0,1.0000001192092896
36.83664906942795,0.32162749767303467,-5.516774537195346e-08,0,1.0000001192092896
36.846699069174065,0.31395775079727173,-4.797674063583557e-08,0,1.0000001192092896
36.85674906892018,0.3203238248825073,-5.8908593281170596e-08,0,1.0000001192092896
36.866799068666296,0.3137539029121399,-4.7624817284264154e-08,0,1.0000001192092896
36.87684906841241,0.31632545590400696,-5.693611554447031e-08,0,1.0000001192092896
36.88689906815853,0.3167644739151001,-5.588773888121068e-08,0,1.0000001192092896
36.89694906790464,0.30873632431030273,-4.768873837490695e-08,0,1.0000001192092896
36.907049067649496,0.31524351239204407,-5.924907786614142e-08,0,1.0000001192092896
36.91709906739561,0.30943968892097473,-4.87018966821573e-08,0,1.0000001192092896
36.92714906714173,0.3107948899269104,-5.64857258189555e-08,0,1.0000001192092896
36.93719906688784,0.31186333298683167,-5.664856084219849e-08,0,1.0000001192092896
36.94724906663396,0.30362242460250854,-4.7462197366732184e-08,0,1.0000001192092896
36.957299066380074,0.31016093492507935,-5.953393333868462e-08,0,1.0000001192092896
36.96734906612619,0.30503135919570923,-4.972065814623505e-08,0,1.0000001192092896
36.977399065872305,0.30525311827659607,-5.5962210560034364e-08,0,1.0000001192092896
36.98744906561842,0.306980162858963,-5.7219399357544276e-08,0,1.0000001192092896
36.997499065364536,0.2985398769378662,-4.731640426691719e-08,0,1.0000001192092896
37.00754906511065,0.3050627112388611,-5.968780331100376e-08,0,1.0000001192092896
37.01759906485677,0.300585001707077,-5.066584998769663e-08,0,1.0000001192092896
37.02764906460288,0.29969343543052673,-5.5375221769127236e-08,0,1.0000001192092896
37.037699064349,0.3020857572555542,-5.780841083602439e-08,0,1.0000001192092896
37.047749064095115,0.29354020953178406,-4.7292406102350526e-08,0,1.0000001192092896
37.05779906384123,0.2999107539653778,-5.982238315827004e-08,0,1.0000001192092896
37.067849063587346,0.2960602045059204,-5.157964333424303e-08,0,1.0000001192092896
37.07789906333346,0.2941136360168457,-5.469873512464751e-08,0,1.0000001192092896
37.08794906307958,0.2971353828907013,-5.829065702345204e-08,0,1.0000001192092896
37.09799906282569,0.2885517179965973,-4.7182049933702785e-08,0,1.0000001192092896
37.10804906257181,0.2947094738483429,-5.973894295907556e-08,0,1.0000001192092896
37.118099062317924,0.2914525270462036,-5.22552313919622e-08,0,1.0000001192092896
37.12814906206404,0.2884576618671417,-5.3835411822911183e-08,0,1.0000001192092896
37.138199061810155,0.29212674498558044,-5.86809281721834e-08,0,1.0000001192092896
37.14824906155627,0.28364163637161255,-4.713225643104835e-08,0,1.0000001192092896
37.15829906130239,0.28953057527542114,-5.968264771283316e-08,0,1.0000001192092896
37.1683490610485,0.2868470847606659,-5.303668615397328e-08,0,1.0000001192092896
37.178449060793355,0.28276804089546204,-5.285635124030463e-08,0,1.0000001192092896
37.18849906053947,0.28719204664230347,-5.913490530584653e-08,0,1.0000001192092896
37.198549060285586,0.2787024676799774,-4.7153562304780294e-08,0,1.0000001192092896
37.2085990600317,0.2843047082424164,-5.9568926180642023e-08,0,1.0000001192092896
37.21864905977782,0.28229543566703796,-5.4037281593810604e-08,0,1.0000001192092896
37.22869905952393,0.27721288800239563,-5.2176502701728467e-08,0,1.0000001192092896
37.23874905927005,0.28216999769210815,-5.957520587962506e-08,0,1.0000001192092896
37.248799059016164,0.2738506495952606,-4.735094608077084e-08,0,1.0000001192092896
37.25884905876228,0.27906534075737,-5.95525503910288e-08,0,1.0000001192092896
37.268899058508396,0.2775847017765045,-5.492572369147908e-08,0,1.0000001192092896
37.27894905825451,0.2717092037200928,-5.1607905449113645e-08,0,1.0000001192092896
37.28899905800063,0.27712103724479675,-6.003232633222666e-08,0,1.0000001192092896
37.29904905774674,0.26906153559684753,-4.774750386737914e-08,0,1.0000001192092896
37.30909905749286,0.273843914270401,-5.951150683358719e-08,0,1.0000001192092896
37.319149057238974,0.2728694975376129,-5.5751143285265314e-08,0,1.0000001192092896
37.32919905698509,0.26628169417381287,-5.108125381014794e-08,0,1.0000001192092896
37.339249056731205,0.2721236050128937,-6.038133187891148e-08,0,1.0000001192092896
37.34929905647732,0.2644471228122711,-4.8245445832817424e-08,0,1.0000001192092896
37.35934905622344,0.2685485780239105,-5.9352252279598616e-08,0,1.0000001192092896
37.36939905596955,0.26806920766830444,-5.6446698010192975e-08,0,1.0000001192092896
37.37944905571567,0.260932594537735,-5.049740486873233e-08,0,1.0000001192092896
37.38949905546178,0.2670701742172241,-6.06211122966549e-08,0,1.0000001192092896
37.3995490552079,0.2599111497402191,-4.882369161740563e-08,0,1.0000001192092896
37.409599054954015,0.2633472979068756,-5.913648043476272e-08,0,1.0000001192092896
37.41964905470013,0.26328232884407043,-5.711443124001292e-08,0,1.0000001192092896
37.429699054446246,0.25566184520721436,-4.999250666215538e-08,0,1.0000001192092896
37.43974905419236,0.26205259561538696,-6.083553799607344e-08,0,1.0000001192092896
37.449849053937214,0.2555520832538605,-4.966032099429363e-08,0,1.0000001192092896
37.45989905368333,0.2579489052295685,-5.8792179458144744e-08,0,1.0000001192092896
37.469949053429445,0.2584528923034668,-5.7871884368010384e-08,0,1.0000001192092896
37.47999905317556,0.2504359483718872,-4.9615013486548065e-08,0,1.0000001192092896
37.49004905292168,0.25696107745170593,-6.118455048165217e-08,0,1.0000001192092896
37.50009905266779,0.25115498900413513,-5.062166311131655e-08,0,1.0000001192092896
37.51014905241391,0.252498984336853,-5.845641332102858e-08,0,1.0000001192092896
37.520199052160024,0.25356748700141907,-5.855801260556959e-08,0,1.0000001192092896
37.53024905190614,0.24536682665348053,-4.947662071708159e-08,0,1.0000001192092896
37.540299051652255,0.25181129574775696,-6.149071529737427e-08,0,1.0000001192092896
37.55034905139837,0.24670858681201935,-5.171377562285251e-08,0,1.0000001192092896
37.560399051144486,0.24699081480503082,-5.799592056598968e-08,0,1.0000001192092896
37.5704490508906,0.2486506700515747,-5.9211843761453054e-08,0,1.0000001192092896
37.58049905063672,0.2402932494878769,-4.938914555108198e-08,0,1.0000001192092896
37.59054905038283,0.24669739603996277,-6.167037713833423e-08,0,1.0000001192092896
37.60059905012895,0.2422487586736679,-5.263519134435235e-08,0,1.0000001192092896
37.610649049875065,0.2414110153913498,-5.73351366384145e-08,0,1.0000001192092896
37.62069904962118,0.24372714757919312,-5.969677530082151e-08,0,1.0000001192092896
37.630749049367296,0.23521742224693298,-4.921688404047053e-08,0,1.0000001192092896
37.64079904911341,0.24157005548477173,-6.170940841654371e-08,0,1.0000001192092896
37.65084904885953,0.23778444528579712,-5.3497619528775076e-08,0,1.0000001192092896
37.66089904860564,0.23586702346801758,-5.6678845644642095e-08,0,1.0000001192092896
37.67094904835176,0.2388305366039276,-6.026559806748821e-08,0,1.0000001192092896
37.680999048097874,0.2302849441766739,-4.924021260177547e-08,0,1.0000001192092896
37.69104904784399,0.2363777458667755,-6.181056361187487e-08,0,1.0000001192092896
37.701099047590105,0.2331252545118332,-5.435331698611101e-08,0,1.0000001192092896
37.71114904733622,0.23020654916763306,-5.5947402960443426e-08,0,1.0000001192092896
37.72124904708107,0.23384429514408112,-6.080862202662018e-08,0,1.0000001192092896
37.73129904682719,0.22536592185497284,-4.9228770365727925e-08,0,1.0000001192092896
37.741349046573305,0.2311495840549469,-6.171971961288492e-08,0,1.0000001192092896
37.75139904631942,0.22858254611492157,-5.5228526613104734e-08,0,1.0000001192092896
37.761449046065536,0.22447440028190613,-5.495757321449801e-08,0,1.0000001192092896
37.77149904581165,0.22888720035552979,-6.119710987961824e-08,0,1.0000001192092896
37.78154904555777,0.2203931212425232,-4.924469512723739e-08,0,1.0000001192092896
37.79159904530388,0.22597743570804596,-6.163135279901866e-08,0,1.0000001192092896
37.80164904505,0.22395247220993042,-5.6071893655973426e-08,0,1.0000001192092896
37.811699044796114,0.2189415991306305,-5.424812335452778e-08,0,1.0000001192092896
37.82174904454223,0.22386735677719116,-6.158245441367782e-08,0,1.0000001192092896
37.831799044288346,0.21555249392986298,-4.93880249197165e-08,0,1.0000001192092896
37.84184904403446,0.22077617049217224,-6.155912585237289e-08,0,1.0000001192092896
37.85189904378058,0.21925967931747437,-5.693678861717899e-08,0,1.0000001192092896
37.86194904352669,0.21345362067222595,-5.3683786582769955e-08,0,1.0000001192092896
37.87199904327281,0.2187960147857666,-6.206469366221157e-08,0,1.0000001192092896
37.882049043018924,0.2107521891593933,-4.9837519527917706e-08,0,1.0000001192092896
37.89209904276504,0.21553681790828705,-6.16044368295654e-08,0,1.0000001192092896
37.902149042511155,0.21448849141597748,-5.7845193912609005e-08,0,1.0000001192092896
37.91219904225727,0.2080216258764267,-5.325290902691293e-08,0,1.0000001192092896
37.922249042003386,0.2137649804353714,-6.25025239897603e-08,0,1.0000001192092896
37.9322990417495,0.2061086744070053,-5.039490005853686e-08,0,1.0000001192092896
37.94234904149562,0.21024595201015472,-6.147748282669951e-08,0,1.0000001192092896
37.95239904124173,0.20970162749290466,-5.8600187202717535e-08,0,1.0000001192092896
37.96244904098785,0.2026747614145279,-5.2725133287134796e-08,0,1.0000001192092896
37.972499040733965,0.2087160348892212,-6.281430237065067e-08,0,1.0000001192092896
37.98254904048008,0.20158834755420685,-5.105052491849449e-08,0,1.0000001192092896
37.99264904022493,0.2049729824066162,-6.128705182240068e-08,0,1.0000001192092896
38.00269903997105,0.20497970283031464,-5.940362091116924e-08,0,1.0000001192092896
38.012749039717164,0.19731220602989197,-5.216035242616712e-08,0,1.0000001192092896
38.02279903946328,0.20363345742225647,-6.306170169390057e-08,0,1.0000001192092896
38.032849039209395,0.19713972508907318,-5.185934320861563e-08,0,1.0000001192092896
38.04289903895551,0.1995992362499237,-6.098402338672315e-08,0,1.0000001192092896
38.05294903870163,0.20011667907238007,-6.001954488965566e-08,0,1.0000001192092896
38.06299903844774,0.1921512484550476,-5.179631723528644e-08,0,1.0000001192092896
38.07304903819386,0.19855764508247375,-6.330103108354024e-08,0,1.0000001192092896
38.083099037939974,0.19274036586284637,-5.2754967061474645e-08,0,1.0000001192092896
38.09314903768609,0.19412021338939667,-6.059194812557678e-08,0,1.0000001192092896
38.103199037432205,0.1952357292175293,-6.064264368443872e-08,0,1.0000001192092896
38.11324903717832,0.1869858354330063,-5.1610819784553286e-08,0,1.0000001192092896
38.123299036924436,0.19349077343940735,-6.360024312757062e-08,0,1.0000001192092896
38.13334903667055,0.18840374052524567,-5.377305892229067e-08,0,1.0000001192092896
38.14339903641667,0.18864789605140686,-6.008952363467657e-08,0,1.0000001192092896
38.15344903616278,0.19028757512569427,-6.124308699062553e-08,0,1.0000001192092896
38.1634990359089,0.18198615312576294,-5.149104406743099e-08,0,1.0000001192092896
38.173549035655014,0.1884015053510666,-6.37646532797298e-08,0,1.0000001192092896
38.18359903540113,0.18394391238689423,-5.475122438758362e-08,0,1.0000001192092896
38.193649035147246,0.183108389377594,-5.9539095875749126e-08,0,1.0000001192092896
38.20369903489336,0.185397669672966,-6.184757567195831e-08,0,1.0000001192092896
38.21374903463948,0.17694616317749023,-5.146323298066413e-08,0,1.0000001192092896
38.22379903438559,0.18327416479587555,-6.392659318565919e-08,0,1.0000001192092896
38.23384903413171,0.17939671874046326,-5.570740743698899e-08,0,1.0000001192092896
38.243899033877824,0.17755992710590363,-5.894403021233785e-08,0,1.0000001192092896
38.25394903362394,0.1804562360048294,-6.243927597182619e-08,0,1.0000001192092896
38.26404903336879,0.1719532161951065,-5.142689399328937e-08,0,1.0000001192092896
38.27409903311491,0.17802807688713074,-6.392726625836787e-08,0,1.0000001192092896
38.28414903286102,0.17483608424663544,-5.66319664774273e-08,0,1.0000001192092896
38.29419903260714,0.1718098521232605,-5.798627550346325e-08,0,1.0000001192092896
38.304249032353255,0.1754789650440216,-6.292353443848597e-08,0,1.0000001192092896
38.31429903209937,0.16700731217861176,-5.140940104175762e-08,0,1.0000001192092896
38.324349031845486,0.172855943441391,-6.387747275571343e-08,0,1.0000001192092896
38.3343990315916,0.1702508181333542,-5.7433606481804844e-08,0,1.0000001192092896
38.34444903133772,0.16621658205986023,-5.7248789042674275e-08,0,1.0000001192092896
38.35449903108383,0.17051737010478973,-6.34201302585069e-08,0,1.0000001192092896
38.36454903082995,0.1621151566505432,-5.155541618617754e-08,0,1.0000001192092896
38.374599030576064,0.16767705976963043,-6.392256168830102e-08,0,1.0000001192092896
38.38464903032218,0.16559162735939026,-5.838193817275794e-08,0,1.0000001192092896
38.394699030068296,0.1606636494398117,-5.666022512285096e-08,0,1.0000001192092896
38.40474902981441,0.16552667319774628,-6.395216300969508e-08,0,1.0000001192092896
38.41479902956053,0.15721628069877625,-5.180573678376099e-08,0,1.0000001192092896
38.42484902930664,0.16242875158786774,-6.398715585165249e-08,0,1.0000001192092896
38.43489902905276,0.16097275912761688,-5.9363916560251084e-08,0,1.0000001192092896
38.444949028798874,0.15518011152744293,-5.6205796961084076e-08,0,1.0000001192092896
38.45499902854499,0.16049565374851227,-6.448307859896474e-08,0,1.0000001192092896
38.465049028291105,0.15242493152618408,-5.2266892203167714e-08,0,1.0000001192092896
38.47509902803722,0.15721853077411652,-6.400824315022646e-08,0,1.0000001192092896
38.485149027783336,0.15616348385810852,-6.021311227399906e-08,0,1.0000001192092896
38.49519902752945,0.1497458815574646,-5.569798788851443e-08,0,1.0000001192092896
38.50524902727557,0.15546011924743652,-6.488255765990658e-08,0,1.0000001192092896
38.51529902702168,0.14780381321907043,-5.279444242889397e-08,0,1.0000001192092896
38.5253490267678,0.1519366055727005,-6.388779089094854e-08,0,1.0000001192092896
38.53544902651265,0.15141244232654572,-6.103741123641981e-08,0,1.0000001192092896
38.54549902625877,0.1443452537059784,-5.505716715870079e-08,0,1.0000001192092896
38.55554902600488,0.15037310123443604,-6.520442519253322e-08,0,1.0000001192092896
38.565599025751,0.14335741102695465,-5.3551676981733465e-08,0,1.0000001192092896
38.575649025497114,0.14664125442504883,-6.369735988664971e-08,0,1.0000001192092896
38.58569902524323,0.14660990238189697,-6.181303385810466e-08,0,1.0000001192092896
38.595749024989345,0.13905887305736542,-5.4672044669246134e-08,0,1.0000001192092896
38.60579902473546,0.1453443020582199,-6.557204779156223e-08,0,1.0000001192092896
38.61584902448158,0.13887518644332886,-5.4411860433978276e-08,0,1.0000001192092896
38.62589902422769,0.1413503885269165,-6.357736559436944e-08,0,1.0000001192092896
38.63594902397381,0.14183422923088074,-6.263732588163151e-08,0,1.0000001192092896
38.645999023719924,0.13385535776615143,-5.450808207574376e-08,0,1.0000001192092896
38.65604902346604,0.14030878245830536,-6.600876095719244e-08,0,1.0000001192092896
38.666099023212155,0.1344176083803177,-5.546942766221363e-08,0,1.0000001192092896
38.67614902295827,0.13590271770954132,-6.333983337825089e-08,0,1.0000001192092896
38.686199022704386,0.13692864775657654,-6.338962688090533e-08,0,1.0000001192092896
38.6962490224505,0.12873922288417816,-5.439840244925165e-08,0,1.0000001192092896
38.70629902219662,0.13517697155475616,-6.6335111015281e-08,0,1.0000001192092896
38.71634902194273,0.1300428956747055,-5.653215048861959e-08,0,1.0000001192092896
38.72639902168885,0.1303945779800415,-6.292106419225618e-08,0,1.0000001192092896
38.736449021434964,0.13199616968631744,-6.406924990542961e-08,0,1.0000001192092896
38.74649902118108,0.12368802726268768,-5.4374175301186156e-08,0,1.0000001192092896
38.756549020927196,0.13010112941265106,-6.66157129458611e-08,0,1.0000001192092896
38.76659902067331,0.12560546398162842,-5.7589939761459874e-08,0,1.0000001192092896
38.77664902041943,0.12482593953609467,-6.240562927528615e-08,0,1.0000001192092896
38.78669902016554,0.1270771473646164,-6.465399743360578e-08,0,1.0000001192092896
38.79674901991166,0.11866594851016998,-5.4305764746187535e-08,0,1.0000001192092896
38.80684901965651,0.12488865852355957,-6.670004132347529e-08,0,1.0000001192092896
38.816899019402626,0.12112323194742203,-5.8610949427162495e-08,0,1.0000001192092896
38.82694901914874,0.11912066489458084,-6.164323912427605e-08,0,1.0000001192092896
38.83699901889486,0.12214690446853638,-6.530849472330402e-08,0,1.0000001192092896
38.84704901864097,0.1136864423751831,-5.430778396431357e-08,0,1.0000001192092896
38.85709901838709,0.11972322314977646,-6.68007524295966e-08,0,1.0000001192092896
38.867149018133205,0.11653347313404083,-5.948145448408937e-08,0,1.0000001192092896
38.87719901787932,0.11353635787963867,-6.097573140850798e-08,0,1.0000001192092896
38.887249017625436,0.1171853095293045,-6.586498013660957e-08,0,1.0000001192092896
38.89729901737155,0.10873381048440933,-5.441522579752167e-08,0,1.0000001192092896
38.90734901711767,0.11454211920499802,-6.684381520516425e-08,0,1.0000001192092896
38.91739901686378,0.11190564185380936,-6.035912741841898e-08,0,1.0000001192092896
38.9274490166099,0.1079251691699028,-6.028870458418822e-08,0,1.0000001192092896
38.937499016356014,0.11221252381801605,-6.63828852998094e-08,0,1.0000001192092896
38.94754901610213,0.10383493453264236,-5.455810109245007e-08,0,1.0000001192092896
38.957599015848245,0.1093677282333374,-6.689944431759187e-08,0,1.0000001192092896
38.96764901559436,0.10728901624679565,-6.134155683401588e-08,0,1.0000001192092896
38.97769901534048,0.10237893462181091,-5.970440808411581e-08,0,1.0000001192092896
38.98774901508659,0.1072039008140564,-6.692928156137867e-08,0,1.0000001192092896
38.99779901483271,0.0989271029829979,-5.48342170281213e-08,0,1.0000001192092896
39.007849014578824,0.10413061827421188,-6.697570970048972e-08,0,1.0000001192092896
39.01789901432494,0.10259173810482025,-6.230559124187351e-08,0,1.0000001192092896
39.027949014071055,0.09691110998392105,-5.9200852553509264e-08,0,1.0000001192092896
39.03799901381717,0.10218853503465652,-6.744942798730946e-08,0,1.0000001192092896
39.048049013563286,0.09418055415153503,-5.527405963490217e-08,0,1.0000001192092896
39.0580990133094,0.09890918433666229,-6.700868332432108e-08,0,1.0000001192092896
39.068199013054254,0.09788211435079575,-6.325013429675508e-08,0,1.0000001192092896
39.07824901280037,0.09140520542860031,-5.8608035091722854e-08,0,1.0000001192092896
39.088299012546486,0.09713511168956757,-6.792314627412921e-08,0,1.0000001192092896
39.0983490122926,0.08957736939191818,-5.58908787307022e-08,0,1.0000001192092896
39.10839901203872,0.09357576072216034,-6.684539033408043e-08,0,1.0000001192092896
39.11844901178483,0.09309639781713486,-6.402775531988425e-08,0,1.0000001192092896
39.12849901153095,0.08603369444608688,-5.808272959817451e-08,0,1.0000001192092896
39.138549011277064,0.09209064394235611,-6.82028392096079e-08,0,1.0000001192092896
39.14859901102318,0.08502793312072754,-5.658239154993083e-08,0,1.0000001192092896
39.158649010769295,0.08836328983306885,-6.677675773447689e-08,0,1.0000001192092896
39.16869901051541,0.0883408859372139,-6.486416959106123e-08,0,1.0000001192092896
39.17874901026153,0.08081674575805664,-5.779831474539421e-08,0,1.0000001192092896
39.18879901000764,0.08701705187559128,-6.867252599906948e-08,0,1.0000001192092896
39.19884900975376,0.0805501863360405,-5.7530504665725957e-08,0,1.0000001192092896
39.20889900949987,0.08302762359380722,-6.673862851247492e-08,0,1.0000001192092896
39.21894900924599,0.0834621787071228,-6.572995620013344e-08,0,1.0000001192092896
39.228999008992105,0.07553482800722122,-5.764130492358355e-08,0,1.0000001192092896
39.23904900873822,0.08193450421094894,-6.905002264412374e-08,0,1.0000001192092896
39.249099008484336,0.07612618803977966,-5.849229434140568e-08,0,1.0000001192092896
39.25914900823045,0.07757322490215302,-6.63658433763814e-08,0,1.0000001192092896
39.26919900797657,0.07856106758117676,-6.633309873604887e-08,0,1.0000001192092896
39.27924900772268,0.07043659687042236,-5.737349831336225e-08,0,1.0000001192092896
39.2892990074688,0.07684746384620667,-6.925637147103814e-08,0,1.0000001192092896
39.299349007214914,0.07171115279197693,-5.944982700567536e-08,0,1.0000001192092896
39.30939900696103,0.07205387204885483,-6.582909217733857e-08,0,1.0000001192092896
39.319449006707146,0.07365547120571136,-6.68859898023122e-08,0,1.0000001192092896
39.32949900645326,0.06536300480365753,-5.7188673935337775e-08,0,1.0000001192092896
39.339599006198114,0.07172446697950363,-6.935170493438392e-08,0,1.0000001192092896
39.34964900594423,0.06734764575958252,-6.044077738298625e-08,0,1.0000001192092896
39.359699005690345,0.06643372774124146,-6.505190136563144e-08,0,1.0000001192092896
39.36974900543646,0.06877676397562027,-6.749764636104771e-08,0,1.0000001192092896
39.379799005182576,0.06037229672074318,-5.708392439296439e-08,0,1.0000001192092896
39.38984900492869,0.06656365096569061,-6.952374093094349e-08,0,1.0000001192092896
39.39989900467481,0.06284749507904053,-6.143913156009262e-08,0,1.0000001192092896
39.40994900442092,0.060883019119501114,-6.455889295375883e-08,0,1.0000001192092896
39.41999900416704,0.06383533030748367,-6.817840042527834e-08,0,1.0000001192092896
39.430049003913155,0.055368147790431976,-5.724676982454824e-08,0,1.0000001192092896
39.44009900365927,0.06141389161348343,-6.973883970307071e-08,0,1.0000001192092896
39.450149003405386,0.05821966007351875,-6.24273827076749e-08,0,1.0000001192092896
39.4601990031515,0.05526958778500557,-6.400621699320652e-08,0,1.0000001192092896
39.47024900289762,0.05886925756931305,-6.887641151864798e-08,0,1.0000001192092896
39.48029900264373,0.050419993698596954,-5.7445721790561066e-08,0,1.0000001192092896
39.49034900238985,0.05625518783926964,-6.989831630166421e-08,0,1.0000001192092896
39.500399002135964,0.05358511209487915,-6.33586724752e-08,0,1.0000001192092896
39.51044900188208,0.049660637974739075,-6.333983337825089e-08,0,1.0000001192092896
39.520499001628195,0.053842708468437195,-6.935169799549001e-08,0,1.0000001192092896
39.53054900137431,0.04547184705734253,-5.754418469505751e-08,0,1.0000001192092896
39.54059900112043,0.05104047432541847,-6.984941791632338e-08,0,1.0000001192092896
39.55064900086654,0.048948321491479874,-6.419373366206571e-08,0,1.0000001192092896
39.56069900061266,0.044053930789232254,-6.258327189812007e-08,0,1.0000001192092896
39.570749000358774,0.04884751886129379,-6.973457922221371e-08,0,1.0000001192092896
39.58079900010489,0.040561776608228683,-5.764960384069262e-08,0,1.0000001192092896
39.590848999851005,0.0457899272441864,-6.977180638800817e-08,0,1.0000001192092896
39.60089899959712,0.04422416910529137,-6.505213034913027e-08,0,1.0000001192092896
39.61099899934197,0.03851006552577019,-6.191142043476816e-08,0,1.0000001192092896
39.62104899908809,0.043841131031513214,-7.01771210587232e-08,0,1.0000001192092896
39.631098998834204,0.035828664898872375,-5.796474411567942e-08,0,1.0000001192092896
39.64114899858032,0.04052817448973656,-6.955401532504624e-08,0,1.0000001192092896
39.651198998326436,0.03955377638339996,-6.582460965187664e-08,0,1.0000001192092896
39.66124899807255,0.03312722593545914,-6.11686187812488e-08,0,1.0000001192092896
39.67129899781867,0.03875633701682091,-7.042138400192854e-08,0,1.0000001192092896
39.68134899756478,0.031236669048666954,-5.839472655422284e-08,0,1.0000001192092896
39.6913989973109,0.03527090325951576,-6.938131319467189e-08,0,1.0000001192092896
39.701448997057014,0.0347803458571434,-6.654796852467726e-08,0,1.0000001192092896
39.71149899680313,0.027762437239289284,-6.068929386815469e-08,0,1.0000001192092896
39.721548996549245,0.033734265714883804,-7.076702418506997e-08,0,1.0000001192092896
39.73159899629536,0.026684999465942383,-5.913131789769821e-08,0,1.0000001192092896
39.74164899604148,0.03000691346824169,-6.933173479772847e-08,0,1.0000001192092896
39.75169899578759,0.029926272109150887,-6.735521862477611e-08,0,1.0000001192092896
39.76174899553371,0.02245812676846981,-6.029699656240339e-08,0,1.0000001192092896
39.77179899527982,0.0286942757666111,-7.10998829256404e-08,0,1.0000001192092896
39.78184899502594,0.022200528532266617,-5.988025353342863e-08,0,1.0000001192092896
39.791898994772055,0.02472948282957077,-6.914377403965943e-08,0,1.0000001192092896
39.80194899451817,0.025130441412329674,-6.805570690326945e-08,0,1.0000001192092896
39.811998994264286,0.01725909672677517,-5.999038765747144e-08,0,1.0000001192092896
39.8220489940104,0.023611726239323616,-7.138855478983075e-08,0,1.0000001192092896
39.83209899375652,0.017738455906510353,-6.077856273822846e-08,0,1.0000001192092896
39.84214899350263,0.019281813874840736,-6.87835552404259e-08,0,1.0000001192092896
39.85219899324875,0.020245011895895004,-6.867813262534384e-08,0,1.0000001192092896
39.862248992994864,0.012127266265451908,-5.976496381121521e-08,0,1.0000001192092896
39.87229899274098,0.01853589527308941,-7.163528797926588e-08,0,1.0000001192092896
39.88239899248583,0.013383840210735798,-6.179594336241934e-08,0,1.0000001192092896
39.89244899223195,0.013688542880117893,-6.810191299777557e-08,0,1.0000001192092896
39.902498991978064,0.015299101360142231,-6.923865647490146e-08,0,1.0000001192092896
39.91254899172418,0.007069355808198452,-5.9466868929103356e-08,0,1.0000001192092896
39.922598991470295,0.013404064811766148,-7.165120580188145e-08,0,1.0000001192092896
39.93264899121641,0.008977832272648811,-6.268487812155499e-08,0,1.0000001192092896
39.942698990962526,0.00816471315920353,-6.740569213903314e-08,0,1.0000001192092896
39.95274899070864,0.010436070151627064,-6.971035554359517e-08,0,1.0000001192092896
39.96279899045476,0.0020360853523015976,-5.928877527816567e-08,0,1.0000001192092896
39.97284899020087,0.008252074010670185,-7.168305532490038e-08,0,1.0000001192092896
39.98289898994699,0.004426160827279091,-6.347440628662326e-08,0,1.0000001192092896
39.992948989693105,0.0025378442369401455,-6.663006951734829e-08,0,1.0000001192092896
